"ID","Name","Description","Parent"
"aether_legacy:craft_altar","[Do you believe in magic?]","Craft an Altar","aether_legacy:enter_aether"
"aether_legacy:craft_incubator","[Now you're family]","Incubate a Moa","aether_legacy:enter_aether"
"aether_legacy:dethroned","[Dethroned]","Defeat the silver dungeon boss","aether_legacy:like_a_bossaru"
"aether_legacy:enter_aether","[Hostile Paradise]","Enter the Aether","-"
"aether_legacy:extinquished","[Extinguished]","Defeat the golden dungeon boss","aether_legacy:dethroned"
"aether_legacy:gravitite_tools","[Pink is the new blue]","Craft a Gravitite tool","aether_legacy:craft_altar"
"aether_legacy:like_a_bossaru","[Like a Bossaru!]","Defeat the bronze dungeon boss","aether_legacy:enter_aether"
"aether_legacy:loreception","[Lore-ception!]","Put a book of lore inside a book of lore.","aether_legacy:enter_aether"
"aether_legacy:mount_phyg","[When Phygs fly]","Fly on a Phyg","aether_legacy:to_infinity_and_beyond"
"aether_legacy:recipes/building_blocks/aerogel_slab","aether_legacy:recipes/building_blocks/aerogel_slab","<null>","minecraft:recipes/root"
"aether_legacy:recipes/building_blocks/aerogel_stairs","aether_legacy:recipes/building_blocks/aerogel_stairs","<null>","minecraft:recipes/root"
"aether_legacy:recipes/building_blocks/aerogel_wall","aether_legacy:recipes/building_blocks/aerogel_wall","<null>","minecraft:recipes/root"
"aether_legacy:recipes/building_blocks/angelic_slab","aether_legacy:recipes/building_blocks/angelic_slab","<null>","minecraft:recipes/root"
"aether_legacy:recipes/building_blocks/angelic_stairs","aether_legacy:recipes/building_blocks/angelic_stairs","<null>","minecraft:recipes/root"
"aether_legacy:recipes/building_blocks/angelic_wall","aether_legacy:recipes/building_blocks/angelic_wall","<null>","minecraft:recipes/root"
"aether_legacy:recipes/building_blocks/carved_slab","aether_legacy:recipes/building_blocks/carved_slab","<null>","minecraft:recipes/root"
"aether_legacy:recipes/building_blocks/carved_stairs","aether_legacy:recipes/building_blocks/carved_stairs","<null>","minecraft:recipes/root"
"aether_legacy:recipes/building_blocks/carved_wall","aether_legacy:recipes/building_blocks/carved_wall","<null>","minecraft:recipes/root"
"aether_legacy:recipes/building_blocks/hellfire_slab","aether_legacy:recipes/building_blocks/hellfire_slab","<null>","minecraft:recipes/root"
"aether_legacy:recipes/building_blocks/hellfire_stairs","aether_legacy:recipes/building_blocks/hellfire_stairs","<null>","minecraft:recipes/root"
"aether_legacy:recipes/building_blocks/hellfire_wall","aether_legacy:recipes/building_blocks/hellfire_wall","<null>","minecraft:recipes/root"
"aether_legacy:recipes/building_blocks/holystone_brick","aether_legacy:recipes/building_blocks/holystone_brick","<null>","minecraft:recipes/root"
"aether_legacy:recipes/building_blocks/holystone_brick_slab","aether_legacy:recipes/building_blocks/holystone_brick_slab","<null>","minecraft:recipes/root"
"aether_legacy:recipes/building_blocks/holystone_brick_stairs","aether_legacy:recipes/building_blocks/holystone_brick_stairs","<null>","minecraft:recipes/root"
"aether_legacy:recipes/building_blocks/holystone_brick_wall","aether_legacy:recipes/building_blocks/holystone_brick_wall","<null>","minecraft:recipes/root"
"aether_legacy:recipes/building_blocks/holystone_slab","aether_legacy:recipes/building_blocks/holystone_slab","<null>","minecraft:recipes/root"
"aether_legacy:recipes/building_blocks/holystone_stairs","aether_legacy:recipes/building_blocks/holystone_stairs","<null>","minecraft:recipes/root"
"aether_legacy:recipes/building_blocks/holystone_wall","aether_legacy:recipes/building_blocks/holystone_wall","<null>","minecraft:recipes/root"
"aether_legacy:recipes/building_blocks/mossy_holystone_slab","aether_legacy:recipes/building_blocks/mossy_holystone_slab","<null>","minecraft:recipes/root"
"aether_legacy:recipes/building_blocks/mossy_holystone_stairs","aether_legacy:recipes/building_blocks/mossy_holystone_stairs","<null>","minecraft:recipes/root"
"aether_legacy:recipes/building_blocks/mossy_holystone_wall","aether_legacy:recipes/building_blocks/mossy_holystone_wall","<null>","minecraft:recipes/root"
"aether_legacy:recipes/building_blocks/skyroot_bookshelf","aether_legacy:recipes/building_blocks/skyroot_bookshelf","<null>","minecraft:recipes/root"
"aether_legacy:recipes/building_blocks/skyroot_planks","aether_legacy:recipes/building_blocks/skyroot_planks","<null>","minecraft:recipes/root"
"aether_legacy:recipes/building_blocks/skyroot_slab","aether_legacy:recipes/building_blocks/skyroot_slab","<null>","minecraft:recipes/root"
"aether_legacy:recipes/building_blocks/skyroot_stairs","aether_legacy:recipes/building_blocks/skyroot_stairs","<null>","minecraft:recipes/root"
"aether_legacy:recipes/combat/diamond_gloves","aether_legacy:recipes/combat/diamond_gloves","<null>","minecraft:recipes/root"
"aether_legacy:recipes/combat/gold_gloves","aether_legacy:recipes/combat/gold_gloves","<null>","minecraft:recipes/root"
"aether_legacy:recipes/combat/golden_dart","aether_legacy:recipes/combat/golden_dart","<null>","minecraft:recipes/root"
"aether_legacy:recipes/combat/golden_dart_shooter","aether_legacy:recipes/combat/golden_dart_shooter","<null>","minecraft:recipes/root"
"aether_legacy:recipes/combat/gravitite_boots","aether_legacy:recipes/combat/gravitite_boots","<null>","minecraft:recipes/root"
"aether_legacy:recipes/combat/gravitite_chestplate","aether_legacy:recipes/combat/gravitite_chestplate","<null>","minecraft:recipes/root"
"aether_legacy:recipes/combat/gravitite_gloves","aether_legacy:recipes/combat/gravitite_gloves","<null>","minecraft:recipes/root"
"aether_legacy:recipes/combat/gravitite_helmet","aether_legacy:recipes/combat/gravitite_helmet","<null>","minecraft:recipes/root"
"aether_legacy:recipes/combat/gravitite_leggings","aether_legacy:recipes/combat/gravitite_leggings","<null>","minecraft:recipes/root"
"aether_legacy:recipes/combat/gravitite_sword","aether_legacy:recipes/combat/gravitite_sword","<null>","minecraft:recipes/root"
"aether_legacy:recipes/combat/holystone_sword","aether_legacy:recipes/combat/holystone_sword","<null>","minecraft:recipes/root"
"aether_legacy:recipes/combat/iron_gloves","aether_legacy:recipes/combat/iron_gloves","<null>","minecraft:recipes/root"
"aether_legacy:recipes/combat/leather_gloves","aether_legacy:recipes/combat/leather_gloves","<null>","minecraft:recipes/root"
"aether_legacy:recipes/combat/poison_dart","aether_legacy:recipes/combat/poison_dart","<null>","minecraft:recipes/root"
"aether_legacy:recipes/combat/poison_dart_shooter","aether_legacy:recipes/combat/poison_dart_shooter","<null>","minecraft:recipes/root"
"aether_legacy:recipes/combat/skyroot_sword","aether_legacy:recipes/combat/skyroot_sword","<null>","minecraft:recipes/root"
"aether_legacy:recipes/combat/zanite_boots","aether_legacy:recipes/combat/zanite_boots","<null>","minecraft:recipes/root"
"aether_legacy:recipes/combat/zanite_chestplate","aether_legacy:recipes/combat/zanite_chestplate","<null>","minecraft:recipes/root"
"aether_legacy:recipes/combat/zanite_gloves","aether_legacy:recipes/combat/zanite_gloves","<null>","minecraft:recipes/root"
"aether_legacy:recipes/combat/zanite_helmet","aether_legacy:recipes/combat/zanite_helmet","<null>","minecraft:recipes/root"
"aether_legacy:recipes/combat/zanite_leggings","aether_legacy:recipes/combat/zanite_leggings","<null>","minecraft:recipes/root"
"aether_legacy:recipes/combat/zanite_sword","aether_legacy:recipes/combat/zanite_sword","<null>","minecraft:recipes/root"
"aether_legacy:recipes/decorations/ambrosium_torch","aether_legacy:recipes/decorations/ambrosium_torch","<null>","minecraft:recipes/root"
"aether_legacy:recipes/decorations/enchanter","aether_legacy:recipes/decorations/enchanter","<null>","minecraft:recipes/root"
"aether_legacy:recipes/decorations/freezer","aether_legacy:recipes/decorations/freezer","<null>","minecraft:recipes/root"
"aether_legacy:recipes/decorations/incubator","aether_legacy:recipes/decorations/incubator","<null>","minecraft:recipes/root"
"aether_legacy:recipes/decorations/skyroot_bed","aether_legacy:recipes/decorations/skyroot_bed","<null>","minecraft:recipes/root"
"aether_legacy:recipes/decorations/skyroot_fence","aether_legacy:recipes/decorations/skyroot_fence","<null>","minecraft:recipes/root"
"aether_legacy:recipes/decorations/skyroot_fence_gate","aether_legacy:recipes/decorations/skyroot_fence_gate","<null>","minecraft:recipes/root"
"aether_legacy:recipes/misc/blue_cape","aether_legacy:recipes/misc/blue_cape","<null>","minecraft:recipes/root"
"aether_legacy:recipes/misc/book_of_lore","aether_legacy:recipes/misc/book_of_lore","<null>","minecraft:recipes/root"
"aether_legacy:recipes/misc/cold_parachute","aether_legacy:recipes/misc/cold_parachute","<null>","minecraft:recipes/root"
"aether_legacy:recipes/misc/gold_parachute","aether_legacy:recipes/misc/gold_parachute","<null>","minecraft:recipes/root"
"aether_legacy:recipes/misc/gray_dye_flower","aether_legacy:recipes/misc/gray_dye_flower","<null>","minecraft:recipes/root"
"aether_legacy:recipes/misc/purple_dye_flower","aether_legacy:recipes/misc/purple_dye_flower","<null>","minecraft:recipes/root"
"aether_legacy:recipes/misc/red_cape","aether_legacy:recipes/misc/red_cape","<null>","minecraft:recipes/root"
"aether_legacy:recipes/misc/saddle","aether_legacy:recipes/misc/saddle","<null>","minecraft:recipes/root"
"aether_legacy:recipes/misc/skyroot_stick","aether_legacy:recipes/misc/skyroot_stick","<null>","minecraft:recipes/root"
"aether_legacy:recipes/misc/white_cape","aether_legacy:recipes/misc/white_cape","<null>","minecraft:recipes/root"
"aether_legacy:recipes/misc/yellow_cape","aether_legacy:recipes/misc/yellow_cape","<null>","minecraft:recipes/root"
"aether_legacy:recipes/misc/zanite_from_block","aether_legacy:recipes/misc/zanite_from_block","<null>","minecraft:recipes/root"
"aether_legacy:recipes/tools/gold_pendant","aether_legacy:recipes/tools/gold_pendant","<null>","minecraft:recipes/root"
"aether_legacy:recipes/tools/gold_ring","aether_legacy:recipes/tools/gold_ring","<null>","minecraft:recipes/root"
"aether_legacy:recipes/tools/gravitite_axe","aether_legacy:recipes/tools/gravitite_axe","<null>","minecraft:recipes/root"
"aether_legacy:recipes/tools/gravitite_pickaxe","aether_legacy:recipes/tools/gravitite_pickaxe","<null>","minecraft:recipes/root"
"aether_legacy:recipes/tools/gravitite_shovel","aether_legacy:recipes/tools/gravitite_shovel","<null>","minecraft:recipes/root"
"aether_legacy:recipes/tools/holystone_axe","aether_legacy:recipes/tools/holystone_axe","<null>","minecraft:recipes/root"
"aether_legacy:recipes/tools/holystone_pickaxe","aether_legacy:recipes/tools/holystone_pickaxe","<null>","minecraft:recipes/root"
"aether_legacy:recipes/tools/holystone_shovel","aether_legacy:recipes/tools/holystone_shovel","<null>","minecraft:recipes/root"
"aether_legacy:recipes/tools/iron_pendant","aether_legacy:recipes/tools/iron_pendant","<null>","minecraft:recipes/root"
"aether_legacy:recipes/tools/iron_ring","aether_legacy:recipes/tools/iron_ring","<null>","minecraft:recipes/root"
"aether_legacy:recipes/tools/skyroot_axe","aether_legacy:recipes/tools/skyroot_axe","<null>","minecraft:recipes/root"
"aether_legacy:recipes/tools/skyroot_pickaxe","aether_legacy:recipes/tools/skyroot_pickaxe","<null>","minecraft:recipes/root"
"aether_legacy:recipes/tools/skyroot_shovel","aether_legacy:recipes/tools/skyroot_shovel","<null>","minecraft:recipes/root"
"aether_legacy:recipes/tools/zanite_axe","aether_legacy:recipes/tools/zanite_axe","<null>","minecraft:recipes/root"
"aether_legacy:recipes/tools/zanite_pendant","aether_legacy:recipes/tools/zanite_pendant","<null>","minecraft:recipes/root"
"aether_legacy:recipes/tools/zanite_pickaxe","aether_legacy:recipes/tools/zanite_pickaxe","<null>","minecraft:recipes/root"
"aether_legacy:recipes/tools/zanite_ring","aether_legacy:recipes/tools/zanite_ring","<null>","minecraft:recipes/root"
"aether_legacy:recipes/tools/zanite_shovel","aether_legacy:recipes/tools/zanite_shovel","<null>","minecraft:recipes/root"
"aether_legacy:to_infinity_and_beyond","[To infinity and beyond!]","Bounce on a Blue Aercloud","aether_legacy:enter_aether"
"ancientbeasts:create_bestiary","[Knowledge is Power]","Craft a Bestiarium","ancientbeasts:root"
"ancientbeasts:get_undead_necklace","[Eternal Life?]","Obtain an undead necklace","ancientbeasts:kill_nekros"
"ancientbeasts:kill_bonepile","[Get over here!]","Kill a Bonepile","ancientbeasts:root"
"ancientbeasts:kill_boulderer","[Danger from below]","Kill a bouldering zombie","ancientbeasts:root"
"ancientbeasts:kill_damcell","[Daughter of slaughter]","Destroy a damcell","ancientbeasts:root"
"ancientbeasts:kill_frostashfox","[You... monster]","Kill an innocent frostash fox","ancientbeasts:tame_frostashfox"
"ancientbeasts:kill_frostwalker","[Snowgrave]","Kill a Frostwalker","ancientbeasts:root"
"ancientbeasts:kill_ghost","[Exorcism]","Defeat a ghost","ancientbeasts:root"
"ancientbeasts:kill_giant","[The harder they fall]","Slay a giant","ancientbeasts:root"
"ancientbeasts:kill_mosquito","[Pest Control]","Kill a Needlewing","ancientbeasts:root"
"ancientbeasts:kill_nekros","[Memento Mori]","Kill a Nekros","ancientbeasts:root"
"ancientbeasts:kill_netherhound","[Soul Fetcher]","Kill a netherhound","ancientbeasts:root"
"ancientbeasts:kill_rifted_enderman","[Opposite day!]","Kill a Rifted Enderman","ancientbeasts:root"
"ancientbeasts:kill_sandmonster","[Desert of Madness]","Slay a sandmonster","ancientbeasts:root"
"ancientbeasts:kill_succubus","[It's Definitively You]","Kill a Succubus","ancientbeasts:succubus_friend"
"ancientbeasts:kill_vessel","[No strings attached]","Someone forgot to wind the music box","ancientbeasts:root"
"ancientbeasts:kill_zealot","[Light 'em up]","Kill a zealot","ancientbeasts:root"
"ancientbeasts:owlstack_interact","[Owl-stacked!]","Let an Owlstack ride on top of your head","ancientbeasts:root"
"ancientbeasts:return_soul","[Who's Who?]","Catch your soul","ancientbeasts:get_undead_necklace"
"ancientbeasts:root","[Beast Slayer]","New threats and friends appear in your world","-"
"ancientbeasts:succubus_bed","[Like one of your french girls]","Guess that is her bed now","ancientbeasts:succubus_friend"
"ancientbeasts:succubus_blood","[Bloodletting]","Make a Succubus lend you some powers in an unusual manner","ancientbeasts:succubus_friend"
"ancientbeasts:succubus_friend","[Red Flags]","Get bound to a Succubus","ancientbeasts:root"
"ancientbeasts:tame_frostashfox","[Cold and Sharp]","Meet an icy friend","ancientbeasts:root"
"ancientbeasts:tame_lilv","[Make them ring]","Become a puppeteer","ancientbeasts:kill_vessel"
"ancientbeasts:tame_netherhound","[Who's a bad boy?]","Tame a netherhound","ancientbeasts:kill_netherhound"
"ancientbeasts:tame_sandmonster","[Yandere]","She's jealous!","ancientbeasts:kill_sandmonster"
"ancientspellcraft:ancient_book","[Lost Knowledge]","Craft an Ancient Spell Book at the Scribing Table","ancientspellcraft:scribing_desk"
"ancientspellcraft:battlemage_camp","[Who's camping here?]","Discover a Battlemage Camp in the wilderness","ebwizardry:arcane_initiate"
"ancientspellcraft:crystal_shards","[Shiny Stones]","Mine an elemental crystal shard","ancientspellcraft:root"
"ancientspellcraft:grand_stone_tablet","[50 Pounds Of Pure Knowledge]","Find a Grand Stone Tablet","ancientspellcraft:relics"
"ancientspellcraft:novice_spellblade","[Stick With The Pointy End]","Forge your first Spell Blade","ancientspellcraft:relics"
"ancientspellcraft:relic_research","[Lithic Literature]","Research a Stone Tablet with the Sphere of Cognizance","ancientspellcraft:sphere_of_cognizance"
"ancientspellcraft:relics","[More Archaeology!]","Find a stone tablet","ancientspellcraft:root"
"ancientspellcraft:root","[Ancient Spellcraft]","A new chapter in the wizard's journey","-"
"ancientspellcraft:scribing_desk","[Bring Your Own Chair]","Create a spell Scribing Desk","ancientspellcraft:relics"
"ancientspellcraft:sphere_of_cognizance","[A Look Into The Unknown]","Create a Sphere of Cognizance","ancientspellcraft:root"
"arcaneapprentices:apprentice_artefact_use","[Artificial Apparition]","You've entrusted your apprentice with their very first magical artifact, opening the door to greater power.","arcaneapprentices:take_apprentice"
"arcaneapprentices:apprentice_go_on_journey","[An Epic Quest]","Your apprentice embarks on their first journey, adventure awaits!","arcaneapprentices:take_apprentice"
"arcaneapprentices:apprentice_learn_max_spell","[Archmage]","Your apprentice fills all of his spell slots.","arcaneapprentices:apprentice_learn_spell"
"arcaneapprentices:apprentice_learn_spell","[Spellbook Scholar]","Celebrate the moment when your apprentice learns their first spell from a spell book, marking the beginning of their magical journey.","arcaneapprentices:take_apprentice"
"arcaneapprentices:apprentice_levels_up","[Apprentice Ascendant]","Your apprentice has leveled up for the first time, showing promising growth in their magical abilities.","arcaneapprentices:take_apprentice"
"arcaneapprentices:apprentice_max_level","[Masterful Mentor]","Your apprentice has reached the pinnacle of magical prowess, becoming a true master of the arcane arts.","arcaneapprentices:apprentice_levels_up"
"arcaneapprentices:apprentice_returns_from_journey","[Homeward Bound]","Your apprentice returns from their first journey, brimming with tales of adventure and newfound magical insights.","arcaneapprentices:apprentice_go_on_journey"
"arcaneapprentices:root","[Apprentice Arcana]","A wizard's journey to becoming a master","-"
"arcaneapprentices:take_apprentice","[The Wizard's Apprentice]","First step taken towards building a mystical alliance by taking a very first wizard apprentice.","arcaneapprentices:root"
"astikorcarts:recipes/cargocart","astikorcarts:recipes/cargocart","<null>","-"
"astikorcarts:recipes/mobcart","astikorcarts:recipes/mobcart","<null>","-"
"astikorcarts:recipes/plowcart","astikorcarts:recipes/plowcart","<null>","-"
"astikorcarts:recipes/wheel","astikorcarts:recipes/wheel","<null>","-"
"betteranimalsplus:animal_head_all","[Really Big Game Hunter]","Collect each variant of each animal head
... are you okay? You have like 21 animal heads on your wall..","betteranimalsplus:animal_head_variants"
"betteranimalsplus:animal_head_first","[Taxidermist]","Get your first animal head
That's... kind of creepy.","betteranimalsplus:root"
"betteranimalsplus:animal_head_variants","[Big Game Hunter]","Collect at least one variant of each animal head
You could put these in your log cabin!","betteranimalsplus:animal_head_first"
"betteranimalsplus:badger_attack","[Get Badgered]","Get dirt thrown at you by a Badger
Honey badger don't care!","betteranimalsplus:root"
"betteranimalsplus:bear_killed_player","[Unbearable Death Now]","Get killed by a bear
Not so macho, but I'm sure you're working on it!","betteranimalsplus:bear_punch"
"betteranimalsplus:bear_punch","[Unbearable Death Soon]","Punch a bear
What have you done?","betteranimalsplus:root"
"betteranimalsplus:bear_punch_death","[More Macho than Putin]","Punch a bear... to death!
He only rides them, you kill them! With your fists!","betteranimalsplus:bear_punch"
"betteranimalsplus:befriend_goat","[Thx 4 da food]","Feed a goat, and then have it fight for you!
pls give more food, i impaled zombs 4 u","betteranimalsplus:goat_killed_player"
"betteranimalsplus:boar_killed_player","[Porkchopped]","Get impaled by a wild boar
Bacon has had its revenge.","betteranimalsplus:root"
"betteranimalsplus:crab_disk_retrieved","[Getting Crabby]","Craft the secret crab rave disk
Now we have to play it! Quick, get the crabs and a jukebox!","betteranimalsplus:root"
"betteranimalsplus:crab_disk_used","[Crab Rave]","Play the secret crab rave disk
DODOD DODODOOO DOOOOD DODDOOODODODOODDOO","betteranimalsplus:crab_disk_retrieved"
"betteranimalsplus:goat_killed_player","[Caprus Impalus]","Get impaled by an angry goat
A goat? Really?","betteranimalsplus:root"
"betteranimalsplus:hand_of_fate_summon","[Evil Ritual]","Use the Hand Of Fate to spawn the Hirschgeist
You have pleased Manos, and he rewards you with a ghost deer. Congratulations.

Growth of soulsand and the remains of the deer, combined with fire, and a hand of fear, will summon the Hirschgeist- from its world to here.","betteranimalsplus:root"
"betteranimalsplus:hirschgeist_killed_by_player","[Even Deader?]","Succeed in your battle against the deer god
You had a bone to pick- and you won! Congratulations.","betteranimalsplus:hand_of_fate_summon"
"betteranimalsplus:hirschgeist_killed_player","[Lord of the Woods]","Be killed by the deer god
I mean, what were you thinking would happen?!?!","betteranimalsplus:hand_of_fate_summon"
"betteranimalsplus:jellyfish_killed","[Death to Danger Cube]","Take revenge on that awful jellyfish!
Despite your mother's warnings, your dumb persistence has paid off","betteranimalsplus:jellyfish_sting"
"betteranimalsplus:jellyfish_sting","[Unfriendly Cube]","Get stung by a jellyfish
You should've listened to mom, don't touch the jellyfish! Also, no, PLEASE don't pee on the sting!","betteranimalsplus:root"
"betteranimalsplus:lamprey_succ","[Unpleasant Sucking]","Get too close to a lamprey
Oh my god! What is that!?!?","betteranimalsplus:root"
"betteranimalsplus:ride_reindeer","[Strange Steed]","Ride a reindeer
That's a pretty odd horse...","betteranimalsplus:root"
"betteranimalsplus:root","[Better Animals Plus]","Start the game with Better Animals Plus installed","-"
"betteranimalsplus:shark_target_player","[Jaws]","Get targeted by a shark
Da-dun.... Da-dun...","betteranimalsplus:root"
"betteranimalsplus:squirrel_kill_100","[Chronic Abuser]","Kill 100 squirrels
I know this is an advancement, but you really don't have to get all of the advancements. Please stop.","betteranimalsplus:root"
"betteranimalsplus:tame_feral_wolf","[Taming the Untameable]","Tame a Feral Wolf
I mean, it's in the name! How?!?","betteranimalsplus:hirschgeist_killed_by_player"
"betteranimalsplus:tame_fox","[Better Than 1.14!]","Tame a Fox
I mean, it LOOKS better. In the words of Ulandos, the new ones look like a: ""Retarded Squirrel"" [am I allowed to say that? it's a quote, I didn't say it!]
https://www.youtube.com/watch?v=mcBE2z_8Zus","betteranimalsplus:root"
"betteranimalsplus:tame_lammergeier","[One Who Breaks Bones]","Tame a Lammergeier
And anyone who stands in your way!","betteranimalsplus:root"
"betteranimalsplus:ultimate_succening","[The Ultimate Succening]","Get succed by a Lamprey, a bobbit worm, and a zotzpyre
I don't think I have any blood left to succ...","betteranimalsplus:lamprey_succ"
"betteranimalsplus:walrus_disk_retrieved","[Goo Goo G'joob]","Feed the walrus a fried egg
Looks like it's time to get a jukebox...","betteranimalsplus:root"
"betteranimalsplus:walrus_disk_used","[I am the Walrus]","Play the secret walrus disk
Sittin on a corn flake...","betteranimalsplus:walrus_disk_retrieved"
"betteranimalsplus:wear_cape_and_skull","[Dark Druid]","Get any wolf cape and the wearable hirschgeist skull
All hail the deer god!","betteranimalsplus:hirschgeist_killed_by_player"
"biomesoplenty:biomesoplenty/all_biomes","[Wanderer]","Discover every biome in Biomes O' Plenty","biomesoplenty:biomesoplenty/terrestrial_artifact"
"biomesoplenty:biomesoplenty/flesh_and_blood","[Flesh and Blood]","Harvest flesh from the Visceral Heap","biomesoplenty:biomesoplenty/root"
"biomesoplenty:biomesoplenty/honey_hell","[Honey Hell]","Steal some sweet honey from a Nether Wasp hive","biomesoplenty:biomesoplenty/flesh_and_blood"
"biomesoplenty:biomesoplenty/miners_delight","[Life Finds a Way]","Find a miner's delight flower deep in a cave","biomesoplenty:biomesoplenty/root"
"biomesoplenty:biomesoplenty/root","[Biomes O' Plenty]","The explorer's dream...","-"
"biomesoplenty:biomesoplenty/sacred_oak_sapling","[Yggdrasil]","Plant a mighty Sacred Oak sapling","biomesoplenty:biomesoplenty/miners_delight"
"biomesoplenty:biomesoplenty/terrestrial_artifact","[By Your Powers Combined]","Find one of each biome-exclusive gem","biomesoplenty:biomesoplenty/root"
"biomesoplenty:biomesoplenty/yin_and_yang","[Yin and Yang]","Plant a glowflower in the Ominous Woods, and a deathbloom in the Mystic Grove","biomesoplenty:biomesoplenty/sacred_oak_sapling"
"biomesoplenty:recipes/buildingblocks/amber_block","biomesoplenty:recipes/buildingblocks/amber_block","<null>","-"
"biomesoplenty:recipes/buildingblocks/amethyst_block","biomesoplenty:recipes/buildingblocks/amethyst_block","<null>","-"
"biomesoplenty:recipes/buildingblocks/ash_block","biomesoplenty:recipes/buildingblocks/ash_block","<null>","-"
"biomesoplenty:recipes/buildingblocks/bamboo_thatching","biomesoplenty:recipes/buildingblocks/bamboo_thatching","<null>","-"
"biomesoplenty:recipes/buildingblocks/celestial_crystal","biomesoplenty:recipes/buildingblocks/celestial_crystal","<null>","-"
"biomesoplenty:recipes/buildingblocks/cherry_planks","biomesoplenty:recipes/buildingblocks/cherry_planks","<null>","-"
"biomesoplenty:recipes/buildingblocks/cherry_stairs","biomesoplenty:recipes/buildingblocks/cherry_stairs","<null>","-"
"biomesoplenty:recipes/buildingblocks/cherry_wooden_slab","biomesoplenty:recipes/buildingblocks/cherry_wooden_slab","<null>","-"
"biomesoplenty:recipes/buildingblocks/chiseled_white_sandstone","biomesoplenty:recipes/buildingblocks/chiseled_white_sandstone","<null>","-"
"biomesoplenty:recipes/buildingblocks/coarse_loamy_dirt","biomesoplenty:recipes/buildingblocks/coarse_loamy_dirt","<null>","-"
"biomesoplenty:recipes/buildingblocks/coarse_sandy_dirt","biomesoplenty:recipes/buildingblocks/coarse_sandy_dirt","<null>","-"
"biomesoplenty:recipes/buildingblocks/coarse_silty_dirt","biomesoplenty:recipes/buildingblocks/coarse_silty_dirt","<null>","-"
"biomesoplenty:recipes/buildingblocks/ebony_planks","biomesoplenty:recipes/buildingblocks/ebony_planks","<null>","-"
"biomesoplenty:recipes/buildingblocks/ebony_stairs","biomesoplenty:recipes/buildingblocks/ebony_stairs","<null>","-"
"biomesoplenty:recipes/buildingblocks/ebony_wooden_slab","biomesoplenty:recipes/buildingblocks/ebony_wooden_slab","<null>","-"
"biomesoplenty:recipes/buildingblocks/ethereal_planks","biomesoplenty:recipes/buildingblocks/ethereal_planks","<null>","-"
"biomesoplenty:recipes/buildingblocks/ethereal_stairs","biomesoplenty:recipes/buildingblocks/ethereal_stairs","<null>","-"
"biomesoplenty:recipes/buildingblocks/ethereal_wooden_slab","biomesoplenty:recipes/buildingblocks/ethereal_wooden_slab","<null>","-"
"biomesoplenty:recipes/buildingblocks/eucalyptus_planks","biomesoplenty:recipes/buildingblocks/eucalyptus_planks","<null>","-"
"biomesoplenty:recipes/buildingblocks/eucalyptus_stairs","biomesoplenty:recipes/buildingblocks/eucalyptus_stairs","<null>","-"
"biomesoplenty:recipes/buildingblocks/eucalyptus_wooden_slab","biomesoplenty:recipes/buildingblocks/eucalyptus_wooden_slab","<null>","-"
"biomesoplenty:recipes/buildingblocks/filled_honeycomb_block","biomesoplenty:recipes/buildingblocks/filled_honeycomb_block","<null>","-"
"biomesoplenty:recipes/buildingblocks/fir_planks","biomesoplenty:recipes/buildingblocks/fir_planks","<null>","-"
"biomesoplenty:recipes/buildingblocks/fir_stairs","biomesoplenty:recipes/buildingblocks/fir_stairs","<null>","-"
"biomesoplenty:recipes/buildingblocks/fir_wooden_slab","biomesoplenty:recipes/buildingblocks/fir_wooden_slab","<null>","-"
"biomesoplenty:recipes/buildingblocks/flesh_block","biomesoplenty:recipes/buildingblocks/flesh_block","<null>","-"
"biomesoplenty:recipes/buildingblocks/hellbark_planks","biomesoplenty:recipes/buildingblocks/hellbark_planks","<null>","-"
"biomesoplenty:recipes/buildingblocks/hellbark_stairs","biomesoplenty:recipes/buildingblocks/hellbark_stairs","<null>","-"
"biomesoplenty:recipes/buildingblocks/hellbark_wooden_slab","biomesoplenty:recipes/buildingblocks/hellbark_wooden_slab","<null>","-"
"biomesoplenty:recipes/buildingblocks/honeycomb_block","biomesoplenty:recipes/buildingblocks/honeycomb_block","<null>","-"
"biomesoplenty:recipes/buildingblocks/jacaranda_planks","biomesoplenty:recipes/buildingblocks/jacaranda_planks","<null>","-"
"biomesoplenty:recipes/buildingblocks/jacaranda_stairs","biomesoplenty:recipes/buildingblocks/jacaranda_stairs","<null>","-"
"biomesoplenty:recipes/buildingblocks/jacaranda_wooden_slab","biomesoplenty:recipes/buildingblocks/jacaranda_wooden_slab","<null>","-"
"biomesoplenty:recipes/buildingblocks/magic_planks","biomesoplenty:recipes/buildingblocks/magic_planks","<null>","-"
"biomesoplenty:recipes/buildingblocks/magic_stairs","biomesoplenty:recipes/buildingblocks/magic_stairs","<null>","-"
"biomesoplenty:recipes/buildingblocks/magic_wooden_slab","biomesoplenty:recipes/buildingblocks/magic_wooden_slab","<null>","-"
"biomesoplenty:recipes/buildingblocks/mahogany_planks","biomesoplenty:recipes/buildingblocks/mahogany_planks","<null>","-"
"biomesoplenty:recipes/buildingblocks/mahogany_stairs","biomesoplenty:recipes/buildingblocks/mahogany_stairs","<null>","-"
"biomesoplenty:recipes/buildingblocks/mahogany_wooden_slab","biomesoplenty:recipes/buildingblocks/mahogany_wooden_slab","<null>","-"
"biomesoplenty:recipes/buildingblocks/malachite_block","biomesoplenty:recipes/buildingblocks/malachite_block","<null>","-"
"biomesoplenty:recipes/buildingblocks/mangrove_planks","biomesoplenty:recipes/buildingblocks/mangrove_planks","<null>","-"
"biomesoplenty:recipes/buildingblocks/mangrove_stairs","biomesoplenty:recipes/buildingblocks/mangrove_stairs","<null>","-"
"biomesoplenty:recipes/buildingblocks/mangrove_wooden_slab","biomesoplenty:recipes/buildingblocks/mangrove_wooden_slab","<null>","-"
"biomesoplenty:recipes/buildingblocks/mud","biomesoplenty:recipes/buildingblocks/mud","<null>","-"
"biomesoplenty:recipes/buildingblocks/mud_bricks","biomesoplenty:recipes/buildingblocks/mud_bricks","<null>","-"
"biomesoplenty:recipes/buildingblocks/mud_bricks_slab","biomesoplenty:recipes/buildingblocks/mud_bricks_slab","<null>","-"
"biomesoplenty:recipes/buildingblocks/mud_bricks_stairs","biomesoplenty:recipes/buildingblocks/mud_bricks_stairs","<null>","-"
"biomesoplenty:recipes/buildingblocks/palm_planks","biomesoplenty:recipes/buildingblocks/palm_planks","<null>","-"
"biomesoplenty:recipes/buildingblocks/palm_stairs","biomesoplenty:recipes/buildingblocks/palm_stairs","<null>","-"
"biomesoplenty:recipes/buildingblocks/palm_wooden_slab","biomesoplenty:recipes/buildingblocks/palm_wooden_slab","<null>","-"
"biomesoplenty:recipes/buildingblocks/peridot_block","biomesoplenty:recipes/buildingblocks/peridot_block","<null>","-"
"biomesoplenty:recipes/buildingblocks/pine_planks","biomesoplenty:recipes/buildingblocks/pine_planks","<null>","-"
"biomesoplenty:recipes/buildingblocks/pine_stairs","biomesoplenty:recipes/buildingblocks/pine_stairs","<null>","-"
"biomesoplenty:recipes/buildingblocks/pine_wooden_slab","biomesoplenty:recipes/buildingblocks/pine_wooden_slab","<null>","-"
"biomesoplenty:recipes/buildingblocks/redwood_planks","biomesoplenty:recipes/buildingblocks/redwood_planks","<null>","-"
"biomesoplenty:recipes/buildingblocks/redwood_stairs","biomesoplenty:recipes/buildingblocks/redwood_stairs","<null>","-"
"biomesoplenty:recipes/buildingblocks/redwood_wooden_slab","biomesoplenty:recipes/buildingblocks/redwood_wooden_slab","<null>","-"
"biomesoplenty:recipes/buildingblocks/ruby_block","biomesoplenty:recipes/buildingblocks/ruby_block","<null>","-"
"biomesoplenty:recipes/buildingblocks/sacred_oak_planks","biomesoplenty:recipes/buildingblocks/sacred_oak_planks","<null>","-"
"biomesoplenty:recipes/buildingblocks/sacred_oak_stairs","biomesoplenty:recipes/buildingblocks/sacred_oak_stairs","<null>","-"
"biomesoplenty:recipes/buildingblocks/sacred_oak_wooden_slab","biomesoplenty:recipes/buildingblocks/sacred_oak_wooden_slab","<null>","-"
"biomesoplenty:recipes/buildingblocks/sapphire_block","biomesoplenty:recipes/buildingblocks/sapphire_block","<null>","-"
"biomesoplenty:recipes/buildingblocks/smooth_white_sandstone","biomesoplenty:recipes/buildingblocks/smooth_white_sandstone","<null>","-"
"biomesoplenty:recipes/buildingblocks/tanzanite_block","biomesoplenty:recipes/buildingblocks/tanzanite_block","<null>","-"
"biomesoplenty:recipes/buildingblocks/topaz_block","biomesoplenty:recipes/buildingblocks/topaz_block","<null>","-"
"biomesoplenty:recipes/buildingblocks/umbran_planks","biomesoplenty:recipes/buildingblocks/umbran_planks","<null>","-"
"biomesoplenty:recipes/buildingblocks/umbran_stairs","biomesoplenty:recipes/buildingblocks/umbran_stairs","<null>","-"
"biomesoplenty:recipes/buildingblocks/umbran_wooden_slab","biomesoplenty:recipes/buildingblocks/umbran_wooden_slab","<null>","-"
"biomesoplenty:recipes/buildingblocks/white_sandstone","biomesoplenty:recipes/buildingblocks/white_sandstone","<null>","-"
"biomesoplenty:recipes/buildingblocks/white_sandstone_slab","biomesoplenty:recipes/buildingblocks/white_sandstone_slab","<null>","-"
"biomesoplenty:recipes/buildingblocks/white_sandstone_stairs","biomesoplenty:recipes/buildingblocks/white_sandstone_stairs","<null>","-"
"biomesoplenty:recipes/buildingblocks/white_wool_from_cattails","biomesoplenty:recipes/buildingblocks/white_wool_from_cattails","<null>","-"
"biomesoplenty:recipes/buildingblocks/willow_planks","biomesoplenty:recipes/buildingblocks/willow_planks","<null>","-"
"biomesoplenty:recipes/buildingblocks/willow_stairs","biomesoplenty:recipes/buildingblocks/willow_stairs","<null>","-"
"biomesoplenty:recipes/buildingblocks/willow_wooden_slab","biomesoplenty:recipes/buildingblocks/willow_wooden_slab","<null>","-"
"biomesoplenty:recipes/decorations/bamboo_terrarium","biomesoplenty:recipes/decorations/bamboo_terrarium","<null>","-"
"biomesoplenty:recipes/decorations/beach_terrarium","biomesoplenty:recipes/decorations/beach_terrarium","<null>","-"
"biomesoplenty:recipes/decorations/cactus_terrarium","biomesoplenty:recipes/decorations/cactus_terrarium","<null>","-"
"biomesoplenty:recipes/decorations/cherry_fence","biomesoplenty:recipes/decorations/cherry_fence","<null>","-"
"biomesoplenty:recipes/decorations/crafting_table_from_bop_wood","biomesoplenty:recipes/decorations/crafting_table_from_bop_wood","<null>","-"
"biomesoplenty:recipes/decorations/dead_terrarium","biomesoplenty:recipes/decorations/dead_terrarium","<null>","-"
"biomesoplenty:recipes/decorations/ebony_fence","biomesoplenty:recipes/decorations/ebony_fence","<null>","-"
"biomesoplenty:recipes/decorations/ender_terrarium","biomesoplenty:recipes/decorations/ender_terrarium","<null>","-"
"biomesoplenty:recipes/decorations/ethereal_fence","biomesoplenty:recipes/decorations/ethereal_fence","<null>","-"
"biomesoplenty:recipes/decorations/eucalyptus_fence","biomesoplenty:recipes/decorations/eucalyptus_fence","<null>","-"
"biomesoplenty:recipes/decorations/fern_terrarium","biomesoplenty:recipes/decorations/fern_terrarium","<null>","-"
"biomesoplenty:recipes/decorations/fir_fence","biomesoplenty:recipes/decorations/fir_fence","<null>","-"
"biomesoplenty:recipes/decorations/flower_terrarium","biomesoplenty:recipes/decorations/flower_terrarium","<null>","-"
"biomesoplenty:recipes/decorations/glowshroom_terrarium","biomesoplenty:recipes/decorations/glowshroom_terrarium","<null>","-"
"biomesoplenty:recipes/decorations/hellbark_fence","biomesoplenty:recipes/decorations/hellbark_fence","<null>","-"
"biomesoplenty:recipes/decorations/jacaranda_fence","biomesoplenty:recipes/decorations/jacaranda_fence","<null>","-"
"biomesoplenty:recipes/decorations/koru_terrarium","biomesoplenty:recipes/decorations/koru_terrarium","<null>","-"
"biomesoplenty:recipes/decorations/magic_fence","biomesoplenty:recipes/decorations/magic_fence","<null>","-"
"biomesoplenty:recipes/decorations/mahogany_fence","biomesoplenty:recipes/decorations/mahogany_fence","<null>","-"
"biomesoplenty:recipes/decorations/mangrove_fence","biomesoplenty:recipes/decorations/mangrove_fence","<null>","-"
"biomesoplenty:recipes/decorations/mushroom_terrarium","biomesoplenty:recipes/decorations/mushroom_terrarium","<null>","-"
"biomesoplenty:recipes/decorations/mystic_terrarium","biomesoplenty:recipes/decorations/mystic_terrarium","<null>","-"
"biomesoplenty:recipes/decorations/nether_terrarium","biomesoplenty:recipes/decorations/nether_terrarium","<null>","-"
"biomesoplenty:recipes/decorations/ominous_terrarium","biomesoplenty:recipes/decorations/ominous_terrarium","<null>","-"
"biomesoplenty:recipes/decorations/origin_terrarium","biomesoplenty:recipes/decorations/origin_terrarium","<null>","-"
"biomesoplenty:recipes/decorations/palm_fence","biomesoplenty:recipes/decorations/palm_fence","<null>","-"
"biomesoplenty:recipes/decorations/pine_fence","biomesoplenty:recipes/decorations/pine_fence","<null>","-"
"biomesoplenty:recipes/decorations/redwood_fence","biomesoplenty:recipes/decorations/redwood_fence","<null>","-"
"biomesoplenty:recipes/decorations/sacred_oak_fence","biomesoplenty:recipes/decorations/sacred_oak_fence","<null>","-"
"biomesoplenty:recipes/decorations/sign_from_bop_wood","biomesoplenty:recipes/decorations/sign_from_bop_wood","<null>","-"
"biomesoplenty:recipes/decorations/umbran_fence","biomesoplenty:recipes/decorations/umbran_fence","<null>","-"
"biomesoplenty:recipes/decorations/wasteland_terrarium","biomesoplenty:recipes/decorations/wasteland_terrarium","<null>","-"
"biomesoplenty:recipes/decorations/willow_fence","biomesoplenty:recipes/decorations/willow_fence","<null>","-"
"biomesoplenty:recipes/food/bowl_of_rice","biomesoplenty:recipes/food/bowl_of_rice","<null>","-"
"biomesoplenty:recipes/food/shroom_powder","biomesoplenty:recipes/food/shroom_powder","<null>","-"
"biomesoplenty:recipes/misc/amber","biomesoplenty:recipes/misc/amber","<null>","-"
"biomesoplenty:recipes/misc/amethyst","biomesoplenty:recipes/misc/amethyst","<null>","-"
"biomesoplenty:recipes/misc/black_dye_from_deathbloom","biomesoplenty:recipes/misc/black_dye_from_deathbloom","<null>","-"
"biomesoplenty:recipes/misc/black_dye_from_enderlotus","biomesoplenty:recipes/misc/black_dye_from_enderlotus","<null>","-"
"biomesoplenty:recipes/misc/blue_dye_from_blue_milk_cap","biomesoplenty:recipes/misc/blue_dye_from_blue_milk_cap","<null>","-"
"biomesoplenty:recipes/misc/blue_dye_from_bluebells","biomesoplenty:recipes/misc/blue_dye_from_bluebells","<null>","-"
"biomesoplenty:recipes/misc/brown_dye_from_cattail","biomesoplenty:recipes/misc/brown_dye_from_cattail","<null>","-"
"biomesoplenty:recipes/misc/brown_dye_from_double_cattail","biomesoplenty:recipes/misc/brown_dye_from_double_cattail","<null>","-"
"biomesoplenty:recipes/misc/brown_dye_from_flat_mushroom","biomesoplenty:recipes/misc/brown_dye_from_flat_mushroom","<null>","-"
"biomesoplenty:recipes/misc/coal_from_ash","biomesoplenty:recipes/misc/coal_from_ash","<null>","-"
"biomesoplenty:recipes/misc/cyan_dye_from_glowflower","biomesoplenty:recipes/misc/cyan_dye_from_glowflower","<null>","-"
"biomesoplenty:recipes/misc/cyan_dye_from_swampflower","biomesoplenty:recipes/misc/cyan_dye_from_swampflower","<null>","-"
"biomesoplenty:recipes/misc/gray_dye_from_ash","biomesoplenty:recipes/misc/gray_dye_from_ash","<null>","-"
"biomesoplenty:recipes/misc/gray_dye_from_wilted_lily","biomesoplenty:recipes/misc/gray_dye_from_wilted_lily","<null>","-"
"biomesoplenty:recipes/misc/light_blue_dye_from_blue_hydrangea","biomesoplenty:recipes/misc/light_blue_dye_from_blue_hydrangea","<null>","-"
"biomesoplenty:recipes/misc/light_blue_dye_from_flax","biomesoplenty:recipes/misc/light_blue_dye_from_flax","<null>","-"
"biomesoplenty:recipes/misc/light_blue_dye_from_icy_iris","biomesoplenty:recipes/misc/light_blue_dye_from_icy_iris","<null>","-"
"biomesoplenty:recipes/misc/light_gray_dye_from_clover","biomesoplenty:recipes/misc/light_gray_dye_from_clover","<null>","-"
"biomesoplenty:recipes/misc/lime_dye_from_glowshroom","biomesoplenty:recipes/misc/lime_dye_from_glowshroom","<null>","-"
"biomesoplenty:recipes/misc/magenta_dye_from_wildflower","biomesoplenty:recipes/misc/magenta_dye_from_wildflower","<null>","-"
"biomesoplenty:recipes/misc/malachite","biomesoplenty:recipes/misc/malachite","<null>","-"
"biomesoplenty:recipes/misc/mud_from_dirt","biomesoplenty:recipes/misc/mud_from_dirt","<null>","-"
"biomesoplenty:recipes/misc/orange_dye_from_burning_blossom","biomesoplenty:recipes/misc/orange_dye_from_burning_blossom","<null>","-"
"biomesoplenty:recipes/misc/orange_dye_from_orange_cosmos","biomesoplenty:recipes/misc/orange_dye_from_orange_cosmos","<null>","-"
"biomesoplenty:recipes/misc/peridot","biomesoplenty:recipes/misc/peridot","<null>","-"
"biomesoplenty:recipes/misc/pink_dye_from_miners_delight","biomesoplenty:recipes/misc/pink_dye_from_miners_delight","<null>","-"
"biomesoplenty:recipes/misc/pink_dye_from_pink_daffodil","biomesoplenty:recipes/misc/pink_dye_from_pink_daffodil","<null>","-"
"biomesoplenty:recipes/misc/pink_dye_from_pink_hibiscus","biomesoplenty:recipes/misc/pink_dye_from_pink_hibiscus","<null>","-"
"biomesoplenty:recipes/misc/purple_dye_from_lavender","biomesoplenty:recipes/misc/purple_dye_from_lavender","<null>","-"
"biomesoplenty:recipes/misc/purple_dye_from_violet","biomesoplenty:recipes/misc/purple_dye_from_violet","<null>","-"
"biomesoplenty:recipes/misc/red_dye_from_bromeliad","biomesoplenty:recipes/misc/red_dye_from_bromeliad","<null>","-"
"biomesoplenty:recipes/misc/red_dye_from_rafflesia","biomesoplenty:recipes/misc/red_dye_from_rafflesia","<null>","-"
"biomesoplenty:recipes/misc/red_dye_from_rose","biomesoplenty:recipes/misc/red_dye_from_rose","<null>","-"
"biomesoplenty:recipes/misc/ruby","biomesoplenty:recipes/misc/ruby","<null>","-"
"biomesoplenty:recipes/misc/sand_from_dried_sand","biomesoplenty:recipes/misc/sand_from_dried_sand","<null>","-"
"biomesoplenty:recipes/misc/sapphire","biomesoplenty:recipes/misc/sapphire","<null>","-"
"biomesoplenty:recipes/misc/tanzanite","biomesoplenty:recipes/misc/tanzanite","<null>","-"
"biomesoplenty:recipes/misc/topaz","biomesoplenty:recipes/misc/topaz","<null>","-"
"biomesoplenty:recipes/misc/white_dye_from_lily_of_the_valley","biomesoplenty:recipes/misc/white_dye_from_lily_of_the_valley","<null>","-"
"biomesoplenty:recipes/misc/white_dye_from_white_anemone","biomesoplenty:recipes/misc/white_dye_from_white_anemone","<null>","-"
"biomesoplenty:recipes/misc/yellow_dye_from_goldenrod","biomesoplenty:recipes/misc/yellow_dye_from_goldenrod","<null>","-"
"biomesoplenty:recipes/redstone/cherry_door","biomesoplenty:recipes/redstone/cherry_door","<null>","-"
"biomesoplenty:recipes/redstone/cherry_fence_gate","biomesoplenty:recipes/redstone/cherry_fence_gate","<null>","-"
"biomesoplenty:recipes/redstone/ebony_door","biomesoplenty:recipes/redstone/ebony_door","<null>","-"
"biomesoplenty:recipes/redstone/ebony_fence_gate","biomesoplenty:recipes/redstone/ebony_fence_gate","<null>","-"
"biomesoplenty:recipes/redstone/ethereal_door","biomesoplenty:recipes/redstone/ethereal_door","<null>","-"
"biomesoplenty:recipes/redstone/ethereal_fence_gate","biomesoplenty:recipes/redstone/ethereal_fence_gate","<null>","-"
"biomesoplenty:recipes/redstone/eucalyptus_door","biomesoplenty:recipes/redstone/eucalyptus_door","<null>","-"
"biomesoplenty:recipes/redstone/eucalyptus_fence_gate","biomesoplenty:recipes/redstone/eucalyptus_fence_gate","<null>","-"
"biomesoplenty:recipes/redstone/fir_door","biomesoplenty:recipes/redstone/fir_door","<null>","-"
"biomesoplenty:recipes/redstone/fir_fence_gate","biomesoplenty:recipes/redstone/fir_fence_gate","<null>","-"
"biomesoplenty:recipes/redstone/hellbark_door","biomesoplenty:recipes/redstone/hellbark_door","<null>","-"
"biomesoplenty:recipes/redstone/hellbark_fence_gate","biomesoplenty:recipes/redstone/hellbark_fence_gate","<null>","-"
"biomesoplenty:recipes/redstone/jacaranda_door","biomesoplenty:recipes/redstone/jacaranda_door","<null>","-"
"biomesoplenty:recipes/redstone/jacaranda_fence_gate","biomesoplenty:recipes/redstone/jacaranda_fence_gate","<null>","-"
"biomesoplenty:recipes/redstone/magic_door","biomesoplenty:recipes/redstone/magic_door","<null>","-"
"biomesoplenty:recipes/redstone/magic_fence_gate","biomesoplenty:recipes/redstone/magic_fence_gate","<null>","-"
"biomesoplenty:recipes/redstone/mahogany_door","biomesoplenty:recipes/redstone/mahogany_door","<null>","-"
"biomesoplenty:recipes/redstone/mahogany_fence_gate","biomesoplenty:recipes/redstone/mahogany_fence_gate","<null>","-"
"biomesoplenty:recipes/redstone/mangrove_door","biomesoplenty:recipes/redstone/mangrove_door","<null>","-"
"biomesoplenty:recipes/redstone/mangrove_fence_gate","biomesoplenty:recipes/redstone/mangrove_fence_gate","<null>","-"
"biomesoplenty:recipes/redstone/palm_door","biomesoplenty:recipes/redstone/palm_door","<null>","-"
"biomesoplenty:recipes/redstone/palm_fence_gate","biomesoplenty:recipes/redstone/palm_fence_gate","<null>","-"
"biomesoplenty:recipes/redstone/pine_door","biomesoplenty:recipes/redstone/pine_door","<null>","-"
"biomesoplenty:recipes/redstone/pine_fence_gate","biomesoplenty:recipes/redstone/pine_fence_gate","<null>","-"
"biomesoplenty:recipes/redstone/redwood_door","biomesoplenty:recipes/redstone/redwood_door","<null>","-"
"biomesoplenty:recipes/redstone/redwood_fence_gate","biomesoplenty:recipes/redstone/redwood_fence_gate","<null>","-"
"biomesoplenty:recipes/redstone/sacred_oak_door","biomesoplenty:recipes/redstone/sacred_oak_door","<null>","-"
"biomesoplenty:recipes/redstone/sacred_oak_fence_gate","biomesoplenty:recipes/redstone/sacred_oak_fence_gate","<null>","-"
"biomesoplenty:recipes/redstone/umbran_door","biomesoplenty:recipes/redstone/umbran_door","<null>","-"
"biomesoplenty:recipes/redstone/umbran_fence_gate","biomesoplenty:recipes/redstone/umbran_fence_gate","<null>","-"
"biomesoplenty:recipes/redstone/willow_door","biomesoplenty:recipes/redstone/willow_door","<null>","-"
"biomesoplenty:recipes/redstone/willow_fence_gate","biomesoplenty:recipes/redstone/willow_fence_gate","<null>","-"
"biomesoplenty:recipes/redstone/wooden_button_from_bop_wood","biomesoplenty:recipes/redstone/wooden_button_from_bop_wood","<null>","-"
"biomesoplenty:recipes/redstone/wooden_pressure_plate_from_bop_wood","biomesoplenty:recipes/redstone/wooden_pressure_plate_from_bop_wood","<null>","-"
"biomesoplenty:recipes/tools/biome_finder","biomesoplenty:recipes/tools/biome_finder","<null>","-"
"biomesoplenty:recipes/tools/empty_jar","biomesoplenty:recipes/tools/empty_jar","<null>","-"
"biomesoplenty:recipes/transportation/boat_cherry","biomesoplenty:recipes/transportation/boat_cherry","<null>","-"
"biomesoplenty:recipes/transportation/boat_ebony","biomesoplenty:recipes/transportation/boat_ebony","<null>","-"
"biomesoplenty:recipes/transportation/boat_ethereal","biomesoplenty:recipes/transportation/boat_ethereal","<null>","-"
"biomesoplenty:recipes/transportation/boat_eucalyptus","biomesoplenty:recipes/transportation/boat_eucalyptus","<null>","-"
"biomesoplenty:recipes/transportation/boat_fir","biomesoplenty:recipes/transportation/boat_fir","<null>","-"
"biomesoplenty:recipes/transportation/boat_hellbark","biomesoplenty:recipes/transportation/boat_hellbark","<null>","-"
"biomesoplenty:recipes/transportation/boat_jacaranda","biomesoplenty:recipes/transportation/boat_jacaranda","<null>","-"
"biomesoplenty:recipes/transportation/boat_magic","biomesoplenty:recipes/transportation/boat_magic","<null>","-"
"biomesoplenty:recipes/transportation/boat_mahogany","biomesoplenty:recipes/transportation/boat_mahogany","<null>","-"
"biomesoplenty:recipes/transportation/boat_mangrove","biomesoplenty:recipes/transportation/boat_mangrove","<null>","-"
"biomesoplenty:recipes/transportation/boat_palm","biomesoplenty:recipes/transportation/boat_palm","<null>","-"
"biomesoplenty:recipes/transportation/boat_pine","biomesoplenty:recipes/transportation/boat_pine","<null>","-"
"biomesoplenty:recipes/transportation/boat_redwood","biomesoplenty:recipes/transportation/boat_redwood","<null>","-"
"biomesoplenty:recipes/transportation/boat_sacred_oak","biomesoplenty:recipes/transportation/boat_sacred_oak","<null>","-"
"biomesoplenty:recipes/transportation/boat_umbran","biomesoplenty:recipes/transportation/boat_umbran","<null>","-"
"biomesoplenty:recipes/transportation/boat_willow","biomesoplenty:recipes/transportation/boat_willow","<null>","-"
"bonsaitrees:grow","[Grow a Bonsai Tree]","Use it for decoration or as early tree farm","bonsaitrees:root"
"bonsaitrees:root","[Bonsai Trees]","Craft a Bonsai Pot","-"
"chococraftplus:attitude_adjustment","[§cAttitude §cAdjustment§r]","Change a Chocobo's Temperament to ""Friendly""","chococraftplus:root"
"chococraftplus:choco_black","[§8All-§8Terrain §8Avian§r]","Breed a §8Black§r Chocobo","chococraftplus:choco_blue"
"chococraftplus:choco_blue","[§9Waterfowl§r]","Breed a §9Blue§r Chocobo","chococraftplus:choco_yellow"
"chococraftplus:choco_gold","[§6Final §6Form§r]","Breed a §6Gold§r Chocobo","chococraftplus:choco_black"
"chococraftplus:choco_green","[§aMountain §aClimber§r]","Breed a §aGreen§r Chocobo","chococraftplus:choco_yellow"
"chococraftplus:choco_pink","[§dCherry §dBlossom§r]","Breed a §dPink§r Chocobo","chococraftplus:choco_red"
"chococraftplus:choco_red","[§cAcrobatic§r]","Breed a §cRed§r Chocobo","chococraftplus:choco_yellow"
"chococraftplus:choco_royal","[§5Royal §5Pedigree§r]","Breed a §5Royal§r Chocobo","chococraftplus:choco_pink"
"chococraftplus:choco_white","[§fDelicate§r]","Breed a §fWhite§r Chocobo","chococraftplus:choco_yellow"
"chococraftplus:choco_yellow","[§eCaught §ea §eChocobo!§r]","Tame a Chocobo","chococraftplus:root"
"chococraftplus:root","[ChocoCraft Plus]","Your journey to becoming a Chocobo Sage","-"
"chococraftplus:sidewinder","[§6Sidewinder§r]","Max out a Chocobo's Strafe speed","chococraftplus:root"
"cqrepoured:cqr/bosses/kill_boarmage","[This girl is on fire]","Defeat a boarmage","cqrepoured:cqr/bosses/kill_lich"
"cqrepoured:cqr/bosses/kill_ender_calamity","[Yes, that was everything!]","Win a heroic volleyball match of death against the conjured evil.","cqrepoured:cqr/bosses/kill_ender_king"
"cqrepoured:cqr/bosses/kill_ender_king","[Was that everything?!]","Kill the feared leader of the endermen, the great ender king!","cqrepoured:cqr/bosses/kill_walker_king"
"cqrepoured:cqr/bosses/kill_exterminator","[Electrician]","Defeat the Illager's technological abomination","cqrepoured:cqr/bosses/kill_lich"
"cqrepoured:cqr/bosses/kill_giant_spider","[The only good spider...]","...is a dead spider! Defeat a giant spider","cqrepoured:cqr/challenger"
"cqrepoured:cqr/bosses/kill_giant_tortoise","[Spun right 'round]","Defeat a giant tortoise","cqrepoured:cqr/bosses/kill_giant_spider"
"cqrepoured:cqr/bosses/kill_lich","[What is dead may still yet die!]","Defeat a lich","cqrepoured:cqr/bosses/kill_necromancer"
"cqrepoured:cqr/bosses/kill_necromancer","[Rise and die]","Defeat a necromancer","cqrepoured:cqr/challenger"
"cqrepoured:cqr/bosses/kill_nether_dragon","[It wasn't godzilla]","Defeat a nether dragon","cqrepoured:cqr/bosses/kill_giant_tortoise"
"cqrepoured:cqr/bosses/kill_pirate_captain","[I'm the captain now]","Defeat the Pirate Captain","cqrepoured:cqr/bosses/kill_boarmage"
"cqrepoured:cqr/bosses/kill_walker_king","[A worthy opponent]","Defeat a walker king","cqrepoured:cqr/bosses/kill_pirate_captain"
"cqrepoured:cqr/challenger","[Challenger of the Chocolate]","Defeat a CQR Boss","cqrepoured:cqr/root"
"cqrepoured:cqr/champion","[Champion of the Chocolate]","Defeat every CQR Boss at least once","cqrepoured:cqr/challenger"
"cqrepoured:cqr/ha_got_you","[Ha! Got You!]","Get killed by a CQR mob","cqrepoured:cqr/root"
"cqrepoured:cqr/new_captain","[Reverse Piracy]","Acquire the Pirate Captain's weapons","cqrepoured:cqr/bosses/kill_pirate_captain"
"cqrepoured:cqr/not_so_friendly","[Not so friendly...]","Encounter the walkers","cqrepoured:cqr/not_so_strong"
"cqrepoured:cqr/not_so_strong","[Unworthy]","Lose against a CQR boss","cqrepoured:cqr/ha_got_you"
"cqrepoured:cqr/root","[Chocolate Quest Repoured]","Welcome to Chocolate Quest Repoured!","-"
"cqrepoured:cqr/wear_the_turtle","[Wear the Tortoise!]","Now I'm a tank! Obtain a full set of Tortoiseshell armor","cqrepoured:cqr/bosses/kill_giant_tortoise"
"crossbows:arbalistic","[Arbalistic]","Kill five unique mobs with one crossbow shot","crossbows:ol_betsy"
"crossbows:ol_betsy","[Ol' Betsy]","Shoot a crossbow","minecraft:adventure/root"
"da:craft_adventure_armor","[Still alive by sheer luck!]","Craft the full Adventuric set.","da:craft_adventure_ingot"
"da:craft_adventure_ingot","[Melee user incoming!]","Obtain Adventuric Ingots from a Mysterious Trader with Stormvier Shards.","da:craft_copper_coin"
"da:craft_adventure_sword","[The angry sword.]","Craft the Adventuric Sword.","da:craft_adventure_armor"
"da:craft_aegyptian_flute","[The Beetle Piper.]","Craft the Aegyptian Flute.","da:kill_scutter_beetle"
"da:craft_apathyr_axe","[I am the enemy now...]","Craft the Midnight Reign.","da:kill_apathyr"
"da:craft_apathyr_heart","[Waking of the Champion]","Craft the Heart of the Apathyr.","da:kill_cursed_sentinel"
"da:craft_apathyr_helmet","[The Unbridled King]","Craft the Apathyr's Helmet.","da:kill_apathyr"
"da:craft_bloody_sword_spear","[Sometimes, I think the world should pay for its suffering.]","Craft the Bloodied Sword Spear","da:kill_high_king"
"da:craft_call_to_arms","[Personal Support Guard]","Craft the Call To Arms.","da:kill_apathyr"
"da:craft_colossus_chestplate","[And strong like Steel.]","Craft the Ancient Colossal Chestplate.","da:kill_aegyptian_colossus"
"da:craft_colossus_mace","[Big as a block.]","Craft the Colossal Mace.","da:kill_aegyptian_colossus"
"da:craft_cooked_beetle_morsel","[Bugatarian]","Cook a Beetle Morsel.","da:kill_scutter_beetle"
"da:craft_copper_coin","[Gamble rumble!]","Obtain a Copper Trader Coin. Give to a Mysterious Trader to redeem it!","da:root"
"da:craft_dark_dagger","[In the blade of Night.]","Craft the Roh Void Dagger","da:kill_dark_assassin"
"da:craft_dark_metal_armor","[The Midnight Knight]","Craft the Dark Metal Set.","da:kill_dark_royal"
"da:craft_dark_shield","[The Tiresome Defender]","Craft the Dark Metal Shield","da:kill_dark_royal"
"da:craft_dark_sicle","[The Night of Harvest]","Craft the Dark Metal Sickle","da:kill_dark_royal"
"da:craft_desolate_trinket","[Sand in the boots.]","Craft the Desolate Trinket.","da:root"
"da:craft_dragon_bow","[Where's the Ballista?]","Craft the Dragon Scourage Bow.","da:kill_high_king"
"da:craft_dragon_shield","[Divination & Sacrifice]","Craft the Dragon Scourage Shield.","da:kill_high_king"
"da:craft_draugr_armor","[The true way to play]","Craft the Frostborn Armor","da:craft_draugr_ingot"
"da:craft_draugr_axe","[Who's the Champion Now!]","Craft the Axe of the Frostborn Champion","da:craft_draugr_ingot"
"da:craft_draugr_ingot","[The dead speaks to me.]","Craft or Find a Frostborn Ingot","da:kill_elite_draugr"
"da:craft_draugr_shield","[I like a shield with style, do you?]","Craft the Frostborn Shield","da:craft_draugr_ingot"
"da:craft_dungeon_bread","[Stinks like squid...]","Find Dungeon Bread.","da:craft_stormvier_locator"
"da:craft_endless_pearl","[Limitless Technique]","Craft a Charged Enderpearl","da:kill_void_blossom"
"da:craft_everator_shield","[The player built like a brick.]","Craft the Everator's Shield","da:kill_everator"
"da:craft_exalted_kopis","[Will of the Sword master.]","Craft the Exalted Kopis.","da:kill_aegyptian_warlord"
"da:craft_fiery_respite","[Flame O Flame]","Craft a bottle of Fiery Respite.","da:kill_everator"
"da:craft_flame_blade","[Shredder Incarnate]","Craft the Ambitious Flame Blade","da:kill_volatile_spirit"
"da:craft_flame_bottle","[Bottle O' Flame]","Craft a Sealed Flame Bottle","da:kill_volatile_spirit"
"da:craft_flame_locator","[The path that leads to flame.]","Craft the Spark of Ambition","da:root"
"da:craft_flame_metal","[The Flame Burns Again!]","Craft the Flame Metal armor set","da:kill_kobf"
"da:craft_flame_shield","[Flame Wall.]","Craft the Incendium Shield","da:kill_volatile_spirit"
"da:craft_flower_crown","[Elegance is my demeanor.]","Craft the Void Blossom's Crown.","da:kill_void_blossom"
"da:craft_frost_locator","[The blizzard roars with excitement!]","Craft or find the Frozen Soul Star","da:root"
"da:craft_gaelon_locator","[Extra Credit Exploration]","Craft the Mysterious Artifact.","da:root"
"da:craft_gaelon_shard","[The Key to Modernization]","Gather a Gaelon Shard from the chunks.","da:craft_gaelon_locator"
"da:craft_gold_coin","[We're ricchh!]","Obtain a Golden Trader Coin.","da:craft_silver_coin"
"da:craft_golden_devotion","[Stand strong player!]","Craft a bottle of Golden Devotion.","da:kill_aegyptian_colossus"
"da:craft_golden_mark","[Aggro Monster]","Craft the Golden Mark Trinket","da:kill_aegyptian_warlord"
"da:craft_golden_vow","[Chosen by the Light]","Craft a bottle of Golden Vow.","da:kill_aegyptian_warlord"
"da:craft_golem_cannon","[Locked N' Loaded]","Craft the Sentinel Cannon.","da:kill_apathyr"
"da:craft_imperial_armor","[I can take a hit.]","Craft the full set of Lithic Armor","da:kill_imperial_halberd"
"da:craft_imperial_halberd","[It all begins with you!]","Craft the Prosperous Assault","da:kill_imperial_halberd"
"da:craft_incendium_armor","[From Ash to Fire!]","Craft both pieces of Incendium Armor","da:kill_volatile_spirit"
"da:craft_king_aid","[Arise.]","Craft the King's Aid.","da:kill_high_king"
"da:craft_king_claw","[Up close and personal is my game.]","Craft the Lithic Clawed Glove.","da:kill_high_king"
"da:craft_king_crown","[The new king of the sky.]","Craft the Crown of the Cursed.","da:kill_high_king"
"da:craft_kopis","[Why is it so sharp?]","Craft the Kopis.","da:kill_aegyptian_recurian"
"da:craft_lich_altar","[Now Fly!]","Craft the Levitation Altar","da:kill_night_lich"
"da:craft_mage_armor","[Stay in the backlines much?]","Craft the full Spellcaster set.","da:craft_magic_leather"
"da:craft_mage_staff","[Versatile wand you got there.]","Craft the Spellcaster Combat Wand.","da:craft_mage_armor"
"da:craft_magic_leather","[Magic user incoming!]","Obtain Magic Imbued Leather from a Mysterious Trader with Wyrk Shards.","da:craft_copper_coin"
"da:craft_novik_armor","[Armor of the Hunters]","Craft the Novik armor set.","da:kill_cursed_sentinel"
"da:craft_novik_sword","[Sword of the Night]","Craft the Novik Sword.","da:kill_cursed_sentinel"
"da:craft_obsidian_eye","[Warden's Key]","Find the Obsidian Eye","da:craft_obsidian_locator"
"da:craft_obsidian_helm","[Wait. This armor has a soul?]","Craft the Voidic Helmet.","da:kill_obsidilith"
"da:craft_obsidian_locator","[You asked, and they answered.]","Craft Call of the Void","da:root"
"da:craft_obsidilith_shield","[Everything is in my attack radius!]","Craft Obsidilith's Shield","da:kill_obsidilith"
"da:craft_parry_sword","[Parry this you filthy casual!]","Craft the Master Parry Sword","da:kill_imperial_halberd"
"da:craft_party_trinket","[Party time!]","Give this your buddy who dies a lot.","da:craft_gold_coin"
"da:craft_poison_garnish","[Poison is a virtue, right?]","Craft a bottle of Poison Garnish.","da:kill_void_blossom"
"da:craft_sealed_spear","[Magic Connoisseur]","Craft a Sealed Spear Bottle.","da:kill_cursed_sentinel"
"da:craft_silver_coin","[Does this repel vampires?]","Obtain a Silver Trader Coin.","da:craft_copper_coin"
"da:craft_sky_locator","[The Sun and the Storm]","Craft a Orb of Light.","da:root"
"da:craft_spear_staff","[The Lich and its Studies]","Craft Spear of the Soulless Mage","da:kill_night_lich"
"da:craft_spear_warrior","[Magic & Fire Manipulation]","Craft Spear of the Soulless Warrior","da:kill_kobf"
"da:craft_stormvier_locator","[First dungeon, kind of nervous!]","Craft the Rotten Core with 4 bones and an Iron ingot.","da:root"
"da:craft_sword_spear","[Those who ruled.]","Craft the Divine Sword Spear.","da:kill_high_king"
"da:craft_void_dagger","[How do you like your poison? Sharp or Slow?]","Craft the Void Dagger","da:kill_void_blossom"
"da:craft_void_hammer","[Smack down!]","Craft the Voidclystic Hammer.","da:kill_voidclysm"
"da:craft_void_lily","[Plant Problem]","Craft a Void Lily","da:root"
"da:craft_void_staff","[Mage Arena.]","Craft the Voidclystic Staff.","da:kill_voidclysm"
"da:craft_voidiant_catalyst","[Spacefarer!]","Craft the Voidiant Catalyst","da:craft_obsidian_eye"
"da:craft_voidiant_chestplate","[Upgrades people! Upgrades!]","Craft the Voidiant Chestplate","da:craft_obsidian_eye"
"da:craft_warlord_helmet","[Warmonger]","Craft the Ancient Warlord Helmet.","da:kill_aegyptian_warlord"
"da:craft_wyrk_armor","[Path of the ice mage]","Craft both pieces of the Wyrk Armor","da:kill_great_wyrk"
"da:craft_wyrk_snack","[Hungry Jack!]","Craft the Survivor's Endless Hunger","da:kill_great_wyrk"
"da:craft_wyrk_staff","[We like to do a little wizardry around here]","Craft the Ancient Wyrk Staff","da:kill_great_wyrk"
"da:craft_wyrk_totem","[Sometimes friends can be cold]","Craft the Wyrk Elemental Totem","da:kill_great_wyrk"
"da:find_farum_stone","[Sky high builder]","Mine Farum Stone","da:find_grum_stone"
"da:find_gloom_stone","[The stone under the moon]","Mine Petrogloom","da:root"
"da:find_grum_stone","[The past Era.]","Mine Grum Stone.","da:find_gloom_stone"
"da:find_soul_star","[The stars lead the way]","Obtain a Soul Star","da:root"
"da:kill_abberrant","[Enter the arena of Hell]","Find a Burning Flame Arena","da:craft_flame_locator"
"da:kill_aegyptian_colossus","[From the halls it falls!]","Slay the Aegyptian Colossus","da:craft_desolate_trinket"
"da:kill_aegyptian_recurian","[The lizard people we're behind it!]","Kill a Aegyptian Recurian","da:craft_desolate_trinket"
"da:kill_aegyptian_warlord","[Paper cuts everywhere!]","Slay the Aegyptian Warlord","da:craft_desolate_trinket"
"da:kill_apathyr","[Next level.]","Kill the Apathyr.","da:craft_apathyr_heart"
"da:kill_cursed_sentinel","[How long have they been here?]","Kill a Cursed Sentinel","da:craft_gaelon_shard"
"da:kill_dark_assassin","[The Cult sends their regards!]","Slay a Cult of Roh Assassin","da:root"
"da:kill_dark_royal","[No rest for the wicked.]","Slay a Roh Crypt Guard","da:kill_dark_assassin"
"da:kill_elite_draugr","[Champion of the Vikings]","Slay a Frostborn Draugr Champion","da:craft_frost_locator"
"da:kill_everator","[Big Brother.]","Kill the Everator.","da:kill_aegyptian_recurian"
"da:kill_fallen_stormvier","[And so the Journey Begins!]","Slay A Fallen Stormvier in the Rotten Hold","da:craft_dungeon_bread"
"da:kill_great_wyrk","[The Depths of the Frost]","Slay an Ancient Wyrk","da:craft_frost_locator"
"da:kill_high_king","[Dethroned!]","Slay the High King","da:kill_imperial_halberd"
"da:kill_imperial_halberd","[The Definition of Forgotten.]","Slay a High Court Halbidier","da:craft_sky_locator"
"da:kill_kobf","[The Flame that takes all]","Slay the Knight of Burning Flame","da:kill_abberrant"
"da:kill_night_lich","[He who roams in the darkness...]","Slay the Night Lich","da:find_soul_star"
"da:kill_obsidilith","[The monolith in the void.]","Slay the Obsidilith","da:craft_obsidian_eye"
"da:kill_scutter_beetle","[Why they so cute though?]","Kill a Scutter Beetle","da:craft_desolate_trinket"
"da:kill_void_blossom","[The Plant of the Void]","Slay a Void Blossom","da:craft_void_lily"
"da:kill_voidclysm","[Well that was a close one!]","Slay the Voidclysm","da:kill_obsidilith"
"da:kill_volatile_spirit","[Gatekeeper.]","Slay a Volactile Spirit","da:craft_flame_locator"
"da:root","[Dungeon Additions Mod]","Welcome to Unseen's Dungeon Additions, originally a backport of BOMD but now extended into bringing a RPG experience!","-"
"deeperdepths:aw_dang_it","[Aw Dang It]","Open an ominous vault without getting a heavy core","deeperdepths:lets_go_gambling"
"deeperdepths:is_it_a_balloon","[Is It a Balloon?]","Look at a Ghast through a Spyglass","deeperdepths:is_it_a_bird"
"deeperdepths:is_it_a_bird","[Is It a Bird?]","Look at a Parrot through a Spyglass","minecraft:adventure/root"
"deeperdepths:is_it_a_plane","[Is It a Plane?]","Look at the Ender Dragon through a Spyglass","deeperdepths:is_it_a_balloon"
"deeperdepths:lets_go_gambling","[Let's Go Gambling!]","Use an Ominous Trial Key to open an Ominous Vault","minecraft:adventure/root"
"deeperdepths:over_overkill","[Over-Overkill]","Deal 50 hearts of damage in a single hit using the Mace","minecraft:adventure/root"
"deeperdepths:wax_off","[Wax Off]","Scrape Wax off of a Copper block!","deeperdepths:wax_on"
"deeperdepths:wax_on","[Wax On]","Apply wax to a Copper block","minecraft:adventure/root"
"defiledlands:main/blastem_fruit_blazing","[By Fire Be Purged]","Craft some Blazing Blastem Fruits","defiledlands:main/hephaestite"
"defiledlands:main/book_wyrm_breed","[The Smell of Love]","Breed two Book Wyrms using Foul Candy","defiledlands:main/root"
"defiledlands:main/book_wyrm_breed_max_level","[Genetic Engineering]","Breed Book Wyrms until you reach 30 enchanting level","defiledlands:main/book_wyrm_breed"
"defiledlands:main/book_wyrm_breed_perfect","[The Perfect Specimen]","Breed Book Wyrms until you obtain a perfect specimen","defiledlands:main/book_wyrm_breed_max_level"
"defiledlands:main/discover_all_biomes","[Unholy Pilgrimage]","Discover every natural defiled biome","defiledlands:main/root"
"defiledlands:main/hephaestite","[A Gift from the Fire Gods]","Mine some Hephaestite","defiledlands:main/root"
"defiledlands:main/kill_all_mobs","[Cleanse the Land]","Kill one of every monster from the defiled lands","defiledlands:main/root"
"defiledlands:main/ravaging_tool","[Wielder of Destruction]","Make a tool out of Ravaging Essence","defiledlands:main/summon_destroyer"
"defiledlands:main/root","[Defiled Lands]","A horrible chill runs down your spine...","-"
"defiledlands:main/scarlite","[The Scarlet Crusade]","Mine some Scarlite deep underground","defiledlands:main/umbrium"
"defiledlands:main/summon_destroyer","[One Laid Waste on the World]","Use a Calling Stone on an active Conjuring Altar","defiledlands:main/scarlite"
"defiledlands:main/summon_mourner","[The Other Wept in Silence]","Use an Idol of Sorrow on an active Conjuring Altar","defiledlands:main/summon_destroyer"
"defiledlands:main/umbrium","[Deep Purple]","Smelt Umbrium Ore into an ingot","defiledlands:main/root"
"defiledlands:recipes/armor/scale_boots","defiledlands:recipes/armor/scale_boots","<null>","defiledlands:recipes/root"
"defiledlands:recipes/armor/scale_chestplate","defiledlands:recipes/armor/scale_chestplate","<null>","defiledlands:recipes/root"
"defiledlands:recipes/armor/scale_golden_boots","defiledlands:recipes/armor/scale_golden_boots","<null>","defiledlands:recipes/root"
"defiledlands:recipes/armor/scale_golden_chestplate","defiledlands:recipes/armor/scale_golden_chestplate","<null>","defiledlands:recipes/root"
"defiledlands:recipes/armor/scale_golden_helmet","defiledlands:recipes/armor/scale_golden_helmet","<null>","defiledlands:recipes/root"
"defiledlands:recipes/armor/scale_golden_leggings","defiledlands:recipes/armor/scale_golden_leggings","<null>","defiledlands:recipes/root"
"defiledlands:recipes/armor/scale_helmet","defiledlands:recipes/armor/scale_helmet","<null>","defiledlands:recipes/root"
"defiledlands:recipes/armor/scale_leggings","defiledlands:recipes/armor/scale_leggings","<null>","defiledlands:recipes/root"
"defiledlands:recipes/armor/umbrium_boots","defiledlands:recipes/armor/umbrium_boots","<null>","defiledlands:recipes/root"
"defiledlands:recipes/armor/umbrium_chestplate","defiledlands:recipes/armor/umbrium_chestplate","<null>","defiledlands:recipes/root"
"defiledlands:recipes/armor/umbrium_helmet","defiledlands:recipes/armor/umbrium_helmet","<null>","defiledlands:recipes/root"
"defiledlands:recipes/armor/umbrium_leggings","defiledlands:recipes/armor/umbrium_leggings","<null>","defiledlands:recipes/root"
"defiledlands:recipes/baubles/phytoprostasia_amulet","defiledlands:recipes/baubles/phytoprostasia_amulet","<null>","defiledlands:recipes/root"
"defiledlands:recipes/baubles/scarlite_ring","defiledlands:recipes/baubles/scarlite_ring","<null>","defiledlands:recipes/root"
"defiledlands:recipes/decoration/ravaging_bricks","defiledlands:recipes/decoration/ravaging_bricks","<null>","defiledlands:recipes/root"
"defiledlands:recipes/decoration/ravaging_stone","defiledlands:recipes/decoration/ravaging_stone","<null>","defiledlands:recipes/root"
"defiledlands:recipes/decoration/sandstone_defiled_stairs","defiledlands:recipes/decoration/sandstone_defiled_stairs","<null>","defiledlands:recipes/root"
"defiledlands:recipes/decoration/sandstone_defiled_stairs_uncraft","defiledlands:recipes/decoration/sandstone_defiled_stairs_uncraft","<null>","defiledlands:recipes/root"
"defiledlands:recipes/decoration/stone_defiled_bricks","defiledlands:recipes/decoration/stone_defiled_bricks","<null>","defiledlands:recipes/root"
"defiledlands:recipes/decoration/stone_defiled_bricks_mossy","defiledlands:recipes/decoration/stone_defiled_bricks_mossy","<null>","defiledlands:recipes/root"
"defiledlands:recipes/decoration/stone_defiled_bricks_mossy_alt","defiledlands:recipes/decoration/stone_defiled_bricks_mossy_alt","<null>","defiledlands:recipes/root"
"defiledlands:recipes/decoration/stone_defiled_bricks_stairs","defiledlands:recipes/decoration/stone_defiled_bricks_stairs","<null>","defiledlands:recipes/root"
"defiledlands:recipes/decoration/stone_defiled_bricks_stairs_uncraft","defiledlands:recipes/decoration/stone_defiled_bricks_stairs_uncraft","<null>","defiledlands:recipes/root"
"defiledlands:recipes/decoration/stone_defiled_mossy","defiledlands:recipes/decoration/stone_defiled_mossy","<null>","defiledlands:recipes/root"
"defiledlands:recipes/decoration/stone_defiled_slab_bricks","defiledlands:recipes/decoration/stone_defiled_slab_bricks","<null>","defiledlands:recipes/root"
"defiledlands:recipes/decoration/stone_defiled_slab_bricks_uncraft","defiledlands:recipes/decoration/stone_defiled_slab_bricks_uncraft","<null>","defiledlands:recipes/root"
"defiledlands:recipes/decoration/stone_defiled_slab_sandstone","defiledlands:recipes/decoration/stone_defiled_slab_sandstone","<null>","defiledlands:recipes/root"
"defiledlands:recipes/decoration/stone_defiled_slab_sandstone_uncraft","defiledlands:recipes/decoration/stone_defiled_slab_sandstone_uncraft","<null>","defiledlands:recipes/root"
"defiledlands:recipes/decoration/stone_defiled_slab_stone","defiledlands:recipes/decoration/stone_defiled_slab_stone","<null>","defiledlands:recipes/root"
"defiledlands:recipes/decoration/stone_defiled_slab_stone_uncraft","defiledlands:recipes/decoration/stone_defiled_slab_stone_uncraft","<null>","defiledlands:recipes/root"
"defiledlands:recipes/decoration/stone_defiled_stairs","defiledlands:recipes/decoration/stone_defiled_stairs","<null>","defiledlands:recipes/root"
"defiledlands:recipes/decoration/stone_defiled_stairs_uncraft","defiledlands:recipes/decoration/stone_defiled_stairs_uncraft","<null>","defiledlands:recipes/root"
"defiledlands:recipes/decoration/tenebra_door","defiledlands:recipes/decoration/tenebra_door","<null>","defiledlands:recipes/root"
"defiledlands:recipes/decoration/tenebra_stairs","defiledlands:recipes/decoration/tenebra_stairs","<null>","defiledlands:recipes/root"
"defiledlands:recipes/decoration/tenebra_stairs_uncraft","defiledlands:recipes/decoration/tenebra_stairs_uncraft","<null>","defiledlands:recipes/root"
"defiledlands:recipes/decoration/wood_defiled_slab_tenebra","defiledlands:recipes/decoration/wood_defiled_slab_tenebra","<null>","defiledlands:recipes/root"
"defiledlands:recipes/decoration/wood_defiled_slab_tenebra_uncraft","defiledlands:recipes/decoration/wood_defiled_slab_tenebra_uncraft","<null>","defiledlands:recipes/root"
"defiledlands:recipes/material/defilement_powder","defiledlands:recipes/material/defilement_powder","<null>","defiledlands:recipes/root"
"defiledlands:recipes/material/ravaging_ingot","defiledlands:recipes/material/ravaging_ingot","<null>","defiledlands:recipes/root"
"defiledlands:recipes/material/remorseful_gem","defiledlands:recipes/material/remorseful_gem","<null>","defiledlands:recipes/root"
"defiledlands:recipes/material/sandstone_defiled","defiledlands:recipes/material/sandstone_defiled","<null>","defiledlands:recipes/root"
"defiledlands:recipes/material/tenebra_planks","defiledlands:recipes/material/tenebra_planks","<null>","defiledlands:recipes/root"
"defiledlands:recipes/misc/arrow_vilespine","defiledlands:recipes/misc/arrow_vilespine","<null>","defiledlands:recipes/root"
"defiledlands:recipes/misc/calling_stone","defiledlands:recipes/misc/calling_stone","<null>","defiledlands:recipes/root"
"defiledlands:recipes/misc/foul_candy","defiledlands:recipes/misc/foul_candy","<null>","defiledlands:recipes/root"
"defiledlands:recipes/misc/healing_pad","defiledlands:recipes/misc/healing_pad","<null>","defiledlands:recipes/root"
"defiledlands:recipes/misc/idol_sorrow","defiledlands:recipes/misc/idol_sorrow","<null>","defiledlands:recipes/root"
"defiledlands:recipes/misc/pellet_ravaging","defiledlands:recipes/misc/pellet_ravaging","<null>","defiledlands:recipes/root"
"defiledlands:recipes/misc/pellet_ravaging_upgrade","defiledlands:recipes/misc/pellet_ravaging_upgrade","<null>","defiledlands:recipes/root"
"defiledlands:recipes/misc/pellet_spiked","defiledlands:recipes/misc/pellet_spiked","<null>","defiledlands:recipes/root"
"defiledlands:recipes/misc/pellet_umbrium","defiledlands:recipes/misc/pellet_umbrium","<null>","defiledlands:recipes/root"
"defiledlands:recipes/misc/torch_hephaestite","defiledlands:recipes/misc/torch_hephaestite","<null>","defiledlands:recipes/root"
"defiledlands:recipes/root","defiledlands:recipes/root","<null>","-"
"defiledlands:recipes/storage/hephaestite_block","defiledlands:recipes/storage/hephaestite_block","<null>","defiledlands:recipes/root"
"defiledlands:recipes/storage/hephaestite_block_uncraft","defiledlands:recipes/storage/hephaestite_block_uncraft","<null>","defiledlands:recipes/root"
"defiledlands:recipes/storage/scarlite_block","defiledlands:recipes/storage/scarlite_block","<null>","defiledlands:recipes/root"
"defiledlands:recipes/storage/scarlite_block_uncraft","defiledlands:recipes/storage/scarlite_block_uncraft","<null>","defiledlands:recipes/root"
"defiledlands:recipes/storage/umbrium_block","defiledlands:recipes/storage/umbrium_block","<null>","defiledlands:recipes/root"
"defiledlands:recipes/storage/umbrium_block_uncraft","defiledlands:recipes/storage/umbrium_block_uncraft","<null>","defiledlands:recipes/root"
"defiledlands:recipes/storage/umbrium_nugget","defiledlands:recipes/storage/umbrium_nugget","<null>","defiledlands:recipes/root"
"defiledlands:recipes/storage/umbrium_nugget_combine","defiledlands:recipes/storage/umbrium_nugget_combine","<null>","defiledlands:recipes/root"
"defiledlands:recipes/tools/blastem_fruit_blazing","defiledlands:recipes/tools/blastem_fruit_blazing","<null>","defiledlands:recipes/root"
"defiledlands:recipes/tools/book_wyrm_analyzer","defiledlands:recipes/tools/book_wyrm_analyzer","<null>","defiledlands:recipes/root"
"defiledlands:recipes/tools/concussion_smasher","defiledlands:recipes/tools/concussion_smasher","<null>","defiledlands:recipes/root"
"defiledlands:recipes/tools/ravaging_axe","defiledlands:recipes/tools/ravaging_axe","<null>","defiledlands:recipes/root"
"defiledlands:recipes/tools/ravaging_pickaxe","defiledlands:recipes/tools/ravaging_pickaxe","<null>","defiledlands:recipes/root"
"defiledlands:recipes/tools/ravaging_shovel","defiledlands:recipes/tools/ravaging_shovel","<null>","defiledlands:recipes/root"
"defiledlands:recipes/tools/scarlite_razor","defiledlands:recipes/tools/scarlite_razor","<null>","defiledlands:recipes/root"
"defiledlands:recipes/tools/scarlite_reaver","defiledlands:recipes/tools/scarlite_reaver","<null>","defiledlands:recipes/root"
"defiledlands:recipes/tools/tears_flame","defiledlands:recipes/tools/tears_flame","<null>","defiledlands:recipes/root"
"defiledlands:recipes/tools/tears_shulker","defiledlands:recipes/tools/tears_shulker","<null>","defiledlands:recipes/root"
"defiledlands:recipes/tools/the_ravager","defiledlands:recipes/tools/the_ravager","<null>","defiledlands:recipes/root"
"defiledlands:recipes/tools/umbra_blaster","defiledlands:recipes/tools/umbra_blaster","<null>","defiledlands:recipes/root"
"defiledlands:recipes/tools/umbrium_axe","defiledlands:recipes/tools/umbrium_axe","<null>","defiledlands:recipes/root"
"defiledlands:recipes/tools/umbrium_hoe","defiledlands:recipes/tools/umbrium_hoe","<null>","defiledlands:recipes/root"
"defiledlands:recipes/tools/umbrium_pickaxe","defiledlands:recipes/tools/umbrium_pickaxe","<null>","defiledlands:recipes/root"
"defiledlands:recipes/tools/umbrium_shovel","defiledlands:recipes/tools/umbrium_shovel","<null>","defiledlands:recipes/root"
"defiledlands:recipes/tools/umbrium_sword","defiledlands:recipes/tools/umbrium_sword","<null>","defiledlands:recipes/root"
"disenchanter:recipes/disenchantment_table","disenchanter:recipes/disenchantment_table","<null>","disenchanter:recipes/root"
"disenchanter:recipes/root","disenchanter:recipes/root","<null>","-"
"ebwizardry:advanced","[Advancing Rapidly]","Upgrade your wand to advanced tier","ebwizardry:apprentice"
"ebwizardry:all_artefacts","[A Veritable Museum]","Collect all of the rings, amulets and charms","ebwizardry:artefact"
"ebwizardry:all_spells","[Mage of All Trades]","Cast every single spell in the game","ebwizardry:master"
"ebwizardry:anger_wizard","[You'll Regret That]","Make a wizard angry","ebwizardry:wizard_trade"
"ebwizardry:apprentice","[Wizard's Apprentice]","Use a tome of arcana to upgrade your wand","ebwizardry:arcane_initiate"
"ebwizardry:arcane_initiate","[Arcane Initiate]","Craft a magic wand with a gold nugget, a stick and a magic crystal","ebwizardry:crystal"
"ebwizardry:armour_set","[Now You're A Proper Wizard]","Craft and equip a full set of wizard armor","ebwizardry:arcane_initiate"
"ebwizardry:artefact","[A Forgotten Relic]","Lift the protective enchantments from a shrine and claim the treasures within","ebwizardry:visit_shrine"
"ebwizardry:battlemage","[The Pledge Of The Battlemage]","Obtain a piece of battlemage armour","ebwizardry:armour_set"
"ebwizardry:buy_master_spell","[Knowledge is Power]","Purchase a master spell from a wizard","ebwizardry:wizard_trade"
"ebwizardry:craft_lectern","[Arcane Encyclopedia]","Craft a lectern to keep track of your spell library","ebwizardry:find_library_ruins"
"ebwizardry:create_elemental_armour","[Changing Clothes]","Imbue a piece of wizard armor with spectral dust of one of the arcane elements","ebwizardry:restore_imbuement_altar"
"ebwizardry:crystal","[A Curious Crystal...]","Mine a magic crystal","ebwizardry:root"
"ebwizardry:defeat_evil_wizard","[Righteousness]","Defeat an evil wizard","ebwizardry:arcane_initiate"
"ebwizardry:defeat_remnant","[Dust Off Your Arrows]","Hunt down the remnants guarding an obelisk and collect their spectral dust","ebwizardry:arcane_initiate"
"ebwizardry:discover_master_spell","[Dicing With Danger]","Successfully identify a master spell by trial and error","ebwizardry:spell_failure"
"ebwizardry:discover_spell","[Trial And Error]","Identify an unknown spell by casting it and seeing what happens","ebwizardry:arcane_initiate"
"ebwizardry:enchant_scroll","[Scroll Up!]","Craft a blank scroll and enchant it with a spell at an arcane workbench","ebwizardry:arcane_initiate"
"ebwizardry:find_library_ruins","[I Think My Books Are Overdue]","Uncover the ruins of a forgotten library","ebwizardry:defeat_remnant"
"ebwizardry:handbook/arcane_workbench","ebwizardry:handbook/arcane_workbench","<null>","-"
"ebwizardry:handbook/crystal_flowers","ebwizardry:handbook/crystal_flowers","<null>","-"
"ebwizardry:handbook/elements","ebwizardry:handbook/elements","<null>","-"
"ebwizardry:handbook/magical_creatures","ebwizardry:handbook/magical_creatures","<null>","-"
"ebwizardry:handbook/mana_flasks","ebwizardry:handbook/mana_flasks","<null>","-"
"ebwizardry:handbook/obelisks","ebwizardry:handbook/obelisks","<null>","-"
"ebwizardry:handbook/on_subsection_unlock","ebwizardry:handbook/on_subsection_unlock","<null>","-"
"ebwizardry:handbook/scrolls","ebwizardry:handbook/scrolls","<null>","-"
"ebwizardry:handbook/spells","ebwizardry:handbook/spells","<null>","-"
"ebwizardry:handbook/throwables","ebwizardry:handbook/throwables","<null>","-"
"ebwizardry:handbook/tome_of_arcana","ebwizardry:handbook/tome_of_arcana","<null>","-"
"ebwizardry:identify_spell","[Arcane Appraisal]","Find a more reliable way of identifying spells","ebwizardry:discover_spell"
"ebwizardry:master","[Arcane Master]","Obtain a master wand","ebwizardry:advanced"
"ebwizardry:max_out_wand","[Fully Equipped]","Apply the maximum number of upgrades to a master wand","ebwizardry:master"
"ebwizardry:restore_imbuement_altar","[Good As New]","Restore an imbuement altar to its former glory","ebwizardry:find_library_ruins"
"ebwizardry:restore_ruined_book","[Arcane Archaeologist]","Restore a ruined spell book at an imbuement altar","ebwizardry:restore_imbuement_altar"
"ebwizardry:root","[Wizardry]","A wizard's journey to mastering the arcane","-"
"ebwizardry:sage","[The Path Of The Sage]","Obtain a piece of sage armour","ebwizardry:armour_set"
"ebwizardry:special_upgrade","[Arcane Tinkering]","Apply a special upgrade to a wand","ebwizardry:apprentice"
"ebwizardry:spell_failure","[That Backfired]","Find out the hard way how spells can go wrong","ebwizardry:discover_spell"
"ebwizardry:visit_shrine","[Enshrined]","Enter a shrine and awaken its ancient magic","ebwizardry:defeat_evil_wizard"
"ebwizardry:warlock","[The Way Of The Warlock]","Obtain a piece of warlock armour","ebwizardry:armour_set"
"ebwizardry:wizard_tower","[Who Lives Here?]","Visit a wizard's tower","ebwizardry:arcane_initiate"
"ebwizardry:wizard_trade","[Magic Dealing]","Purchase an item from a wizard","ebwizardry:wizard_tower"
"ee:craft_amber_armor","[Can't hide from me now!]","Craft the full set of Cordium Armor.","ee:find_cordium"
"ee:craft_ash_brick","[Tiles of the Depths]","Craft Ashed Bricks, might be useful for more machines","ee:find_red"
"ee:craft_compulsor","[Machine goes brrrr...]","Craft or steal a Compulsor","ee:kill_constructor"
"ee:craft_cordium_torch","[I'm safe now, right?]","Craft Cordium Torches.","ee:find_cordium"
"ee:craft_dark_gear","[Knighthood]","Craft the Dark Armor set","ee:kill_knights"
"ee:craft_door","[Thou Shall Not Pass]","Craft a Ashed Door Creator, also useful for bridges","ee:craft_keyhole"
"ee:craft_end_bow","[Can't Touch This!]","Craft an Endfall Bow.","ee:find_soul"
"ee:craft_end_fall_staff","[Magic User Unlocked!]","Craft an Endfall Staff.","ee:find_soul"
"ee:craft_end_fall_sword","[Sword of Souls]","Craft an Endfall Sword.","ee:find_soul"
"ee:craft_end_game_gear","[Those who follow]","Craft the best end game gear the End can offer!","ee:find_soul"
"ee:craft_guidebook","[Furthering Research]","Craft a Guide Book, it'll be a value to traversing the End","ee:root"
"ee:craft_guilded_shield","[Magic Tank]","Only the best of shields that will do some offensive damage as well","ee:kill_guilder"
"ee:craft_infused_crystal","[A Part of the puzzle]","Craft one of the most important components to end game gear","ee:find_core"
"ee:craft_infused_pickaxe","[Only the best upgrade!]","Craft an infused Pickaxe","ee:craft_infused_crystal"
"ee:craft_keyhole","[Wireless redstone you say?]","Craft an Ashed Keyhole, useful for wirelessly activating other machines","ee:craft_ash_brick"
"ee:craft_lamp","[Light up the Darkness]","Some lamps might be useful for your base decor","ee:craft_ash_brick"
"ee:craft_memory_stone","[Underlying Evil]","Craft a Memorium Stone","ee:find_soul"
"ee:craft_mini_nuke","[Who Hurt You?]","Craft a Mini-Nuke.","ee:find_soul"
"ee:craft_trap","[Mob Farmer 9000]","Craft a Ashed Trap Block","ee:craft_ash_brick"
"ee:craft_trinket","[The Medallion Worth a Thousand Eyes]","Craft a Medallion, it is said to give alternative uses to the Lamented Eye","ee:find_purple"
"ee:find_arena_key","[The Arena Awaits!]","Find a Tier One Barrend Arena key.","ee:craft_guidebook"
"ee:find_coin","[The End's Secrets]","Find an Avalon's Coin","ee:find_purple"
"ee:find_cordium","[The Depths of the Wastelands]","Discover the new ore in the Depths of the Wastelands.","ee:find_red"
"ee:find_core","[The Key to All that creates]","It seems that only Ashed Parasites have the capability of digging these up?","ee:find_red"
"ee:find_purple","[Hollow Purple]","Mostly found in the End Vaults, but rarely seen in the Lamented Islands","ee:root"
"ee:find_red","[The End's Shadow]","Into the Wastelands, break the Red Crystals...","ee:root"
"ee:find_soul","[A Lonely Soul]","Obtain the Soul of the King","ee:kill_king"
"ee:find_turium","[Best PvP Item Ever!]","Discover a new food source found in the End Vaults or rarely on the surface","ee:root"
"ee:kill_avalon","[Slay the Avalon]","located on the surface surrounded by obsidian pillars.","ee:find_coin"
"ee:kill_barrend_golem","[Long Ways Up]","Defeat the being that has taken over the Ashed Towers.","ee:kill_knights"
"ee:kill_chomper","[Fine I'll let you sleep]","Slay a Depths Chomper","ee:find_cordium"
"ee:kill_constructor","[Old Remnants]","Slay a Constructor, maybe try a pickaxe?","ee:root"
"ee:kill_end_bug","[Creepy Crawly]","Slay an Ashed Parasite","ee:find_red"
"ee:kill_guilder","[You do what with blocks?]","Slay a Ancient Guilder, they may have some useful drops","ee:root"
"ee:kill_king","[The Dark Fortress]","Atop the fortress is the one who casts the shadow. Good luck.","ee:kill_knights"
"ee:kill_knights","[Knight Slayer!]","Acquire a Dark Ingot by slaying End Knights.","ee:find_red"
"ee:kill_lamentor","[Those Who Ruled]","Slay the elite warrior of a times past in the Lamented Islands.","ee:kill_constructor"
"ee:kill_lidoped","[Sweet lil guy]","Slay a Lidoped to unlock it's entries.","ee:kill_seeker_prime"
"ee:kill_seeker","[Uh what are you exactly?]","Slay an End Seeker, exclusive to the End Vaults.","ee:root"
"ee:kill_seeker_prime","[Conqueror of the Vaults]","Relish the threat that lies within the lower level of the End Vaults.","ee:kill_seeker"
"ee:kill_stalker","[Eyes on the prize!]","Slay an End Stalker, with best caution of course.","ee:find_red"
"ee:kill_ultra_knight","[What The Crystal Does]","Slay a Fell Knight, can be found in the Fortress or rarely in other structures.","ee:kill_knights"
"ee:root","[End Expansion]","Discover the End's new mysteries.","-"
"environs:environs/cyan","[Peculiar Mushrooms II]","Collect a cyan mushroom block with a silk-touch tool","environs:environs/mushroomforest"
"environs:environs/discover_all_environs_biomes","[Adventuring Time II]","Discover every Environs++ biome","environs:environs/endforest"
"environs:environs/emeraldcliffs","[Where's the Jade?]","Visit the Emerald Cliffs biome","environs:environs/wasteland"
"environs:environs/endforest","[In the End... Wait No]","Visit both of the rare End Forest biomes","environs:environs/icyhills"
"environs:environs/endfragment","[Fragments of The Past]","Obtain an end fragment","environs:environs/wasteland"
"environs:environs/icyhills","[No More Snow Golems!]","Visit the Icy Hills biome","environs:environs/mushroomforest"
"environs:environs/mushroomforest","[Peculiar Mushrooms]","Visit the Mushroom Rainforest biome","environs:environs/emeraldcliffs"
"environs:environs/root","[Environs++]","Mod by RollingThunder_","-"
"environs:environs/wasteland","[For Some, a Barren Wasteland]","Visit the Wasteland biome","environs:environs/root"
"exoticbirds:eb/craft_book","[Birdwatcher]","Craft the bird encyclopedia","exoticbirds:eb/root"
"exoticbirds:eb/craft_identifier","[Beginner Oology!]","Craft an egg identifier","exoticbirds:eb/root"
"exoticbirds:eb/craft_incubator","[Incubation Inspiration]","Craft an egg incubator","exoticbirds:eb/root"
"exoticbirds:eb/obtain_phoenixegg","[Egg-citing discoveries!]","Identify a phoenix egg","exoticbirds:eb/craft_identifier"
"exoticbirds:eb/place_nest","[Nest Builder]","Craft and place an empty nest","exoticbirds:eb/root"
"exoticbirds:eb/place_phoenixegg","[An Egg from the Flames]","Place down a Phoenix egg","exoticbirds:eb/obtain_phoenixegg"
"exoticbirds:eb/root","[Wonder-fowl!]","Install the Exotic Birds mod","-"
"exoticbirds:eb/shoot_seagull","[Pesky Seagulls]","Shoot a seagull out of the sky using a bow","exoticbirds:eb/craft_book"
"exoticbirds:eb/tame_pelican","[Peli-yes-I-can!]","Tame a pelican using cooked fish","exoticbirds:eb/craft_book"
"explorercraft:explorercraft/bamboo1","[Bamboo Planks!]","Six flat pieces for a floor!","explorercraft:explorercraft/bamboo_forest"
"explorercraft:explorercraft/bamboo2","[Bamboo Wall!]","Six stacked pieces for a wall!","explorercraft:explorercraft/bamboo1"
"explorercraft:explorercraft/bamboo_forest","[Bamboo Forest Discovered!]","A vast sea of bamboo!","explorercraft:explorercraft/exploring_time"
"explorercraft:explorercraft/banner_heart","[Heart of Wales]","Burn the heart onto a banner!","explorercraft:explorercraft/dragon_heart"
"explorercraft:explorercraft/banner_leek","[Icon of Wales]","Smug a leek onto a banner!","explorercraft:explorercraft/leek"
"explorercraft:explorercraft/banner_slate","[Map of Wales]","Smash slate onto a banner!","explorercraft:explorercraft/slate"
"explorercraft:explorercraft/basalt","[Basalt Discovered!]","Forged in the fires of Mordor!","explorercraft:explorercraft/root"
"explorercraft:explorercraft/cawl","[Craft Cawl!]","Create a majestic broth!","explorercraft:explorercraft/leek"
"explorercraft:explorercraft/dragon_heart","[Heart of Y Ddraig Goch!]","Flaming Heart of Wales!","explorercraft:explorercraft/slate"
"explorercraft:explorercraft/dragon_shield","[Shield of Cmyru]","Pride of Wales!","explorercraft:explorercraft/banner_heart"
"explorercraft:explorercraft/exploring_time","[Exploring Time!]","Discover the hidden biomes!","explorercraft:explorercraft/root"
"explorercraft:explorercraft/forested_mountain","[Forested Mountains Discovered!]","A glorious mountain to traverse!","explorercraft:explorercraft/exploring_time"
"explorercraft:explorercraft/gem_hunting","[Shiny Things!]","Discover the hidden gems!","explorercraft:explorercraft/root"
"explorercraft:explorercraft/leek","[Leeks on the hills!]","Can cure a cold?!","explorercraft:explorercraft/snowdonia"
"explorercraft:explorercraft/mine_amethyst","[Treasure of the Earth]","Discovered Amethyst!","explorercraft:explorercraft/gem_hunting"
"explorercraft:explorercraft/mine_jade","[Mineral of the East!]","Discovered Jade!","explorercraft:explorercraft/gem_hunting"
"explorercraft:explorercraft/mine_ruby","[Jewel of the Mountain]","Discovered Ruby!","explorercraft:explorercraft/gem_hunting"
"explorercraft:explorercraft/rice","[Rice Rice Baby!]","Make a tasty bowl of rice!","explorercraft:explorercraft/bamboo_forest"
"explorercraft:explorercraft/root","[Explorercraft]","Let the exploration begin!","-"
"explorercraft:explorercraft/slate","[Slate Discovered!]","Welcome to the Valleys!","explorercraft:explorercraft/snowdonia"
"explorercraft:explorercraft/snowdonia","[Snowdonia Discovered!]","The Land of Song!","explorercraft:explorercraft/exploring_time"
"explorercraft:explorercraft/tatami","[Nobility Awaits!]","Craft Tatami mats!","explorercraft:explorercraft/rice"
"explorercraft:explorercraft/welshcakes","[Make Welsh cakes!]","Find Dried Fruits!","explorercraft:explorercraft/snowdonia"
"explorercraft:explorercraft/welshrarebit","[Craft Welsh Rarebit!]","Ooooh that cheesy goodness!?","explorercraft:explorercraft/leek"
"familiarfauna:recipes/tools/bug_habitat","familiarfauna:recipes/tools/bug_habitat","<null>","-"
"familiarfauna:recipes/tools/bug_net","familiarfauna:recipes/tools/bug_net","<null>","-"
"farlanders:buy_fire_wand","[Wands of Destruction]","Buy a Mystic Wand from a Mystic Enderminion.","farlanders:tame_enderminion"
"farlanders:craft_nightfall_sword","[It's Cutting Edge!]","Obtain a Nightfall Sword.","farlanders:kill_mystic_enderman"
"farlanders:kill_classic_enderman","[This is the End]","Slay a Classic Enderman.","farlanders:root"
"farlanders:kill_mystic_enderman","[Abra Kadabra]","The Mystic Enderman dropped a Mystic Wand!","farlanders:kill_classic_enderman"
"farlanders:obtain_end_portal_frame","[Alternative Ending]","Obtain an End Portal Frame.","farlanders:kill_classic_enderman"
"farlanders:obtain_full_nightfall","[Among Endermen]","Obtain all the pieces of the Nightfall Armor.","farlanders:craft_nightfall_sword"
"farlanders:recipes/endumium_block","farlanders:recipes/endumium_block","<null>","minecraft:recipes/root"
"farlanders:recipes/endumium_crystal","farlanders:recipes/endumium_crystal","<null>","minecraft:recipes/root"
"farlanders:recipes/nightfall_boots","farlanders:recipes/nightfall_boots","<null>","minecraft:recipes/root"
"farlanders:recipes/nightfall_chestplate","farlanders:recipes/nightfall_chestplate","<null>","minecraft:recipes/root"
"farlanders:recipes/nightfall_helmet","farlanders:recipes/nightfall_helmet","<null>","minecraft:recipes/root"
"farlanders:recipes/nightfall_leggings","farlanders:recipes/nightfall_leggings","<null>","minecraft:recipes/root"
"farlanders:recipes/nightfall_sword","farlanders:recipes/nightfall_sword","<null>","minecraft:recipes/root"
"farlanders:root","[The Farlanders Mod]","A mod full of strange creatures.","-"
"farlanders:tame_enderminion","[Leader of the Minions]","Tame an Enderminion.","farlanders:root"
"farmersdelight:main/craft_knife","[Hunt and Gather]","Craft a Knife to scavenge extra goods from plants and animals","farmersdelight:main/root"
"farmersdelight:main/eat_comfort_food","[Comforting!]","Warm bowl meals will keep you healing steadily, no matter how hungry you are!","farmersdelight:main/place_cooking_pot"
"farmersdelight:main/eat_nourishing_food","[Nourishing!]","Plated meals will prevent you from getting exhausted or hungry for a while!","farmersdelight:main/eat_comfort_food"
"farmersdelight:main/get_fd_seed","[Crops of the Wild]","Four new crops may be found in the wild, across many climates... or maybe in a chest somewhere.","farmersdelight:main/root"
"farmersdelight:main/get_ham","[Wild Butcher]","Use a Knife to extract Ham from Pigs or Hoglins","farmersdelight:main/craft_knife"
"farmersdelight:main/get_mushroom_colony","[Fungus Among Us]","Shear a fully mature Mushroom Colony. To grow them like this, you'll need a very rich soil...","farmersdelight:main/get_fd_seed"
"farmersdelight:main/get_rich_soil","[Plant Food]","Organic Compost slowly decays into Rich Soil, an upgrade for your farms!","farmersdelight:main/place_organic_compost"
"farmersdelight:main/harvest_ropelogged_tomato","[Tall-mato]","Hang some rope above a tomato crop to make it grow taller","farmersdelight:main/get_fd_seed"
"farmersdelight:main/harvest_straw","[Grasping at Straws]","Harvest grass, wheat or rice with a Knife to collect Straw","farmersdelight:main/craft_knife"
"farmersdelight:main/hit_raider_with_rotten_tomato","[Boo! Hiss!]","Throw a Rotten Tomato at one of these pesky raiders!","farmersdelight:main/harvest_ropelogged_tomato"
"farmersdelight:main/master_chef","[Master Chef]","Eat a course of every meal available!","farmersdelight:main/place_feast"
"farmersdelight:main/obtain_netherite_knife","[If You Can't Take the Heat...]","Spend a whole Netherite Ingot to upgrade your knife! Or get out of the kitchen.","farmersdelight:main/use_cutting_board"
"farmersdelight:main/place_campfire","[Stoked Up]","Place down a Stove to cook some food","farmersdelight:main/root"
"farmersdelight:main/place_cooking_pot","[Dinner's Served!]","Put down a Cooking Pot and start preparing meals!","farmersdelight:main/place_campfire"
"farmersdelight:main/place_feast","[A Glorious Feast]","Some meals are big enough to be placed down and shared with friends!","farmersdelight:main/eat_nourishing_food"
"farmersdelight:main/place_organic_compost","[Advanced Composting]","Place down some Organic Compost. It composts better with sun, water and mushrooms!","farmersdelight:main/harvest_straw"
"farmersdelight:main/place_skillet","[Sizzling Hot!]","Sneak to place your Skillet down as a block","farmersdelight:main/use_skillet"
"farmersdelight:main/plant_all_crops","[Crop Rotation]","Cultivate every food-related plant you can find, such as vegetables, fruits, fungi or roots!","farmersdelight:main/plant_rice"
"farmersdelight:main/plant_rice","[Dipping Your Roots]","Plant grains of Rice in shallow water or beside the water's edge","farmersdelight:main/get_fd_seed"
"farmersdelight:main/root","[Farmer's Delight]","A world of flavor awaits you!","-"
"farmersdelight:main/use_cutting_board","[Watch Your Fingers]","With a tool in hand, use a Cutting Board to break down an item","farmersdelight:main/craft_knife"
"farmersdelight:main/use_skillet","[Portable Cooking]","Skillets let you cook on the go. Stand near heat, then hold food in your other hand!","farmersdelight:main/place_campfire"
"farmersdelight:recipes/building_blocks/cabbage_crate","farmersdelight:recipes/building_blocks/cabbage_crate","<null>","minecraft:recipes/root"
"farmersdelight:recipes/building_blocks/onion_crate","farmersdelight:recipes/building_blocks/onion_crate","<null>","minecraft:recipes/root"
"farmersdelight:recipes/building_blocks/organic_compost_from_rotten_flesh","farmersdelight:recipes/building_blocks/organic_compost_from_rotten_flesh","<null>","minecraft:recipes/root"
"farmersdelight:recipes/building_blocks/organic_compost_from_tree_bark","farmersdelight:recipes/building_blocks/organic_compost_from_tree_bark","<null>","minecraft:recipes/root"
"farmersdelight:recipes/building_blocks/pumpkin_from_slices","farmersdelight:recipes/building_blocks/pumpkin_from_slices","<null>","minecraft:recipes/root"
"farmersdelight:recipes/building_blocks/rice_bag","farmersdelight:recipes/building_blocks/rice_bag","<null>","minecraft:recipes/root"
"farmersdelight:recipes/building_blocks/rice_bale","farmersdelight:recipes/building_blocks/rice_bale","<null>","minecraft:recipes/root"
"farmersdelight:recipes/building_blocks/straw_bale","farmersdelight:recipes/building_blocks/straw_bale","<null>","minecraft:recipes/root"
"farmersdelight:recipes/building_blocks/tatami","farmersdelight:recipes/building_blocks/tatami","<null>","minecraft:recipes/root"
"farmersdelight:recipes/building_blocks/tatami_block_from_full","farmersdelight:recipes/building_blocks/tatami_block_from_full","<null>","minecraft:recipes/root"
"farmersdelight:recipes/building_blocks/tomato_crate","farmersdelight:recipes/building_blocks/tomato_crate","<null>","minecraft:recipes/root"
"farmersdelight:recipes/combat/diamond_knife","farmersdelight:recipes/combat/diamond_knife","<null>","minecraft:recipes/root"
"farmersdelight:recipes/combat/flint_knife","farmersdelight:recipes/combat/flint_knife","<null>","minecraft:recipes/root"
"farmersdelight:recipes/combat/golden_knife","farmersdelight:recipes/combat/golden_knife","<null>","minecraft:recipes/root"
"farmersdelight:recipes/combat/iron_knife","farmersdelight:recipes/combat/iron_knife","<null>","minecraft:recipes/root"
"farmersdelight:recipes/decorations/acacia_cabinet","farmersdelight:recipes/decorations/acacia_cabinet","<null>","minecraft:recipes/root"
"farmersdelight:recipes/decorations/basket","farmersdelight:recipes/decorations/basket","<null>","minecraft:recipes/root"
"farmersdelight:recipes/decorations/birch_cabinet","farmersdelight:recipes/decorations/birch_cabinet","<null>","minecraft:recipes/root"
"farmersdelight:recipes/decorations/black_canvas_sign","farmersdelight:recipes/decorations/black_canvas_sign","<null>","minecraft:recipes/root"
"farmersdelight:recipes/decorations/black_hanging_canvas_sign","farmersdelight:recipes/decorations/black_hanging_canvas_sign","<null>","minecraft:recipes/root"
"farmersdelight:recipes/decorations/blue_canvas_sign","farmersdelight:recipes/decorations/blue_canvas_sign","<null>","minecraft:recipes/root"
"farmersdelight:recipes/decorations/blue_hanging_canvas_sign","farmersdelight:recipes/decorations/blue_hanging_canvas_sign","<null>","minecraft:recipes/root"
"farmersdelight:recipes/decorations/brown_canvas_sign","farmersdelight:recipes/decorations/brown_canvas_sign","<null>","minecraft:recipes/root"
"farmersdelight:recipes/decorations/brown_hanging_canvas_sign","farmersdelight:recipes/decorations/brown_hanging_canvas_sign","<null>","minecraft:recipes/root"
"farmersdelight:recipes/decorations/canvas_rug","farmersdelight:recipes/decorations/canvas_rug","<null>","minecraft:recipes/root"
"farmersdelight:recipes/decorations/canvas_sign","farmersdelight:recipes/decorations/canvas_sign","<null>","minecraft:recipes/root"
"farmersdelight:recipes/decorations/cooking_pot","farmersdelight:recipes/decorations/cooking_pot","<null>","minecraft:recipes/root"
"farmersdelight:recipes/decorations/cutting_board","farmersdelight:recipes/decorations/cutting_board","<null>","minecraft:recipes/root"
"farmersdelight:recipes/decorations/cyan_canvas_sign","farmersdelight:recipes/decorations/cyan_canvas_sign","<null>","minecraft:recipes/root"
"farmersdelight:recipes/decorations/cyan_hanging_canvas_sign","farmersdelight:recipes/decorations/cyan_hanging_canvas_sign","<null>","minecraft:recipes/root"
"farmersdelight:recipes/decorations/dark_oak_cabinet","farmersdelight:recipes/decorations/dark_oak_cabinet","<null>","minecraft:recipes/root"
"farmersdelight:recipes/decorations/full_tatami_mat","farmersdelight:recipes/decorations/full_tatami_mat","<null>","minecraft:recipes/root"
"farmersdelight:recipes/decorations/full_tatami_mat_from_halves","farmersdelight:recipes/decorations/full_tatami_mat_from_halves","<null>","minecraft:recipes/root"
"farmersdelight:recipes/decorations/gray_canvas_sign","farmersdelight:recipes/decorations/gray_canvas_sign","<null>","minecraft:recipes/root"
"farmersdelight:recipes/decorations/gray_hanging_canvas_sign","farmersdelight:recipes/decorations/gray_hanging_canvas_sign","<null>","minecraft:recipes/root"
"farmersdelight:recipes/decorations/green_canvas_sign","farmersdelight:recipes/decorations/green_canvas_sign","<null>","minecraft:recipes/root"
"farmersdelight:recipes/decorations/green_hanging_canvas_sign","farmersdelight:recipes/decorations/green_hanging_canvas_sign","<null>","minecraft:recipes/root"
"farmersdelight:recipes/decorations/half_tatami_mat","farmersdelight:recipes/decorations/half_tatami_mat","<null>","minecraft:recipes/root"
"farmersdelight:recipes/decorations/jungle_cabinet","farmersdelight:recipes/decorations/jungle_cabinet","<null>","minecraft:recipes/root"
"farmersdelight:recipes/decorations/light_blue_canvas_sign","farmersdelight:recipes/decorations/light_blue_canvas_sign","<null>","minecraft:recipes/root"
"farmersdelight:recipes/decorations/light_blue_hanging_canvas_sign","farmersdelight:recipes/decorations/light_blue_hanging_canvas_sign","<null>","minecraft:recipes/root"
"farmersdelight:recipes/decorations/light_gray_canvas_sign","farmersdelight:recipes/decorations/light_gray_canvas_sign","<null>","minecraft:recipes/root"
"farmersdelight:recipes/decorations/light_gray_hanging_canvas_sign","farmersdelight:recipes/decorations/light_gray_hanging_canvas_sign","<null>","minecraft:recipes/root"
"farmersdelight:recipes/decorations/lime_canvas_sign","farmersdelight:recipes/decorations/lime_canvas_sign","<null>","minecraft:recipes/root"
"farmersdelight:recipes/decorations/lime_hanging_canvas_sign","farmersdelight:recipes/decorations/lime_hanging_canvas_sign","<null>","minecraft:recipes/root"
"farmersdelight:recipes/decorations/magenta_canvas_sign","farmersdelight:recipes/decorations/magenta_canvas_sign","<null>","minecraft:recipes/root"
"farmersdelight:recipes/decorations/magenta_hanging_canvas_sign","farmersdelight:recipes/decorations/magenta_hanging_canvas_sign","<null>","minecraft:recipes/root"
"farmersdelight:recipes/decorations/oak_cabinet","farmersdelight:recipes/decorations/oak_cabinet","<null>","minecraft:recipes/root"
"farmersdelight:recipes/decorations/orange_canvas_sign","farmersdelight:recipes/decorations/orange_canvas_sign","<null>","minecraft:recipes/root"
"farmersdelight:recipes/decorations/orange_hanging_canvas_sign","farmersdelight:recipes/decorations/orange_hanging_canvas_sign","<null>","minecraft:recipes/root"
"farmersdelight:recipes/decorations/painting_from_canvas","farmersdelight:recipes/decorations/painting_from_canvas","<null>","minecraft:recipes/root"
"farmersdelight:recipes/decorations/pink_canvas_sign","farmersdelight:recipes/decorations/pink_canvas_sign","<null>","minecraft:recipes/root"
"farmersdelight:recipes/decorations/pink_hanging_canvas_sign","farmersdelight:recipes/decorations/pink_hanging_canvas_sign","<null>","minecraft:recipes/root"
"farmersdelight:recipes/decorations/purple_canvas_sign","farmersdelight:recipes/decorations/purple_canvas_sign","<null>","minecraft:recipes/root"
"farmersdelight:recipes/decorations/purple_hanging_canvas_sign","farmersdelight:recipes/decorations/purple_hanging_canvas_sign","<null>","minecraft:recipes/root"
"farmersdelight:recipes/decorations/red_canvas_sign","farmersdelight:recipes/decorations/red_canvas_sign","<null>","minecraft:recipes/root"
"farmersdelight:recipes/decorations/red_hanging_canvas_sign","farmersdelight:recipes/decorations/red_hanging_canvas_sign","<null>","minecraft:recipes/root"
"farmersdelight:recipes/decorations/rope","farmersdelight:recipes/decorations/rope","<null>","minecraft:recipes/root"
"farmersdelight:recipes/decorations/rope_from_safety_net","farmersdelight:recipes/decorations/rope_from_safety_net","<null>","minecraft:recipes/root"
"farmersdelight:recipes/decorations/safety_net","farmersdelight:recipes/decorations/safety_net","<null>","minecraft:recipes/root"
"farmersdelight:recipes/decorations/skillet","farmersdelight:recipes/decorations/skillet","<null>","minecraft:recipes/root"
"farmersdelight:recipes/decorations/spruce_cabinet","farmersdelight:recipes/decorations/spruce_cabinet","<null>","minecraft:recipes/root"
"farmersdelight:recipes/decorations/white_canvas_sign","farmersdelight:recipes/decorations/white_canvas_sign","<null>","minecraft:recipes/root"
"farmersdelight:recipes/decorations/white_hanging_canvas_sign","farmersdelight:recipes/decorations/white_hanging_canvas_sign","<null>","minecraft:recipes/root"
"farmersdelight:recipes/decorations/yellow_canvas_sign","farmersdelight:recipes/decorations/yellow_canvas_sign","<null>","minecraft:recipes/root"
"farmersdelight:recipes/decorations/yellow_hanging_canvas_sign","farmersdelight:recipes/decorations/yellow_hanging_canvas_sign","<null>","minecraft:recipes/root"
"farmersdelight:recipes/food/apple_pie","farmersdelight:recipes/food/apple_pie","<null>","minecraft:recipes/root"
"farmersdelight:recipes/food/apple_pie_from_slices","farmersdelight:recipes/food/apple_pie_from_slices","<null>","minecraft:recipes/root"
"farmersdelight:recipes/food/bacon_and_eggs","farmersdelight:recipes/food/bacon_and_eggs","<null>","minecraft:recipes/root"
"farmersdelight:recipes/food/bacon_sandwich","farmersdelight:recipes/food/bacon_sandwich","<null>","minecraft:recipes/root"
"farmersdelight:recipes/food/barbecue_stick","farmersdelight:recipes/food/barbecue_stick","<null>","minecraft:recipes/root"
"farmersdelight:recipes/food/beef_patty","farmersdelight:recipes/food/beef_patty","<null>","minecraft:recipes/root"
"farmersdelight:recipes/food/beef_patty_from_campfire_cooking","farmersdelight:recipes/food/beef_patty_from_campfire_cooking","<null>","minecraft:recipes/root"
"farmersdelight:recipes/food/beef_patty_from_smoking","farmersdelight:recipes/food/beef_patty_from_smoking","<null>","minecraft:recipes/root"
"farmersdelight:recipes/food/beetroot_from_crate","farmersdelight:recipes/food/beetroot_from_crate","<null>","minecraft:recipes/root"
"farmersdelight:recipes/food/bread_from_smelting","farmersdelight:recipes/food/bread_from_smelting","<null>","minecraft:recipes/root"
"farmersdelight:recipes/food/bread_from_smoking","farmersdelight:recipes/food/bread_from_smoking","<null>","minecraft:recipes/root"
"farmersdelight:recipes/food/cabbage","farmersdelight:recipes/food/cabbage","<null>","minecraft:recipes/root"
"farmersdelight:recipes/food/cabbage_from_leaves","farmersdelight:recipes/food/cabbage_from_leaves","<null>","minecraft:recipes/root"
"farmersdelight:recipes/food/cake_from_milk_bottle","farmersdelight:recipes/food/cake_from_milk_bottle","<null>","minecraft:recipes/root"
"farmersdelight:recipes/food/cake_from_slices","farmersdelight:recipes/food/cake_from_slices","<null>","minecraft:recipes/root"
"farmersdelight:recipes/food/carrot_from_crate","farmersdelight:recipes/food/carrot_from_crate","<null>","minecraft:recipes/root"
"farmersdelight:recipes/food/chicken_sandwich","farmersdelight:recipes/food/chicken_sandwich","<null>","minecraft:recipes/root"
"farmersdelight:recipes/food/chocolate_pie","farmersdelight:recipes/food/chocolate_pie","<null>","minecraft:recipes/root"
"farmersdelight:recipes/food/chocolate_pie_from_slices","farmersdelight:recipes/food/chocolate_pie_from_slices","<null>","minecraft:recipes/root"
"farmersdelight:recipes/food/cod_roll","farmersdelight:recipes/food/cod_roll","<null>","minecraft:recipes/root"
"farmersdelight:recipes/food/cooked_bacon","farmersdelight:recipes/food/cooked_bacon","<null>","minecraft:recipes/root"
"farmersdelight:recipes/food/cooked_bacon_from_campfire_cooking","farmersdelight:recipes/food/cooked_bacon_from_campfire_cooking","<null>","minecraft:recipes/root"
"farmersdelight:recipes/food/cooked_bacon_from_smoking","farmersdelight:recipes/food/cooked_bacon_from_smoking","<null>","minecraft:recipes/root"
"farmersdelight:recipes/food/cooked_chicken_cuts","farmersdelight:recipes/food/cooked_chicken_cuts","<null>","minecraft:recipes/root"
"farmersdelight:recipes/food/cooked_chicken_cuts_from_campfire_cooking","farmersdelight:recipes/food/cooked_chicken_cuts_from_campfire_cooking","<null>","minecraft:recipes/root"
"farmersdelight:recipes/food/cooked_chicken_cuts_from_smoking","farmersdelight:recipes/food/cooked_chicken_cuts_from_smoking","<null>","minecraft:recipes/root"
"farmersdelight:recipes/food/cooked_cod_slice","farmersdelight:recipes/food/cooked_cod_slice","<null>","minecraft:recipes/root"
"farmersdelight:recipes/food/cooked_cod_slice_from_campfire_cooking","farmersdelight:recipes/food/cooked_cod_slice_from_campfire_cooking","<null>","minecraft:recipes/root"
"farmersdelight:recipes/food/cooked_cod_slice_from_smoking","farmersdelight:recipes/food/cooked_cod_slice_from_smoking","<null>","minecraft:recipes/root"
"farmersdelight:recipes/food/cooked_mutton_chops","farmersdelight:recipes/food/cooked_mutton_chops","<null>","minecraft:recipes/root"
"farmersdelight:recipes/food/cooked_mutton_chops_from_campfire_cooking","farmersdelight:recipes/food/cooked_mutton_chops_from_campfire_cooking","<null>","minecraft:recipes/root"
"farmersdelight:recipes/food/cooked_mutton_chops_from_smoking","farmersdelight:recipes/food/cooked_mutton_chops_from_smoking","<null>","minecraft:recipes/root"
"farmersdelight:recipes/food/cooked_salmon_slice","farmersdelight:recipes/food/cooked_salmon_slice","<null>","minecraft:recipes/root"
"farmersdelight:recipes/food/cooked_salmon_slice_from_campfire_cooking","farmersdelight:recipes/food/cooked_salmon_slice_from_campfire_cooking","<null>","minecraft:recipes/root"
"farmersdelight:recipes/food/cooked_salmon_slice_from_smoking","farmersdelight:recipes/food/cooked_salmon_slice_from_smoking","<null>","minecraft:recipes/root"
"farmersdelight:recipes/food/egg_sandwich","farmersdelight:recipes/food/egg_sandwich","<null>","minecraft:recipes/root"
"farmersdelight:recipes/food/fried_egg","farmersdelight:recipes/food/fried_egg","<null>","minecraft:recipes/root"
"farmersdelight:recipes/food/fried_egg_from_campfire_cooking","farmersdelight:recipes/food/fried_egg_from_campfire_cooking","<null>","minecraft:recipes/root"
"farmersdelight:recipes/food/fried_egg_from_smoking","farmersdelight:recipes/food/fried_egg_from_smoking","<null>","minecraft:recipes/root"
"farmersdelight:recipes/food/hamburger","farmersdelight:recipes/food/hamburger","<null>","minecraft:recipes/root"
"farmersdelight:recipes/food/honey_glazed_ham_block","farmersdelight:recipes/food/honey_glazed_ham_block","<null>","minecraft:recipes/root"
"farmersdelight:recipes/food/horse_feed","farmersdelight:recipes/food/horse_feed","<null>","minecraft:recipes/root"
"farmersdelight:recipes/food/melon_juice","farmersdelight:recipes/food/melon_juice","<null>","minecraft:recipes/root"
"farmersdelight:recipes/food/melon_popsicle","farmersdelight:recipes/food/melon_popsicle","<null>","minecraft:recipes/root"
"farmersdelight:recipes/food/milk_bottle","farmersdelight:recipes/food/milk_bottle","<null>","minecraft:recipes/root"
"farmersdelight:recipes/food/mixed_salad","farmersdelight:recipes/food/mixed_salad","<null>","minecraft:recipes/root"
"farmersdelight:recipes/food/mutton_wrap","farmersdelight:recipes/food/mutton_wrap","<null>","minecraft:recipes/root"
"farmersdelight:recipes/food/onion","farmersdelight:recipes/food/onion","<null>","minecraft:recipes/root"
"farmersdelight:recipes/food/pie_crust","farmersdelight:recipes/food/pie_crust","<null>","minecraft:recipes/root"
"farmersdelight:recipes/food/potato_from_crate","farmersdelight:recipes/food/potato_from_crate","<null>","minecraft:recipes/root"
"farmersdelight:recipes/food/rice","farmersdelight:recipes/food/rice","<null>","minecraft:recipes/root"
"farmersdelight:recipes/food/rice_from_bag","farmersdelight:recipes/food/rice_from_bag","<null>","minecraft:recipes/root"
"farmersdelight:recipes/food/rice_panicle","farmersdelight:recipes/food/rice_panicle","<null>","minecraft:recipes/root"
"farmersdelight:recipes/food/rice_roll_medley_block","farmersdelight:recipes/food/rice_roll_medley_block","<null>","minecraft:recipes/root"
"farmersdelight:recipes/food/roast_chicken_block","farmersdelight:recipes/food/roast_chicken_block","<null>","minecraft:recipes/root"
"farmersdelight:recipes/food/roasted_mutton_chops","farmersdelight:recipes/food/roasted_mutton_chops","<null>","minecraft:recipes/root"
"farmersdelight:recipes/food/salmon_roll","farmersdelight:recipes/food/salmon_roll","<null>","minecraft:recipes/root"
"farmersdelight:recipes/food/shepherds_pie_block","farmersdelight:recipes/food/shepherds_pie_block","<null>","minecraft:recipes/root"
"farmersdelight:recipes/food/smoked_ham","farmersdelight:recipes/food/smoked_ham","<null>","minecraft:recipes/root"
"farmersdelight:recipes/food/steak_and_potatoes","farmersdelight:recipes/food/steak_and_potatoes","<null>","minecraft:recipes/root"
"farmersdelight:recipes/food/stuffed_potato","farmersdelight:recipes/food/stuffed_potato","<null>","minecraft:recipes/root"
"farmersdelight:recipes/food/sweet_berry_cheesecake","farmersdelight:recipes/food/sweet_berry_cheesecake","<null>","minecraft:recipes/root"
"farmersdelight:recipes/food/sweet_berry_cheesecake_from_slices","farmersdelight:recipes/food/sweet_berry_cheesecake_from_slices","<null>","minecraft:recipes/root"
"farmersdelight:recipes/food/tomato","farmersdelight:recipes/food/tomato","<null>","minecraft:recipes/root"
"farmersdelight:recipes/food/wheat_dough_from_egg","farmersdelight:recipes/food/wheat_dough_from_egg","<null>","minecraft:recipes/root"
"farmersdelight:recipes/misc/book_from_canvas","farmersdelight:recipes/misc/book_from_canvas","<null>","minecraft:recipes/root"
"farmersdelight:recipes/misc/canvas","farmersdelight:recipes/misc/canvas","<null>","minecraft:recipes/root"
"farmersdelight:recipes/misc/canvas_from_canvas_rug","farmersdelight:recipes/misc/canvas_from_canvas_rug","<null>","minecraft:recipes/root"
"farmersdelight:recipes/misc/gold_nugget_from_blasting_knife","farmersdelight:recipes/misc/gold_nugget_from_blasting_knife","<null>","minecraft:recipes/root"
"farmersdelight:recipes/misc/gold_nugget_from_smelting_knife","farmersdelight:recipes/misc/gold_nugget_from_smelting_knife","<null>","minecraft:recipes/root"
"farmersdelight:recipes/misc/iron_nugget_from_blasting_knife","farmersdelight:recipes/misc/iron_nugget_from_blasting_knife","<null>","minecraft:recipes/root"
"farmersdelight:recipes/misc/iron_nugget_from_smelting_knife","farmersdelight:recipes/misc/iron_nugget_from_smelting_knife","<null>","minecraft:recipes/root"
"farmersdelight:recipes/misc/milk_bucket_from_bottles","farmersdelight:recipes/misc/milk_bucket_from_bottles","<null>","minecraft:recipes/root"
"farmersdelight:recipes/misc/paper_from_tree_bark","farmersdelight:recipes/misc/paper_from_tree_bark","<null>","minecraft:recipes/root"
"farmersdelight:recipes/misc/pumpkin_seeds_from_slice","farmersdelight:recipes/misc/pumpkin_seeds_from_slice","<null>","minecraft:recipes/root"
"farmersdelight:recipes/misc/straw","farmersdelight:recipes/misc/straw","<null>","minecraft:recipes/root"
"farmersdelight:recipes/misc/tomato_seeds","farmersdelight:recipes/misc/tomato_seeds","<null>","minecraft:recipes/root"
"farmersdelight:recipes/tools/lead_from_straw","farmersdelight:recipes/tools/lead_from_straw","<null>","minecraft:recipes/root"
"iceandfire:iceandfire/bestiary","[Book of Monsters]","Using 3 manuscripts found in dungeons, create a bestiary","iceandfire:iceandfire/root"
"iceandfire:iceandfire/dragon_egg","[Mother of Dragons]","Obtain a dragon egg","iceandfire:iceandfire/kill_if_dragon"
"iceandfire:iceandfire/dragon_flute","[The Song of the Dragons]","Craft a dragon flute to stop runaway dragons","iceandfire:iceandfire/dragon_egg"
"iceandfire:iceandfire/dragon_forge_brick","[Another Brick in the Wall]","Create a dragon forge brick","iceandfire:iceandfire/kill_if_dragon"
"iceandfire:iceandfire/dragon_forge_core","[The Heart and the Flame]","Create a dragon forge core","iceandfire:iceandfire/dragon_forge_brick"
"iceandfire:iceandfire/dragon_horn","[An Ear-Shattering Roar]","Craft a dragon horn to store dragons","iceandfire:iceandfire/dragon_egg"
"iceandfire:iceandfire/dragon_meal","[Dragon Growth Hormone]","Create Dragon Meal to rapidly grow baby dragons","iceandfire:iceandfire/dragon_egg"
"iceandfire:iceandfire/dragon_staff","[Dragon Commander]","Craft a dragon command staff to control your dragons","iceandfire:iceandfire/dragon_egg"
"iceandfire:iceandfire/dragonarmor","[Suit Up]","Obtain dragon armor","iceandfire:iceandfire/dragon_egg"
"iceandfire:iceandfire/dragonbone_flaming_sword","[A Flaming Sword]","Create the legendary fire or ice dragon weapon","iceandfire:iceandfire/dragonbone_tool"
"iceandfire:iceandfire/dragonbone_tool","[Splintering II]","Craft a tool made of dragon bone","iceandfire:iceandfire/kill_if_dragon"
"iceandfire:iceandfire/dragonsteel","[Forged in Flame]","Create a dragonsteel ingot from dragon blood and iron","iceandfire:iceandfire/dragon_forge_core"
"iceandfire:iceandfire/dragonsteel_weapon","[Draconic Evolution]","Create a weapon from dragonsteel","iceandfire:iceandfire/dragonsteel"
"iceandfire:iceandfire/gorgon_head","[Clash of the Titans]","Obtain the gorgons head, a weapon that turns any who look at it to stone","iceandfire:iceandfire/bestiary"
"iceandfire:iceandfire/jar_pixie","[Surfer Rosa]","Trap a pixie in a jar to farm the dust","iceandfire:iceandfire/tame_pixie"
"iceandfire:iceandfire/kill_cyclops","[My Name is Nobody]","Defeat a cyclops","iceandfire:iceandfire/bestiary"
"iceandfire:iceandfire/kill_deathworm","[The Desert Swimmers]","Kill a death worm. Pro tip: they love to eat TNT!","iceandfire:iceandfire/bestiary"
"iceandfire:iceandfire/kill_hydra","[The Twelve Labors of Hercules]","Slay a hydra.","iceandfire:iceandfire/bestiary"
"iceandfire:iceandfire/kill_if_dragon","[Dragonslayer]","Kill an ice dragon or a fire dragon","iceandfire:iceandfire/bestiary"
"iceandfire:iceandfire/kill_myrmex","[The Only Good Bug...]","Obtain myrmex chitin from a slain myrmex","iceandfire:iceandfire/bestiary"
"iceandfire:iceandfire/kill_sea_serpent","[Sea of Monsters]","Slay a sea serpent.","iceandfire:iceandfire/bestiary"
"iceandfire:iceandfire/kill_siren","[Tie me to the Mast]","Resist her song and kill a siren","iceandfire:iceandfire/bestiary"
"iceandfire:iceandfire/kill_stymphalian_bird","[Herc was on a Roll!]","Kill a stymphalian bird","iceandfire:iceandfire/bestiary"
"iceandfire:iceandfire/kill_troll","[They Have a Cave Troll!]","Kill a troll","iceandfire:iceandfire/bestiary"
"iceandfire:iceandfire/lectern","[Would you Like to Know More?]","Craft a lectern to learn more about the world of Ice and Fire","iceandfire:iceandfire/bestiary"
"iceandfire:iceandfire/myrmex_resin","[Its Like Printing my Own Money!]","Obtain myrmex resin, the currency of the myrmex","iceandfire:iceandfire/kill_myrmex"
"iceandfire:iceandfire/pixie_wand","[Where Is My Mind?]","Create the legendary pixie weapon","iceandfire:iceandfire/tame_pixie"
"iceandfire:iceandfire/root","[Ice and Fire]","Enter a world of magical creatures","-"
"iceandfire:iceandfire/rotten_egg","[Rotten to the Core]","Obtain a rotten egg","iceandfire:iceandfire/bestiary"
"iceandfire:iceandfire/stymphalian_arrow","[Flying Forwards]","Craft an arrow from stymhalian bird feathers that flies further","iceandfire:iceandfire/kill_stymphalian_bird"
"iceandfire:iceandfire/tame_amphithere","[Jungle Fliers]","Tame a amphithere by shooting it down and riding it","iceandfire:iceandfire/bestiary"
"iceandfire:iceandfire/tame_cockatrice","[Stay Out of my Peripheral!]","Tame a cockatrice from an egg or by staring at it repeatedly","iceandfire:iceandfire/rotten_egg"
"iceandfire:iceandfire/tame_deathworm","[Paul Atreides]","Obtain a death worm egg","iceandfire:iceandfire/kill_deathworm"
"iceandfire:iceandfire/tame_hippocampus","[Free Willy]","Tame a hippocampus by feeding it sponges","iceandfire:iceandfire/bestiary"
"iceandfire:iceandfire/tame_hippogryph","[Buck Beak]","Tame a hippogryph by dropping rabbit feet near it","iceandfire:iceandfire/bestiary"
"iceandfire:iceandfire/tame_pixie","[Here Comes Your Man]","Befriend a pixie by dropping cake near it","iceandfire:iceandfire/bestiary"
"iceandfire:iceandfire/use_tide_trident","[Poseidon, God of the Seas]","Throw a tide trident at a mob","iceandfire:iceandfire/kill_sea_serpent"
"iron_barrels:greatest_barrel","[You Can Store Everything Now!]","Acquire a Netherite Barrel","minecraft:adventure/root"
"iron_barrels:indestructable_barrel","[Indestructable Barrel!]","Acquire an Obsidian Barrel","minecraft:adventure/root"
"lost_aether:ascended","[Ascended]","Defeat the platinum dungeon boss","aether_legacy:extinquished"
"lost_aether:recipes/gale_slab","lost_aether:recipes/gale_slab","<null>","minecraft:recipes/root"
"lost_aether:recipes/gale_stairs","lost_aether:recipes/gale_stairs","<null>","minecraft:recipes/root"
"lost_aether:recipes/gale_wall","lost_aether:recipes/gale_wall","<null>","minecraft:recipes/root"
"lost_aether:recipes/gravitite_shield","lost_aether:recipes/gravitite_shield","<null>","minecraft:recipes/root"
"lost_aether:recipes/zanite_shield","lost_aether:recipes/zanite_shield","<null>","minecraft:recipes/root"
"mcwlights:recipes/garden_light","mcwlights:recipes/garden_light","<null>","minecraft:recipes/root"
"mcwlights:recipes/glowstone_slab","mcwlights:recipes/glowstone_slab","<null>","minecraft:recipes/root"
"mcwlights:recipes/lamps_ceilings","mcwlights:recipes/lamps_ceilings","<null>","minecraft:recipes/root"
"mcwlights:recipes/lantern","mcwlights:recipes/lantern","<null>","minecraft:recipes/root"
"mcwlights:recipes/lava_lamp","mcwlights:recipes/lava_lamp","<null>","minecraft:recipes/root"
"mcwlights:recipes/paper_lamp","mcwlights:recipes/paper_lamp","<null>","minecraft:recipes/root"
"mcwlights:recipes/redstone_slab","mcwlights:recipes/redstone_slab","<null>","minecraft:recipes/root"
"mcwlights:recipes/sea_lantern_slab","mcwlights:recipes/sea_lantern_slab","<null>","minecraft:recipes/root"
"mcwlights:recipes/tiki_torches","mcwlights:recipes/tiki_torches","<null>","minecraft:recipes/root"
"mcwlights:recipes/torches","mcwlights:recipes/torches","<null>","minecraft:recipes/root"
"minecraft:adventure/adventuring_time","[Adventuring Time]","Discover every Vanilla biome","minecraft:adventure/sleep_in_bed"
"minecraft:adventure/kill_a_mob","[Monster Hunter]","Kill any hostile monster","minecraft:adventure/root"
"minecraft:adventure/kill_all_mobs","[Monsters Hunted]","Kill one of every hostile monster","minecraft:adventure/kill_a_mob"
"minecraft:adventure/root","[Adventure]","Adventure, exploration and combat","-"
"minecraft:adventure/shoot_arrow","[Take Aim]","Shoot something with a bow and arrow","minecraft:adventure/kill_a_mob"
"minecraft:adventure/sleep_in_bed","[Sweet dreams]","Change your respawn point","minecraft:adventure/root"
"minecraft:adventure/sniper_duel","[Sniper duel]","Kill a skeleton with an arrow from more than 50 meters","minecraft:adventure/shoot_arrow"
"minecraft:adventure/summon_iron_golem","[Hired Help]","Summon an Iron Golem to help defend a village","minecraft:adventure/trade"
"minecraft:adventure/totem_of_undying","[Postmortal]","Use a Totem of Undying to cheat death","minecraft:adventure/kill_a_mob"
"minecraft:adventure/trade","[What a Deal!]","Successfully trade with a Villager","minecraft:adventure/root"
"minecraft:end/dragon_breath","[You Need a Mint]","Collect dragon's breath in a glass bottle","minecraft:end/kill_dragon"
"minecraft:end/dragon_egg","[The Next Generation]","Hold the Dragon Egg","minecraft:end/kill_dragon"
"minecraft:end/elytra","[Sky's the Limit]","Find an Elytra","minecraft:end/find_end_city"
"minecraft:end/enter_end_gateway","[Remote Getaway]","Escape the island","minecraft:end/kill_dragon"
"minecraft:end/find_end_city","[The City at the End of the Game]","Go on in, what could happen?","minecraft:end/enter_end_gateway"
"minecraft:end/kill_dragon","[Free the End]","Good luck","minecraft:end/root"
"minecraft:end/levitate","[Great View From Up Here]","Levitate up 50 blocks from the attacks of a Shulker","minecraft:end/find_end_city"
"minecraft:end/respawn_dragon","[The End... Again...]","Respawn the ender dragon","minecraft:end/kill_dragon"
"minecraft:end/root","[The End]","Or the beginning?","-"
"minecraft:husbandry/balanced_diet","[A Balanced Diet]","Eat everything that is edible, even if it's not good for you","minecraft:husbandry/plant_seed"
"minecraft:husbandry/break_diamond_hoe","[Serious Dedication]","Completely use up a diamond hoe, and then reevaluate your life choices","minecraft:husbandry/plant_seed"
"minecraft:husbandry/bred_all_animals","[Two by Two]","Breed all the animals!","minecraft:husbandry/breed_an_animal"
"minecraft:husbandry/breed_an_animal","[The Parrots and the Bats]","Breed two animals together","minecraft:husbandry/root"
"minecraft:husbandry/plant_seed","[A Seedy Place]","Plant a seed and watch it grow","minecraft:husbandry/root"
"minecraft:husbandry/root","[Husbandry]","The world is full of friends and food","-"
"minecraft:husbandry/tame_an_animal","[Best Friends Forever]","Tame an animal","minecraft:husbandry/root"
"minecraft:nether/all_effects","[How Did We Get Here?]","Have every effect applied at the same time","minecraft:nether/all_potions"
"minecraft:nether/all_potions","[A Furious Cocktail]","Have every potion effect applied at the same time","minecraft:nether/brew_potion"
"minecraft:nether/brew_potion","[Local Brewery]","Brew a potion","minecraft:nether/obtain_blaze_rod"
"minecraft:nether/create_beacon","[Bring Home the Beacon]","Construct and place a Beacon","minecraft:nether/summon_wither"
"minecraft:nether/create_full_beacon","[Beaconator]","Bring a beacon to full power","minecraft:nether/create_beacon"
"minecraft:nether/fast_travel","[Subspace Bubble]","Use the Nether to travel 7km in the Overworld","minecraft:nether/root"
"minecraft:nether/find_fortress","[A Terrible Fortress]","Break your way into a Nether Fortress","minecraft:nether/root"
"minecraft:nether/get_wither_skull","[Spooky Scary Skeleton]","Obtain a wither skeleton's skull","minecraft:nether/find_fortress"
"minecraft:nether/obtain_blaze_rod","[Into Fire]","Relieve a Blaze of its rod","minecraft:nether/find_fortress"
"minecraft:nether/return_to_sender","[Return to Sender]","Destroy a Ghast with a fireball","minecraft:nether/root"
"minecraft:nether/root","[Nether]","Bring summer clothes","-"
"minecraft:nether/summon_wither","[Withering Heights]","Summon the Wither","minecraft:nether/get_wither_skull"
"minecraft:nether/uneasy_alliance","[Uneasy Alliance]","Rescue a Ghast from the Nether, bring it safely home to the Overworld... and then kill it.","minecraft:nether/return_to_sender"
"minecraft:recipes/brewing/blaze_powder","minecraft:recipes/brewing/blaze_powder","<null>","minecraft:recipes/root"
"minecraft:recipes/brewing/brewing_stand","minecraft:recipes/brewing/brewing_stand","<null>","minecraft:recipes/root"
"minecraft:recipes/brewing/cauldron","minecraft:recipes/brewing/cauldron","<null>","minecraft:recipes/root"
"minecraft:recipes/brewing/fermented_spider_eye","minecraft:recipes/brewing/fermented_spider_eye","<null>","minecraft:recipes/root"
"minecraft:recipes/brewing/glass_bottle","minecraft:recipes/brewing/glass_bottle","<null>","minecraft:recipes/root"
"minecraft:recipes/brewing/golden_carrot","minecraft:recipes/brewing/golden_carrot","<null>","minecraft:recipes/root"
"minecraft:recipes/brewing/magma_cream","minecraft:recipes/brewing/magma_cream","<null>","minecraft:recipes/root"
"minecraft:recipes/brewing/speckled_melon","minecraft:recipes/brewing/speckled_melon","<null>","minecraft:recipes/root"
"minecraft:recipes/building_blocks/acacia_planks","minecraft:recipes/building_blocks/acacia_planks","<null>","minecraft:recipes/root"
"minecraft:recipes/building_blocks/acacia_stairs","minecraft:recipes/building_blocks/acacia_stairs","<null>","minecraft:recipes/root"
"minecraft:recipes/building_blocks/acacia_wooden_slab","minecraft:recipes/building_blocks/acacia_wooden_slab","<null>","minecraft:recipes/root"
"minecraft:recipes/building_blocks/andesite","minecraft:recipes/building_blocks/andesite","<null>","minecraft:recipes/root"
"minecraft:recipes/building_blocks/birch_planks","minecraft:recipes/building_blocks/birch_planks","<null>","minecraft:recipes/root"
"minecraft:recipes/building_blocks/birch_stairs","minecraft:recipes/building_blocks/birch_stairs","<null>","minecraft:recipes/root"
"minecraft:recipes/building_blocks/birch_wooden_slab","minecraft:recipes/building_blocks/birch_wooden_slab","<null>","minecraft:recipes/root"
"minecraft:recipes/building_blocks/black_concrete_powder","minecraft:recipes/building_blocks/black_concrete_powder","<null>","minecraft:recipes/root"
"minecraft:recipes/building_blocks/black_stained_glass","minecraft:recipes/building_blocks/black_stained_glass","<null>","minecraft:recipes/root"
"minecraft:recipes/building_blocks/black_stained_hardened_clay","minecraft:recipes/building_blocks/black_stained_hardened_clay","<null>","minecraft:recipes/root"
"minecraft:recipes/building_blocks/black_wool","minecraft:recipes/building_blocks/black_wool","<null>","minecraft:recipes/root"
"minecraft:recipes/building_blocks/blue_concrete_powder","minecraft:recipes/building_blocks/blue_concrete_powder","<null>","minecraft:recipes/root"
"minecraft:recipes/building_blocks/blue_stained_glass","minecraft:recipes/building_blocks/blue_stained_glass","<null>","minecraft:recipes/root"
"minecraft:recipes/building_blocks/blue_stained_hardened_clay","minecraft:recipes/building_blocks/blue_stained_hardened_clay","<null>","minecraft:recipes/root"
"minecraft:recipes/building_blocks/blue_wool","minecraft:recipes/building_blocks/blue_wool","<null>","minecraft:recipes/root"
"minecraft:recipes/building_blocks/bone_block","minecraft:recipes/building_blocks/bone_block","<null>","minecraft:recipes/root"
"minecraft:recipes/building_blocks/bookshelf","minecraft:recipes/building_blocks/bookshelf","<null>","minecraft:recipes/root"
"minecraft:recipes/building_blocks/brick_block","minecraft:recipes/building_blocks/brick_block","<null>","minecraft:recipes/root"
"minecraft:recipes/building_blocks/brick_slab","minecraft:recipes/building_blocks/brick_slab","<null>","minecraft:recipes/root"
"minecraft:recipes/building_blocks/brick_stairs","minecraft:recipes/building_blocks/brick_stairs","<null>","minecraft:recipes/root"
"minecraft:recipes/building_blocks/brown_concrete_powder","minecraft:recipes/building_blocks/brown_concrete_powder","<null>","minecraft:recipes/root"
"minecraft:recipes/building_blocks/brown_stained_glass","minecraft:recipes/building_blocks/brown_stained_glass","<null>","minecraft:recipes/root"
"minecraft:recipes/building_blocks/brown_stained_hardened_clay","minecraft:recipes/building_blocks/brown_stained_hardened_clay","<null>","minecraft:recipes/root"
"minecraft:recipes/building_blocks/brown_wool","minecraft:recipes/building_blocks/brown_wool","<null>","minecraft:recipes/root"
"minecraft:recipes/building_blocks/chiseled_quartz_block","minecraft:recipes/building_blocks/chiseled_quartz_block","<null>","minecraft:recipes/root"
"minecraft:recipes/building_blocks/chiseled_red_sandstone","minecraft:recipes/building_blocks/chiseled_red_sandstone","<null>","minecraft:recipes/root"
"minecraft:recipes/building_blocks/chiseled_sandstone","minecraft:recipes/building_blocks/chiseled_sandstone","<null>","minecraft:recipes/root"
"minecraft:recipes/building_blocks/chiseled_stonebrick","minecraft:recipes/building_blocks/chiseled_stonebrick","<null>","minecraft:recipes/root"
"minecraft:recipes/building_blocks/clay","minecraft:recipes/building_blocks/clay","<null>","minecraft:recipes/root"
"minecraft:recipes/building_blocks/coal_block","minecraft:recipes/building_blocks/coal_block","<null>","minecraft:recipes/root"
"minecraft:recipes/building_blocks/coarse_dirt","minecraft:recipes/building_blocks/coarse_dirt","<null>","minecraft:recipes/root"
"minecraft:recipes/building_blocks/cobblestone_slab","minecraft:recipes/building_blocks/cobblestone_slab","<null>","minecraft:recipes/root"
"minecraft:recipes/building_blocks/cyan_concrete_powder","minecraft:recipes/building_blocks/cyan_concrete_powder","<null>","minecraft:recipes/root"
"minecraft:recipes/building_blocks/cyan_stained_glass","minecraft:recipes/building_blocks/cyan_stained_glass","<null>","minecraft:recipes/root"
"minecraft:recipes/building_blocks/cyan_stained_hardened_clay","minecraft:recipes/building_blocks/cyan_stained_hardened_clay","<null>","minecraft:recipes/root"
"minecraft:recipes/building_blocks/cyan_wool","minecraft:recipes/building_blocks/cyan_wool","<null>","minecraft:recipes/root"
"minecraft:recipes/building_blocks/dark_oak_planks","minecraft:recipes/building_blocks/dark_oak_planks","<null>","minecraft:recipes/root"
"minecraft:recipes/building_blocks/dark_oak_stairs","minecraft:recipes/building_blocks/dark_oak_stairs","<null>","minecraft:recipes/root"
"minecraft:recipes/building_blocks/dark_oak_wooden_slab","minecraft:recipes/building_blocks/dark_oak_wooden_slab","<null>","minecraft:recipes/root"
"minecraft:recipes/building_blocks/dark_prismarine","minecraft:recipes/building_blocks/dark_prismarine","<null>","minecraft:recipes/root"
"minecraft:recipes/building_blocks/diamond_block","minecraft:recipes/building_blocks/diamond_block","<null>","minecraft:recipes/root"
"minecraft:recipes/building_blocks/diorite","minecraft:recipes/building_blocks/diorite","<null>","minecraft:recipes/root"
"minecraft:recipes/building_blocks/emerald_block","minecraft:recipes/building_blocks/emerald_block","<null>","minecraft:recipes/root"
"minecraft:recipes/building_blocks/end_bricks","minecraft:recipes/building_blocks/end_bricks","<null>","minecraft:recipes/root"
"minecraft:recipes/building_blocks/glowstone","minecraft:recipes/building_blocks/glowstone","<null>","minecraft:recipes/root"
"minecraft:recipes/building_blocks/gold_block","minecraft:recipes/building_blocks/gold_block","<null>","minecraft:recipes/root"
"minecraft:recipes/building_blocks/granite","minecraft:recipes/building_blocks/granite","<null>","minecraft:recipes/root"
"minecraft:recipes/building_blocks/gray_concrete_powder","minecraft:recipes/building_blocks/gray_concrete_powder","<null>","minecraft:recipes/root"
"minecraft:recipes/building_blocks/gray_stained_glass","minecraft:recipes/building_blocks/gray_stained_glass","<null>","minecraft:recipes/root"
"minecraft:recipes/building_blocks/gray_stained_hardened_clay","minecraft:recipes/building_blocks/gray_stained_hardened_clay","<null>","minecraft:recipes/root"
"minecraft:recipes/building_blocks/gray_wool","minecraft:recipes/building_blocks/gray_wool","<null>","minecraft:recipes/root"
"minecraft:recipes/building_blocks/green_concrete_powder","minecraft:recipes/building_blocks/green_concrete_powder","<null>","minecraft:recipes/root"
"minecraft:recipes/building_blocks/green_stained_glass","minecraft:recipes/building_blocks/green_stained_glass","<null>","minecraft:recipes/root"
"minecraft:recipes/building_blocks/green_stained_hardened_clay","minecraft:recipes/building_blocks/green_stained_hardened_clay","<null>","minecraft:recipes/root"
"minecraft:recipes/building_blocks/green_wool","minecraft:recipes/building_blocks/green_wool","<null>","minecraft:recipes/root"
"minecraft:recipes/building_blocks/hay_block","minecraft:recipes/building_blocks/hay_block","<null>","minecraft:recipes/root"
"minecraft:recipes/building_blocks/iron_block","minecraft:recipes/building_blocks/iron_block","<null>","minecraft:recipes/root"
"minecraft:recipes/building_blocks/jungle_planks","minecraft:recipes/building_blocks/jungle_planks","<null>","minecraft:recipes/root"
"minecraft:recipes/building_blocks/jungle_stairs","minecraft:recipes/building_blocks/jungle_stairs","<null>","minecraft:recipes/root"
"minecraft:recipes/building_blocks/jungle_wooden_slab","minecraft:recipes/building_blocks/jungle_wooden_slab","<null>","minecraft:recipes/root"
"minecraft:recipes/building_blocks/lapis_block","minecraft:recipes/building_blocks/lapis_block","<null>","minecraft:recipes/root"
"minecraft:recipes/building_blocks/light_blue_concrete_powder","minecraft:recipes/building_blocks/light_blue_concrete_powder","<null>","minecraft:recipes/root"
"minecraft:recipes/building_blocks/light_blue_stained_glass","minecraft:recipes/building_blocks/light_blue_stained_glass","<null>","minecraft:recipes/root"
"minecraft:recipes/building_blocks/light_blue_stained_hardened_clay","minecraft:recipes/building_blocks/light_blue_stained_hardened_clay","<null>","minecraft:recipes/root"
"minecraft:recipes/building_blocks/light_blue_wool","minecraft:recipes/building_blocks/light_blue_wool","<null>","minecraft:recipes/root"
"minecraft:recipes/building_blocks/light_gray_concrete_powder","minecraft:recipes/building_blocks/light_gray_concrete_powder","<null>","minecraft:recipes/root"
"minecraft:recipes/building_blocks/light_gray_stained_glass","minecraft:recipes/building_blocks/light_gray_stained_glass","<null>","minecraft:recipes/root"
"minecraft:recipes/building_blocks/light_gray_stained_hardened_clay","minecraft:recipes/building_blocks/light_gray_stained_hardened_clay","<null>","minecraft:recipes/root"
"minecraft:recipes/building_blocks/light_gray_wool","minecraft:recipes/building_blocks/light_gray_wool","<null>","minecraft:recipes/root"
"minecraft:recipes/building_blocks/lime_concrete_powder","minecraft:recipes/building_blocks/lime_concrete_powder","<null>","minecraft:recipes/root"
"minecraft:recipes/building_blocks/lime_stained_glass","minecraft:recipes/building_blocks/lime_stained_glass","<null>","minecraft:recipes/root"
"minecraft:recipes/building_blocks/lime_stained_hardened_clay","minecraft:recipes/building_blocks/lime_stained_hardened_clay","<null>","minecraft:recipes/root"
"minecraft:recipes/building_blocks/lime_wool","minecraft:recipes/building_blocks/lime_wool","<null>","minecraft:recipes/root"
"minecraft:recipes/building_blocks/lit_pumpkin","minecraft:recipes/building_blocks/lit_pumpkin","<null>","minecraft:recipes/root"
"minecraft:recipes/building_blocks/magenta_concrete_powder","minecraft:recipes/building_blocks/magenta_concrete_powder","<null>","minecraft:recipes/root"
"minecraft:recipes/building_blocks/magenta_stained_glass","minecraft:recipes/building_blocks/magenta_stained_glass","<null>","minecraft:recipes/root"
"minecraft:recipes/building_blocks/magenta_stained_hardened_clay","minecraft:recipes/building_blocks/magenta_stained_hardened_clay","<null>","minecraft:recipes/root"
"minecraft:recipes/building_blocks/magenta_wool","minecraft:recipes/building_blocks/magenta_wool","<null>","minecraft:recipes/root"
"minecraft:recipes/building_blocks/magma","minecraft:recipes/building_blocks/magma","<null>","minecraft:recipes/root"
"minecraft:recipes/building_blocks/melon_block","minecraft:recipes/building_blocks/melon_block","<null>","minecraft:recipes/root"
"minecraft:recipes/building_blocks/mossy_cobblestone","minecraft:recipes/building_blocks/mossy_cobblestone","<null>","minecraft:recipes/root"
"minecraft:recipes/building_blocks/mossy_stonebrick","minecraft:recipes/building_blocks/mossy_stonebrick","<null>","minecraft:recipes/root"
"minecraft:recipes/building_blocks/nether_brick","minecraft:recipes/building_blocks/nether_brick","<null>","minecraft:recipes/root"
"minecraft:recipes/building_blocks/nether_brick_slab","minecraft:recipes/building_blocks/nether_brick_slab","<null>","minecraft:recipes/root"
"minecraft:recipes/building_blocks/nether_brick_stairs","minecraft:recipes/building_blocks/nether_brick_stairs","<null>","minecraft:recipes/root"
"minecraft:recipes/building_blocks/nether_wart_block","minecraft:recipes/building_blocks/nether_wart_block","<null>","minecraft:recipes/root"
"minecraft:recipes/building_blocks/oak_planks","minecraft:recipes/building_blocks/oak_planks","<null>","minecraft:recipes/root"
"minecraft:recipes/building_blocks/oak_stairs","minecraft:recipes/building_blocks/oak_stairs","<null>","minecraft:recipes/root"
"minecraft:recipes/building_blocks/oak_wooden_slab","minecraft:recipes/building_blocks/oak_wooden_slab","<null>","minecraft:recipes/root"
"minecraft:recipes/building_blocks/orange_concrete_powder","minecraft:recipes/building_blocks/orange_concrete_powder","<null>","minecraft:recipes/root"
"minecraft:recipes/building_blocks/orange_stained_glass","minecraft:recipes/building_blocks/orange_stained_glass","<null>","minecraft:recipes/root"
"minecraft:recipes/building_blocks/orange_stained_hardened_clay","minecraft:recipes/building_blocks/orange_stained_hardened_clay","<null>","minecraft:recipes/root"
"minecraft:recipes/building_blocks/orange_wool","minecraft:recipes/building_blocks/orange_wool","<null>","minecraft:recipes/root"
"minecraft:recipes/building_blocks/pillar_quartz_block","minecraft:recipes/building_blocks/pillar_quartz_block","<null>","minecraft:recipes/root"
"minecraft:recipes/building_blocks/pink_concrete_powder","minecraft:recipes/building_blocks/pink_concrete_powder","<null>","minecraft:recipes/root"
"minecraft:recipes/building_blocks/pink_stained_glass","minecraft:recipes/building_blocks/pink_stained_glass","<null>","minecraft:recipes/root"
"minecraft:recipes/building_blocks/pink_stained_hardened_clay","minecraft:recipes/building_blocks/pink_stained_hardened_clay","<null>","minecraft:recipes/root"
"minecraft:recipes/building_blocks/pink_wool","minecraft:recipes/building_blocks/pink_wool","<null>","minecraft:recipes/root"
"minecraft:recipes/building_blocks/polished_andesite","minecraft:recipes/building_blocks/polished_andesite","<null>","minecraft:recipes/root"
"minecraft:recipes/building_blocks/polished_diorite","minecraft:recipes/building_blocks/polished_diorite","<null>","minecraft:recipes/root"
"minecraft:recipes/building_blocks/polished_granite","minecraft:recipes/building_blocks/polished_granite","<null>","minecraft:recipes/root"
"minecraft:recipes/building_blocks/prismarine","minecraft:recipes/building_blocks/prismarine","<null>","minecraft:recipes/root"
"minecraft:recipes/building_blocks/prismarine_bricks","minecraft:recipes/building_blocks/prismarine_bricks","<null>","minecraft:recipes/root"
"minecraft:recipes/building_blocks/purple_concrete_powder","minecraft:recipes/building_blocks/purple_concrete_powder","<null>","minecraft:recipes/root"
"minecraft:recipes/building_blocks/purple_stained_glass","minecraft:recipes/building_blocks/purple_stained_glass","<null>","minecraft:recipes/root"
"minecraft:recipes/building_blocks/purple_stained_hardened_clay","minecraft:recipes/building_blocks/purple_stained_hardened_clay","<null>","minecraft:recipes/root"
"minecraft:recipes/building_blocks/purple_wool","minecraft:recipes/building_blocks/purple_wool","<null>","minecraft:recipes/root"
"minecraft:recipes/building_blocks/purpur_block","minecraft:recipes/building_blocks/purpur_block","<null>","minecraft:recipes/root"
"minecraft:recipes/building_blocks/purpur_pillar","minecraft:recipes/building_blocks/purpur_pillar","<null>","minecraft:recipes/root"
"minecraft:recipes/building_blocks/purpur_slab","minecraft:recipes/building_blocks/purpur_slab","<null>","minecraft:recipes/root"
"minecraft:recipes/building_blocks/purpur_stairs","minecraft:recipes/building_blocks/purpur_stairs","<null>","minecraft:recipes/root"
"minecraft:recipes/building_blocks/quartz_block","minecraft:recipes/building_blocks/quartz_block","<null>","minecraft:recipes/root"
"minecraft:recipes/building_blocks/quartz_slab","minecraft:recipes/building_blocks/quartz_slab","<null>","minecraft:recipes/root"
"minecraft:recipes/building_blocks/quartz_stairs","minecraft:recipes/building_blocks/quartz_stairs","<null>","minecraft:recipes/root"
"minecraft:recipes/building_blocks/red_concrete_powder","minecraft:recipes/building_blocks/red_concrete_powder","<null>","minecraft:recipes/root"
"minecraft:recipes/building_blocks/red_nether_brick","minecraft:recipes/building_blocks/red_nether_brick","<null>","minecraft:recipes/root"
"minecraft:recipes/building_blocks/red_sandstone","minecraft:recipes/building_blocks/red_sandstone","<null>","minecraft:recipes/root"
"minecraft:recipes/building_blocks/red_sandstone_slab","minecraft:recipes/building_blocks/red_sandstone_slab","<null>","minecraft:recipes/root"
"minecraft:recipes/building_blocks/red_sandstone_stairs","minecraft:recipes/building_blocks/red_sandstone_stairs","<null>","minecraft:recipes/root"
"minecraft:recipes/building_blocks/red_stained_glass","minecraft:recipes/building_blocks/red_stained_glass","<null>","minecraft:recipes/root"
"minecraft:recipes/building_blocks/red_stained_hardened_clay","minecraft:recipes/building_blocks/red_stained_hardened_clay","<null>","minecraft:recipes/root"
"minecraft:recipes/building_blocks/red_wool","minecraft:recipes/building_blocks/red_wool","<null>","minecraft:recipes/root"
"minecraft:recipes/building_blocks/sandstone","minecraft:recipes/building_blocks/sandstone","<null>","minecraft:recipes/root"
"minecraft:recipes/building_blocks/sandstone_slab","minecraft:recipes/building_blocks/sandstone_slab","<null>","minecraft:recipes/root"
"minecraft:recipes/building_blocks/sandstone_stairs","minecraft:recipes/building_blocks/sandstone_stairs","<null>","minecraft:recipes/root"
"minecraft:recipes/building_blocks/sea_lantern","minecraft:recipes/building_blocks/sea_lantern","<null>","minecraft:recipes/root"
"minecraft:recipes/building_blocks/smooth_red_sandstone","minecraft:recipes/building_blocks/smooth_red_sandstone","<null>","minecraft:recipes/root"
"minecraft:recipes/building_blocks/smooth_sandstone","minecraft:recipes/building_blocks/smooth_sandstone","<null>","minecraft:recipes/root"
"minecraft:recipes/building_blocks/snow","minecraft:recipes/building_blocks/snow","<null>","minecraft:recipes/root"
"minecraft:recipes/building_blocks/spruce_planks","minecraft:recipes/building_blocks/spruce_planks","<null>","minecraft:recipes/root"
"minecraft:recipes/building_blocks/spruce_stairs","minecraft:recipes/building_blocks/spruce_stairs","<null>","minecraft:recipes/root"
"minecraft:recipes/building_blocks/spruce_wooden_slab","minecraft:recipes/building_blocks/spruce_wooden_slab","<null>","minecraft:recipes/root"
"minecraft:recipes/building_blocks/stone_brick_slab","minecraft:recipes/building_blocks/stone_brick_slab","<null>","minecraft:recipes/root"
"minecraft:recipes/building_blocks/stone_brick_stairs","minecraft:recipes/building_blocks/stone_brick_stairs","<null>","minecraft:recipes/root"
"minecraft:recipes/building_blocks/stone_slab","minecraft:recipes/building_blocks/stone_slab","<null>","minecraft:recipes/root"
"minecraft:recipes/building_blocks/stone_stairs","minecraft:recipes/building_blocks/stone_stairs","<null>","minecraft:recipes/root"
"minecraft:recipes/building_blocks/stonebrick","minecraft:recipes/building_blocks/stonebrick","<null>","minecraft:recipes/root"
"minecraft:recipes/building_blocks/string_to_wool","minecraft:recipes/building_blocks/string_to_wool","<null>","minecraft:recipes/root"
"minecraft:recipes/building_blocks/white_concrete_powder","minecraft:recipes/building_blocks/white_concrete_powder","<null>","minecraft:recipes/root"
"minecraft:recipes/building_blocks/white_stained_glass","minecraft:recipes/building_blocks/white_stained_glass","<null>","minecraft:recipes/root"
"minecraft:recipes/building_blocks/white_stained_hardened_clay","minecraft:recipes/building_blocks/white_stained_hardened_clay","<null>","minecraft:recipes/root"
"minecraft:recipes/building_blocks/yellow_concrete_powder","minecraft:recipes/building_blocks/yellow_concrete_powder","<null>","minecraft:recipes/root"
"minecraft:recipes/building_blocks/yellow_stained_glass","minecraft:recipes/building_blocks/yellow_stained_glass","<null>","minecraft:recipes/root"
"minecraft:recipes/building_blocks/yellow_stained_hardened_clay","minecraft:recipes/building_blocks/yellow_stained_hardened_clay","<null>","minecraft:recipes/root"
"minecraft:recipes/building_blocks/yellow_wool","minecraft:recipes/building_blocks/yellow_wool","<null>","minecraft:recipes/root"
"minecraft:recipes/combat/arrow","minecraft:recipes/combat/arrow","<null>","minecraft:recipes/root"
"minecraft:recipes/combat/bow","minecraft:recipes/combat/bow","<null>","minecraft:recipes/root"
"minecraft:recipes/combat/diamond_boots","minecraft:recipes/combat/diamond_boots","<null>","minecraft:recipes/root"
"minecraft:recipes/combat/diamond_chestplate","minecraft:recipes/combat/diamond_chestplate","<null>","minecraft:recipes/root"
"minecraft:recipes/combat/diamond_helmet","minecraft:recipes/combat/diamond_helmet","<null>","minecraft:recipes/root"
"minecraft:recipes/combat/diamond_leggings","minecraft:recipes/combat/diamond_leggings","<null>","minecraft:recipes/root"
"minecraft:recipes/combat/diamond_sword","minecraft:recipes/combat/diamond_sword","<null>","minecraft:recipes/root"
"minecraft:recipes/combat/golden_boots","minecraft:recipes/combat/golden_boots","<null>","minecraft:recipes/root"
"minecraft:recipes/combat/golden_chestplate","minecraft:recipes/combat/golden_chestplate","<null>","minecraft:recipes/root"
"minecraft:recipes/combat/golden_helmet","minecraft:recipes/combat/golden_helmet","<null>","minecraft:recipes/root"
"minecraft:recipes/combat/golden_leggings","minecraft:recipes/combat/golden_leggings","<null>","minecraft:recipes/root"
"minecraft:recipes/combat/golden_sword","minecraft:recipes/combat/golden_sword","<null>","minecraft:recipes/root"
"minecraft:recipes/combat/iron_boots","minecraft:recipes/combat/iron_boots","<null>","minecraft:recipes/root"
"minecraft:recipes/combat/iron_chestplate","minecraft:recipes/combat/iron_chestplate","<null>","minecraft:recipes/root"
"minecraft:recipes/combat/iron_helmet","minecraft:recipes/combat/iron_helmet","<null>","minecraft:recipes/root"
"minecraft:recipes/combat/iron_leggings","minecraft:recipes/combat/iron_leggings","<null>","minecraft:recipes/root"
"minecraft:recipes/combat/iron_sword","minecraft:recipes/combat/iron_sword","<null>","minecraft:recipes/root"
"minecraft:recipes/combat/leather_boots","minecraft:recipes/combat/leather_boots","<null>","minecraft:recipes/root"
"minecraft:recipes/combat/leather_chestplate","minecraft:recipes/combat/leather_chestplate","<null>","minecraft:recipes/root"
"minecraft:recipes/combat/leather_helmet","minecraft:recipes/combat/leather_helmet","<null>","minecraft:recipes/root"
"minecraft:recipes/combat/leather_leggings","minecraft:recipes/combat/leather_leggings","<null>","minecraft:recipes/root"
"minecraft:recipes/combat/shield","minecraft:recipes/combat/shield","<null>","minecraft:recipes/root"
"minecraft:recipes/combat/spectral_arrow","minecraft:recipes/combat/spectral_arrow","<null>","minecraft:recipes/root"
"minecraft:recipes/combat/stone_sword","minecraft:recipes/combat/stone_sword","<null>","minecraft:recipes/root"
"minecraft:recipes/combat/wooden_sword","minecraft:recipes/combat/wooden_sword","<null>","minecraft:recipes/root"
"minecraft:recipes/decorations/acacia_fence","minecraft:recipes/decorations/acacia_fence","<null>","minecraft:recipes/root"
"minecraft:recipes/decorations/anvil","minecraft:recipes/decorations/anvil","<null>","minecraft:recipes/root"
"minecraft:recipes/decorations/armor_stand","minecraft:recipes/decorations/armor_stand","<null>","minecraft:recipes/root"
"minecraft:recipes/decorations/birch_fence","minecraft:recipes/decorations/birch_fence","<null>","minecraft:recipes/root"
"minecraft:recipes/decorations/black_banner","minecraft:recipes/decorations/black_banner","<null>","minecraft:recipes/root"
"minecraft:recipes/decorations/black_bed","minecraft:recipes/decorations/black_bed","<null>","minecraft:recipes/root"
"minecraft:recipes/decorations/black_bed_from_white_bed","minecraft:recipes/decorations/black_bed_from_white_bed","<null>","minecraft:recipes/root"
"minecraft:recipes/decorations/black_carpet","minecraft:recipes/decorations/black_carpet","<null>","minecraft:recipes/root"
"minecraft:recipes/decorations/black_stained_glass_pane","minecraft:recipes/decorations/black_stained_glass_pane","<null>","minecraft:recipes/root"
"minecraft:recipes/decorations/blue_banner","minecraft:recipes/decorations/blue_banner","<null>","minecraft:recipes/root"
"minecraft:recipes/decorations/blue_bed","minecraft:recipes/decorations/blue_bed","<null>","minecraft:recipes/root"
"minecraft:recipes/decorations/blue_bed_from_white_bed","minecraft:recipes/decorations/blue_bed_from_white_bed","<null>","minecraft:recipes/root"
"minecraft:recipes/decorations/blue_carpet","minecraft:recipes/decorations/blue_carpet","<null>","minecraft:recipes/root"
"minecraft:recipes/decorations/blue_stained_glass_pane","minecraft:recipes/decorations/blue_stained_glass_pane","<null>","minecraft:recipes/root"
"minecraft:recipes/decorations/brown_banner","minecraft:recipes/decorations/brown_banner","<null>","minecraft:recipes/root"
"minecraft:recipes/decorations/brown_bed","minecraft:recipes/decorations/brown_bed","<null>","minecraft:recipes/root"
"minecraft:recipes/decorations/brown_bed_from_white_bed","minecraft:recipes/decorations/brown_bed_from_white_bed","<null>","minecraft:recipes/root"
"minecraft:recipes/decorations/brown_carpet","minecraft:recipes/decorations/brown_carpet","<null>","minecraft:recipes/root"
"minecraft:recipes/decorations/brown_stained_glass_pane","minecraft:recipes/decorations/brown_stained_glass_pane","<null>","minecraft:recipes/root"
"minecraft:recipes/decorations/chest","minecraft:recipes/decorations/chest","<null>","minecraft:recipes/root"
"minecraft:recipes/decorations/cobblestone_wall","minecraft:recipes/decorations/cobblestone_wall","<null>","minecraft:recipes/root"
"minecraft:recipes/decorations/crafting_table","minecraft:recipes/decorations/crafting_table","<null>","minecraft:recipes/root"
"minecraft:recipes/decorations/cyan_banner","minecraft:recipes/decorations/cyan_banner","<null>","minecraft:recipes/root"
"minecraft:recipes/decorations/cyan_bed","minecraft:recipes/decorations/cyan_bed","<null>","minecraft:recipes/root"
"minecraft:recipes/decorations/cyan_bed_from_white_bed","minecraft:recipes/decorations/cyan_bed_from_white_bed","<null>","minecraft:recipes/root"
"minecraft:recipes/decorations/cyan_carpet","minecraft:recipes/decorations/cyan_carpet","<null>","minecraft:recipes/root"
"minecraft:recipes/decorations/cyan_stained_glass_pane","minecraft:recipes/decorations/cyan_stained_glass_pane","<null>","minecraft:recipes/root"
"minecraft:recipes/decorations/dark_oak_fence","minecraft:recipes/decorations/dark_oak_fence","<null>","minecraft:recipes/root"
"minecraft:recipes/decorations/enchanting_table","minecraft:recipes/decorations/enchanting_table","<null>","minecraft:recipes/root"
"minecraft:recipes/decorations/end_crystal","minecraft:recipes/decorations/end_crystal","<null>","minecraft:recipes/root"
"minecraft:recipes/decorations/end_rod","minecraft:recipes/decorations/end_rod","<null>","minecraft:recipes/root"
"minecraft:recipes/decorations/ender_chest","minecraft:recipes/decorations/ender_chest","<null>","minecraft:recipes/root"
"minecraft:recipes/decorations/fence","minecraft:recipes/decorations/fence","<null>","minecraft:recipes/root"
"minecraft:recipes/decorations/flower_pot","minecraft:recipes/decorations/flower_pot","<null>","minecraft:recipes/root"
"minecraft:recipes/decorations/furnace","minecraft:recipes/decorations/furnace","<null>","minecraft:recipes/root"
"minecraft:recipes/decorations/glass_pane","minecraft:recipes/decorations/glass_pane","<null>","minecraft:recipes/root"
"minecraft:recipes/decorations/gray_banner","minecraft:recipes/decorations/gray_banner","<null>","minecraft:recipes/root"
"minecraft:recipes/decorations/gray_bed","minecraft:recipes/decorations/gray_bed","<null>","minecraft:recipes/root"
"minecraft:recipes/decorations/gray_bed_from_white_bed","minecraft:recipes/decorations/gray_bed_from_white_bed","<null>","minecraft:recipes/root"
"minecraft:recipes/decorations/gray_carpet","minecraft:recipes/decorations/gray_carpet","<null>","minecraft:recipes/root"
"minecraft:recipes/decorations/gray_stained_glass_pane","minecraft:recipes/decorations/gray_stained_glass_pane","<null>","minecraft:recipes/root"
"minecraft:recipes/decorations/green_banner","minecraft:recipes/decorations/green_banner","<null>","minecraft:recipes/root"
"minecraft:recipes/decorations/green_bed","minecraft:recipes/decorations/green_bed","<null>","minecraft:recipes/root"
"minecraft:recipes/decorations/green_bed_from_white_bed","minecraft:recipes/decorations/green_bed_from_white_bed","<null>","minecraft:recipes/root"
"minecraft:recipes/decorations/green_carpet","minecraft:recipes/decorations/green_carpet","<null>","minecraft:recipes/root"
"minecraft:recipes/decorations/green_stained_glass_pane","minecraft:recipes/decorations/green_stained_glass_pane","<null>","minecraft:recipes/root"
"minecraft:recipes/decorations/iron_bars","minecraft:recipes/decorations/iron_bars","<null>","minecraft:recipes/root"
"minecraft:recipes/decorations/item_frame","minecraft:recipes/decorations/item_frame","<null>","minecraft:recipes/root"
"minecraft:recipes/decorations/jukebox","minecraft:recipes/decorations/jukebox","<null>","minecraft:recipes/root"
"minecraft:recipes/decorations/jungle_fence","minecraft:recipes/decorations/jungle_fence","<null>","minecraft:recipes/root"
"minecraft:recipes/decorations/ladder","minecraft:recipes/decorations/ladder","<null>","minecraft:recipes/root"
"minecraft:recipes/decorations/light_blue_banner","minecraft:recipes/decorations/light_blue_banner","<null>","minecraft:recipes/root"
"minecraft:recipes/decorations/light_blue_bed","minecraft:recipes/decorations/light_blue_bed","<null>","minecraft:recipes/root"
"minecraft:recipes/decorations/light_blue_bed_from_white_bed","minecraft:recipes/decorations/light_blue_bed_from_white_bed","<null>","minecraft:recipes/root"
"minecraft:recipes/decorations/light_blue_carpet","minecraft:recipes/decorations/light_blue_carpet","<null>","minecraft:recipes/root"
"minecraft:recipes/decorations/light_blue_stained_glass_pane","minecraft:recipes/decorations/light_blue_stained_glass_pane","<null>","minecraft:recipes/root"
"minecraft:recipes/decorations/light_gray_banner","minecraft:recipes/decorations/light_gray_banner","<null>","minecraft:recipes/root"
"minecraft:recipes/decorations/light_gray_bed","minecraft:recipes/decorations/light_gray_bed","<null>","minecraft:recipes/root"
"minecraft:recipes/decorations/light_gray_bed_from_white_bed","minecraft:recipes/decorations/light_gray_bed_from_white_bed","<null>","minecraft:recipes/root"
"minecraft:recipes/decorations/light_gray_carpet","minecraft:recipes/decorations/light_gray_carpet","<null>","minecraft:recipes/root"
"minecraft:recipes/decorations/light_gray_stained_glass_pane","minecraft:recipes/decorations/light_gray_stained_glass_pane","<null>","minecraft:recipes/root"
"minecraft:recipes/decorations/lime_banner","minecraft:recipes/decorations/lime_banner","<null>","minecraft:recipes/root"
"minecraft:recipes/decorations/lime_bed","minecraft:recipes/decorations/lime_bed","<null>","minecraft:recipes/root"
"minecraft:recipes/decorations/lime_bed_from_white_bed","minecraft:recipes/decorations/lime_bed_from_white_bed","<null>","minecraft:recipes/root"
"minecraft:recipes/decorations/lime_carpet","minecraft:recipes/decorations/lime_carpet","<null>","minecraft:recipes/root"
"minecraft:recipes/decorations/lime_stained_glass_pane","minecraft:recipes/decorations/lime_stained_glass_pane","<null>","minecraft:recipes/root"
"minecraft:recipes/decorations/magenta_banner","minecraft:recipes/decorations/magenta_banner","<null>","minecraft:recipes/root"
"minecraft:recipes/decorations/magenta_bed","minecraft:recipes/decorations/magenta_bed","<null>","minecraft:recipes/root"
"minecraft:recipes/decorations/magenta_bed_from_white_bed","minecraft:recipes/decorations/magenta_bed_from_white_bed","<null>","minecraft:recipes/root"
"minecraft:recipes/decorations/magenta_carpet","minecraft:recipes/decorations/magenta_carpet","<null>","minecraft:recipes/root"
"minecraft:recipes/decorations/magenta_stained_glass_pane","minecraft:recipes/decorations/magenta_stained_glass_pane","<null>","minecraft:recipes/root"
"minecraft:recipes/decorations/mossy_cobblestone_wall","minecraft:recipes/decorations/mossy_cobblestone_wall","<null>","minecraft:recipes/root"
"minecraft:recipes/decorations/nether_brick_fence","minecraft:recipes/decorations/nether_brick_fence","<null>","minecraft:recipes/root"
"minecraft:recipes/decorations/orange_banner","minecraft:recipes/decorations/orange_banner","<null>","minecraft:recipes/root"
"minecraft:recipes/decorations/orange_bed","minecraft:recipes/decorations/orange_bed","<null>","minecraft:recipes/root"
"minecraft:recipes/decorations/orange_bed_from_white_bed","minecraft:recipes/decorations/orange_bed_from_white_bed","<null>","minecraft:recipes/root"
"minecraft:recipes/decorations/orange_carpet","minecraft:recipes/decorations/orange_carpet","<null>","minecraft:recipes/root"
"minecraft:recipes/decorations/orange_stained_glass_pane","minecraft:recipes/decorations/orange_stained_glass_pane","<null>","minecraft:recipes/root"
"minecraft:recipes/decorations/painting","minecraft:recipes/decorations/painting","<null>","minecraft:recipes/root"
"minecraft:recipes/decorations/pink_banner","minecraft:recipes/decorations/pink_banner","<null>","minecraft:recipes/root"
"minecraft:recipes/decorations/pink_bed","minecraft:recipes/decorations/pink_bed","<null>","minecraft:recipes/root"
"minecraft:recipes/decorations/pink_bed_from_white_bed","minecraft:recipes/decorations/pink_bed_from_white_bed","<null>","minecraft:recipes/root"
"minecraft:recipes/decorations/pink_carpet","minecraft:recipes/decorations/pink_carpet","<null>","minecraft:recipes/root"
"minecraft:recipes/decorations/pink_stained_glass_pane","minecraft:recipes/decorations/pink_stained_glass_pane","<null>","minecraft:recipes/root"
"minecraft:recipes/decorations/purple_banner","minecraft:recipes/decorations/purple_banner","<null>","minecraft:recipes/root"
"minecraft:recipes/decorations/purple_bed","minecraft:recipes/decorations/purple_bed","<null>","minecraft:recipes/root"
"minecraft:recipes/decorations/purple_bed_from_white_bed","minecraft:recipes/decorations/purple_bed_from_white_bed","<null>","minecraft:recipes/root"
"minecraft:recipes/decorations/purple_carpet","minecraft:recipes/decorations/purple_carpet","<null>","minecraft:recipes/root"
"minecraft:recipes/decorations/purple_shulker_box","minecraft:recipes/decorations/purple_shulker_box","<null>","minecraft:recipes/root"
"minecraft:recipes/decorations/purple_stained_glass_pane","minecraft:recipes/decorations/purple_stained_glass_pane","<null>","minecraft:recipes/root"
"minecraft:recipes/decorations/red_banner","minecraft:recipes/decorations/red_banner","<null>","minecraft:recipes/root"
"minecraft:recipes/decorations/red_bed","minecraft:recipes/decorations/red_bed","<null>","minecraft:recipes/root"
"minecraft:recipes/decorations/red_bed_from_white_bed","minecraft:recipes/decorations/red_bed_from_white_bed","<null>","minecraft:recipes/root"
"minecraft:recipes/decorations/red_carpet","minecraft:recipes/decorations/red_carpet","<null>","minecraft:recipes/root"
"minecraft:recipes/decorations/red_stained_glass_pane","minecraft:recipes/decorations/red_stained_glass_pane","<null>","minecraft:recipes/root"
"minecraft:recipes/decorations/sign","minecraft:recipes/decorations/sign","<null>","minecraft:recipes/root"
"minecraft:recipes/decorations/slime","minecraft:recipes/decorations/slime","<null>","minecraft:recipes/root"
"minecraft:recipes/decorations/snow_layer","minecraft:recipes/decorations/snow_layer","<null>","minecraft:recipes/root"
"minecraft:recipes/decorations/spruce_fence","minecraft:recipes/decorations/spruce_fence","<null>","minecraft:recipes/root"
"minecraft:recipes/decorations/torch","minecraft:recipes/decorations/torch","<null>","minecraft:recipes/root"
"minecraft:recipes/decorations/white_banner","minecraft:recipes/decorations/white_banner","<null>","minecraft:recipes/root"
"minecraft:recipes/decorations/white_bed","minecraft:recipes/decorations/white_bed","<null>","minecraft:recipes/root"
"minecraft:recipes/decorations/white_carpet","minecraft:recipes/decorations/white_carpet","<null>","minecraft:recipes/root"
"minecraft:recipes/decorations/white_stained_glass_pane","minecraft:recipes/decorations/white_stained_glass_pane","<null>","minecraft:recipes/root"
"minecraft:recipes/decorations/yellow_banner","minecraft:recipes/decorations/yellow_banner","<null>","minecraft:recipes/root"
"minecraft:recipes/decorations/yellow_bed","minecraft:recipes/decorations/yellow_bed","<null>","minecraft:recipes/root"
"minecraft:recipes/decorations/yellow_bed_from_white_bed","minecraft:recipes/decorations/yellow_bed_from_white_bed","<null>","minecraft:recipes/root"
"minecraft:recipes/decorations/yellow_carpet","minecraft:recipes/decorations/yellow_carpet","<null>","minecraft:recipes/root"
"minecraft:recipes/decorations/yellow_stained_glass_pane","minecraft:recipes/decorations/yellow_stained_glass_pane","<null>","minecraft:recipes/root"
"minecraft:recipes/food/beetroot_soup","minecraft:recipes/food/beetroot_soup","<null>","minecraft:recipes/root"
"minecraft:recipes/food/bread","minecraft:recipes/food/bread","<null>","minecraft:recipes/root"
"minecraft:recipes/food/cake","minecraft:recipes/food/cake","<null>","minecraft:recipes/root"
"minecraft:recipes/food/cookie","minecraft:recipes/food/cookie","<null>","minecraft:recipes/root"
"minecraft:recipes/food/golden_apple","minecraft:recipes/food/golden_apple","<null>","minecraft:recipes/root"
"minecraft:recipes/food/mushroom_stew","minecraft:recipes/food/mushroom_stew","<null>","minecraft:recipes/root"
"minecraft:recipes/food/pumpkin_pie","minecraft:recipes/food/pumpkin_pie","<null>","minecraft:recipes/root"
"minecraft:recipes/food/rabbit_stew_from_brown_mushroom","minecraft:recipes/food/rabbit_stew_from_brown_mushroom","<null>","minecraft:recipes/root"
"minecraft:recipes/food/rabbit_stew_from_red_mushroom","minecraft:recipes/food/rabbit_stew_from_red_mushroom","<null>","minecraft:recipes/root"
"minecraft:recipes/misc/beacon","minecraft:recipes/misc/beacon","<null>","minecraft:recipes/root"
"minecraft:recipes/misc/bone_meal_from_block","minecraft:recipes/misc/bone_meal_from_block","<null>","minecraft:recipes/root"
"minecraft:recipes/misc/bone_meal_from_bone","minecraft:recipes/misc/bone_meal_from_bone","<null>","minecraft:recipes/root"
"minecraft:recipes/misc/book","minecraft:recipes/misc/book","<null>","minecraft:recipes/root"
"minecraft:recipes/misc/bowl","minecraft:recipes/misc/bowl","<null>","minecraft:recipes/root"
"minecraft:recipes/misc/bucket","minecraft:recipes/misc/bucket","<null>","minecraft:recipes/root"
"minecraft:recipes/misc/coal","minecraft:recipes/misc/coal","<null>","minecraft:recipes/root"
"minecraft:recipes/misc/cyan_dye","minecraft:recipes/misc/cyan_dye","<null>","minecraft:recipes/root"
"minecraft:recipes/misc/diamond","minecraft:recipes/misc/diamond","<null>","minecraft:recipes/root"
"minecraft:recipes/misc/emerald","minecraft:recipes/misc/emerald","<null>","minecraft:recipes/root"
"minecraft:recipes/misc/ender_eye","minecraft:recipes/misc/ender_eye","<null>","minecraft:recipes/root"
"minecraft:recipes/misc/fire_charge","minecraft:recipes/misc/fire_charge","<null>","minecraft:recipes/root"
"minecraft:recipes/misc/gold_ingot_from_block","minecraft:recipes/misc/gold_ingot_from_block","<null>","minecraft:recipes/root"
"minecraft:recipes/misc/gold_ingot_from_nuggets","minecraft:recipes/misc/gold_ingot_from_nuggets","<null>","minecraft:recipes/root"
"minecraft:recipes/misc/gold_nugget","minecraft:recipes/misc/gold_nugget","<null>","minecraft:recipes/root"
"minecraft:recipes/misc/gray_dye","minecraft:recipes/misc/gray_dye","<null>","minecraft:recipes/root"
"minecraft:recipes/misc/iron_ingot_from_block","minecraft:recipes/misc/iron_ingot_from_block","<null>","minecraft:recipes/root"
"minecraft:recipes/misc/iron_ingot_from_nuggets","minecraft:recipes/misc/iron_ingot_from_nuggets","<null>","minecraft:recipes/root"
"minecraft:recipes/misc/iron_nugget","minecraft:recipes/misc/iron_nugget","<null>","minecraft:recipes/root"
"minecraft:recipes/misc/lapis_lazuli","minecraft:recipes/misc/lapis_lazuli","<null>","minecraft:recipes/root"
"minecraft:recipes/misc/leather","minecraft:recipes/misc/leather","<null>","minecraft:recipes/root"
"minecraft:recipes/misc/light_blue_dye_from_blue_orchid","minecraft:recipes/misc/light_blue_dye_from_blue_orchid","<null>","minecraft:recipes/root"
"minecraft:recipes/misc/light_blue_dye_from_lapis_bonemeal","minecraft:recipes/misc/light_blue_dye_from_lapis_bonemeal","<null>","minecraft:recipes/root"
"minecraft:recipes/misc/light_gray_dye_from_azure_bluet","minecraft:recipes/misc/light_gray_dye_from_azure_bluet","<null>","minecraft:recipes/root"
"minecraft:recipes/misc/light_gray_dye_from_gray_bonemeal","minecraft:recipes/misc/light_gray_dye_from_gray_bonemeal","<null>","minecraft:recipes/root"
"minecraft:recipes/misc/light_gray_dye_from_ink_bonemeal","minecraft:recipes/misc/light_gray_dye_from_ink_bonemeal","<null>","minecraft:recipes/root"
"minecraft:recipes/misc/light_gray_dye_from_oxeye_daisy","minecraft:recipes/misc/light_gray_dye_from_oxeye_daisy","<null>","minecraft:recipes/root"
"minecraft:recipes/misc/light_gray_dye_from_white_tulip","minecraft:recipes/misc/light_gray_dye_from_white_tulip","<null>","minecraft:recipes/root"
"minecraft:recipes/misc/lime_dye","minecraft:recipes/misc/lime_dye","<null>","minecraft:recipes/root"
"minecraft:recipes/misc/magenta_dye_from_allium","minecraft:recipes/misc/magenta_dye_from_allium","<null>","minecraft:recipes/root"
"minecraft:recipes/misc/magenta_dye_from_lapis_ink_bonemeal","minecraft:recipes/misc/magenta_dye_from_lapis_ink_bonemeal","<null>","minecraft:recipes/root"
"minecraft:recipes/misc/magenta_dye_from_lapis_red_pink","minecraft:recipes/misc/magenta_dye_from_lapis_red_pink","<null>","minecraft:recipes/root"
"minecraft:recipes/misc/magenta_dye_from_lilac","minecraft:recipes/misc/magenta_dye_from_lilac","<null>","minecraft:recipes/root"
"minecraft:recipes/misc/magenta_dye_from_purple_and_pink","minecraft:recipes/misc/magenta_dye_from_purple_and_pink","<null>","minecraft:recipes/root"
"minecraft:recipes/misc/map","minecraft:recipes/misc/map","<null>","minecraft:recipes/root"
"minecraft:recipes/misc/melon_seeds","minecraft:recipes/misc/melon_seeds","<null>","minecraft:recipes/root"
"minecraft:recipes/misc/orange_dye_from_orange_tulip","minecraft:recipes/misc/orange_dye_from_orange_tulip","<null>","minecraft:recipes/root"
"minecraft:recipes/misc/orange_dye_from_red_yellow","minecraft:recipes/misc/orange_dye_from_red_yellow","<null>","minecraft:recipes/root"
"minecraft:recipes/misc/paper","minecraft:recipes/misc/paper","<null>","minecraft:recipes/root"
"minecraft:recipes/misc/pink_dye_from_peony","minecraft:recipes/misc/pink_dye_from_peony","<null>","minecraft:recipes/root"
"minecraft:recipes/misc/pink_dye_from_pink_tulip","minecraft:recipes/misc/pink_dye_from_pink_tulip","<null>","minecraft:recipes/root"
"minecraft:recipes/misc/pink_dye_from_red_bonemeal","minecraft:recipes/misc/pink_dye_from_red_bonemeal","<null>","minecraft:recipes/root"
"minecraft:recipes/misc/pumpkin_seeds","minecraft:recipes/misc/pumpkin_seeds","<null>","minecraft:recipes/root"
"minecraft:recipes/misc/purple_dye","minecraft:recipes/misc/purple_dye","<null>","minecraft:recipes/root"
"minecraft:recipes/misc/red_dye_from_beetroot","minecraft:recipes/misc/red_dye_from_beetroot","<null>","minecraft:recipes/root"
"minecraft:recipes/misc/red_dye_from_poppy","minecraft:recipes/misc/red_dye_from_poppy","<null>","minecraft:recipes/root"
"minecraft:recipes/misc/red_dye_from_rose_bush","minecraft:recipes/misc/red_dye_from_rose_bush","<null>","minecraft:recipes/root"
"minecraft:recipes/misc/red_dye_from_tulip","minecraft:recipes/misc/red_dye_from_tulip","<null>","minecraft:recipes/root"
"minecraft:recipes/misc/slime_ball","minecraft:recipes/misc/slime_ball","<null>","minecraft:recipes/root"
"minecraft:recipes/misc/stick","minecraft:recipes/misc/stick","<null>","minecraft:recipes/root"
"minecraft:recipes/misc/sugar","minecraft:recipes/misc/sugar","<null>","minecraft:recipes/root"
"minecraft:recipes/misc/wheat","minecraft:recipes/misc/wheat","<null>","minecraft:recipes/root"
"minecraft:recipes/misc/writable_book","minecraft:recipes/misc/writable_book","<null>","minecraft:recipes/root"
"minecraft:recipes/misc/yellow_dye_from_dandelion","minecraft:recipes/misc/yellow_dye_from_dandelion","<null>","minecraft:recipes/root"
"minecraft:recipes/misc/yellow_dye_from_sunflower","minecraft:recipes/misc/yellow_dye_from_sunflower","<null>","minecraft:recipes/root"
"minecraft:recipes/redstone/acacia_door","minecraft:recipes/redstone/acacia_door","<null>","minecraft:recipes/root"
"minecraft:recipes/redstone/acacia_fence_gate","minecraft:recipes/redstone/acacia_fence_gate","<null>","minecraft:recipes/root"
"minecraft:recipes/redstone/birch_door","minecraft:recipes/redstone/birch_door","<null>","minecraft:recipes/root"
"minecraft:recipes/redstone/birch_fence_gate","minecraft:recipes/redstone/birch_fence_gate","<null>","minecraft:recipes/root"
"minecraft:recipes/redstone/comparator","minecraft:recipes/redstone/comparator","<null>","minecraft:recipes/root"
"minecraft:recipes/redstone/dark_oak_door","minecraft:recipes/redstone/dark_oak_door","<null>","minecraft:recipes/root"
"minecraft:recipes/redstone/dark_oak_fence_gate","minecraft:recipes/redstone/dark_oak_fence_gate","<null>","minecraft:recipes/root"
"minecraft:recipes/redstone/daylight_detector","minecraft:recipes/redstone/daylight_detector","<null>","minecraft:recipes/root"
"minecraft:recipes/redstone/dispenser","minecraft:recipes/redstone/dispenser","<null>","minecraft:recipes/root"
"minecraft:recipes/redstone/dropper","minecraft:recipes/redstone/dropper","<null>","minecraft:recipes/root"
"minecraft:recipes/redstone/fence_gate","minecraft:recipes/redstone/fence_gate","<null>","minecraft:recipes/root"
"minecraft:recipes/redstone/heavy_weighted_pressure_plate","minecraft:recipes/redstone/heavy_weighted_pressure_plate","<null>","minecraft:recipes/root"
"minecraft:recipes/redstone/hopper","minecraft:recipes/redstone/hopper","<null>","minecraft:recipes/root"
"minecraft:recipes/redstone/iron_door","minecraft:recipes/redstone/iron_door","<null>","minecraft:recipes/root"
"minecraft:recipes/redstone/iron_trapdoor","minecraft:recipes/redstone/iron_trapdoor","<null>","minecraft:recipes/root"
"minecraft:recipes/redstone/jungle_door","minecraft:recipes/redstone/jungle_door","<null>","minecraft:recipes/root"
"minecraft:recipes/redstone/jungle_fence_gate","minecraft:recipes/redstone/jungle_fence_gate","<null>","minecraft:recipes/root"
"minecraft:recipes/redstone/lever","minecraft:recipes/redstone/lever","<null>","minecraft:recipes/root"
"minecraft:recipes/redstone/light_weighted_pressure_plate","minecraft:recipes/redstone/light_weighted_pressure_plate","<null>","minecraft:recipes/root"
"minecraft:recipes/redstone/noteblock","minecraft:recipes/redstone/noteblock","<null>","minecraft:recipes/root"
"minecraft:recipes/redstone/observer","minecraft:recipes/redstone/observer","<null>","minecraft:recipes/root"
"minecraft:recipes/redstone/piston","minecraft:recipes/redstone/piston","<null>","minecraft:recipes/root"
"minecraft:recipes/redstone/redstone","minecraft:recipes/redstone/redstone","<null>","minecraft:recipes/root"
"minecraft:recipes/redstone/redstone_block","minecraft:recipes/redstone/redstone_block","<null>","minecraft:recipes/root"
"minecraft:recipes/redstone/redstone_lamp","minecraft:recipes/redstone/redstone_lamp","<null>","minecraft:recipes/root"
"minecraft:recipes/redstone/redstone_torch","minecraft:recipes/redstone/redstone_torch","<null>","minecraft:recipes/root"
"minecraft:recipes/redstone/repeater","minecraft:recipes/redstone/repeater","<null>","minecraft:recipes/root"
"minecraft:recipes/redstone/spruce_door","minecraft:recipes/redstone/spruce_door","<null>","minecraft:recipes/root"
"minecraft:recipes/redstone/spruce_fence_gate","minecraft:recipes/redstone/spruce_fence_gate","<null>","minecraft:recipes/root"
"minecraft:recipes/redstone/sticky_piston","minecraft:recipes/redstone/sticky_piston","<null>","minecraft:recipes/root"
"minecraft:recipes/redstone/stone_button","minecraft:recipes/redstone/stone_button","<null>","minecraft:recipes/root"
"minecraft:recipes/redstone/stone_pressure_plate","minecraft:recipes/redstone/stone_pressure_plate","<null>","minecraft:recipes/root"
"minecraft:recipes/redstone/tnt","minecraft:recipes/redstone/tnt","<null>","minecraft:recipes/root"
"minecraft:recipes/redstone/trapped_chest","minecraft:recipes/redstone/trapped_chest","<null>","minecraft:recipes/root"
"minecraft:recipes/redstone/tripwire_hook","minecraft:recipes/redstone/tripwire_hook","<null>","minecraft:recipes/root"
"minecraft:recipes/redstone/wooden_button","minecraft:recipes/redstone/wooden_button","<null>","minecraft:recipes/root"
"minecraft:recipes/redstone/wooden_door","minecraft:recipes/redstone/wooden_door","<null>","minecraft:recipes/root"
"minecraft:recipes/redstone/wooden_pressure_plate","minecraft:recipes/redstone/wooden_pressure_plate","<null>","minecraft:recipes/root"
"minecraft:recipes/root","minecraft:recipes/root","<null>","-"
"minecraft:recipes/tools/clock","minecraft:recipes/tools/clock","<null>","minecraft:recipes/root"
"minecraft:recipes/tools/compass","minecraft:recipes/tools/compass","<null>","minecraft:recipes/root"
"minecraft:recipes/tools/diamond_axe","minecraft:recipes/tools/diamond_axe","<null>","minecraft:recipes/root"
"minecraft:recipes/tools/diamond_hoe","minecraft:recipes/tools/diamond_hoe","<null>","minecraft:recipes/root"
"minecraft:recipes/tools/diamond_pickaxe","minecraft:recipes/tools/diamond_pickaxe","<null>","minecraft:recipes/root"
"minecraft:recipes/tools/diamond_shovel","minecraft:recipes/tools/diamond_shovel","<null>","minecraft:recipes/root"
"minecraft:recipes/tools/fishing_rod","minecraft:recipes/tools/fishing_rod","<null>","minecraft:recipes/root"
"minecraft:recipes/tools/flint_and_steel","minecraft:recipes/tools/flint_and_steel","<null>","minecraft:recipes/root"
"minecraft:recipes/tools/golden_axe","minecraft:recipes/tools/golden_axe","<null>","minecraft:recipes/root"
"minecraft:recipes/tools/golden_hoe","minecraft:recipes/tools/golden_hoe","<null>","minecraft:recipes/root"
"minecraft:recipes/tools/golden_pickaxe","minecraft:recipes/tools/golden_pickaxe","<null>","minecraft:recipes/root"
"minecraft:recipes/tools/golden_shovel","minecraft:recipes/tools/golden_shovel","<null>","minecraft:recipes/root"
"minecraft:recipes/tools/iron_axe","minecraft:recipes/tools/iron_axe","<null>","minecraft:recipes/root"
"minecraft:recipes/tools/iron_hoe","minecraft:recipes/tools/iron_hoe","<null>","minecraft:recipes/root"
"minecraft:recipes/tools/iron_pickaxe","minecraft:recipes/tools/iron_pickaxe","<null>","minecraft:recipes/root"
"minecraft:recipes/tools/iron_shovel","minecraft:recipes/tools/iron_shovel","<null>","minecraft:recipes/root"
"minecraft:recipes/tools/lead","minecraft:recipes/tools/lead","<null>","minecraft:recipes/root"
"minecraft:recipes/tools/shears","minecraft:recipes/tools/shears","<null>","minecraft:recipes/root"
"minecraft:recipes/tools/stone_axe","minecraft:recipes/tools/stone_axe","<null>","minecraft:recipes/root"
"minecraft:recipes/tools/stone_hoe","minecraft:recipes/tools/stone_hoe","<null>","minecraft:recipes/root"
"minecraft:recipes/tools/stone_pickaxe","minecraft:recipes/tools/stone_pickaxe","<null>","minecraft:recipes/root"
"minecraft:recipes/tools/stone_shovel","minecraft:recipes/tools/stone_shovel","<null>","minecraft:recipes/root"
"minecraft:recipes/tools/wooden_axe","minecraft:recipes/tools/wooden_axe","<null>","minecraft:recipes/root"
"minecraft:recipes/tools/wooden_hoe","minecraft:recipes/tools/wooden_hoe","<null>","minecraft:recipes/root"
"minecraft:recipes/tools/wooden_pickaxe","minecraft:recipes/tools/wooden_pickaxe","<null>","minecraft:recipes/root"
"minecraft:recipes/tools/wooden_shovel","minecraft:recipes/tools/wooden_shovel","<null>","minecraft:recipes/root"
"minecraft:recipes/transportation/acacia_boat","minecraft:recipes/transportation/acacia_boat","<null>","minecraft:recipes/root"
"minecraft:recipes/transportation/activator_rail","minecraft:recipes/transportation/activator_rail","<null>","minecraft:recipes/root"
"minecraft:recipes/transportation/birch_boat","minecraft:recipes/transportation/birch_boat","<null>","minecraft:recipes/root"
"minecraft:recipes/transportation/boat","minecraft:recipes/transportation/boat","<null>","minecraft:recipes/root"
"minecraft:recipes/transportation/carrot_on_a_stick","minecraft:recipes/transportation/carrot_on_a_stick","<null>","minecraft:recipes/root"
"minecraft:recipes/transportation/chest_minecart","minecraft:recipes/transportation/chest_minecart","<null>","minecraft:recipes/root"
"minecraft:recipes/transportation/dark_oak_boat","minecraft:recipes/transportation/dark_oak_boat","<null>","minecraft:recipes/root"
"minecraft:recipes/transportation/detector_rail","minecraft:recipes/transportation/detector_rail","<null>","minecraft:recipes/root"
"minecraft:recipes/transportation/furnace_minecart","minecraft:recipes/transportation/furnace_minecart","<null>","minecraft:recipes/root"
"minecraft:recipes/transportation/golden_rail","minecraft:recipes/transportation/golden_rail","<null>","minecraft:recipes/root"
"minecraft:recipes/transportation/hopper_minecart","minecraft:recipes/transportation/hopper_minecart","<null>","minecraft:recipes/root"
"minecraft:recipes/transportation/jungle_boat","minecraft:recipes/transportation/jungle_boat","<null>","minecraft:recipes/root"
"minecraft:recipes/transportation/minecart","minecraft:recipes/transportation/minecart","<null>","minecraft:recipes/root"
"minecraft:recipes/transportation/rail","minecraft:recipes/transportation/rail","<null>","minecraft:recipes/root"
"minecraft:recipes/transportation/spruce_boat","minecraft:recipes/transportation/spruce_boat","<null>","minecraft:recipes/root"
"minecraft:recipes/transportation/tnt_minecart","minecraft:recipes/transportation/tnt_minecart","<null>","minecraft:recipes/root"
"minecraft:story/cure_zombie_villager","[Zombie Doctor]","Weaken and then cure a zombie villager","minecraft:story/enter_the_nether"
"minecraft:story/deflect_arrow","[Not Today, Thank You]","Deflect an arrow with a shield","minecraft:story/obtain_armor"
"minecraft:story/enchant_item","[Enchanter]","Enchant an item at an Enchanting Table","minecraft:story/mine_diamond"
"minecraft:story/enter_the_end","[The End?]","Enter the End Portal","minecraft:story/follow_ender_eye"
"minecraft:story/enter_the_nether","[We Need to Go Deeper]","Build, light and enter a Nether Portal","minecraft:story/form_obsidian"
"minecraft:story/follow_ender_eye","[Eye Spy]","Follow an Ender Eye","minecraft:story/enter_the_nether"
"minecraft:story/form_obsidian","[Ice Bucket Challenge]","Form and mine a block of Obsidian","minecraft:story/lava_bucket"
"minecraft:story/iron_tools","[Isn't It Iron Pick]","Upgrade your pickaxe","minecraft:story/smelt_iron"
"minecraft:story/lava_bucket","[Hot Stuff]","Fill a bucket with lava","minecraft:story/smelt_iron"
"minecraft:story/mine_diamond","[Diamonds!]","Acquire diamonds","minecraft:story/iron_tools"
"minecraft:story/mine_stone","[Stone Age]","Mine stone with your new pickaxe","minecraft:story/root"
"minecraft:story/obtain_armor","[Suit Up]","Protect yourself with a piece of iron armor","minecraft:story/smelt_iron"
"minecraft:story/root","[Minecraft]","The heart and story of the game","-"
"minecraft:story/shiny_gear","[Cover Me With Diamonds]","Diamond armor saves lives","minecraft:story/mine_diamond"
"minecraft:story/smelt_iron","[Acquire Hardware]","Smelt an iron ingot","minecraft:story/upgrade_tools"
"minecraft:story/upgrade_tools","[Getting an Upgrade]","Construct a better pickaxe","minecraft:story/mine_stone"
"mod_lavacow:mod_lavacow/get_fissionpotion","[Divided We...]","Get a Potion of Fission","mod_lavacow:mod_lavacow/root"
"mod_lavacow:mod_lavacow/get_hatred_shard","[In the Depths of Memory]","Get a Shard of Reminiscence","mod_lavacow:mod_lavacow/kill_forsaken"
"mod_lavacow:mod_lavacow/get_illager_nose","[I Got Your Nose!]","Obtain an Illager's nose.","mod_lavacow:mod_lavacow/root"
"mod_lavacow:mod_lavacow/get_molten_alloy","[Pure Protein]","Obtain a bar of Molten Alloy","mod_lavacow:mod_lavacow/kill_salamander"
"mod_lavacow:mod_lavacow/get_molten_armor","[Fire it Up!]","Upgrade your diamonds and get yourself some molten armor!","mod_lavacow:mod_lavacow/get_molten_alloy"
"mod_lavacow:mod_lavacow/get_molten_tool","[Molten Warrior]","Obtain a molten tool!","mod_lavacow:mod_lavacow/get_molten_alloy"
"mod_lavacow:mod_lavacow/get_piranha_launcher","[It Fired From the Gun]","Obtain the Swarmer Launcher","mod_lavacow:mod_lavacow/kill_zombiepiranha"
"mod_lavacow:mod_lavacow/get_soulforged_armor","[Fire it Up Again!]","Upgrade your molten armor into soulforged armor!","mod_lavacow:mod_lavacow/get_molten_armor"
"mod_lavacow:mod_lavacow/get_soulforged_tool","[Elite Molten Warrior]","Obtain a soulforged tool!","mod_lavacow:mod_lavacow/get_molten_tool"
"mod_lavacow:mod_lavacow/get_thorn_shooter","[Say Hello to My Little Friend...]","Acquire the almighty Thorn Shooter!","mod_lavacow:mod_lavacow/kill_cactyrant"
"mod_lavacow:mod_lavacow/kill_amberlord","[Lord of the Scarabs]","Slay an Amber Lord","mod_lavacow:mod_lavacow/root"
"mod_lavacow:mod_lavacow/kill_avaton","[Pest Control]","Slay an Avaton","mod_lavacow:mod_lavacow/kill_weta"
"mod_lavacow:mod_lavacow/kill_banshee","[Silent Chills]","Slay a Banshee","mod_lavacow:mod_lavacow/root"
"mod_lavacow:mod_lavacow/kill_boneworm","[The One Re-Bone]","Slay an Osvermis","mod_lavacow:mod_lavacow/kill_forsaken"
"mod_lavacow:mod_lavacow/kill_cactyrant","[Cactsus]","Slay a Cactyrant","mod_lavacow:mod_lavacow/root"
"mod_lavacow:mod_lavacow/kill_enigmoth","[Mothman of the Outer End]","Slay an Enigmoth","mod_lavacow:mod_lavacow/root"
"mod_lavacow:mod_lavacow/kill_foglet","[See No Evil]","Slay a Foglet","mod_lavacow:mod_lavacow/root"
"mod_lavacow:mod_lavacow/kill_forsaken","[I Remember...]","Slay a Forsaken","mod_lavacow:mod_lavacow/root"
"mod_lavacow:mod_lavacow/kill_ghost_swarmer","[Jungle Cruise III: Vengeance]","Slay a Ghost Swarmer","mod_lavacow:mod_lavacow/kill_zombiepiranha"
"mod_lavacow:mod_lavacow/kill_ghostray","[Fish Night]","Slay a Ghost Ray","mod_lavacow:mod_lavacow/root"
"mod_lavacow:mod_lavacow/kill_grave_robber","[When Johnny Gets a Shovel]","Slay a Grave Robber","mod_lavacow:mod_lavacow/root"
"mod_lavacow:mod_lavacow/kill_grave_robber_ghost","[Not Again!]","Slay a Grave Robber's Ghost","mod_lavacow:mod_lavacow/kill_grave_robber"
"mod_lavacow:mod_lavacow/kill_imp","[Do No Evil]","Slay a Flame Imp","mod_lavacow:mod_lavacow/kill_isnachi"
"mod_lavacow:mod_lavacow/kill_isnachi","[Speak No Evil]","Slay an Isnachi","mod_lavacow:mod_lavacow/kill_foglet"
"mod_lavacow:mod_lavacow/kill_mimic","[The Chest that Pinches]","Slay a Mimic","mod_lavacow:mod_lavacow/root"
"mod_lavacow:mod_lavacow/kill_mummy","[Death is Only the Beginning]","Slay a Mummy","mod_lavacow:mod_lavacow/root"
"mod_lavacow:mod_lavacow/kill_parasite","[Get it OFFFFF!]","Slay a Parasite","mod_lavacow:mod_lavacow/root"
"mod_lavacow:mod_lavacow/kill_pingu","[Let's Kick Some Ice]","Slay a Penghoul","mod_lavacow:mod_lavacow/root"
"mod_lavacow:mod_lavacow/kill_piranha","[Jungle Cruise]","Slay a Piranha","mod_lavacow:mod_lavacow/root"
"mod_lavacow:mod_lavacow/kill_ptera","[Vultursaur]","Slay a Ptera","mod_lavacow:mod_lavacow/root"
"mod_lavacow:mod_lavacow/kill_salamander","[Kaboom, Baby!]","Slay a Warmander","mod_lavacow:mod_lavacow/root"
"mod_lavacow:mod_lavacow/kill_scarecrow","[Not Halloween Yet]","Slay a Scarecrow","mod_lavacow:mod_lavacow/root"
"mod_lavacow:mod_lavacow/kill_sea_hag","[Drowned Sorceress]","Slay a Sea Hag","mod_lavacow:mod_lavacow/kill_wraith"
"mod_lavacow:mod_lavacow/kill_skeletonking","[Long Live the Skeleton King]","Successfully defeat and cast out the Skeleton King","mod_lavacow:mod_lavacow/get_hatred_shard"
"mod_lavacow:mod_lavacow/kill_sludgelord","[Botany Crisis]","Slay a Sludge Lord","mod_lavacow:mod_lavacow/root"
"mod_lavacow:mod_lavacow/kill_soulworm","[The One Re-Bone Again]","Slay an Osvermis Spiritus","mod_lavacow:mod_lavacow/kill_boneworm"
"mod_lavacow:mod_lavacow/kill_unburied","[The Walking Dead]","Slay an Unburied","mod_lavacow:mod_lavacow/root"
"mod_lavacow:mod_lavacow/kill_undeadswine","[HERE COMES THE PAIN TRAIN!]","Slay an Undead Swine","mod_lavacow:mod_lavacow/root"
"mod_lavacow:mod_lavacow/kill_undertaker","[This is My Yard]","K.O. an Undertaker","mod_lavacow:mod_lavacow/kill_unburied"
"mod_lavacow:mod_lavacow/kill_vespa","[NOT THE BEES!]","Slay a Vespa","mod_lavacow:mod_lavacow/root"
"mod_lavacow:mod_lavacow/kill_wendigo","[Faster than the Wind]","Slay an Ithaqua","mod_lavacow:mod_lavacow/root"
"mod_lavacow:mod_lavacow/kill_weta","[Insect Pit Survivor]","Slay a Weta","mod_lavacow:mod_lavacow/root"
"mod_lavacow:mod_lavacow/kill_wraith","[Ghost Buster]","Slay a Revenant","mod_lavacow:mod_lavacow/root"
"mod_lavacow:mod_lavacow/kill_zombiefrozen","[Let it Go]","Slay a Frigid","mod_lavacow:mod_lavacow/root"
"mod_lavacow:mod_lavacow/kill_zombiemushroom","[The Last of Me]","Slay a Mycosis","mod_lavacow:mod_lavacow/root"
"mod_lavacow:mod_lavacow/kill_zombiepiranha","[Jungle Cruise II: Mutation]","Slay a Swarmer","mod_lavacow:mod_lavacow/kill_piranha"
"mod_lavacow:mod_lavacow/root","[The Dark Night]","Enter a world of undead","-"
"mod_lavacow:mod_lavacow/slimy_tasty","[Slimy, Yet Satisfying]","Eat a raw Parasite","mod_lavacow:mod_lavacow/kill_parasite"
"mod_lavacow:mod_lavacow/summon_lavacow","[I Summon Thee]","Get a Potion of MOOten Lava","mod_lavacow:mod_lavacow/get_fissionpotion"
"mod_lavacow:mod_lavacow/tame_cactoid","[Desert Agriculture]","Tame a Cactoid","mod_lavacow:mod_lavacow/kill_cactyrant"
"mod_lavacow:mod_lavacow/tame_raven","[Raven, Not Crow]","Tame a Raven","mod_lavacow:mod_lavacow/root"
"mod_lavacow:mod_lavacow/tame_salamander","[Beef is Good]","Tame a Warmander","mod_lavacow:mod_lavacow/kill_salamander"
"mod_lavacow:mod_lavacow/tame_scarecrow","[Do You Wanna Build a Scarecrow?]","Build a Scarecrow","mod_lavacow:mod_lavacow/kill_scarecrow"
"moglowstone:main/glowstone_fuel","[Shiny Fuel]","Craft Glowstone Fuel","moglowstone:main/root"
"moglowstone:main/root","[Mo' Glowstone]","Obtain Colored Glowstone","-"
"morebows:recipes/diamond_bow","morebows:recipes/diamond_bow","<null>","minecraft:recipes/root"
"morebows:recipes/ender_bow","morebows:recipes/ender_bow","<null>","minecraft:recipes/root"
"morebows:recipes/flame_bow","morebows:recipes/flame_bow","<null>","minecraft:recipes/root"
"morebows:recipes/frost_bow","morebows:recipes/frost_bow","<null>","minecraft:recipes/root"
"morebows:recipes/gold_bow","morebows:recipes/gold_bow","<null>","minecraft:recipes/root"
"morebows:recipes/iron_bow","morebows:recipes/iron_bow","<null>","minecraft:recipes/root"
"morebows:recipes/multi_bow","morebows:recipes/multi_bow","<null>","minecraft:recipes/root"
"morebows:recipes/stone_bow","morebows:recipes/stone_bow","<null>","minecraft:recipes/root"
"mowziesmobs:kill_barako","[Usurper]","Kill Barako, the Sun Chief","mowziesmobs:root"
"mowziesmobs:kill_barakoana","[Masquerade]","Kill a Barakoana","mowziesmobs:root"
"mowziesmobs:kill_ferrous_wroughtnaut","[The Bigger They Are...]","Kill a Ferrous Wroughtnaut","mowziesmobs:root"
"mowziesmobs:kill_foliaath","[Jennifer Dumped Me]","Kill a Foliaath","mowziesmobs:root"
"mowziesmobs:kill_frostmaw","[Rude Awakening]","Kill a Frostmaw","mowziesmobs:root"
"mowziesmobs:kill_grottol","[You Monster...]","Kill a Grottol","mowziesmobs:root"
"mowziesmobs:kill_grottol_fortune","[Double Or Nothing!]","Kill a Grottol with a fortune pickaxe","mowziesmobs:kill_grottol"
"mowziesmobs:kill_grottol_silk_touch","[You're Coming With Me]","Kill a Grottol with a silk touch pickaxe","mowziesmobs:kill_grottol"
"mowziesmobs:kill_naga","[Wingin' It]","Kill a Naga","mowziesmobs:root"
"mowziesmobs:root","[Mowzie's Mobs]","Welcome to Mowzie's Mobs!","-"
"mowziesmobs:sneak_village","[Undercover]","Sneak into a Barakoa village in disguise","mowziesmobs:kill_barako"
"mowziesmobs:steal_ice_crystal","[Big Brain™ Time]","Steal an ice crystal from a Frostmaw","mowziesmobs:kill_frostmaw"
"mowziesmobs:suns_blessing","[Heliomancer]","Receive the Sun's Blessing","mowziesmobs:sneak_village"
"mutantbeasts:frosty_the_snow_golem","[Frosty the Snow Golem]","Create a Mutant Snow Golem","mutantbeasts:gunpowder_spice"
"mutantbeasts:gunpowder_spice","[Gunpowder, spice...]","...and everything nice. Obtain a potion of Chemical X.","mutantbeasts:root"
"mutantbeasts:hulk_smash","[Hulk Smash!]","Kill a Mutant Zombie using a Hulk Hammer","mutantbeasts:root"
"mutantbeasts:no_bones_about_it","[No Bones About It]","Kill a Mutant Skeleton using a bow while wearing a full set of Mutant Skeleton armor","mutantbeasts:root"
"mutantbeasts:root","[Mutant Beasts]","","-"
"mutantbeasts:spider_pig_spider_pig","[Spider-Pig, Spider-Pig...]","Feed a Pig a Fermented Spider Eye and throw Chemical X at it","mutantbeasts:gunpowder_spice"
"mutantbeasts:you_da_bomby","[You da Bomby]","Hatch a tamed Creeper Minion from its egg","mutantbeasts:root"
"mysticalworld:amethyst","[Sobriety Test]","Find a gem more divine than diamond!","mysticalworld:root"
"mysticalworld:aubergine","[That's No Carrot...]","Once, purple carrots were all the rage. But this is an aubergine.","mysticalworld:root"
"mysticalworld:epic_squid","[Epic Squid!]","Partake in some of the delicious, purple-y goodness of Epic Squid.","mysticalworld:root"
"mysticalworld:root","[Mystical World]","Breathe in a brand new, mystical world!","-"
"oe:recipies/bonemeal_from_crustacean_shell","oe:recipies/bonemeal_from_crustacean_shell","<null>","minecraft:recipes/root"
"oe:recipies/coconut_open_to_milk","oe:recipies/coconut_open_to_milk","<null>","minecraft:recipes/root"
"oe:recipies/conduit","oe:recipies/conduit","<null>","minecraft:recipes/root"
"oe:recipies/coquina","oe:recipies/coquina","<null>","minecraft:recipes/root"
"oe:recipies/coquina_brick","oe:recipies/coquina_brick","<null>","minecraft:recipes/root"
"oe:recipies/coquina_brick_recipies","oe:recipies/coquina_brick_recipies","<null>","minecraft:recipes/root"
"oe:recipies/coquina_from_crustacean_shell","oe:recipies/coquina_from_crustacean_shell","<null>","minecraft:recipes/root"
"oe:recipies/coquina_from_turtle_scute","oe:recipies/coquina_from_turtle_scute","<null>","minecraft:recipes/root"
"oe:recipies/crab_bisque","oe:recipies/crab_bisque","<null>","minecraft:recipes/root"
"oe:recipies/dried_dulse_block","oe:recipies/dried_dulse_block","<null>","minecraft:recipes/root"
"oe:recipies/dried_dulse_from_block","oe:recipies/dried_dulse_from_block","<null>","minecraft:recipes/root"
"oe:recipies/dried_kelp_block","oe:recipies/dried_kelp_block","<null>","minecraft:recipes/root"
"oe:recipies/dried_kelp_from_block","oe:recipies/dried_kelp_from_block","<null>","minecraft:recipes/root"
"oe:recipies/lobster_bisque","oe:recipies/lobster_bisque","<null>","minecraft:recipes/root"
"oe:recipies/sponge","oe:recipies/sponge","<null>","minecraft:recipes/root"
"oe:recipies/sponge_chunk","oe:recipies/sponge_chunk","<null>","minecraft:recipes/root"
"oe:recipies/sponge_wet","oe:recipies/sponge_wet","<null>","minecraft:recipes/root"
"oe:recipies/stagnant","oe:recipies/stagnant","<null>","minecraft:recipes/root"
"oe:recipies/trident","oe:recipies/trident","<null>","minecraft:recipes/root"
"oe:recipies/turtle_shell","oe:recipies/turtle_shell","<null>","minecraft:recipes/root"
"oe:recipies/underwater_tnt","oe:recipies/underwater_tnt","<null>","minecraft:recipes/root"
"oe:recipies/underwater_torch","oe:recipies/underwater_torch","<null>","minecraft:recipes/root"
"qualitytools:recipes/qualitytools/emerald_amulet","qualitytools:recipes/qualitytools/emerald_amulet","<null>","minecraft:recipes/root"
"qualitytools:recipes/qualitytools/emerald_ring","qualitytools:recipes/qualitytools/emerald_ring","<null>","minecraft:recipes/root"
"qualitytools:recipes/qualitytools/reforging_station","qualitytools:recipes/qualitytools/reforging_station","<null>","minecraft:recipes/root"
"raids:allay_delivers_item","[You've Got a Friend in Me]","Have an Allay deliver items to you","minecraft:husbandry/root"
"raids:birthday_song","[Birthday Song]","Have an Allay drop a Cake at a Note Block","raids:allay_delivers_item"
"raids:friend_inside_me","[Friend Inside Me]","Duplicate an Allay holding a lead","raids:allay_delivers_item"
"raids:hero_of_the_village","[Hero of the Village]","Successfully defend a village from a raid","raids:voluntary_exile"
"raids:overleveled","[Overleveled]","Unleash a raid with a level higher than the max","raids:voluntary_exile"
"raids:voluntary_exile","[Voluntary Exile]","Kill a raid captain. Maybe consider staying away from villages for the time being...","minecraft:adventure/root"
"raids:whos_the_pillager_now","[Who's the Pillager Now?]","Give a Pillager a taste of their own medicine","crossbows:ol_betsy"
"rats:rats/black_death","[Dance Macabre!]","Encounter the Black Death, a possessed Plague Doctor summoned by a lightning strike","rats:rats/plaguedoctor"
"rats:rats/cheese","[We've Forgotten the Crackers!]","Turn a Block of Cheese into four Cheese","rats:rats/milk_cauldron"
"rats:rats/cheese_staff","[Cheese Touch]","Craft a Cheese Staff, used for setting drop-off and pickup locations for tamed rats","rats:rats/tame_rat"
"rats:rats/contaminated_food","[Stop that Health Inspector!]","Find disgusting contaminated food left behind by a rat","rats:rats/root"
"rats:rats/defeat_black_death","[Do Not Go Quietly Into the Night]","Defeat the Black Death","rats:rats/black_death"
"rats:rats/feral_ratlantean","[Going Native]","Encounter what now remains of Ratlantis' once-noble denizens","rats:rats/ratlantis"
"rats:rats/gem_of_ratlantis","[Closer to Godliness]","Craft the Gem of Ratlantis from Ratglove Petals and Emeralds","rats:rats/ratglove_petals"
"rats:rats/marbled_cheese_golem","[Man(or Rat) vs Machine]","Kill a Ratlantean Automaton","rats:rats/marbled_cheese_golem_core"
"rats:rats/marbled_cheese_golem_core","[We can Rebuild...]","Craft a Ratlantean Automaton Core! Now, place a Raltantean Automaton Head on top and surround the core with Marbled Cheese!","rats:rats/gem_of_ratlantis"
"rats:rats/milk_cauldron","[Curdling Time]","Pour milk into a cauldron and wait for it to turn to cheese","rats:rats/root"
"rats:rats/neoratlantean","[But Man am I Bad at Math]","Kill the Neo-Ratlantean.","rats:rats/vial_of_sentience"
"rats:rats/piper","[Pay the Piper]","Encounter a rat-controlling fiend","rats:rats/root"
"rats:rats/pirat","[Are You Ready Kids?]","Encounter the Pirat, a swashbuckling, sea-faring rat","rats:rats/ratlantis"
"rats:rats/plague","[Down with the Sickness!]","Catch the plague from a Plague Rat","rats:rats/root"
"rats:rats/plague_cure","[The Medieval Treatment]","Find a possible cure for the plague","rats:rats/plaguedoctor"
"rats:rats/plaguedoctor","[I AM THE CURE!]","Find a Plague Doctor in a village","rats:rats/plague"
"rats:rats/rat_cage","[Despite All My Rage...]","Craft a rat cage, used for breeding rats","rats:rats/tame_rat"
"rats:rats/rat_cage_decoration","[A Gilded Cage]","Place a rat cage decoration in a Rat Cage","rats:rats/rat_cage"
"rats:rats/rat_cooking","[Anyone Can Cook]","Obtain one of two rare gourmet foods prepared by a rat chef","rats:rats/rat_upgrade_chef"
"rats:rats/rat_crafting_table","[Rat Auto-Crafting]","Craft a Rat Crafting Table","rats:rats/rat_upgrade_crafting"
"rats:rats/rat_music_disc","[Rat Tunes]","Get a music disc by killing a Pied Piper with a rat","rats:rats/piper"
"rats:rats/rat_trap","[An Effective Classic]","Craft a rat trap","rats:rats/root"
"rats:rats/rat_upgrade_archeologist","[Alterior Motive]","Craft Rat Upgrade: Archeologist, enabling an alternative to Ratlantis","rats:rats/token"
"rats:rats/rat_upgrade_basic","[Rat Specialization]","Craft Rat Upgrade: Basic, used to craft advanced rat upgrades","rats:rats/tame_rat"
"rats:rats/rat_upgrade_chef","[The Rat is the Cook!]","Craft a Rat Upgrade: Chef, which makes rats cook held items","rats:rats/rat_upgrade_basic"
"rats:rats/rat_upgrade_crafting","[Crafty Rats!]","Craft Rat Upgrade: Crafting, the first step in rat auto-crafting","rats:rats/rat_upgrade_basic"
"rats:rats/rat_upgrade_flight","[Essentially Pigeons]","Craft a Rat Upgrade: Flight, enabling rats to take to the skies","rats:rats/rat_upgrade_basic"
"rats:rats/rat_upgrade_god","[Whats a Man to a King?]","Craft Rat Upgrade: God, turning your rat into an almost unstoppable killing machine","rats:rats/rat_upgrade_warrior"
"rats:rats/rat_upgrade_nonbeliever","[Whats a God to a Nonbeliever?]","Craft a Rat Upgrade: Nonbeliever, the one rat upgrade to rule them all","rats:rats/rat_upgrade_god"
"rats:rats/rat_upgrade_pirat","[Aye-Aye Captain!]","Craft a Rat Upgrade: Buccaneer, giving unnecessary 16th century firepower to a rat","rats:rats/pirat"
"rats:rats/rat_upgrade_platter","[Carry Weight 64]","Craft Rat Upgrade: Platter, used to make rats transport an entire stack of items at a time","rats:rats/cheese_staff"
"rats:rats/rat_upgrade_psychic","[Not a USB Stick]","Craft a Rat Upgrade: Psychic, and have your very own psychic rat","rats:rats/neoratlantean"
"rats:rats/rat_upgrade_ratinator","[Like Tears in the Rain]","Craft a Rat Upgrade: Ratinator, bringing a deadly rat cyborg to life","rats:rats/marbled_cheese_golem"
"rats:rats/rat_upgrade_strength","[Rat Karate]","Craft Rat Upgrade: Strength, making your rat pack a powerful punch","rats:rats/rat_upgrade_basic"
"rats:rats/rat_upgrade_warrior","[Rat Warrior Clan]","Craft Rat Upgrade: Warrior, making your rat stringer, have armor and higher health","rats:rats/rat_upgrade_strength"
"rats:rats/ratglove_petals","[Flower Power]","Craft Ratglove Petals from nine Ratglove Flowers","rats:rats/ratlantis"
"rats:rats/ratlantean_spirit","[Ashes of a Trillion Dead Souls]","Encounter the long dead ghost of a Ratlantean","rats:rats/ratlantis"
"rats:rats/ratlantis","[Ratlantis!]","Use Chunky Cheese Token anywhere to create a portal to Ratlantis. Enter through the portal!","rats:rats/token"
"rats:rats/root","[Rats]","Rat Patootie","-"
"rats:rats/tame_rat","[An Unlikely Alliance]","Tame a rat by dropping cheese near it repeatedly until it is full","rats:rats/cheese"
"rats:rats/token","[What lottery? The lottery, that's what lottery! Are you stupid? Only lottery that matters! Oh my god smell that air!]","Obtain a Chunky Cheese Token from a rat! Good job!","rats:rats/root"
"rats:rats/upgrade_combiner","[MAXIMUM POWER!!!]","Craft a Rat Upgrade Combiner, and start mixing upgrades together","rats:rats/marbled_cheese_golem"
"rats:rats/vial_of_sentience","[The Risks I Took Were Calculated...]","Create a Vial of Conciousness with Ratlantean Spirit Flame and Feral Rat Claws. Make sure to throw it at a Feral Ratlantean!","rats:rats/feral_ratlantean"
"rustic:main/almanac","[Book Learnin']","Obtain an almanac","rustic:main/root"
"rustic:main/max_drunk","[No Ragrets]","Reach dangerous levels of inebriation","rustic:main/root"
"rustic:main/root","[Rustic]","How quaint","-"
"rustic:main/the_good_stuff","[The Good Stuff]","Brew a beverage with a quality of at least 90%","rustic:main/root"
"rustic:main/winemaxxing","[Winemaxxing]","Not now honey, Mommy is winemaxxing","rustic:main/the_good_stuff"
"rustic:recipes/almanac","rustic:recipes/almanac","<null>","minecraft:recipes/root"
"spartanweaponry:archery","[Archer's Arsenal]","Ranged Weapons!","spartanweaponry:root"
"spartanweaponry:battleaxe","[...And my Axe!]","Craft a Battleaxe","spartanweaponry:melee"
"spartanweaponry:boomerang","[It Comes Back?]","Craft a Boomerang","spartanweaponry:throwing_weapons"
"spartanweaponry:caestus","[Fisticuffs]","Craft a Caestus","spartanweaponry:melee"
"spartanweaponry:club","[Going Clubbing]","Craft a Club","spartanweaponry:melee"
"spartanweaponry:crossbow","[The Bender of the 15th Century]","Craft a Crossbow","spartanweaponry:archery"
"spartanweaponry:dagger","[A Rogue's Best Friend]","Craft a Dagger","spartanweaponry:throwing_weapons"
"spartanweaponry:explode_creeper","[Karma]","Use any explosive damage to give a Creeper a taste of it's own medicine!","spartanweaponry:root"
"spartanweaponry:glaive","[Straightening the Scythes]","Craft a Glaive","spartanweaponry:melee"
"spartanweaponry:greatsword","[A Cut Above the Rest]","Craft a Greatsword","spartanweaponry:melee"
"spartanweaponry:halberd","[Halberdier]","Craft a Halberd","spartanweaponry:melee"
"spartanweaponry:hammer","[Hammer Time!]","Craft a Hammer","spartanweaponry:melee"
"spartanweaponry:javelin","[Not the Olympic Type]","Craft a Javelin","spartanweaponry:throwing_weapons"
"spartanweaponry:katana","[A Samurai's Blade]","Craft a Katana","spartanweaponry:melee"
"spartanweaponry:lance","[The Fourth Horseman]","Craft a Lance","spartanweaponry:melee"
"spartanweaponry:longbow","[Take Aim, Chaps!]","Craft a Longbow","spartanweaponry:archery"
"spartanweaponry:longsword","[A Bigger Blade]","Craft a Longsword","spartanweaponry:melee"
"spartanweaponry:mace","[Smash and Bash!]","Craft a Mace","spartanweaponry:melee"
"spartanweaponry:melee","[Warrior's Arsenal]","Melee Weapons!","spartanweaponry:root"
"spartanweaponry:pike","[Pike Off!]","Craft a Pike","spartanweaponry:melee"
"spartanweaponry:quarterstaff","[A Not-so-pointy Stick!]","Craft a Quarterstaff","spartanweaponry:melee"
"spartanweaponry:quiver_light","[Backpack Full of Ammo!]","Acquire a Light Arrow Quiver or Light Bolt Quiver","spartanweaponry:longbow"
"spartanweaponry:rapier","[En Garde!]","Craft a Rapier","spartanweaponry:melee"
"spartanweaponry:root","[Spartan Weaponry]","Weapons Galore!","-"
"spartanweaponry:saber","[Swashbuckler]","Craft a Saber","spartanweaponry:melee"
"spartanweaponry:scythe","[Reaping What You Sow]","Craft a Scythe","spartanweaponry:melee"
"spartanweaponry:spear","[Tip of the Spear]","Craft a Spear","spartanweaponry:melee"
"spartanweaponry:throwing_axe","[Tomahawk]","Craft a Throwing Axe","spartanweaponry:throwing_weapons"
"spartanweaponry:throwing_knife","[An Assassin's Need]","Craft a Throwing Knife","spartanweaponry:throwing_weapons"
"spartanweaponry:throwing_weapons","[Assassin's Arsenal]","Throwing Weapons!","spartanweaponry:root"
"spartanweaponry:upgrade_quiver","[An Even Bigger Quiver?]","Upgrade any Quiver to the Moderate tier","spartanweaponry:quiver_light"
"spartanweaponry:upgrade_quiver_max","[Maximum Capacity]","Upgrade any Quiver into a Heavy Quiver","spartanweaponry:upgrade_quiver"
"spartanweaponry:warhammer","[Blunt-force Trauma]","Craft a Warhammer","spartanweaponry:melee"
"suikehappyghast:place_dried_ghast_in_water","[Stay Hydrated!]","Dried Ghast to rehydrate","minecraft:husbandry/root"
"toroquest:base","[House Reputation]","","-"
"toroquest:champion","[Champion]","Reputation Level V
You are now a Champion; you have unlocked dangerous and rewarding Legendary Quests!","toroquest:exalted"
"toroquest:exalted","[Exalted]","Reputation Level IV
You are now Exalted; You are reputable enough to rename provinces under the rule of this civilization!","toroquest:renowned"
"toroquest:friendly","[Friendly]","Reputation Level I
You are now Friendly; you have gained permission to harvest crops!","toroquest:base"
"toroquest:hero","[Hero]","Reputation Level VI
You are now a Hero; quests grant experience in addition to their rewards!","toroquest:champion"
"toroquest:honored","[Honored]","Reputation Level II
You are now Honored; you have gained permission to butcher livestock!","toroquest:friendly"
"toroquest:kingslayer","[Kingslayer]","Kill a Village Lord","toroquest:base"
"toroquest:legend","[Legend]","Reputation Level VII
You are now a Legend; you have achieved the highest reputation rank. Quests rewards are doubled!","toroquest:hero"
"toroquest:murderhobo","[Murderhobo]","Kill a Village Lord from each House
I have an intelligence of 6, I know what I’m doing.","toroquest:base"
"toroquest:murderhobo_black","[Murderhobo]","Bandit
I have an intelligence of 6, I know what I’m doing.","-"
"toroquest:murderhobo_blue","[Murderhobo]","Bandit
I have an intelligence of 6, I know what I’m doing.","-"
"toroquest:murderhobo_brown","[Murderhobo]","Bandit
I have an intelligence of 6, I know what I’m doing.","-"
"toroquest:murderhobo_green","[Murderhobo]","Bandit
I have an intelligence of 6, I know what I’m doing.","-"
"toroquest:murderhobo_red","[Murderhobo]","Bandit
I have an intelligence of 6, I know what I’m doing.","-"
"toroquest:murderhobo_yellow","[Murderhobo]","Bandit
I have an intelligence of 6, I know what I’m doing.","-"
"toroquest:quest","[Quest Complete]","Quest
You have completed a quest; speak to the village lord to turn in your quest for reputation and rewards","-"
"toroquest:renowned","[Renowned]","Reputation Level III
You are Renowned; you have gained permissions to take from chests, fire spread, and destroy building blocks!","toroquest:honored"
"totf:acquire_grave_rose","[A Rose from a grave]","Acquire a Grave Rose, a vessel for a redeemed soul willing to aid you in combat","totf:flower_on_grave"
"totf:bury_remains","[Rest In Peace]","Give lost human remains a proper burial","totf:root"
"totf:flower_on_grave","[A Last Tribute]","Place a flower by a grave marker","totf:bury_remains"
"totf:haunted","[Haunted]","Your actions have started to attract unwanted attention","totf:loot_skeleton_crate"
"totf:loot_skeleton_crate","[They won't need this anymore]","Loot the remnants of past events","totf:root"
"totf:root","[Traces of the Fallen]","Uncover the treasures of the past","-"
"villagenames:archaeologist","[§6Archaeologist]","Identify multiple different kinds of structures","villagenames:maxrep"
"villagenames:archaeologist_progress","[Archaeologist Progress]","Placeholder to track the progress of the Archaeologist advancement. This Advancement should never be visible to the player.","-"
"villagenames:ghosttown","[Ghost Town]","Create a Village Book for an empty village","villagenames:minrep"
"villagenames:laputa","[§cFidelity]","Befriend a lonely golem","villagenames:minrep"
"villagenames:maxrep","[§aEmerald Standard]","Obtain the maximum reputation in a village","villagenames:root"
"villagenames:minrep","[§4You're A Monster]","Obtain the minimum reputation in a village","villagenames:root"
"villagenames:root","[Village Names]","O, brave new world that has such people in't!","-"
"wizardry_tales:root","[Wizardry Tales]","You can start your adventure now!","-"
"wizardry_tales:tales_book","[May the Gods bless this beautiful world!]","Is that a reference?","wizardry_tales:root"
