0,"minecraft:air"
1,"minecraft:stone"
2,"minecraft:grass"
3,"minecraft:dirt"
4,"minecraft:cobblestone"
5,"minecraft:planks"
6,"minecraft:sapling"
7,"minecraft:bedrock"
8,"minecraft:flowing_water"
9,"minecraft:water"
10,"minecraft:flowing_lava"
11,"minecraft:lava"
12,"minecraft:sand"
13,"minecraft:gravel"
14,"minecraft:gold_ore"
15,"minecraft:iron_ore"
16,"minecraft:coal_ore"
17,"minecraft:log"
18,"minecraft:leaves"
19,"minecraft:sponge"
20,"minecraft:glass"
21,"minecraft:lapis_ore"
22,"minecraft:lapis_block"
23,"minecraft:dispenser"
24,"minecraft:sandstone"
25,"minecraft:noteblock"
26,"minecraft:bed"
27,"minecraft:golden_rail"
28,"minecraft:detector_rail"
29,"minecraft:sticky_piston"
30,"minecraft:web"
31,"minecraft:tallgrass"
32,"minecraft:deadbush"
33,"minecraft:piston"
34,"minecraft:piston_head"
35,"minecraft:wool"
36,"minecraft:piston_extension"
37,"minecraft:yellow_flower"
38,"minecraft:red_flower"
39,"minecraft:brown_mushroom"
40,"minecraft:red_mushroom"
41,"minecraft:gold_block"
42,"minecraft:iron_block"
43,"minecraft:double_stone_slab"
44,"minecraft:stone_slab"
45,"minecraft:brick_block"
46,"minecraft:tnt"
47,"minecraft:bookshelf"
48,"minecraft:mossy_cobblestone"
49,"minecraft:obsidian"
50,"minecraft:torch"
51,"minecraft:fire"
52,"minecraft:mob_spawner"
53,"minecraft:oak_stairs"
54,"minecraft:chest"
55,"minecraft:redstone_wire"
56,"minecraft:diamond_ore"
57,"minecraft:diamond_block"
58,"minecraft:crafting_table"
59,"minecraft:wheat"
60,"minecraft:farmland"
61,"minecraft:furnace"
62,"minecraft:lit_furnace"
63,"minecraft:standing_sign"
64,"minecraft:wooden_door"
65,"minecraft:ladder"
66,"minecraft:rail"
67,"minecraft:stone_stairs"
68,"minecraft:wall_sign"
69,"minecraft:lever"
70,"minecraft:stone_pressure_plate"
71,"minecraft:iron_door"
72,"minecraft:wooden_pressure_plate"
73,"minecraft:redstone_ore"
74,"minecraft:lit_redstone_ore"
75,"minecraft:unlit_redstone_torch"
76,"minecraft:redstone_torch"
77,"minecraft:stone_button"
78,"minecraft:snow_layer"
79,"minecraft:ice"
80,"minecraft:snow"
81,"minecraft:cactus"
82,"minecraft:clay"
83,"minecraft:reeds"
84,"minecraft:jukebox"
85,"minecraft:fence"
86,"minecraft:pumpkin"
87,"minecraft:netherrack"
88,"minecraft:soul_sand"
89,"minecraft:glowstone"
90,"minecraft:portal"
91,"minecraft:lit_pumpkin"
92,"minecraft:cake"
93,"minecraft:unpowered_repeater"
94,"minecraft:powered_repeater"
95,"minecraft:stained_glass"
96,"minecraft:trapdoor"
97,"minecraft:monster_egg"
98,"minecraft:stonebrick"
99,"minecraft:brown_mushroom_block"
100,"minecraft:red_mushroom_block"
101,"minecraft:iron_bars"
102,"minecraft:glass_pane"
103,"minecraft:melon_block"
104,"minecraft:pumpkin_stem"
105,"minecraft:melon_stem"
106,"minecraft:vine"
107,"minecraft:fence_gate"
108,"minecraft:brick_stairs"
109,"minecraft:stone_brick_stairs"
110,"minecraft:mycelium"
111,"minecraft:waterlily"
112,"minecraft:nether_brick"
113,"minecraft:nether_brick_fence"
114,"minecraft:nether_brick_stairs"
115,"minecraft:nether_wart"
116,"minecraft:enchanting_table"
117,"minecraft:brewing_stand"
118,"minecraft:cauldron"
119,"minecraft:end_portal"
120,"minecraft:end_portal_frame"
121,"minecraft:end_stone"
122,"minecraft:dragon_egg"
123,"minecraft:redstone_lamp"
124,"minecraft:lit_redstone_lamp"
125,"minecraft:double_wooden_slab"
126,"minecraft:wooden_slab"
127,"minecraft:cocoa"
128,"minecraft:sandstone_stairs"
129,"minecraft:emerald_ore"
130,"minecraft:ender_chest"
131,"minecraft:tripwire_hook"
132,"minecraft:tripwire"
133,"minecraft:emerald_block"
134,"minecraft:spruce_stairs"
135,"minecraft:birch_stairs"
136,"minecraft:jungle_stairs"
137,"minecraft:command_block"
138,"minecraft:beacon"
139,"minecraft:cobblestone_wall"
140,"minecraft:flower_pot"
141,"minecraft:carrots"
142,"minecraft:potatoes"
143,"minecraft:wooden_button"
144,"minecraft:skull"
145,"minecraft:anvil"
146,"minecraft:trapped_chest"
147,"minecraft:light_weighted_pressure_plate"
148,"minecraft:heavy_weighted_pressure_plate"
149,"minecraft:unpowered_comparator"
150,"minecraft:powered_comparator"
151,"minecraft:daylight_detector"
152,"minecraft:redstone_block"
153,"minecraft:quartz_ore"
154,"minecraft:hopper"
155,"minecraft:quartz_block"
156,"minecraft:quartz_stairs"
157,"minecraft:activator_rail"
158,"minecraft:dropper"
159,"minecraft:stained_hardened_clay"
160,"minecraft:stained_glass_pane"
161,"minecraft:leaves2"
162,"minecraft:log2"
163,"minecraft:acacia_stairs"
164,"minecraft:dark_oak_stairs"
165,"minecraft:slime"
166,"minecraft:barrier"
167,"minecraft:iron_trapdoor"
168,"minecraft:prismarine"
169,"minecraft:sea_lantern"
170,"minecraft:hay_block"
171,"minecraft:carpet"
172,"minecraft:hardened_clay"
173,"minecraft:coal_block"
174,"minecraft:packed_ice"
175,"minecraft:double_plant"
176,"minecraft:standing_banner"
177,"minecraft:wall_banner"
178,"minecraft:daylight_detector_inverted"
179,"minecraft:red_sandstone"
180,"minecraft:red_sandstone_stairs"
181,"minecraft:double_stone_slab2"
182,"minecraft:stone_slab2"
183,"minecraft:spruce_fence_gate"
184,"minecraft:birch_fence_gate"
185,"minecraft:jungle_fence_gate"
186,"minecraft:dark_oak_fence_gate"
187,"minecraft:acacia_fence_gate"
188,"minecraft:spruce_fence"
189,"minecraft:birch_fence"
190,"minecraft:jungle_fence"
191,"minecraft:dark_oak_fence"
192,"minecraft:acacia_fence"
193,"minecraft:spruce_door"
194,"minecraft:birch_door"
195,"minecraft:jungle_door"
196,"minecraft:acacia_door"
197,"minecraft:dark_oak_door"
198,"minecraft:end_rod"
199,"minecraft:chorus_plant"
200,"minecraft:chorus_flower"
201,"minecraft:purpur_block"
202,"minecraft:purpur_pillar"
203,"minecraft:purpur_stairs"
204,"minecraft:purpur_double_slab"
205,"minecraft:purpur_slab"
206,"minecraft:end_bricks"
207,"minecraft:beetroots"
208,"minecraft:grass_path"
209,"minecraft:end_gateway"
210,"minecraft:repeating_command_block"
211,"minecraft:chain_command_block"
212,"minecraft:frosted_ice"
213,"minecraft:magma"
214,"minecraft:nether_wart_block"
215,"minecraft:red_nether_brick"
216,"minecraft:bone_block"
217,"minecraft:structure_void"
218,"minecraft:observer"
219,"minecraft:white_shulker_box"
220,"minecraft:orange_shulker_box"
221,"minecraft:magenta_shulker_box"
222,"minecraft:light_blue_shulker_box"
223,"minecraft:yellow_shulker_box"
224,"minecraft:lime_shulker_box"
225,"minecraft:pink_shulker_box"
226,"minecraft:gray_shulker_box"
227,"minecraft:silver_shulker_box"
228,"minecraft:cyan_shulker_box"
229,"minecraft:purple_shulker_box"
230,"minecraft:blue_shulker_box"
231,"minecraft:brown_shulker_box"
232,"minecraft:green_shulker_box"
233,"minecraft:red_shulker_box"
234,"minecraft:black_shulker_box"
235,"minecraft:white_glazed_terracotta"
236,"minecraft:orange_glazed_terracotta"
237,"minecraft:magenta_glazed_terracotta"
238,"minecraft:light_blue_glazed_terracotta"
239,"minecraft:yellow_glazed_terracotta"
240,"minecraft:lime_glazed_terracotta"
241,"minecraft:pink_glazed_terracotta"
242,"minecraft:gray_glazed_terracotta"
243,"minecraft:silver_glazed_terracotta"
244,"minecraft:cyan_glazed_terracotta"
245,"minecraft:purple_glazed_terracotta"
246,"minecraft:blue_glazed_terracotta"
247,"minecraft:brown_glazed_terracotta"
248,"minecraft:green_glazed_terracotta"
249,"minecraft:red_glazed_terracotta"
250,"minecraft:black_glazed_terracotta"
251,"minecraft:concrete"
252,"minecraft:concrete_powder"
253,"betternether:block_eyeball"
254,"betternether:block_eyeball_small"
255,"minecraft:structure_block"
256,"betternether:eye_vine"
257,"betternether:eye_seed"
258,"betternether:netherrack_moss"
259,"betternether:nether_grass"
260,"betternether:nether_reed"
261,"betternether:stalagnate_stem"
262,"betternether:stalagnate_bottom"
263,"betternether:stalagnate_middle"
264,"betternether:stalagnate_top"
265,"betternether:stalagnate_seed"
266,"betternether:stalagnate_seed_bottom"
267,"betternether:stalagnate_bark"
268,"betternether:stalagnate_planks"
269,"betternether:stalagnate_planks_stairs"
270,"betternether:stalagnate_planks_slab_half"
271,"betternether:stalagnate_planks_slab_double"
272,"betternether:stalagnate_planks_fence"
273,"betternether:stalagnate_planks_gate"
274,"betternether:stalagnate_planks_button"
275,"betternether:stalagnate_planks_plate"
276,"betternether:reeds_block"
277,"betternether:reeds_stairs"
278,"betternether:reeds_slab_half"
279,"betternether:reeds_slab_double"
280,"betternether:reeds_fence"
281,"betternether:reeds_gate"
282,"betternether:reeds_button"
283,"betternether:reeds_plate"
284,"betternether:lucis_mushroom"
285,"betternether:lucis_spore"
286,"betternether:nether_cactus"
287,"betternether:wart_seed"
288,"betternether:barrel_cactus"
289,"betternether:agave"
290,"betternether:black_bush"
291,"betternether:ink_bush"
292,"betternether:ink_bush_seed"
293,"betternether:smoker"
294,"betternether:egg_plant"
295,"betternether:black_apple"
296,"betternether:black_apple_seed"
297,"betternether:magma_flower"
298,"betternether:nether_mycelium"
299,"betternether:red_large_mushroom"
300,"betternether:brown_large_mushroom"
301,"betternether:orange_mushroom"
302,"betternether:red_mold"
303,"betternether:gray_mold"
304,"betternether:cincinnasite_ore"
305,"betternether:cincinnasite_block"
306,"betternether:cincinnasite_forged"
307,"betternether:cincinnasite_pillar"
308,"betternether:cincinnasite_bricks"
309,"betternether:cincinnasite_brick_plate"
310,"betternether:cincinnasite_stairs"
311,"betternether:cincinnasite_slab_half"
312,"betternether:cincinnasite_slab_double"
313,"betternether:cincinnasite_button"
314,"betternether:cincinnasite_plate"
315,"betternether:cincinnasite_lantern"
316,"betternether:cincinnasite_tile_large"
317,"betternether:cincinnasite_tile_small"
318,"betternether:cincinnasite_carved"
319,"betternether:nether_brick_tile_large"
320,"betternether:nether_brick_tile_small"
321,"betternether:cincinnasite_wall"
322,"betternether:bone_block"
323,"betternether:bone_stairs"
324,"betternether:bone_slab_half"
325,"betternether:bone_slab_double"
326,"betternether:bone_button"
327,"betternether:bone_plate"
328,"betternether:cincinnasite_fire_bowl"
329,"betternether:bone_wall"
330,"betternether:nether_brick_wall"
331,"betternether:nether_brick_tile_slab_half"
332,"betternether:nether_brick_tile_slab_double"
333,"betternether:nether_brick_tile_stairs"
334,"betternether:bone_mushroom"
335,"betternether:reeds_ladder"
336,"betternether:cincinnasite_bricks_pillar"
337,"betternether:bone_tile"
338,"betternether:cincinnasite_pedestal"
339,"betternether:pig_statue_01"
340,"betternether:cincinnasite_pot"
341,"betternether:potted_plant_1"
342,"betternether:cincinnasite_frame"
343,"betternether:quartz_glass"
344,"betternether:quartz_glass_framed"
345,"betternether:quartz_stained_glass"
346,"betternether:cincinnasite_bars"
347,"betternether:quartz_glass_pane"
348,"betternether:quartz_glass_framed_pane"
349,"betternether:cincinnasite_forge"
350,"betternether:netherrack_furnace"
351,"betternether:bone_reed_door"
352,"betternether:bone_cincinnasite_door"
353,"betternether:quartz_stained_glass_framed"
354,"betternether:quartz_stained_glass_pane"
355,"betternether:stalagnate_bowl_placed"
356,"betternether:chest_of_drawers"
357,"biomesoplenty:grass"
358,"biomesoplenty:dirt"
359,"biomesoplenty:grass_path"
360,"biomesoplenty:farmland_0"
361,"biomesoplenty:farmland_1"
362,"biomesoplenty:white_sand"
363,"biomesoplenty:white_sandstone"
364,"biomesoplenty:white_sandstone_stairs"
365,"biomesoplenty:dried_sand"
366,"biomesoplenty:hard_ice"
367,"biomesoplenty:ash_block"
368,"biomesoplenty:mud"
369,"biomesoplenty:flesh"
370,"biomesoplenty:crystal"
371,"biomesoplenty:biome_block"
372,"biomesoplenty:gem_ore"
373,"biomesoplenty:gem_block"
374,"biomesoplenty:hive"
375,"biomesoplenty:honey_block"
376,"biomesoplenty:blue_fire"
377,"biomesoplenty:bamboo_thatching"
378,"biomesoplenty:mud_brick_block"
379,"biomesoplenty:mud_brick_stairs"
380,"biomesoplenty:other_slab"
381,"biomesoplenty:double_other_slab"
382,"biomesoplenty:log_0"
383,"biomesoplenty:log_1"
384,"biomesoplenty:log_2"
385,"biomesoplenty:log_3"
386,"biomesoplenty:log_4"
387,"biomesoplenty:leaves_0"
388,"biomesoplenty:leaves_1"
389,"biomesoplenty:leaves_2"
390,"biomesoplenty:leaves_3"
391,"biomesoplenty:leaves_4"
392,"biomesoplenty:leaves_5"
393,"biomesoplenty:leaves_6"
394,"biomesoplenty:planks_0"
395,"biomesoplenty:sacred_oak_stairs"
396,"biomesoplenty:cherry_stairs"
397,"biomesoplenty:umbran_stairs"
398,"biomesoplenty:fir_stairs"
399,"biomesoplenty:ethereal_stairs"
400,"biomesoplenty:magic_stairs"
401,"biomesoplenty:mangrove_stairs"
402,"biomesoplenty:palm_stairs"
403,"biomesoplenty:redwood_stairs"
404,"biomesoplenty:willow_stairs"
405,"biomesoplenty:pine_stairs"
406,"biomesoplenty:hellbark_stairs"
407,"biomesoplenty:jacaranda_stairs"
408,"biomesoplenty:mahogany_stairs"
409,"biomesoplenty:ebony_stairs"
410,"biomesoplenty:eucalyptus_stairs"
411,"biomesoplenty:wood_slab_0"
412,"biomesoplenty:double_wood_slab_0"
413,"biomesoplenty:wood_slab_1"
414,"biomesoplenty:double_wood_slab_1"
415,"biomesoplenty:sacred_oak_fence"
416,"biomesoplenty:cherry_fence"
417,"biomesoplenty:umbran_fence"
418,"biomesoplenty:fir_fence"
419,"biomesoplenty:ethereal_fence"
420,"biomesoplenty:magic_fence"
421,"biomesoplenty:mangrove_fence"
422,"biomesoplenty:palm_fence"
423,"biomesoplenty:redwood_fence"
424,"biomesoplenty:willow_fence"
425,"biomesoplenty:pine_fence"
426,"biomesoplenty:hellbark_fence"
427,"biomesoplenty:jacaranda_fence"
428,"biomesoplenty:mahogany_fence"
429,"biomesoplenty:ebony_fence"
430,"biomesoplenty:eucalyptus_fence"
431,"biomesoplenty:sacred_oak_fence_gate"
432,"biomesoplenty:cherry_fence_gate"
433,"biomesoplenty:umbran_fence_gate"
434,"biomesoplenty:fir_fence_gate"
435,"biomesoplenty:ethereal_fence_gate"
436,"biomesoplenty:magic_fence_gate"
437,"biomesoplenty:mangrove_fence_gate"
438,"biomesoplenty:palm_fence_gate"
439,"biomesoplenty:redwood_fence_gate"
440,"biomesoplenty:willow_fence_gate"
441,"biomesoplenty:pine_fence_gate"
442,"biomesoplenty:hellbark_fence_gate"
443,"biomesoplenty:jacaranda_fence_gate"
444,"biomesoplenty:mahogany_fence_gate"
445,"biomesoplenty:ebony_fence_gate"
446,"biomesoplenty:eucalyptus_fence_gate"
447,"biomesoplenty:sacred_oak_door_block"
448,"biomesoplenty:cherry_door_block"
449,"biomesoplenty:umbran_door_block"
450,"biomesoplenty:fir_door_block"
451,"biomesoplenty:ethereal_door_block"
452,"biomesoplenty:magic_door_block"
453,"biomesoplenty:mangrove_door_block"
454,"biomesoplenty:palm_door_block"
455,"biomesoplenty:redwood_door_block"
456,"biomesoplenty:willow_door_block"
457,"biomesoplenty:pine_door_block"
458,"biomesoplenty:hellbark_door_block"
459,"biomesoplenty:jacaranda_door_block"
460,"biomesoplenty:mahogany_door_block"
461,"biomesoplenty:ebony_door_block"
462,"biomesoplenty:eucalyptus_door_block"
463,"biomesoplenty:coral"
464,"biomesoplenty:seaweed"
465,"biomesoplenty:waterlily"
466,"biomesoplenty:bamboo"
467,"biomesoplenty:sapling_0"
468,"biomesoplenty:sapling_1"
469,"biomesoplenty:sapling_2"
470,"biomesoplenty:plant_0"
471,"biomesoplenty:plant_1"
472,"biomesoplenty:double_plant"
473,"biomesoplenty:mushroom"
474,"biomesoplenty:bramble_plant"
475,"biomesoplenty:flower_0"
476,"biomesoplenty:flower_1"
477,"biomesoplenty:ivy"
478,"biomesoplenty:willow_vine"
479,"biomesoplenty:terrarium"
480,"biomesoplenty:sand"
481,"biomesoplenty:honey"
482,"biomesoplenty:blood"
483,"biomesoplenty:poison"
484,"biomesoplenty:hot_spring_water"
485,"chococraftplus:gysahlstemblock"
486,"chococraftplus:gysahlgardenblock"
487,"chococraftplus:strawblock"
488,"moglowstone:black_gsblock"
489,"moglowstone:blue_gsblock"
490,"moglowstone:brick_gsblock"
491,"moglowstone:brown_gsblock"
492,"moglowstone:cyan_gsblock"
493,"moglowstone:gray_gsblock"
494,"moglowstone:green_gsblock"
495,"moglowstone:lamp_gsblock"
496,"moglowstone:lblue_gsblock"
497,"moglowstone:lgray_gsblock"
498,"moglowstone:lime_gsblock"
499,"moglowstone:magenta_gsblock"
500,"moglowstone:orange_gsblock"
501,"moglowstone:pink_gsblock"
502,"moglowstone:purple_gsblock"
503,"moglowstone:red_gsblock"
504,"moglowstone:white_gsblock"
505,"moglowstone:glowstone_ore"
506,"rustic:olive_oil"
507,"rustic:ironberry_juice"
508,"rustic:wildberry_juice"
509,"rustic:grape_juice"
510,"rustic:apple_juice"
511,"rustic:ale_wort"
512,"rustic:honey"
513,"rustic:golden_apple_juice"
514,"rustic:stone_pillar"
515,"rustic:andesite_pillar"
516,"rustic:diorite_pillar"
517,"rustic:granite_pillar"
518,"rustic:slate_pillar"
519,"rustic:chain"
520,"rustic:candle"
521,"rustic:candle_double"
522,"rustic:candle_lever"
523,"rustic:chandelier"
524,"rustic:chain_gold"
525,"rustic:candle_gold"
526,"rustic:candle_double_gold"
527,"rustic:candle_lever_gold"
528,"rustic:chandelier_gold"
529,"rustic:chain_silver"
530,"rustic:candle_silver"
531,"rustic:candle_double_silver"
532,"rustic:candle_lever_silver"
533,"rustic:chandelier_silver"
534,"rustic:beehive"
535,"rustic:apiary"
536,"rustic:slate"
537,"rustic:slate_roof"
538,"rustic:slate_tile"
539,"rustic:slate_brick"
540,"rustic:slate_chiseled"
541,"rustic:stairs_slate_roof"
542,"rustic:slate_roof_doubleslab"
543,"rustic:slate_roof_slab"
544,"rustic:stairs_slate_brick"
545,"rustic:slate_brick_doubleslab"
546,"rustic:slate_brick_slab"
547,"rustic:clay_wall"
548,"rustic:clay_wall_cross"
549,"rustic:clay_wall_diag"
550,"rustic:chair_oak"
551,"rustic:chair_big_oak"
552,"rustic:chair_birch"
553,"rustic:chair_spruce"
554,"rustic:chair_acacia"
555,"rustic:chair_jungle"
556,"rustic:chair_olive"
557,"rustic:chair_ironwood"
558,"rustic:table_oak"
559,"rustic:table_big_oak"
560,"rustic:table_birch"
561,"rustic:table_spruce"
562,"rustic:table_acacia"
563,"rustic:table_jungle"
564,"rustic:table_olive"
565,"rustic:table_ironwood"
566,"rustic:vase"
567,"rustic:barrel"
568,"rustic:iron_lattice"
569,"rustic:iron_lantern"
570,"rustic:golden_lantern"
571,"rustic:silver_lantern"
572,"rustic:painted_wood_white"
573,"rustic:painted_wood_orange"
574,"rustic:painted_wood_magenta"
575,"rustic:painted_wood_light_blue"
576,"rustic:painted_wood_yellow"
577,"rustic:painted_wood_lime"
578,"rustic:painted_wood_pink"
579,"rustic:painted_wood_gray"
580,"rustic:painted_wood_silver"
581,"rustic:painted_wood_cyan"
582,"rustic:painted_wood_purple"
583,"rustic:painted_wood_blue"
584,"rustic:painted_wood_brown"
585,"rustic:painted_wood_green"
586,"rustic:painted_wood_red"
587,"rustic:painted_wood_black"
588,"rustic:gargoyle"
589,"rustic:cabinet"
590,"rustic:liquid_barrel"
591,"rustic:fertile_soil"
592,"rustic:planks"
593,"rustic:log"
594,"rustic:leaves"
595,"rustic:sapling"
596,"rustic:crushing_tub"
597,"rustic:evaporating_basin"
598,"rustic:fence_olive"
599,"rustic:fence_ironwood"
600,"rustic:fence_gate_olive"
601,"rustic:fence_gate_ironwood"
602,"rustic:olive_doubleslab"
603,"rustic:olive_slab"
604,"rustic:ironwood_doubleslab"
605,"rustic:ironwood_slab"
606,"rustic:stairs_olive"
607,"rustic:stairs_ironwood"
608,"rustic:condenser"
609,"rustic:retort"
610,"rustic:condenser_advanced"
611,"rustic:retort_advanced"
612,"rustic:crop_stake"
613,"rustic:tomato_crop"
614,"rustic:chili_crop"
615,"rustic:wildberry_bush"
616,"rustic:rope"
617,"rustic:stake_tied"
618,"rustic:grape_stem"
619,"rustic:grape_leaves"
620,"rustic:brewing_barrel"
621,"rustic:apple_seeds"
622,"rustic:sapling_apple"
623,"rustic:leaves_apple"
624,"rustic:olive_door"
625,"rustic:ironwood_door"
626,"rustic:lantern_wood"
627,"rustic:aloe_vera"
628,"rustic:blood_orchid"
629,"rustic:chamomile"
630,"rustic:cloudsbluff"
631,"rustic:cohosh"
632,"rustic:core_root"
633,"rustic:deathstalk_mushroom"
634,"rustic:ginseng"
635,"rustic:horsetail"
636,"rustic:marsh_mallow"
637,"rustic:mooncap_mushroom"
638,"rustic:wind_thistle"
639,"rustic:vanta_lily"
640,"rusticbopwoods:chair_sacred_oak"
641,"rusticbopwoods:chair_cherry"
642,"rusticbopwoods:chair_umbran"
643,"rusticbopwoods:chair_fir"
644,"rusticbopwoods:chair_ethereal"
645,"rusticbopwoods:chair_magic"
646,"rusticbopwoods:chair_mangrove"
647,"rusticbopwoods:chair_palm"
648,"rusticbopwoods:chair_redwood"
649,"rusticbopwoods:chair_willow"
650,"rusticbopwoods:chair_pine"
651,"rusticbopwoods:chair_hellbark"
652,"rusticbopwoods:chair_jacaranda"
653,"rusticbopwoods:chair_mahogany"
654,"rusticbopwoods:chair_ebony"
655,"rusticbopwoods:chair_eucalyptus"
656,"rusticbopwoods:table_sacred_oak"
657,"rusticbopwoods:table_cherry"
658,"rusticbopwoods:table_umbran"
659,"rusticbopwoods:table_fir"
660,"rusticbopwoods:table_ethereal"
661,"rusticbopwoods:table_magic"
662,"rusticbopwoods:table_mangrove"
663,"rusticbopwoods:table_palm"
664,"rusticbopwoods:table_redwood"
665,"rusticbopwoods:table_willow"
666,"rusticbopwoods:table_pine"
667,"rusticbopwoods:table_hellbark"
668,"rusticbopwoods:table_jacaranda"
669,"rusticbopwoods:table_mahogany"
670,"rusticbopwoods:table_ebony"
671,"rusticbopwoods:table_eucalyptus"
672,"rusticcompat:chair_red_painted"
673,"rusticcompat:chair_blue_painted"
674,"rusticcompat:chair_yellow_painted"
675,"rusticcompat:chair_orange_painted"
676,"rusticcompat:chair_pink_painted"
677,"rusticcompat:chair_green_painted"
678,"rusticcompat:chair_black_painted"
679,"rusticcompat:chair_white_painted"
680,"rusticcompat:chair_brown_painted"
681,"rusticcompat:chair_gray_painted"
682,"rusticcompat:chair_lime_painted"
683,"rusticcompat:chair_magenta_painted"
684,"rusticcompat:chair_purple_painted"
685,"rusticcompat:chair_cyan_painted"
686,"rusticcompat:chair_silver_painted"
687,"rusticcompat:chair_light_blue_painted"
688,"rusticcompat:table_red_painted"
689,"rusticcompat:table_blue_painted"
690,"rusticcompat:table_yellow_painted"
691,"rusticcompat:table_orange_painted"
692,"rusticcompat:table_pink_painted"
693,"rusticcompat:table_green_painted"
694,"rusticcompat:table_black_painted"
695,"rusticcompat:table_white_painted"
696,"rusticcompat:table_brown_painted"
697,"rusticcompat:table_gray_painted"
698,"rusticcompat:table_lime_painted"
699,"rusticcompat:table_magenta_painted"
700,"rusticcompat:table_purple_painted"
701,"rusticcompat:table_cyan_painted"
702,"rusticcompat:table_silver_painted"
703,"rusticcompat:table_light_blue_painted"
704,"rusticcompat:chair_fir"
705,"rusticcompat:table_fir"
706,"rusticcompat:chair_tenebra"
707,"rusticcompat:table_tenebra"
708,"rusticcompat:chair_stalagnate"
709,"rusticcompat:chair_reed"
710,"rusticcompat:table_stalagnate"
711,"rusticcompat:table_reed"
712,"rusticcompat:chair_red_stained"
713,"rusticcompat:chair_blue_stained"
714,"rusticcompat:chair_yellow_stained"
715,"rusticcompat:chair_orange_stained"
716,"rusticcompat:chair_pink_stained"
717,"rusticcompat:chair_green_stained"
718,"rusticcompat:chair_black_stained"
719,"rusticcompat:chair_white_stained"
720,"rusticcompat:chair_brown_stained"
721,"rusticcompat:chair_gray_stained"
722,"rusticcompat:chair_lime_stained"
723,"rusticcompat:chair_magenta_stained"
724,"rusticcompat:chair_purple_stained"
725,"rusticcompat:chair_cyan_stained"
726,"rusticcompat:chair_light_gray_stained"
727,"rusticcompat:chair_light_blue_stained"
728,"rusticcompat:table_red_stained"
729,"rusticcompat:table_blue_stained"
730,"rusticcompat:table_yellow_stained"
731,"rusticcompat:table_orange_stained"
732,"rusticcompat:table_pink_stained"
733,"rusticcompat:table_green_stained"
734,"rusticcompat:table_black_stained"
735,"rusticcompat:table_white_stained"
736,"rusticcompat:table_brown_stained"
737,"rusticcompat:table_gray_stained"
738,"rusticcompat:table_lime_stained"
739,"rusticcompat:table_magenta_stained"
740,"rusticcompat:table_purple_stained"
741,"rusticcompat:table_cyan_stained"
742,"rusticcompat:table_light_gray_stained"
743,"rusticcompat:table_light_blue_stained"
744,"rusticcompat:chair_skyroot"
745,"rusticcompat:table_skyroot"
746,"rusticcompat:chair_wyrmwood"
747,"rusticcompat:table_wyrmwood"
748,"villagenames:lunaringoldbrick"
749,"villagenames:lunarinironbrick"
750,"abyssaldepths:seaweed"
751,"ancientwarfare:engineering_station"
752,"ancientwarfare:research_station"
753,"ancientwarfareautomation:quarry"
754,"ancientwarfareautomation:tree_farm"
755,"ancientwarfareautomation:crop_farm"
756,"ancientwarfareautomation:fruit_farm"
757,"ancientwarfareautomation:animal_farm"
758,"ancientwarfareautomation:fish_farm"
759,"ancientwarfareautomation:warehouse_control"
760,"ancientwarfareautomation:warehouse_storage"
761,"ancientwarfareautomation:warehouse_interface"
762,"ancientwarfareautomation:warehouse_crafting"
763,"ancientwarfareautomation:warehouse_stock_viewer"
764,"ancientwarfareautomation:warehouse_stock_linker"
765,"ancientwarfareautomation:auto_crafting"
766,"ancientwarfareautomation:mailbox"
767,"ancientwarfareautomation:flywheel_controller"
768,"ancientwarfareautomation:flywheel_storage"
769,"ancientwarfareautomation:torque_junction"
770,"ancientwarfareautomation:torque_shaft"
771,"ancientwarfareautomation:torque_distributor"
772,"ancientwarfareautomation:stirling_generator"
773,"ancientwarfareautomation:waterwheel_generator"
774,"ancientwarfareautomation:hand_cranked_generator"
775,"ancientwarfareautomation:windmill_blade"
776,"ancientwarfareautomation:windmill_generator"
777,"ancientwarfareautomation:chunk_loader_simple"
778,"ancientwarfareautomation:chunk_loader_deluxe"
779,"ancientwarfarenpc:town_hall"
780,"ancientwarfarestructure:advanced_spawner"
781,"ancientwarfarestructure:gate_proxy"
782,"ancientwarfarestructure:drafting_station"
783,"ancientwarfarestructure:structure_builder_ticked"
784,"ancientwarfarestructure:sound_block"
785,"ancientwarfarestructure:structure_scanner_block"
786,"ancientwarfarestructure:advanced_loot_chest"
787,"ancientwarfarestructure:totem_part"
788,"ancientwarfarestructure:fire_pit"
789,"ancientwarfarestructure:brazier_flame"
790,"ancientwarfarestructure:brazier_ember"
791,"ancientwarfarestructure:altar_short_cloth"
792,"ancientwarfarestructure:altar_long_cloth"
793,"ancientwarfarestructure:altar_candle"
794,"ancientwarfarestructure:altar_lectern"
795,"ancientwarfarestructure:altar_sun"
796,"ancientwarfarestructure:protection_flag"
797,"ancientwarfarestructure:decorative_flag"
798,"ancientwarfarestructure:golden_idol"
799,"ancientwarfarestructure:goblin_totem_1"
800,"ancientwarfarestructure:goblin_totem_2"
801,"ancientwarfarestructure:goblin_totem_2_lit"
802,"ancientwarfarestructure:orc_totem_1"
803,"ancientwarfarestructure:orc_totem_2"
804,"ancientwarfarestructure:orc_totem_2_lit"
805,"ancientwarfarestructure:loot_basket"
806,"ancientwarfarestructure:wooden_coffin"
807,"ancientwarfarestructure:stone_coffin"
808,"ancientwarfarestructure:stool"
809,"ancientwarfarestructure:urn"
810,"ancientwarfarestructure:table"
811,"ancientwarfarestructure:chair"
812,"ancientwarfarestructure:tribal_stool"
813,"ancientwarfarestructure:wooden_throne"
814,"ancientwarfarestructure:golden_throne"
815,"ancientwarfarestructure:wooden_post"
816,"ancientwarfarestructure:iron_cage"
817,"ancientwarfarestructure:gibbet"
818,"ancientwarfarestructure:stretching_rack"
819,"ancientwarfarestructure:stake"
820,"ancientwarfarestructure:bench"
821,"ancientwarfarestructure:tribal_chair"
822,"ancientwarfarestructure:scissor_seat"
823,"ancientwarfarestructure:statue"
824,"ancientwarfarestructure:coin_stack_copper"
825,"ancientwarfarestructure:coin_stack_silver"
826,"ancientwarfarestructure:coin_stack_gold"
827,"ancientwarfarestructure:coin_stack_ancient"
828,"ancientwarfarestructure:gravestone"
829,"ebwizardry:arcane_workbench"
830,"ebwizardry:crystal_ore"
831,"ebwizardry:crystal_flower"
832,"ebwizardry:transportation_stone"
833,"ebwizardry:crystal_block"
834,"ebwizardry:petrified_stone"
835,"ebwizardry:ice_statue"
836,"ebwizardry:magic_light"
837,"ebwizardry:snare"
838,"ebwizardry:spectral_block"
839,"ebwizardry:meteor"
840,"ebwizardry:vanishing_cobweb"
841,"ebwizardry:thorns"
842,"ebwizardry:obsidian_crust"
843,"ebwizardry:dry_frosted_ice"
844,"ebwizardry:crystal_flower_pot"
845,"ebwizardry:permafrost"
846,"ebwizardry:runestone"
847,"ebwizardry:runestone_pedestal"
848,"ebwizardry:gilded_wood"
849,"ebwizardry:oak_bookshelf"
850,"ebwizardry:spruce_bookshelf"
851,"ebwizardry:birch_bookshelf"
852,"ebwizardry:jungle_bookshelf"
853,"ebwizardry:acacia_bookshelf"
854,"ebwizardry:dark_oak_bookshelf"
855,"ebwizardry:oak_lectern"
856,"ebwizardry:birch_lectern"
857,"ebwizardry:spruce_lectern"
858,"ebwizardry:jungle_lectern"
859,"ebwizardry:acacia_lectern"
860,"ebwizardry:dark_oak_lectern"
861,"ebwizardry:receptacle"
862,"ebwizardry:imbuement_altar"
863,"quark:spruce_trapdoor"
864,"quark:birch_trapdoor"
865,"quark:jungle_trapdoor"
866,"quark:acacia_trapdoor"
867,"quark:dark_oak_trapdoor"
868,"quark:paper_wall"
869,"quark:paper_wall_big"
870,"quark:paper_wall_sakura"
871,"quark:iron_ladder"
872,"quark:paper_lantern"
873,"quark:colored_flowerpot_white"
874,"quark:colored_flowerpot_orange"
875,"quark:colored_flowerpot_magenta"
876,"quark:colored_flowerpot_light_blue"
877,"quark:colored_flowerpot_yellow"
878,"quark:colored_flowerpot_lime"
879,"quark:colored_flowerpot_pink"
880,"quark:colored_flowerpot_gray"
881,"quark:colored_flowerpot_silver"
882,"quark:colored_flowerpot_cyan"
883,"quark:colored_flowerpot_purple"
884,"quark:colored_flowerpot_blue"
885,"quark:colored_flowerpot_brown"
886,"quark:colored_flowerpot_green"
887,"quark:colored_flowerpot_red"
888,"quark:colored_flowerpot_black"
889,"quark:custom_bookshelf"
890,"quark:lit_lamp"
891,"quark:custom_chest"
892,"quark:custom_chest_trap"
893,"quark:candle"
894,"quark:rope"
895,"quark:blaze_lantern"
896,"quark:nether_brick_fence_gate"
897,"quark:leaf_carpet"
898,"quark:spruce_pressure_plate"
899,"quark:birch_pressure_plate"
900,"quark:jungle_pressure_plate"
901,"quark:acacia_pressure_plate"
902,"quark:dark_oak_pressure_plate"
903,"quark:spruce_button"
904,"quark:birch_button"
905,"quark:jungle_button"
906,"quark:acacia_button"
907,"quark:dark_oak_button"
908,"quark:grate"
909,"quark:charcoal_block"
910,"quark:blaze_rod"
911,"quark:sandstone_new"
912,"quark:sandstone_bricks_stairs"
913,"quark:red_sandstone_bricks_stairs"
914,"quark:soul_sandstone_bricks_stairs"
915,"quark:sandstone_smooth_slab"
916,"quark:sandstone_smooth_slab_double"
917,"quark:sandstone_bricks_slab"
918,"quark:sandstone_bricks_slab_double"
919,"quark:red_sandstone_smooth_slab"
920,"quark:red_sandstone_smooth_slab_double"
921,"quark:red_sandstone_bricks_slab"
922,"quark:red_sandstone_bricks_slab_double"
923,"quark:soul_sandstone_smooth_slab"
924,"quark:soul_sandstone_smooth_slab_double"
925,"quark:soul_sandstone_bricks_slab"
926,"quark:soul_sandstone_bricks_slab_double"
927,"quark:polished_stone"
928,"quark:stone_wall"
929,"quark:stone_granite_wall"
930,"quark:stone_diorite_wall"
931,"quark:stone_andesite_wall"
932,"quark:sandstone_wall"
933,"quark:red_sandstone_wall"
934,"quark:stonebrick_wall"
935,"quark:brick_wall"
936,"quark:quartz_wall"
937,"quark:prismarine_rough_wall"
938,"quark:prismarine_bricks_wall"
939,"quark:dark_prismarine_wall"
940,"quark:purpur_block_wall"
941,"quark:end_bricks_wall"
942,"quark:stonebrick_mossy_wall"
943,"quark:stained_planks"
944,"quark:stained_planks_white_stairs"
945,"quark:stained_planks_orange_stairs"
946,"quark:stained_planks_magenta_stairs"
947,"quark:stained_planks_light_blue_stairs"
948,"quark:stained_planks_yellow_stairs"
949,"quark:stained_planks_lime_stairs"
950,"quark:stained_planks_pink_stairs"
951,"quark:stained_planks_gray_stairs"
952,"quark:stained_planks_silver_stairs"
953,"quark:stained_planks_cyan_stairs"
954,"quark:stained_planks_purple_stairs"
955,"quark:stained_planks_blue_stairs"
956,"quark:stained_planks_brown_stairs"
957,"quark:stained_planks_green_stairs"
958,"quark:stained_planks_red_stairs"
959,"quark:stained_planks_black_stairs"
960,"quark:stained_planks_white_slab"
961,"quark:stained_planks_white_slab_double"
962,"quark:stained_planks_orange_slab"
963,"quark:stained_planks_orange_slab_double"
964,"quark:stained_planks_magenta_slab"
965,"quark:stained_planks_magenta_slab_double"
966,"quark:stained_planks_light_blue_slab"
967,"quark:stained_planks_light_blue_slab_double"
968,"quark:stained_planks_yellow_slab"
969,"quark:stained_planks_yellow_slab_double"
970,"quark:stained_planks_lime_slab"
971,"quark:stained_planks_lime_slab_double"
972,"quark:stained_planks_pink_slab"
973,"quark:stained_planks_pink_slab_double"
974,"quark:stained_planks_gray_slab"
975,"quark:stained_planks_gray_slab_double"
976,"quark:stained_planks_silver_slab"
977,"quark:stained_planks_silver_slab_double"
978,"quark:stained_planks_cyan_slab"
979,"quark:stained_planks_cyan_slab_double"
980,"quark:stained_planks_purple_slab"
981,"quark:stained_planks_purple_slab_double"
982,"quark:stained_planks_blue_slab"
983,"quark:stained_planks_blue_slab_double"
984,"quark:stained_planks_brown_slab"
985,"quark:stained_planks_brown_slab_double"
986,"quark:stained_planks_green_slab"
987,"quark:stained_planks_green_slab_double"
988,"quark:stained_planks_red_slab"
989,"quark:stained_planks_red_slab_double"
990,"quark:stained_planks_black_slab"
991,"quark:stained_planks_black_slab_double"
992,"quark:hardened_clay_tiles"
993,"quark:hardened_clay_tiles_stairs"
994,"quark:hardened_clay_tiles_slab"
995,"quark:hardened_clay_tiles_slab_double"
996,"quark:stained_clay_tiles"
997,"quark:stained_clay_tiles_white_stairs"
998,"quark:stained_clay_tiles_orange_stairs"
999,"quark:stained_clay_tiles_magenta_stairs"
1000,"quark:stained_clay_tiles_light_blue_stairs"
1001,"quark:stained_clay_tiles_yellow_stairs"
1002,"quark:stained_clay_tiles_lime_stairs"
1003,"quark:stained_clay_tiles_pink_stairs"
1004,"quark:stained_clay_tiles_gray_stairs"
1005,"quark:stained_clay_tiles_silver_stairs"
1006,"quark:stained_clay_tiles_cyan_stairs"
1007,"quark:stained_clay_tiles_purple_stairs"
1008,"quark:stained_clay_tiles_blue_stairs"
1009,"quark:stained_clay_tiles_brown_stairs"
1010,"quark:stained_clay_tiles_green_stairs"
1011,"quark:stained_clay_tiles_red_stairs"
1012,"quark:stained_clay_tiles_black_stairs"
1013,"quark:stained_clay_tiles_white_slab"
1014,"quark:stained_clay_tiles_white_slab_double"
1015,"quark:stained_clay_tiles_orange_slab"
1016,"quark:stained_clay_tiles_orange_slab_double"
1017,"quark:stained_clay_tiles_magenta_slab"
1018,"quark:stained_clay_tiles_magenta_slab_double"
1019,"quark:stained_clay_tiles_light_blue_slab"
1020,"quark:stained_clay_tiles_light_blue_slab_double"
1021,"quark:stained_clay_tiles_yellow_slab"
1022,"quark:stained_clay_tiles_yellow_slab_double"
1023,"quark:stained_clay_tiles_lime_slab"
1024,"quark:stained_clay_tiles_lime_slab_double"
1025,"quark:stained_clay_tiles_pink_slab"
1026,"quark:stained_clay_tiles_pink_slab_double"
1027,"quark:stained_clay_tiles_gray_slab"
1028,"quark:stained_clay_tiles_gray_slab_double"
1029,"quark:stained_clay_tiles_silver_slab"
1030,"quark:stained_clay_tiles_silver_slab_double"
1031,"quark:stained_clay_tiles_cyan_slab"
1032,"quark:stained_clay_tiles_cyan_slab_double"
1033,"quark:stained_clay_tiles_purple_slab"
1034,"quark:stained_clay_tiles_purple_slab_double"
1035,"quark:stained_clay_tiles_blue_slab"
1036,"quark:stained_clay_tiles_blue_slab_double"
1037,"quark:stained_clay_tiles_brown_slab"
1038,"quark:stained_clay_tiles_brown_slab_double"
1039,"quark:stained_clay_tiles_green_slab"
1040,"quark:stained_clay_tiles_green_slab_double"
1041,"quark:stained_clay_tiles_red_slab"
1042,"quark:stained_clay_tiles_red_slab_double"
1043,"quark:stained_clay_tiles_black_slab"
1044,"quark:stained_clay_tiles_black_slab_double"
1045,"quark:bark"
1046,"quark:bark_oak_wall"
1047,"quark:bark_oak_stairs"
1048,"quark:bark_oak_slab"
1049,"quark:bark_oak_slab_double"
1050,"quark:bark_spruce_wall"
1051,"quark:bark_spruce_stairs"
1052,"quark:bark_spruce_slab"
1053,"quark:bark_spruce_slab_double"
1054,"quark:bark_birch_wall"
1055,"quark:bark_birch_stairs"
1056,"quark:bark_birch_slab"
1057,"quark:bark_birch_slab_double"
1058,"quark:bark_jungle_wall"
1059,"quark:bark_jungle_stairs"
1060,"quark:bark_jungle_slab"
1061,"quark:bark_jungle_slab_double"
1062,"quark:bark_acacia_wall"
1063,"quark:bark_acacia_stairs"
1064,"quark:bark_acacia_slab"
1065,"quark:bark_acacia_slab_double"
1066,"quark:bark_dark_oak_wall"
1067,"quark:bark_dark_oak_stairs"
1068,"quark:bark_dark_oak_slab"
1069,"quark:bark_dark_oak_slab_double"
1070,"quark:sturdy_stone"
1071,"quark:iron_plate"
1072,"quark:iron_plate_stairs"
1073,"quark:iron_plate_slab"
1074,"quark:iron_plate_slab_double"
1075,"quark:sandy_bricks"
1076,"quark:sandy_bricks_stairs"
1077,"quark:sandy_bricks_slab"
1078,"quark:sandy_bricks_slab_double"
1079,"quark:sandy_bricks_wall"
1080,"quark:stone_stairs"
1081,"quark:stone_granite_stairs"
1082,"quark:stone_granite_slab"
1083,"quark:stone_granite_slab_double"
1084,"quark:stone_diorite_stairs"
1085,"quark:stone_diorite_slab"
1086,"quark:stone_diorite_slab_double"
1087,"quark:stone_andesite_stairs"
1088,"quark:stone_andesite_slab"
1089,"quark:stone_andesite_slab_double"
1090,"quark:end_bricks_stairs"
1091,"quark:end_bricks_slab"
1092,"quark:end_bricks_slab_double"
1093,"quark:prismarine_stairs"
1094,"quark:prismarine_slab"
1095,"quark:prismarine_slab_double"
1096,"quark:prismarine_bricks_stairs"
1097,"quark:prismarine_bricks_slab"
1098,"quark:prismarine_bricks_slab_double"
1099,"quark:prismarine_dark_stairs"
1100,"quark:prismarine_dark_slab"
1101,"quark:prismarine_dark_slab_double"
1102,"quark:red_nether_brick_stairs"
1103,"quark:red_nether_brick_slab"
1104,"quark:red_nether_brick_slab_double"
1105,"quark:cobblestone_mossy_stairs"
1106,"quark:cobblestone_mossy_slab"
1107,"quark:cobblestone_mossy_slab_double"
1108,"quark:stonebrick_mossy_stairs"
1109,"quark:stonebrick_mossy_slab"
1110,"quark:stonebrick_mossy_slab_double"
1111,"quark:thatch"
1112,"quark:thatch_stairs"
1113,"quark:thatch_slab"
1114,"quark:thatch_slab_double"
1115,"quark:charred_nether_bricks"
1116,"quark:charred_nether_brick_stairs"
1117,"quark:charred_nether_brick_slab"
1118,"quark:charred_nether_brick_slab_double"
1119,"quark:world_stone_bricks"
1120,"quark:world_stone_carved"
1121,"quark:stone_granite_bricks_stairs"
1122,"quark:stone_granite_bricks_slab"
1123,"quark:stone_granite_bricks_slab_double"
1124,"quark:stone_diorite_bricks_stairs"
1125,"quark:stone_diorite_bricks_slab"
1126,"quark:stone_diorite_bricks_slab_double"
1127,"quark:stone_andesite_bricks_stairs"
1128,"quark:stone_andesite_bricks_slab"
1129,"quark:stone_andesite_bricks_slab_double"
1130,"quark:stone_basalt_bricks_stairs"
1131,"quark:stone_basalt_bricks_slab"
1132,"quark:stone_basalt_bricks_slab_double"
1133,"quark:stone_marble_bricks_stairs"
1134,"quark:stone_marble_bricks_slab"
1135,"quark:stone_marble_bricks_slab_double"
1136,"quark:stone_limestone_bricks_stairs"
1137,"quark:stone_limestone_bricks_slab"
1138,"quark:stone_limestone_bricks_slab_double"
1139,"quark:stone_jasper_bricks_stairs"
1140,"quark:stone_jasper_bricks_slab"
1141,"quark:stone_jasper_bricks_slab_double"
1142,"quark:stone_slate_bricks_stairs"
1143,"quark:stone_slate_bricks_slab"
1144,"quark:stone_slate_bricks_slab_double"
1145,"quark:stone_granite_bricks_wall"
1146,"quark:stone_diorite_bricks_wall"
1147,"quark:stone_andesite_bricks_wall"
1148,"quark:stone_basalt_bricks_wall"
1149,"quark:stone_marble_bricks_wall"
1150,"quark:stone_limestone_bricks_wall"
1151,"quark:stone_jasper_bricks_wall"
1152,"quark:stone_slate_bricks_wall"
1153,"quark:midori_block"
1154,"quark:midori_pillar"
1155,"quark:midori_block_stairs"
1156,"quark:midori_block_slab"
1157,"quark:midori_block_slab_double"
1158,"quark:midori_block_wall"
1159,"quark:magma_bricks"
1160,"quark:magma_bricks_stairs"
1161,"quark:magma_bricks_slab"
1162,"quark:magma_bricks_slab_double"
1163,"quark:vertical_planks"
1164,"quark:vertical_stained_planks"
1165,"quark:duskbound_block"
1166,"quark:duskbound_lantern"
1167,"quark:duskbound_block_stairs"
1168,"quark:duskbound_block_slab"
1169,"quark:duskbound_block_slab_double"
1170,"quark:duskbound_block_wall"
1171,"quark:world_stone_pavement"
1172,"quark:reed_block"
1173,"quark:reed_block_stairs"
1174,"quark:reed_block_slab"
1175,"quark:reed_block_slab_double"
1176,"quark:reed_block_wall"
1177,"quark:snow_bricks"
1178,"quark:snow_bricks_stairs"
1179,"quark:snow_bricks_slab"
1180,"quark:snow_bricks_slab_double"
1181,"quark:snow_bricks_wall"
1182,"quark:carved_wood"
1183,"quark:soul_sandstone"
1184,"quark:soul_sandstone_slab"
1185,"quark:soul_sandstone_slab_double"
1186,"quark:soul_sandstone_stairs"
1187,"quark:soul_sandstone_wall"
1188,"quark:turf"
1189,"quark:turf_stairs"
1190,"quark:turf_slab"
1191,"quark:turf_slab_double"
1192,"quark:framed_glass"
1193,"quark:framed_glass_pane"
1194,"quark:polished_netherrack"
1195,"quark:polished_netherrack_bricks_stairs"
1196,"quark:polished_netherrack_bricks_slab"
1197,"quark:polished_netherrack_bricks_slab_double"
1198,"quark:polished_netherrack_bricks_wall"
1199,"quark:quilted_wool"
1200,"quark:chute"
1201,"quark:sugar_block"
1202,"quark:redstone_randomizer"
1203,"quark:iron_button"
1204,"quark:gold_button"
1205,"quark:ender_watcher"
1206,"quark:iron_rod"
1207,"quark:color_slime"
1208,"quark:gravisand"
1209,"quark:redstone_inductor"
1210,"quark:obsidian_pressure_plate"
1211,"quark:rain_detector"
1212,"quark:glowstone_dust_block"
1213,"quark:gunpowder_block"
1214,"quark:black_ash"
1215,"quark:pipe"
1216,"quark:tiny_potato"
1217,"quark:roots"
1218,"quark:roots_blue_flower"
1219,"quark:roots_black_flower"
1220,"quark:roots_white_flower"
1221,"quark:variant_leaves"
1222,"quark:variant_sapling"
1223,"quark:crystal"
1224,"quark:crystal_pane"
1225,"quark:stone_speleothem"
1226,"quark:granite_speleothem"
1227,"quark:diorite_speleothem"
1228,"quark:andesite_speleothem"
1229,"quark:netherrack_speleothem"
1230,"quark:basalt_speleothem"
1231,"quark:marble_speleothem"
1232,"quark:limestone_speleothem"
1233,"quark:jasper_speleothem"
1234,"quark:slate_speleothem"
1235,"quark:biotite_ore"
1236,"quark:biotite_block"
1237,"quark:biotite_slab"
1238,"quark:biotite_slab_double"
1239,"quark:biotite_stairs"
1240,"quark:biotite_wall"
1241,"quark:monster_box"
1242,"quark:basalt"
1243,"quark:stone_basalt_slab"
1244,"quark:stone_basalt_slab_double"
1245,"quark:stone_basalt_stairs"
1246,"quark:basalt_wall"
1247,"quark:marble"
1248,"quark:stone_marble_slab"
1249,"quark:stone_marble_slab_double"
1250,"quark:stone_marble_stairs"
1251,"quark:marble_wall"
1252,"quark:limestone"
1253,"quark:stone_limestone_slab"
1254,"quark:stone_limestone_slab_double"
1255,"quark:stone_limestone_stairs"
1256,"quark:limestone_wall"
1257,"quark:jasper"
1258,"quark:stone_jasper_slab"
1259,"quark:stone_jasper_slab_double"
1260,"quark:stone_jasper_stairs"
1261,"quark:jasper_wall"
1262,"quark:slate"
1263,"quark:stone_slate_slab"
1264,"quark:stone_slate_slab_double"
1265,"quark:stone_slate_stairs"
1266,"quark:slate_wall"
1267,"quark:biome_cobblestone"
1268,"quark:biome_brick"
1269,"quark:elder_prismarine"
1270,"quark:elder_sea_lantern"
1271,"quark:fire_stone_slab"
1272,"quark:fire_stone_slab_double"
1273,"quark:fire_stone_stairs"
1274,"quark:fire_stone_brick_slab"
1275,"quark:fire_stone_brick_slab_double"
1276,"quark:fire_stone_brick_stairs"
1277,"quark:icy_stone_slab"
1278,"quark:icy_stone_slab_double"
1279,"quark:icy_stone_stairs"
1280,"quark:icy_stone_brick_slab"
1281,"quark:icy_stone_brick_slab_double"
1282,"quark:icy_stone_brick_stairs"
1283,"quark:cobbed_stone_slab"
1284,"quark:cobbed_stone_slab_double"
1285,"quark:cobbed_stone_stairs"
1286,"quark:elder_prismarine_slab"
1287,"quark:elder_prismarine_slab_double"
1288,"quark:elder_prismarine_stairs"
1289,"quark:elder_prismarine_bricks_slab"
1290,"quark:elder_prismarine_bricks_slab_double"
1291,"quark:elder_prismarine_bricks_stairs"
1292,"quark:elder_prismarine_dark_slab"
1293,"quark:elder_prismarine_dark_slab_double"
1294,"quark:elder_prismarine_dark_stairs"
1295,"quark:fire_stone_wall"
1296,"quark:icy_stone_wall"
1297,"quark:cobbed_stone_wall"
1298,"quark:fire_stone_brick_wall"
1299,"quark:icy_stone_brick_wall"
1300,"quark:elder_prismarine_wall"
1301,"quark:elder_prismarine_bricks_wall"
1302,"quark:elder_prismarine_dark_wall"
1303,"quark:glowcelium"
1304,"quark:glowshroom"
1305,"quark:glowshroom_block"
1306,"quark:smoker"
1307,"ancientbeasts:pokey"
1308,"ancientbeasts:skewer"
1309,"ancientbeasts:spiky"
1310,"ancientbeasts:moving_light_source"
1311,"ancientbeasts:stick_wall"
1312,"ancientbeasts:thatch"
1313,"ancientbeasts:cursed_log"
1314,"ancientbeasts:cursed_plank"
1315,"ancientbeasts:cursed_stairs"
1316,"ancientbeasts:cursed_slab_double"
1317,"ancientbeasts:cursed_slab_half"
1318,"ancientbeasts:cursed_fence"
1319,"ancientbeasts:cursed_gate"
1320,"ancientbeasts:cursed_door"
1321,"ancientbeasts:cursed_leaves"
1322,"ancientbeasts:hanging_leaves"
1323,"ancientbeasts:cursed_sapling"
1324,"ancientbeasts:green_torch"
1325,"betteranimalsplus:trillium"
1326,"betteranimalsplus:handoffate"
1327,"betteranimalsplus:turkey_raw"
1328,"betteranimalsplus:turkey_cooked"
1329,"betteranimalsplus:turkey_eaten_raw"
1330,"betteranimalsplus:turkey_eaten_cooked"
1331,"betteranimalsplus:wolfhead"
1332,"betteranimalsplus:wolfhead_1"
1333,"betteranimalsplus:wolfhead_2"
1334,"betteranimalsplus:wolfhead_3"
1335,"betteranimalsplus:wolfhead_4"
1336,"betteranimalsplus:wolfhead_5"
1337,"betteranimalsplus:wolfhead_6"
1338,"betteranimalsplus:coyotehead"
1339,"betteranimalsplus:coyotehead_1"
1340,"betteranimalsplus:foxhead"
1341,"betteranimalsplus:foxhead_1"
1342,"betteranimalsplus:foxhead_2"
1343,"betteranimalsplus:foxhead_3"
1344,"betteranimalsplus:foxhead_4"
1345,"betteranimalsplus:boarhead"
1346,"betteranimalsplus:boarhead_1"
1347,"betteranimalsplus:boarhead_2"
1348,"betteranimalsplus:boarhead_3"
1349,"betteranimalsplus:boarhead_4"
1350,"betteranimalsplus:bearhead"
1351,"betteranimalsplus:bearhead_1"
1352,"betteranimalsplus:bearhead_2"
1353,"betteranimalsplus:bearhead_3"
1354,"betteranimalsplus:deerhead"
1355,"betteranimalsplus:deerhead_1"
1356,"betteranimalsplus:deerhead_2"
1357,"betteranimalsplus:deerhead_3"
1358,"betteranimalsplus:deerhead_4"
1359,"betteranimalsplus:reindeerhead"
1360,"betteranimalsplus:reindeerhead_1"
1361,"betteranimalsplus:reindeerhead_2"
1362,"betteranimalsplus:reindeerhead_3"
1363,"betteranimalsplus:reindeerhead_4"
1364,"betteranimalsplus:moosehead"
1365,"betteranimalsplus:moosehead_1"
1366,"betteranimalsplus:moosehead_2"
1367,"betteranimalsplus:moosehead_3"
1368,"betteranimalsplus:moosehead_4"
1369,"betteranimalsplus:hirschgeistskull"
1370,"betteranimalsplus:hirschgeistskull_1"
1371,"natura:clouds"
1372,"natura:colored_grass"
1373,"natura:colored_grass_slab"
1374,"natura:colored_grass_stairs_topiary"
1375,"natura:colored_grass_stairs_bluegrass"
1376,"natura:colored_grass_stairs_autumnal"
1377,"natura:overworld_logs"
1378,"natura:overworld_logs2"
1379,"natura:redwood_logs"
1380,"natura:apple_log"
1381,"natura:overworld_leaves"
1382,"natura:overworld_leaves2"
1383,"natura:redwood_leaves"
1384,"natura:apple_leaves"
1385,"natura:overworld_sapling"
1386,"natura:overworld_sapling2"
1387,"natura:redwood_sapling"
1388,"natura:apple_sapling"
1389,"natura:bluebells_flower"
1390,"natura:overworld_planks"
1391,"natura:overworld_slab"
1392,"natura:overworld_slab2"
1393,"natura:overworld_stairs_maple"
1394,"natura:overworld_stairs_silverbell"
1395,"natura:overworld_stairs_amaranth"
1396,"natura:overworld_stairs_tiger"
1397,"natura:overworld_stairs_willow"
1398,"natura:overworld_stairs_eucalyptus"
1399,"natura:overworld_stairs_hopseed"
1400,"natura:overworld_stairs_sakura"
1401,"natura:overworld_stairs_redwood"
1402,"natura:overworld_stairs_apple"
1403,"natura:overworld_berrybush_raspberry"
1404,"natura:overworld_berrybush_blueberry"
1405,"natura:overworld_berrybush_blackberry"
1406,"natura:overworld_berrybush_maloberry"
1407,"natura:barley_crop"
1408,"natura:cotton_crop"
1409,"natura:overworld_door_eucalyptus"
1410,"natura:overworld_door_hopseed"
1411,"natura:overworld_door_sakura"
1412,"natura:overworld_door_redwood"
1413,"natura:overworld_door_redwood_bark"
1414,"natura:overworld_door_tiger"
1415,"natura:overworld_door_maple"
1416,"natura:overworld_door_silverbell"
1417,"natura:overworld_door_amaranth"
1418,"natura:overworld_door_willow"
1419,"natura:overworld_door_apple"
1420,"natura:saguaro"
1421,"natura:saguaro_baby"
1422,"natura:saguaro_fruit"
1423,"natura:nether_logs"
1424,"natura:nether_logs2"
1425,"natura:nether_leaves"
1426,"natura:nether_leaves2"
1427,"natura:nether_sapling"
1428,"natura:nether_sapling2"
1429,"natura:nether_planks"
1430,"natura:nether_slab"
1431,"natura:nether_heat_sand"
1432,"natura:nether_tainted_soil"
1433,"natura:nether_thorn_vines"
1434,"natura:nether_glass"
1435,"natura:smooth_netherrack"
1436,"natura:netherrack_bricks"
1437,"natura:charred_netherrack_bricks"
1438,"natura:nether_stairs_ghostwood"
1439,"natura:nether_stairs_bloodwood"
1440,"natura:nether_stairs_darkwood"
1441,"natura:nether_stairs_fusewood"
1442,"natura:nether_berrybush_blightberry"
1443,"natura:nether_berrybush_duskberry"
1444,"natura:nether_berrybush_skyberry"
1445,"natura:nether_berrybush_stingberry"
1446,"natura:respawn_obelisk"
1447,"natura:nether_glowshroom"
1448,"natura:nether_green_large_glowshroom"
1449,"natura:nether_blue_large_glowshroom"
1450,"natura:nether_purple_large_glowshroom"
1451,"natura:nether_door_ghostwood"
1452,"natura:nether_door_bloodwood"
1453,"natura:nether_door_darkwood"
1454,"natura:nether_door_fusewood"
1455,"natura:blaze_hopper"
1456,"natura:nether_lever"
1457,"natura:nether_button"
1458,"natura:nether_pressure_plate"
1459,"natura:blaze_rail"
1460,"natura:blaze_rail_golden"
1461,"natura:blaze_rail_activator"
1462,"natura:blaze_rail_detector"
1463,"natura:netherrack_furnace"
1464,"natura:lit_netherrack_furnace"
1465,"natura:maple_button"
1466,"natura:maple_pressure_plate"
1467,"natura:maple_trap_door"
1468,"natura:maple_fence"
1469,"natura:maple_fence_gate"
1470,"natura:silverbell_button"
1471,"natura:silverbell_pressure_plate"
1472,"natura:silverbell_trap_door"
1473,"natura:silverbell_fence"
1474,"natura:silverbell_fence_gate"
1475,"natura:amaranth_button"
1476,"natura:amaranth_pressure_plate"
1477,"natura:amaranth_trap_door"
1478,"natura:amaranth_fence"
1479,"natura:amaranth_fence_gate"
1480,"natura:tiger_button"
1481,"natura:tiger_pressure_plate"
1482,"natura:tiger_trap_door"
1483,"natura:tiger_fence"
1484,"natura:tiger_fence_gate"
1485,"natura:willow_button"
1486,"natura:willow_pressure_plate"
1487,"natura:willow_trap_door"
1488,"natura:willow_fence"
1489,"natura:willow_fence_gate"
1490,"natura:eucalyptus_button"
1491,"natura:eucalyptus_pressure_plate"
1492,"natura:eucalyptus_trap_door"
1493,"natura:eucalyptus_fence"
1494,"natura:eucalyptus_fence_gate"
1495,"natura:hopseed_button"
1496,"natura:hopseed_pressure_plate"
1497,"natura:hopseed_trap_door"
1498,"natura:hopseed_fence"
1499,"natura:hopseed_fence_gate"
1500,"natura:sakura_button"
1501,"natura:sakura_pressure_plate"
1502,"natura:sakura_trap_door"
1503,"natura:sakura_fence"
1504,"natura:sakura_fence_gate"
1505,"natura:redwood_button"
1506,"natura:redwood_pressure_plate"
1507,"natura:redwood_trap_door"
1508,"natura:redwood_fence"
1509,"natura:redwood_fence_gate"
1510,"natura:apple_button"
1511,"natura:apple_pressure_plate"
1512,"natura:apple_trap_door"
1513,"natura:apple_fence"
1514,"natura:apple_fence_gate"
1515,"natura:overworld_bookshelves"
1516,"natura:overworld_workbenches"
1517,"natura:ghostwood_button"
1518,"natura:ghostwood_pressure_plate"
1519,"natura:ghostwood_trap_door"
1520,"natura:ghostwood_fence"
1521,"natura:ghostwood_fence_gate"
1522,"natura:bloodwood_button"
1523,"natura:bloodwood_pressure_plate"
1524,"natura:bloodwood_trap_door"
1525,"natura:bloodwood_fence"
1526,"natura:bloodwood_fence_gate"
1527,"natura:fusewood_button"
1528,"natura:fusewood_pressure_plate"
1529,"natura:fusewood_trap_door"
1530,"natura:fusewood_fence"
1531,"natura:fusewood_fence_gate"
1532,"natura:darkwood_button"
1533,"natura:darkwood_pressure_plate"
1534,"natura:darkwood_trap_door"
1535,"natura:darkwood_fence"
1536,"natura:darkwood_fence_gate"
1537,"natura:nether_bookshelves"
1538,"natura:nether_workbenches"
1539,"stygian:endlog"
1540,"stygian:endplanks"
1541,"stygian:endlogstairs"
1542,"stygian:endplanksslab"
1543,"stygian:endplanksslab_double"
1544,"stygian:endfence"
1545,"stygian:endfencegate"
1546,"stygian:enddoor"
1547,"stygian:endastrolog"
1548,"stygian:endastroplanks"
1549,"stygian:endastrostairs"
1550,"stygian:endastroplanksslab"
1551,"stygian:endastroplanksslab_double"
1552,"stygian:endastrofence"
1553,"stygian:endastrofencegate"
1554,"stygian:endastrodoor"
1555,"stygian:endviscouslog"
1556,"stygian:endviscousplanks"
1557,"stygian:endviscousstairs"
1558,"stygian:endviscousplanksslab"
1559,"stygian:endviscousplanksslab_double"
1560,"stygian:endviscousfence"
1561,"stygian:endviscousfencegate"
1562,"stygian:endviscousdoor"
1563,"stygian:endleaves"
1564,"stygian:endastroleaves"
1565,"stygian:endviscousleaves"
1566,"stygian:endgrass"
1567,"stygian:endlunargrass"
1568,"stygian:endsnaregrass"
1569,"stygian:endsand"
1570,"stygian:endtallgrass"
1571,"stygian:endglow"
1572,"stygian:enddragonorchid"
1573,"stygian:endwyrmroots"
1574,"stygian:endlunartallgrass"
1575,"stygian:endlightflower"
1576,"stygian:endmoonshine"
1577,"stygian:enddeadgrass"
1578,"stygian:enddeadbush"
1579,"stygian:endaciddeadbush"
1580,"stygian:enddeadhangingroot"
1581,"stygian:endshiren"
1582,"stygian:endsnaretallgrass"
1583,"stygian:endsnarebells"
1584,"stygian:endcell"
1585,"stygian:endcanopysapling"
1586,"stygian:endsmallcanopysapling"
1587,"stygian:endastrosapling"
1588,"stygian:endviscoussapling"
1589,"stygian:endvine"
1590,"stygian:endobsidian"
1591,"stygian:endobsidianbrick"
1592,"stygian:enddeaddirt"
1593,"stygian:enddeadstone"
1594,"stygian:enddeadcoalore"
1595,"stygian:enddeadcobblestone"
1596,"stygian:enddeadstonebrick"
1597,"stygian:endmoonrock"
1598,"stygian:endpolishedmoonrock"
1599,"stygian:endmagma"
1600,"stygian:endcactus"
1601,"stygian:endbluecactus"
1602,"stygian:endacid"
1603,"nb:basalt"
1604,"nb:polished_basalt"
1605,"nb:smooth_basalt"
1606,"nb:black_stone"
1607,"nb:black_stone_slab_half"
1608,"nb:black_stone_slab_double"
1609,"nb:black_stone_stairs"
1610,"nb:black_stone_wall"
1611,"nb:black_stone_bricks"
1612,"nb:black_bricks_slab_half"
1613,"nb:black_bricks_slab_double"
1614,"nb:black_stone_brick_stairs"
1615,"nb:bricks_stone_wall"
1616,"nb:cracked_stone_bricks"
1617,"nb:polished_black_stone"
1618,"nb:polished_black_stone_slab_half"
1619,"nb:polished_black_stone_slab_double"
1620,"nb:polished_black_stone_stairs"
1621,"nb:polished_stone_wall"
1622,"nb:chisled_polished_black_stone"
1623,"nb:chain_block"
1624,"nb:crimson_stem"
1625,"nb:crimson_hyphae"
1626,"nb:crimson_planks"
1627,"nb:crimson_door"
1628,"nb:crimson_fence"
1629,"nb:crimson_gate"
1630,"nb:crimson_slab_half"
1631,"nb:crimson_slab_double"
1632,"nb:crimson_stairs"
1633,"nb:crimson_trapdoor"
1634,"nb:crimson_fungus"
1635,"nb:crimson_grass"
1636,"nb:crimson_roots"
1637,"nb:crimson_vine"
1638,"nb:crimson_wart"
1639,"nb:cry_obi"
1640,"nb:gilded_blackstone"
1641,"nb:lode_stone"
1642,"nb:nether_gold_ore"
1643,"nb:piglin_head"
1644,"nb:quartz_bricks"
1645,"nb:respawn_anchor"
1646,"nb:shroom_light"
1647,"nb:soul_fire"
1648,"nb:soul_lantern"
1649,"nb:soul_torch"
1650,"nb:soul_soil"
1651,"nb:warped_stem"
1652,"nb:warped_hyphae"
1653,"nb:warped_planks"
1654,"nb:warped_door"
1655,"nb:warped_fence"
1656,"nb:warped_gate"
1657,"nb:warped_slab_half"
1658,"nb:warped_slab_double"
1659,"nb:warped_stairs"
1660,"nb:warped_trapdoor"
1661,"nb:warped_fungus"
1662,"nb:warped_grass"
1663,"nb:warped_wart"
1664,"nb:warped_roots"
1665,"nb:warped_sprout"
1666,"nb:warped_vine"
1667,"betterendforge:crystal_moss"
1668,"betterendforge:end_mycelium"
1669,"betterendforge:end_moss"
1670,"betterendforge:chorus_nylium"
1671,"betterendforge:cave_moss"
1672,"betterendforge:shadow_grass"
1673,"betterendforge:pink_moss"
1674,"betterendforge:amber_moss"
1675,"betterendforge:jungle_moss"
1676,"betterendforge:sangnum"
1677,"betterendforge:rutiscus"
1678,"betterendforge:pallidium_full"
1679,"betterendforge:pallidium_heavy"
1680,"betterendforge:pallidium_thin"
1681,"betterendforge:pallidium_tiny"
1682,"betterendforge:flammalix"
1683,"betterendforge:endstone_dust"
1684,"betterendforge:silk_moth_nest"
1685,"betterendforge:crystal_moss_path"
1686,"betterendforge:end_mycelium_path"
1687,"betterendforge:end_moss_path"
1688,"betterendforge:chorus_nylium_path"
1689,"betterendforge:cave_moss_path"
1690,"betterendforge:shadow_grass_path"
1691,"betterendforge:pink_moss_path"
1692,"betterendforge:amber_moss_path"
1693,"betterendforge:jungle_moss_path"
1694,"betterendforge:sangnum_path"
1695,"betterendforge:rutiscus_path"
1696,"betterendforge:mossy_obsidian"
1697,"betterendforge:dragon_bone_block"
1698,"betterendforge:dragon_bone_stairs"
1699,"betterendforge:dragon_bone_slab"
1700,"betterendforge:mossy_dragon_bone"
1701,"betterendforge:aeternium_block"
1702,"betterendforge:ender_block"
1703,"betterendforge:aurora_crystal"
1704,"betterendforge:amber_block"
1705,"betterendforge:smaragdant_crystal"
1706,"betterendforge:smaragdant_crystal_shard"
1707,"betterendforge:andesite_lantern"
1708,"betterendforge:diorite_lantern"
1709,"betterendforge:granite_lantern"
1710,"betterendforge:quartz_lantern"
1711,"betterendforge:purpur_lantern"
1712,"betterendforge:end_stone_lantern"
1713,"betterendforge:blackstone_lantern"
1714,"betterendforge:iron_bulb_lantern"
1715,"betterendforge:iron_chandelier"
1716,"betterendforge:gold_chandelier"
1717,"betterendforge:ender_ore"
1718,"betterendforge:amber_ore"
1719,"betterendforge:brimstone"
1720,"betterendforge:sulphur_crystal"
1721,"betterendforge:hydrothermal_vent"
1722,"betterendforge:flavolite_runed"
1723,"betterendforge:flavolite_runed_eternal"
1724,"betterendforge:quartz_pedestal"
1725,"betterendforge:purpur_pedestal"
1726,"betterendforge:andesite_pedestal"
1727,"betterendforge:diorite_pedestal"
1728,"betterendforge:granite_pedestal"
1729,"betterendforge:end_stone_stalactite"
1730,"betterendforge:end_stone_stalactite_cavemoss"
1731,"betterendforge:umbrella_moss"
1732,"betterendforge:umbrella_moss_tall"
1733,"betterendforge:creeping_moss"
1734,"betterendforge:chorus_grass"
1735,"betterendforge:charcoal_block"
1736,"betterendforge:cave_grass"
1737,"betterendforge:crystal_grass"
1738,"betterendforge:amber_grass"
1739,"betterendforge:shadow_plant"
1740,"betterendforge:bushy_grass"
1741,"betterendforge:jungle_grass"
1742,"betterendforge:blooming_cooksonia"
1743,"betterendforge:salteago"
1744,"betterendforge:vaiolush_fern"
1745,"betterendforge:fracturn"
1746,"betterendforge:globulagus"
1747,"betterendforge:inflexia"
1748,"betterendforge:clawfern"
1749,"betterendforge:aeridium"
1750,"betterendforge:orango"
1751,"betterendforge:lutebus"
1752,"betterendforge:lamellarium"
1753,"betterendforge:bolux_mushroom"
1754,"betterendforge:blue_vine_seed"
1755,"betterendforge:blue_vine"
1756,"betterendforge:blue_vine_lantern"
1757,"betterendforge:blue_vine_fur"
1758,"betterendforge:cave_bush"
1759,"betterendforge:end_lily_seed"
1760,"betterendforge:end_lily"
1761,"betterendforge:end_lotus_seed"
1762,"betterendforge:end_lotus_stem"
1763,"betterendforge:end_lotus_leaf"
1764,"betterendforge:end_lotus_flower"
1765,"betterendforge:bubble_coral"
1766,"betterendforge:murkweed"
1767,"betterendforge:needlegrass"
1768,"betterendforge:menger_sponge"
1769,"betterendforge:menger_sponge_wet"
1770,"betterendforge:charnia_red"
1771,"betterendforge:charnia_purple"
1772,"betterendforge:charnia_orange"
1773,"betterendforge:charnia_light_blue"
1774,"betterendforge:charnia_cyan"
1775,"betterendforge:charnia_green"
1776,"betterendforge:flamaea"
1777,"betterendforge:hydralux_sapling"
1778,"betterendforge:hydralux"
1779,"betterendforge:hydralux_petal_block"
1780,"betterendforge:lanceleaf_seed"
1781,"betterendforge:lanceleaf"
1782,"betterendforge:lumecorn_seed"
1783,"betterendforge:lumecorn"
1784,"betterendforge:glowing_pillar_seed"
1785,"betterendforge:glowing_pillar_roots"
1786,"betterendforge:glowing_pillar_luminophor"
1787,"betterendforge:glowing_pillar_leaves"
1788,"betterendforge:twisted_umbrella_moss"
1789,"betterendforge:twisted_umbrella_moss_tall"
1790,"betterendforge:small_jellyshroom"
1791,"betterendforge:neon_cactus"
1792,"betterendforge:neon_cactus_block"
1793,"betterendforge:neon_cactus_stairs"
1794,"betterendforge:neon_cactus_slab"
1795,"betterendforge:shadow_berry"
1796,"betterendforge:blossom_berry_seed"
1797,"betterendforge:amber_root_seed"
1798,"betterendforge:chorus_mushroom_seed"
1799,"betterendforge:purple_polypore"
1800,"betterendforge:aurant_polypore"
1801,"betterendforge:tail_moss"
1802,"betterendforge:cyan_moss"
1803,"betterendforge:twisted_moss"
1804,"betterendforge:bulb_moss"
1805,"betterendforge:tube_worm"
1806,"betterendforge:jungle_fern"
1807,"betterendforge:ruscus"
1808,"betterendforge:pond_anemone"
1809,"betterendforge:dense_vine"
1810,"betterendforge:twisted_vine"
1811,"betterendforge:bulb_vine"
1812,"betterendforge:bulb_vine_seed"
1813,"betterendforge:jungle_vine"
1814,"betterendforge:rubinea"
1815,"betterendforge:mossy_glowshroom_sapling"
1816,"betterendforge:mossy_glowshroom_cap"
1817,"betterendforge:mossy_glowshroom_hymenophore"
1818,"betterendforge:mossy_glowshroom_fur"
1819,"betterendforge:lacugrove_sapling"
1820,"betterendforge:lacugrove_leaves"
1821,"betterendforge:pythadendron_sapling"
1822,"betterendforge:pythadendron_leaves"
1823,"betterendforge:dragon_tree_sapling"
1824,"betterendforge:dragon_tree_leaves"
1825,"betterendforge:tenanea_sapling"
1826,"betterendforge:tenanea_leaves"
1827,"betterendforge:tenanea_flowers"
1828,"betterendforge:tenanea_outer_leaves"
1829,"betterendforge:helix_tree_sapling"
1830,"betterendforge:helix_tree_leaves"
1831,"betterendforge:umbrella_tree_sapling"
1832,"betterendforge:umbrella_tree_membrane"
1833,"betterendforge:umbrella_tree_cluster"
1834,"betterendforge:umbrella_tree_cluster_empty"
1835,"betterendforge:small_amaranita_mushroom"
1836,"betterendforge:large_amaranita_mushroom"
1837,"betterendforge:amaranita_stem"
1838,"betterendforge:amaranita_hyphae"
1839,"betterendforge:amaranita_hymenophore"
1840,"betterendforge:amaranita_lantern"
1841,"betterendforge:amaranita_fur"
1842,"betterendforge:amaranita_cap"
1843,"betterendforge:jellyshroom_cap_purple"
1844,"betterendforge:eternal_pedestal"
1845,"betterendforge:infusion_pedestal"
1846,"betterendforge:end_stone_smelter"
1847,"betterendforge:end_stone_furnace"
1848,"betterendforge:end_stone_furnace_lit"
1849,"betterendforge:dense_snow"
1850,"betterendforge:emerald_ice"
1851,"betterendforge:dense_emerald_ice"
1852,"betterendforge:ancient_emerald_ice"
1853,"betterendforge:end_portal_block"
1854,"betterendforge:respawn_obelisk"
1855,"betterendforge:vent_bubble_column"
1856,"betterendforge:missing_tile"
1857,"betterendforge:mossy_glowshroom_stripped_log"
1858,"betterendforge:mossy_glowshroom_stripped_bark"
1859,"betterendforge:mossy_glowshroom_log"
1860,"betterendforge:mossy_glowshroom_bark"
1861,"betterendforge:mossy_glowshroom_planks"
1862,"betterendforge:mossy_glowshroom_stairs"
1863,"betterendforge:mossy_glowshroom_slab"
1864,"betterendforge:mossy_glowshroom_fence"
1865,"betterendforge:mossy_glowshroom_pressure_plate"
1866,"betterendforge:mossy_glowshroom_trapdoor"
1867,"betterendforge:mossy_glowshroom_door"
1868,"betterendforge:mossy_glowshroom_crafting_table"
1869,"betterendforge:mossy_glowshroom_ladder"
1870,"betterendforge:mossy_glowshroom_chest"
1871,"betterendforge:mossy_glowshroom_sign_standing"
1872,"betterendforge:mossy_glowshroom_sign_wall"
1873,"betterendforge:mossy_glowshroom_bookshelf"
1874,"betterendforge:lacugrove_stripped_log"
1875,"betterendforge:lacugrove_stripped_bark"
1876,"betterendforge:lacugrove_log"
1877,"betterendforge:lacugrove_bark"
1878,"betterendforge:lacugrove_planks"
1879,"betterendforge:lacugrove_stairs"
1880,"betterendforge:lacugrove_slab"
1881,"betterendforge:lacugrove_fence"
1882,"betterendforge:lacugrove_pressure_plate"
1883,"betterendforge:lacugrove_trapdoor"
1884,"betterendforge:lacugrove_door"
1885,"betterendforge:lacugrove_crafting_table"
1886,"betterendforge:lacugrove_ladder"
1887,"betterendforge:lacugrove_chest"
1888,"betterendforge:lacugrove_sign_standing"
1889,"betterendforge:lacugrove_sign_wall"
1890,"betterendforge:lacugrove_bookshelf"
1891,"betterendforge:end_lotus_stripped_log"
1892,"betterendforge:end_lotus_stripped_bark"
1893,"betterendforge:end_lotus_log"
1894,"betterendforge:end_lotus_bark"
1895,"betterendforge:end_lotus_planks"
1896,"betterendforge:end_lotus_stairs"
1897,"betterendforge:end_lotus_slab"
1898,"betterendforge:end_lotus_fence"
1899,"betterendforge:end_lotus_pressure_plate"
1900,"betterendforge:end_lotus_trapdoor"
1901,"betterendforge:end_lotus_door"
1902,"betterendforge:end_lotus_crafting_table"
1903,"betterendforge:end_lotus_ladder"
1904,"betterendforge:end_lotus_chest"
1905,"betterendforge:end_lotus_sign_standing"
1906,"betterendforge:end_lotus_sign_wall"
1907,"betterendforge:end_lotus_bookshelf"
1908,"betterendforge:pythadendron_stripped_log"
1909,"betterendforge:pythadendron_stripped_bark"
1910,"betterendforge:pythadendron_log"
1911,"betterendforge:pythadendron_bark"
1912,"betterendforge:pythadendron_planks"
1913,"betterendforge:pythadendron_stairs"
1914,"betterendforge:pythadendron_slab"
1915,"betterendforge:pythadendron_fence"
1916,"betterendforge:pythadendron_pressure_plate"
1917,"betterendforge:pythadendron_trapdoor"
1918,"betterendforge:pythadendron_door"
1919,"betterendforge:pythadendron_crafting_table"
1920,"betterendforge:pythadendron_ladder"
1921,"betterendforge:pythadendron_chest"
1922,"betterendforge:pythadendron_sign_standing"
1923,"betterendforge:pythadendron_sign_wall"
1924,"betterendforge:pythadendron_bookshelf"
1925,"betterendforge:dragon_tree_stripped_log"
1926,"betterendforge:dragon_tree_stripped_bark"
1927,"betterendforge:dragon_tree_log"
1928,"betterendforge:dragon_tree_bark"
1929,"betterendforge:dragon_tree_planks"
1930,"betterendforge:dragon_tree_stairs"
1931,"betterendforge:dragon_tree_slab"
1932,"betterendforge:dragon_tree_fence"
1933,"betterendforge:dragon_tree_pressure_plate"
1934,"betterendforge:dragon_tree_trapdoor"
1935,"betterendforge:dragon_tree_door"
1936,"betterendforge:dragon_tree_crafting_table"
1937,"betterendforge:dragon_tree_ladder"
1938,"betterendforge:dragon_tree_chest"
1939,"betterendforge:dragon_tree_sign_standing"
1940,"betterendforge:dragon_tree_sign_wall"
1941,"betterendforge:dragon_tree_bookshelf"
1942,"betterendforge:tenanea_stripped_log"
1943,"betterendforge:tenanea_stripped_bark"
1944,"betterendforge:tenanea_log"
1945,"betterendforge:tenanea_bark"
1946,"betterendforge:tenanea_planks"
1947,"betterendforge:tenanea_stairs"
1948,"betterendforge:tenanea_slab"
1949,"betterendforge:tenanea_fence"
1950,"betterendforge:tenanea_pressure_plate"
1951,"betterendforge:tenanea_trapdoor"
1952,"betterendforge:tenanea_door"
1953,"betterendforge:tenanea_crafting_table"
1954,"betterendforge:tenanea_ladder"
1955,"betterendforge:tenanea_chest"
1956,"betterendforge:tenanea_sign_standing"
1957,"betterendforge:tenanea_sign_wall"
1958,"betterendforge:tenanea_bookshelf"
1959,"betterendforge:helix_tree_stripped_log"
1960,"betterendforge:helix_tree_stripped_bark"
1961,"betterendforge:helix_tree_log"
1962,"betterendforge:helix_tree_bark"
1963,"betterendforge:helix_tree_planks"
1964,"betterendforge:helix_tree_stairs"
1965,"betterendforge:helix_tree_slab"
1966,"betterendforge:helix_tree_fence"
1967,"betterendforge:helix_tree_pressure_plate"
1968,"betterendforge:helix_tree_trapdoor"
1969,"betterendforge:helix_tree_door"
1970,"betterendforge:helix_tree_crafting_table"
1971,"betterendforge:helix_tree_ladder"
1972,"betterendforge:helix_tree_chest"
1973,"betterendforge:helix_tree_sign_standing"
1974,"betterendforge:helix_tree_sign_wall"
1975,"betterendforge:helix_tree_bookshelf"
1976,"betterendforge:umbrella_tree_stripped_log"
1977,"betterendforge:umbrella_tree_stripped_bark"
1978,"betterendforge:umbrella_tree_log"
1979,"betterendforge:umbrella_tree_bark"
1980,"betterendforge:umbrella_tree_planks"
1981,"betterendforge:umbrella_tree_stairs"
1982,"betterendforge:umbrella_tree_slab"
1983,"betterendforge:umbrella_tree_fence"
1984,"betterendforge:umbrella_tree_pressure_plate"
1985,"betterendforge:umbrella_tree_trapdoor"
1986,"betterendforge:umbrella_tree_door"
1987,"betterendforge:umbrella_tree_crafting_table"
1988,"betterendforge:umbrella_tree_ladder"
1989,"betterendforge:umbrella_tree_chest"
1990,"betterendforge:umbrella_tree_sign_standing"
1991,"betterendforge:umbrella_tree_sign_wall"
1992,"betterendforge:umbrella_tree_bookshelf"
1993,"betterendforge:jellyshroom_stripped_log"
1994,"betterendforge:jellyshroom_stripped_bark"
1995,"betterendforge:jellyshroom_log"
1996,"betterendforge:jellyshroom_bark"
1997,"betterendforge:jellyshroom_planks"
1998,"betterendforge:jellyshroom_stairs"
1999,"betterendforge:jellyshroom_slab"
2000,"betterendforge:jellyshroom_fence"
2001,"betterendforge:jellyshroom_pressure_plate"
2002,"betterendforge:jellyshroom_trapdoor"
2003,"betterendforge:jellyshroom_door"
2004,"betterendforge:jellyshroom_crafting_table"
2005,"betterendforge:jellyshroom_ladder"
2006,"betterendforge:jellyshroom_chest"
2007,"betterendforge:jellyshroom_sign_standing"
2008,"betterendforge:jellyshroom_sign_wall"
2009,"betterendforge:jellyshroom_bookshelf"
2010,"betterendforge:lucernia_stripped_log"
2011,"betterendforge:lucernia_stripped_bark"
2012,"betterendforge:lucernia_log"
2013,"betterendforge:lucernia_bark"
2014,"betterendforge:lucernia_planks"
2015,"betterendforge:lucernia_stairs"
2016,"betterendforge:lucernia_slab"
2017,"betterendforge:lucernia_fence"
2018,"betterendforge:lucernia_pressure_plate"
2019,"betterendforge:lucernia_trapdoor"
2020,"betterendforge:lucernia_door"
2021,"betterendforge:lucernia_crafting_table"
2022,"betterendforge:lucernia_ladder"
2023,"betterendforge:lucernia_chest"
2024,"betterendforge:lucernia_sign_standing"
2025,"betterendforge:lucernia_sign_wall"
2026,"betterendforge:lucernia_bookshelf"
2027,"betterendforge:lucernia_sapling"
2028,"betterendforge:lucernia_leaves"
2029,"betterendforge:lucernia_outer_leaves"
2030,"betterendforge:filalux"
2031,"betterendforge:filalux_wings"
2032,"betterendforge:filalux_lantern"
2033,"betterendforge:flavolite"
2034,"betterendforge:flavolite_polished"
2035,"betterendforge:flavolite_tiles"
2036,"betterendforge:flavolite_pillar"
2037,"betterendforge:flavolite_stairs"
2038,"betterendforge:flavolite_slab"
2039,"betterendforge:flavolite_wall"
2040,"betterendforge:flavolite_pressure_plate"
2041,"betterendforge:flavolite_pedestal"
2042,"betterendforge:flavolite_lantern"
2043,"betterendforge:flavolite_bricks"
2044,"betterendforge:flavolite_bricks_stairs"
2045,"betterendforge:flavolite_bricks_slab"
2046,"betterendforge:flavolite_bricks_wall"
2047,"betterendforge:flavolite_furnace"
2048,"betterendforge:violecite"
2049,"betterendforge:violecite_polished"
2050,"betterendforge:violecite_tiles"
2051,"betterendforge:violecite_pillar"
2052,"betterendforge:violecite_stairs"
2053,"betterendforge:violecite_slab"
2054,"betterendforge:violecite_wall"
2055,"betterendforge:violecite_pressure_plate"
2056,"betterendforge:violecite_pedestal"
2057,"betterendforge:violecite_lantern"
2058,"betterendforge:violecite_bricks"
2059,"betterendforge:violecite_bricks_stairs"
2060,"betterendforge:violecite_bricks_slab"
2061,"betterendforge:violecite_bricks_wall"
2062,"betterendforge:violecite_furnace"
2063,"betterendforge:sulphuric_rock"
2064,"betterendforge:sulphuric_rock_polished"
2065,"betterendforge:sulphuric_rock_tiles"
2066,"betterendforge:sulphuric_rock_pillar"
2067,"betterendforge:sulphuric_rock_stairs"
2068,"betterendforge:sulphuric_rock_slab"
2069,"betterendforge:sulphuric_rock_wall"
2070,"betterendforge:sulphuric_rock_pressure_plate"
2071,"betterendforge:sulphuric_rock_pedestal"
2072,"betterendforge:sulphuric_rock_lantern"
2073,"betterendforge:sulphuric_rock_bricks"
2074,"betterendforge:sulphuric_rock_bricks_stairs"
2075,"betterendforge:sulphuric_rock_bricks_slab"
2076,"betterendforge:sulphuric_rock_bricks_wall"
2077,"betterendforge:sulphuric_rock_furnace"
2078,"betterendforge:virid_jadestone"
2079,"betterendforge:virid_jadestone_polished"
2080,"betterendforge:virid_jadestone_tiles"
2081,"betterendforge:virid_jadestone_pillar"
2082,"betterendforge:virid_jadestone_stairs"
2083,"betterendforge:virid_jadestone_slab"
2084,"betterendforge:virid_jadestone_wall"
2085,"betterendforge:virid_jadestone_pressure_plate"
2086,"betterendforge:virid_jadestone_pedestal"
2087,"betterendforge:virid_jadestone_lantern"
2088,"betterendforge:virid_jadestone_bricks"
2089,"betterendforge:virid_jadestone_bricks_stairs"
2090,"betterendforge:virid_jadestone_bricks_slab"
2091,"betterendforge:virid_jadestone_bricks_wall"
2092,"betterendforge:virid_jadestone_furnace"
2093,"betterendforge:azure_jadestone"
2094,"betterendforge:azure_jadestone_polished"
2095,"betterendforge:azure_jadestone_tiles"
2096,"betterendforge:azure_jadestone_pillar"
2097,"betterendforge:azure_jadestone_stairs"
2098,"betterendforge:azure_jadestone_slab"
2099,"betterendforge:azure_jadestone_wall"
2100,"betterendforge:azure_jadestone_pressure_plate"
2101,"betterendforge:azure_jadestone_pedestal"
2102,"betterendforge:azure_jadestone_lantern"
2103,"betterendforge:azure_jadestone_bricks"
2104,"betterendforge:azure_jadestone_bricks_stairs"
2105,"betterendforge:azure_jadestone_bricks_slab"
2106,"betterendforge:azure_jadestone_bricks_wall"
2107,"betterendforge:azure_jadestone_furnace"
2108,"betterendforge:sandy_jadestone"
2109,"betterendforge:sandy_jadestone_polished"
2110,"betterendforge:sandy_jadestone_tiles"
2111,"betterendforge:sandy_jadestone_pillar"
2112,"betterendforge:sandy_jadestone_stairs"
2113,"betterendforge:sandy_jadestone_slab"
2114,"betterendforge:sandy_jadestone_wall"
2115,"betterendforge:sandy_jadestone_pressure_plate"
2116,"betterendforge:sandy_jadestone_pedestal"
2117,"betterendforge:sandy_jadestone_lantern"
2118,"betterendforge:sandy_jadestone_bricks"
2119,"betterendforge:sandy_jadestone_bricks_stairs"
2120,"betterendforge:sandy_jadestone_bricks_slab"
2121,"betterendforge:sandy_jadestone_bricks_wall"
2122,"betterendforge:sandy_jadestone_furnace"
2123,"betterendforge:umbralith"
2124,"betterendforge:umbralith_polished"
2125,"betterendforge:umbralith_tiles"
2126,"betterendforge:umbralith_pillar"
2127,"betterendforge:umbralith_stairs"
2128,"betterendforge:umbralith_slab"
2129,"betterendforge:umbralith_wall"
2130,"betterendforge:umbralith_pressure_plate"
2131,"betterendforge:umbralith_pedestal"
2132,"betterendforge:umbralith_lantern"
2133,"betterendforge:umbralith_bricks"
2134,"betterendforge:umbralith_bricks_stairs"
2135,"betterendforge:umbralith_bricks_slab"
2136,"betterendforge:umbralith_bricks_wall"
2137,"betterendforge:umbralith_furnace"
2138,"betterendforge:thallasium_bulb_lantern_white"
2139,"betterendforge:thallasium_bulb_lantern_orange"
2140,"betterendforge:thallasium_bulb_lantern_magenta"
2141,"betterendforge:thallasium_bulb_lantern_light_blue"
2142,"betterendforge:thallasium_bulb_lantern_yellow"
2143,"betterendforge:thallasium_bulb_lantern_lime"
2144,"betterendforge:thallasium_bulb_lantern_pink"
2145,"betterendforge:thallasium_bulb_lantern_gray"
2146,"betterendforge:thallasium_bulb_lantern_silver"
2147,"betterendforge:thallasium_bulb_lantern_cyan"
2148,"betterendforge:thallasium_bulb_lantern_purple"
2149,"betterendforge:thallasium_bulb_lantern_blue"
2150,"betterendforge:thallasium_bulb_lantern_brown"
2151,"betterendforge:thallasium_bulb_lantern_green"
2152,"betterendforge:thallasium_bulb_lantern_red"
2153,"betterendforge:thallasium_bulb_lantern_black"
2154,"betterendforge:thallasium_ore"
2155,"betterendforge:thallasium_block"
2156,"betterendforge:thallasium_tile"
2157,"betterendforge:thallasium_stairs"
2158,"betterendforge:thallasium_trapdoor"
2159,"betterendforge:thallasium_bars"
2160,"betterendforge:thallasium_chain"
2161,"betterendforge:thallasium_pressure_plate"
2162,"betterendforge:thallasium_chandelier"
2163,"betterendforge:thallasium_bulb_lantern"
2164,"betterendforge:terminite_bulb_lantern_white"
2165,"betterendforge:terminite_bulb_lantern_orange"
2166,"betterendforge:terminite_bulb_lantern_magenta"
2167,"betterendforge:terminite_bulb_lantern_light_blue"
2168,"betterendforge:terminite_bulb_lantern_yellow"
2169,"betterendforge:terminite_bulb_lantern_lime"
2170,"betterendforge:terminite_bulb_lantern_pink"
2171,"betterendforge:terminite_bulb_lantern_gray"
2172,"betterendforge:terminite_bulb_lantern_silver"
2173,"betterendforge:terminite_bulb_lantern_cyan"
2174,"betterendforge:terminite_bulb_lantern_purple"
2175,"betterendforge:terminite_bulb_lantern_blue"
2176,"betterendforge:terminite_bulb_lantern_brown"
2177,"betterendforge:terminite_bulb_lantern_green"
2178,"betterendforge:terminite_bulb_lantern_red"
2179,"betterendforge:terminite_bulb_lantern_black"
2180,"betterendforge:terminite_block"
2181,"betterendforge:terminite_tile"
2182,"betterendforge:terminite_stairs"
2183,"betterendforge:terminite_trapdoor"
2184,"betterendforge:terminite_bars"
2185,"betterendforge:terminite_chain"
2186,"betterendforge:terminite_pressure_plate"
2187,"betterendforge:terminite_chandelier"
2188,"betterendforge:terminite_bulb_lantern"
2189,"betterendforge:hydralux_petal_block_white"
2190,"betterendforge:hydralux_petal_block_orange"
2191,"betterendforge:hydralux_petal_block_magenta"
2192,"betterendforge:hydralux_petal_block_light_blue"
2193,"betterendforge:hydralux_petal_block_yellow"
2194,"betterendforge:hydralux_petal_block_lime"
2195,"betterendforge:hydralux_petal_block_pink"
2196,"betterendforge:hydralux_petal_block_gray"
2197,"betterendforge:hydralux_petal_block_silver"
2198,"betterendforge:hydralux_petal_block_cyan"
2199,"betterendforge:hydralux_petal_block_purple"
2200,"betterendforge:hydralux_petal_block_blue"
2201,"betterendforge:hydralux_petal_block_brown"
2202,"betterendforge:hydralux_petal_block_green"
2203,"betterendforge:hydralux_petal_block_red"
2204,"betterendforge:hydralux_petal_block_black"
2205,"betterendforge:iron_bulb_lantern_white"
2206,"betterendforge:iron_bulb_lantern_orange"
2207,"betterendforge:iron_bulb_lantern_magenta"
2208,"betterendforge:iron_bulb_lantern_light_blue"
2209,"betterendforge:iron_bulb_lantern_yellow"
2210,"betterendforge:iron_bulb_lantern_lime"
2211,"betterendforge:iron_bulb_lantern_pink"
2212,"betterendforge:iron_bulb_lantern_gray"
2213,"betterendforge:iron_bulb_lantern_silver"
2214,"betterendforge:iron_bulb_lantern_cyan"
2215,"betterendforge:iron_bulb_lantern_purple"
2216,"betterendforge:iron_bulb_lantern_blue"
2217,"betterendforge:iron_bulb_lantern_brown"
2218,"betterendforge:iron_bulb_lantern_green"
2219,"betterendforge:iron_bulb_lantern_red"
2220,"betterendforge:iron_bulb_lantern_black"
2221,"iceandfire:lectern"
2222,"iceandfire:podium"
2223,"iceandfire:fire_lily"
2224,"iceandfire:frost_lily"
2225,"iceandfire:goldpile"
2226,"iceandfire:silverpile"
2227,"iceandfire:silver_ore"
2228,"iceandfire:sapphire_ore"
2229,"iceandfire:silver_block"
2230,"iceandfire:sapphire_block"
2231,"iceandfire:chared_dirt"
2232,"iceandfire:chared_grass"
2233,"iceandfire:chared_stone"
2234,"iceandfire:chared_cobblestone"
2235,"iceandfire:chared_gravel"
2236,"iceandfire:chared_grass_path"
2237,"iceandfire:ash"
2238,"iceandfire:frozen_dirt"
2239,"iceandfire:frozen_grass"
2240,"iceandfire:frozen_stone"
2241,"iceandfire:frozen_cobblestone"
2242,"iceandfire:frozen_gravel"
2243,"iceandfire:frozen_grass_path"
2244,"iceandfire:frozen_splinters"
2245,"iceandfire:dragon_ice"
2246,"iceandfire:dragon_ice_spikes"
2247,"iceandfire:nest"
2248,"iceandfire:dragonscale_red"
2249,"iceandfire:dragonscale_green"
2250,"iceandfire:dragonscale_bronze"
2251,"iceandfire:dragonscale_gray"
2252,"iceandfire:dragonscale_blue"
2253,"iceandfire:dragonscale_white"
2254,"iceandfire:dragonscale_sapphire"
2255,"iceandfire:dragonscale_silver"
2256,"iceandfire:dragon_bone_block"
2257,"iceandfire:dragon_bone_wall"
2258,"iceandfire:dragonforge_fire_brick"
2259,"iceandfire:dragonforge_ice_brick"
2260,"iceandfire:dragonforge_fire_input"
2261,"iceandfire:dragonforge_ice_input"
2262,"iceandfire:dragonforge_fire_core"
2263,"iceandfire:dragonforge_ice_core"
2264,"iceandfire:dragonforge_ice_core_disabled"
2265,"iceandfire:dragonforge_fire_core_disabled"
2266,"iceandfire:egginice"
2267,"iceandfire:pixie_house"
2268,"iceandfire:venerable_stump"
2269,"iceandfire:jar_empty"
2270,"iceandfire:jar_pixie"
2271,"iceandfire:myrmex_resin"
2272,"iceandfire:myrmex_resin_sticky"
2273,"iceandfire:desert_myrmex_cocoon"
2274,"iceandfire:jungle_myrmex_cocoon"
2275,"iceandfire:myrmex_desert_biolight"
2276,"iceandfire:myrmex_jungle_biolight"
2277,"iceandfire:myrmex_desert_resin_block"
2278,"iceandfire:myrmex_jungle_resin_block"
2279,"iceandfire:myrmex_desert_resin_glass"
2280,"iceandfire:myrmex_jungle_resin_glass"
2281,"iceandfire:dragonsteel_fire_block"
2282,"iceandfire:dragonsteel_ice_block"
2283,"iceandfire:dread_stone"
2284,"iceandfire:dread_stone_bricks"
2285,"iceandfire:dread_stone_bricks_chiseled"
2286,"iceandfire:dread_stone_bricks_cracked"
2287,"iceandfire:dread_stone_bricks_mossy"
2288,"iceandfire:dread_stone_tile"
2289,"iceandfire:dread_stone_face"
2290,"iceandfire:dread_torch"
2291,"iceandfire:dread_stone_stairs"
2292,"iceandfire:dread_stone_slab_double"
2293,"iceandfire:dread_stone_slab"
2294,"iceandfire:dreadwood_log"
2295,"iceandfire:dreadwood_planks"
2296,"iceandfire:dreadwood_planks_lock"
2297,"iceandfire:dread_portal"
2298,"iceandfire:dread_spawner"
2299,"iceandfire:burnt_torch"
2300,"iceandfire:crackled_dirt"
2301,"iceandfire:crackled_grass"
2302,"iceandfire:crackled_stone"
2303,"iceandfire:crackled_cobblestone"
2304,"iceandfire:crackled_gravel"
2305,"iceandfire:crackled_grass_path"
2306,"iceandfire:dragonforge_lightning_brick"
2307,"iceandfire:dragonforge_lightning_input"
2308,"iceandfire:dragonforge_lightning_core"
2309,"iceandfire:dragonforge_lightning_core_disabled"
2310,"iceandfire:copperpile"
2311,"iceandfire:lightning_lily"
2312,"iceandfire:dragonscale_electric"
2313,"iceandfire:dragonscale_amythest"
2314,"iceandfire:dragonscale_copper"
2315,"iceandfire:dragonscale_black"
2316,"iceandfire:copper_ore"
2317,"iceandfire:amythest_ore"
2318,"iceandfire:copper_block"
2319,"iceandfire:amythest_block"
2320,"iceandfire:dragonsteel_lightning_block"
2321,"iceandfire:sea_serpent_scale_block_blue"
2322,"iceandfire:sea_serpent_scale_block_bronze"
2323,"iceandfire:sea_serpent_scale_block_deepblue"
2324,"iceandfire:sea_serpent_scale_block_green"
2325,"iceandfire:sea_serpent_scale_block_purple"
2326,"iceandfire:sea_serpent_scale_block_red"
2327,"iceandfire:sea_serpent_scale_block_teal"
2328,"qualitytools:reforging_station"
2329,"somanyenchantments:frostedicetemp"
2330,"somanyenchantments:magmatemp"
2331,"xat:moon_rose"
2332,"xat:teddy_bear"
2333,"xat:teddy_bear_rembo"
2334,"xat:teddy_bear_scary"
2335,"xat:teddy_bear_shivaxi"
2336,"xat:teddy_bear_bee"
2337,"xat:teddy_bear_panda"
2338,"xat:teddy_bear_artsy"
2339,"xat:teddy_bear_twilight"
2340,"xat:teddy_bear_ryu"
2341,"xat:teddy_bear_ken"
2342,"xat:teddy_bear_nyan"
2343,"xat:teddy_bear_nyan_old"
2344,"xat:teddy_bear_boom"
2345,"xat:teddy_bear_rixxi"
2346,"xat:teddy_bear_snowie"
2347,"xat:cooled_magma"
2348,"classyhats:hat_stand"
2349,"bibliocraft:bookcase"
2350,"bibliocraft:bookcasecreative"
2351,"bibliocraft:shelf"
2352,"bibliocraft:markerpole"
2353,"bibliocraft:clipboard"
2354,"bibliocraft:lanterngold"
2355,"bibliocraft:lanterniron"
2356,"bibliocraft:lampgold"
2357,"bibliocraft:lampiron"
2358,"bibliocraft:furniturepaneler"
2359,"bibliocraft:framedchest"
2360,"bibliocraft:fancysign"
2361,"bibliocraft:fancyworkbench"
2362,"bibliocraft:potionshelf"
2363,"bibliocraft:toolrack"
2364,"bibliocraft:label"
2365,"bibliocraft:desk"
2366,"bibliocraft:table"
2367,"bibliocraft:seat"
2368,"bibliocraft:clock"
2369,"bibliocraft:case"
2370,"bibliocraft:mapframe"
2371,"bibliocraft:paintingframeflat"
2372,"bibliocraft:paintingframesimple"
2373,"bibliocraft:paintingframemiddle"
2374,"bibliocraft:paintingframefancy"
2375,"bibliocraft:paintingframeborderless"
2376,"bibliocraft:paintingpress"
2377,"bibliocraft:typewriter"
2378,"bibliocraft:swordpedestal"
2379,"bibliocraft:armorstand"
2380,"bibliocraft:bell"
2381,"bibliocraft:typesettingtable"
2382,"bibliocraft:printingpress"
2383,"bibliocraft:cookiejar"
2384,"bibliocraft:dinnerplate"
2385,"bibliocraft:discrack"
2386,"bonsaitrees:bonsaipot"
2387,"bountifulbaubles:reforger"
2388,"campfire:brazier"
2389,"campfire:campfire"
2390,"campfire:campfire_ash"
2391,"cqrepoured:andesite_carved"
2392,"cqrepoured:andesite_pillar"
2393,"cqrepoured:andesite_cube"
2394,"cqrepoured:andesite_scale"
2395,"cqrepoured:andesite_square"
2396,"cqrepoured:andesite_small"
2397,"cqrepoured:andesite_large"
2398,"cqrepoured:diorite_carved"
2399,"cqrepoured:diorite_pillar"
2400,"cqrepoured:diorite_cube"
2401,"cqrepoured:diorite_scale"
2402,"cqrepoured:diorite_square"
2403,"cqrepoured:diorite_small"
2404,"cqrepoured:diorite_large"
2405,"cqrepoured:granite_carved"
2406,"cqrepoured:granite_pillar"
2407,"cqrepoured:granite_cube"
2408,"cqrepoured:granite_scale"
2409,"cqrepoured:granite_square"
2410,"cqrepoured:granite_small"
2411,"cqrepoured:granite_large"
2412,"cqrepoured:prismarine_carved"
2413,"cqrepoured:prismarine_pillar"
2414,"cqrepoured:prismarine_cube"
2415,"cqrepoured:prismarine_square"
2416,"cqrepoured:prismarine_small"
2417,"cqrepoured:prismarine_large"
2418,"cqrepoured:endstone_carved"
2419,"cqrepoured:endstone_pillar"
2420,"cqrepoured:endstone_cube"
2421,"cqrepoured:endstone_scale"
2422,"cqrepoured:endstone_square"
2423,"cqrepoured:endstone_small"
2424,"cqrepoured:purpur_carved"
2425,"cqrepoured:purpur_cube"
2426,"cqrepoured:purpur_scale"
2427,"cqrepoured:purpur_small"
2428,"cqrepoured:purpur_large"
2429,"cqrepoured:red_netherbrick_carved"
2430,"cqrepoured:red_netherbrick_pillar"
2431,"cqrepoured:red_netherbrick_cube"
2432,"cqrepoured:red_netherbrick_scale"
2433,"cqrepoured:red_netherbrick_square"
2434,"cqrepoured:red_netherbrick_large"
2435,"cqrepoured:stone_pillar"
2436,"cqrepoured:stone_cube"
2437,"cqrepoured:stone_scale"
2438,"cqrepoured:stone_square"
2439,"cqrepoured:stone_small"
2440,"cqrepoured:table_oak"
2441,"cqrepoured:table_spruce"
2442,"cqrepoured:table_birch"
2443,"cqrepoured:table_jungle"
2444,"cqrepoured:table_acacia"
2445,"cqrepoured:table_dark"
2446,"cqrepoured:unlit_torch"
2447,"cqrepoured:exporter"
2448,"cqrepoured:null_block"
2449,"cqrepoured:spawner"
2450,"cqrepoured:boss_block"
2451,"cqrepoured:force_field_nexus"
2452,"cqrepoured:map_placeholder"
2453,"cqrepoured:tnt"
2454,"cqrepoured:exporter_chest_valuable"
2455,"cqrepoured:exporter_chest_food"
2456,"cqrepoured:exporter_chest_equipment"
2457,"cqrepoured:exporter_chest_utility"
2458,"cqrepoured:exporter_chest_clutter"
2459,"cqrepoured:exporter_chest_custom"
2460,"cqrepoured:exporter_chest_vanilla_blacksmith"
2461,"cqrepoured:exporter_chest_vanilla_bonus"
2462,"cqrepoured:exporter_chest_vanilla_dungeon"
2463,"cqrepoured:exporter_chest_vanilla_end_city"
2464,"cqrepoured:exporter_chest_vanilla_igloo"
2465,"cqrepoured:exporter_chest_vanilla_jungle"
2466,"cqrepoured:exporter_chest_vanilla_jungle_dispenser"
2467,"cqrepoured:exporter_chest_vanilla_mansion"
2468,"cqrepoured:exporter_chest_vanilla_mineshaft"
2469,"cqrepoured:exporter_chest_vanilla_nether"
2470,"cqrepoured:exporter_chest_vanilla_pyramid"
2471,"cqrepoured:exporter_chest_vanilla_stronghold"
2472,"cqrepoured:exporter_chest_vanilla_stronghold_library"
2473,"cqrepoured:exporter_chest_vanilla_stronghold_storeroom"
2474,"cqrepoured:phylactery"
2475,"cqrepoured:temporary_web"
2476,"comforts:rope"
2477,"comforts:sleeping_bag_white"
2478,"comforts:sleeping_bag_orange"
2479,"comforts:sleeping_bag_magenta"
2480,"comforts:sleeping_bag_light_blue"
2481,"comforts:sleeping_bag_yellow"
2482,"comforts:sleeping_bag_lime"
2483,"comforts:sleeping_bag_pink"
2484,"comforts:sleeping_bag_gray"
2485,"comforts:sleeping_bag_silver"
2486,"comforts:sleeping_bag_cyan"
2487,"comforts:sleeping_bag_purple"
2488,"comforts:sleeping_bag_blue"
2489,"comforts:sleeping_bag_brown"
2490,"comforts:sleeping_bag_green"
2491,"comforts:sleeping_bag_red"
2492,"comforts:sleeping_bag_black"
2493,"comforts:hammock_white"
2494,"comforts:hammock_orange"
2495,"comforts:hammock_magenta"
2496,"comforts:hammock_light_blue"
2497,"comforts:hammock_yellow"
2498,"comforts:hammock_lime"
2499,"comforts:hammock_pink"
2500,"comforts:hammock_gray"
2501,"comforts:hammock_silver"
2502,"comforts:hammock_cyan"
2503,"comforts:hammock_purple"
2504,"comforts:hammock_blue"
2505,"comforts:hammock_brown"
2506,"comforts:hammock_green"
2507,"comforts:hammock_red"
2508,"comforts:hammock_black"
2509,"coralreef:coral"
2510,"coralreef:reef"
2511,"deeperdepths:deepslate"
2512,"deeperdepths:stone"
2513,"deeperdepths:stone_slab"
2514,"deeperdepths:double_stone_slab"
2515,"deeperdepths:tuff_stairs"
2516,"deeperdepths:polished_tuff_stairs"
2517,"deeperdepths:tuff_brick_stairs"
2518,"deeperdepths:cobbled_deepslate_stairs"
2519,"deeperdepths:polished_deepslate_stairs"
2520,"deeperdepths:deepslate_brick_stairs"
2521,"deeperdepths:deepslate_tile_stairs"
2522,"deeperdepths:stone_wall"
2523,"deeperdepths:reinforced_deepslate"
2524,"deeperdepths:copper_ore"
2525,"deeperdepths:copper_block"
2526,"deeperdepths:cut_copper"
2527,"deeperdepths:cut_copper_slab"
2528,"deeperdepths:double_cut_copper_slab"
2529,"deeperdepths:chiseled_copper"
2530,"deeperdepths:copper_grate"
2531,"deeperdepths:copper_bulb"
2532,"deeperdepths:waxed_copper_bulb"
2533,"deeperdepths:cut_copper_stairs"
2534,"deeperdepths:exposed_cut_copper_stairs"
2535,"deeperdepths:weathered_cut_copper_stairs"
2536,"deeperdepths:oxidized_cut_copper_stairs"
2537,"deeperdepths:waxed_cut_copper_stairs"
2538,"deeperdepths:waxed_exposed_cut_copper_stairs"
2539,"deeperdepths:waxed_weathered_cut_copper_stairs"
2540,"deeperdepths:waxed_oxidized_cut_copper_stairs"
2541,"deeperdepths:copper_trapdoor"
2542,"deeperdepths:exposed_copper_trapdoor"
2543,"deeperdepths:weathered_copper_trapdoor"
2544,"deeperdepths:oxidized_copper_trapdoor"
2545,"deeperdepths:waxed_copper_trapdoor"
2546,"deeperdepths:waxed_exposed_copper_trapdoor"
2547,"deeperdepths:waxed_weathered_copper_trapdoor"
2548,"deeperdepths:waxed_oxidized_copper_trapdoor"
2549,"deeperdepths:copper_door"
2550,"deeperdepths:exposed_copper_door"
2551,"deeperdepths:weathered_copper_door"
2552,"deeperdepths:oxidized_copper_door"
2553,"deeperdepths:waxed_copper_door"
2554,"deeperdepths:waxed_exposed_copper_door"
2555,"deeperdepths:waxed_weathered_copper_door"
2556,"deeperdepths:waxed_oxidized_copper_door"
2557,"deeperdepths:lightning_rod"
2558,"deeperdepths:exposed_lightning_rod"
2559,"deeperdepths:weathered_lightning_rod"
2560,"deeperdepths:oxidized_lightning_rod"
2561,"deeperdepths:waxed_lightning_rod"
2562,"deeperdepths:waxed_exposed_lightning_rod"
2563,"deeperdepths:waxed_weathered_lightning_rod"
2564,"deeperdepths:waxed_oxidized_lightning_rod"
2565,"deeperdepths:copper_bars"
2566,"deeperdepths:exposed_copper_bars"
2567,"deeperdepths:weathered_copper_bars"
2568,"deeperdepths:oxidized_copper_bars"
2569,"deeperdepths:waxed_copper_bars"
2570,"deeperdepths:waxed_exposed_copper_bars"
2571,"deeperdepths:waxed_weathered_copper_bars"
2572,"deeperdepths:waxed_oxidized_copper_bars"
2573,"deeperdepths:copper_chest"
2574,"deeperdepths:waxed_copper_chest"
2575,"deeperdepths:copper_chain"
2576,"deeperdepths:waxed_copper_chain"
2577,"deeperdepths:copper_lantern"
2578,"deeperdepths:amethyst_block"
2579,"deeperdepths:budding_amethyst"
2580,"deeperdepths:small_amethyst_bud"
2581,"deeperdepths:medium_amethyst_bud"
2582,"deeperdepths:large_amethyst_bud"
2583,"deeperdepths:amethyst_cluster"
2584,"deeperdepths:tinted_glass"
2585,"deeperdepths:candle"
2586,"deeperdepths:white_candle"
2587,"deeperdepths:orange_candle"
2588,"deeperdepths:magenta_candle"
2589,"deeperdepths:light_blue_candle"
2590,"deeperdepths:yellow_candle"
2591,"deeperdepths:lime_candle"
2592,"deeperdepths:pink_candle"
2593,"deeperdepths:gray_candle"
2594,"deeperdepths:light_gray_candle"
2595,"deeperdepths:cyan_candle"
2596,"deeperdepths:purple_candle"
2597,"deeperdepths:blue_candle"
2598,"deeperdepths:brown_candle"
2599,"deeperdepths:green_candle"
2600,"deeperdepths:red_candle"
2601,"deeperdepths:black_candle"
2602,"deeperdepths:trial_spawner"
2603,"deeperdepths:vault"
2604,"deeperdepths:trial_pot"
2605,"deeperdepths:heavy_core"
2606,"deeperdepths:copper_torch"
2607,"defiledlands:stone_defiled"
2608,"defiledlands:sand_defiled"
2609,"defiledlands:sandstone_defiled"
2610,"defiledlands:dirt_defiled"
2611,"defiledlands:grass_defiled"
2612,"defiledlands:gravel_defiled"
2613,"defiledlands:tenebra_log"
2614,"defiledlands:tenebra_leaves"
2615,"defiledlands:tenebra_sapling"
2616,"defiledlands:tenebra_planks"
2617,"defiledlands:stone_defiled_decoration"
2618,"defiledlands:tenebra_door"
2619,"defiledlands:stone_defiled_slab_double"
2620,"defiledlands:stone_defiled_slab"
2621,"defiledlands:wood_defiled_slab_double"
2622,"defiledlands:wood_defiled_slab"
2623,"defiledlands:stone_defiled_stairs"
2624,"defiledlands:sandstone_defiled_stairs"
2625,"defiledlands:stone_defiled_bricks_stairs"
2626,"defiledlands:tenebra_stairs"
2627,"defiledlands:ravaging_decoration"
2628,"defiledlands:glass_obscure"
2629,"defiledlands:hephaestite_ore"
2630,"defiledlands:hephaestite_block"
2631,"defiledlands:umbrium_ore"
2632,"defiledlands:umbrium_block"
2633,"defiledlands:scarlite_ore"
2634,"defiledlands:scarlite_block"
2635,"defiledlands:vilespine"
2636,"defiledlands:blastem"
2637,"defiledlands:scuronotte"
2638,"defiledlands:healing_pad"
2639,"defiledlands:conjuring_altar"
2640,"disenchanter:disenchantmenttable"
2641,"doggytalents:dog_bed"
2642,"doggytalents:dog_bath"
2643,"doggytalents:food_bowl"
2644,"dungeonmobs:lavarock"
2645,"dungeonmobs:bladetrap"
2646,"dungeons2:basic_facade_stone"
2647,"dungeons2:basic_facade_cobblestone"
2648,"dungeons2:basic_facade_cobblestone_mossy"
2649,"dungeons2:basic_facade_stonebrick"
2650,"dungeons2:basic_facade_stonebrick_mossy"
2651,"dungeons2:basic_facade_stonebrick_cracked"
2652,"dungeons2:basic_facade_stonebrick_chiseled"
2653,"dungeons2:basic_facade_obsidianbrick"
2654,"dungeons2:basic_facade_smooth_sandstone"
2655,"dungeons2:basic_facade_sandstone"
2656,"dungeons2:quarter_facade_stone"
2657,"dungeons2:quarter_facade_cobblestone"
2658,"dungeons2:quarter_facade_cobblestone_mossy"
2659,"dungeons2:quarter_facade_stonebrick"
2660,"dungeons2:quarter_facade_stonebrick_mossy"
2661,"dungeons2:quarter_facade_stonebrick_cracked"
2662,"dungeons2:quarter_facade_stonebrick_chiseled"
2663,"dungeons2:quarter_facade_obsidianbrick"
2664,"dungeons2:quarter_facade_sandstone"
2665,"dungeons2:quarter_facade_smooth_sandstone"
2666,"dungeons2:tee_pillar_stone"
2667,"dungeons2:tee_pillar_cobblestone"
2668,"dungeons2:tee_pillar_cobblestone_mossy"
2669,"dungeons2:tee_pillar_stonebrick"
2670,"dungeons2:tee_pillar_stonebrick_mossy"
2671,"dungeons2:tee_pillar_stonebrick_cracked"
2672,"dungeons2:tee_pillar_obsidianbrick"
2673,"dungeons2:tee_pillar_smooth_sandstone"
2674,"dungeons2:tee_pillar_sandstone"
2675,"dungeons2:tee_thin_pillar_stone"
2676,"dungeons2:tee_thin_pillar_cobblestone"
2677,"dungeons2:tee_thin_pillar_cobblestone_mossy"
2678,"dungeons2:tee_thin_pillar_stonebrick"
2679,"dungeons2:tee_thin_pillar_stonebrick_mossy"
2680,"dungeons2:tee_thin_pillar_stonebrick_cracked"
2681,"dungeons2:tee_thin_pillar_obsidianbrick"
2682,"dungeons2:tee_thin_pillar_smooth_sandstone"
2683,"dungeons2:tee_thin_pillar_sandstone"
2684,"dungeons2:flute_pillar_stone"
2685,"dungeons2:flute_pillar_cobblestone"
2686,"dungeons2:flute_pillar_cobblestone_mossy"
2687,"dungeons2:flute_pillar_stonebrick"
2688,"dungeons2:flute_pillar_stonebrick_mossy"
2689,"dungeons2:flute_pillar_stonebrick_cracked"
2690,"dungeons2:flute_pillar_obsidianbrick"
2691,"dungeons2:flute_pillar_sandstone"
2692,"dungeons2:flute_pillar_smooth_sandstone"
2693,"dungeons2:flute_thin_pillar_stone"
2694,"dungeons2:flute_thin_pillar_cobblestone"
2695,"dungeons2:flute_thin_pillar_cobblestone_mossy"
2696,"dungeons2:flute_thin_pillar_stonebrick"
2697,"dungeons2:flute_thin_pillar_stonebrick_mossy"
2698,"dungeons2:flute_thin_pillar_stonebrick_cracked"
2699,"dungeons2:flute_thin_pillar_obsidianbrick"
2700,"dungeons2:flute_thin_pillar_sandstone"
2701,"dungeons2:flute_thin_pillar_smooth_sandstone"
2702,"dungeons2:cornice_stone"
2703,"dungeons2:cornice_cobblestone"
2704,"dungeons2:cornice_cobblestone_mossy"
2705,"dungeons2:cornice_stonebrick"
2706,"dungeons2:cornice_stonebrick_mossy"
2707,"dungeons2:cornice_stonebrick_cracked"
2708,"dungeons2:cornice_obsidianbrick"
2709,"dungeons2:cornice_sandstone"
2710,"dungeons2:cornice_smooth_sandstone"
2711,"dungeons2:crown_molding_stone"
2712,"dungeons2:crown_molding_cobblestone"
2713,"dungeons2:crown_molding_cobblestone_mossy"
2714,"dungeons2:crown_molding_stonebrick"
2715,"dungeons2:crown_molding_stonebrick_mossy"
2716,"dungeons2:crown_molding_stonebrick_cracked"
2717,"dungeons2:crown_molding_obsidianbrick"
2718,"dungeons2:crown_molding_sandstone"
2719,"dungeons2:crown_molding_smooth_sandstone"
2720,"dungeons2:seven_eights_pillar_stone"
2721,"dungeons2:seven_eights_pillar_cobblestone"
2722,"dungeons2:seven_eights_pillar_cobblestone_mossy"
2723,"dungeons2:seven_eights_pillar_stonebrick"
2724,"dungeons2:seven_eights_pillar_stonebrick_mossy"
2725,"dungeons2:seven_eights_pillar_stonebrick_cracked"
2726,"dungeons2:seven_eights_pillar_obsidianbrick"
2727,"dungeons2:seven_eights_pillar_sandstone"
2728,"dungeons2:seven_eights_pillar_smooth_sandstone"
2729,"dungeons2:sill_stone"
2730,"dungeons2:sill_cobblestone"
2731,"dungeons2:sill_cobblestone_mossy"
2732,"dungeons2:sill_stonebrick"
2733,"dungeons2:sill_stonebrick_mossy"
2734,"dungeons2:sill_stonebrick_cracked"
2735,"dungeons2:sill_obsidianbrick"
2736,"dungeons2:sill_sandstone"
2737,"dungeons2:sill_smooth_sandstone"
2738,"dungeons2:double_sill_stone"
2739,"dungeons2:double_sill_cobblestone"
2740,"dungeons2:double_sill_cobblestone_mossy"
2741,"dungeons2:double_sill_stonebrick"
2742,"dungeons2:double_sill_stonebrick_mossy"
2743,"dungeons2:double_sill_stonebrick_cracked"
2744,"dungeons2:double_sill_obsidianbrick"
2745,"dungeons2:double_sill_sandstone"
2746,"dungeons2:double_sill_smooth_sandstone"
2747,"dungeons2:half_pillar_base_stone"
2748,"dungeons2:half_pillar_base_cobblestone"
2749,"dungeons2:half_pillar_base_cobblestone_mossy"
2750,"dungeons2:half_pillar_base_stonebrick"
2751,"dungeons2:half_pillar_base_stonebrick_mossy"
2752,"dungeons2:half_pillar_base_stonebrick_cracked"
2753,"dungeons2:half_pillar_base_obsidianbrick"
2754,"dungeons2:half_pillar_base_sandstone"
2755,"dungeons2:half_pillar_base_smooth_sandstone"
2756,"dungeons2:half_pillar_stone"
2757,"dungeons2:half_pillar_cobblestone"
2758,"dungeons2:half_pillar_cobblestone_mossy"
2759,"dungeons2:half_pillar_stonebrick"
2760,"dungeons2:half_pillar_stonebrick_mossy"
2761,"dungeons2:half_pillar_stonebrick_cracked"
2762,"dungeons2:half_pillar_obsidianbrick"
2763,"dungeons2:half_pillar_sandstone"
2764,"dungeons2:half_pillar_smooth_sandstone"
2765,"dungeons2:coffer_middle_stone"
2766,"dungeons2:coffer_middle_cobblestone"
2767,"dungeons2:coffer_middle_cobblestone_mossy"
2768,"dungeons2:coffer_middle_stonebrick"
2769,"dungeons2:coffer_middle_stonebrick_mossy"
2770,"dungeons2:coffer_middle_stonebrick_cracked"
2771,"dungeons2:coffer_middle_obsidianbrick"
2772,"dungeons2:coffer_middle_sandstone"
2773,"dungeons2:coffer_middle_smooth_sandstone"
2774,"dungeons2:coffer_stone"
2775,"dungeons2:coffer_cobblestone"
2776,"dungeons2:coffer_cobblestone_mossy"
2777,"dungeons2:coffer_stonebrick"
2778,"dungeons2:coffer_stonebrick_mossy"
2779,"dungeons2:coffer_stonebrick_cracked"
2780,"dungeons2:coffer_obsidianbrick"
2781,"dungeons2:coffer_sandstone"
2782,"dungeons2:coffer_smooth_sandstone"
2783,"dungeons2:wall_sconce_stone"
2784,"dungeons2:wall_sconce_cobblestone"
2785,"dungeons2:wall_sconce_cobblestone_mossy"
2786,"dungeons2:wall_sconce_stonebrick"
2787,"dungeons2:wall_sconce_stonebrick_mossy"
2788,"dungeons2:wall_sconce_stonebrick_cracked"
2789,"dungeons2:wall_sconce_obsidianbrick"
2790,"dungeons2:wall_sconce_sandstone"
2791,"dungeons2:wall_sconce_smooth_sandstone"
2792,"dungeons2:grate"
2793,"dungeons2:sandstone_gravel"
2794,"dungeons2:deferred_dungeon_generator"
2795,"eerieentities:pumpkin_creeper"
2796,"eerieentities:pumpkin_lit_creeper"
2797,"eerieentities:pumpkin_owo"
2798,"eerieentities:pumpkin_lit_owo"
2799,"eerieentities:pumpkin_rawr"
2800,"eerieentities:pumpkin_lit_rawr"
2801,"eerieentities:pumpkin_cyclops"
2802,"eerieentities:pumpkin_lit_cyclops"
2803,"eerieentities:pumpkin_surprised"
2804,"eerieentities:pumpkin_lit_surprised"
2805,"environs:cypress_leaves"
2806,"environs:pine_leaves"
2807,"environs:frozen_leaves"
2808,"environs:eucalyptus_leaves"
2809,"environs:end_leaves"
2810,"environs:cypress_log"
2811,"environs:pine_log"
2812,"environs:frozen_log"
2813,"environs:eucalyptus_log"
2814,"environs:end_log"
2815,"environs:cypress_bark"
2816,"environs:pine_bark"
2817,"environs:frozen_bark"
2818,"environs:eucalyptus_bark"
2819,"environs:end_bark"
2820,"environs:cypress_sapling"
2821,"environs:pine_sapling"
2822,"environs:eucalyptus_sapling"
2823,"environs:frozen_sapling"
2824,"environs:end_sapling"
2825,"environs:dried_stone"
2826,"environs:dried_cobblestone"
2827,"environs:dried_dirt"
2828,"environs:coarse_dried_dirt"
2829,"environs:ranges_dirt"
2830,"environs:meteorite"
2831,"environs:dried_meteorite"
2832,"environs:end_grass"
2833,"environs:end_dirt"
2834,"environs:coarse_end_dirt"
2835,"environs:frozen_grass"
2836,"environs:frozen_dirt"
2837,"environs:coarse_frozen_dirt"
2838,"environs:purple_mushroom_block"
2839,"environs:purple_mushroom_stem"
2840,"environs:purple_mushroom"
2841,"environs:cyan_mushroom_block"
2842,"environs:cyan_mushroom_stem"
2843,"environs:cyan_mushroom"
2844,"environs:end_farmland"
2845,"environs:frozen_farmland"
2846,"environs:ranges_farmland"
2847,"environs:end_grass_path"
2848,"environs:frozen_grass_path"
2849,"environs:cypress_planks"
2850,"environs:end_planks"
2851,"environs:eucalyptus_planks"
2852,"environs:frozen_planks"
2853,"environs:pine_planks"
2854,"environs:cypress_slab"
2855,"environs:cypress_slab_double"
2856,"environs:end_slab"
2857,"environs:end_slab_double"
2858,"environs:eucalyptus_slab"
2859,"environs:eucalyptus_slab_double"
2860,"environs:frozen_slab"
2861,"environs:frozen_slab_double"
2862,"environs:pine_slab"
2863,"environs:pine_slab_double"
2864,"environs:dried_cobblestone_slab"
2865,"environs:dried_cobblestone_slab_double"
2866,"environs:dried_stone_slab"
2867,"environs:dried_stone_slab_double"
2868,"environs:cypress_stairs"
2869,"environs:end_stairs"
2870,"environs:eucalyptus_stairs"
2871,"environs:frozen_stairs"
2872,"environs:pine_stairs"
2873,"environs:dried_cobblestone_stairs"
2874,"environs:dried_stone_stairs"
2875,"environs:cypress_fence"
2876,"environs:end_fence"
2877,"environs:eucalyptus_fence"
2878,"environs:frozen_fence"
2879,"environs:pine_fence"
2880,"environs:cypress_fence_gate"
2881,"environs:end_fence_gate"
2882,"environs:eucalyptus_fence_gate"
2883,"environs:frozen_fence_gate"
2884,"environs:pine_fence_gate"
2885,"environs:cypress_door"
2886,"environs:end_door"
2887,"environs:eucalyptus_door"
2888,"environs:frozen_door"
2889,"environs:pine_door"
2890,"exoticbirds:egg_sorter"
2891,"exoticbirds:egg_incubator"
2892,"exoticbirds:nest"
2893,"exoticbirds:phoenix_egg"
2894,"exoticbirds:lit_egg_sorter"
2895,"exoticbirds:lit_egg_incubator"
2896,"exoticbirds:birdcage_iron"
2897,"exoticbirds:birdcage_gold"
2898,"exoticbirds:birdcage_oak"
2899,"exoticbirds:birdcage_spruce"
2900,"exoticbirds:birdcage_birch"
2901,"exoticbirds:birdcage_jungle"
2902,"exoticbirds:birdcage_acacia"
2903,"exoticbirds:birdcage_dark_oak"
2904,"explorercraft:ruby_ore"
2905,"explorercraft:amethyst_ore"
2906,"explorercraft:jade_ore"
2907,"explorercraft:ruby_block"
2908,"explorercraft:amethyst_block"
2909,"explorercraft:jade_block"
2910,"explorercraft:basalt"
2911,"explorercraft:basalt_cobblestone"
2912,"explorercraft:basalt_polished"
2913,"explorercraft:basalt_bricks"
2914,"explorercraft:basalt_mossy"
2915,"explorercraft:basalt_cracked"
2916,"explorercraft:basalt_chiseled"
2917,"explorercraft:basalt_pillar"
2918,"explorercraft:marble"
2919,"explorercraft:marble_polished"
2920,"explorercraft:marble_bricks"
2921,"explorercraft:marble_mossy"
2922,"explorercraft:marble_cracked"
2923,"explorercraft:marble_chiseled"
2924,"explorercraft:marble_pillar"
2925,"explorercraft:slate"
2926,"explorercraft:slate_polished"
2927,"explorercraft:slate_bricks"
2928,"explorercraft:slate_mossy"
2929,"explorercraft:slate_tile"
2930,"explorercraft:slate_chiseled"
2931,"explorercraft:slate_welsh"
2932,"explorercraft:slate_pillar"
2933,"explorercraft:ash_leaves"
2934,"explorercraft:bamboo_leaves"
2935,"explorercraft:cherry_leaves"
2936,"explorercraft:maple_leaves"
2937,"explorercraft:ash_log"
2938,"explorercraft:bamboo_log"
2939,"explorercraft:cherry_log"
2940,"explorercraft:maple_log"
2941,"explorercraft:ash_planks"
2942,"explorercraft:bamboo_planks"
2943,"explorercraft:bamboo_planks_vertical"
2944,"explorercraft:cherry_planks"
2945,"explorercraft:maple_planks"
2946,"explorercraft:ash_sapling"
2947,"explorercraft:bamboo_sapling"
2948,"explorercraft:cherry_sapling"
2949,"explorercraft:maple_sapling"
2950,"explorercraft:basalt_brick_slab"
2951,"explorercraft:basalt_brick_double_slab"
2952,"explorercraft:marble_brick_slab"
2953,"explorercraft:marble_brick_double_slab"
2954,"explorercraft:slate_brick_slab"
2955,"explorercraft:slate_brick_double_slab"
2956,"explorercraft:bamboo_slab"
2957,"explorercraft:bamboo_double_slab"
2958,"explorercraft:cherry_slab"
2959,"explorercraft:cherry_double_slab"
2960,"explorercraft:maple_slab"
2961,"explorercraft:maple_double_slab"
2962,"explorercraft:ash_slab"
2963,"explorercraft:ash_double_slab"
2964,"explorercraft:ash_fence"
2965,"explorercraft:bamboo_fence"
2966,"explorercraft:cherry_fence"
2967,"explorercraft:maple_fence"
2968,"explorercraft:ash_fence_gate"
2969,"explorercraft:bamboo_fence_gate"
2970,"explorercraft:cherry_fence_gate"
2971,"explorercraft:maple_fence_gate"
2972,"explorercraft:ash_door"
2973,"explorercraft:bamboo_door"
2974,"explorercraft:cherry_door"
2975,"explorercraft:maple_door"
2976,"explorercraft:basalt_brick_wall"
2977,"explorercraft:marble_brick_wall"
2978,"explorercraft:slate_brick_wall"
2979,"explorercraft:tatami"
2980,"explorercraft:tatami_half"
2981,"explorercraft:rice_base"
2982,"explorercraft:rice_top"
2983,"explorercraft:leek_crop"
2984,"explorercraft:leek_wild"
2985,"explorercraft:daffodil"
2986,"explorercraft:water_grass"
2987,"explorercraft:noctiluca_plant"
2988,"explorercraft:dragon_heart"
2989,"extraalchemy:encasing_ice"
2990,"golems:golem_head"
2991,"golems:light_provider_full"
2992,"golems:water_light_provider_full"
2993,"golems:power_provider_all"
2994,"fairylights:fastener"
2995,"oe:blue_ice"
2996,"oe:coconut"
2997,"oe:conduit"
2998,"oe:coquina"
2999,"oe:coquina_brick"
3000,"oe:coquina_brick_slab"
3001,"oe:coquina_brick_slab_double"
3002,"oe:coquina_brick_stairs"
3003,"oe:coquina_brick_wall"
3004,"oe:stagnant"
3005,"oe:dulse"
3006,"oe:dried_dulse_block"
3007,"oe:guardian_spike"
3008,"oe:blue_coral_block"
3009,"oe:pink_coral_block"
3010,"oe:purple_coral_block"
3011,"oe:red_coral_block"
3012,"oe:yellow_coral_block"
3013,"oe:blue_coral_block_dead"
3014,"oe:pink_coral_block_dead"
3015,"oe:purple_coral_block_dead"
3016,"oe:red_coral_block_dead"
3017,"oe:yellow_coral_block_dead"
3018,"oe:blue_coral_fan"
3019,"oe:pink_coral_fan"
3020,"oe:purple_coral_fan"
3021,"oe:red_coral_fan"
3022,"oe:yellow_coral_fan"
3023,"oe:blue_coral_fan_dead"
3024,"oe:pink_coral_fan_dead"
3025,"oe:purple_coral_fan_dead"
3026,"oe:red_coral_fan_dead"
3027,"oe:yellow_coral_fan_dead"
3028,"oe:blue_coral"
3029,"oe:pink_coral"
3030,"oe:purple_coral"
3031,"oe:red_coral"
3032,"oe:yellow_coral"
3033,"oe:blue_coral_dead"
3034,"oe:pink_coral_dead"
3035,"oe:purple_coral_dead"
3036,"oe:red_coral_dead"
3037,"oe:yellow_coral_dead"
3038,"oe:kelp"
3039,"oe:dried_kelp_block"
3040,"oe:palm_sapling"
3041,"oe:palm_leaves"
3042,"oe:palm_leaves_flowering"
3043,"oe:palm_log"
3044,"oe:palm_wood"
3045,"oe:palm_log_stripped"
3046,"oe:palm_wood_stripped"
3047,"oe:palm_planks"
3048,"oe:palm_slab"
3049,"oe:palm_slab_double"
3050,"oe:palm_stairs"
3051,"oe:palm_fence"
3052,"oe:palm_fence_gate"
3053,"oe:palm_door"
3054,"oe:pickled_head"
3055,"oe:prismarine_pot"
3056,"oe:nacre_block"
3057,"oe:nacre_smooth"
3058,"oe:blue_slime_block"
3059,"oe:seagrass"
3060,"oe:sea_pickle"
3061,"oe:sea_oats"
3062,"oe:seastar"
3063,"oe:shell_sand"
3064,"oe:tube_sponge"
3065,"oe:turtle_egg"
3066,"oe:underwater_tnt"
3067,"oe:underwater_torch"
3068,"farmersdelight:tomatoes"
3069,"farmersdelight:rice"
3070,"farmersdelight:cabbages"
3071,"farmersdelight:onions"
3072,"farmersdelight:budding_tomatoes"
3073,"farmersdelight:rice_panicles"
3074,"farmersdelight:cooking_pot"
3075,"farmersdelight:cutting_board"
3076,"farmersdelight:basket"
3077,"farmersdelight:carrot_crate"
3078,"farmersdelight:potato_crate"
3079,"farmersdelight:beetroot_crate"
3080,"farmersdelight:cabbage_crate"
3081,"farmersdelight:tomato_crate"
3082,"farmersdelight:onion_crate"
3083,"farmersdelight:rice_bale"
3084,"farmersdelight:rice_bag"
3085,"farmersdelight:straw_bale"
3086,"farmersdelight:safety_net"
3087,"farmersdelight:acacia_cabinet"
3088,"farmersdelight:bamboo_cabinet"
3089,"farmersdelight:birch_cabinet"
3090,"farmersdelight:cherry_cabinet"
3091,"farmersdelight:crimson_cabinet"
3092,"farmersdelight:dark_oak_cabinet"
3093,"farmersdelight:jungle_cabinet"
3094,"farmersdelight:mangrove_cabinet"
3095,"farmersdelight:oak_cabinet"
3096,"farmersdelight:spruce_cabinet"
3097,"farmersdelight:warped_cabinet"
3098,"farmersdelight:stove"
3099,"farmersdelight:skillet"
3100,"farmersdelight:roast_chicken_block"
3101,"farmersdelight:honey_glazed_ham_block"
3102,"farmersdelight:shepherds_pie_block"
3103,"farmersdelight:stuffed_pumpkin_block"
3104,"farmersdelight:rice_roll_medley_block"
3105,"farmersdelight:organic_compost"
3106,"farmersdelight:rich_soil"
3107,"farmersdelight:rich_soil_farmland"
3108,"farmersdelight:apple_pie"
3109,"farmersdelight:sweet_berry_cheesecake"
3110,"farmersdelight:chocolate_pie"
3111,"farmersdelight:sandy_shrub"
3112,"farmersdelight:wild_cabbages"
3113,"farmersdelight:wild_onions"
3114,"farmersdelight:wild_tomatoes"
3115,"farmersdelight:wild_carrots"
3116,"farmersdelight:wild_potatoes"
3117,"farmersdelight:wild_beetroots"
3118,"farmersdelight:wild_rice"
3119,"farmersdelight:brown_mushroom_colony"
3120,"farmersdelight:red_mushroom_colony"
3121,"farmersdelight:rope"
3122,"farmersdelight:canvas_rug"
3123,"farmersdelight:tatami"
3124,"farmersdelight:full_tatami_mat"
3125,"farmersdelight:half_tatami_mat"
3126,"farmersdelight:canvas_wall_sign"
3127,"farmersdelight:canvas_sign"
3128,"farmersdelight:wall_hanging_canvas_sign"
3129,"farmersdelight:hanging_canvas_sign"
3130,"farmersdelight:white_canvas_wall_sign"
3131,"farmersdelight:white_canvas_sign"
3132,"farmersdelight:white_wall_hanging_canvas_sign"
3133,"farmersdelight:white_hanging_canvas_sign"
3134,"farmersdelight:orange_canvas_wall_sign"
3135,"farmersdelight:orange_canvas_sign"
3136,"farmersdelight:orange_wall_hanging_canvas_sign"
3137,"farmersdelight:orange_hanging_canvas_sign"
3138,"farmersdelight:magenta_canvas_wall_sign"
3139,"farmersdelight:magenta_canvas_sign"
3140,"farmersdelight:magenta_wall_hanging_canvas_sign"
3141,"farmersdelight:magenta_hanging_canvas_sign"
3142,"farmersdelight:light_blue_canvas_wall_sign"
3143,"farmersdelight:light_blue_canvas_sign"
3144,"farmersdelight:light_blue_wall_hanging_canvas_sign"
3145,"farmersdelight:light_blue_hanging_canvas_sign"
3146,"farmersdelight:yellow_canvas_wall_sign"
3147,"farmersdelight:yellow_canvas_sign"
3148,"farmersdelight:yellow_wall_hanging_canvas_sign"
3149,"farmersdelight:yellow_hanging_canvas_sign"
3150,"farmersdelight:lime_canvas_wall_sign"
3151,"farmersdelight:lime_canvas_sign"
3152,"farmersdelight:lime_wall_hanging_canvas_sign"
3153,"farmersdelight:lime_hanging_canvas_sign"
3154,"farmersdelight:pink_canvas_wall_sign"
3155,"farmersdelight:pink_canvas_sign"
3156,"farmersdelight:pink_wall_hanging_canvas_sign"
3157,"farmersdelight:pink_hanging_canvas_sign"
3158,"farmersdelight:gray_canvas_wall_sign"
3159,"farmersdelight:gray_canvas_sign"
3160,"farmersdelight:gray_wall_hanging_canvas_sign"
3161,"farmersdelight:gray_hanging_canvas_sign"
3162,"farmersdelight:light_gray_canvas_wall_sign"
3163,"farmersdelight:light_gray_canvas_sign"
3164,"farmersdelight:light_gray_wall_hanging_canvas_sign"
3165,"farmersdelight:light_gray_hanging_canvas_sign"
3166,"farmersdelight:cyan_canvas_wall_sign"
3167,"farmersdelight:cyan_canvas_sign"
3168,"farmersdelight:cyan_wall_hanging_canvas_sign"
3169,"farmersdelight:cyan_hanging_canvas_sign"
3170,"farmersdelight:purple_canvas_wall_sign"
3171,"farmersdelight:purple_canvas_sign"
3172,"farmersdelight:purple_wall_hanging_canvas_sign"
3173,"farmersdelight:purple_hanging_canvas_sign"
3174,"farmersdelight:blue_canvas_wall_sign"
3175,"farmersdelight:blue_canvas_sign"
3176,"farmersdelight:blue_wall_hanging_canvas_sign"
3177,"farmersdelight:blue_hanging_canvas_sign"
3178,"farmersdelight:brown_canvas_wall_sign"
3179,"farmersdelight:brown_canvas_sign"
3180,"farmersdelight:brown_wall_hanging_canvas_sign"
3181,"farmersdelight:brown_hanging_canvas_sign"
3182,"farmersdelight:green_canvas_wall_sign"
3183,"farmersdelight:green_canvas_sign"
3184,"farmersdelight:green_wall_hanging_canvas_sign"
3185,"farmersdelight:green_hanging_canvas_sign"
3186,"farmersdelight:red_canvas_wall_sign"
3187,"farmersdelight:red_canvas_sign"
3188,"farmersdelight:red_wall_hanging_canvas_sign"
3189,"farmersdelight:red_hanging_canvas_sign"
3190,"farmersdelight:black_canvas_wall_sign"
3191,"farmersdelight:black_canvas_sign"
3192,"farmersdelight:black_wall_hanging_canvas_sign"
3193,"farmersdelight:black_hanging_canvas_sign"
3194,"mod_lavacow:glowshroom"
3195,"mod_lavacow:pileofsludge"
3196,"mod_lavacow:glowshroom_block_stem"
3197,"mod_lavacow:glowshroom_block_cap"
3198,"mod_lavacow:bloodtooth_shroom"
3199,"mod_lavacow:cordy_shroom"
3200,"mod_lavacow:veil_shroom"
3201,"mod_lavacow:scarecrowhead_common"
3202,"mod_lavacow:scarecrowhead_straw"
3203,"mod_lavacow:scarecrowhead_plague"
3204,"mod_lavacow:tombstone"
3205,"mod_lavacow:cactoid_sprout"
3206,"mod_lavacow:diseased_hay_block"
3207,"mod_lavacow:ectoplasm_block"
3208,"mod_lavacow:molten_alloy_block"
3209,"mod_lavacow:scythe_claw_block"
3210,"mod_lavacow:vespa_carapace_block"
3211,"mod_lavacow:molten_meat_block"
3212,"fishingmadebetter:baitbox"
3213,"futuremc:lantern"
3214,"futuremc:stonecutter"
3215,"futuremc:barrel"
3216,"futuremc:smoker"
3217,"futuremc:blast_furnace"
3218,"futuremc:loom"
3219,"futuremc:fletching_table"
3220,"futuremc:smithing_table"
3221,"futuremc:cartography_table"
3222,"futuremc:composter"
3223,"futuremc:bell"
3224,"futuremc:scaffolding"
3225,"futuremc:honey_block"
3226,"futuremc:honeycomb_block"
3227,"futuremc:lily_of_the_valley"
3228,"futuremc:cornflower"
3229,"futuremc:wither_rose"
3230,"futuremc:campfire"
3231,"futuremc:bamboo"
3232,"futuremc:bee_nest"
3233,"futuremc:beehive"
3234,"futuremc:stripped_acacia_log"
3235,"futuremc:stripped_jungle_log"
3236,"futuremc:stripped_birch_log"
3237,"futuremc:stripped_oak_log"
3238,"futuremc:stripped_spruce_log"
3239,"futuremc:stripped_dark_oak_log"
3240,"futuremc:brick_wall"
3241,"futuremc:granite_wall"
3242,"futuremc:andesite_wall"
3243,"futuremc:diorite_wall"
3244,"futuremc:sandstone_wall"
3245,"futuremc:red_sandstone_wall"
3246,"futuremc:stone_brick_wall"
3247,"futuremc:mossy_stone_brick_wall"
3248,"futuremc:nether_brick_wall"
3249,"futuremc:red_nether_brick_wall"
3250,"futuremc:end_stone_brick_wall"
3251,"futuremc:prismarine_wall"
3252,"futuremc:smooth_stone"
3253,"futuremc:smooth_sandstone"
3254,"futuremc:smooth_quartz"
3255,"futuremc:smooth_red_sandstone"
3256,"futuremc:blue_ice"
3257,"futuremc:stripped_acacia_wood"
3258,"futuremc:stripped_jungle_wood"
3259,"futuremc:stripped_birch_wood"
3260,"futuremc:stripped_oak_wood"
3261,"futuremc:stripped_spruce_wood"
3262,"futuremc:stripped_dark_oak_wood"
3263,"futuremc:acacia_wood"
3264,"futuremc:jungle_wood"
3265,"futuremc:birch_wood"
3266,"futuremc:oak_wood"
3267,"futuremc:spruce_wood"
3268,"futuremc:dark_oak_wood"
3269,"futuremc:acacia_trapdoor"
3270,"futuremc:jungle_trapdoor"
3271,"futuremc:birch_trapdoor"
3272,"futuremc:spruce_trapdoor"
3273,"futuremc:dark_oak_trapdoor"
3274,"futuremc:soul_fire_lantern"
3275,"futuremc:soul_fire_torch"
3276,"futuremc:soul_soil"
3277,"futuremc:chain"
3278,"futuremc:netherite_block"
3279,"futuremc:ancient_debris"
3280,"futuremc:acacia_standing_sign"
3281,"futuremc:acacia_wall_sign"
3282,"futuremc:birch_standing_sign"
3283,"futuremc:birch_wall_sign"
3284,"futuremc:dark_oak_standing_sign"
3285,"futuremc:dark_oak_wall_sign"
3286,"futuremc:jungle_standing_sign"
3287,"futuremc:jungle_wall_sign"
3288,"futuremc:spruce_standing_sign"
3289,"futuremc:spruce_wall_sign"
3290,"grimoireofgaia:block_pearl"
3291,"grimoireofgaia:bust_gorgon"
3292,"grimoireofgaia:bust_sphinx"
3293,"grimoireofgaia:bust_valkyrie"
3294,"grimoireofgaia:bust_vampire"
3295,"grimoireofgaia:doll_creeper_girl"
3296,"grimoireofgaia:doll_ender_girl"
3297,"grimoireofgaia:doll_slime_girl"
3298,"grimoireofgaia:doll_maid"
3299,"grimoireofgaia:doll_dullahan"
3300,"grimoireofgaia:doll_mermaid"
3301,"grimoireofgaia:doll_nine_tails"
3302,"grimoireofgaia:doll_dryad"
3303,"grimoireofgaia:deco_garden_gnome"
3304,"grimoireofgaia:deco_mandragora_pot"
3305,"grimoireofgaia:deco_bust_minotaur"
3306,"grimoireofgaia:deco_nest_harpy"
3307,"grimoireofgaia:spawn_guard"
3308,"grimoireofgaia:web_temp"
3309,"grimoireofgaia:fire_camp"
3310,"suikehappyghast:dried_ghast"
3311,"inspirations:bookshelf"
3312,"inspirations:rope"
3313,"inspirations:glass_door"
3314,"inspirations:glass_trapdoor"
3315,"inspirations:mulch"
3316,"inspirations:path"
3317,"inspirations:flower"
3318,"inspirations:enlightened_bush"
3319,"inspirations:torch_lever"
3320,"inspirations:bricks_button"
3321,"inspirations:redstone_barrel"
3322,"inspirations:redstone_torch_lever"
3323,"inspirations:redstone_torch_lever_powered"
3324,"inspirations:carpeted_trapdoor_white"
3325,"inspirations:carpeted_trapdoor_orange"
3326,"inspirations:carpeted_trapdoor_magenta"
3327,"inspirations:carpeted_trapdoor_light_blue"
3328,"inspirations:carpeted_trapdoor_yellow"
3329,"inspirations:carpeted_trapdoor_lime"
3330,"inspirations:carpeted_trapdoor_pink"
3331,"inspirations:carpeted_trapdoor_gray"
3332,"inspirations:carpeted_trapdoor_silver"
3333,"inspirations:carpeted_trapdoor_cyan"
3334,"inspirations:carpeted_trapdoor_purple"
3335,"inspirations:carpeted_trapdoor_blue"
3336,"inspirations:carpeted_trapdoor_brown"
3337,"inspirations:carpeted_trapdoor_green"
3338,"inspirations:carpeted_trapdoor_red"
3339,"inspirations:carpeted_trapdoor_black"
3340,"inspirations:carpeted_pressure_plate_1"
3341,"inspirations:carpeted_pressure_plate_2"
3342,"inspirations:collector"
3343,"inspirations:pipe"
3344,"inspirations:redstone_charge"
3345,"inspirations:cactus_crop"
3346,"inspirations:sugar_cane_crop"
3347,"ee:lamented_end_stone"
3348,"ee:key_block"
3349,"ee:ash_key_block"
3350,"ee:purple_crystal"
3351,"ee:purple_crystal_top"
3352,"ee:green_crystal"
3353,"ee:green_crystal_top"
3354,"ee:red_crystal"
3355,"ee:red_crystal_top"
3356,"ee:end_ash"
3357,"ee:ash_brick"
3358,"ee:ash_brick_stairs"
3359,"ee:end_stone_stairs"
3360,"ee:ash_brick_double"
3361,"ee:ash_brick_half"
3362,"ee:end_brick_double"
3363,"ee:end_brick_half"
3364,"ee:ash_brick_wall"
3365,"ee:stone_brick_wall"
3366,"ee:end_stone_wall"
3367,"ee:ash_brick_pillar"
3368,"ee:ash_chisle"
3369,"ee:ash_skull"
3370,"ee:red_lamp"
3371,"ee:ash_trap_floor"
3372,"ee:end_door"
3373,"ee:ash_door"
3374,"ee:reverse_off"
3375,"ee:reverse_on"
3376,"ee:source_off"
3377,"ee:source_on"
3378,"ee:brown_stone"
3379,"ee:amber_ore"
3380,"ee:amber_torch"
3381,"ee:eyed_obi"
3382,"ee:smooth_obi"
3383,"ee:obi_health"
3384,"ee:brown_brick"
3385,"ee:brown_smooth"
3386,"ee:sprout_plant"
3387,"ee:sprout_vine"
3388,"ee:bare_vine"
3389,"ee:sprout_stone"
3390,"ee:mini_nuke"
3391,"ee:end_pillar"
3392,"ee:compulsor"
3393,"ee:ash_chute"
3394,"ee:end_h_plant"
3395,"ee:end_barrier"
3396,"ee:bare_sand"
3397,"ee:bare_stone"
3398,"ee:bare_stone_cobble"
3399,"ee:bare_stairs"
3400,"ee:eye_stone"
3401,"ee:eye_stone_lit"
3402,"ee:bare_planks"
3403,"ee:bare_planks_stairs"
3404,"ee:bare_planks_double"
3405,"ee:bare_planks_half"
3406,"ee:unending_arena"
3407,"ee:bare_stone_smooth"
3408,"ee:bare_stone_wall"
3409,"ee:bare_bricks"
3410,"ee:bare_bricks_hole"
3411,"ee:bare_bricks_crack"
3412,"ee:bare_small_pot"
3413,"ee:bare_door"
3414,"ee:bare_door_connect"
3415,"ee:bare_stone_double"
3416,"ee:bare_stone_half"
3417,"ee:bare_plant"
3418,"ee:bare_grass"
3419,"ee:bare_acid"
3420,"ee:bare_leaves"
3421,"ee:bare_bark"
3422,"ee:bare_bark_hole"
3423,"ee:bark_hole_filled"
3424,"ee:mega_structure_block"
3425,"ee:door_on"
3426,"ee:lighting_updater"
3427,"ee:disappearing_spawner"
3428,"ee:ash_spawner"
3429,"ironchest:iron_chest"
3430,"ironchest:iron_shulker_box_white"
3431,"ironchest:iron_shulker_box_orange"
3432,"ironchest:iron_shulker_box_magenta"
3433,"ironchest:iron_shulker_box_light_blue"
3434,"ironchest:iron_shulker_box_yellow"
3435,"ironchest:iron_shulker_box_lime"
3436,"ironchest:iron_shulker_box_pink"
3437,"ironchest:iron_shulker_box_gray"
3438,"ironchest:iron_shulker_box_silver"
3439,"ironchest:iron_shulker_box_cyan"
3440,"ironchest:iron_shulker_box_purple"
3441,"ironchest:iron_shulker_box_blue"
3442,"ironchest:iron_shulker_box_brown"
3443,"ironchest:iron_shulker_box_green"
3444,"ironchest:iron_shulker_box_red"
3445,"ironchest:iron_shulker_box_black"
3446,"mcwbridges:most1"
3447,"mcwbridges:most2"
3448,"mcwbridges:oak_log_bridge_middle"
3449,"mcwbridges:oak_log_bridge_end"
3450,"mcwbridges:birch_log_bridge_end"
3451,"mcwbridges:birch_log_bridge_middle"
3452,"mcwbridges:acacia_log_bridge_end"
3453,"mcwbridges:acacia_log_bridge_middle"
3454,"mcwbridges:spruce_log_bridge_end"
3455,"mcwbridges:spruce_log_bridge_middle"
3456,"mcwbridges:jungle_log_bridge_end"
3457,"mcwbridges:jungle_log_bridge_middle"
3458,"mcwbridges:dark_oak_log_bridge_end"
3459,"mcwbridges:dark_oak_log_bridge_middle"
3460,"mcwbridges:rope_oak_bridge"
3461,"mcwbridges:rope_oak_bridge_end"
3462,"mcwbridges:rope_birch_bridge"
3463,"mcwbridges:rope_birch_bridge_end"
3464,"mcwbridges:rope_spruce_bridge"
3465,"mcwbridges:rope_spruce_bridge_end"
3466,"mcwbridges:rope_jungle_bridge"
3467,"mcwbridges:rope_jungle_bridge_end"
3468,"mcwbridges:rope_acacia_bridge"
3469,"mcwbridges:rope_acacia_bridge_end"
3470,"mcwbridges:rope_dark_oak_bridge"
3471,"mcwbridges:rope_dark_oak_bridge_end"
3472,"mcwbridges:stone_brick_bridge"
3473,"mcwbridges:stone_brick_bridge_end"
3474,"mcwbridges:brick_bridge"
3475,"mcwbridges:brick_bridge_end"
3476,"mcwbridges:sandstone_bridge"
3477,"mcwbridges:sandstone_bridge_end"
3478,"mcwbridges:orange_sandstone_bridge"
3479,"mcwbridges:orange_sandstone_bridge_end"
3480,"mcwbridges:mossy_stone_brick_bridge"
3481,"mcwbridges:mossy_stone_brick_bridge_end"
3482,"mcwbridges:oak_rail_bridge"
3483,"mcwbridges:oak_rail_bridge_end"
3484,"mcwbridges:spruce_rail_bridge"
3485,"mcwbridges:spruce_rail_bridge_end"
3486,"mcwbridges:birch_rail_bridge"
3487,"mcwbridges:birch_rail_bridge_end"
3488,"mcwbridges:jungle_rail_bridge"
3489,"mcwbridges:jungle_rail_bridge_end"
3490,"mcwbridges:acacia_rail_bridge"
3491,"mcwbridges:acacia_rail_bridge_end"
3492,"mcwbridges:dark_oak_rail_bridge"
3493,"mcwbridges:dark_oak_rail_bridge_end"
3494,"mcwbridges:bamboo_bridge"
3495,"mcwbridges:bamboo_bridge_end"
3496,"mcwbridges:dry_bamboo_bridge"
3497,"mcwbridges:dry_bamboo_bridge_end"
3498,"mcwdoors:oak_japanese_door"
3499,"mcwdoors:spruce_japanese_door"
3500,"mcwdoors:birch_japanese_door"
3501,"mcwdoors:jungle_japanese_door"
3502,"mcwdoors:acacia_japanese_door"
3503,"mcwdoors:dark_oak_japanese_door"
3504,"mcwdoors:oak_japanese2_door"
3505,"mcwdoors:spruce_japanese2_door"
3506,"mcwdoors:birch_japanese2_door"
3507,"mcwdoors:jungle_japanese2_door"
3508,"mcwdoors:acacia_japanese2_door"
3509,"mcwdoors:dark_oak_japanese2_door"
3510,"mcwdoors:oak_barn_door"
3511,"mcwdoors:spruce_barn_door"
3512,"mcwdoors:birch_barn_door"
3513,"mcwdoors:jungle_barn_door"
3514,"mcwdoors:acacia_barn_door"
3515,"mcwdoors:dark_oak_barn_door"
3516,"mcwdoors:oak_barn_glass_door"
3517,"mcwdoors:spruce_barn_glass_door"
3518,"mcwdoors:birch_barn_glass_door"
3519,"mcwdoors:jungle_barn_glass_door"
3520,"mcwdoors:acacia_barn_glass_door"
3521,"mcwdoors:dark_oak_barn_glass_door"
3522,"mcwdoors:oak_modern_door"
3523,"mcwdoors:spruce_modern_door"
3524,"mcwdoors:birch_modern_door"
3525,"mcwdoors:jungle_modern_door"
3526,"mcwdoors:acacia_modern_door"
3527,"mcwdoors:dark_oak_modern_door"
3528,"mcwdoors:oak_cottage_door"
3529,"mcwdoors:birch_cottage_door"
3530,"mcwdoors:jungle_cottage_door"
3531,"mcwdoors:acacia_cottage_door"
3532,"mcwdoors:dark_oak_cottage_door"
3533,"mcwdoors:spruce_classic_door"
3534,"mcwdoors:birch_classic_door"
3535,"mcwdoors:jungle_classic_door"
3536,"mcwdoors:acacia_classic_door"
3537,"mcwdoors:dark_oak_classic_door"
3538,"mcwdoors:oak_beach_door"
3539,"mcwdoors:spruce_beach_door"
3540,"mcwdoors:birch_beach_door"
3541,"mcwdoors:acacia_beach_door"
3542,"mcwdoors:dark_oak_beach_door"
3543,"mcwdoors:oak_paper_door"
3544,"mcwdoors:spruce_paper_door"
3545,"mcwdoors:jungle_paper_door"
3546,"mcwdoors:acacia_paper_door"
3547,"mcwdoors:dark_oak_paper_door"
3548,"mcwdoors:oak_four_panel_door"
3549,"mcwdoors:spruce_four_panel_door"
3550,"mcwdoors:birch_four_panel_door"
3551,"mcwdoors:jungle_four_panel_door"
3552,"mcwdoors:acacia_four_panel_door"
3553,"mcwdoors:oak_tropical_door"
3554,"mcwdoors:spruce_tropical_door"
3555,"mcwdoors:birch_tropical_door"
3556,"mcwdoors:jungle_tropical_door"
3557,"mcwdoors:dark_oak_tropical_door"
3558,"mcwdoors:metal_door"
3559,"mcwdoors:metal_warning_door"
3560,"mcwdoors:metal_hospital_door"
3561,"mcwdoors:metal_reinforced_door"
3562,"mcwdoors:metal_windowed_door"
3563,"mcwdoors:jail_door"
3564,"mcwdoors:oak_glass_door"
3565,"mcwdoors:spruce_glass_door"
3566,"mcwdoors:birch_glass_door"
3567,"mcwdoors:jungle_glass_door"
3568,"mcwdoors:acacia_glass_door"
3569,"mcwdoors:dark_oak_glass_door"
3570,"mcwdoors:oak_stable_door"
3571,"mcwdoors:spruce_stable_door"
3572,"mcwdoors:birch_stable_door"
3573,"mcwdoors:jungle_stable_door"
3574,"mcwdoors:acacia_stable_door"
3575,"mcwdoors:dark_oak_stable_door"
3576,"mcwdoors:oak_stable_head_door"
3577,"mcwdoors:spruce_stable_head_door"
3578,"mcwdoors:birch_stable_head_door"
3579,"mcwdoors:jungle_stable_head_door"
3580,"mcwdoors:acacia_stable_head_door"
3581,"mcwdoors:dark_oak_stable_head_door"
3582,"mcwdoors:oak_western_door"
3583,"mcwdoors:spruce_western_door"
3584,"mcwdoors:birch_western_door"
3585,"mcwdoors:jungle_western_door"
3586,"mcwdoors:acacia_western_door"
3587,"mcwdoors:dark_oak_western_door"
3588,"mcwdoors:oak_bark_glass_door"
3589,"mcwdoors:spruce_bark_glass_door"
3590,"mcwdoors:birch_bark_glass_door"
3591,"mcwdoors:jungle_bark_glass_door"
3592,"mcwdoors:acacia_bark_glass_door"
3593,"mcwdoors:dark_oak_bark_glass_door"
3594,"mcwlights:oak_tiki_torch"
3595,"mcwlights:spruce_tiki_torch"
3596,"mcwlights:birch_tiki_torch"
3597,"mcwlights:jungle_tiki_torch"
3598,"mcwlights:acacia_tiki_torch"
3599,"mcwlights:dark_oak_tiki_torch"
3600,"mcwlights:white_paper_lamp"
3601,"mcwlights:orange_paper_lamp"
3602,"mcwlights:magenta_paper_lamp"
3603,"mcwlights:light_blue_paper_lamp"
3604,"mcwlights:yellow_paper_lamp"
3605,"mcwlights:lime_paper_lamp"
3606,"mcwlights:pink_paper_lamp"
3607,"mcwlights:gray_paper_lamp"
3608,"mcwlights:light_gray_paper_lamp"
3609,"mcwlights:cyan_paper_lamp"
3610,"mcwlights:purple_paper_lamp"
3611,"mcwlights:blue_paper_lamp"
3612,"mcwlights:brown_paper_lamp"
3613,"mcwlights:green_paper_lamp"
3614,"mcwlights:red_paper_lamp"
3615,"mcwlights:black_paper_lamp"
3616,"mcwlights:white_lamp"
3617,"mcwlights:orange_lamp"
3618,"mcwlights:magenta_lamp"
3619,"mcwlights:light_blue_lamp"
3620,"mcwlights:yellow_lamp"
3621,"mcwlights:lime_lamp"
3622,"mcwlights:pink_lamp"
3623,"mcwlights:gray_lamp"
3624,"mcwlights:light_gray_lamp"
3625,"mcwlights:cyan_lamp"
3626,"mcwlights:purple_lamp"
3627,"mcwlights:blue_lamp"
3628,"mcwlights:brown_lamp"
3629,"mcwlights:green_lamp"
3630,"mcwlights:red_lamp"
3631,"mcwlights:black_lamp"
3632,"mcwlights:white_ceiling_light"
3633,"mcwlights:orange_ceiling_light"
3634,"mcwlights:magenta_ceiling_light"
3635,"mcwlights:light_blue_ceiling_light"
3636,"mcwlights:yellow_ceiling_light"
3637,"mcwlights:lime_ceiling_light"
3638,"mcwlights:pink_ceiling_light"
3639,"mcwlights:gray_ceiling_light"
3640,"mcwlights:light_gray_ceiling_light"
3641,"mcwlights:cyan_ceiling_light"
3642,"mcwlights:purple_ceiling_light"
3643,"mcwlights:blue_ceiling_light"
3644,"mcwlights:brown_ceiling_light"
3645,"mcwlights:green_ceiling_light"
3646,"mcwlights:red_ceiling_light"
3647,"mcwlights:black_ceiling_light"
3648,"mcwlights:lava_lamp"
3649,"mcwlights:garden_light"
3650,"mcwlights:striped_lantern"
3651,"mcwlights:covered_lantern"
3652,"mcwlights:chain_lantern"
3653,"mcwlights:tavern_lantern"
3654,"mcwlights:festive_lantern"
3655,"mcwlights:cross_lantern"
3656,"mcwlights:bell_lantern"
3657,"mcwlights:striped_wall_lantern"
3658,"mcwlights:covered_wall_lantern"
3659,"mcwlights:chain_wall_lantern"
3660,"mcwlights:tavern_wall_lantern"
3661,"mcwlights:festive_wall_lantern"
3662,"mcwlights:cross_wall_lantern"
3663,"mcwlights:bell_wall_lantern"
3664,"mcwlights:classic_street_lamp"
3665,"mcwlights:double_street_lamp"
3666,"mcwlights:redstone_lamp_slab"
3667,"mcwlights:glowstone_slab"
3668,"mcwlights:sea_lantern_slab"
3669,"mcwlights:framed_torch"
3670,"mcwlights:iron_framed_torch"
3671,"mcwlights:reinforced_torch"
3672,"mcwlights:rustic_torch"
3673,"mcwlights:upgraded_torch"
3674,"mcwlights:white_wall_lamp"
3675,"mcwlights:orange_wall_lamp"
3676,"mcwlights:magenta_wall_lamp"
3677,"mcwlights:light_blue_wall_lamp"
3678,"mcwlights:yellow_wall_lamp"
3679,"mcwlights:lime_wall_lamp"
3680,"mcwlights:pink_wall_lamp"
3681,"mcwlights:gray_wall_lamp"
3682,"mcwlights:light_gray_wall_lamp"
3683,"mcwlights:cyan_wall_lamp"
3684,"mcwlights:purple_wall_lamp"
3685,"mcwlights:blue_wall_lamp"
3686,"mcwlights:brown_wall_lamp"
3687,"mcwlights:green_wall_lamp"
3688,"mcwlights:red_wall_lamp"
3689,"mcwlights:black_wall_lamp"
3690,"mcwlights:white_square_wall_lamp"
3691,"mcwlights:orange_square_wall_lamp"
3692,"mcwlights:magenta_square_wall_lamp"
3693,"mcwlights:light_blue_square_wall_lamp"
3694,"mcwlights:yellow_square_wall_lamp"
3695,"mcwlights:lime_square_wall_lamp"
3696,"mcwlights:pink_square_wall_lamp"
3697,"mcwlights:gray_square_wall_lamp"
3698,"mcwlights:light_gray_square_wall_lamp"
3699,"mcwlights:cyan_square_wall_lamp"
3700,"mcwlights:purple_square_wall_lamp"
3701,"mcwlights:blue_square_wall_lamp"
3702,"mcwlights:brown_square_wall_lamp"
3703,"mcwlights:green_square_wall_lamp"
3704,"mcwlights:red_square_wall_lamp"
3705,"mcwlights:black_square_wall_lamp"
3706,"mcwwindows:oak_window"
3707,"mcwwindows:spruce_window"
3708,"mcwwindows:birch_window"
3709,"mcwwindows:jungle_window"
3710,"mcwwindows:acacia_window"
3711,"mcwwindows:dark_oak_window"
3712,"mcwwindows:oak_plank_window"
3713,"mcwwindows:spruce_plank_window"
3714,"mcwwindows:birch_plank_window"
3715,"mcwwindows:jungle_plank_window"
3716,"mcwwindows:acacia_plank_window"
3717,"mcwwindows:dark_oak_plank_window"
3718,"mcwwindows:oak_planks_win_2tall"
3719,"mcwwindows:oak_win_2tall"
3720,"mcwwindows:spruce_planks_win_2tall"
3721,"mcwwindows:spruce_win_2tall"
3722,"mcwwindows:birch_planks_win_2tall"
3723,"mcwwindows:birch_win_2tall"
3724,"mcwwindows:jungle_planks_win_2tall"
3725,"mcwwindows:jungle_win_2tall"
3726,"mcwwindows:acacia_planks_win_2tall"
3727,"mcwwindows:acacia_win_2tall"
3728,"mcwwindows:dark_oak_planks_win_2tall"
3729,"mcwwindows:dark_oak_win_2tall"
3730,"mcwwindows:oak_window2"
3731,"mcwwindows:oak_plank_window2"
3732,"mcwwindows:spruce_window2"
3733,"mcwwindows:spruce_plank_window2"
3734,"mcwwindows:birch_window2"
3735,"mcwwindows:birch_plank_window2"
3736,"mcwwindows:jungle_window2"
3737,"mcwwindows:jungle_plank_window2"
3738,"mcwwindows:acacia_window2"
3739,"mcwwindows:acacia_plank_window2"
3740,"mcwwindows:dark_oak_window2"
3741,"mcwwindows:dark_oak_plank_window2"
3742,"mcwwindows:oak_window2_2tall"
3743,"mcwwindows:oak_plank_window2_2tall"
3744,"mcwwindows:spruce_window2_2tall"
3745,"mcwwindows:spruce_plank_window2_2tall"
3746,"mcwwindows:birch_window2_2tall"
3747,"mcwwindows:birch_plank_window2_2tall"
3748,"mcwwindows:jungle_window2_2tall"
3749,"mcwwindows:jungle_plank_window2_2tall"
3750,"mcwwindows:acacia_window2_2tall"
3751,"mcwwindows:acacia_plank_window2_2tall"
3752,"mcwwindows:dark_oak_window2_2tall"
3753,"mcwwindows:dark_oak_plank_window2_2tall"
3754,"mowziesmobs:painted_acacia"
3755,"mowziesmobs:painted_acacia_slab"
3756,"mowziesmobs:painted_acacia_double_slab"
3757,"mowziesmobs:campfire"
3758,"mowziesmobs:grottol"
3759,"nt:olive_leaves_green"
3760,"nt:conifer_leaves_yellow"
3761,"nt:conifer_leaves_orange"
3762,"nt:cherry_leaves_purple"
3763,"nt:cherry_leaves_white"
3764,"nt:cherry_leaves_pink"
3765,"nt:maple_leaves"
3766,"nt:jacaranda_leaves"
3767,"nt:spruce_leaves_red"
3768,"nt:spruce_leaves_blue"
3769,"nt:oak_leaves_red"
3770,"nt:brownautumn_leaves"
3771,"nt:orangeautumn_leaves"
3772,"nt:redautumn_leaves"
3773,"nt:yellowautumn_leaves"
3774,"nt:paulownia_leaves"
3775,"nt:orchard_leaves"
3776,"nt:whitemyrtle_leaves"
3777,"nt:flower_primevere"
3778,"nt:flower_allium"
3779,"nt:flower_aspalathus"
3780,"nt:flower_abelia_top"
3781,"nt:flower_abeliophyllum"
3782,"nt:flower_abroma"
3783,"nt:flower_abronia_bot"
3784,"nt:flower_abronia_top"
3785,"nt:flower_abutilon"
3786,"nt:flower_acaena"
3787,"nt:flower_acalypha_r"
3788,"nt:flower_acantholimon"
3789,"nt:flower_acanthus_bot"
3790,"nt:flower_acanthus_top"
3791,"nt:flower_achillea"
3792,"nt:flower_achimenes"
3793,"nt:flower_acinos"
3794,"nt:flower_aciphylla"
3795,"nt:flower_adenocarpus_bot"
3796,"nt:flower_adenocarpus_top"
3797,"nt:flower_adenophora"
3798,"nt:flower_adonis"
3799,"nt:flower_aechmea"
3800,"nt:flower_aeschynanthus"
3801,"nt:flower_aethionema"
3802,"nt:flower_agapanthus"
3803,"nt:flower_ageratum"
3804,"nt:flower_agonis_bot"
3805,"nt:flower_agonis_top"
3806,"nt:flower_agrostemma"
3807,"nt:flower_aira"
3808,"nt:flower_ajuga"
3809,"nt:flower_albuca"
3810,"nt:flower_alcea"
3811,"nt:flower_alkanna"
3812,"nt:flower_alliaria"
3813,"nt:flower_aloe"
3814,"nt:flower_alonsoa_bot"
3815,"nt:flower_alonsoa_top"
3816,"nt:flower_alopecurus"
3817,"nt:flower_alsobia"
3818,"nt:flower_alstroemeria"
3819,"nt:flower_alyogyne"
3820,"nt:flower_amaryllis"
3821,"nt:flower_ambrosia"
3822,"nt:flower_amesiella"
3823,"nt:flower_ammobium"
3824,"nt:flower_amphipappus"
3825,"nt:flower_anacyclus"
3826,"nt:flower_anagallis"
3827,"nt:flower_anchusa"
3828,"nt:flower_apache_plume"
3829,"nt:flower_argocoffeeopsis"
3830,"nt:flower_arizona_poppy"
3831,"nt:flower_asclepias"
3832,"nt:flower_asclepias_t"
3833,"nt:flower_asian_mustard"
3834,"nt:flower_barbarea"
3835,"nt:flower_barren_strawberry"
3836,"nt:flower_beardtongue"
3837,"nt:flower_begonia"
3838,"nt:flower_bigelows_monkey_flower"
3839,"nt:flower_blacktack_phacelia"
3840,"nt:flower_blazing_star"
3841,"nt:flower_blue_flax"
3842,"nt:flower_brachystelma"
3843,"nt:flower_bristly_fiddleneck"
3844,"nt:flower_brown_eyes"
3845,"nt:flower_buckbrush"
3846,"nt:flower_bulbil_buglelily_bot"
3847,"nt:flower_bulbil_buglelily_top"
3848,"nt:flower_button_brittlebush"
3849,"nt:flower_cambridge_blue"
3850,"nt:flower_canaigre"
3851,"nt:flower_cardamine"
3852,"nt:flower_cephalophyllum"
3853,"nt:flower_chocolate_drops"
3854,"nt:flower_chrysanthemum"
3855,"nt:flower_chuparosa"
3856,"nt:flower_clove"
3857,"nt:flower_clustered_broomrape"
3858,"nt:flower_corydalis"
3859,"nt:flower_coulters_jewelflower"
3860,"nt:flower_crassula"
3861,"nt:flower_disa"
3862,"nt:flower_distant_scorpionweed"
3863,"nt:flower_epipogium"
3864,"nt:flower_fabaceae"
3865,"nt:flower_fairy_lily"
3866,"nt:flower_flower_abelia_bot"
3867,"nt:flower_fruit_bot"
3868,"nt:flower_fruit_top"
3869,"nt:flower_galanthus"
3870,"nt:flower_heliotropium"
3871,"nt:flower_hellebore"
3872,"nt:flower_hesperis"
3873,"nt:flower_impatiens"
3874,"nt:flower_isolepis"
3875,"nt:flower_narthecium"
3876,"nt:flower_neglected_scorpionweed"
3877,"nt:flower_nemesia"
3878,"nt:flower_none_bot"
3879,"nt:flower_none_top"
3880,"nt:flower_pink_corydalis"
3881,"nt:flower_pluchea_glutinosa"
3882,"nt:flower_psoralea_cataracta"
3883,"nt:flower_psoralea_macrophylla"
3884,"nt:flower_pueraria"
3885,"nt:flower_rhanterium"
3886,"nt:flower_rorippa"
3887,"nt:flower_royal_bluebell"
3888,"nt:flower_rudbeckia_h"
3889,"nt:flower_sagebrush"
3890,"nt:flower_san_angelo_yucca"
3891,"nt:flower_sandbog_death_camas"
3892,"nt:flower_snowy_river_westringia"
3893,"nt:flower_streblorrhiza"
3894,"nt:flower_sumatra"
3895,"nt:flower_thismia"
3896,"nt:flower_trillium"
3897,"nt:flower_veratrum"
3898,"nt:flower_veronica"
3899,"nt:flower_viola"
3900,"nt:flower_weldenia_candida"
3901,"nt:flower_wild_rice"
3902,"nt:flower_yellowroot"
3903,"nt:flower_zenobia"
3904,"nt:flower_olive"
3905,"nt:conifer_sapling_yellow"
3906,"nt:conifer_sapling_orange"
3907,"nt:cherry_sapling_purple"
3908,"nt:cherry_sapling_white"
3909,"nt:cherry_sapling_pink"
3910,"nt:maple_sapling"
3911,"nt:jacaranda_sapling"
3912,"nt:spruce_sapling_red"
3913,"nt:spruce_sapling_blue"
3914,"nt:oak_sapling_red"
3915,"nt:brownautumn_sapling"
3916,"nt:orangeautumn_sapling"
3917,"nt:redautumn_sapling"
3918,"nt:yellowautumn_sapling"
3919,"nt:paulownia_sapling"
3920,"nt:orchard_sapling"
3921,"nt:whitemyrtle_sapling"
3922,"nt:shrub_sapling_acacia"
3923,"nt:shrub_sapling_birch"
3924,"nt:shrub_sapling_bluespruce"
3925,"nt:shrub_sapling_cherrypink"
3926,"nt:shrub_sapling_cherrypurple"
3927,"nt:shrub_sapling_cherrywhite"
3928,"nt:shrub_sapling_coniferorange"
3929,"nt:shrub_sapling_coniferyellow"
3930,"nt:shrub_sapling_darkoak"
3931,"nt:shrub_sapling_jacaranda"
3932,"nt:shrub_sapling_jungle"
3933,"nt:shrub_sapling_maple"
3934,"nt:shrub_sapling_oak"
3935,"nt:shrub_sapling_redoak"
3936,"nt:shrub_sapling_redspruce"
3937,"nt:shrub_sapling_spruce"
3938,"nt:sapling_poplar"
3939,"nt:sapling_tallspruce"
3940,"nt:white_sand"
3941,"nt:white_sandstone"
3942,"nt:white_sandstone_smooth"
3943,"nt:white_sandstone_carved"
3944,"nt:white_sandstone_face"
3945,"nt:white_sandstone_glyph"
3946,"nt:cold_sand"
3947,"nt:cold_sandstone"
3948,"nt:cold_sandstone_smooth"
3949,"nt:cold_sandstone_carved"
3950,"nt:cold_sandstone_face"
3951,"nt:cold_sandstone_glyph"
3952,"nt:black_sand"
3953,"nt:black_sandstone"
3954,"nt:black_sandstone_smooth"
3955,"nt:black_sandstone_carved"
3956,"nt:black_sandstone_face"
3957,"nt:black_sandstone_glyph"
3958,"nt:olivine_sand"
3959,"nt:olivine_sandstone"
3960,"nt:olivine_sandstone_smooth"
3961,"nt:olivine_sandstone_carved"
3962,"nt:olivine_sandstone_face"
3963,"nt:olivine_sandstone_glyph"
3964,"nt:pink_sand"
3965,"nt:pink_sandstone"
3966,"nt:pink_sandstone_smooth"
3967,"nt:pink_sandstone_carved"
3968,"nt:pink_sandstone_face"
3969,"nt:pink_sandstone_glyph"
3970,"nt:purple_sand"
3971,"nt:purple_sandstone"
3972,"nt:purple_sandstone_smooth"
3973,"nt:purple_sandstone_carved"
3974,"nt:purple_sandstone_face"
3975,"nt:purple_sandstone_glyph"
3976,"nt:continental_sand"
3977,"nt:continental_sandstone"
3978,"nt:continental_sandstone_smooth"
3979,"nt:continental_sandstone_carved"
3980,"nt:continental_sandstone_face"
3981,"nt:continental_sandstone_glyph"
3982,"nt:iron_sand"
3983,"nt:iron_sandstone"
3984,"nt:iron_sandstone_smooth"
3985,"nt:iron_sandstone_carved"
3986,"nt:iron_sandstone_face"
3987,"nt:iron_sandstone_glyph"
3988,"nt:orange_sand"
3989,"nt:orange_sandstone"
3990,"nt:orange_sandstone_smooth"
3991,"nt:orange_sandstone_carved"
3992,"nt:orange_sandstone_face"
3993,"nt:orange_sandstone_glyph"
3994,"nt:red_podzol"
3995,"nt:blue_podzol"
3996,"pirates:rail"
3997,"pirates:cannon"
3998,"pirates:cell"
3999,"pirates:ratlines"
4000,"pirates:boat_sling"
4001,"pirates:ship_bell"
4002,"pirates:barrel"
4003,"pirates:ghastly_planks"
4004,"pirates:ghastly_rail"
4005,"pirates:ghastly_log"
4006,"pirates:ghastly_stairs"
4007,"pirates:ghastly_bell"
4008,"pirates:pirate_chest"
4009,"pirates:forge"
4010,"pirates:cannonball"
4011,"pirates:square_sail"
4012,"pirates:jib_sheet"
4013,"pirates:cleat"
4014,"pirates:capstan"
4015,"pirates:ship_wheel"
4016,"pirates:liquor_rack"
4017,"pirates:light_te"
4018,"xreliquary:altar"
4019,"xreliquary:apothecary_cauldron"
4020,"xreliquary:apothecary_mortar"
4021,"xreliquary:fertile_lilypad"
4022,"xreliquary:interdiction_torch"
4023,"xreliquary:wraith_node"
4024,"xreliquary:pedestal"
4025,"xreliquary:pedestal_passive"
4026,"traverse:red_autumnal_leaves"
4027,"traverse:red_autumnal_sapling"
4028,"traverse:brown_autumnal_leaves"
4029,"traverse:brown_autumnal_sapling"
4030,"traverse:orange_autumnal_leaves"
4031,"traverse:orange_autumnal_sapling"
4032,"traverse:yellow_autumnal_leaves"
4033,"traverse:yellow_autumnal_sapling"
4034,"traverse:fir_leaves"
4035,"traverse:fir_sapling"
4036,"traverse:fir_log"
4037,"traverse:fir_planks"
4038,"traverse:fir_stairs"
4039,"traverse:fir_slab"
4040,"traverse:fir_double_slab"
4041,"traverse:fir_fence"
4042,"traverse:fir_fence_gate"
4043,"traverse:fir_door"
4044,"traverse:red_rock"
4045,"traverse:red_rock_bricks"
4046,"traverse:red_rock_bricks_stairs"
4047,"traverse:red_rock_bricks_slab"
4048,"traverse:red_rock_bricks_double_slab"
4049,"traverse:red_rock_bricks_chiseled"
4050,"traverse:red_rock_slab"
4051,"traverse:red_rock_double_slab"
4052,"traverse:red_rock_cobblestone"
4053,"traverse:red_rock_cobblestone_stairs"
4054,"traverse:red_rock_cobblestone_slab"
4055,"traverse:red_rock_cobblestone_double_slab"
4056,"traverse:red_rock_cobblestone_wall"
4057,"traverse:blue_rock"
4058,"traverse:blue_rock_bricks"
4059,"traverse:blue_rock_bricks_stairs"
4060,"traverse:blue_rock_bricks_slab"
4061,"traverse:blue_rock_bricks_double_slab"
4062,"traverse:blue_rock_bricks_chiseled"
4063,"traverse:blue_rock_slab"
4064,"traverse:blue_rock_double_slab"
4065,"traverse:blue_rock_cobblestone"
4066,"traverse:blue_rock_cobblestone_stairs"
4067,"traverse:blue_rock_cobblestone_slab"
4068,"traverse:blue_rock_cobblestone_double_slab"
4069,"traverse:blue_rock_cobblestone_wall"
4070,"traverse:dead_grass"
4071,"traverse:cold_grass"
4072,"rats:block_of_cheese"
4073,"rats:cauldron_milk"
4074,"rats:cauldron_cheese"
4075,"rats:rat_hole"
4076,"rats:rattrap"
4077,"rats:rat_cage"
4078,"rats:rat_cage_decorated"
4079,"rats:rat_cage_breeding_lantern"
4080,"rats:fish_barrel"
4081,"rats:rat_crafting_table"
4082,"rats:auto_curdler"
4083,"rats:rat_tube_white"
4084,"rats:rat_tube_orange"
4085,"rats:rat_tube_magenta"
4086,"rats:rat_tube_light_blue"
4087,"rats:rat_tube_yellow"
4088,"rats:rat_tube_lime"
4089,"rats:rat_tube_pink"
4090,"rats:rat_tube_gray"
4091,"rats:rat_tube_silver"
4092,"rats:rat_tube_cyan"
4093,"rats:rat_tube_purple"
4094,"rats:rat_tube_blue"
4095,"rats:rat_tube_brown"
4096,"rats:rat_tube_green"
4097,"rats:rat_tube_red"
4098,"rats:rat_tube_black"
4099,"rats:garbage_pile"
4100,"rats:ratglove_flower"
4101,"rats:marbled_cheese_raw"
4102,"rats:marbled_cheese"
4103,"rats:marbled_cheese_slab"
4104,"rats:marbled_cheese_slab_double"
4105,"rats:marbled_cheese_stairs"
4106,"rats:marbled_cheese_tile"
4107,"rats:marbled_cheese_chiseled"
4108,"rats:marbled_cheese_pillar"
4109,"rats:marbled_cheese_brick"
4110,"rats:marbled_cheese_brick_slab"
4111,"rats:marbled_cheese_brick_slab_double"
4112,"rats:marbled_cheese_brick_stairs"
4113,"rats:marbled_cheese_brick_chiseled"
4114,"rats:marbled_cheese_brick_cracked"
4115,"rats:marbled_cheese_brick_mossy"
4116,"rats:marbled_cheese_dirt"
4117,"rats:marbled_cheese_grass"
4118,"rats:marbled_cheese_rat_head"
4119,"rats:marbled_cheese_golem_core"
4120,"rats:ratlantis_portal"
4121,"rats:compressed_rat"
4122,"rats:brain_block"
4123,"rats:jack_o_ratern"
4124,"rats:upgrade_combiner"
4125,"rats:upgrade_separator"
4126,"rats:rat_lantern"
4127,"scalinghealth:crystalore"
4128,"t3s4ebw:crystal_crop"
4129,"spellarchives:spell_archive"
4130,"switchbow:redstonepiece"
4131,"switchbow:arrowdispenser"
4132,"switchbow:podest"
4133,"switchbow:minilight"
4134,"db:disappearing_spawner"
4135,"db:mega_structure_block"
4136,"db:lighting_updater"
4137,"db:temple_brick"
4138,"db:temple_polish"
4139,"db:temple_cobble"
4140,"db:temple_chisle_brick"
4141,"db:gold_chisle_brick"
4142,"db:temple_gold_brick"
4143,"db:temple_lamp"
4144,"db:temple_brick_stairs"
4145,"db:temple_brick_slab_double"
4146,"db:temple_brick_slab_half"
4147,"db:temple_pillar"
4148,"db:temple_cobble_slab_double"
4149,"db:temple_cobble_slab_half"
4150,"torchmaster:mega_torch"
4151,"torchmaster:terrain_lighter"
4152,"torchmaster:dread_lamp"
4153,"torchmaster:feral_flare_lantern"
4154,"torchmaster:invisible_light"
4155,"toroquest:royalblock"
4156,"toroquest:torospawnerblock"
4157,"totf:lost_cargo"
4158,"totf:lost_crate_potions"
4159,"totf:skeleton_crate"
4160,"totf:bush_crate"
4161,"totf:stone_circle"
4162,"totf:grave_marker"
4163,"totf:rose"
4164,"totf:grave_rose"
4165,"totf:tent"
4166,"totf:tent_abandoned"
4167,"totf:tent_abandoned_idol"
4168,"totf:armillary"
4169,"da:spore_blossom"
4170,"da:moss_block"
4171,"da:dungeon_brick"
4172,"da:mossy_dungeon_brick"
4173,"da:moss_carpet"
4174,"da:aza_vines"
4175,"da:aza_vines_berries"
4176,"da:azaela_leaf"
4177,"da:strong_block"
4178,"da:mega_structure"
4179,"da:az_fence"
4180,"da:darkglow_bars"
4181,"da:fire_stone"
4182,"da:chisled_fire_stone"
4183,"da:fire_stone_lit"
4184,"da:fire_stone_stairs"
4185,"da:fire_stone_wall"
4186,"da:mossy_spruce"
4187,"da:knight_stone"
4188,"da:knight_key_block"
4189,"da:frost_key_block"
4190,"da:aegyptian_spawner"
4191,"da:obsidian_end_frame"
4192,"da:sky_key_block"
4193,"da:boss_resummon"
4194,"da:stormvier_block"
4195,"da:adventure_block"
4196,"da:frostborn_block"
4197,"da:aegyptia_block"
4198,"da:crypt_block"
4199,"da:novik_block"
4200,"da:litic_block"
4201,"da:gloom_stone"
4202,"da:cold_stone"
4203,"da:gloom_brick"
4204,"da:cold_brick"
4205,"da:cold_brick_lamp"
4206,"da:snow_cold_brick"
4207,"da:city_brick"
4208,"da:farum_stone"
4209,"da:city_brick_alt"
4210,"da:city_decoration"
4211,"da:city_chisled"
4212,"da:city_tile"
4213,"da:city_smooth"
4214,"da:city_pillar"
4215,"da:city_pillar_chisled"
4216,"da:gold_city_brick"
4217,"da:grum_brick"
4218,"da:coralite"
4219,"da:coralite_brick"
4220,"da:coralite_decoration_brick"
4221,"da:coralite_tile"
4222,"da:coralite_decoration_tile"
4223,"da:grum_chisled"
4224,"da:grum_stone"
4225,"da:grum_smooth"
4226,"da:grum_tile"
4227,"da:grum_chisled_tile"
4228,"da:darkglow_stonebricks"
4229,"da:darkglow_bricks"
4230,"da:darkglow_decoration_bricks"
4231,"da:darkglow_tile"
4232,"da:darkglow_lit_bricks"
4233,"da:darkglow_lit_decoration_bricks"
4234,"da:gaelon_crystal"
4235,"da:gaelon_chunk"
4236,"da:alfera_planks"
4237,"da:alfera_planks_rod"
4238,"da:alfera_crate"
4239,"da:gem_end_stone"
4240,"da:gem_chisled_end_stone"
4241,"da:obsidilith_rune"
4242,"da:fake_obsidian"
4243,"da:gloom_smooth"
4244,"da:cold_smooth"
4245,"da:gloom_carved"
4246,"da:cold_carved"
4247,"da:gloom_pillar"
4248,"da:cold_pillar"
4249,"da:grum_pillar"
4250,"da:darkglow_pillar"
4251,"da:darkglow_pillar_lit"
4252,"da:darkglow_pillar_eye"
4253,"da:coralite_pillar"
4254,"da:dark_brick"
4255,"da:gloom_rough"
4256,"da:cold_rough"
4257,"da:gloom_triangle"
4258,"da:cold_triangle"
4259,"da:gloom_stone_stairs"
4260,"da:cold_stone_stairs"
4261,"da:gloom_brick_stairs"
4262,"da:cold_brick_stairs"
4263,"da:gloom_smooth_stairs"
4264,"da:cold_smooth_stairs"
4265,"da:city_brick_stairs"
4266,"da:city_brick_stairs_alt"
4267,"da:city_tile_stairs"
4268,"da:gold_city_brick_stairs"
4269,"da:grum_brick_stairs"
4270,"da:dungeon_brick_stairs"
4271,"da:darkglow_stonebrick_stairs"
4272,"da:darkglow_brick_stairs"
4273,"da:coralite_brick_stairs"
4274,"da:coralite_tiled_stairs"
4275,"da:gem_end_stone_stairs"
4276,"da:city_brick_double"
4277,"da:city_brick_half"
4278,"da:city_brick_alt_double"
4279,"da:city_brick_alt_half"
4280,"da:city_tile_double"
4281,"da:city_tile_half"
4282,"da:gold_city_brick_double"
4283,"da:gold_city_brick_half"
4284,"da:gloom_stone_double"
4285,"da:gloom_stone_half"
4286,"da:cold_stone_double"
4287,"da:cold_stone_half"
4288,"da:gloom_smooth_double"
4289,"da:gloom_smooth_half"
4290,"da:cold_smooth_double"
4291,"da:cold_smooth_half"
4292,"da:gloom_brick_double"
4293,"da:gloom_brick_half"
4294,"da:fire_stone_double"
4295,"da:fire_stone_half"
4296,"da:cold_brick_double"
4297,"da:cold_brick_half"
4298,"da:grum_brick_double"
4299,"da:grum_brick_half"
4300,"da:dungeon_brick_double"
4301,"da:dungeon_brick_half"
4302,"da:darkglow_stonebrick_double"
4303,"da:darkglow_stonebrick_half"
4304,"da:darkglow_brick_double"
4305,"da:darkglow_brick_half"
4306,"da:coralite_brick_double"
4307,"da:coralite_brick_half"
4308,"da:coralite_tile_double"
4309,"da:coralite_tile_half"
4310,"da:gem_end_stone_double"
4311,"da:gem_end_stone_half"
4312,"da:gloom_stone_wall"
4313,"da:cold_stone_wall"
4314,"da:gloom_smooth_wall"
4315,"da:cold_smooth_wall"
4316,"da:gloom_brick_wall"
4317,"da:cold_brick_wall"
4318,"da:city_brick_wall"
4319,"da:city_brick_wall_alt"
4320,"da:city_tile_wall"
4321,"da:city_smooth_wall"
4322,"da:gold_city_brick_wall"
4323,"da:grum_brick_wall"
4324,"da:dungeon_brick_wall"
4325,"da:darkglow_brick_wall"
4326,"da:darkglow_stonebrick_wall"
4327,"da:coralite_brick_wall"
4328,"da:coralite_tile_wall"
4329,"da:gem_end_stone_wall"
4330,"da:farum_rope"
4331,"da:coralite_chain"
4332,"da:farum_lantern"
4333,"da:coralite_lamp"
4334,"da:frost_icicle"
4335,"da:soul_star_block"
4336,"da:void_lily"
4337,"da:puzzle_mirror"
4338,"da:grum_displacer"
4339,"da:grum_dispenser"
4340,"da:grum_blocker"
4341,"da:grum_tile_r"
4342,"da:change_block"
4343,"da:levitation_block"
4344,"da:cave_spawner"
4345,"da:moss_spawner"
4346,"da:high_spawner"
4347,"da:temple_spawner"
4348,"da:end_spawner"
4349,"da:gaelon_spawner"
4350,"da:dark_spawner"
4351,"uppers:upper"
4352,"waystones:waystone"
4353,"wizardry_tales:blooming_flower"
4354,"wizardry_tales:conjured_air"
4355,"zawa:wirefence_door"
4356,"zawa:barfence_door"
4357,"zawa:steelbar_door"
4358,"zawa:powder_fence_door"
4359,"zawa:water_bowl"
4360,"zawa:binoculars"
4361,"zawa:bench"
4362,"zawa:light"
4363,"zawa:campfire"
4364,"zawa:bird_perch"
4365,"zawa:bar_fence"
4366,"zawa:bamboo_fence"
4367,"zawa:powder_fence"
4368,"zawa:steel_bars"
4369,"zawa:wired_fence"
4370,"zawa:exhibit_glass_pane"
4371,"zawa:bar_grate"
4372,"zawa:bar_grate_double"
4373,"zawa:steel_grate"
4374,"zawa:steel_grate_double"
4375,"zawa:wired_grate"
4376,"zawa:wired_grate_double"
4377,"zawa:powder_grate"
4378,"zawa:powder_grate_double"
4379,"zawa:electric_fence"
4380,"zawa:lamp_top"
4381,"zawa:lamp_base"
4382,"zawa:lamp_middle"
4383,"zawa:iron_wall_lamp"
4384,"zawa:gold_wall_lamp"
4385,"zawa:wall_lamp"
4386,"zawa:lion_plush"
4387,"zawa:orca_plush"
4388,"zawa:turtle_plush"
4389,"zawa:platypus_plush"
4390,"zawa:gorilla_plush"
4391,"zawa:elephant_plush"
4392,"zawa:monkey_plush"
4393,"zawa:tiger_plush"
4394,"zawa:bald_eagle_plush"
4395,"zawa:giraffe_plush"
4396,"zawa:grizzly_plush"
4397,"zawa:moose_plush"
4398,"zawa:octopus_plush"
4399,"zawa:red_panda_plush"
4400,"zawa:cockatoo_plush"
4401,"zawa:dolphin_plush"
4402,"zawa:kangaroo_plush"
4403,"zawa:okapi_plush"
4404,"zawa:rhino_plush"
4405,"zawa:shark_plush"
4406,"zawa:zebra_plush"
4407,"zawa:zebra_rainbow_plush"
4408,"zawa:macaw_plush"
4409,"zawa:macaw_plush_red"
4410,"zawa:koala_plush"
4411,"zawa:vine"
4412,"zawa:kelp"
4413,"zawa:bamboo_decortation"
4414,"zawa:dried_bamboo_decortation"
4415,"zawa:barrel"
4416,"zawa:underwater_feeder"
4417,"zawa:river_stone"
4418,"zawa:paving_stone"
4419,"zawa:mixed_stone"
4420,"zawa:mixed_stone_mossy"
4421,"zawa:brain_coral"
4422,"zawa:elegance_coral"
4423,"zawa:fire_coral"
4424,"zawa:sea_grass"
4425,"zawa:lettuce_coral"
4426,"zawa:mixed_coral_plates"
4427,"zawa:mixed_coral_rocks"
4428,"zawa:staghorn_coral"
4429,"zawa:large_sea_anemone"
4430,"zawa:small_sea_urchin"
4431,"zawa:small_sea_anemone"
4432,"zawa:large_sea_urchin"
4433,"zawa:bladderwrack"
4434,"zawa:gracilaria"
4435,"zawa:pyropia"
4436,"zawa:sea_urchin_tropical"
4437,"zawa:rope"
4438,"zawa:thin_rope"
4439,"zawa:swing_wheel"
4440,"zawa:exhibit_glass"
4441,"zawa:bamboo"
4442,"zawa:dried_bamboo"
4443,"zawa:wild_celery"
4444,"zawa:bromeliad"
4445,"zawa:stonecrop"
4446,"zawa:golden_barrel_cactus"
4447,"zawa:enrichment_ball"
4448,"zawa:hanging_ball"
4449,"zawa:heat_lamp"
4450,"zawa:beeplant"
4451,"zawa:ostritch_fern"
4452,"zawa:bellflowers"
4453,"zawa:peach_flower"
4454,"zawa:temple_bells"
4455,"zawa:golden_sparks"
4456,"zawa:arctic_moss"
4457,"zawa:waste_bin"
4458,"zawa:recycle_bin"
4459,"zawa:scratching_post"
4460,"zawa:fan_palm_top"
4461,"zawa:fan_palm_bottom"
4462,"zawa:eucalyptus_top"
4463,"zawa:eucalyptus_bottom"
4464,"zawa:eugenia_top"
4465,"zawa:eugenia_bottom"
4466,"zawa:karvy_top"
4467,"zawa:karvy_bottom"
4468,"zawa:agavoid"
4469,"zawa:cinnamon_fern"
4470,"zawa:amazon_sword"
4471,"zawa:spleenwort"
4472,"zawa:bassia"
4473,"zawa:maireana"
4474,"zawa:violet"
4475,"zawa:legume"
4476,"zawa:creeping_tick_trefoil"
4477,"zawa:onion_grass"
4478,"zawa:coralberry"
4479,"zawa:jinns_tongue"
4480,"zawa:chiltepin"
4481,"zawa:mimosa_pudica"
4482,"ancientspellcraft:nether_fire"
4483,"ancientspellcraft:snow_double_slab"
4484,"ancientspellcraft:snow_slab"
4485,"ancientspellcraft:ice_door"
4486,"ancientspellcraft:ice_crafting_table"
4487,"ancientspellcraft:hard_frosted_ice"
4488,"ancientspellcraft:artefact_pensive"
4489,"ancientspellcraft:sphere_cognizance"
4490,"ancientspellcraft:sentinel_block_iron"
4491,"ancientspellcraft:sentinel_block_gold"
4492,"ancientspellcraft:sentinel_block_diamond"
4493,"ancientspellcraft:sentinel_block_large_iron"
4494,"ancientspellcraft:sentinel_block_large_gold"
4495,"ancientspellcraft:sentinel_block_large_diamond"
4496,"ancientspellcraft:skull_watch"
4497,"ancientspellcraft:magelight"
4498,"ancientspellcraft:candlelight"
4499,"ancientspellcraft:dimension_boundary"
4500,"ancientspellcraft:dimension_boundary_magic"
4501,"ancientspellcraft:dimension_boundary_fire"
4502,"ancientspellcraft:dimension_boundary_ice"
4503,"ancientspellcraft:dimension_boundary_lightning"
4504,"ancientspellcraft:dimension_boundary_necromancy"
4505,"ancientspellcraft:dimension_boundary_earth"
4506,"ancientspellcraft:dimension_boundary_sorcery"
4507,"ancientspellcraft:dimension_boundary_healing"
4508,"ancientspellcraft:dimension_focus"
4509,"ancientspellcraft:dimension_focus_gold"
4510,"ancientspellcraft:scribing_desk"
4511,"ancientspellcraft:crystal_ore_fire"
4512,"ancientspellcraft:crystal_ore_earth"
4513,"ancientspellcraft:crystal_ore_healing"
4514,"ancientspellcraft:crystal_ore_ice"
4515,"ancientspellcraft:crystal_ore_lightning"
4516,"ancientspellcraft:crystal_ore_necromancy"
4517,"ancientspellcraft:crystal_ore_sorcery"
4518,"ancientspellcraft:crystal_silver_ore"
4519,"ancientspellcraft:astral_diamond_ore"
4520,"ancientspellcraft:devoritium_block"
4521,"ancientspellcraft:devoritium_gilded_stone"
4522,"ancientspellcraft:devoritium_door"
4523,"ancientspellcraft:devoritium_ore"
4524,"ancientspellcraft:devoritium_bars"
4525,"ancientspellcraft:crystal_mine"
4526,"ancientspellcraft:log_crystal_tree"
4527,"ancientspellcraft:leaves_crystal_tree"
4528,"ancientspellcraft:imbuement_altar_ruined"
4529,"ancientspellcraft:placed_rune"
4530,"ancientspellcraft:rune_used"
4531,"ancientspellcraft:mushroom_fire"
4532,"ancientspellcraft:mushroom_poison"
4533,"ancientspellcraft:mushroom_ice"
4534,"ancientspellcraft:mushroom_wither"
4535,"ancientspellcraft:mushroom_force"
4536,"ancientspellcraft:mushroom_healing"
4537,"ancientspellcraft:mushroom_shocking"
4538,"ancientspellcraft:mushroom_mind"
4539,"ancientspellcraft:mushroom_cleansing"
4540,"ancientspellcraft:mushroom_explosive"
4541,"ancientspellcraft:mushroom_empowering"
4542,"ancientspellcraft:arcane_anvil"
4543,"ancientspellcraft:sage_lectern"
4544,"ancientspellcraft:sage_flax_day"
4545,"ancientspellcraft:sage_flax"
4546,"ancientspellcraft:quicksand"
4547,"ancientspellcraft:conjured_magma"
4548,"ancientspellcraft:conjured_dirt"
4549,"ancientspellcraft:conjured_snow"
4550,"ancientspellcraft:master_bolt"
4551,"ancientspellcraft:lightning_block"
4552,"ancientspellcraft:concealed_block"
4553,"ancientspellcraft:arcane_wall"
4554,"ancientspellcraft:sealed_stone"
4555,"ancientspellcraft:unsealed_stone"
4556,"ancientspellcraft:unseal_button"
4557,"ancientspellcraft:arcane_flame"
4558,"ancientspellcraft:teleportation_flame"
4559,"ancientspellcraft:wildfire_flame"
4560,"cyclopstek:beacon_eye"
4561,"spellbundle:conjured_bramble"
4562,"spookybiomes:sorbus_log"
4563,"spookybiomes:sorbus_leaves"
4564,"spookybiomes:sorbus_planks"
4565,"spookybiomes:sorbus_sapling"
4566,"spookybiomes:sorbus_gate"
4567,"spookybiomes:sorbus_door"
4568,"spookybiomes:sorbus_trapdoor"
4569,"spookybiomes:sorbus_stairs"
4570,"spookybiomes:sorbus_fence"
4571,"spookybiomes:sorbus_slab"
4572,"spookybiomes:sorbus_double_slab"
4573,"spookybiomes:ghostly_log"
4574,"spookybiomes:ghostly_leaves"
4575,"spookybiomes:ghostly_planks"
4576,"spookybiomes:ghostly_sapling"
4577,"spookybiomes:ghostly_gate"
4578,"spookybiomes:ghostly_door"
4579,"spookybiomes:ghostly_trapdoor"
4580,"spookybiomes:ghostly_stairs"
4581,"spookybiomes:ghostly_fence"
4582,"spookybiomes:ghostly_slab"
4583,"spookybiomes:ghostly_double_slab"
4584,"spookybiomes:seeping_log"
4585,"spookybiomes:seeping_leaves"
4586,"spookybiomes:seeping_planks"
4587,"spookybiomes:seeping_sapling"
4588,"spookybiomes:seeping_gate"
4589,"spookybiomes:seeping_door"
4590,"spookybiomes:seeping_trapdoor"
4591,"spookybiomes:seeping_stairs"
4592,"spookybiomes:seeping_fence"
4593,"spookybiomes:seeping_slab"
4594,"spookybiomes:seeping_double_slab"
4595,"spookybiomes:bloodwood_log"
4596,"spookybiomes:bloodwood_leaves"
4597,"spookybiomes:bloodwood_planks"
4598,"spookybiomes:bloodwood_sapling"
4599,"spookybiomes:bloodwood_gate"
4600,"spookybiomes:bloodwood_door"
4601,"spookybiomes:bloodwood_trapdoor"
4602,"spookybiomes:bloodwood_stairs"
4603,"spookybiomes:bloodwood_fence"
4604,"spookybiomes:bloodwood_slab"
4605,"spookybiomes:bloodwood_double_slab"
4606,"spookybiomes:bloodied_grass"
4607,"spookybiomes:bloodied_dirt"
4608,"structurize:blockcactusplank"
4609,"structurize:blockcactusdoor"
4610,"structurize:blockcactustrapdoor"
4611,"structurize:blockcactusslab_half"
4612,"structurize:blockcactusslab_double"
4613,"structurize:blockcactusstair"
4614,"structurize:blockcactusfence"
4615,"structurize:blockcactusfencegate"
4616,"structurize:blocksolidsubstitution"
4617,"structurize:blocksubstitution"
4618,"structurize:blockpaperwall"
4619,"structurize:blockshingle_oak"
4620,"structurize:blockshingle_jungle"
4621,"structurize:blockshingle_birch"
4622,"structurize:blockshingle_spruce"
4623,"structurize:blockshingle_dark_oak"
4624,"structurize:blockshingle_acacia"
4625,"structurize:blockshingleslab"
4626,"structurize:blocktimberframe_oak_plain"
4627,"structurize:blocktimberframe_oak_doublecrossed"
4628,"structurize:blocktimberframe_oak_framed"
4629,"structurize:blocktimberframe_oak_sideframed"
4630,"structurize:blocktimberframe_oak_gateframed"
4631,"structurize:blocktimberframe_oak_onecrossedlr"
4632,"structurize:blocktimberframe_oak_onecrossedrl"
4633,"structurize:blocktimberframe_oak_downgated"
4634,"structurize:blocktimberframe_oak_horizontalplain"
4635,"structurize:blocktimberframe_oak_horizontalnocap"
4636,"structurize:blocktimberframe_spruce_plain"
4637,"structurize:blocktimberframe_spruce_doublecrossed"
4638,"structurize:blocktimberframe_spruce_framed"
4639,"structurize:blocktimberframe_spruce_sideframed"
4640,"structurize:blocktimberframe_spruce_gateframed"
4641,"structurize:blocktimberframe_spruce_onecrossedlr"
4642,"structurize:blocktimberframe_spruce_onecrossedrl"
4643,"structurize:blocktimberframe_spruce_downgated"
4644,"structurize:blocktimberframe_spruce_horizontalplain"
4645,"structurize:blocktimberframe_spruce_horizontalnocap"
4646,"structurize:blocktimberframe_birch_plain"
4647,"structurize:blocktimberframe_birch_doublecrossed"
4648,"structurize:blocktimberframe_birch_framed"
4649,"structurize:blocktimberframe_birch_sideframed"
4650,"structurize:blocktimberframe_birch_gateframed"
4651,"structurize:blocktimberframe_birch_onecrossedlr"
4652,"structurize:blocktimberframe_birch_onecrossedrl"
4653,"structurize:blocktimberframe_birch_downgated"
4654,"structurize:blocktimberframe_birch_horizontalplain"
4655,"structurize:blocktimberframe_birch_horizontalnocap"
4656,"structurize:blocktimberframe_jungle_plain"
4657,"structurize:blocktimberframe_jungle_doublecrossed"
4658,"structurize:blocktimberframe_jungle_framed"
4659,"structurize:blocktimberframe_jungle_sideframed"
4660,"structurize:blocktimberframe_jungle_gateframed"
4661,"structurize:blocktimberframe_jungle_onecrossedlr"
4662,"structurize:blocktimberframe_jungle_onecrossedrl"
4663,"structurize:blocktimberframe_jungle_downgated"
4664,"structurize:blocktimberframe_jungle_horizontalplain"
4665,"structurize:blocktimberframe_jungle_horizontalnocap"
4666,"structurize:blocktimberframe_acacia_plain"
4667,"structurize:blocktimberframe_acacia_doublecrossed"
4668,"structurize:blocktimberframe_acacia_framed"
4669,"structurize:blocktimberframe_acacia_sideframed"
4670,"structurize:blocktimberframe_acacia_gateframed"
4671,"structurize:blocktimberframe_acacia_onecrossedlr"
4672,"structurize:blocktimberframe_acacia_onecrossedrl"
4673,"structurize:blocktimberframe_acacia_downgated"
4674,"structurize:blocktimberframe_acacia_horizontalplain"
4675,"structurize:blocktimberframe_acacia_horizontalnocap"
4676,"structurize:blocktimberframe_dark_oak_plain"
4677,"structurize:blocktimberframe_dark_oak_doublecrossed"
4678,"structurize:blocktimberframe_dark_oak_framed"
4679,"structurize:blocktimberframe_dark_oak_sideframed"
4680,"structurize:blocktimberframe_dark_oak_gateframed"
4681,"structurize:blocktimberframe_dark_oak_onecrossedlr"
4682,"structurize:blocktimberframe_dark_oak_onecrossedrl"
4683,"structurize:blocktimberframe_dark_oak_downgated"
4684,"structurize:blocktimberframe_dark_oak_horizontalplain"
4685,"structurize:blocktimberframe_dark_oak_horizontalnocap"
4686,"structurize:multiblock"
4687,"wizardrygolems:permafrost_custom"
4688,"wizardrygolems:living_snow"
4689,"necromancersdelight:temporary_glowshroom"
4690,"aether_legacy:aether_grass"
4691,"aether_legacy:enchanted_aether_grass"
4692,"aether_legacy:aether_dirt"
4693,"aether_legacy:holystone"
4694,"aether_legacy:mossy_holystone"
4695,"aether_legacy:holystone_brick"
4696,"aether_legacy:aercloud"
4697,"aether_legacy:quicksoil"
4698,"aether_legacy:icestone"
4699,"aether_legacy:ambrosium_ore"
4700,"aether_legacy:zanite_ore"
4701,"aether_legacy:gravitite_ore"
4702,"aether_legacy:aether_leaves"
4703,"aether_legacy:aether_log"
4704,"aether_legacy:skyroot_plank"
4705,"aether_legacy:quicksoil_glass"
4706,"aether_legacy:aerogel"
4707,"aether_legacy:enchanted_gravitite"
4708,"aether_legacy:zanite_block"
4709,"aether_legacy:berry_bush"
4710,"aether_legacy:berry_bush_stem"
4711,"aether_legacy:enchanter"
4712,"aether_legacy:freezer"
4713,"aether_legacy:incubator"
4714,"aether_legacy:dungeon_block"
4715,"aether_legacy:locked_dungeon_block"
4716,"aether_legacy:dungeon_trap"
4717,"aether_legacy:aether_portal"
4718,"aether_legacy:ambrosium_torch"
4719,"aether_legacy:chest_mimic"
4720,"aether_legacy:treasure_chest"
4721,"aether_legacy:purple_flower"
4722,"aether_legacy:white_flower"
4723,"aether_legacy:skyroot_sapling"
4724,"aether_legacy:golden_oak_sapling"
4725,"aether_legacy:crystal_leaves"
4726,"aether_legacy:holiday_leaves"
4727,"aether_legacy:present"
4728,"aether_legacy:pillar"
4729,"aether_legacy:pillar_top"
4730,"aether_legacy:skyroot_fence"
4731,"aether_legacy:skyroot_fence_gate"
4732,"aether_legacy:carved_wall"
4733,"aether_legacy:angelic_wall"
4734,"aether_legacy:hellfire_wall"
4735,"aether_legacy:holystone_wall"
4736,"aether_legacy:holystone_brick_wall"
4737,"aether_legacy:mossy_holystone_wall"
4738,"aether_legacy:aerogel_wall"
4739,"aether_legacy:carved_stairs"
4740,"aether_legacy:angelic_stairs"
4741,"aether_legacy:hellfire_stairs"
4742,"aether_legacy:skyroot_stairs"
4743,"aether_legacy:mossy_holystone_stairs"
4744,"aether_legacy:holystone_stairs"
4745,"aether_legacy:holystone_brick_stairs"
4746,"aether_legacy:aerogel_stairs"
4747,"aether_legacy:skyroot_double_slab"
4748,"aether_legacy:carved_double_slab"
4749,"aether_legacy:angelic_double_slab"
4750,"aether_legacy:hellfire_double_slab"
4751,"aether_legacy:holystone_double_slab"
4752,"aether_legacy:mossy_holystone_double_slab"
4753,"aether_legacy:holystone_brick_double_slab"
4754,"aether_legacy:aerogel_double_slab"
4755,"aether_legacy:skyroot_slab"
4756,"aether_legacy:carved_slab"
4757,"aether_legacy:angelic_slab"
4758,"aether_legacy:hellfire_slab"
4759,"aether_legacy:holystone_slab"
4760,"aether_legacy:mossy_holystone_slab"
4761,"aether_legacy:holystone_brick_slab"
4762,"aether_legacy:aerogel_slab"
4763,"aether_legacy:sun_altar"
4764,"aether_legacy:skyroot_bookshelf"
4765,"aether_legacy:skyroot_bed"
4766,"aether_legacy:skyroot_crafting_table"
4767,"aether_legacy:skyroot_chest"
4768,"aether_legacy:aetherion_chest"
4769,"aether_legacy:skyroot_ladder"
4770,"aether_legacy:skyroot_standing_sign"
4771,"aether_legacy:skyroot_wall_sign"
4772,"aether_legacy:quicksoil_glass_pane"
4773,"aether_legacy:zanite_bars"
4774,"aether_legacy:ambrosium_block"
4775,"aether_legacy:aether_lever"
4776,"aether_legacy:holystone_pressure_plate"
4777,"aether_legacy:skyroot_pressure_plate"
4778,"aether_legacy:zanite_pressure_plate"
4779,"aether_legacy:holystone_button"
4780,"aether_legacy:skyroot_button"
4781,"aether_legacy:skyroot_trapdoor"
4782,"aether_legacy:zanite_trapdoor"
4783,"aether_legacy:skyroot_door"
4784,"aether_legacy:zanite_door"
4785,"charm:gunpowder_block"
4786,"charm:redstone_sand"
4787,"charm:variable_redstone_lamp"
4788,"charm:cake_swiftness"
4789,"charm:cake_strength"
4790,"charm:cake_leaping"
4791,"charm:cake_regeneration"
4792,"charm:cake_fire_resistance"
4793,"charm:cake_water_breathing"
4794,"charm:cake_invisibility"
4795,"charm:cake_night_vision"
4796,"charm:cake_danger_sight"
4797,"charm:cake_haste"
4798,"charm:cake_resistance"
4799,"charm:cake_resilience"
4800,"charm:crate"
4801,"charm:crate_sealed"
4802,"charm:ender_pearl_block"
4803,"charm:gold_lantern"
4804,"charm:rotten_flesh_block"
4805,"charm:smooth_glowstone"
4806,"charm:rune_portal"
4807,"charm:rune_portal_frame"
4808,"davincisvessels:marker"
4809,"davincisvessels:floater"
4810,"davincisvessels:balloon"
4811,"davincisvessels:gauge"
4812,"davincisvessels:seat"
4813,"davincisvessels:buffer"
4814,"davincisvessels:stickybuffer"
4815,"davincisvessels:engine"
4816,"davincisvessels:crate_wood"
4817,"davincisvessels:anchorpoint"
4818,"davincisvessels:securedbed"
4819,"ichunutil:compact_porkchop"
4820,"iron_barrels:obsidian_barrel"
4821,"iron_barrels:barrel"
4822,"iron_barrels:iron_barrel"
4823,"iron_barrels:gold_barrel"
4824,"iron_barrels:diamond_barrel"
4825,"iron_barrels:netherite_barrel"
4826,"mia:armored_glass"
4827,"mia:packed_paper"
4828,"mia:torch_gold"
4829,"mia:flower_dead"
4830,"mia:door_stone"
4831,"mia:redstone_lantern"
4832,"mia:pixie_dust_extractor"
4833,"mia:white_sandstone_new"
4834,"mia:white_sandstone_new_slab"
4835,"mia:white_sandstone_new_slab_double"
4836,"mia:white_sandstone_stairs_brick"
4837,"mia:white_sandstone_futuremc_wall"
4838,"pvj:short_grass"
4839,"pvj:frost_lotus"
4840,"pvj:silverleaf"
4841,"pvj:chickweed"
4842,"pvj:clovers"
4843,"pvj:crabgrass"
4844,"pvj:bracket_fungus"
4845,"pvj:flouropore"
4846,"pvj:frogbit"
4847,"pvj:duckweed"
4848,"pvj:waxcap"
4849,"pvj:orange_mushroom"
4850,"pvj:deathcap"
4851,"pvj:cattail"
4852,"pvj:beach_grass"
4853,"pvj:sea_oats"
4854,"pvj:sundew"
4855,"pvj:small_cactus"
4856,"pvj:void_grass"
4857,"pvj:wild_wheat"
4858,"pvj:wild_potato"
4859,"pvj:wild_carrot"
4860,"pvj:wild_beetroot"
4861,"pvj:bloodnettle"
4862,"pvj:glowcap"
4863,"pvj:witherweed"
4864,"pvj:log_willow"
4865,"pvj:log_mangrove"
4866,"pvj:log_palm"
4867,"pvj:log_redwood"
4868,"pvj:log_fir"
4869,"pvj:log_pine"
4870,"pvj:log_aspen"
4871,"pvj:log_maple"
4872,"pvj:log_baobab"
4873,"pvj:log_cottonwood"
4874,"pvj:log_juniper"
4875,"pvj:log_cherry_blossom"
4876,"pvj:log_jacaranda"
4877,"pvj:leaves_willow"
4878,"pvj:leaves_mangrove"
4879,"pvj:leaves_palm"
4880,"pvj:leaves_redwood"
4881,"pvj:leaves_fir"
4882,"pvj:leaves_pine"
4883,"pvj:leaves_aspen"
4884,"pvj:leaves_red_maple"
4885,"pvj:leaves_orange_maple"
4886,"pvj:leaves_baobab"
4887,"pvj:leaves_cottonwood"
4888,"pvj:leaves_juniper"
4889,"pvj:leaves_juniper_berried"
4890,"pvj:leaves_white_cherry_blossom"
4891,"pvj:leaves_pink_cherry_blossom"
4892,"pvj:leaves_jacaranda"
4893,"pvj:sapling_willow"
4894,"pvj:sapling_mangrove"
4895,"pvj:sapling_palm"
4896,"pvj:sapling_redwood"
4897,"pvj:sapling_fir"
4898,"pvj:sapling_pine"
4899,"pvj:sapling_aspen"
4900,"pvj:sapling_red_maple"
4901,"pvj:sapling_orange_maple"
4902,"pvj:sapling_baobab"
4903,"pvj:sapling_cottonwood"
4904,"pvj:sapling_juniper"
4905,"pvj:sapling_juniper_berried"
4906,"pvj:sapling_white_cherry_blossom"
4907,"pvj:sapling_pink_cherry_blossom"
4908,"pvj:sapling_jacaranda"
4909,"pvj:planks_willow"
4910,"pvj:planks_mangrove"
4911,"pvj:planks_palm"
4912,"pvj:planks_redwood"
4913,"pvj:planks_fir"
4914,"pvj:planks_pine"
4915,"pvj:planks_aspen"
4916,"pvj:planks_maple"
4917,"pvj:planks_baobab"
4918,"pvj:planks_cottonwood"
4919,"pvj:planks_juniper"
4920,"pvj:planks_cherry_blossom"
4921,"pvj:planks_jacaranda"
4922,"pvj:willow_stairs"
4923,"pvj:mangrove_stairs"
4924,"pvj:palm_stairs"
4925,"pvj:redwood_stairs"
4926,"pvj:fir_stairs"
4927,"pvj:pine_stairs"
4928,"pvj:aspen_stairs"
4929,"pvj:maple_stairs"
4930,"pvj:baobab_stairs"
4931,"pvj:cottonwood_stairs"
4932,"pvj:juniper_stairs"
4933,"pvj:cherry_blossom_stairs"
4934,"pvj:jacaranda_stairs"
4935,"pvj:willow_slab"
4936,"pvj:willow_double_slab"
4937,"pvj:mangrove_slab"
4938,"pvj:mangrove_double_slab"
4939,"pvj:palm_slab"
4940,"pvj:palm_double_slab"
4941,"pvj:redwood_slab"
4942,"pvj:redwood_double_slab"
4943,"pvj:fir_slab"
4944,"pvj:fir_double_slab"
4945,"pvj:pine_slab"
4946,"pvj:pine_double_slab"
4947,"pvj:aspen_slab"
4948,"pvj:aspen_double_slab"
4949,"pvj:maple_slab"
4950,"pvj:maple_double_slab"
4951,"pvj:baobab_slab"
4952,"pvj:baobab_double_slab"
4953,"pvj:cottonwood_slab"
4954,"pvj:cottonwood_double_slab"
4955,"pvj:juniper_slab"
4956,"pvj:juniper_double_slab"
4957,"pvj:cherry_blossom_slab"
4958,"pvj:cherry_blossom_double_slab"
4959,"pvj:jacaranda_slab"
4960,"pvj:jacaranda_double_slab"
4961,"pvj:willow_fence"
4962,"pvj:mangrove_fence"
4963,"pvj:palm_fence"
4964,"pvj:redwood_fence"
4965,"pvj:fir_fence"
4966,"pvj:pine_fence"
4967,"pvj:aspen_fence"
4968,"pvj:maple_fence"
4969,"pvj:baobab_fence"
4970,"pvj:cottonwood_fence"
4971,"pvj:juniper_fence"
4972,"pvj:cherry_blossom_fence"
4973,"pvj:jacaranda_fence"
4974,"pvj:willow_fence_gate"
4975,"pvj:mangrove_fence_gate"
4976,"pvj:palm_fence_gate"
4977,"pvj:redwood_fence_gate"
4978,"pvj:fir_fence_gate"
4979,"pvj:pine_fence_gate"
4980,"pvj:aspen_fence_gate"
4981,"pvj:maple_fence_gate"
4982,"pvj:baobab_fence_gate"
4983,"pvj:cottonwood_fence_gate"
4984,"pvj:juniper_fence_gate"
4985,"pvj:cherry_blossom_fence_gate"
4986,"pvj:jacaranda_fence_gate"
4987,"pvj:willow_door"
4988,"pvj:mangrove_door"
4989,"pvj:palm_door"
4990,"pvj:redwood_door"
4991,"pvj:fir_door"
4992,"pvj:pine_door"
4993,"pvj:aspen_door"
4994,"pvj:maple_door"
4995,"pvj:baobab_door"
4996,"pvj:cottonwood_door"
4997,"pvj:juniper_door"
4998,"pvj:cherry_blossom_door"
4999,"pvj:jacaranda_door"
5000,"pvj:willow_trapdoor"
5001,"pvj:mangrove_trapdoor"
5002,"pvj:palm_trapdoor"
5003,"pvj:redwood_trapdoor"
5004,"pvj:fir_trapdoor"
5005,"pvj:pine_trapdoor"
5006,"pvj:aspen_trapdoor"
5007,"pvj:maple_trapdoor"
5008,"pvj:baobab_trapdoor"
5009,"pvj:cottonwood_trapdoor"
5010,"pvj:juniper_trapdoor"
5011,"pvj:cherry_blossom_trapdoor"
5012,"pvj:jacaranda_trapdoor"
5013,"pvj:willow_button"
5014,"pvj:mangrove_button"
5015,"pvj:palm_button"
5016,"pvj:redwood_button"
5017,"pvj:fir_button"
5018,"pvj:pine_button"
5019,"pvj:aspen_button"
5020,"pvj:maple_button"
5021,"pvj:baobab_button"
5022,"pvj:cottonwood_button"
5023,"pvj:juniper_button"
5024,"pvj:cherry_blossom_button"
5025,"pvj:jacaranda_button"
5026,"pvj:willow_pressure_plate"
5027,"pvj:mangrove_pressure_plate"
5028,"pvj:palm_pressure_plate"
5029,"pvj:redwood_pressure_plate"
5030,"pvj:fir_pressure_plate"
5031,"pvj:pine_pressure_plate"
5032,"pvj:aspen_pressure_plate"
5033,"pvj:maple_pressure_plate"
5034,"pvj:baobab_pressure_plate"
5035,"pvj:cottonwood_pressure_plate"
5036,"pvj:juniper_pressure_plate"
5037,"pvj:cherry_blossom_pressure_plate"
5038,"pvj:jacaranda_pressure_plate"
5039,"pvj:redwood_bark"
5040,"pvj:fallenleaves_oak"
5041,"pvj:fallenleaves_birch"
5042,"pvj:fallenleaves_spruce"
5043,"pvj:fallenleaves_jungle"
5044,"pvj:fallenleaves_darkoak"
5045,"pvj:fallenleaves_acacia"
5046,"pvj:fallenleaves_dead"
5047,"pvj:fallenleaves_willow"
5048,"pvj:fallenleaves_mangrove"
5049,"pvj:fallenleaves_palm"
5050,"pvj:fallenleaves_redwood"
5051,"pvj:fallenleaves_fir"
5052,"pvj:fallenleaves_pine"
5053,"pvj:fallenleaves_aspen"
5054,"pvj:fallenleaves_red_maple"
5055,"pvj:fallenleaves_orange_maple"
5056,"pvj:fallenleaves_baobab"
5057,"pvj:fallenleaves_cottonwood"
5058,"pvj:fallenleaves_juniper"
5059,"pvj:fallenleaves_juniper_berried"
5060,"pvj:fallenleaves_white_cherry_blossom"
5061,"pvj:fallenleaves_pink_cherry_blossom"
5062,"pvj:fallenleaves_jacaranda"
5063,"pvj:oak_twigs"
5064,"pvj:birch_twigs"
5065,"pvj:spruce_twigs"
5066,"pvj:jungle_twigs"
5067,"pvj:acacia_twigs"
5068,"pvj:dark_oak_twigs"
5069,"pvj:willow_twigs"
5070,"pvj:mangrove_twigs"
5071,"pvj:palm_twigs"
5072,"pvj:redwood_twigs"
5073,"pvj:fir_twigs"
5074,"pvj:pine_twigs"
5075,"pvj:aspen_twigs"
5076,"pvj:red_maple_twigs"
5077,"pvj:orange_maple_twigs"
5078,"pvj:baobab_twigs"
5079,"pvj:cottonwood_twigs"
5080,"pvj:juniper_twigs"
5081,"pvj:juniper_berried_twigs"
5082,"pvj:white_cherry_blossom_twigs"
5083,"pvj:pink_cherry_blossom_twigs"
5084,"pvj:jacaranda_twigs"
5085,"pvj:coconut"
5086,"pvj:stone_rocks"
5087,"pvj:cobblestone_rocks"
5088,"pvj:mossy_cobblestone_rocks"
5089,"pvj:andesite_rocks"
5090,"pvj:granite_rocks"
5091,"pvj:diorite_rocks"
5092,"pvj:sandstone_rocks"
5093,"pvj:red_sandstone_rocks"
5094,"pvj:bones"
5095,"pvj:seashells"
5096,"pvj:pinecones"
5097,"pvj:flower_patch"
5098,"pvj:cracked_sand"
5099,"pvj:red_cracked_sand"
5100,"pvj:mud"
5101,"pvj:wet_adobe"
5102,"pvj:cobblestone_brick"
5103,"pvj:basalt"
5104,"pvj:basalt_brick"
5105,"pvj:limestone"
5106,"pvj:marble"
5107,"pvj:marble_brick"
5108,"pvj:siltstone"
5109,"pvj:adobe"
5110,"pvj:adobe_brick"
5111,"pvj:cobblestone_brick_stairs"
5112,"pvj:basalt_stairs"
5113,"pvj:basalt_brick_stairs"
5114,"pvj:limestone_stairs"
5115,"pvj:marble_stairs"
5116,"pvj:marble_brick_stairs"
5117,"pvj:siltstone_stairs"
5118,"pvj:adobe_stairs"
5119,"pvj:adobe_brick_stairs"
5120,"pvj:cobblestone_brick_slab"
5121,"pvj:cobblestone_brick_double_slab"
5122,"pvj:basalt_slab"
5123,"pvj:basalt_double_slab"
5124,"pvj:basalt_brick_slab"
5125,"pvj:basalt_brick_double_slab"
5126,"pvj:limestone_slab"
5127,"pvj:limestone_double_slab"
5128,"pvj:marble_slab"
5129,"pvj:marble_double_slab"
5130,"pvj:marble_brick_slab"
5131,"pvj:marble_brick_double_slab"
5132,"pvj:siltstone_slab"
5133,"pvj:siltstone_double_slab"
5134,"pvj:adobe_slab"
5135,"pvj:adobe_double_slab"
5136,"pvj:adobe_brick_slab"
5137,"pvj:adobe_brick_double_slab"
5138,"pvj:cobblestone_brick_wall"
5139,"pvj:mystical_grill"
5140,"pvj:rock_formation"
5141,"pvj:ice_formation"
5142,"pvj:pvj_cobweb"
5143,"pvj:fallenleaves_bop_yellow_autumn"
5144,"pvj:fallenleaves_bop_orange_autumn"
5145,"pvj:fallenleaves_bop_bamboo"
5146,"pvj:fallenleaves_bop_magic"
5147,"pvj:fallenleaves_bop_umbran"
5148,"pvj:fallenleaves_bop_dead"
5149,"pvj:fallenleaves_bop_fir"
5150,"pvj:fallenleaves_bop_ethereal"
5151,"pvj:fallenleaves_bop_origin"
5152,"pvj:fallenleaves_bop_pink_cherry"
5153,"pvj:fallenleaves_bop_white_cherry"
5154,"pvj:fallenleaves_bop_maple"
5155,"pvj:fallenleaves_bop_hellbark"
5156,"pvj:fallenleaves_bop_flowering"
5157,"pvj:fallenleaves_bop_jacaranda"
5158,"pvj:fallenleaves_bop_sacred_oak"
5159,"pvj:fallenleaves_bop_mangrove"
5160,"pvj:fallenleaves_bop_palm"
5161,"pvj:fallenleaves_bop_redwood"
5162,"pvj:fallenleaves_bop_willow"
5163,"pvj:fallenleaves_bop_pine"
5164,"pvj:fallenleaves_bop_mahogany"
5165,"pvj:fallenleaves_bop_ebony"
5166,"pvj:fallenleaves_bop_eucalyptus"
5167,"pvj:fallenleaves_bop_red_big_flower"
5168,"pvj:fallenleaves_bop_yellow_big_flower"
5169,"pvj:yellow_autumn_bop_twigs"
5170,"pvj:orange_autumn_bop_twigs"
5171,"pvj:bamboo_bop_twigs"
5172,"pvj:magic_bop_twigs"
5173,"pvj:umbran_bop_twigs"
5174,"pvj:dead_bop_twigs"
5175,"pvj:fir_bop_twigs"
5176,"pvj:ethereal_bop_twigs"
5177,"pvj:origin_bop_twigs"
5178,"pvj:pink_cherry_bop_twigs"
5179,"pvj:white_cherry_bop_twigs"
5180,"pvj:maple_bop_twigs"
5181,"pvj:hellbark_bop_twigs"
5182,"pvj:flowering_bop_twigs"
5183,"pvj:jacaranda_bop_twigs"
5184,"pvj:sacred_oak_bop_twigs"
5185,"pvj:mangrove_bop_twigs"
5186,"pvj:palm_bop_twigs"
5187,"pvj:redwood_bop_twigs"
5188,"pvj:willow_bop_twigs"
5189,"pvj:pine_bop_twigs"
5190,"pvj:mahogany_bop_twigs"
5191,"pvj:ebony_bop_twigs"
5192,"pvj:eucalyptus_bop_twigs"
5193,"pvj:red_big_flower_bop_twigs"
5194,"pvj:yellow_big_flower_bop_twigs"
5195,"pvj:red_autumn_traverse_twigs"
5196,"pvj:brown_autumn_traverse_twigs"
5197,"pvj:orange_autumn_traverse_twigs"
5198,"pvj:yellow_autumn_traverse_twigs"
5199,"pvj:fir_traverse_twigs"
5200,"pvj:fallenleaves_traverse_red_autumn"
5201,"pvj:fallenleaves_traverse_brown_autumn"
5202,"pvj:fallenleaves_traverse_orange_autumn"
5203,"pvj:fallenleaves_traverse_yellow_autumn"
5204,"pvj:fallenleaves_traverse_fir"
5205,"storagenetwork:master"
5206,"storagenetwork:request"
5207,"storagenetwork:inventory"
5208,"storagenetwork:kabel"
5209,"storagenetwork:storage_kabel"
5210,"storagenetwork:ex_kabel"
5211,"storagenetwork:im_kabel"
5212,"storagenetwork:process_kabel"
5213,"storagenetwork:controller"
5214,"storagenetwork:simple_kabel"
5215,"mysticalworld:thatch"
5216,"mysticalworld:thatch_slab"
5217,"mysticalworld:thatch_double_slab"
5218,"mysticalworld:thatch_stairs"
5219,"mysticalworld:thatch_wall"
5220,"mysticalworld:aubergine_crop"
5221,"mysticalworld:gall_apple_crop"
5222,"mysticalworld:charred_log"
5223,"mysticalworld:charred_planks"
5224,"mysticalworld:charred_slab"
5225,"mysticalworld:charred_double_slab"
5226,"mysticalworld:charred_stairs"
5227,"mysticalworld:charred_wall"
5228,"mysticalworld:charred_button"
5229,"mysticalworld:charred_pressure_plate"
5230,"mysticalworld:charred_fence"
5231,"mysticalworld:charred_fence_gate"
5232,"mysticalworld:mud_block"
5233,"mysticalworld:mud_brick"
5234,"mysticalworld:wet_mud_block"
5235,"mysticalworld:wet_mud_brick"
5236,"mysticalworld:mud_block_slab"
5237,"mysticalworld:mud_block_double_slab"
5238,"mysticalworld:mud_block_stairs"
5239,"mysticalworld:mud_block_wall"
5240,"mysticalworld:mud_block_button"
5241,"mysticalworld:mud_block_pressure_plate"
5242,"mysticalworld:mud_block_fence"
5243,"mysticalworld:mud_block_fence_gate"
5244,"mysticalworld:mud_brick_slab"
5245,"mysticalworld:mud_brick_double_slab"
5246,"mysticalworld:mud_brick_stairs"
5247,"mysticalworld:mud_brick_wall"
5248,"mysticalworld:mud_brick_button"
5249,"mysticalworld:mud_brick_pressure_plate"
5250,"mysticalworld:mud_brick_fence"
5251,"mysticalworld:mud_brick_fence_gate"
5252,"mysticalworld:pearl_block"
5253,"mysticalworld:pearl_slab"
5254,"mysticalworld:pearl_double_slab"
5255,"mysticalworld:pearl_stairs"
5256,"mysticalworld:pearl_wall"
5257,"mysticalworld:pearl_button"
5258,"mysticalworld:pearl_pressure_plate"
5259,"mysticalworld:pearl_fence"
5260,"mysticalworld:pearl_fence_gate"
5261,"mysticalworld:slime_eggs"
5262,"mysticalworld:copper_block"
5263,"mysticalworld:copper_ore"
5264,"mysticalworld:silver_block"
5265,"mysticalworld:silver_ore"
5266,"mysticalworld:amethyst_block"
5267,"mysticalworld:amethyst_ore"
5268,"mysticalworld:quartz_ore"
5269,"mysticalworld:granite_quartz_ore"
5270,"explorercraft:basalt_brick_stairs"
5271,"explorercraft:marble_brick_stairs"
5272,"explorercraft:slate_brick_stairs"
5273,"explorercraft:slate_tile_stairs"
5274,"explorercraft:ash_stairs"
5275,"explorercraft:bamboo_stairs"
5276,"explorercraft:cherry_stairs"
5277,"explorercraft:maple_stairs"
5278,"farlanders:endumium_ore"
5279,"farlanders:endumium_block"
5280,"lost_aether:crystal_sapling"
5281,"lost_aether:songstone"
5282,"lost_aether:gale_stone"
5283,"lost_aether:light_gale_stone"
5284,"lost_aether:locked_gale_stone"
5285,"lost_aether:locked_light_gale_stone"
5286,"lost_aether:gale_double_slab"
5287,"lost_aether:gale_slab"
5288,"lost_aether:gale_stairs"
5289,"lost_aether:gale_wall"
