Block registry name | BlockState properties
-------------------------------------------------------------------------------------
abyssaldepths:seaweed: PropertyInteger{name=level, clazz=class java.lang.Integer, values=[0, 1, 2, 3, 4, 5, 6, 7, 8, 9, 10, 11, 12, 13, 14, 15]}
aether_legacy:aercloud: PropertyEnum{name=aether_aercloud, clazz=class com.gildedgames.the_aether.blocks.util.EnumCloudType, values=[cold_aercloud, blue_aercloud, golden_aercloud, pink_aercloud]}
aether_legacy:aerogel: 
aether_legacy:aerogel_double_slab: PropertyEnum{name=half, clazz=class net.minecraft.block.BlockSlab$EnumBlockHalf, values=[top, bottom]}
aether_legacy:aerogel_slab: PropertyEnum{name=half, clazz=class net.minecraft.block.BlockSlab$EnumBlockHalf, values=[top, bottom]}
aether_legacy:aerogel_stairs: PropertyDirection{name=facing, clazz=class net.minecraft.util.EnumFacing, values=[north, south, west, east]}, PropertyEnum{name=half, clazz=class net.minecraft.block.BlockStairs$EnumHalf, values=[top, bottom]}, PropertyEnum{name=shape, clazz=class net.minecraft.block.BlockStairs$EnumShape, values=[straight, inner_left, inner_right, outer_left, outer_right]}
aether_legacy:aerogel_wall: PropertyBool{name=east, clazz=class java.lang.Boolean, values=[true, false]}, PropertyBool{name=north, clazz=class java.lang.Boolean, values=[true, false]}, PropertyBool{name=south, clazz=class java.lang.Boolean, values=[true, false]}, PropertyBool{name=up, clazz=class java.lang.Boolean, values=[true, false]}, PropertyBool{name=west, clazz=class java.lang.Boolean, values=[true, false]}
aether_legacy:aether_dirt: PropertyBool{name=aether_legacy_double_drops, clazz=class java.lang.Boolean, values=[true, false]}
aether_legacy:aether_grass: PropertyBool{name=aether_legacy_double_drops, clazz=class java.lang.Boolean, values=[true, false]}, PropertyBool{name=dungeon_block, clazz=class java.lang.Boolean, values=[true, false]}, PropertyBool{name=snowy, clazz=class java.lang.Boolean, values=[true, false]}
aether_legacy:aether_leaves: PropertyEnum{name=aether_leaves, clazz=class com.gildedgames.the_aether.blocks.util.EnumLeafType, values=[green_leaves, golden_oak_leaves]}, PropertyBool{name=check_decay, clazz=class java.lang.Boolean, values=[true, false]}, PropertyBool{name=decayable, clazz=class java.lang.Boolean, values=[true, false]}
aether_legacy:aether_lever: PropertyEnum{name=facing, clazz=class net.minecraft.block.BlockLever$EnumOrientation, values=[down_x, east, west, south, north, up_z, up_x, down_z]}, PropertyBool{name=powered, clazz=class java.lang.Boolean, values=[true, false]}
aether_legacy:aether_log: PropertyBool{name=aether_legacy_double_drops, clazz=class java.lang.Boolean, values=[true, false]}, PropertyEnum{name=aether_logs, clazz=class com.gildedgames.the_aether.blocks.util.EnumLogType, values=[skyroot_log, golden_oak_log]}, PropertyEnum{name=axis, clazz=class net.minecraft.block.BlockLog$EnumAxis, values=[x, y, z, none]}
aether_legacy:aether_portal: PropertyEnum{name=axis, clazz=class net.minecraft.util.EnumFacing$Axis, values=[x, z]}
aether_legacy:aetherion_chest: PropertyDirection{name=facing, clazz=class net.minecraft.util.EnumFacing, values=[north, south, west, east]}
aether_legacy:ambrosium_block: 
aether_legacy:ambrosium_ore: PropertyBool{name=aether_legacy_double_drops, clazz=class java.lang.Boolean, values=[true, false]}
aether_legacy:ambrosium_torch: PropertyDirection{name=facing, clazz=class net.minecraft.util.EnumFacing, values=[up, north, south, west, east]}
aether_legacy:angelic_double_slab: PropertyEnum{name=half, clazz=class net.minecraft.block.BlockSlab$EnumBlockHalf, values=[top, bottom]}
aether_legacy:angelic_slab: PropertyEnum{name=half, clazz=class net.minecraft.block.BlockSlab$EnumBlockHalf, values=[top, bottom]}
aether_legacy:angelic_stairs: PropertyDirection{name=facing, clazz=class net.minecraft.util.EnumFacing, values=[north, south, west, east]}, PropertyEnum{name=half, clazz=class net.minecraft.block.BlockStairs$EnumHalf, values=[top, bottom]}, PropertyEnum{name=shape, clazz=class net.minecraft.block.BlockStairs$EnumShape, values=[straight, inner_left, inner_right, outer_left, outer_right]}
aether_legacy:angelic_wall: PropertyBool{name=east, clazz=class java.lang.Boolean, values=[true, false]}, PropertyBool{name=north, clazz=class java.lang.Boolean, values=[true, false]}, PropertyBool{name=south, clazz=class java.lang.Boolean, values=[true, false]}, PropertyBool{name=up, clazz=class java.lang.Boolean, values=[true, false]}, PropertyBool{name=west, clazz=class java.lang.Boolean, values=[true, false]}
aether_legacy:berry_bush: 
aether_legacy:berry_bush_stem: 
aether_legacy:carved_double_slab: PropertyEnum{name=half, clazz=class net.minecraft.block.BlockSlab$EnumBlockHalf, values=[top, bottom]}
aether_legacy:carved_slab: PropertyEnum{name=half, clazz=class net.minecraft.block.BlockSlab$EnumBlockHalf, values=[top, bottom]}
aether_legacy:carved_stairs: PropertyDirection{name=facing, clazz=class net.minecraft.util.EnumFacing, values=[north, south, west, east]}, PropertyEnum{name=half, clazz=class net.minecraft.block.BlockStairs$EnumHalf, values=[top, bottom]}, PropertyEnum{name=shape, clazz=class net.minecraft.block.BlockStairs$EnumShape, values=[straight, inner_left, inner_right, outer_left, outer_right]}
aether_legacy:carved_wall: PropertyBool{name=east, clazz=class java.lang.Boolean, values=[true, false]}, PropertyBool{name=north, clazz=class java.lang.Boolean, values=[true, false]}, PropertyBool{name=south, clazz=class java.lang.Boolean, values=[true, false]}, PropertyBool{name=up, clazz=class java.lang.Boolean, values=[true, false]}, PropertyBool{name=west, clazz=class java.lang.Boolean, values=[true, false]}
aether_legacy:chest_mimic: PropertyDirection{name=facing, clazz=class net.minecraft.util.EnumFacing, values=[north, south, west, east]}
aether_legacy:crystal_leaves: PropertyBool{name=check_decay, clazz=class java.lang.Boolean, values=[true, false]}, PropertyEnum{name=crystal_leaves, clazz=class com.gildedgames.the_aether.blocks.util.EnumCrystalType, values=[crystal_leaves, crystal_fruit_leaves]}, PropertyBool{name=decayable, clazz=class java.lang.Boolean, values=[true, false]}
aether_legacy:dungeon_block: PropertyEnum{name=aether_legacy_dungeon_stone, clazz=class com.gildedgames.the_aether.blocks.util.EnumStoneType, values=[carved_stone, sentry_stone, angelic_stone, light_angelic_stone, hellfire_stone, light_hellfire_stone]}
aether_legacy:dungeon_trap: PropertyEnum{name=aether_legacy_dungeon_stone, clazz=class com.gildedgames.the_aether.blocks.util.EnumStoneType, values=[carved_stone, sentry_stone, angelic_stone, light_angelic_stone, hellfire_stone, light_hellfire_stone]}
aether_legacy:enchanted_aether_grass: PropertyBool{name=snowy, clazz=class java.lang.Boolean, values=[true, false]}
aether_legacy:enchanted_gravitite: 
aether_legacy:enchanter: PropertyBool{name=powered, clazz=class java.lang.Boolean, values=[true, false]}
aether_legacy:freezer: PropertyBool{name=powered, clazz=class java.lang.Boolean, values=[true, false]}
aether_legacy:golden_oak_sapling: 
aether_legacy:gravitite_ore: 
aether_legacy:hellfire_double_slab: PropertyEnum{name=half, clazz=class net.minecraft.block.BlockSlab$EnumBlockHalf, values=[top, bottom]}
aether_legacy:hellfire_slab: PropertyEnum{name=half, clazz=class net.minecraft.block.BlockSlab$EnumBlockHalf, values=[top, bottom]}
aether_legacy:hellfire_stairs: PropertyDirection{name=facing, clazz=class net.minecraft.util.EnumFacing, values=[north, south, west, east]}, PropertyEnum{name=half, clazz=class net.minecraft.block.BlockStairs$EnumHalf, values=[top, bottom]}, PropertyEnum{name=shape, clazz=class net.minecraft.block.BlockStairs$EnumShape, values=[straight, inner_left, inner_right, outer_left, outer_right]}
aether_legacy:hellfire_wall: PropertyBool{name=east, clazz=class java.lang.Boolean, values=[true, false]}, PropertyBool{name=north, clazz=class java.lang.Boolean, values=[true, false]}, PropertyBool{name=south, clazz=class java.lang.Boolean, values=[true, false]}, PropertyBool{name=up, clazz=class java.lang.Boolean, values=[true, false]}, PropertyBool{name=west, clazz=class java.lang.Boolean, values=[true, false]}
aether_legacy:holiday_leaves: PropertyBool{name=check_decay, clazz=class java.lang.Boolean, values=[true, false]}, PropertyBool{name=decayable, clazz=class java.lang.Boolean, values=[true, false]}, PropertyEnum{name=holiday_leaves, clazz=class com.gildedgames.the_aether.blocks.util.EnumHolidayType, values=[holiday_leaves, decorated_holiday_leaves]}
aether_legacy:holystone: PropertyBool{name=aether_legacy_double_drops, clazz=class java.lang.Boolean, values=[true, false]}, PropertyBool{name=dungeon_block, clazz=class java.lang.Boolean, values=[true, false]}
aether_legacy:holystone_brick: 
aether_legacy:holystone_brick_double_slab: PropertyEnum{name=half, clazz=class net.minecraft.block.BlockSlab$EnumBlockHalf, values=[top, bottom]}
aether_legacy:holystone_brick_slab: PropertyEnum{name=half, clazz=class net.minecraft.block.BlockSlab$EnumBlockHalf, values=[top, bottom]}
aether_legacy:holystone_brick_stairs: PropertyDirection{name=facing, clazz=class net.minecraft.util.EnumFacing, values=[north, south, west, east]}, PropertyEnum{name=half, clazz=class net.minecraft.block.BlockStairs$EnumHalf, values=[top, bottom]}, PropertyEnum{name=shape, clazz=class net.minecraft.block.BlockStairs$EnumShape, values=[straight, inner_left, inner_right, outer_left, outer_right]}
aether_legacy:holystone_brick_wall: PropertyBool{name=east, clazz=class java.lang.Boolean, values=[true, false]}, PropertyBool{name=north, clazz=class java.lang.Boolean, values=[true, false]}, PropertyBool{name=south, clazz=class java.lang.Boolean, values=[true, false]}, PropertyBool{name=up, clazz=class java.lang.Boolean, values=[true, false]}, PropertyBool{name=west, clazz=class java.lang.Boolean, values=[true, false]}
aether_legacy:holystone_button: PropertyDirection{name=facing, clazz=class net.minecraft.util.EnumFacing, values=[down, up, north, south, west, east]}, PropertyBool{name=powered, clazz=class java.lang.Boolean, values=[true, false]}
aether_legacy:holystone_double_slab: PropertyEnum{name=half, clazz=class net.minecraft.block.BlockSlab$EnumBlockHalf, values=[top, bottom]}
aether_legacy:holystone_pressure_plate: PropertyBool{name=powered, clazz=class java.lang.Boolean, values=[true, false]}
aether_legacy:holystone_slab: PropertyEnum{name=half, clazz=class net.minecraft.block.BlockSlab$EnumBlockHalf, values=[top, bottom]}
aether_legacy:holystone_stairs: PropertyDirection{name=facing, clazz=class net.minecraft.util.EnumFacing, values=[north, south, west, east]}, PropertyEnum{name=half, clazz=class net.minecraft.block.BlockStairs$EnumHalf, values=[top, bottom]}, PropertyEnum{name=shape, clazz=class net.minecraft.block.BlockStairs$EnumShape, values=[straight, inner_left, inner_right, outer_left, outer_right]}
aether_legacy:holystone_wall: PropertyBool{name=east, clazz=class java.lang.Boolean, values=[true, false]}, PropertyBool{name=north, clazz=class java.lang.Boolean, values=[true, false]}, PropertyBool{name=south, clazz=class java.lang.Boolean, values=[true, false]}, PropertyBool{name=up, clazz=class java.lang.Boolean, values=[true, false]}, PropertyBool{name=west, clazz=class java.lang.Boolean, values=[true, false]}
aether_legacy:icestone: 
aether_legacy:incubator: PropertyBool{name=powered, clazz=class java.lang.Boolean, values=[true, false]}
aether_legacy:locked_dungeon_block: PropertyEnum{name=aether_legacy_dungeon_stone, clazz=class com.gildedgames.the_aether.blocks.util.EnumStoneType, values=[carved_stone, sentry_stone, angelic_stone, light_angelic_stone, hellfire_stone, light_hellfire_stone]}
aether_legacy:mossy_holystone: PropertyBool{name=aether_legacy_double_drops, clazz=class java.lang.Boolean, values=[true, false]}, PropertyBool{name=dungeon_block, clazz=class java.lang.Boolean, values=[true, false]}
aether_legacy:mossy_holystone_double_slab: PropertyEnum{name=half, clazz=class net.minecraft.block.BlockSlab$EnumBlockHalf, values=[top, bottom]}
aether_legacy:mossy_holystone_slab: PropertyEnum{name=half, clazz=class net.minecraft.block.BlockSlab$EnumBlockHalf, values=[top, bottom]}
aether_legacy:mossy_holystone_stairs: PropertyDirection{name=facing, clazz=class net.minecraft.util.EnumFacing, values=[north, south, west, east]}, PropertyEnum{name=half, clazz=class net.minecraft.block.BlockStairs$EnumHalf, values=[top, bottom]}, PropertyEnum{name=shape, clazz=class net.minecraft.block.BlockStairs$EnumShape, values=[straight, inner_left, inner_right, outer_left, outer_right]}
aether_legacy:mossy_holystone_wall: PropertyBool{name=east, clazz=class java.lang.Boolean, values=[true, false]}, PropertyBool{name=north, clazz=class java.lang.Boolean, values=[true, false]}, PropertyBool{name=south, clazz=class java.lang.Boolean, values=[true, false]}, PropertyBool{name=up, clazz=class java.lang.Boolean, values=[true, false]}, PropertyBool{name=west, clazz=class java.lang.Boolean, values=[true, false]}
aether_legacy:pillar: 
aether_legacy:pillar_top: 
aether_legacy:present: 
aether_legacy:purple_flower: 
aether_legacy:quicksoil: PropertyBool{name=aether_legacy_double_drops, clazz=class java.lang.Boolean, values=[true, false]}
aether_legacy:quicksoil_glass: 
aether_legacy:quicksoil_glass_pane: PropertyBool{name=east, clazz=class java.lang.Boolean, values=[true, false]}, PropertyBool{name=north, clazz=class java.lang.Boolean, values=[true, false]}, PropertyBool{name=south, clazz=class java.lang.Boolean, values=[true, false]}, PropertyBool{name=west, clazz=class java.lang.Boolean, values=[true, false]}
aether_legacy:skyroot_bed: PropertyDirection{name=facing, clazz=class net.minecraft.util.EnumFacing, values=[north, south, west, east]}, PropertyBool{name=occupied, clazz=class java.lang.Boolean, values=[true, false]}, PropertyEnum{name=part, clazz=class net.minecraft.block.BlockBed$EnumPartType, values=[head, foot]}
aether_legacy:skyroot_bookshelf: 
aether_legacy:skyroot_button: PropertyDirection{name=facing, clazz=class net.minecraft.util.EnumFacing, values=[down, up, north, south, west, east]}, PropertyBool{name=powered, clazz=class java.lang.Boolean, values=[true, false]}
aether_legacy:skyroot_chest: PropertyDirection{name=facing, clazz=class net.minecraft.util.EnumFacing, values=[north, south, west, east]}
aether_legacy:skyroot_crafting_table: 
aether_legacy:skyroot_door: PropertyDirection{name=facing, clazz=class net.minecraft.util.EnumFacing, values=[north, south, west, east]}, PropertyEnum{name=half, clazz=class net.minecraft.block.BlockDoor$EnumDoorHalf, values=[upper, lower]}, PropertyEnum{name=hinge, clazz=class net.minecraft.block.BlockDoor$EnumHingePosition, values=[left, right]}, PropertyBool{name=open, clazz=class java.lang.Boolean, values=[true, false]}, PropertyBool{name=powered, clazz=class java.lang.Boolean, values=[true, false]}
aether_legacy:skyroot_double_slab: PropertyEnum{name=half, clazz=class net.minecraft.block.BlockSlab$EnumBlockHalf, values=[top, bottom]}
aether_legacy:skyroot_fence: PropertyBool{name=east, clazz=class java.lang.Boolean, values=[true, false]}, PropertyBool{name=north, clazz=class java.lang.Boolean, values=[true, false]}, PropertyBool{name=south, clazz=class java.lang.Boolean, values=[true, false]}, PropertyBool{name=west, clazz=class java.lang.Boolean, values=[true, false]}
aether_legacy:skyroot_fence_gate: PropertyDirection{name=facing, clazz=class net.minecraft.util.EnumFacing, values=[north, south, west, east]}, PropertyBool{name=in_wall, clazz=class java.lang.Boolean, values=[true, false]}, PropertyBool{name=open, clazz=class java.lang.Boolean, values=[true, false]}, PropertyBool{name=powered, clazz=class java.lang.Boolean, values=[true, false]}
aether_legacy:skyroot_ladder: PropertyDirection{name=facing, clazz=class net.minecraft.util.EnumFacing, values=[north, south, west, east]}
aether_legacy:skyroot_plank: 
aether_legacy:skyroot_pressure_plate: PropertyBool{name=powered, clazz=class java.lang.Boolean, values=[true, false]}
aether_legacy:skyroot_sapling: 
aether_legacy:skyroot_slab: PropertyEnum{name=half, clazz=class net.minecraft.block.BlockSlab$EnumBlockHalf, values=[top, bottom]}
aether_legacy:skyroot_stairs: PropertyDirection{name=facing, clazz=class net.minecraft.util.EnumFacing, values=[north, south, west, east]}, PropertyEnum{name=half, clazz=class net.minecraft.block.BlockStairs$EnumHalf, values=[top, bottom]}, PropertyEnum{name=shape, clazz=class net.minecraft.block.BlockStairs$EnumShape, values=[straight, inner_left, inner_right, outer_left, outer_right]}
aether_legacy:skyroot_standing_sign: PropertyInteger{name=rotation, clazz=class java.lang.Integer, values=[0, 1, 2, 3, 4, 5, 6, 7, 8, 9, 10, 11, 12, 13, 14, 15]}
aether_legacy:skyroot_trapdoor: PropertyDirection{name=facing, clazz=class net.minecraft.util.EnumFacing, values=[north, south, west, east]}, PropertyEnum{name=half, clazz=class net.minecraft.block.BlockTrapDoor$DoorHalf, values=[top, bottom]}, PropertyBool{name=open, clazz=class java.lang.Boolean, values=[true, false]}
aether_legacy:skyroot_wall_sign: PropertyDirection{name=facing, clazz=class net.minecraft.util.EnumFacing, values=[north, south, west, east]}
aether_legacy:sun_altar: 
aether_legacy:treasure_chest: PropertyDirection{name=facing, clazz=class net.minecraft.util.EnumFacing, values=[north, south, west, east]}
aether_legacy:white_flower: 
aether_legacy:zanite_bars: PropertyBool{name=east, clazz=class java.lang.Boolean, values=[true, false]}, PropertyBool{name=north, clazz=class java.lang.Boolean, values=[true, false]}, PropertyBool{name=south, clazz=class java.lang.Boolean, values=[true, false]}, PropertyBool{name=west, clazz=class java.lang.Boolean, values=[true, false]}
aether_legacy:zanite_block: 
aether_legacy:zanite_door: PropertyDirection{name=facing, clazz=class net.minecraft.util.EnumFacing, values=[north, south, west, east]}, PropertyEnum{name=half, clazz=class net.minecraft.block.BlockDoor$EnumDoorHalf, values=[upper, lower]}, PropertyEnum{name=hinge, clazz=class net.minecraft.block.BlockDoor$EnumHingePosition, values=[left, right]}, PropertyBool{name=open, clazz=class java.lang.Boolean, values=[true, false]}, PropertyBool{name=powered, clazz=class java.lang.Boolean, values=[true, false]}
aether_legacy:zanite_ore: 
aether_legacy:zanite_pressure_plate: PropertyBool{name=powered, clazz=class java.lang.Boolean, values=[true, false]}
aether_legacy:zanite_trapdoor: PropertyDirection{name=facing, clazz=class net.minecraft.util.EnumFacing, values=[north, south, west, east]}, PropertyEnum{name=half, clazz=class net.minecraft.block.BlockTrapDoor$DoorHalf, values=[top, bottom]}, PropertyBool{name=open, clazz=class java.lang.Boolean, values=[true, false]}
ancientbeasts:cursed_door: PropertyDirection{name=facing, clazz=class net.minecraft.util.EnumFacing, values=[north, south, west, east]}, PropertyEnum{name=half, clazz=class net.minecraft.block.BlockDoor$EnumDoorHalf, values=[upper, lower]}, PropertyEnum{name=hinge, clazz=class net.minecraft.block.BlockDoor$EnumHingePosition, values=[left, right]}, PropertyBool{name=open, clazz=class java.lang.Boolean, values=[true, false]}, PropertyBool{name=powered, clazz=class java.lang.Boolean, values=[true, false]}
ancientbeasts:cursed_fence: PropertyBool{name=east, clazz=class java.lang.Boolean, values=[true, false]}, PropertyBool{name=north, clazz=class java.lang.Boolean, values=[true, false]}, PropertyBool{name=south, clazz=class java.lang.Boolean, values=[true, false]}, PropertyBool{name=west, clazz=class java.lang.Boolean, values=[true, false]}
ancientbeasts:cursed_gate: PropertyDirection{name=facing, clazz=class net.minecraft.util.EnumFacing, values=[north, south, west, east]}, PropertyBool{name=in_wall, clazz=class java.lang.Boolean, values=[true, false]}, PropertyBool{name=open, clazz=class java.lang.Boolean, values=[true, false]}, PropertyBool{name=powered, clazz=class java.lang.Boolean, values=[true, false]}
ancientbeasts:cursed_leaves: PropertyBool{name=check_decay, clazz=class java.lang.Boolean, values=[true, false]}, PropertyBool{name=decayable, clazz=class java.lang.Boolean, values=[true, false]}
ancientbeasts:cursed_log: PropertyEnum{name=axis, clazz=class net.minecraft.util.EnumFacing$Axis, values=[x, y, z]}
ancientbeasts:cursed_plank: 
ancientbeasts:cursed_sapling: PropertyInteger{name=stage, clazz=class java.lang.Integer, values=[0, 1]}
ancientbeasts:cursed_slab_double: PropertyEnum{name=variant, clazz=class com.unoriginal.beastslayer.blocks.slabs.BlockSlabBase$Variant, values=[DEFAULT]}
ancientbeasts:cursed_slab_half: PropertyEnum{name=half, clazz=class net.minecraft.block.BlockSlab$EnumBlockHalf, values=[top, bottom]}, PropertyEnum{name=variant, clazz=class com.unoriginal.beastslayer.blocks.slabs.BlockSlabBase$Variant, values=[DEFAULT]}
ancientbeasts:cursed_stairs: PropertyDirection{name=facing, clazz=class net.minecraft.util.EnumFacing, values=[north, south, west, east]}, PropertyEnum{name=half, clazz=class net.minecraft.block.BlockStairs$EnumHalf, values=[top, bottom]}, PropertyEnum{name=shape, clazz=class net.minecraft.block.BlockStairs$EnumShape, values=[straight, inner_left, inner_right, outer_left, outer_right]}
ancientbeasts:green_torch: PropertyDirection{name=facing, clazz=class net.minecraft.util.EnumFacing, values=[up, north, south, west, east]}
ancientbeasts:hanging_leaves: 
ancientbeasts:moving_light_source: 
ancientbeasts:pokey: PropertyDirection{name=facing, clazz=class net.minecraft.util.EnumFacing, values=[down, up, north, south, west, east]}
ancientbeasts:skewer: PropertyDirection{name=facing, clazz=class net.minecraft.util.EnumFacing, values=[down, up, north, south, west, east]}
ancientbeasts:spiky: PropertyDirection{name=facing, clazz=class net.minecraft.util.EnumFacing, values=[down, up, north, south, west, east]}
ancientbeasts:stick_wall: PropertyEnum{name=axis, clazz=class net.minecraft.util.EnumFacing$Axis, values=[x, y, z]}
ancientbeasts:thatch: PropertyEnum{name=axis, clazz=class net.minecraft.util.EnumFacing$Axis, values=[x, y, z]}
ancientspellcraft:arcane_anvil: PropertyDirection{name=facing, clazz=class net.minecraft.util.EnumFacing, values=[north, south, west, east]}
ancientspellcraft:arcane_flame: 
ancientspellcraft:arcane_wall: 
ancientspellcraft:artefact_pensive: PropertyBool{name=empty, clazz=class java.lang.Boolean, values=[true, false]}
ancientspellcraft:astral_diamond_ore: 
ancientspellcraft:candlelight: 
ancientspellcraft:concealed_block: 
ancientspellcraft:conjured_dirt: 
ancientspellcraft:conjured_magma: 
ancientspellcraft:conjured_snow: 
ancientspellcraft:crystal_mine: 
ancientspellcraft:crystal_ore_earth: 
ancientspellcraft:crystal_ore_fire: 
ancientspellcraft:crystal_ore_healing: 
ancientspellcraft:crystal_ore_ice: 
ancientspellcraft:crystal_ore_lightning: 
ancientspellcraft:crystal_ore_necromancy: 
ancientspellcraft:crystal_ore_sorcery: 
ancientspellcraft:crystal_silver_ore: 
ancientspellcraft:devoritium_bars: PropertyBool{name=east, clazz=class java.lang.Boolean, values=[true, false]}, PropertyBool{name=north, clazz=class java.lang.Boolean, values=[true, false]}, PropertyBool{name=south, clazz=class java.lang.Boolean, values=[true, false]}, PropertyBool{name=west, clazz=class java.lang.Boolean, values=[true, false]}
ancientspellcraft:devoritium_block: 
ancientspellcraft:devoritium_door: PropertyDirection{name=facing, clazz=class net.minecraft.util.EnumFacing, values=[north, south, west, east]}, PropertyEnum{name=half, clazz=class net.minecraft.block.BlockDoor$EnumDoorHalf, values=[upper, lower]}, PropertyEnum{name=hinge, clazz=class net.minecraft.block.BlockDoor$EnumHingePosition, values=[left, right]}, PropertyBool{name=open, clazz=class java.lang.Boolean, values=[true, false]}, PropertyBool{name=powered, clazz=class java.lang.Boolean, values=[true, false]}
ancientspellcraft:devoritium_gilded_stone: 
ancientspellcraft:devoritium_ore: 
ancientspellcraft:dimension_boundary: 
ancientspellcraft:dimension_boundary_earth: 
ancientspellcraft:dimension_boundary_fire: 
ancientspellcraft:dimension_boundary_healing: 
ancientspellcraft:dimension_boundary_ice: 
ancientspellcraft:dimension_boundary_lightning: 
ancientspellcraft:dimension_boundary_magic: 
ancientspellcraft:dimension_boundary_necromancy: 
ancientspellcraft:dimension_boundary_sorcery: 
ancientspellcraft:dimension_focus: 
ancientspellcraft:dimension_focus_gold: 
ancientspellcraft:hard_frosted_ice: PropertyInteger{name=age, clazz=class java.lang.Integer, values=[0, 1, 2, 3]}
ancientspellcraft:ice_crafting_table: 
ancientspellcraft:ice_door: PropertyDirection{name=facing, clazz=class net.minecraft.util.EnumFacing, values=[north, south, west, east]}, PropertyEnum{name=half, clazz=class net.minecraft.block.BlockDoor$EnumDoorHalf, values=[upper, lower]}, PropertyEnum{name=hinge, clazz=class net.minecraft.block.BlockDoor$EnumHingePosition, values=[left, right]}, PropertyBool{name=open, clazz=class java.lang.Boolean, values=[true, false]}, PropertyBool{name=powered, clazz=class java.lang.Boolean, values=[true, false]}
ancientspellcraft:imbuement_altar_ruined: 
ancientspellcraft:leaves_crystal_tree: PropertyBool{name=check_decay, clazz=class java.lang.Boolean, values=[true, false]}, PropertyBool{name=decayable, clazz=class java.lang.Boolean, values=[true, false]}
ancientspellcraft:lightning_block: 
ancientspellcraft:log_crystal_tree: PropertyEnum{name=axis, clazz=class net.minecraft.block.BlockLog$EnumAxis, values=[x, y, z, none]}
ancientspellcraft:magelight: 
ancientspellcraft:master_bolt: PropertyDirection{name=facing, clazz=class net.minecraft.util.EnumFacing, values=[north, south, west, east]}
ancientspellcraft:mushroom_cleansing: PropertyInteger{name=age, clazz=class java.lang.Integer, values=[0, 1, 2, 3, 4, 5, 6, 7]}
ancientspellcraft:mushroom_empowering: PropertyInteger{name=age, clazz=class java.lang.Integer, values=[0, 1, 2, 3, 4, 5, 6, 7]}
ancientspellcraft:mushroom_explosive: PropertyInteger{name=age, clazz=class java.lang.Integer, values=[0, 1, 2, 3, 4, 5, 6, 7]}
ancientspellcraft:mushroom_fire: PropertyInteger{name=age, clazz=class java.lang.Integer, values=[0, 1, 2, 3, 4, 5, 6, 7]}
ancientspellcraft:mushroom_force: PropertyInteger{name=age, clazz=class java.lang.Integer, values=[0, 1, 2, 3, 4, 5, 6, 7]}
ancientspellcraft:mushroom_healing: PropertyInteger{name=age, clazz=class java.lang.Integer, values=[0, 1, 2, 3, 4, 5, 6, 7]}
ancientspellcraft:mushroom_ice: PropertyInteger{name=age, clazz=class java.lang.Integer, values=[0, 1, 2, 3, 4, 5, 6, 7]}
ancientspellcraft:mushroom_mind: PropertyInteger{name=age, clazz=class java.lang.Integer, values=[0, 1, 2, 3, 4, 5, 6, 7]}
ancientspellcraft:mushroom_poison: PropertyInteger{name=age, clazz=class java.lang.Integer, values=[0, 1, 2, 3, 4, 5, 6, 7]}
ancientspellcraft:mushroom_shocking: PropertyInteger{name=age, clazz=class java.lang.Integer, values=[0, 1, 2, 3, 4, 5, 6, 7]}
ancientspellcraft:mushroom_wither: PropertyInteger{name=age, clazz=class java.lang.Integer, values=[0, 1, 2, 3, 4, 5, 6, 7]}
ancientspellcraft:nether_fire: PropertyInteger{name=age, clazz=class java.lang.Integer, values=[0, 1, 2, 3, 4, 5, 6, 7, 8, 9, 10, 11, 12, 13, 14, 15]}, PropertyBool{name=east, clazz=class java.lang.Boolean, values=[true, false]}, PropertyBool{name=north, clazz=class java.lang.Boolean, values=[true, false]}, PropertyBool{name=south, clazz=class java.lang.Boolean, values=[true, false]}, PropertyBool{name=up, clazz=class java.lang.Boolean, values=[true, false]}, PropertyBool{name=west, clazz=class java.lang.Boolean, values=[true, false]}
ancientspellcraft:placed_rune: 
ancientspellcraft:quicksand: 
ancientspellcraft:rune_used: 
ancientspellcraft:sage_flax: 
ancientspellcraft:sage_flax_day: 
ancientspellcraft:sage_lectern: PropertyDirection{name=facing, clazz=class net.minecraft.util.EnumFacing, values=[north, south, west, east]}
ancientspellcraft:scribing_desk: PropertyDirection{name=facing, clazz=class net.minecraft.util.EnumFacing, values=[north, south, west, east]}
ancientspellcraft:sealed_stone: PropertyInteger{name=unsealing, clazz=class java.lang.Integer, values=[0, 1, 2, 3]}
ancientspellcraft:sentinel_block_diamond: 
ancientspellcraft:sentinel_block_gold: 
ancientspellcraft:sentinel_block_iron: 
ancientspellcraft:sentinel_block_large_diamond: 
ancientspellcraft:sentinel_block_large_gold: 
ancientspellcraft:sentinel_block_large_iron: 
ancientspellcraft:skull_watch: 
ancientspellcraft:snow_double_slab: PropertyEnum{name=variant, clazz=class com.windanesz.ancientspellcraft.block.BlockSnowSlab$Variant, values=[DEFAULT]}
ancientspellcraft:snow_slab: PropertyEnum{name=half, clazz=class net.minecraft.block.BlockSlab$EnumBlockHalf, values=[top, bottom]}, PropertyEnum{name=variant, clazz=class com.windanesz.ancientspellcraft.block.BlockSnowSlab$Variant, values=[DEFAULT]}
ancientspellcraft:sphere_cognizance: 
ancientspellcraft:teleportation_flame: 
ancientspellcraft:unseal_button: 
ancientspellcraft:unsealed_stone: 
ancientspellcraft:wildfire_flame: 
ancientwarfare:engineering_station: PropertyDirection{name=facing, clazz=class net.minecraft.util.EnumFacing, values=[north, south, west, east]}
ancientwarfare:research_station: PropertyDirection{name=facing, clazz=class net.minecraft.util.EnumFacing, values=[north, south, west, east]}, PropertyBool{name=has_book, clazz=class java.lang.Boolean, values=[true, false]}
ancientwarfareautomation:animal_farm: PropertyBool{name=active, clazz=class java.lang.Boolean, values=[true, false]}, PropertyDirection{name=facing, clazz=class net.minecraft.util.EnumFacing, values=[north, south, west, east]}
ancientwarfareautomation:auto_crafting: 
ancientwarfareautomation:chunk_loader_deluxe: 
ancientwarfareautomation:chunk_loader_simple: 
ancientwarfareautomation:crop_farm: PropertyBool{name=active, clazz=class java.lang.Boolean, values=[true, false]}, PropertyDirection{name=facing, clazz=class net.minecraft.util.EnumFacing, values=[north, south, west, east]}
ancientwarfareautomation:fish_farm: PropertyBool{name=active, clazz=class java.lang.Boolean, values=[true, false]}, PropertyDirection{name=facing, clazz=class net.minecraft.util.EnumFacing, values=[north, south, west, east]}
ancientwarfareautomation:flywheel_controller: PropertyEnum{name=tier, clazz=class net.shadowmage.ancientwarfare.automation.block.TorqueTier, values=[LIGHT, MEDIUM, HEAVY]}
ancientwarfareautomation:flywheel_storage: PropertyEnum{name=tier, clazz=class net.shadowmage.ancientwarfare.automation.block.TorqueTier, values=[LIGHT, MEDIUM, HEAVY]}
ancientwarfareautomation:fruit_farm: PropertyBool{name=active, clazz=class java.lang.Boolean, values=[true, false]}, PropertyDirection{name=facing, clazz=class net.minecraft.util.EnumFacing, values=[north, south, west, east]}
ancientwarfareautomation:hand_cranked_generator: 
ancientwarfareautomation:mailbox: PropertyDirection{name=facing, clazz=class net.minecraft.util.EnumFacing, values=[north, south, west, east]}
ancientwarfareautomation:quarry: PropertyBool{name=active, clazz=class java.lang.Boolean, values=[true, false]}, PropertyDirection{name=facing, clazz=class net.minecraft.util.EnumFacing, values=[north, south, west, east]}
ancientwarfareautomation:stirling_generator: 
ancientwarfareautomation:torque_distributor: PropertyEnum{name=tier, clazz=class net.shadowmage.ancientwarfare.automation.block.TorqueTier, values=[LIGHT, MEDIUM, HEAVY]}
ancientwarfareautomation:torque_junction: PropertyEnum{name=tier, clazz=class net.shadowmage.ancientwarfare.automation.block.TorqueTier, values=[LIGHT, MEDIUM, HEAVY]}
ancientwarfareautomation:torque_shaft: PropertyEnum{name=tier, clazz=class net.shadowmage.ancientwarfare.automation.block.TorqueTier, values=[LIGHT, MEDIUM, HEAVY]}
ancientwarfareautomation:tree_farm: PropertyBool{name=active, clazz=class java.lang.Boolean, values=[true, false]}, PropertyDirection{name=facing, clazz=class net.minecraft.util.EnumFacing, values=[north, south, west, east]}
ancientwarfareautomation:warehouse_control: PropertyBool{name=active, clazz=class java.lang.Boolean, values=[true, false]}, PropertyDirection{name=facing, clazz=class net.minecraft.util.EnumFacing, values=[north, south, west, east]}
ancientwarfareautomation:warehouse_crafting: 
ancientwarfareautomation:warehouse_interface: 
ancientwarfareautomation:warehouse_stock_linker: PropertyDirection{name=facing, clazz=class net.minecraft.util.EnumFacing, values=[north, south, west, east]}, PropertyBool{name=lit, clazz=class java.lang.Boolean, values=[true, false]}
ancientwarfareautomation:warehouse_stock_viewer: PropertyDirection{name=facing, clazz=class net.minecraft.util.EnumFacing, values=[north, south, west, east]}
ancientwarfareautomation:warehouse_storage: PropertyEnum{name=size, clazz=class net.shadowmage.ancientwarfare.automation.block.BlockWarehouseStorage$Size, values=[SMALL, MEDIUM, LARGE]}
ancientwarfareautomation:waterwheel_generator: PropertyBool{name=valid_setup, clazz=class java.lang.Boolean, values=[true, false]}
ancientwarfareautomation:windmill_blade: 
ancientwarfareautomation:windmill_generator: 
ancientwarfarenpc:town_hall: 
ancientwarfarestructure:advanced_loot_chest: PropertyDirection{name=facing, clazz=class net.minecraft.util.EnumFacing, values=[north, south, west, east]}
ancientwarfarestructure:advanced_spawner: PropertyBool{name=transparent, clazz=class java.lang.Boolean, values=[true, false]}
ancientwarfarestructure:altar_candle: 
ancientwarfarestructure:altar_lectern: PropertyDirection{name=facing, clazz=class net.minecraft.util.EnumFacing, values=[north, south, west, east]}
ancientwarfarestructure:altar_long_cloth: 
ancientwarfarestructure:altar_short_cloth: 
ancientwarfarestructure:altar_sun: PropertyDirection{name=facing, clazz=class net.minecraft.util.EnumFacing, values=[north, south, west, east]}
ancientwarfarestructure:bench: PropertyEnum{name=axis, clazz=class net.minecraft.util.EnumFacing$Axis, values=[x, y, z]}, PropertyEnum{name=legs, clazz=class net.shadowmage.ancientwarfare.structure.block.BlockBench$Legs, values=[NONE, LEFT, RIGHT, BOTH]}, PropertyEnum{name=variant, clazz=class net.shadowmage.ancientwarfare.structure.block.WoodVariant, values=[OAK, SPRUCE, BIRCH, JUNGLE, ACACIA, DARK_OAK]}
ancientwarfarestructure:brazier_ember: PropertyBool{name=lit, clazz=class java.lang.Boolean, values=[true, false]}
ancientwarfarestructure:brazier_flame: PropertyBool{name=lit, clazz=class java.lang.Boolean, values=[true, false]}
ancientwarfarestructure:chair: PropertyDirection{name=facing, clazz=class net.minecraft.util.EnumFacing, values=[north, south, west, east]}, PropertyEnum{name=variant, clazz=class net.shadowmage.ancientwarfare.structure.block.WoodVariant, values=[OAK, SPRUCE, BIRCH, JUNGLE, ACACIA, DARK_OAK]}, PropertyBool{name=visible, clazz=class java.lang.Boolean, values=[true, false]}
ancientwarfarestructure:coin_stack_ancient: PropertyStackSize{name=size, clazz=class java.lang.Integer, values=[8, 16, 24, 32, 40, 48, 56, 64]}
ancientwarfarestructure:coin_stack_copper: PropertyStackSize{name=size, clazz=class java.lang.Integer, values=[8, 16, 24, 32, 40, 48, 56, 64]}
ancientwarfarestructure:coin_stack_gold: PropertyStackSize{name=size, clazz=class java.lang.Integer, values=[8, 16, 24, 32, 40, 48, 56, 64]}
ancientwarfarestructure:coin_stack_silver: PropertyStackSize{name=size, clazz=class java.lang.Integer, values=[8, 16, 24, 32, 40, 48, 56, 64]}
ancientwarfarestructure:decorative_flag: PropertyInteger{name=rotation, clazz=class java.lang.Integer, values=[0, 1, 2, 3, 4, 5, 6, 7, 8, 9, 10, 11, 12, 13, 14, 15]}
ancientwarfarestructure:drafting_station: PropertyDirection{name=facing, clazz=class net.minecraft.util.EnumFacing, values=[north, south, west, east]}
ancientwarfarestructure:fire_pit: PropertyBool{name=lit, clazz=class java.lang.Boolean, values=[true, false]}, PropertyEnum{name=variant, clazz=class net.shadowmage.ancientwarfare.structure.block.BlockFirePit$Variant, values=[DEFAULT, LOG, SQUARE]}
ancientwarfarestructure:gate_proxy: 
ancientwarfarestructure:gibbet: PropertyDirection{name=facing, clazz=class net.minecraft.util.EnumFacing, values=[north, south, west, east]}, PropertyEnum{name=part, clazz=class net.shadowmage.ancientwarfare.structure.block.BlockGibbet$Part, values=[TOP, BOTTOM]}, PropertyBool{name=visible, clazz=class java.lang.Boolean, values=[true, false]}
ancientwarfarestructure:goblin_totem_1: PropertyDirection{name=facing, clazz=class net.minecraft.util.EnumFacing, values=[north, south, west, east]}
ancientwarfarestructure:goblin_totem_2: PropertyDirection{name=facing, clazz=class net.minecraft.util.EnumFacing, values=[north, south, west, east]}
ancientwarfarestructure:goblin_totem_2_lit: PropertyDirection{name=facing, clazz=class net.minecraft.util.EnumFacing, values=[north, south, west, east]}
ancientwarfarestructure:golden_idol: PropertyBool{name=bottom_part, clazz=class java.lang.Boolean, values=[true, false]}, PropertyDirection{name=facing, clazz=class net.minecraft.util.EnumFacing, values=[north, south, west, east]}
ancientwarfarestructure:golden_throne: PropertyDirection{name=facing, clazz=class net.minecraft.util.EnumFacing, values=[north, south, west, east]}, PropertyEnum{name=part, clazz=class net.shadowmage.ancientwarfare.structure.render.property.TopBottomPart, values=[TOP, BOTTOM]}
ancientwarfarestructure:gravestone: PropertyDirection{name=facing, clazz=class net.minecraft.util.EnumFacing, values=[north, south, west, east]}, PropertyInteger{name=variant, clazz=class java.lang.Integer, values=[1, 2, 3, 4, 5, 6, 7, 8]}
ancientwarfarestructure:iron_cage: PropertyDirection{name=facing, clazz=class net.minecraft.util.EnumFacing, values=[north, south, west, east]}, PropertyEnum{name=part, clazz=class net.shadowmage.ancientwarfare.structure.block.BlockIronCage$Part, values=[TOP, BOTTOM]}, PropertyBool{name=visible, clazz=class java.lang.Boolean, values=[true, false]}
ancientwarfarestructure:loot_basket: PropertyBool{name=double, clazz=class java.lang.Boolean, values=[true, false]}, PropertyDirection{name=facing, clazz=class net.minecraft.util.EnumFacing, values=[north, south, west, east]}, PropertyBool{name=visible, clazz=class java.lang.Boolean, values=[true, false]}
ancientwarfarestructure:orc_totem_1: PropertyDirection{name=facing, clazz=class net.minecraft.util.EnumFacing, values=[north, south, west, east]}
ancientwarfarestructure:orc_totem_2: PropertyDirection{name=facing, clazz=class net.minecraft.util.EnumFacing, values=[north, south, west, east]}
ancientwarfarestructure:orc_totem_2_lit: PropertyDirection{name=facing, clazz=class net.minecraft.util.EnumFacing, values=[north, south, west, east]}
ancientwarfarestructure:protection_flag: PropertyInteger{name=rotation, clazz=class java.lang.Integer, values=[0, 1, 2, 3, 4, 5, 6, 7, 8, 9, 10, 11, 12, 13, 14, 15]}
ancientwarfarestructure:scissor_seat: PropertyDirection{name=facing, clazz=class net.minecraft.util.EnumFacing, values=[north, south, west, east]}
ancientwarfarestructure:sound_block: 
ancientwarfarestructure:stake: PropertyDirection{name=facing, clazz=class net.minecraft.util.EnumFacing, values=[north, south, west, east]}, PropertyBool{name=on_fire, clazz=class java.lang.Boolean, values=[true, false]}, PropertyEnum{name=part, clazz=class net.shadowmage.ancientwarfare.structure.render.property.TopBottomPart, values=[TOP, BOTTOM]}, PropertyBool{name=visible, clazz=class java.lang.Boolean, values=[true, false]}
ancientwarfarestructure:statue: 
ancientwarfarestructure:stone_coffin: PropertyBool{name=invisible, clazz=class java.lang.Boolean, values=[true, false]}, PropertyEnum{name=variant, clazz=class net.shadowmage.ancientwarfare.structure.block.BlockStoneCoffin$Variant, values=[STONE, SANDSTONE, PRISMARINE, DEMONIC]}
ancientwarfarestructure:stool: PropertyEnum{name=variant, clazz=class net.shadowmage.ancientwarfare.structure.block.WoodVariant, values=[OAK, SPRUCE, BIRCH, JUNGLE, ACACIA, DARK_OAK]}
ancientwarfarestructure:stretching_rack: PropertyDirection{name=facing, clazz=class net.minecraft.util.EnumFacing, values=[north, south, west, east]}, PropertyEnum{name=part, clazz=class net.shadowmage.ancientwarfare.structure.block.BlockStretchingRack$Part, values=[NORTH, SOUTH]}, PropertyBool{name=visible, clazz=class java.lang.Boolean, values=[true, false]}
ancientwarfarestructure:structure_builder_ticked: 
ancientwarfarestructure:structure_scanner_block: PropertyDirection{name=facing, clazz=class net.minecraft.util.EnumFacing, values=[down, up, north, south, west, east]}
ancientwarfarestructure:table: PropertyBool{name=leg_northeast, clazz=class java.lang.Boolean, values=[true, false]}, PropertyBool{name=leg_northwest, clazz=class java.lang.Boolean, values=[true, false]}, PropertyBool{name=leg_southeast, clazz=class java.lang.Boolean, values=[true, false]}, PropertyBool{name=leg_southwest, clazz=class java.lang.Boolean, values=[true, false]}, PropertyEnum{name=variant, clazz=class net.shadowmage.ancientwarfare.structure.block.WoodVariant, values=[OAK, SPRUCE, BIRCH, JUNGLE, ACACIA, DARK_OAK]}
ancientwarfarestructure:totem_part: PropertyDirection{name=facing, clazz=class net.minecraft.util.EnumFacing, values=[north, south, west, east]}, PropertyEnum{name=variant, clazz=class net.shadowmage.ancientwarfare.structure.block.BlockTotemPart$Variant, values=[BASE, MID, MID_ALT, TOP, WINGS, IRMINSUL_BASE, IRMINSUL_MID, IRMINSUL_TOP, IRMINSUL_SIDE, ELEPHANT_LEFT, ELEPHANT_RIGHT, ELEPHANT_BODY, XOLTEC_IDOL_BODY_LEFT, XOLTEC_IDOL_BODY_RIGHT, XOLTEC_IDOL_HEAD_LEFT, XOLTEC_IDOL_HEAD_RIGHT]}, PropertyBool{name=visible, clazz=class java.lang.Boolean, values=[true, false]}
ancientwarfarestructure:tribal_chair: PropertyDirection{name=facing, clazz=class net.minecraft.util.EnumFacing, values=[north, south, west, east]}, PropertyBool{name=visible, clazz=class java.lang.Boolean, values=[true, false]}
ancientwarfarestructure:tribal_stool: PropertyDirection{name=facing, clazz=class net.minecraft.util.EnumFacing, values=[north, south, west, east]}
ancientwarfarestructure:urn: 
ancientwarfarestructure:wooden_coffin: PropertyBool{name=invisible, clazz=class java.lang.Boolean, values=[true, false]}, PropertyEnum{name=variant, clazz=class net.shadowmage.ancientwarfare.structure.block.BlockWoodenCoffin$Variant, values=[OAK, BIRCH, SPRUCE, JUNGLE, DARK_OAK, ACACIA]}
ancientwarfarestructure:wooden_post: PropertyDirection{name=facing, clazz=class net.minecraft.util.EnumFacing, values=[north, south, west, east]}, PropertyEnum{name=part, clazz=class net.shadowmage.ancientwarfare.structure.block.BlockWoodenPost$Part, values=[TOP, BOTTOM]}, PropertyBool{name=visible, clazz=class java.lang.Boolean, values=[true, false]}
ancientwarfarestructure:wooden_throne: PropertyDirection{name=facing, clazz=class net.minecraft.util.EnumFacing, values=[north, south, west, east]}, PropertyBool{name=visible, clazz=class java.lang.Boolean, values=[true, false]}
betteranimalsplus:bearhead: 
betteranimalsplus:bearhead_1: PropertyDirection{name=facing, clazz=class net.minecraft.util.EnumFacing, values=[down, up, north, south, west, east]}
betteranimalsplus:bearhead_2: PropertyDirection{name=facing, clazz=class net.minecraft.util.EnumFacing, values=[down, up, north, south, west, east]}
betteranimalsplus:bearhead_3: PropertyDirection{name=facing, clazz=class net.minecraft.util.EnumFacing, values=[down, up, north, south, west, east]}
betteranimalsplus:boarhead: 
betteranimalsplus:boarhead_1: PropertyDirection{name=facing, clazz=class net.minecraft.util.EnumFacing, values=[down, up, north, south, west, east]}
betteranimalsplus:boarhead_2: PropertyDirection{name=facing, clazz=class net.minecraft.util.EnumFacing, values=[down, up, north, south, west, east]}
betteranimalsplus:boarhead_3: PropertyDirection{name=facing, clazz=class net.minecraft.util.EnumFacing, values=[down, up, north, south, west, east]}
betteranimalsplus:boarhead_4: PropertyDirection{name=facing, clazz=class net.minecraft.util.EnumFacing, values=[down, up, north, south, west, east]}
betteranimalsplus:coyotehead: 
betteranimalsplus:coyotehead_1: PropertyDirection{name=facing, clazz=class net.minecraft.util.EnumFacing, values=[down, up, north, south, west, east]}
betteranimalsplus:deerhead: 
betteranimalsplus:deerhead_1: PropertyDirection{name=facing, clazz=class net.minecraft.util.EnumFacing, values=[down, up, north, south, west, east]}
betteranimalsplus:deerhead_2: PropertyDirection{name=facing, clazz=class net.minecraft.util.EnumFacing, values=[down, up, north, south, west, east]}
betteranimalsplus:deerhead_3: PropertyDirection{name=facing, clazz=class net.minecraft.util.EnumFacing, values=[down, up, north, south, west, east]}
betteranimalsplus:deerhead_4: PropertyDirection{name=facing, clazz=class net.minecraft.util.EnumFacing, values=[down, up, north, south, west, east]}
betteranimalsplus:foxhead: 
betteranimalsplus:foxhead_1: PropertyDirection{name=facing, clazz=class net.minecraft.util.EnumFacing, values=[down, up, north, south, west, east]}
betteranimalsplus:foxhead_2: PropertyDirection{name=facing, clazz=class net.minecraft.util.EnumFacing, values=[down, up, north, south, west, east]}
betteranimalsplus:foxhead_3: PropertyDirection{name=facing, clazz=class net.minecraft.util.EnumFacing, values=[down, up, north, south, west, east]}
betteranimalsplus:foxhead_4: PropertyDirection{name=facing, clazz=class net.minecraft.util.EnumFacing, values=[down, up, north, south, west, east]}
betteranimalsplus:handoffate: PropertyDirection{name=facing, clazz=class net.minecraft.util.EnumFacing, values=[north, south, west, east]}
betteranimalsplus:hirschgeistskull: 
betteranimalsplus:hirschgeistskull_1: PropertyDirection{name=facing, clazz=class net.minecraft.util.EnumFacing, values=[down, up, north, south, west, east]}
betteranimalsplus:moosehead: 
betteranimalsplus:moosehead_1: PropertyDirection{name=facing, clazz=class net.minecraft.util.EnumFacing, values=[down, up, north, south, west, east]}
betteranimalsplus:moosehead_2: PropertyDirection{name=facing, clazz=class net.minecraft.util.EnumFacing, values=[down, up, north, south, west, east]}
betteranimalsplus:moosehead_3: PropertyDirection{name=facing, clazz=class net.minecraft.util.EnumFacing, values=[down, up, north, south, west, east]}
betteranimalsplus:moosehead_4: PropertyDirection{name=facing, clazz=class net.minecraft.util.EnumFacing, values=[down, up, north, south, west, east]}
betteranimalsplus:reindeerhead: 
betteranimalsplus:reindeerhead_1: PropertyDirection{name=facing, clazz=class net.minecraft.util.EnumFacing, values=[down, up, north, south, west, east]}
betteranimalsplus:reindeerhead_2: PropertyDirection{name=facing, clazz=class net.minecraft.util.EnumFacing, values=[down, up, north, south, west, east]}
betteranimalsplus:reindeerhead_3: PropertyDirection{name=facing, clazz=class net.minecraft.util.EnumFacing, values=[down, up, north, south, west, east]}
betteranimalsplus:reindeerhead_4: PropertyDirection{name=facing, clazz=class net.minecraft.util.EnumFacing, values=[down, up, north, south, west, east]}
betteranimalsplus:trillium: PropertyDirection{name=facing, clazz=class net.minecraft.util.EnumFacing, values=[north, south, west, east]}
betteranimalsplus:turkey_cooked: PropertyInteger{name=bites, clazz=class java.lang.Integer, values=[0, 1, 2, 3]}, PropertyDirection{name=facing, clazz=class net.minecraft.util.EnumFacing, values=[north, south, west, east]}
betteranimalsplus:turkey_eaten_cooked: PropertyInteger{name=bites, clazz=class java.lang.Integer, values=[0, 1, 2, 3]}, PropertyDirection{name=facing, clazz=class net.minecraft.util.EnumFacing, values=[north, south, west, east]}
betteranimalsplus:turkey_eaten_raw: PropertyInteger{name=bites, clazz=class java.lang.Integer, values=[0, 1, 2, 3]}, PropertyDirection{name=facing, clazz=class net.minecraft.util.EnumFacing, values=[north, south, west, east]}
betteranimalsplus:turkey_raw: PropertyInteger{name=bites, clazz=class java.lang.Integer, values=[0, 1, 2, 3]}, PropertyDirection{name=facing, clazz=class net.minecraft.util.EnumFacing, values=[north, south, west, east]}
betteranimalsplus:wolfhead: 
betteranimalsplus:wolfhead_1: PropertyDirection{name=facing, clazz=class net.minecraft.util.EnumFacing, values=[down, up, north, south, west, east]}
betteranimalsplus:wolfhead_2: PropertyDirection{name=facing, clazz=class net.minecraft.util.EnumFacing, values=[down, up, north, south, west, east]}
betteranimalsplus:wolfhead_3: PropertyDirection{name=facing, clazz=class net.minecraft.util.EnumFacing, values=[down, up, north, south, west, east]}
betteranimalsplus:wolfhead_4: PropertyDirection{name=facing, clazz=class net.minecraft.util.EnumFacing, values=[down, up, north, south, west, east]}
betteranimalsplus:wolfhead_5: PropertyDirection{name=facing, clazz=class net.minecraft.util.EnumFacing, values=[down, up, north, south, west, east]}
betteranimalsplus:wolfhead_6: PropertyDirection{name=facing, clazz=class net.minecraft.util.EnumFacing, values=[down, up, north, south, west, east]}
betterendforge:aeridium: 
betterendforge:aeternium_block: 
betterendforge:amaranita_cap: 
betterendforge:amaranita_fur: PropertyDirection{name=facing, clazz=class net.minecraft.util.EnumFacing, values=[down, up, north, south, west, east]}
betterendforge:amaranita_hymenophore: 
betterendforge:amaranita_hyphae: PropertyEnum{name=axis, clazz=class net.minecraft.util.EnumFacing$Axis, values=[x, y, z]}
betterendforge:amaranita_lantern: 
betterendforge:amaranita_stem: PropertyEnum{name=axis, clazz=class net.minecraft.util.EnumFacing$Axis, values=[x, y, z]}
betterendforge:amber_block: 
betterendforge:amber_grass: 
betterendforge:amber_moss: 
betterendforge:amber_moss_path: 
betterendforge:amber_ore: 
betterendforge:amber_root_seed: PropertyInteger{name=age, clazz=class java.lang.Integer, values=[0, 1, 2, 3]}
betterendforge:ancient_emerald_ice: 
betterendforge:andesite_lantern: PropertyBool{name=hanging, clazz=class java.lang.Boolean, values=[true, false]}
betterendforge:andesite_pedestal: PropertyBool{name=has_item, clazz=class java.lang.Boolean, values=[true, false]}, PropertyBool{name=has_light, clazz=class java.lang.Boolean, values=[true, false]}, PropertyEnum{name=state, clazz=class mod.beethoven92.betterendforge.common.block.BlockProperties$PedestalState, values=[pedestal_top, column_top, bottom, pillar, column, default]}
betterendforge:aurant_polypore: PropertyDirection{name=facing, clazz=class net.minecraft.util.EnumFacing, values=[north, south, west, east]}
betterendforge:aurora_crystal: 
betterendforge:azure_jadestone: 
betterendforge:azure_jadestone_bricks: 
betterendforge:azure_jadestone_bricks_slab: PropertyEnum{name=half, clazz=class net.minecraft.block.BlockSlab$EnumBlockHalf, values=[top, bottom]}
betterendforge:azure_jadestone_bricks_stairs: PropertyDirection{name=facing, clazz=class net.minecraft.util.EnumFacing, values=[north, south, west, east]}, PropertyEnum{name=half, clazz=class net.minecraft.block.BlockStairs$EnumHalf, values=[top, bottom]}, PropertyEnum{name=shape, clazz=class net.minecraft.block.BlockStairs$EnumShape, values=[straight, inner_left, inner_right, outer_left, outer_right]}
betterendforge:azure_jadestone_bricks_wall: PropertyBool{name=east, clazz=class java.lang.Boolean, values=[true, false]}, PropertyBool{name=north, clazz=class java.lang.Boolean, values=[true, false]}, PropertyBool{name=south, clazz=class java.lang.Boolean, values=[true, false]}, PropertyBool{name=up, clazz=class java.lang.Boolean, values=[true, false]}, PropertyEnum{name=variant, clazz=class net.minecraft.block.BlockWall$EnumType, values=[cobblestone, mossy_cobblestone]}, PropertyBool{name=west, clazz=class java.lang.Boolean, values=[true, false]}
betterendforge:azure_jadestone_furnace: PropertyDirection{name=facing, clazz=class net.minecraft.util.EnumFacing, values=[north, south, west, east]}
betterendforge:azure_jadestone_lantern: PropertyBool{name=hanging, clazz=class java.lang.Boolean, values=[true, false]}
betterendforge:azure_jadestone_pedestal: PropertyBool{name=has_item, clazz=class java.lang.Boolean, values=[true, false]}, PropertyBool{name=has_light, clazz=class java.lang.Boolean, values=[true, false]}, PropertyEnum{name=state, clazz=class mod.beethoven92.betterendforge.common.block.BlockProperties$PedestalState, values=[pedestal_top, column_top, bottom, pillar, column, default]}
betterendforge:azure_jadestone_pillar: PropertyEnum{name=axis, clazz=class net.minecraft.util.EnumFacing$Axis, values=[x, y, z]}
betterendforge:azure_jadestone_polished: 
betterendforge:azure_jadestone_pressure_plate: PropertyBool{name=powered, clazz=class java.lang.Boolean, values=[true, false]}
betterendforge:azure_jadestone_slab: PropertyEnum{name=half, clazz=class net.minecraft.block.BlockSlab$EnumBlockHalf, values=[top, bottom]}
betterendforge:azure_jadestone_stairs: PropertyDirection{name=facing, clazz=class net.minecraft.util.EnumFacing, values=[north, south, west, east]}, PropertyEnum{name=half, clazz=class net.minecraft.block.BlockStairs$EnumHalf, values=[top, bottom]}, PropertyEnum{name=shape, clazz=class net.minecraft.block.BlockStairs$EnumShape, values=[straight, inner_left, inner_right, outer_left, outer_right]}
betterendforge:azure_jadestone_tiles: 
betterendforge:azure_jadestone_wall: PropertyBool{name=east, clazz=class java.lang.Boolean, values=[true, false]}, PropertyBool{name=north, clazz=class java.lang.Boolean, values=[true, false]}, PropertyBool{name=south, clazz=class java.lang.Boolean, values=[true, false]}, PropertyBool{name=up, clazz=class java.lang.Boolean, values=[true, false]}, PropertyEnum{name=variant, clazz=class net.minecraft.block.BlockWall$EnumType, values=[cobblestone, mossy_cobblestone]}, PropertyBool{name=west, clazz=class java.lang.Boolean, values=[true, false]}
betterendforge:blackstone_lantern: PropertyBool{name=hanging, clazz=class java.lang.Boolean, values=[true, false]}
betterendforge:blooming_cooksonia: 
betterendforge:blossom_berry_seed: PropertyInteger{name=age, clazz=class java.lang.Integer, values=[0, 1, 2, 3]}
betterendforge:blue_vine: PropertyEnum{name=shape, clazz=class mod.beethoven92.betterendforge.common.block.BlockProperties$TripleShape, values=[top, middle, bottom]}
betterendforge:blue_vine_fur: PropertyDirection{name=facing, clazz=class net.minecraft.util.EnumFacing, values=[down, up, north, south, west, east]}
betterendforge:blue_vine_lantern: PropertyBool{name=natural, clazz=class java.lang.Boolean, values=[true, false]}
betterendforge:blue_vine_seed: PropertyInteger{name=age, clazz=class java.lang.Integer, values=[0, 1, 2, 3]}
betterendforge:bolux_mushroom: 
betterendforge:brimstone: PropertyBool{name=activated, clazz=class java.lang.Boolean, values=[true, false]}
betterendforge:bubble_coral: 
betterendforge:bulb_moss: PropertyDirection{name=facing, clazz=class net.minecraft.util.EnumFacing, values=[north, south, west, east]}
betterendforge:bulb_vine: PropertyEnum{name=shape, clazz=class mod.beethoven92.betterendforge.common.block.BlockProperties$TripleShape, values=[top, middle, bottom]}
betterendforge:bulb_vine_seed: PropertyInteger{name=age, clazz=class java.lang.Integer, values=[0, 1, 2, 3]}
betterendforge:bushy_grass: 
betterendforge:cave_bush: 
betterendforge:cave_grass: 
betterendforge:cave_moss: PropertyEnum{name=shape, clazz=class mod.beethoven92.betterendforge.common.block.BlockProperties$TripleShape, values=[top, middle, bottom]}
betterendforge:cave_moss_path: 
betterendforge:charcoal_block: 
betterendforge:charnia_cyan: 
betterendforge:charnia_green: 
betterendforge:charnia_light_blue: 
betterendforge:charnia_orange: 
betterendforge:charnia_purple: 
betterendforge:charnia_red: 
betterendforge:chorus_grass: 
betterendforge:chorus_mushroom_seed: PropertyInteger{name=age, clazz=class java.lang.Integer, values=[0, 1, 2, 3]}
betterendforge:chorus_nylium: 
betterendforge:chorus_nylium_path: 
betterendforge:clawfern: 
betterendforge:creeping_moss: 
betterendforge:crystal_grass: 
betterendforge:crystal_moss: 
betterendforge:crystal_moss_path: 
betterendforge:cyan_moss: PropertyDirection{name=facing, clazz=class net.minecraft.util.EnumFacing, values=[north, south, west, east]}
betterendforge:dense_emerald_ice: 
betterendforge:dense_snow: 
betterendforge:dense_vine: PropertyEnum{name=shape, clazz=class mod.beethoven92.betterendforge.common.block.BlockProperties$TripleShape, values=[top, middle, bottom]}
betterendforge:diorite_lantern: PropertyBool{name=hanging, clazz=class java.lang.Boolean, values=[true, false]}
betterendforge:diorite_pedestal: PropertyBool{name=has_item, clazz=class java.lang.Boolean, values=[true, false]}, PropertyBool{name=has_light, clazz=class java.lang.Boolean, values=[true, false]}, PropertyEnum{name=state, clazz=class mod.beethoven92.betterendforge.common.block.BlockProperties$PedestalState, values=[pedestal_top, column_top, bottom, pillar, column, default]}
betterendforge:dragon_bone_block: PropertyEnum{name=axis, clazz=class net.minecraft.util.EnumFacing$Axis, values=[x, y, z]}
betterendforge:dragon_bone_slab: PropertyEnum{name=half, clazz=class net.minecraft.block.BlockSlab$EnumBlockHalf, values=[top, bottom]}
betterendforge:dragon_bone_stairs: PropertyDirection{name=facing, clazz=class net.minecraft.util.EnumFacing, values=[north, south, west, east]}, PropertyEnum{name=half, clazz=class net.minecraft.block.BlockStairs$EnumHalf, values=[top, bottom]}, PropertyEnum{name=shape, clazz=class net.minecraft.block.BlockStairs$EnumShape, values=[straight, inner_left, inner_right, outer_left, outer_right]}
betterendforge:dragon_tree_bark: PropertyEnum{name=axis, clazz=class net.minecraft.block.BlockLog$EnumAxis, values=[x, y, z, none]}
betterendforge:dragon_tree_bookshelf: 
betterendforge:dragon_tree_chest: PropertyDirection{name=facing, clazz=class net.minecraft.util.EnumFacing, values=[north, south, west, east]}
betterendforge:dragon_tree_crafting_table: 
betterendforge:dragon_tree_door: PropertyDirection{name=facing, clazz=class net.minecraft.util.EnumFacing, values=[north, south, west, east]}, PropertyEnum{name=half, clazz=class net.minecraft.block.BlockDoor$EnumDoorHalf, values=[upper, lower]}, PropertyEnum{name=hinge, clazz=class net.minecraft.block.BlockDoor$EnumHingePosition, values=[left, right]}, PropertyBool{name=open, clazz=class java.lang.Boolean, values=[true, false]}, PropertyBool{name=powered, clazz=class java.lang.Boolean, values=[true, false]}
betterendforge:dragon_tree_fence: PropertyBool{name=east, clazz=class java.lang.Boolean, values=[true, false]}, PropertyBool{name=north, clazz=class java.lang.Boolean, values=[true, false]}, PropertyBool{name=south, clazz=class java.lang.Boolean, values=[true, false]}, PropertyBool{name=west, clazz=class java.lang.Boolean, values=[true, false]}
betterendforge:dragon_tree_ladder: PropertyDirection{name=facing, clazz=class net.minecraft.util.EnumFacing, values=[north, south, west, east]}
betterendforge:dragon_tree_leaves: PropertyBool{name=check_decay, clazz=class java.lang.Boolean, values=[true, false]}, PropertyBool{name=decayable, clazz=class java.lang.Boolean, values=[true, false]}
betterendforge:dragon_tree_log: PropertyEnum{name=axis, clazz=class net.minecraft.block.BlockLog$EnumAxis, values=[x, y, z, none]}
betterendforge:dragon_tree_planks: 
betterendforge:dragon_tree_pressure_plate: PropertyBool{name=powered, clazz=class java.lang.Boolean, values=[true, false]}
betterendforge:dragon_tree_sapling: PropertyInteger{name=age, clazz=class java.lang.Integer, values=[0, 1, 2, 3]}
betterendforge:dragon_tree_sign_standing: PropertyInteger{name=rotation, clazz=class java.lang.Integer, values=[0, 1, 2, 3, 4, 5, 6, 7, 8, 9, 10, 11, 12, 13, 14, 15]}
betterendforge:dragon_tree_sign_wall: PropertyDirection{name=facing, clazz=class net.minecraft.util.EnumFacing, values=[north, south, west, east]}
betterendforge:dragon_tree_slab: PropertyEnum{name=half, clazz=class net.minecraft.block.BlockSlab$EnumBlockHalf, values=[top, bottom]}
betterendforge:dragon_tree_stairs: PropertyDirection{name=facing, clazz=class net.minecraft.util.EnumFacing, values=[north, south, west, east]}, PropertyEnum{name=half, clazz=class net.minecraft.block.BlockStairs$EnumHalf, values=[top, bottom]}, PropertyEnum{name=shape, clazz=class net.minecraft.block.BlockStairs$EnumShape, values=[straight, inner_left, inner_right, outer_left, outer_right]}
betterendforge:dragon_tree_stripped_bark: PropertyEnum{name=axis, clazz=class net.minecraft.block.BlockLog$EnumAxis, values=[x, y, z, none]}
betterendforge:dragon_tree_stripped_log: PropertyEnum{name=axis, clazz=class net.minecraft.block.BlockLog$EnumAxis, values=[x, y, z, none]}
betterendforge:dragon_tree_trapdoor: PropertyDirection{name=facing, clazz=class net.minecraft.util.EnumFacing, values=[north, south, west, east]}, PropertyEnum{name=half, clazz=class net.minecraft.block.BlockTrapDoor$DoorHalf, values=[top, bottom]}, PropertyBool{name=open, clazz=class java.lang.Boolean, values=[true, false]}
betterendforge:emerald_ice: 
betterendforge:end_lily: PropertyEnum{name=shape, clazz=class mod.beethoven92.betterendforge.common.block.BlockProperties$TripleShape, values=[top, middle, bottom]}
betterendforge:end_lily_seed: PropertyInteger{name=age, clazz=class java.lang.Integer, values=[0, 1, 2, 3]}
betterendforge:end_lotus_bark: PropertyEnum{name=axis, clazz=class net.minecraft.block.BlockLog$EnumAxis, values=[x, y, z, none]}
betterendforge:end_lotus_bookshelf: 
betterendforge:end_lotus_chest: PropertyDirection{name=facing, clazz=class net.minecraft.util.EnumFacing, values=[north, south, west, east]}
betterendforge:end_lotus_crafting_table: 
betterendforge:end_lotus_door: PropertyDirection{name=facing, clazz=class net.minecraft.util.EnumFacing, values=[north, south, west, east]}, PropertyEnum{name=half, clazz=class net.minecraft.block.BlockDoor$EnumDoorHalf, values=[upper, lower]}, PropertyEnum{name=hinge, clazz=class net.minecraft.block.BlockDoor$EnumHingePosition, values=[left, right]}, PropertyBool{name=open, clazz=class java.lang.Boolean, values=[true, false]}, PropertyBool{name=powered, clazz=class java.lang.Boolean, values=[true, false]}
betterendforge:end_lotus_fence: PropertyBool{name=east, clazz=class java.lang.Boolean, values=[true, false]}, PropertyBool{name=north, clazz=class java.lang.Boolean, values=[true, false]}, PropertyBool{name=south, clazz=class java.lang.Boolean, values=[true, false]}, PropertyBool{name=west, clazz=class java.lang.Boolean, values=[true, false]}
betterendforge:end_lotus_flower: 
betterendforge:end_lotus_ladder: PropertyDirection{name=facing, clazz=class net.minecraft.util.EnumFacing, values=[north, south, west, east]}
betterendforge:end_lotus_leaf: PropertyDirection{name=facing, clazz=class net.minecraft.util.EnumFacing, values=[north, south, west, east]}, PropertyEnum{name=shape, clazz=class mod.beethoven92.betterendforge.common.block.BlockProperties$TripleShape, values=[top, middle, bottom]}
betterendforge:end_lotus_log: PropertyEnum{name=axis, clazz=class net.minecraft.block.BlockLog$EnumAxis, values=[x, y, z, none]}
betterendforge:end_lotus_planks: 
betterendforge:end_lotus_pressure_plate: PropertyBool{name=powered, clazz=class java.lang.Boolean, values=[true, false]}
betterendforge:end_lotus_seed: PropertyInteger{name=age, clazz=class java.lang.Integer, values=[0, 1, 2, 3]}
betterendforge:end_lotus_sign_standing: PropertyInteger{name=rotation, clazz=class java.lang.Integer, values=[0, 1, 2, 3, 4, 5, 6, 7, 8, 9, 10, 11, 12, 13, 14, 15]}
betterendforge:end_lotus_sign_wall: PropertyDirection{name=facing, clazz=class net.minecraft.util.EnumFacing, values=[north, south, west, east]}
betterendforge:end_lotus_slab: PropertyEnum{name=half, clazz=class net.minecraft.block.BlockSlab$EnumBlockHalf, values=[top, bottom]}
betterendforge:end_lotus_stairs: PropertyDirection{name=facing, clazz=class net.minecraft.util.EnumFacing, values=[north, south, west, east]}, PropertyEnum{name=half, clazz=class net.minecraft.block.BlockStairs$EnumHalf, values=[top, bottom]}, PropertyEnum{name=shape, clazz=class net.minecraft.block.BlockStairs$EnumShape, values=[straight, inner_left, inner_right, outer_left, outer_right]}
betterendforge:end_lotus_stem: PropertyDirection{name=facing, clazz=class net.minecraft.util.EnumFacing, values=[down, up, north, south, west, east]}, PropertyBool{name=leaf, clazz=class java.lang.Boolean, values=[true, false]}, PropertyEnum{name=shape, clazz=class mod.beethoven92.betterendforge.common.block.BlockProperties$TripleShape, values=[top, middle, bottom]}
betterendforge:end_lotus_stripped_bark: PropertyEnum{name=axis, clazz=class net.minecraft.block.BlockLog$EnumAxis, values=[x, y, z, none]}
betterendforge:end_lotus_stripped_log: PropertyEnum{name=axis, clazz=class net.minecraft.block.BlockLog$EnumAxis, values=[x, y, z, none]}
betterendforge:end_lotus_trapdoor: PropertyDirection{name=facing, clazz=class net.minecraft.util.EnumFacing, values=[north, south, west, east]}, PropertyEnum{name=half, clazz=class net.minecraft.block.BlockTrapDoor$DoorHalf, values=[top, bottom]}, PropertyBool{name=open, clazz=class java.lang.Boolean, values=[true, false]}
betterendforge:end_moss: 
betterendforge:end_moss_path: 
betterendforge:end_mycelium: 
betterendforge:end_mycelium_path: 
betterendforge:end_portal_block: PropertyEnum{name=axis, clazz=class net.minecraft.util.EnumFacing$Axis, values=[x, z]}
betterendforge:end_stone_furnace: PropertyDirection{name=facing, clazz=class net.minecraft.util.EnumFacing, values=[north, south, west, east]}
betterendforge:end_stone_furnace_lit: PropertyDirection{name=facing, clazz=class net.minecraft.util.EnumFacing, values=[north, south, west, east]}
betterendforge:end_stone_lantern: PropertyBool{name=hanging, clazz=class java.lang.Boolean, values=[true, false]}
betterendforge:end_stone_smelter: PropertyDirection{name=facing, clazz=class net.minecraft.util.EnumFacing, values=[north, south, west, east]}, PropertyBool{name=lit, clazz=class java.lang.Boolean, values=[true, false]}
betterendforge:end_stone_stalactite: PropertyBool{name=is_floor, clazz=class java.lang.Boolean, values=[true, false]}, PropertyInteger{name=size, clazz=class java.lang.Integer, values=[0, 1, 2, 3, 4, 5, 6, 7]}
betterendforge:end_stone_stalactite_cavemoss: PropertyBool{name=is_floor, clazz=class java.lang.Boolean, values=[true, false]}, PropertyInteger{name=size, clazz=class java.lang.Integer, values=[0, 1, 2, 3, 4, 5, 6, 7]}
betterendforge:ender_block: 
betterendforge:ender_ore: 
betterendforge:endstone_dust: 
betterendforge:eternal_pedestal: PropertyBool{name=activated, clazz=class java.lang.Boolean, values=[true, false]}, PropertyBool{name=has_item, clazz=class java.lang.Boolean, values=[true, false]}, PropertyBool{name=has_light, clazz=class java.lang.Boolean, values=[true, false]}, PropertyEnum{name=state, clazz=class mod.beethoven92.betterendforge.common.block.BlockProperties$PedestalState, values=[pedestal_top, column_top, bottom, pillar, column, default]}
betterendforge:filalux: PropertyEnum{name=shape, clazz=class mod.beethoven92.betterendforge.common.block.BlockProperties$TripleShape, values=[top, middle, bottom]}
betterendforge:filalux_lantern: 
betterendforge:filalux_wings: PropertyDirection{name=facing, clazz=class net.minecraft.util.EnumFacing, values=[down, up, north, south, west, east]}
betterendforge:flamaea: 
betterendforge:flammalix: 
betterendforge:flavolite: 
betterendforge:flavolite_bricks: 
betterendforge:flavolite_bricks_slab: PropertyEnum{name=half, clazz=class net.minecraft.block.BlockSlab$EnumBlockHalf, values=[top, bottom]}
betterendforge:flavolite_bricks_stairs: PropertyDirection{name=facing, clazz=class net.minecraft.util.EnumFacing, values=[north, south, west, east]}, PropertyEnum{name=half, clazz=class net.minecraft.block.BlockStairs$EnumHalf, values=[top, bottom]}, PropertyEnum{name=shape, clazz=class net.minecraft.block.BlockStairs$EnumShape, values=[straight, inner_left, inner_right, outer_left, outer_right]}
betterendforge:flavolite_bricks_wall: PropertyBool{name=east, clazz=class java.lang.Boolean, values=[true, false]}, PropertyBool{name=north, clazz=class java.lang.Boolean, values=[true, false]}, PropertyBool{name=south, clazz=class java.lang.Boolean, values=[true, false]}, PropertyBool{name=up, clazz=class java.lang.Boolean, values=[true, false]}, PropertyEnum{name=variant, clazz=class net.minecraft.block.BlockWall$EnumType, values=[cobblestone, mossy_cobblestone]}, PropertyBool{name=west, clazz=class java.lang.Boolean, values=[true, false]}
betterendforge:flavolite_furnace: PropertyDirection{name=facing, clazz=class net.minecraft.util.EnumFacing, values=[north, south, west, east]}
betterendforge:flavolite_lantern: PropertyBool{name=hanging, clazz=class java.lang.Boolean, values=[true, false]}
betterendforge:flavolite_pedestal: PropertyBool{name=has_item, clazz=class java.lang.Boolean, values=[true, false]}, PropertyBool{name=has_light, clazz=class java.lang.Boolean, values=[true, false]}, PropertyEnum{name=state, clazz=class mod.beethoven92.betterendforge.common.block.BlockProperties$PedestalState, values=[pedestal_top, column_top, bottom, pillar, column, default]}
betterendforge:flavolite_pillar: PropertyEnum{name=axis, clazz=class net.minecraft.util.EnumFacing$Axis, values=[x, y, z]}
betterendforge:flavolite_polished: 
betterendforge:flavolite_pressure_plate: PropertyBool{name=powered, clazz=class java.lang.Boolean, values=[true, false]}
betterendforge:flavolite_runed: PropertyBool{name=activated, clazz=class java.lang.Boolean, values=[true, false]}
betterendforge:flavolite_runed_eternal: PropertyBool{name=activated, clazz=class java.lang.Boolean, values=[true, false]}
betterendforge:flavolite_slab: PropertyEnum{name=half, clazz=class net.minecraft.block.BlockSlab$EnumBlockHalf, values=[top, bottom]}
betterendforge:flavolite_stairs: PropertyDirection{name=facing, clazz=class net.minecraft.util.EnumFacing, values=[north, south, west, east]}, PropertyEnum{name=half, clazz=class net.minecraft.block.BlockStairs$EnumHalf, values=[top, bottom]}, PropertyEnum{name=shape, clazz=class net.minecraft.block.BlockStairs$EnumShape, values=[straight, inner_left, inner_right, outer_left, outer_right]}
betterendforge:flavolite_tiles: 
betterendforge:flavolite_wall: PropertyBool{name=east, clazz=class java.lang.Boolean, values=[true, false]}, PropertyBool{name=north, clazz=class java.lang.Boolean, values=[true, false]}, PropertyBool{name=south, clazz=class java.lang.Boolean, values=[true, false]}, PropertyBool{name=up, clazz=class java.lang.Boolean, values=[true, false]}, PropertyEnum{name=variant, clazz=class net.minecraft.block.BlockWall$EnumType, values=[cobblestone, mossy_cobblestone]}, PropertyBool{name=west, clazz=class java.lang.Boolean, values=[true, false]}
betterendforge:fracturn: 
betterendforge:globulagus: 
betterendforge:glowing_pillar_leaves: PropertyDirection{name=facing, clazz=class net.minecraft.util.EnumFacing, values=[down, up, north, south, west, east]}
betterendforge:glowing_pillar_luminophor: PropertyBool{name=natural, clazz=class java.lang.Boolean, values=[true, false]}
betterendforge:glowing_pillar_roots: PropertyEnum{name=shape, clazz=class mod.beethoven92.betterendforge.common.block.BlockProperties$TripleShape, values=[top, middle, bottom]}
betterendforge:glowing_pillar_seed: PropertyInteger{name=age, clazz=class java.lang.Integer, values=[0, 1, 2, 3]}
betterendforge:gold_chandelier: PropertyDirection{name=facing, clazz=class net.minecraft.util.EnumFacing, values=[down, up, north, south, west, east]}
betterendforge:granite_lantern: PropertyBool{name=hanging, clazz=class java.lang.Boolean, values=[true, false]}
betterendforge:granite_pedestal: PropertyBool{name=has_item, clazz=class java.lang.Boolean, values=[true, false]}, PropertyBool{name=has_light, clazz=class java.lang.Boolean, values=[true, false]}, PropertyEnum{name=state, clazz=class mod.beethoven92.betterendforge.common.block.BlockProperties$PedestalState, values=[pedestal_top, column_top, bottom, pillar, column, default]}
betterendforge:helix_tree_bark: PropertyEnum{name=axis, clazz=class net.minecraft.block.BlockLog$EnumAxis, values=[x, y, z, none]}
betterendforge:helix_tree_bookshelf: 
betterendforge:helix_tree_chest: PropertyDirection{name=facing, clazz=class net.minecraft.util.EnumFacing, values=[north, south, west, east]}
betterendforge:helix_tree_crafting_table: 
betterendforge:helix_tree_door: PropertyDirection{name=facing, clazz=class net.minecraft.util.EnumFacing, values=[north, south, west, east]}, PropertyEnum{name=half, clazz=class net.minecraft.block.BlockDoor$EnumDoorHalf, values=[upper, lower]}, PropertyEnum{name=hinge, clazz=class net.minecraft.block.BlockDoor$EnumHingePosition, values=[left, right]}, PropertyBool{name=open, clazz=class java.lang.Boolean, values=[true, false]}, PropertyBool{name=powered, clazz=class java.lang.Boolean, values=[true, false]}
betterendforge:helix_tree_fence: PropertyBool{name=east, clazz=class java.lang.Boolean, values=[true, false]}, PropertyBool{name=north, clazz=class java.lang.Boolean, values=[true, false]}, PropertyBool{name=south, clazz=class java.lang.Boolean, values=[true, false]}, PropertyBool{name=west, clazz=class java.lang.Boolean, values=[true, false]}
betterendforge:helix_tree_ladder: PropertyDirection{name=facing, clazz=class net.minecraft.util.EnumFacing, values=[north, south, west, east]}
betterendforge:helix_tree_leaves: PropertyInteger{name=color, clazz=class java.lang.Integer, values=[0, 1, 2, 3, 4, 5, 6, 7]}
betterendforge:helix_tree_log: PropertyEnum{name=axis, clazz=class net.minecraft.block.BlockLog$EnumAxis, values=[x, y, z, none]}
betterendforge:helix_tree_planks: 
betterendforge:helix_tree_pressure_plate: PropertyBool{name=powered, clazz=class java.lang.Boolean, values=[true, false]}
betterendforge:helix_tree_sapling: PropertyInteger{name=age, clazz=class java.lang.Integer, values=[0, 1, 2, 3]}
betterendforge:helix_tree_sign_standing: PropertyInteger{name=rotation, clazz=class java.lang.Integer, values=[0, 1, 2, 3, 4, 5, 6, 7, 8, 9, 10, 11, 12, 13, 14, 15]}
betterendforge:helix_tree_sign_wall: PropertyDirection{name=facing, clazz=class net.minecraft.util.EnumFacing, values=[north, south, west, east]}
betterendforge:helix_tree_slab: PropertyEnum{name=half, clazz=class net.minecraft.block.BlockSlab$EnumBlockHalf, values=[top, bottom]}
betterendforge:helix_tree_stairs: PropertyDirection{name=facing, clazz=class net.minecraft.util.EnumFacing, values=[north, south, west, east]}, PropertyEnum{name=half, clazz=class net.minecraft.block.BlockStairs$EnumHalf, values=[top, bottom]}, PropertyEnum{name=shape, clazz=class net.minecraft.block.BlockStairs$EnumShape, values=[straight, inner_left, inner_right, outer_left, outer_right]}
betterendforge:helix_tree_stripped_bark: PropertyEnum{name=axis, clazz=class net.minecraft.block.BlockLog$EnumAxis, values=[x, y, z, none]}
betterendforge:helix_tree_stripped_log: PropertyEnum{name=axis, clazz=class net.minecraft.block.BlockLog$EnumAxis, values=[x, y, z, none]}
betterendforge:helix_tree_trapdoor: PropertyDirection{name=facing, clazz=class net.minecraft.util.EnumFacing, values=[north, south, west, east]}, PropertyEnum{name=half, clazz=class net.minecraft.block.BlockTrapDoor$DoorHalf, values=[top, bottom]}, PropertyBool{name=open, clazz=class java.lang.Boolean, values=[true, false]}
betterendforge:hydralux: PropertyEnum{name=shape, clazz=class mod.beethoven92.betterendforge.common.block.BlockProperties$HydraluxShape, values=[flower_big_bottom, flower_big_top, flower_small_bottom, flower_small_top, vine, roots]}
betterendforge:hydralux_petal_block: 
betterendforge:hydralux_petal_block_black: 
betterendforge:hydralux_petal_block_blue: 
betterendforge:hydralux_petal_block_brown: 
betterendforge:hydralux_petal_block_cyan: 
betterendforge:hydralux_petal_block_gray: 
betterendforge:hydralux_petal_block_green: 
betterendforge:hydralux_petal_block_light_blue: 
betterendforge:hydralux_petal_block_lime: 
betterendforge:hydralux_petal_block_magenta: 
betterendforge:hydralux_petal_block_orange: 
betterendforge:hydralux_petal_block_pink: 
betterendforge:hydralux_petal_block_purple: 
betterendforge:hydralux_petal_block_red: 
betterendforge:hydralux_petal_block_silver: 
betterendforge:hydralux_petal_block_white: 
betterendforge:hydralux_petal_block_yellow: 
betterendforge:hydralux_sapling: PropertyInteger{name=age, clazz=class java.lang.Integer, values=[0, 1, 2, 3]}
betterendforge:hydrothermal_vent: PropertyBool{name=activated, clazz=class java.lang.Boolean, values=[true, false]}, PropertyBool{name=waterlogged, clazz=class java.lang.Boolean, values=[true, false]}
betterendforge:inflexia: 
betterendforge:infusion_pedestal: PropertyBool{name=has_item, clazz=class java.lang.Boolean, values=[true, false]}, PropertyBool{name=has_light, clazz=class java.lang.Boolean, values=[true, false]}, PropertyEnum{name=state, clazz=class mod.beethoven92.betterendforge.common.block.BlockProperties$PedestalState, values=[pedestal_top, column_top, bottom, pillar, column, default]}
betterendforge:iron_bulb_lantern: PropertyBool{name=hanging, clazz=class java.lang.Boolean, values=[true, false]}
betterendforge:iron_bulb_lantern_black: PropertyBool{name=hanging, clazz=class java.lang.Boolean, values=[true, false]}
betterendforge:iron_bulb_lantern_blue: PropertyBool{name=hanging, clazz=class java.lang.Boolean, values=[true, false]}
betterendforge:iron_bulb_lantern_brown: PropertyBool{name=hanging, clazz=class java.lang.Boolean, values=[true, false]}
betterendforge:iron_bulb_lantern_cyan: PropertyBool{name=hanging, clazz=class java.lang.Boolean, values=[true, false]}
betterendforge:iron_bulb_lantern_gray: PropertyBool{name=hanging, clazz=class java.lang.Boolean, values=[true, false]}
betterendforge:iron_bulb_lantern_green: PropertyBool{name=hanging, clazz=class java.lang.Boolean, values=[true, false]}
betterendforge:iron_bulb_lantern_light_blue: PropertyBool{name=hanging, clazz=class java.lang.Boolean, values=[true, false]}
betterendforge:iron_bulb_lantern_lime: PropertyBool{name=hanging, clazz=class java.lang.Boolean, values=[true, false]}
betterendforge:iron_bulb_lantern_magenta: PropertyBool{name=hanging, clazz=class java.lang.Boolean, values=[true, false]}
betterendforge:iron_bulb_lantern_orange: PropertyBool{name=hanging, clazz=class java.lang.Boolean, values=[true, false]}
betterendforge:iron_bulb_lantern_pink: PropertyBool{name=hanging, clazz=class java.lang.Boolean, values=[true, false]}
betterendforge:iron_bulb_lantern_purple: PropertyBool{name=hanging, clazz=class java.lang.Boolean, values=[true, false]}
betterendforge:iron_bulb_lantern_red: PropertyBool{name=hanging, clazz=class java.lang.Boolean, values=[true, false]}
betterendforge:iron_bulb_lantern_silver: PropertyBool{name=hanging, clazz=class java.lang.Boolean, values=[true, false]}
betterendforge:iron_bulb_lantern_white: PropertyBool{name=hanging, clazz=class java.lang.Boolean, values=[true, false]}
betterendforge:iron_bulb_lantern_yellow: PropertyBool{name=hanging, clazz=class java.lang.Boolean, values=[true, false]}
betterendforge:iron_chandelier: PropertyDirection{name=facing, clazz=class net.minecraft.util.EnumFacing, values=[down, up, north, south, west, east]}
betterendforge:jellyshroom_bark: PropertyEnum{name=axis, clazz=class net.minecraft.block.BlockLog$EnumAxis, values=[x, y, z, none]}
betterendforge:jellyshroom_bookshelf: 
betterendforge:jellyshroom_cap_purple: PropertyInteger{name=color, clazz=class java.lang.Integer, values=[0, 1, 2, 3, 4, 5, 6, 7]}
betterendforge:jellyshroom_chest: PropertyDirection{name=facing, clazz=class net.minecraft.util.EnumFacing, values=[north, south, west, east]}
betterendforge:jellyshroom_crafting_table: 
betterendforge:jellyshroom_door: PropertyDirection{name=facing, clazz=class net.minecraft.util.EnumFacing, values=[north, south, west, east]}, PropertyEnum{name=half, clazz=class net.minecraft.block.BlockDoor$EnumDoorHalf, values=[upper, lower]}, PropertyEnum{name=hinge, clazz=class net.minecraft.block.BlockDoor$EnumHingePosition, values=[left, right]}, PropertyBool{name=open, clazz=class java.lang.Boolean, values=[true, false]}, PropertyBool{name=powered, clazz=class java.lang.Boolean, values=[true, false]}
betterendforge:jellyshroom_fence: PropertyBool{name=east, clazz=class java.lang.Boolean, values=[true, false]}, PropertyBool{name=north, clazz=class java.lang.Boolean, values=[true, false]}, PropertyBool{name=south, clazz=class java.lang.Boolean, values=[true, false]}, PropertyBool{name=west, clazz=class java.lang.Boolean, values=[true, false]}
betterendforge:jellyshroom_ladder: PropertyDirection{name=facing, clazz=class net.minecraft.util.EnumFacing, values=[north, south, west, east]}
betterendforge:jellyshroom_log: PropertyEnum{name=axis, clazz=class net.minecraft.block.BlockLog$EnumAxis, values=[x, y, z, none]}
betterendforge:jellyshroom_planks: 
betterendforge:jellyshroom_pressure_plate: PropertyBool{name=powered, clazz=class java.lang.Boolean, values=[true, false]}
betterendforge:jellyshroom_sign_standing: PropertyInteger{name=rotation, clazz=class java.lang.Integer, values=[0, 1, 2, 3, 4, 5, 6, 7, 8, 9, 10, 11, 12, 13, 14, 15]}
betterendforge:jellyshroom_sign_wall: PropertyDirection{name=facing, clazz=class net.minecraft.util.EnumFacing, values=[north, south, west, east]}
betterendforge:jellyshroom_slab: PropertyEnum{name=half, clazz=class net.minecraft.block.BlockSlab$EnumBlockHalf, values=[top, bottom]}
betterendforge:jellyshroom_stairs: PropertyDirection{name=facing, clazz=class net.minecraft.util.EnumFacing, values=[north, south, west, east]}, PropertyEnum{name=half, clazz=class net.minecraft.block.BlockStairs$EnumHalf, values=[top, bottom]}, PropertyEnum{name=shape, clazz=class net.minecraft.block.BlockStairs$EnumShape, values=[straight, inner_left, inner_right, outer_left, outer_right]}
betterendforge:jellyshroom_stripped_bark: PropertyEnum{name=axis, clazz=class net.minecraft.block.BlockLog$EnumAxis, values=[x, y, z, none]}
betterendforge:jellyshroom_stripped_log: PropertyEnum{name=axis, clazz=class net.minecraft.block.BlockLog$EnumAxis, values=[x, y, z, none]}
betterendforge:jellyshroom_trapdoor: PropertyDirection{name=facing, clazz=class net.minecraft.util.EnumFacing, values=[north, south, west, east]}, PropertyEnum{name=half, clazz=class net.minecraft.block.BlockTrapDoor$DoorHalf, values=[top, bottom]}, PropertyBool{name=open, clazz=class java.lang.Boolean, values=[true, false]}
betterendforge:jungle_fern: PropertyDirection{name=facing, clazz=class net.minecraft.util.EnumFacing, values=[north, south, west, east]}
betterendforge:jungle_grass: 
betterendforge:jungle_moss: 
betterendforge:jungle_moss_path: 
betterendforge:jungle_vine: PropertyEnum{name=shape, clazz=class mod.beethoven92.betterendforge.common.block.BlockProperties$TripleShape, values=[top, middle, bottom]}
betterendforge:lacugrove_bark: PropertyEnum{name=axis, clazz=class net.minecraft.block.BlockLog$EnumAxis, values=[x, y, z, none]}
betterendforge:lacugrove_bookshelf: 
betterendforge:lacugrove_chest: PropertyDirection{name=facing, clazz=class net.minecraft.util.EnumFacing, values=[north, south, west, east]}
betterendforge:lacugrove_crafting_table: 
betterendforge:lacugrove_door: PropertyDirection{name=facing, clazz=class net.minecraft.util.EnumFacing, values=[north, south, west, east]}, PropertyEnum{name=half, clazz=class net.minecraft.block.BlockDoor$EnumDoorHalf, values=[upper, lower]}, PropertyEnum{name=hinge, clazz=class net.minecraft.block.BlockDoor$EnumHingePosition, values=[left, right]}, PropertyBool{name=open, clazz=class java.lang.Boolean, values=[true, false]}, PropertyBool{name=powered, clazz=class java.lang.Boolean, values=[true, false]}
betterendforge:lacugrove_fence: PropertyBool{name=east, clazz=class java.lang.Boolean, values=[true, false]}, PropertyBool{name=north, clazz=class java.lang.Boolean, values=[true, false]}, PropertyBool{name=south, clazz=class java.lang.Boolean, values=[true, false]}, PropertyBool{name=west, clazz=class java.lang.Boolean, values=[true, false]}
betterendforge:lacugrove_ladder: PropertyDirection{name=facing, clazz=class net.minecraft.util.EnumFacing, values=[north, south, west, east]}
betterendforge:lacugrove_leaves: PropertyBool{name=check_decay, clazz=class java.lang.Boolean, values=[true, false]}, PropertyBool{name=decayable, clazz=class java.lang.Boolean, values=[true, false]}
betterendforge:lacugrove_log: PropertyEnum{name=axis, clazz=class net.minecraft.block.BlockLog$EnumAxis, values=[x, y, z, none]}
betterendforge:lacugrove_planks: 
betterendforge:lacugrove_pressure_plate: PropertyBool{name=powered, clazz=class java.lang.Boolean, values=[true, false]}
betterendforge:lacugrove_sapling: PropertyInteger{name=age, clazz=class java.lang.Integer, values=[0, 1, 2, 3]}
betterendforge:lacugrove_sign_standing: PropertyInteger{name=rotation, clazz=class java.lang.Integer, values=[0, 1, 2, 3, 4, 5, 6, 7, 8, 9, 10, 11, 12, 13, 14, 15]}
betterendforge:lacugrove_sign_wall: PropertyDirection{name=facing, clazz=class net.minecraft.util.EnumFacing, values=[north, south, west, east]}
betterendforge:lacugrove_slab: PropertyEnum{name=half, clazz=class net.minecraft.block.BlockSlab$EnumBlockHalf, values=[top, bottom]}
betterendforge:lacugrove_stairs: PropertyDirection{name=facing, clazz=class net.minecraft.util.EnumFacing, values=[north, south, west, east]}, PropertyEnum{name=half, clazz=class net.minecraft.block.BlockStairs$EnumHalf, values=[top, bottom]}, PropertyEnum{name=shape, clazz=class net.minecraft.block.BlockStairs$EnumShape, values=[straight, inner_left, inner_right, outer_left, outer_right]}
betterendforge:lacugrove_stripped_bark: PropertyEnum{name=axis, clazz=class net.minecraft.block.BlockLog$EnumAxis, values=[x, y, z, none]}
betterendforge:lacugrove_stripped_log: PropertyEnum{name=axis, clazz=class net.minecraft.block.BlockLog$EnumAxis, values=[x, y, z, none]}
betterendforge:lacugrove_trapdoor: PropertyDirection{name=facing, clazz=class net.minecraft.util.EnumFacing, values=[north, south, west, east]}, PropertyEnum{name=half, clazz=class net.minecraft.block.BlockTrapDoor$DoorHalf, values=[top, bottom]}, PropertyBool{name=open, clazz=class java.lang.Boolean, values=[true, false]}
betterendforge:lamellarium: 
betterendforge:lanceleaf: PropertyInteger{name=rotation, clazz=class java.lang.Integer, values=[0, 1, 2]}, PropertyEnum{name=shape, clazz=class mod.beethoven92.betterendforge.common.block.BlockProperties$PentaShape, values=[bottom, pre_bottom, middle, pre_top, top]}
betterendforge:lanceleaf_seed: PropertyInteger{name=age, clazz=class java.lang.Integer, values=[0, 1, 2, 3]}
betterendforge:large_amaranita_mushroom: PropertyEnum{name=shape, clazz=class mod.beethoven92.betterendforge.common.block.BlockProperties$TripleShape, values=[top, middle, bottom]}
betterendforge:lucernia_bark: PropertyEnum{name=axis, clazz=class net.minecraft.block.BlockLog$EnumAxis, values=[x, y, z, none]}
betterendforge:lucernia_bookshelf: 
betterendforge:lucernia_chest: PropertyDirection{name=facing, clazz=class net.minecraft.util.EnumFacing, values=[north, south, west, east]}
betterendforge:lucernia_crafting_table: 
betterendforge:lucernia_door: PropertyDirection{name=facing, clazz=class net.minecraft.util.EnumFacing, values=[north, south, west, east]}, PropertyEnum{name=half, clazz=class net.minecraft.block.BlockDoor$EnumDoorHalf, values=[upper, lower]}, PropertyEnum{name=hinge, clazz=class net.minecraft.block.BlockDoor$EnumHingePosition, values=[left, right]}, PropertyBool{name=open, clazz=class java.lang.Boolean, values=[true, false]}, PropertyBool{name=powered, clazz=class java.lang.Boolean, values=[true, false]}
betterendforge:lucernia_fence: PropertyBool{name=east, clazz=class java.lang.Boolean, values=[true, false]}, PropertyBool{name=north, clazz=class java.lang.Boolean, values=[true, false]}, PropertyBool{name=south, clazz=class java.lang.Boolean, values=[true, false]}, PropertyBool{name=west, clazz=class java.lang.Boolean, values=[true, false]}
betterendforge:lucernia_ladder: PropertyDirection{name=facing, clazz=class net.minecraft.util.EnumFacing, values=[north, south, west, east]}
betterendforge:lucernia_leaves: PropertyBool{name=check_decay, clazz=class java.lang.Boolean, values=[true, false]}, PropertyBool{name=decayable, clazz=class java.lang.Boolean, values=[true, false]}
betterendforge:lucernia_log: PropertyEnum{name=axis, clazz=class net.minecraft.block.BlockLog$EnumAxis, values=[x, y, z, none]}
betterendforge:lucernia_outer_leaves: PropertyDirection{name=facing, clazz=class net.minecraft.util.EnumFacing, values=[down, up, north, south, west, east]}
betterendforge:lucernia_planks: 
betterendforge:lucernia_pressure_plate: PropertyBool{name=powered, clazz=class java.lang.Boolean, values=[true, false]}
betterendforge:lucernia_sapling: PropertyInteger{name=age, clazz=class java.lang.Integer, values=[0, 1, 2, 3]}
betterendforge:lucernia_sign_standing: PropertyInteger{name=rotation, clazz=class java.lang.Integer, values=[0, 1, 2, 3, 4, 5, 6, 7, 8, 9, 10, 11, 12, 13, 14, 15]}
betterendforge:lucernia_sign_wall: PropertyDirection{name=facing, clazz=class net.minecraft.util.EnumFacing, values=[north, south, west, east]}
betterendforge:lucernia_slab: PropertyEnum{name=half, clazz=class net.minecraft.block.BlockSlab$EnumBlockHalf, values=[top, bottom]}
betterendforge:lucernia_stairs: PropertyDirection{name=facing, clazz=class net.minecraft.util.EnumFacing, values=[north, south, west, east]}, PropertyEnum{name=half, clazz=class net.minecraft.block.BlockStairs$EnumHalf, values=[top, bottom]}, PropertyEnum{name=shape, clazz=class net.minecraft.block.BlockStairs$EnumShape, values=[straight, inner_left, inner_right, outer_left, outer_right]}
betterendforge:lucernia_stripped_bark: PropertyEnum{name=axis, clazz=class net.minecraft.block.BlockLog$EnumAxis, values=[x, y, z, none]}
betterendforge:lucernia_stripped_log: PropertyEnum{name=axis, clazz=class net.minecraft.block.BlockLog$EnumAxis, values=[x, y, z, none]}
betterendforge:lucernia_trapdoor: PropertyDirection{name=facing, clazz=class net.minecraft.util.EnumFacing, values=[north, south, west, east]}, PropertyEnum{name=half, clazz=class net.minecraft.block.BlockTrapDoor$DoorHalf, values=[top, bottom]}, PropertyBool{name=open, clazz=class java.lang.Boolean, values=[true, false]}
betterendforge:lumecorn: PropertyEnum{name=shape, clazz=class mod.beethoven92.betterendforge.common.block.BlockProperties$LumecornShape, values=[light_top, light_top_middle, light_middle, light_bottom, middle, bottom_big, bottom_small]}
betterendforge:lumecorn_seed: PropertyInteger{name=age, clazz=class java.lang.Integer, values=[0, 1, 2, 3]}
betterendforge:lutebus: 
betterendforge:menger_sponge: PropertyBool{name=wet, clazz=class java.lang.Boolean, values=[true, false]}
betterendforge:menger_sponge_wet: 
betterendforge:missing_tile: 
betterendforge:mossy_dragon_bone: PropertyEnum{name=axis, clazz=class net.minecraft.util.EnumFacing$Axis, values=[x, y, z]}
betterendforge:mossy_glowshroom_bark: PropertyEnum{name=axis, clazz=class net.minecraft.block.BlockLog$EnumAxis, values=[x, y, z, none]}
betterendforge:mossy_glowshroom_bookshelf: 
betterendforge:mossy_glowshroom_cap: PropertyBool{name=transition, clazz=class java.lang.Boolean, values=[true, false]}
betterendforge:mossy_glowshroom_chest: PropertyDirection{name=facing, clazz=class net.minecraft.util.EnumFacing, values=[north, south, west, east]}
betterendforge:mossy_glowshroom_crafting_table: 
betterendforge:mossy_glowshroom_door: PropertyDirection{name=facing, clazz=class net.minecraft.util.EnumFacing, values=[north, south, west, east]}, PropertyEnum{name=half, clazz=class net.minecraft.block.BlockDoor$EnumDoorHalf, values=[upper, lower]}, PropertyEnum{name=hinge, clazz=class net.minecraft.block.BlockDoor$EnumHingePosition, values=[left, right]}, PropertyBool{name=open, clazz=class java.lang.Boolean, values=[true, false]}, PropertyBool{name=powered, clazz=class java.lang.Boolean, values=[true, false]}
betterendforge:mossy_glowshroom_fence: PropertyBool{name=east, clazz=class java.lang.Boolean, values=[true, false]}, PropertyBool{name=north, clazz=class java.lang.Boolean, values=[true, false]}, PropertyBool{name=south, clazz=class java.lang.Boolean, values=[true, false]}, PropertyBool{name=west, clazz=class java.lang.Boolean, values=[true, false]}
betterendforge:mossy_glowshroom_fur: PropertyDirection{name=facing, clazz=class net.minecraft.util.EnumFacing, values=[down, up, north, south, west, east]}
betterendforge:mossy_glowshroom_hymenophore: 
betterendforge:mossy_glowshroom_ladder: PropertyDirection{name=facing, clazz=class net.minecraft.util.EnumFacing, values=[north, south, west, east]}
betterendforge:mossy_glowshroom_log: PropertyEnum{name=axis, clazz=class net.minecraft.block.BlockLog$EnumAxis, values=[x, y, z, none]}
betterendforge:mossy_glowshroom_planks: 
betterendforge:mossy_glowshroom_pressure_plate: PropertyBool{name=powered, clazz=class java.lang.Boolean, values=[true, false]}
betterendforge:mossy_glowshroom_sapling: PropertyInteger{name=age, clazz=class java.lang.Integer, values=[0, 1, 2, 3]}
betterendforge:mossy_glowshroom_sign_standing: PropertyInteger{name=rotation, clazz=class java.lang.Integer, values=[0, 1, 2, 3, 4, 5, 6, 7, 8, 9, 10, 11, 12, 13, 14, 15]}
betterendforge:mossy_glowshroom_sign_wall: PropertyDirection{name=facing, clazz=class net.minecraft.util.EnumFacing, values=[north, south, west, east]}
betterendforge:mossy_glowshroom_slab: PropertyEnum{name=half, clazz=class net.minecraft.block.BlockSlab$EnumBlockHalf, values=[top, bottom]}
betterendforge:mossy_glowshroom_stairs: PropertyDirection{name=facing, clazz=class net.minecraft.util.EnumFacing, values=[north, south, west, east]}, PropertyEnum{name=half, clazz=class net.minecraft.block.BlockStairs$EnumHalf, values=[top, bottom]}, PropertyEnum{name=shape, clazz=class net.minecraft.block.BlockStairs$EnumShape, values=[straight, inner_left, inner_right, outer_left, outer_right]}
betterendforge:mossy_glowshroom_stripped_bark: PropertyEnum{name=axis, clazz=class net.minecraft.block.BlockLog$EnumAxis, values=[x, y, z, none]}
betterendforge:mossy_glowshroom_stripped_log: PropertyEnum{name=axis, clazz=class net.minecraft.block.BlockLog$EnumAxis, values=[x, y, z, none]}
betterendforge:mossy_glowshroom_trapdoor: PropertyDirection{name=facing, clazz=class net.minecraft.util.EnumFacing, values=[north, south, west, east]}, PropertyEnum{name=half, clazz=class net.minecraft.block.BlockTrapDoor$DoorHalf, values=[top, bottom]}, PropertyBool{name=open, clazz=class java.lang.Boolean, values=[true, false]}
betterendforge:mossy_obsidian: 
betterendforge:murkweed: 
betterendforge:needlegrass: 
betterendforge:neon_cactus: PropertyEnum{name=bottom, clazz=class mod.beethoven92.betterendforge.common.block.BlockProperties$CactusBottom, values=[empty, sand, moss]}, PropertyDirection{name=facing, clazz=class net.minecraft.util.EnumFacing, values=[down, up, north, south, west, east]}, PropertyEnum{name=shape, clazz=class mod.beethoven92.betterendforge.common.block.BlockProperties$TripleShape, values=[top, middle, bottom]}
betterendforge:neon_cactus_block: PropertyEnum{name=axis, clazz=class net.minecraft.util.EnumFacing$Axis, values=[x, y, z]}
betterendforge:neon_cactus_slab: PropertyEnum{name=half, clazz=class net.minecraft.block.BlockSlab$EnumBlockHalf, values=[top, bottom]}
betterendforge:neon_cactus_stairs: PropertyDirection{name=facing, clazz=class net.minecraft.util.EnumFacing, values=[north, south, west, east]}, PropertyEnum{name=half, clazz=class net.minecraft.block.BlockStairs$EnumHalf, values=[top, bottom]}, PropertyEnum{name=shape, clazz=class net.minecraft.block.BlockStairs$EnumShape, values=[straight, inner_left, inner_right, outer_left, outer_right]}
betterendforge:orango: 
betterendforge:pallidium_full: 
betterendforge:pallidium_heavy: 
betterendforge:pallidium_thin: 
betterendforge:pallidium_tiny: 
betterendforge:pink_moss: 
betterendforge:pink_moss_path: 
betterendforge:pond_anemone: 
betterendforge:purple_polypore: PropertyDirection{name=facing, clazz=class net.minecraft.util.EnumFacing, values=[north, south, west, east]}
betterendforge:purpur_lantern: PropertyBool{name=hanging, clazz=class java.lang.Boolean, values=[true, false]}
betterendforge:purpur_pedestal: PropertyBool{name=has_item, clazz=class java.lang.Boolean, values=[true, false]}, PropertyBool{name=has_light, clazz=class java.lang.Boolean, values=[true, false]}, PropertyEnum{name=state, clazz=class mod.beethoven92.betterendforge.common.block.BlockProperties$PedestalState, values=[pedestal_top, column_top, bottom, pillar, column, default]}
betterendforge:pythadendron_bark: PropertyEnum{name=axis, clazz=class net.minecraft.block.BlockLog$EnumAxis, values=[x, y, z, none]}
betterendforge:pythadendron_bookshelf: 
betterendforge:pythadendron_chest: PropertyDirection{name=facing, clazz=class net.minecraft.util.EnumFacing, values=[north, south, west, east]}
betterendforge:pythadendron_crafting_table: 
betterendforge:pythadendron_door: PropertyDirection{name=facing, clazz=class net.minecraft.util.EnumFacing, values=[north, south, west, east]}, PropertyEnum{name=half, clazz=class net.minecraft.block.BlockDoor$EnumDoorHalf, values=[upper, lower]}, PropertyEnum{name=hinge, clazz=class net.minecraft.block.BlockDoor$EnumHingePosition, values=[left, right]}, PropertyBool{name=open, clazz=class java.lang.Boolean, values=[true, false]}, PropertyBool{name=powered, clazz=class java.lang.Boolean, values=[true, false]}
betterendforge:pythadendron_fence: PropertyBool{name=east, clazz=class java.lang.Boolean, values=[true, false]}, PropertyBool{name=north, clazz=class java.lang.Boolean, values=[true, false]}, PropertyBool{name=south, clazz=class java.lang.Boolean, values=[true, false]}, PropertyBool{name=west, clazz=class java.lang.Boolean, values=[true, false]}
betterendforge:pythadendron_ladder: PropertyDirection{name=facing, clazz=class net.minecraft.util.EnumFacing, values=[north, south, west, east]}
betterendforge:pythadendron_leaves: PropertyBool{name=check_decay, clazz=class java.lang.Boolean, values=[true, false]}, PropertyBool{name=decayable, clazz=class java.lang.Boolean, values=[true, false]}
betterendforge:pythadendron_log: PropertyEnum{name=axis, clazz=class net.minecraft.block.BlockLog$EnumAxis, values=[x, y, z, none]}
betterendforge:pythadendron_planks: 
betterendforge:pythadendron_pressure_plate: PropertyBool{name=powered, clazz=class java.lang.Boolean, values=[true, false]}
betterendforge:pythadendron_sapling: PropertyInteger{name=age, clazz=class java.lang.Integer, values=[0, 1, 2, 3]}
betterendforge:pythadendron_sign_standing: PropertyInteger{name=rotation, clazz=class java.lang.Integer, values=[0, 1, 2, 3, 4, 5, 6, 7, 8, 9, 10, 11, 12, 13, 14, 15]}
betterendforge:pythadendron_sign_wall: PropertyDirection{name=facing, clazz=class net.minecraft.util.EnumFacing, values=[north, south, west, east]}
betterendforge:pythadendron_slab: PropertyEnum{name=half, clazz=class net.minecraft.block.BlockSlab$EnumBlockHalf, values=[top, bottom]}
betterendforge:pythadendron_stairs: PropertyDirection{name=facing, clazz=class net.minecraft.util.EnumFacing, values=[north, south, west, east]}, PropertyEnum{name=half, clazz=class net.minecraft.block.BlockStairs$EnumHalf, values=[top, bottom]}, PropertyEnum{name=shape, clazz=class net.minecraft.block.BlockStairs$EnumShape, values=[straight, inner_left, inner_right, outer_left, outer_right]}
betterendforge:pythadendron_stripped_bark: PropertyEnum{name=axis, clazz=class net.minecraft.block.BlockLog$EnumAxis, values=[x, y, z, none]}
betterendforge:pythadendron_stripped_log: PropertyEnum{name=axis, clazz=class net.minecraft.block.BlockLog$EnumAxis, values=[x, y, z, none]}
betterendforge:pythadendron_trapdoor: PropertyDirection{name=facing, clazz=class net.minecraft.util.EnumFacing, values=[north, south, west, east]}, PropertyEnum{name=half, clazz=class net.minecraft.block.BlockTrapDoor$DoorHalf, values=[top, bottom]}, PropertyBool{name=open, clazz=class java.lang.Boolean, values=[true, false]}
betterendforge:quartz_lantern: PropertyBool{name=hanging, clazz=class java.lang.Boolean, values=[true, false]}
betterendforge:quartz_pedestal: PropertyBool{name=has_item, clazz=class java.lang.Boolean, values=[true, false]}, PropertyBool{name=has_light, clazz=class java.lang.Boolean, values=[true, false]}, PropertyEnum{name=state, clazz=class mod.beethoven92.betterendforge.common.block.BlockProperties$PedestalState, values=[pedestal_top, column_top, bottom, pillar, column, default]}
betterendforge:respawn_obelisk: PropertyEnum{name=shape, clazz=class mod.beethoven92.betterendforge.common.block.BlockProperties$TripleShape, values=[top, middle, bottom]}
betterendforge:rubinea: PropertyEnum{name=shape, clazz=class mod.beethoven92.betterendforge.common.block.BlockProperties$TripleShape, values=[top, middle, bottom]}
betterendforge:ruscus: PropertyDirection{name=facing, clazz=class net.minecraft.util.EnumFacing, values=[north, south, west, east]}
betterendforge:rutiscus: 
betterendforge:rutiscus_path: 
betterendforge:salteago: 
betterendforge:sandy_jadestone: 
betterendforge:sandy_jadestone_bricks: 
betterendforge:sandy_jadestone_bricks_slab: PropertyEnum{name=half, clazz=class net.minecraft.block.BlockSlab$EnumBlockHalf, values=[top, bottom]}
betterendforge:sandy_jadestone_bricks_stairs: PropertyDirection{name=facing, clazz=class net.minecraft.util.EnumFacing, values=[north, south, west, east]}, PropertyEnum{name=half, clazz=class net.minecraft.block.BlockStairs$EnumHalf, values=[top, bottom]}, PropertyEnum{name=shape, clazz=class net.minecraft.block.BlockStairs$EnumShape, values=[straight, inner_left, inner_right, outer_left, outer_right]}
betterendforge:sandy_jadestone_bricks_wall: PropertyBool{name=east, clazz=class java.lang.Boolean, values=[true, false]}, PropertyBool{name=north, clazz=class java.lang.Boolean, values=[true, false]}, PropertyBool{name=south, clazz=class java.lang.Boolean, values=[true, false]}, PropertyBool{name=up, clazz=class java.lang.Boolean, values=[true, false]}, PropertyEnum{name=variant, clazz=class net.minecraft.block.BlockWall$EnumType, values=[cobblestone, mossy_cobblestone]}, PropertyBool{name=west, clazz=class java.lang.Boolean, values=[true, false]}
betterendforge:sandy_jadestone_furnace: PropertyDirection{name=facing, clazz=class net.minecraft.util.EnumFacing, values=[north, south, west, east]}
betterendforge:sandy_jadestone_lantern: PropertyBool{name=hanging, clazz=class java.lang.Boolean, values=[true, false]}
betterendforge:sandy_jadestone_pedestal: PropertyBool{name=has_item, clazz=class java.lang.Boolean, values=[true, false]}, PropertyBool{name=has_light, clazz=class java.lang.Boolean, values=[true, false]}, PropertyEnum{name=state, clazz=class mod.beethoven92.betterendforge.common.block.BlockProperties$PedestalState, values=[pedestal_top, column_top, bottom, pillar, column, default]}
betterendforge:sandy_jadestone_pillar: PropertyEnum{name=axis, clazz=class net.minecraft.util.EnumFacing$Axis, values=[x, y, z]}
betterendforge:sandy_jadestone_polished: 
betterendforge:sandy_jadestone_pressure_plate: PropertyBool{name=powered, clazz=class java.lang.Boolean, values=[true, false]}
betterendforge:sandy_jadestone_slab: PropertyEnum{name=half, clazz=class net.minecraft.block.BlockSlab$EnumBlockHalf, values=[top, bottom]}
betterendforge:sandy_jadestone_stairs: PropertyDirection{name=facing, clazz=class net.minecraft.util.EnumFacing, values=[north, south, west, east]}, PropertyEnum{name=half, clazz=class net.minecraft.block.BlockStairs$EnumHalf, values=[top, bottom]}, PropertyEnum{name=shape, clazz=class net.minecraft.block.BlockStairs$EnumShape, values=[straight, inner_left, inner_right, outer_left, outer_right]}
betterendforge:sandy_jadestone_tiles: 
betterendforge:sandy_jadestone_wall: PropertyBool{name=east, clazz=class java.lang.Boolean, values=[true, false]}, PropertyBool{name=north, clazz=class java.lang.Boolean, values=[true, false]}, PropertyBool{name=south, clazz=class java.lang.Boolean, values=[true, false]}, PropertyBool{name=up, clazz=class java.lang.Boolean, values=[true, false]}, PropertyEnum{name=variant, clazz=class net.minecraft.block.BlockWall$EnumType, values=[cobblestone, mossy_cobblestone]}, PropertyBool{name=west, clazz=class java.lang.Boolean, values=[true, false]}
betterendforge:sangnum: 
betterendforge:sangnum_path: 
betterendforge:shadow_berry: PropertyInteger{name=age, clazz=class java.lang.Integer, values=[0, 1, 2, 3]}
betterendforge:shadow_grass: 
betterendforge:shadow_grass_path: 
betterendforge:shadow_plant: 
betterendforge:silk_moth_nest: PropertyBool{name=active, clazz=class java.lang.Boolean, values=[true, false]}, PropertyDirection{name=facing, clazz=class net.minecraft.util.EnumFacing, values=[north, south, west, east]}, PropertyInteger{name=fullness, clazz=class java.lang.Integer, values=[0, 1, 2, 3]}
betterendforge:small_amaranita_mushroom: 
betterendforge:small_jellyshroom: PropertyDirection{name=facing, clazz=class net.minecraft.util.EnumFacing, values=[down, up, north, south, west, east]}
betterendforge:smaragdant_crystal: PropertyEnum{name=axis, clazz=class net.minecraft.util.EnumFacing$Axis, values=[x, y, z]}
betterendforge:smaragdant_crystal_shard: PropertyDirection{name=facing, clazz=class net.minecraft.util.EnumFacing, values=[down, up, north, south, west, east]}
betterendforge:sulphur_crystal: PropertyInteger{name=age, clazz=class java.lang.Integer, values=[0, 1, 2]}, PropertyDirection{name=facing, clazz=class net.minecraft.util.EnumFacing, values=[down, up, north, south, west, east]}
betterendforge:sulphuric_rock: 
betterendforge:sulphuric_rock_bricks: 
betterendforge:sulphuric_rock_bricks_slab: PropertyEnum{name=half, clazz=class net.minecraft.block.BlockSlab$EnumBlockHalf, values=[top, bottom]}
betterendforge:sulphuric_rock_bricks_stairs: PropertyDirection{name=facing, clazz=class net.minecraft.util.EnumFacing, values=[north, south, west, east]}, PropertyEnum{name=half, clazz=class net.minecraft.block.BlockStairs$EnumHalf, values=[top, bottom]}, PropertyEnum{name=shape, clazz=class net.minecraft.block.BlockStairs$EnumShape, values=[straight, inner_left, inner_right, outer_left, outer_right]}
betterendforge:sulphuric_rock_bricks_wall: PropertyBool{name=east, clazz=class java.lang.Boolean, values=[true, false]}, PropertyBool{name=north, clazz=class java.lang.Boolean, values=[true, false]}, PropertyBool{name=south, clazz=class java.lang.Boolean, values=[true, false]}, PropertyBool{name=up, clazz=class java.lang.Boolean, values=[true, false]}, PropertyEnum{name=variant, clazz=class net.minecraft.block.BlockWall$EnumType, values=[cobblestone, mossy_cobblestone]}, PropertyBool{name=west, clazz=class java.lang.Boolean, values=[true, false]}
betterendforge:sulphuric_rock_furnace: PropertyDirection{name=facing, clazz=class net.minecraft.util.EnumFacing, values=[north, south, west, east]}
betterendforge:sulphuric_rock_lantern: PropertyBool{name=hanging, clazz=class java.lang.Boolean, values=[true, false]}
betterendforge:sulphuric_rock_pedestal: PropertyBool{name=has_item, clazz=class java.lang.Boolean, values=[true, false]}, PropertyBool{name=has_light, clazz=class java.lang.Boolean, values=[true, false]}, PropertyEnum{name=state, clazz=class mod.beethoven92.betterendforge.common.block.BlockProperties$PedestalState, values=[pedestal_top, column_top, bottom, pillar, column, default]}
betterendforge:sulphuric_rock_pillar: PropertyEnum{name=axis, clazz=class net.minecraft.util.EnumFacing$Axis, values=[x, y, z]}
betterendforge:sulphuric_rock_polished: 
betterendforge:sulphuric_rock_pressure_plate: PropertyBool{name=powered, clazz=class java.lang.Boolean, values=[true, false]}
betterendforge:sulphuric_rock_slab: PropertyEnum{name=half, clazz=class net.minecraft.block.BlockSlab$EnumBlockHalf, values=[top, bottom]}
betterendforge:sulphuric_rock_stairs: PropertyDirection{name=facing, clazz=class net.minecraft.util.EnumFacing, values=[north, south, west, east]}, PropertyEnum{name=half, clazz=class net.minecraft.block.BlockStairs$EnumHalf, values=[top, bottom]}, PropertyEnum{name=shape, clazz=class net.minecraft.block.BlockStairs$EnumShape, values=[straight, inner_left, inner_right, outer_left, outer_right]}
betterendforge:sulphuric_rock_tiles: 
betterendforge:sulphuric_rock_wall: PropertyBool{name=east, clazz=class java.lang.Boolean, values=[true, false]}, PropertyBool{name=north, clazz=class java.lang.Boolean, values=[true, false]}, PropertyBool{name=south, clazz=class java.lang.Boolean, values=[true, false]}, PropertyBool{name=up, clazz=class java.lang.Boolean, values=[true, false]}, PropertyEnum{name=variant, clazz=class net.minecraft.block.BlockWall$EnumType, values=[cobblestone, mossy_cobblestone]}, PropertyBool{name=west, clazz=class java.lang.Boolean, values=[true, false]}
betterendforge:tail_moss: PropertyDirection{name=facing, clazz=class net.minecraft.util.EnumFacing, values=[north, south, west, east]}
betterendforge:tenanea_bark: PropertyEnum{name=axis, clazz=class net.minecraft.block.BlockLog$EnumAxis, values=[x, y, z, none]}
betterendforge:tenanea_bookshelf: 
betterendforge:tenanea_chest: PropertyDirection{name=facing, clazz=class net.minecraft.util.EnumFacing, values=[north, south, west, east]}
betterendforge:tenanea_crafting_table: 
betterendforge:tenanea_door: PropertyDirection{name=facing, clazz=class net.minecraft.util.EnumFacing, values=[north, south, west, east]}, PropertyEnum{name=half, clazz=class net.minecraft.block.BlockDoor$EnumDoorHalf, values=[upper, lower]}, PropertyEnum{name=hinge, clazz=class net.minecraft.block.BlockDoor$EnumHingePosition, values=[left, right]}, PropertyBool{name=open, clazz=class java.lang.Boolean, values=[true, false]}, PropertyBool{name=powered, clazz=class java.lang.Boolean, values=[true, false]}
betterendforge:tenanea_fence: PropertyBool{name=east, clazz=class java.lang.Boolean, values=[true, false]}, PropertyBool{name=north, clazz=class java.lang.Boolean, values=[true, false]}, PropertyBool{name=south, clazz=class java.lang.Boolean, values=[true, false]}, PropertyBool{name=west, clazz=class java.lang.Boolean, values=[true, false]}
betterendforge:tenanea_flowers: PropertyEnum{name=shape, clazz=class mod.beethoven92.betterendforge.common.block.BlockProperties$TripleShape, values=[top, middle, bottom]}
betterendforge:tenanea_ladder: PropertyDirection{name=facing, clazz=class net.minecraft.util.EnumFacing, values=[north, south, west, east]}
betterendforge:tenanea_leaves: PropertyBool{name=check_decay, clazz=class java.lang.Boolean, values=[true, false]}, PropertyBool{name=decayable, clazz=class java.lang.Boolean, values=[true, false]}
betterendforge:tenanea_log: PropertyEnum{name=axis, clazz=class net.minecraft.block.BlockLog$EnumAxis, values=[x, y, z, none]}
betterendforge:tenanea_outer_leaves: PropertyDirection{name=facing, clazz=class net.minecraft.util.EnumFacing, values=[down, up, north, south, west, east]}
betterendforge:tenanea_planks: 
betterendforge:tenanea_pressure_plate: PropertyBool{name=powered, clazz=class java.lang.Boolean, values=[true, false]}
betterendforge:tenanea_sapling: PropertyInteger{name=age, clazz=class java.lang.Integer, values=[0, 1, 2, 3]}
betterendforge:tenanea_sign_standing: PropertyInteger{name=rotation, clazz=class java.lang.Integer, values=[0, 1, 2, 3, 4, 5, 6, 7, 8, 9, 10, 11, 12, 13, 14, 15]}
betterendforge:tenanea_sign_wall: PropertyDirection{name=facing, clazz=class net.minecraft.util.EnumFacing, values=[north, south, west, east]}
betterendforge:tenanea_slab: PropertyEnum{name=half, clazz=class net.minecraft.block.BlockSlab$EnumBlockHalf, values=[top, bottom]}
betterendforge:tenanea_stairs: PropertyDirection{name=facing, clazz=class net.minecraft.util.EnumFacing, values=[north, south, west, east]}, PropertyEnum{name=half, clazz=class net.minecraft.block.BlockStairs$EnumHalf, values=[top, bottom]}, PropertyEnum{name=shape, clazz=class net.minecraft.block.BlockStairs$EnumShape, values=[straight, inner_left, inner_right, outer_left, outer_right]}
betterendforge:tenanea_stripped_bark: PropertyEnum{name=axis, clazz=class net.minecraft.block.BlockLog$EnumAxis, values=[x, y, z, none]}
betterendforge:tenanea_stripped_log: PropertyEnum{name=axis, clazz=class net.minecraft.block.BlockLog$EnumAxis, values=[x, y, z, none]}
betterendforge:tenanea_trapdoor: PropertyDirection{name=facing, clazz=class net.minecraft.util.EnumFacing, values=[north, south, west, east]}, PropertyEnum{name=half, clazz=class net.minecraft.block.BlockTrapDoor$DoorHalf, values=[top, bottom]}, PropertyBool{name=open, clazz=class java.lang.Boolean, values=[true, false]}
betterendforge:terminite_bars: PropertyBool{name=east, clazz=class java.lang.Boolean, values=[true, false]}, PropertyBool{name=north, clazz=class java.lang.Boolean, values=[true, false]}, PropertyBool{name=south, clazz=class java.lang.Boolean, values=[true, false]}, PropertyBool{name=west, clazz=class java.lang.Boolean, values=[true, false]}
betterendforge:terminite_block: 
betterendforge:terminite_bulb_lantern: PropertyBool{name=hanging, clazz=class java.lang.Boolean, values=[true, false]}
betterendforge:terminite_bulb_lantern_black: PropertyBool{name=hanging, clazz=class java.lang.Boolean, values=[true, false]}
betterendforge:terminite_bulb_lantern_blue: PropertyBool{name=hanging, clazz=class java.lang.Boolean, values=[true, false]}
betterendforge:terminite_bulb_lantern_brown: PropertyBool{name=hanging, clazz=class java.lang.Boolean, values=[true, false]}
betterendforge:terminite_bulb_lantern_cyan: PropertyBool{name=hanging, clazz=class java.lang.Boolean, values=[true, false]}
betterendforge:terminite_bulb_lantern_gray: PropertyBool{name=hanging, clazz=class java.lang.Boolean, values=[true, false]}
betterendforge:terminite_bulb_lantern_green: PropertyBool{name=hanging, clazz=class java.lang.Boolean, values=[true, false]}
betterendforge:terminite_bulb_lantern_light_blue: PropertyBool{name=hanging, clazz=class java.lang.Boolean, values=[true, false]}
betterendforge:terminite_bulb_lantern_lime: PropertyBool{name=hanging, clazz=class java.lang.Boolean, values=[true, false]}
betterendforge:terminite_bulb_lantern_magenta: PropertyBool{name=hanging, clazz=class java.lang.Boolean, values=[true, false]}
betterendforge:terminite_bulb_lantern_orange: PropertyBool{name=hanging, clazz=class java.lang.Boolean, values=[true, false]}
betterendforge:terminite_bulb_lantern_pink: PropertyBool{name=hanging, clazz=class java.lang.Boolean, values=[true, false]}
betterendforge:terminite_bulb_lantern_purple: PropertyBool{name=hanging, clazz=class java.lang.Boolean, values=[true, false]}
betterendforge:terminite_bulb_lantern_red: PropertyBool{name=hanging, clazz=class java.lang.Boolean, values=[true, false]}
betterendforge:terminite_bulb_lantern_silver: PropertyBool{name=hanging, clazz=class java.lang.Boolean, values=[true, false]}
betterendforge:terminite_bulb_lantern_white: PropertyBool{name=hanging, clazz=class java.lang.Boolean, values=[true, false]}
betterendforge:terminite_bulb_lantern_yellow: PropertyBool{name=hanging, clazz=class java.lang.Boolean, values=[true, false]}
betterendforge:terminite_chain: PropertyEnum{name=axis, clazz=class net.minecraft.util.EnumFacing$Axis, values=[x, y, z]}
betterendforge:terminite_chandelier: PropertyDirection{name=facing, clazz=class net.minecraft.util.EnumFacing, values=[down, up, north, south, west, east]}
betterendforge:terminite_pressure_plate: PropertyBool{name=powered, clazz=class java.lang.Boolean, values=[true, false]}
betterendforge:terminite_stairs: PropertyDirection{name=facing, clazz=class net.minecraft.util.EnumFacing, values=[north, south, west, east]}, PropertyEnum{name=half, clazz=class net.minecraft.block.BlockStairs$EnumHalf, values=[top, bottom]}, PropertyEnum{name=shape, clazz=class net.minecraft.block.BlockStairs$EnumShape, values=[straight, inner_left, inner_right, outer_left, outer_right]}
betterendforge:terminite_tile: 
betterendforge:terminite_trapdoor: PropertyDirection{name=facing, clazz=class net.minecraft.util.EnumFacing, values=[north, south, west, east]}, PropertyEnum{name=half, clazz=class net.minecraft.block.BlockTrapDoor$DoorHalf, values=[top, bottom]}, PropertyBool{name=open, clazz=class java.lang.Boolean, values=[true, false]}
betterendforge:thallasium_bars: PropertyBool{name=east, clazz=class java.lang.Boolean, values=[true, false]}, PropertyBool{name=north, clazz=class java.lang.Boolean, values=[true, false]}, PropertyBool{name=south, clazz=class java.lang.Boolean, values=[true, false]}, PropertyBool{name=west, clazz=class java.lang.Boolean, values=[true, false]}
betterendforge:thallasium_block: 
betterendforge:thallasium_bulb_lantern: PropertyBool{name=hanging, clazz=class java.lang.Boolean, values=[true, false]}
betterendforge:thallasium_bulb_lantern_black: PropertyBool{name=hanging, clazz=class java.lang.Boolean, values=[true, false]}
betterendforge:thallasium_bulb_lantern_blue: PropertyBool{name=hanging, clazz=class java.lang.Boolean, values=[true, false]}
betterendforge:thallasium_bulb_lantern_brown: PropertyBool{name=hanging, clazz=class java.lang.Boolean, values=[true, false]}
betterendforge:thallasium_bulb_lantern_cyan: PropertyBool{name=hanging, clazz=class java.lang.Boolean, values=[true, false]}
betterendforge:thallasium_bulb_lantern_gray: PropertyBool{name=hanging, clazz=class java.lang.Boolean, values=[true, false]}
betterendforge:thallasium_bulb_lantern_green: PropertyBool{name=hanging, clazz=class java.lang.Boolean, values=[true, false]}
betterendforge:thallasium_bulb_lantern_light_blue: PropertyBool{name=hanging, clazz=class java.lang.Boolean, values=[true, false]}
betterendforge:thallasium_bulb_lantern_lime: PropertyBool{name=hanging, clazz=class java.lang.Boolean, values=[true, false]}
betterendforge:thallasium_bulb_lantern_magenta: PropertyBool{name=hanging, clazz=class java.lang.Boolean, values=[true, false]}
betterendforge:thallasium_bulb_lantern_orange: PropertyBool{name=hanging, clazz=class java.lang.Boolean, values=[true, false]}
betterendforge:thallasium_bulb_lantern_pink: PropertyBool{name=hanging, clazz=class java.lang.Boolean, values=[true, false]}
betterendforge:thallasium_bulb_lantern_purple: PropertyBool{name=hanging, clazz=class java.lang.Boolean, values=[true, false]}
betterendforge:thallasium_bulb_lantern_red: PropertyBool{name=hanging, clazz=class java.lang.Boolean, values=[true, false]}
betterendforge:thallasium_bulb_lantern_silver: PropertyBool{name=hanging, clazz=class java.lang.Boolean, values=[true, false]}
betterendforge:thallasium_bulb_lantern_white: PropertyBool{name=hanging, clazz=class java.lang.Boolean, values=[true, false]}
betterendforge:thallasium_bulb_lantern_yellow: PropertyBool{name=hanging, clazz=class java.lang.Boolean, values=[true, false]}
betterendforge:thallasium_chain: PropertyEnum{name=axis, clazz=class net.minecraft.util.EnumFacing$Axis, values=[x, y, z]}
betterendforge:thallasium_chandelier: PropertyDirection{name=facing, clazz=class net.minecraft.util.EnumFacing, values=[down, up, north, south, west, east]}
betterendforge:thallasium_ore: 
betterendforge:thallasium_pressure_plate: PropertyBool{name=powered, clazz=class java.lang.Boolean, values=[true, false]}
betterendforge:thallasium_stairs: PropertyDirection{name=facing, clazz=class net.minecraft.util.EnumFacing, values=[north, south, west, east]}, PropertyEnum{name=half, clazz=class net.minecraft.block.BlockStairs$EnumHalf, values=[top, bottom]}, PropertyEnum{name=shape, clazz=class net.minecraft.block.BlockStairs$EnumShape, values=[straight, inner_left, inner_right, outer_left, outer_right]}
betterendforge:thallasium_tile: 
betterendforge:thallasium_trapdoor: PropertyDirection{name=facing, clazz=class net.minecraft.util.EnumFacing, values=[north, south, west, east]}, PropertyEnum{name=half, clazz=class net.minecraft.block.BlockTrapDoor$DoorHalf, values=[top, bottom]}, PropertyBool{name=open, clazz=class java.lang.Boolean, values=[true, false]}
betterendforge:tube_worm: PropertyDirection{name=facing, clazz=class net.minecraft.util.EnumFacing, values=[north, south, west, east]}, PropertyBool{name=waterlogged, clazz=class java.lang.Boolean, values=[true, false]}
betterendforge:twisted_moss: PropertyDirection{name=facing, clazz=class net.minecraft.util.EnumFacing, values=[north, south, west, east]}
betterendforge:twisted_umbrella_moss: 
betterendforge:twisted_umbrella_moss_tall: PropertyInteger{name=rotation, clazz=class java.lang.Integer, values=[0, 1, 2, 3]}, PropertyBool{name=top, clazz=class java.lang.Boolean, values=[true, false]}
betterendforge:twisted_vine: PropertyEnum{name=shape, clazz=class mod.beethoven92.betterendforge.common.block.BlockProperties$TripleShape, values=[top, middle, bottom]}
betterendforge:umbralith: 
betterendforge:umbralith_bricks: 
betterendforge:umbralith_bricks_slab: PropertyEnum{name=half, clazz=class net.minecraft.block.BlockSlab$EnumBlockHalf, values=[top, bottom]}
betterendforge:umbralith_bricks_stairs: PropertyDirection{name=facing, clazz=class net.minecraft.util.EnumFacing, values=[north, south, west, east]}, PropertyEnum{name=half, clazz=class net.minecraft.block.BlockStairs$EnumHalf, values=[top, bottom]}, PropertyEnum{name=shape, clazz=class net.minecraft.block.BlockStairs$EnumShape, values=[straight, inner_left, inner_right, outer_left, outer_right]}
betterendforge:umbralith_bricks_wall: PropertyBool{name=east, clazz=class java.lang.Boolean, values=[true, false]}, PropertyBool{name=north, clazz=class java.lang.Boolean, values=[true, false]}, PropertyBool{name=south, clazz=class java.lang.Boolean, values=[true, false]}, PropertyBool{name=up, clazz=class java.lang.Boolean, values=[true, false]}, PropertyEnum{name=variant, clazz=class net.minecraft.block.BlockWall$EnumType, values=[cobblestone, mossy_cobblestone]}, PropertyBool{name=west, clazz=class java.lang.Boolean, values=[true, false]}
betterendforge:umbralith_furnace: PropertyDirection{name=facing, clazz=class net.minecraft.util.EnumFacing, values=[north, south, west, east]}
betterendforge:umbralith_lantern: PropertyBool{name=hanging, clazz=class java.lang.Boolean, values=[true, false]}
betterendforge:umbralith_pedestal: PropertyBool{name=has_item, clazz=class java.lang.Boolean, values=[true, false]}, PropertyBool{name=has_light, clazz=class java.lang.Boolean, values=[true, false]}, PropertyEnum{name=state, clazz=class mod.beethoven92.betterendforge.common.block.BlockProperties$PedestalState, values=[pedestal_top, column_top, bottom, pillar, column, default]}
betterendforge:umbralith_pillar: PropertyEnum{name=axis, clazz=class net.minecraft.util.EnumFacing$Axis, values=[x, y, z]}
betterendforge:umbralith_polished: 
betterendforge:umbralith_pressure_plate: PropertyBool{name=powered, clazz=class java.lang.Boolean, values=[true, false]}
betterendforge:umbralith_slab: PropertyEnum{name=half, clazz=class net.minecraft.block.BlockSlab$EnumBlockHalf, values=[top, bottom]}
betterendforge:umbralith_stairs: PropertyDirection{name=facing, clazz=class net.minecraft.util.EnumFacing, values=[north, south, west, east]}, PropertyEnum{name=half, clazz=class net.minecraft.block.BlockStairs$EnumHalf, values=[top, bottom]}, PropertyEnum{name=shape, clazz=class net.minecraft.block.BlockStairs$EnumShape, values=[straight, inner_left, inner_right, outer_left, outer_right]}
betterendforge:umbralith_tiles: 
betterendforge:umbralith_wall: PropertyBool{name=east, clazz=class java.lang.Boolean, values=[true, false]}, PropertyBool{name=north, clazz=class java.lang.Boolean, values=[true, false]}, PropertyBool{name=south, clazz=class java.lang.Boolean, values=[true, false]}, PropertyBool{name=up, clazz=class java.lang.Boolean, values=[true, false]}, PropertyEnum{name=variant, clazz=class net.minecraft.block.BlockWall$EnumType, values=[cobblestone, mossy_cobblestone]}, PropertyBool{name=west, clazz=class java.lang.Boolean, values=[true, false]}
betterendforge:umbrella_moss: 
betterendforge:umbrella_moss_tall: PropertyInteger{name=rotation, clazz=class java.lang.Integer, values=[0, 1, 2, 3]}, PropertyBool{name=top, clazz=class java.lang.Boolean, values=[true, false]}
betterendforge:umbrella_tree_bark: PropertyEnum{name=axis, clazz=class net.minecraft.block.BlockLog$EnumAxis, values=[x, y, z, none]}
betterendforge:umbrella_tree_bookshelf: 
betterendforge:umbrella_tree_chest: PropertyDirection{name=facing, clazz=class net.minecraft.util.EnumFacing, values=[north, south, west, east]}
betterendforge:umbrella_tree_cluster: PropertyBool{name=natural, clazz=class java.lang.Boolean, values=[true, false]}
betterendforge:umbrella_tree_cluster_empty: PropertyBool{name=natural, clazz=class java.lang.Boolean, values=[true, false]}
betterendforge:umbrella_tree_crafting_table: 
betterendforge:umbrella_tree_door: PropertyDirection{name=facing, clazz=class net.minecraft.util.EnumFacing, values=[north, south, west, east]}, PropertyEnum{name=half, clazz=class net.minecraft.block.BlockDoor$EnumDoorHalf, values=[upper, lower]}, PropertyEnum{name=hinge, clazz=class net.minecraft.block.BlockDoor$EnumHingePosition, values=[left, right]}, PropertyBool{name=open, clazz=class java.lang.Boolean, values=[true, false]}, PropertyBool{name=powered, clazz=class java.lang.Boolean, values=[true, false]}
betterendforge:umbrella_tree_fence: PropertyBool{name=east, clazz=class java.lang.Boolean, values=[true, false]}, PropertyBool{name=north, clazz=class java.lang.Boolean, values=[true, false]}, PropertyBool{name=south, clazz=class java.lang.Boolean, values=[true, false]}, PropertyBool{name=west, clazz=class java.lang.Boolean, values=[true, false]}
betterendforge:umbrella_tree_ladder: PropertyDirection{name=facing, clazz=class net.minecraft.util.EnumFacing, values=[north, south, west, east]}
betterendforge:umbrella_tree_log: PropertyEnum{name=axis, clazz=class net.minecraft.block.BlockLog$EnumAxis, values=[x, y, z, none]}
betterendforge:umbrella_tree_membrane: PropertyInteger{name=color, clazz=class java.lang.Integer, values=[0, 1, 2, 3, 4, 5, 6, 7]}
betterendforge:umbrella_tree_planks: 
betterendforge:umbrella_tree_pressure_plate: PropertyBool{name=powered, clazz=class java.lang.Boolean, values=[true, false]}
betterendforge:umbrella_tree_sapling: PropertyInteger{name=age, clazz=class java.lang.Integer, values=[0, 1, 2, 3]}
betterendforge:umbrella_tree_sign_standing: PropertyInteger{name=rotation, clazz=class java.lang.Integer, values=[0, 1, 2, 3, 4, 5, 6, 7, 8, 9, 10, 11, 12, 13, 14, 15]}
betterendforge:umbrella_tree_sign_wall: PropertyDirection{name=facing, clazz=class net.minecraft.util.EnumFacing, values=[north, south, west, east]}
betterendforge:umbrella_tree_slab: PropertyEnum{name=half, clazz=class net.minecraft.block.BlockSlab$EnumBlockHalf, values=[top, bottom]}
betterendforge:umbrella_tree_stairs: PropertyDirection{name=facing, clazz=class net.minecraft.util.EnumFacing, values=[north, south, west, east]}, PropertyEnum{name=half, clazz=class net.minecraft.block.BlockStairs$EnumHalf, values=[top, bottom]}, PropertyEnum{name=shape, clazz=class net.minecraft.block.BlockStairs$EnumShape, values=[straight, inner_left, inner_right, outer_left, outer_right]}
betterendforge:umbrella_tree_stripped_bark: PropertyEnum{name=axis, clazz=class net.minecraft.block.BlockLog$EnumAxis, values=[x, y, z, none]}
betterendforge:umbrella_tree_stripped_log: PropertyEnum{name=axis, clazz=class net.minecraft.block.BlockLog$EnumAxis, values=[x, y, z, none]}
betterendforge:umbrella_tree_trapdoor: PropertyDirection{name=facing, clazz=class net.minecraft.util.EnumFacing, values=[north, south, west, east]}, PropertyEnum{name=half, clazz=class net.minecraft.block.BlockTrapDoor$DoorHalf, values=[top, bottom]}, PropertyBool{name=open, clazz=class java.lang.Boolean, values=[true, false]}
betterendforge:vaiolush_fern: 
betterendforge:vent_bubble_column: 
betterendforge:violecite: 
betterendforge:violecite_bricks: 
betterendforge:violecite_bricks_slab: PropertyEnum{name=half, clazz=class net.minecraft.block.BlockSlab$EnumBlockHalf, values=[top, bottom]}
betterendforge:violecite_bricks_stairs: PropertyDirection{name=facing, clazz=class net.minecraft.util.EnumFacing, values=[north, south, west, east]}, PropertyEnum{name=half, clazz=class net.minecraft.block.BlockStairs$EnumHalf, values=[top, bottom]}, PropertyEnum{name=shape, clazz=class net.minecraft.block.BlockStairs$EnumShape, values=[straight, inner_left, inner_right, outer_left, outer_right]}
betterendforge:violecite_bricks_wall: PropertyBool{name=east, clazz=class java.lang.Boolean, values=[true, false]}, PropertyBool{name=north, clazz=class java.lang.Boolean, values=[true, false]}, PropertyBool{name=south, clazz=class java.lang.Boolean, values=[true, false]}, PropertyBool{name=up, clazz=class java.lang.Boolean, values=[true, false]}, PropertyEnum{name=variant, clazz=class net.minecraft.block.BlockWall$EnumType, values=[cobblestone, mossy_cobblestone]}, PropertyBool{name=west, clazz=class java.lang.Boolean, values=[true, false]}
betterendforge:violecite_furnace: PropertyDirection{name=facing, clazz=class net.minecraft.util.EnumFacing, values=[north, south, west, east]}
betterendforge:violecite_lantern: PropertyBool{name=hanging, clazz=class java.lang.Boolean, values=[true, false]}
betterendforge:violecite_pedestal: PropertyBool{name=has_item, clazz=class java.lang.Boolean, values=[true, false]}, PropertyBool{name=has_light, clazz=class java.lang.Boolean, values=[true, false]}, PropertyEnum{name=state, clazz=class mod.beethoven92.betterendforge.common.block.BlockProperties$PedestalState, values=[pedestal_top, column_top, bottom, pillar, column, default]}
betterendforge:violecite_pillar: PropertyEnum{name=axis, clazz=class net.minecraft.util.EnumFacing$Axis, values=[x, y, z]}
betterendforge:violecite_polished: 
betterendforge:violecite_pressure_plate: PropertyBool{name=powered, clazz=class java.lang.Boolean, values=[true, false]}
betterendforge:violecite_slab: PropertyEnum{name=half, clazz=class net.minecraft.block.BlockSlab$EnumBlockHalf, values=[top, bottom]}
betterendforge:violecite_stairs: PropertyDirection{name=facing, clazz=class net.minecraft.util.EnumFacing, values=[north, south, west, east]}, PropertyEnum{name=half, clazz=class net.minecraft.block.BlockStairs$EnumHalf, values=[top, bottom]}, PropertyEnum{name=shape, clazz=class net.minecraft.block.BlockStairs$EnumShape, values=[straight, inner_left, inner_right, outer_left, outer_right]}
betterendforge:violecite_tiles: 
betterendforge:violecite_wall: PropertyBool{name=east, clazz=class java.lang.Boolean, values=[true, false]}, PropertyBool{name=north, clazz=class java.lang.Boolean, values=[true, false]}, PropertyBool{name=south, clazz=class java.lang.Boolean, values=[true, false]}, PropertyBool{name=up, clazz=class java.lang.Boolean, values=[true, false]}, PropertyEnum{name=variant, clazz=class net.minecraft.block.BlockWall$EnumType, values=[cobblestone, mossy_cobblestone]}, PropertyBool{name=west, clazz=class java.lang.Boolean, values=[true, false]}
betterendforge:virid_jadestone: 
betterendforge:virid_jadestone_bricks: 
betterendforge:virid_jadestone_bricks_slab: PropertyEnum{name=half, clazz=class net.minecraft.block.BlockSlab$EnumBlockHalf, values=[top, bottom]}
betterendforge:virid_jadestone_bricks_stairs: PropertyDirection{name=facing, clazz=class net.minecraft.util.EnumFacing, values=[north, south, west, east]}, PropertyEnum{name=half, clazz=class net.minecraft.block.BlockStairs$EnumHalf, values=[top, bottom]}, PropertyEnum{name=shape, clazz=class net.minecraft.block.BlockStairs$EnumShape, values=[straight, inner_left, inner_right, outer_left, outer_right]}
betterendforge:virid_jadestone_bricks_wall: PropertyBool{name=east, clazz=class java.lang.Boolean, values=[true, false]}, PropertyBool{name=north, clazz=class java.lang.Boolean, values=[true, false]}, PropertyBool{name=south, clazz=class java.lang.Boolean, values=[true, false]}, PropertyBool{name=up, clazz=class java.lang.Boolean, values=[true, false]}, PropertyEnum{name=variant, clazz=class net.minecraft.block.BlockWall$EnumType, values=[cobblestone, mossy_cobblestone]}, PropertyBool{name=west, clazz=class java.lang.Boolean, values=[true, false]}
betterendforge:virid_jadestone_furnace: PropertyDirection{name=facing, clazz=class net.minecraft.util.EnumFacing, values=[north, south, west, east]}
betterendforge:virid_jadestone_lantern: PropertyBool{name=hanging, clazz=class java.lang.Boolean, values=[true, false]}
betterendforge:virid_jadestone_pedestal: PropertyBool{name=has_item, clazz=class java.lang.Boolean, values=[true, false]}, PropertyBool{name=has_light, clazz=class java.lang.Boolean, values=[true, false]}, PropertyEnum{name=state, clazz=class mod.beethoven92.betterendforge.common.block.BlockProperties$PedestalState, values=[pedestal_top, column_top, bottom, pillar, column, default]}
betterendforge:virid_jadestone_pillar: PropertyEnum{name=axis, clazz=class net.minecraft.util.EnumFacing$Axis, values=[x, y, z]}
betterendforge:virid_jadestone_polished: 
betterendforge:virid_jadestone_pressure_plate: PropertyBool{name=powered, clazz=class java.lang.Boolean, values=[true, false]}
betterendforge:virid_jadestone_slab: PropertyEnum{name=half, clazz=class net.minecraft.block.BlockSlab$EnumBlockHalf, values=[top, bottom]}
betterendforge:virid_jadestone_stairs: PropertyDirection{name=facing, clazz=class net.minecraft.util.EnumFacing, values=[north, south, west, east]}, PropertyEnum{name=half, clazz=class net.minecraft.block.BlockStairs$EnumHalf, values=[top, bottom]}, PropertyEnum{name=shape, clazz=class net.minecraft.block.BlockStairs$EnumShape, values=[straight, inner_left, inner_right, outer_left, outer_right]}
betterendforge:virid_jadestone_tiles: 
betterendforge:virid_jadestone_wall: PropertyBool{name=east, clazz=class java.lang.Boolean, values=[true, false]}, PropertyBool{name=north, clazz=class java.lang.Boolean, values=[true, false]}, PropertyBool{name=south, clazz=class java.lang.Boolean, values=[true, false]}, PropertyBool{name=up, clazz=class java.lang.Boolean, values=[true, false]}, PropertyEnum{name=variant, clazz=class net.minecraft.block.BlockWall$EnumType, values=[cobblestone, mossy_cobblestone]}, PropertyBool{name=west, clazz=class java.lang.Boolean, values=[true, false]}
betternether:agave: 
betternether:barrel_cactus: 
betternether:black_apple: 
betternether:black_apple_seed: 
betternether:black_bush: 
betternether:block_eyeball: 
betternether:block_eyeball_small: 
betternether:bone_block: 
betternether:bone_button: PropertyDirection{name=facing, clazz=class net.minecraft.util.EnumFacing, values=[down, up, north, south, west, east]}, PropertyBool{name=powered, clazz=class java.lang.Boolean, values=[true, false]}
betternether:bone_cincinnasite_door: PropertyDirection{name=facing, clazz=class net.minecraft.util.EnumFacing, values=[north, south, west, east]}, PropertyEnum{name=half, clazz=class net.minecraft.block.BlockDoor$EnumDoorHalf, values=[upper, lower]}, PropertyEnum{name=hinge, clazz=class net.minecraft.block.BlockDoor$EnumHingePosition, values=[left, right]}, PropertyBool{name=open, clazz=class java.lang.Boolean, values=[true, false]}, PropertyBool{name=powered, clazz=class java.lang.Boolean, values=[true, false]}
betternether:bone_mushroom: PropertyInteger{name=age, clazz=class java.lang.Integer, values=[0, 1, 2]}, PropertyDirection{name=facing, clazz=class net.minecraft.util.EnumFacing, values=[up, north, south, west, east]}
betternether:bone_plate: PropertyBool{name=powered, clazz=class java.lang.Boolean, values=[true, false]}
betternether:bone_reed_door: PropertyDirection{name=facing, clazz=class net.minecraft.util.EnumFacing, values=[north, south, west, east]}, PropertyEnum{name=half, clazz=class net.minecraft.block.BlockDoor$EnumDoorHalf, values=[upper, lower]}, PropertyEnum{name=hinge, clazz=class net.minecraft.block.BlockDoor$EnumHingePosition, values=[left, right]}, PropertyBool{name=open, clazz=class java.lang.Boolean, values=[true, false]}, PropertyBool{name=powered, clazz=class java.lang.Boolean, values=[true, false]}
betternether:bone_slab_double: PropertyEnum{name=half, clazz=class net.minecraft.block.BlockSlab$EnumBlockHalf, values=[top, bottom]}
betternether:bone_slab_half: PropertyEnum{name=half, clazz=class net.minecraft.block.BlockSlab$EnumBlockHalf, values=[top, bottom]}
betternether:bone_stairs: PropertyDirection{name=facing, clazz=class net.minecraft.util.EnumFacing, values=[north, south, west, east]}, PropertyEnum{name=half, clazz=class net.minecraft.block.BlockStairs$EnumHalf, values=[top, bottom]}, PropertyEnum{name=shape, clazz=class net.minecraft.block.BlockStairs$EnumShape, values=[straight, inner_left, inner_right, outer_left, outer_right]}
betternether:bone_tile: 
betternether:bone_wall: PropertyBool{name=east, clazz=class java.lang.Boolean, values=[true, false]}, PropertyBool{name=north, clazz=class java.lang.Boolean, values=[true, false]}, PropertyBool{name=south, clazz=class java.lang.Boolean, values=[true, false]}, PropertyBool{name=up, clazz=class java.lang.Boolean, values=[true, false]}, PropertyBool{name=west, clazz=class java.lang.Boolean, values=[true, false]}
betternether:brown_large_mushroom: PropertyEnum{name=shape, clazz=class paulevs.betternether.blocks.BlockBrownLargeMushroom$EnumShape, values=[top, side_n, side_s, side_e, side_w, corner_n, corner_s, corner_e, corner_w, middle, bottom]}
betternether:chest_of_drawers: PropertyDirection{name=facing, clazz=class net.minecraft.util.EnumFacing, values=[north, south, west, east]}, PropertyBool{name=open, clazz=class java.lang.Boolean, values=[true, false]}
betternether:cincinnasite_bars: PropertyBool{name=east, clazz=class java.lang.Boolean, values=[true, false]}, PropertyBool{name=north, clazz=class java.lang.Boolean, values=[true, false]}, PropertyBool{name=south, clazz=class java.lang.Boolean, values=[true, false]}, PropertyBool{name=west, clazz=class java.lang.Boolean, values=[true, false]}
betternether:cincinnasite_block: 
betternether:cincinnasite_brick_plate: 
betternether:cincinnasite_bricks: 
betternether:cincinnasite_bricks_pillar: PropertyEnum{name=axis, clazz=class net.minecraft.util.EnumFacing$Axis, values=[x, y, z]}
betternether:cincinnasite_button: PropertyDirection{name=facing, clazz=class net.minecraft.util.EnumFacing, values=[down, up, north, south, west, east]}, PropertyBool{name=powered, clazz=class java.lang.Boolean, values=[true, false]}
betternether:cincinnasite_carved: 
betternether:cincinnasite_fire_bowl: PropertyBool{name=state, clazz=class java.lang.Boolean, values=[true, false]}
betternether:cincinnasite_forge: PropertyBool{name=active, clazz=class java.lang.Boolean, values=[true, false]}, PropertyDirection{name=facing, clazz=class net.minecraft.util.EnumFacing, values=[north, south, west, east]}
betternether:cincinnasite_forged: 
betternether:cincinnasite_frame: 
betternether:cincinnasite_lantern: 
betternether:cincinnasite_ore: 
betternether:cincinnasite_pedestal: 
betternether:cincinnasite_pillar: PropertyEnum{name=shape, clazz=class paulevs.betternether.blocks.BlockCincinnasitePillar$EnumShape, values=[small, top, middle, bottom]}
betternether:cincinnasite_plate: PropertyInteger{name=power, clazz=class java.lang.Integer, values=[0, 1, 2, 3, 4, 5, 6, 7, 8, 9, 10, 11, 12, 13, 14, 15]}
betternether:cincinnasite_pot: 
betternether:cincinnasite_slab_double: PropertyEnum{name=half, clazz=class net.minecraft.block.BlockSlab$EnumBlockHalf, values=[top, bottom]}
betternether:cincinnasite_slab_half: PropertyEnum{name=half, clazz=class net.minecraft.block.BlockSlab$EnumBlockHalf, values=[top, bottom]}
betternether:cincinnasite_stairs: PropertyDirection{name=facing, clazz=class net.minecraft.util.EnumFacing, values=[north, south, west, east]}, PropertyEnum{name=half, clazz=class net.minecraft.block.BlockStairs$EnumHalf, values=[top, bottom]}, PropertyEnum{name=shape, clazz=class net.minecraft.block.BlockStairs$EnumShape, values=[straight, inner_left, inner_right, outer_left, outer_right]}
betternether:cincinnasite_tile_large: 
betternether:cincinnasite_tile_small: 
betternether:cincinnasite_wall: PropertyBool{name=east, clazz=class java.lang.Boolean, values=[true, false]}, PropertyBool{name=north, clazz=class java.lang.Boolean, values=[true, false]}, PropertyBool{name=south, clazz=class java.lang.Boolean, values=[true, false]}, PropertyBool{name=up, clazz=class java.lang.Boolean, values=[true, false]}, PropertyBool{name=west, clazz=class java.lang.Boolean, values=[true, false]}
betternether:egg_plant: 
betternether:eye_seed: 
betternether:eye_vine: 
betternether:gray_mold: 
betternether:ink_bush: 
betternether:ink_bush_seed: 
betternether:lucis_mushroom: PropertyEnum{name=facing, clazz=class paulevs.betternether.blocks.BlockLucisMushroom$EnumDir, values=[north, south, east, west]}, PropertyEnum{name=shape, clazz=class paulevs.betternether.blocks.BlockLucisMushroom$EnumShape, values=[corner, side, center]}
betternether:lucis_spore: PropertyDirection{name=facing, clazz=class net.minecraft.util.EnumFacing, values=[north, south, west, east]}
betternether:magma_flower: PropertyInteger{name=size, clazz=class java.lang.Integer, values=[0, 1, 2, 3]}
betternether:nether_brick_tile_large: 
betternether:nether_brick_tile_slab_double: PropertyEnum{name=half, clazz=class net.minecraft.block.BlockSlab$EnumBlockHalf, values=[top, bottom]}
betternether:nether_brick_tile_slab_half: PropertyEnum{name=half, clazz=class net.minecraft.block.BlockSlab$EnumBlockHalf, values=[top, bottom]}
betternether:nether_brick_tile_small: 
betternether:nether_brick_tile_stairs: PropertyDirection{name=facing, clazz=class net.minecraft.util.EnumFacing, values=[north, south, west, east]}, PropertyEnum{name=half, clazz=class net.minecraft.block.BlockStairs$EnumHalf, values=[top, bottom]}, PropertyEnum{name=shape, clazz=class net.minecraft.block.BlockStairs$EnumShape, values=[straight, inner_left, inner_right, outer_left, outer_right]}
betternether:nether_brick_wall: PropertyBool{name=east, clazz=class java.lang.Boolean, values=[true, false]}, PropertyBool{name=north, clazz=class java.lang.Boolean, values=[true, false]}, PropertyBool{name=south, clazz=class java.lang.Boolean, values=[true, false]}, PropertyBool{name=up, clazz=class java.lang.Boolean, values=[true, false]}, PropertyBool{name=west, clazz=class java.lang.Boolean, values=[true, false]}
betternether:nether_cactus: PropertyEnum{name=shape, clazz=class paulevs.betternether.blocks.BlockNetherCactus$EnumShape, values=[top, side]}
betternether:nether_grass: 
betternether:nether_mycelium: 
betternether:nether_reed: PropertyEnum{name=shape, clazz=class paulevs.betternether.blocks.BlockNetherReed$EnumShape, values=[top, bottom]}
betternether:netherrack_furnace: PropertyBool{name=active, clazz=class java.lang.Boolean, values=[true, false]}, PropertyDirection{name=facing, clazz=class net.minecraft.util.EnumFacing, values=[north, south, west, east]}
betternether:netherrack_moss: 
betternether:orange_mushroom: PropertyInteger{name=size, clazz=class java.lang.Integer, values=[0, 1, 2, 3]}
betternether:pig_statue_01: PropertyDirection{name=facing, clazz=class net.minecraft.util.EnumFacing, values=[north, south, west, east]}
betternether:potted_plant_1: PropertyEnum{name=plant, clazz=class paulevs.betternether.blocks.BlockPottedPlant$EnumPlant, values=[0, 1, 2, 3, 4, 5, 6, 7, 8, 9, 10, 11, 12, 13]}
betternether:quartz_glass: 
betternether:quartz_glass_framed: 
betternether:quartz_glass_framed_pane: PropertyBool{name=east, clazz=class java.lang.Boolean, values=[true, false]}, PropertyBool{name=north, clazz=class java.lang.Boolean, values=[true, false]}, PropertyBool{name=south, clazz=class java.lang.Boolean, values=[true, false]}, PropertyBool{name=west, clazz=class java.lang.Boolean, values=[true, false]}
betternether:quartz_glass_pane: PropertyBool{name=east, clazz=class java.lang.Boolean, values=[true, false]}, PropertyBool{name=north, clazz=class java.lang.Boolean, values=[true, false]}, PropertyBool{name=south, clazz=class java.lang.Boolean, values=[true, false]}, PropertyBool{name=west, clazz=class java.lang.Boolean, values=[true, false]}
betternether:quartz_stained_glass: PropertyEnum{name=color, clazz=class net.minecraft.item.EnumDyeColor, values=[white, orange, magenta, lightBlue, yellow, lime, pink, gray, silver, cyan, purple, blue, brown, green, red, black]}
betternether:quartz_stained_glass_framed: PropertyEnum{name=color, clazz=class net.minecraft.item.EnumDyeColor, values=[white, orange, magenta, lightBlue, yellow, lime, pink, gray, silver, cyan, purple, blue, brown, green, red, black]}
betternether:quartz_stained_glass_pane: PropertyEnum{name=color, clazz=class net.minecraft.item.EnumDyeColor, values=[white, orange, magenta, lightBlue, yellow, lime, pink, gray, silver, cyan, purple, blue, brown, green, red, black]}, PropertyBool{name=east, clazz=class java.lang.Boolean, values=[true, false]}, PropertyBool{name=north, clazz=class java.lang.Boolean, values=[true, false]}, PropertyBool{name=south, clazz=class java.lang.Boolean, values=[true, false]}, PropertyBool{name=west, clazz=class java.lang.Boolean, values=[true, false]}
betternether:red_large_mushroom: PropertyEnum{name=shape, clazz=class paulevs.betternether.blocks.BlockRedLargeMushroom$EnumShape, values=[top, middle, bottom]}
betternether:red_mold: 
betternether:reeds_block: PropertyEnum{name=axis, clazz=class net.minecraft.util.EnumFacing$Axis, values=[x, y, z]}
betternether:reeds_button: PropertyDirection{name=facing, clazz=class net.minecraft.util.EnumFacing, values=[down, up, north, south, west, east]}, PropertyBool{name=powered, clazz=class java.lang.Boolean, values=[true, false]}
betternether:reeds_fence: PropertyBool{name=east, clazz=class java.lang.Boolean, values=[true, false]}, PropertyBool{name=north, clazz=class java.lang.Boolean, values=[true, false]}, PropertyBool{name=south, clazz=class java.lang.Boolean, values=[true, false]}, PropertyBool{name=west, clazz=class java.lang.Boolean, values=[true, false]}
betternether:reeds_gate: PropertyDirection{name=facing, clazz=class net.minecraft.util.EnumFacing, values=[north, south, west, east]}, PropertyBool{name=in_wall, clazz=class java.lang.Boolean, values=[true, false]}, PropertyBool{name=open, clazz=class java.lang.Boolean, values=[true, false]}, PropertyBool{name=powered, clazz=class java.lang.Boolean, values=[true, false]}
betternether:reeds_ladder: PropertyDirection{name=facing, clazz=class net.minecraft.util.EnumFacing, values=[north, south, west, east]}
betternether:reeds_plate: PropertyBool{name=powered, clazz=class java.lang.Boolean, values=[true, false]}
betternether:reeds_slab_double: PropertyEnum{name=half, clazz=class net.minecraft.block.BlockSlab$EnumBlockHalf, values=[top, bottom]}
betternether:reeds_slab_half: PropertyEnum{name=half, clazz=class net.minecraft.block.BlockSlab$EnumBlockHalf, values=[top, bottom]}
betternether:reeds_stairs: PropertyDirection{name=facing, clazz=class net.minecraft.util.EnumFacing, values=[north, south, west, east]}, PropertyEnum{name=half, clazz=class net.minecraft.block.BlockStairs$EnumHalf, values=[top, bottom]}, PropertyEnum{name=shape, clazz=class net.minecraft.block.BlockStairs$EnumShape, values=[straight, inner_left, inner_right, outer_left, outer_right]}
betternether:smoker: PropertyEnum{name=shape, clazz=class paulevs.betternether.blocks.BlockSmoker$EnumShape, values=[top, middle, bottom]}
betternether:stalagnate_bark: PropertyEnum{name=axis, clazz=class net.minecraft.util.EnumFacing$Axis, values=[x, y, z]}
betternether:stalagnate_bottom: 
betternether:stalagnate_bowl_placed: PropertyEnum{name=food, clazz=class paulevs.betternether.blocks.BlockStalagnateBowl$EnumFood, values=[none, wart, mushroom, apple]}
betternether:stalagnate_middle: 
betternether:stalagnate_planks: 
betternether:stalagnate_planks_button: PropertyDirection{name=facing, clazz=class net.minecraft.util.EnumFacing, values=[down, up, north, south, west, east]}, PropertyBool{name=powered, clazz=class java.lang.Boolean, values=[true, false]}
betternether:stalagnate_planks_fence: PropertyBool{name=east, clazz=class java.lang.Boolean, values=[true, false]}, PropertyBool{name=north, clazz=class java.lang.Boolean, values=[true, false]}, PropertyBool{name=south, clazz=class java.lang.Boolean, values=[true, false]}, PropertyBool{name=west, clazz=class java.lang.Boolean, values=[true, false]}
betternether:stalagnate_planks_gate: PropertyDirection{name=facing, clazz=class net.minecraft.util.EnumFacing, values=[north, south, west, east]}, PropertyBool{name=in_wall, clazz=class java.lang.Boolean, values=[true, false]}, PropertyBool{name=open, clazz=class java.lang.Boolean, values=[true, false]}, PropertyBool{name=powered, clazz=class java.lang.Boolean, values=[true, false]}
betternether:stalagnate_planks_plate: PropertyBool{name=powered, clazz=class java.lang.Boolean, values=[true, false]}
betternether:stalagnate_planks_slab_double: PropertyEnum{name=half, clazz=class net.minecraft.block.BlockSlab$EnumBlockHalf, values=[top, bottom]}
betternether:stalagnate_planks_slab_half: PropertyEnum{name=half, clazz=class net.minecraft.block.BlockSlab$EnumBlockHalf, values=[top, bottom]}
betternether:stalagnate_planks_stairs: PropertyDirection{name=facing, clazz=class net.minecraft.util.EnumFacing, values=[north, south, west, east]}, PropertyEnum{name=half, clazz=class net.minecraft.block.BlockStairs$EnumHalf, values=[top, bottom]}, PropertyEnum{name=shape, clazz=class net.minecraft.block.BlockStairs$EnumShape, values=[straight, inner_left, inner_right, outer_left, outer_right]}
betternether:stalagnate_seed: 
betternether:stalagnate_seed_bottom: 
betternether:stalagnate_stem: 
betternether:stalagnate_top: 
betternether:wart_seed: PropertyDirection{name=facing, clazz=class net.minecraft.util.EnumFacing, values=[down, up, north, south, west, east]}
bibliocraft:armorstand: PropertyEnum{name=woodtype, clazz=class jds.bibliocraft.blocks.BiblioWoodBlock$EnumWoodType, values=[oak, spruce, birch, jungle, acacia, darkoak, framed]}
bibliocraft:bell: 
bibliocraft:bookcase: PropertyEnum{name=woodtype, clazz=class jds.bibliocraft.blocks.BiblioWoodBlock$EnumWoodType, values=[oak, spruce, birch, jungle, acacia, darkoak, framed]}
bibliocraft:bookcasecreative: PropertyEnum{name=woodtype, clazz=class jds.bibliocraft.blocks.BiblioWoodBlock$EnumWoodType, values=[oak, spruce, birch, jungle, acacia, darkoak, framed]}
bibliocraft:case: PropertyEnum{name=woodtype, clazz=class jds.bibliocraft.blocks.BiblioWoodBlock$EnumWoodType, values=[oak, spruce, birch, jungle, acacia, darkoak, framed]}
bibliocraft:clipboard: 
bibliocraft:clock: PropertyEnum{name=woodtype, clazz=class jds.bibliocraft.blocks.BiblioWoodBlock$EnumWoodType, values=[oak, spruce, birch, jungle, acacia, darkoak, framed]}
bibliocraft:cookiejar: 
bibliocraft:desk: PropertyEnum{name=woodtype, clazz=class jds.bibliocraft.blocks.BiblioWoodBlock$EnumWoodType, values=[oak, spruce, birch, jungle, acacia, darkoak, framed]}
bibliocraft:dinnerplate: 
bibliocraft:discrack: 
bibliocraft:fancysign: PropertyEnum{name=woodtype, clazz=class jds.bibliocraft.blocks.BiblioWoodBlock$EnumWoodType, values=[oak, spruce, birch, jungle, acacia, darkoak, framed]}
bibliocraft:fancyworkbench: PropertyEnum{name=woodtype, clazz=class jds.bibliocraft.blocks.BiblioWoodBlock$EnumWoodType, values=[oak, spruce, birch, jungle, acacia, darkoak, framed]}
bibliocraft:framedchest: PropertyEnum{name=woodtype, clazz=class jds.bibliocraft.blocks.BiblioWoodBlock$EnumWoodType, values=[oak, spruce, birch, jungle, acacia, darkoak, framed]}
bibliocraft:furniturepaneler: PropertyEnum{name=woodtype, clazz=class jds.bibliocraft.blocks.BiblioWoodBlock$EnumWoodType, values=[oak, spruce, birch, jungle, acacia, darkoak, framed]}
bibliocraft:label: PropertyEnum{name=woodtype, clazz=class jds.bibliocraft.blocks.BiblioWoodBlock$EnumWoodType, values=[oak, spruce, birch, jungle, acacia, darkoak, framed]}
bibliocraft:lampgold: PropertyEnum{name=color, clazz=class jds.bibliocraft.helpers.EnumColor, values=[WHITE, LIGHT_GRAY, GRAY, BLACK, RED, ORANGE, YELLOW, LIME, GREEN, CYAN, LIGHT_BLUE, BLUE, PURPLE, MAGENTA, PINK, BROWN]}
bibliocraft:lampiron: PropertyEnum{name=color, clazz=class jds.bibliocraft.helpers.EnumColor, values=[WHITE, LIGHT_GRAY, GRAY, BLACK, RED, ORANGE, YELLOW, LIME, GREEN, CYAN, LIGHT_BLUE, BLUE, PURPLE, MAGENTA, PINK, BROWN]}
bibliocraft:lanterngold: PropertyEnum{name=color, clazz=class jds.bibliocraft.helpers.EnumColor, values=[WHITE, LIGHT_GRAY, GRAY, BLACK, RED, ORANGE, YELLOW, LIME, GREEN, CYAN, LIGHT_BLUE, BLUE, PURPLE, MAGENTA, PINK, BROWN]}
bibliocraft:lanterniron: PropertyEnum{name=color, clazz=class jds.bibliocraft.helpers.EnumColor, values=[WHITE, LIGHT_GRAY, GRAY, BLACK, RED, ORANGE, YELLOW, LIME, GREEN, CYAN, LIGHT_BLUE, BLUE, PURPLE, MAGENTA, PINK, BROWN]}
bibliocraft:mapframe: PropertyEnum{name=woodtype, clazz=class jds.bibliocraft.blocks.BiblioWoodBlock$EnumWoodType, values=[oak, spruce, birch, jungle, acacia, darkoak, framed]}
bibliocraft:markerpole: 
bibliocraft:paintingframeborderless: PropertyEnum{name=woodtype, clazz=class jds.bibliocraft.blocks.BiblioWoodBlock$EnumWoodType, values=[oak, spruce, birch, jungle, acacia, darkoak, framed]}
bibliocraft:paintingframefancy: PropertyEnum{name=woodtype, clazz=class jds.bibliocraft.blocks.BiblioWoodBlock$EnumWoodType, values=[oak, spruce, birch, jungle, acacia, darkoak, framed]}
bibliocraft:paintingframeflat: PropertyEnum{name=woodtype, clazz=class jds.bibliocraft.blocks.BiblioWoodBlock$EnumWoodType, values=[oak, spruce, birch, jungle, acacia, darkoak, framed]}
bibliocraft:paintingframemiddle: PropertyEnum{name=woodtype, clazz=class jds.bibliocraft.blocks.BiblioWoodBlock$EnumWoodType, values=[oak, spruce, birch, jungle, acacia, darkoak, framed]}
bibliocraft:paintingframesimple: PropertyEnum{name=woodtype, clazz=class jds.bibliocraft.blocks.BiblioWoodBlock$EnumWoodType, values=[oak, spruce, birch, jungle, acacia, darkoak, framed]}
bibliocraft:paintingpress: 
bibliocraft:potionshelf: PropertyEnum{name=woodtype, clazz=class jds.bibliocraft.blocks.BiblioWoodBlock$EnumWoodType, values=[oak, spruce, birch, jungle, acacia, darkoak, framed]}
bibliocraft:printingpress: 
bibliocraft:seat: PropertyEnum{name=woodtype, clazz=class jds.bibliocraft.blocks.BiblioWoodBlock$EnumWoodType, values=[oak, spruce, birch, jungle, acacia, darkoak, framed]}
bibliocraft:shelf: PropertyEnum{name=woodtype, clazz=class jds.bibliocraft.blocks.BiblioWoodBlock$EnumWoodType, values=[oak, spruce, birch, jungle, acacia, darkoak, framed]}
bibliocraft:swordpedestal: PropertyEnum{name=color, clazz=class jds.bibliocraft.helpers.EnumColor, values=[WHITE, LIGHT_GRAY, GRAY, BLACK, RED, ORANGE, YELLOW, LIME, GREEN, CYAN, LIGHT_BLUE, BLUE, PURPLE, MAGENTA, PINK, BROWN]}
bibliocraft:table: PropertyEnum{name=woodtype, clazz=class jds.bibliocraft.blocks.BiblioWoodBlock$EnumWoodType, values=[oak, spruce, birch, jungle, acacia, darkoak, framed]}
bibliocraft:toolrack: PropertyEnum{name=woodtype, clazz=class jds.bibliocraft.blocks.BiblioWoodBlock$EnumWoodType, values=[oak, spruce, birch, jungle, acacia, darkoak, framed]}
bibliocraft:typesettingtable: 
bibliocraft:typewriter: PropertyEnum{name=color, clazz=class jds.bibliocraft.helpers.EnumColor, values=[WHITE, LIGHT_GRAY, GRAY, BLACK, RED, ORANGE, YELLOW, LIME, GREEN, CYAN, LIGHT_BLUE, BLUE, PURPLE, MAGENTA, PINK, BROWN]}
biomesoplenty:ash_block: 
biomesoplenty:bamboo: PropertyInteger{name=age, clazz=class java.lang.Integer, values=[0, 1, 2, 3, 4, 5, 6, 7, 8, 9, 10, 11, 12, 13, 14, 15]}
biomesoplenty:bamboo_thatching: 
biomesoplenty:biome_block: 
biomesoplenty:blood: PropertyInteger{name=level, clazz=class java.lang.Integer, values=[0, 1, 2, 3, 4, 5, 6, 7, 8, 9, 10, 11, 12, 13, 14, 15]}
biomesoplenty:blue_fire: 
biomesoplenty:bramble_plant: PropertyBool{name=down, clazz=class java.lang.Boolean, values=[true, false]}, PropertyBool{name=east, clazz=class java.lang.Boolean, values=[true, false]}, PropertyBool{name=north, clazz=class java.lang.Boolean, values=[true, false]}, PropertyBool{name=south, clazz=class java.lang.Boolean, values=[true, false]}, PropertyBool{name=up, clazz=class java.lang.Boolean, values=[true, false]}, PropertyBool{name=west, clazz=class java.lang.Boolean, values=[true, false]}
biomesoplenty:cherry_door_block: PropertyDirection{name=facing, clazz=class net.minecraft.util.EnumFacing, values=[north, south, west, east]}, PropertyEnum{name=half, clazz=class net.minecraft.block.BlockDoor$EnumDoorHalf, values=[upper, lower]}, PropertyEnum{name=hinge, clazz=class net.minecraft.block.BlockDoor$EnumHingePosition, values=[left, right]}, PropertyBool{name=open, clazz=class java.lang.Boolean, values=[true, false]}, PropertyBool{name=powered, clazz=class java.lang.Boolean, values=[true, false]}
biomesoplenty:cherry_fence: PropertyBool{name=east, clazz=class java.lang.Boolean, values=[true, false]}, PropertyBool{name=north, clazz=class java.lang.Boolean, values=[true, false]}, PropertyBool{name=south, clazz=class java.lang.Boolean, values=[true, false]}, PropertyBool{name=west, clazz=class java.lang.Boolean, values=[true, false]}
biomesoplenty:cherry_fence_gate: PropertyDirection{name=facing, clazz=class net.minecraft.util.EnumFacing, values=[north, south, west, east]}, PropertyBool{name=in_wall, clazz=class java.lang.Boolean, values=[true, false]}, PropertyBool{name=open, clazz=class java.lang.Boolean, values=[true, false]}, PropertyBool{name=powered, clazz=class java.lang.Boolean, values=[true, false]}
biomesoplenty:cherry_stairs: PropertyDirection{name=facing, clazz=class net.minecraft.util.EnumFacing, values=[north, south, west, east]}, PropertyEnum{name=half, clazz=class net.minecraft.block.BlockStairs$EnumHalf, values=[top, bottom]}, PropertyEnum{name=shape, clazz=class net.minecraft.block.BlockStairs$EnumShape, values=[straight, inner_left, inner_right, outer_left, outer_right]}
biomesoplenty:coral: PropertyInteger{name=level, clazz=class java.lang.Integer, values=[0, 1, 2, 3, 4, 5, 6, 7, 8, 9, 10, 11, 12, 13, 14, 15]}, PropertyEnum{name=variant, clazz=class biomesoplenty.common.block.BlockBOPCoral$CoralType, values=[pink, orange, blue, glowing, algae]}
biomesoplenty:crystal: 
biomesoplenty:dirt: PropertyBool{name=coarse, clazz=class java.lang.Boolean, values=[true, false]}, PropertyEnum{name=variant, clazz=class biomesoplenty.common.block.BlockBOPDirt$BOPDirtType, values=[loamy, sandy, silty]}
biomesoplenty:double_other_slab: PropertyEnum{name=half, clazz=class net.minecraft.block.BlockSlab$EnumBlockHalf, values=[top, bottom]}, PropertyEnum{name=variant, clazz=class biomesoplenty.common.block.BlockBOPHalfOtherSlab$SlabType, values=[mud_brick, white_sandstone]}
biomesoplenty:double_plant: PropertyEnum{name=half, clazz=class biomesoplenty.common.block.BlockBOPDoubleDecoration$Half, values=[lower, upper]}, PropertyEnum{name=variant, clazz=class biomesoplenty.common.block.BlockBOPDoublePlant$DoublePlantType, values=[flax, tall_cattail, eyebulb, sea_oats]}
biomesoplenty:double_wood_slab_0: PropertyEnum{name=half, clazz=class net.minecraft.block.BlockSlab$EnumBlockHalf, values=[top, bottom]}, PropertyEnum{name=variant, clazz=class biomesoplenty.api.enums.BOPWoods, values=[sacred_oak, cherry, umbran, fir, ethereal, magic, mangrove, palm]}
biomesoplenty:double_wood_slab_1: PropertyEnum{name=half, clazz=class net.minecraft.block.BlockSlab$EnumBlockHalf, values=[top, bottom]}, PropertyEnum{name=variant, clazz=class biomesoplenty.api.enums.BOPWoods, values=[redwood, willow, pine, hellbark, jacaranda, mahogany, ebony, eucalyptus]}
biomesoplenty:dried_sand: 
biomesoplenty:ebony_door_block: PropertyDirection{name=facing, clazz=class net.minecraft.util.EnumFacing, values=[north, south, west, east]}, PropertyEnum{name=half, clazz=class net.minecraft.block.BlockDoor$EnumDoorHalf, values=[upper, lower]}, PropertyEnum{name=hinge, clazz=class net.minecraft.block.BlockDoor$EnumHingePosition, values=[left, right]}, PropertyBool{name=open, clazz=class java.lang.Boolean, values=[true, false]}, PropertyBool{name=powered, clazz=class java.lang.Boolean, values=[true, false]}
biomesoplenty:ebony_fence: PropertyBool{name=east, clazz=class java.lang.Boolean, values=[true, false]}, PropertyBool{name=north, clazz=class java.lang.Boolean, values=[true, false]}, PropertyBool{name=south, clazz=class java.lang.Boolean, values=[true, false]}, PropertyBool{name=west, clazz=class java.lang.Boolean, values=[true, false]}
biomesoplenty:ebony_fence_gate: PropertyDirection{name=facing, clazz=class net.minecraft.util.EnumFacing, values=[north, south, west, east]}, PropertyBool{name=in_wall, clazz=class java.lang.Boolean, values=[true, false]}, PropertyBool{name=open, clazz=class java.lang.Boolean, values=[true, false]}, PropertyBool{name=powered, clazz=class java.lang.Boolean, values=[true, false]}
biomesoplenty:ebony_stairs: PropertyDirection{name=facing, clazz=class net.minecraft.util.EnumFacing, values=[north, south, west, east]}, PropertyEnum{name=half, clazz=class net.minecraft.block.BlockStairs$EnumHalf, values=[top, bottom]}, PropertyEnum{name=shape, clazz=class net.minecraft.block.BlockStairs$EnumShape, values=[straight, inner_left, inner_right, outer_left, outer_right]}
biomesoplenty:ethereal_door_block: PropertyDirection{name=facing, clazz=class net.minecraft.util.EnumFacing, values=[north, south, west, east]}, PropertyEnum{name=half, clazz=class net.minecraft.block.BlockDoor$EnumDoorHalf, values=[upper, lower]}, PropertyEnum{name=hinge, clazz=class net.minecraft.block.BlockDoor$EnumHingePosition, values=[left, right]}, PropertyBool{name=open, clazz=class java.lang.Boolean, values=[true, false]}, PropertyBool{name=powered, clazz=class java.lang.Boolean, values=[true, false]}
biomesoplenty:ethereal_fence: PropertyBool{name=east, clazz=class java.lang.Boolean, values=[true, false]}, PropertyBool{name=north, clazz=class java.lang.Boolean, values=[true, false]}, PropertyBool{name=south, clazz=class java.lang.Boolean, values=[true, false]}, PropertyBool{name=west, clazz=class java.lang.Boolean, values=[true, false]}
biomesoplenty:ethereal_fence_gate: PropertyDirection{name=facing, clazz=class net.minecraft.util.EnumFacing, values=[north, south, west, east]}, PropertyBool{name=in_wall, clazz=class java.lang.Boolean, values=[true, false]}, PropertyBool{name=open, clazz=class java.lang.Boolean, values=[true, false]}, PropertyBool{name=powered, clazz=class java.lang.Boolean, values=[true, false]}
biomesoplenty:ethereal_stairs: PropertyDirection{name=facing, clazz=class net.minecraft.util.EnumFacing, values=[north, south, west, east]}, PropertyEnum{name=half, clazz=class net.minecraft.block.BlockStairs$EnumHalf, values=[top, bottom]}, PropertyEnum{name=shape, clazz=class net.minecraft.block.BlockStairs$EnumShape, values=[straight, inner_left, inner_right, outer_left, outer_right]}
biomesoplenty:eucalyptus_door_block: PropertyDirection{name=facing, clazz=class net.minecraft.util.EnumFacing, values=[north, south, west, east]}, PropertyEnum{name=half, clazz=class net.minecraft.block.BlockDoor$EnumDoorHalf, values=[upper, lower]}, PropertyEnum{name=hinge, clazz=class net.minecraft.block.BlockDoor$EnumHingePosition, values=[left, right]}, PropertyBool{name=open, clazz=class java.lang.Boolean, values=[true, false]}, PropertyBool{name=powered, clazz=class java.lang.Boolean, values=[true, false]}
biomesoplenty:eucalyptus_fence: PropertyBool{name=east, clazz=class java.lang.Boolean, values=[true, false]}, PropertyBool{name=north, clazz=class java.lang.Boolean, values=[true, false]}, PropertyBool{name=south, clazz=class java.lang.Boolean, values=[true, false]}, PropertyBool{name=west, clazz=class java.lang.Boolean, values=[true, false]}
biomesoplenty:eucalyptus_fence_gate: PropertyDirection{name=facing, clazz=class net.minecraft.util.EnumFacing, values=[north, south, west, east]}, PropertyBool{name=in_wall, clazz=class java.lang.Boolean, values=[true, false]}, PropertyBool{name=open, clazz=class java.lang.Boolean, values=[true, false]}, PropertyBool{name=powered, clazz=class java.lang.Boolean, values=[true, false]}
biomesoplenty:eucalyptus_stairs: PropertyDirection{name=facing, clazz=class net.minecraft.util.EnumFacing, values=[north, south, west, east]}, PropertyEnum{name=half, clazz=class net.minecraft.block.BlockStairs$EnumHalf, values=[top, bottom]}, PropertyEnum{name=shape, clazz=class net.minecraft.block.BlockStairs$EnumShape, values=[straight, inner_left, inner_right, outer_left, outer_right]}
biomesoplenty:farmland_0: PropertyInteger{name=moisture, clazz=class java.lang.Integer, values=[0, 1, 2, 3, 4, 5, 6, 7]}, PropertyEnum{name=variant, clazz=class biomesoplenty.common.block.BlockBOPDirt$BOPDirtType, values=[loamy, sandy]}
biomesoplenty:farmland_1: PropertyInteger{name=moisture, clazz=class java.lang.Integer, values=[0, 1, 2, 3, 4, 5, 6, 7]}, PropertyEnum{name=variant, clazz=class biomesoplenty.common.block.BlockBOPDirt$BOPDirtType, values=[silty]}
biomesoplenty:fir_door_block: PropertyDirection{name=facing, clazz=class net.minecraft.util.EnumFacing, values=[north, south, west, east]}, PropertyEnum{name=half, clazz=class net.minecraft.block.BlockDoor$EnumDoorHalf, values=[upper, lower]}, PropertyEnum{name=hinge, clazz=class net.minecraft.block.BlockDoor$EnumHingePosition, values=[left, right]}, PropertyBool{name=open, clazz=class java.lang.Boolean, values=[true, false]}, PropertyBool{name=powered, clazz=class java.lang.Boolean, values=[true, false]}
biomesoplenty:fir_fence: PropertyBool{name=east, clazz=class java.lang.Boolean, values=[true, false]}, PropertyBool{name=north, clazz=class java.lang.Boolean, values=[true, false]}, PropertyBool{name=south, clazz=class java.lang.Boolean, values=[true, false]}, PropertyBool{name=west, clazz=class java.lang.Boolean, values=[true, false]}
biomesoplenty:fir_fence_gate: PropertyDirection{name=facing, clazz=class net.minecraft.util.EnumFacing, values=[north, south, west, east]}, PropertyBool{name=in_wall, clazz=class java.lang.Boolean, values=[true, false]}, PropertyBool{name=open, clazz=class java.lang.Boolean, values=[true, false]}, PropertyBool{name=powered, clazz=class java.lang.Boolean, values=[true, false]}
biomesoplenty:fir_stairs: PropertyDirection{name=facing, clazz=class net.minecraft.util.EnumFacing, values=[north, south, west, east]}, PropertyEnum{name=half, clazz=class net.minecraft.block.BlockStairs$EnumHalf, values=[top, bottom]}, PropertyEnum{name=shape, clazz=class net.minecraft.block.BlockStairs$EnumShape, values=[straight, inner_left, inner_right, outer_left, outer_right]}
biomesoplenty:flesh: 
biomesoplenty:flower_0: PropertyEnum{name=variant, clazz=class biomesoplenty.api.enums.BOPFlowers, values=[clover, swampflower, deathbloom, glowflower, blue_hydrangea, orange_cosmos, pink_daffodil, wildflower, violet, white_anemone, enderlotus, bromeliad, wilted_lily, pink_hibiscus, lily_of_the_valley, burning_blossom]}
biomesoplenty:flower_1: PropertyEnum{name=variant, clazz=class biomesoplenty.api.enums.BOPFlowers, values=[lavender, goldenrod, bluebells, miners_delight, icy_iris, rose]}
biomesoplenty:gem_block: PropertyEnum{name=variant, clazz=class biomesoplenty.api.enums.BOPGems, values=[amethyst, ruby, peridot, topaz, tanzanite, malachite, sapphire, amber]}
biomesoplenty:gem_ore: PropertyEnum{name=variant, clazz=class biomesoplenty.api.enums.BOPGems, values=[amethyst, ruby, peridot, topaz, tanzanite, malachite, sapphire, amber]}
biomesoplenty:grass: PropertyBool{name=snowy, clazz=class java.lang.Boolean, values=[true, false]}, PropertyEnum{name=variant, clazz=class biomesoplenty.common.block.BlockBOPGrass$BOPGrassType, values=[spectral_moss, overgrown_stone, loamy, sandy, silty, origin, overgrown_netherrack, daisy, mycelial_netherrack]}
biomesoplenty:grass_path: PropertyEnum{name=variant, clazz=class biomesoplenty.common.block.BlockBOPDirt$BOPDirtType, values=[loamy, sandy, silty]}
biomesoplenty:hard_ice: 
biomesoplenty:hellbark_door_block: PropertyDirection{name=facing, clazz=class net.minecraft.util.EnumFacing, values=[north, south, west, east]}, PropertyEnum{name=half, clazz=class net.minecraft.block.BlockDoor$EnumDoorHalf, values=[upper, lower]}, PropertyEnum{name=hinge, clazz=class net.minecraft.block.BlockDoor$EnumHingePosition, values=[left, right]}, PropertyBool{name=open, clazz=class java.lang.Boolean, values=[true, false]}, PropertyBool{name=powered, clazz=class java.lang.Boolean, values=[true, false]}
biomesoplenty:hellbark_fence: PropertyBool{name=east, clazz=class java.lang.Boolean, values=[true, false]}, PropertyBool{name=north, clazz=class java.lang.Boolean, values=[true, false]}, PropertyBool{name=south, clazz=class java.lang.Boolean, values=[true, false]}, PropertyBool{name=west, clazz=class java.lang.Boolean, values=[true, false]}
biomesoplenty:hellbark_fence_gate: PropertyDirection{name=facing, clazz=class net.minecraft.util.EnumFacing, values=[north, south, west, east]}, PropertyBool{name=in_wall, clazz=class java.lang.Boolean, values=[true, false]}, PropertyBool{name=open, clazz=class java.lang.Boolean, values=[true, false]}, PropertyBool{name=powered, clazz=class java.lang.Boolean, values=[true, false]}
biomesoplenty:hellbark_stairs: PropertyDirection{name=facing, clazz=class net.minecraft.util.EnumFacing, values=[north, south, west, east]}, PropertyEnum{name=half, clazz=class net.minecraft.block.BlockStairs$EnumHalf, values=[top, bottom]}, PropertyEnum{name=shape, clazz=class net.minecraft.block.BlockStairs$EnumShape, values=[straight, inner_left, inner_right, outer_left, outer_right]}
biomesoplenty:hive: PropertyEnum{name=variant, clazz=class biomesoplenty.common.block.BlockBOPHive$HiveType, values=[hive, honeycomb, empty_honeycomb, filled_honeycomb]}
biomesoplenty:honey: PropertyInteger{name=level, clazz=class java.lang.Integer, values=[0, 1, 2, 3, 4, 5, 6, 7, 8, 9, 10, 11, 12, 13, 14, 15]}
biomesoplenty:honey_block: 
biomesoplenty:hot_spring_water: PropertyInteger{name=level, clazz=class java.lang.Integer, values=[0, 1, 2, 3, 4, 5, 6, 7, 8, 9, 10, 11, 12, 13, 14, 15]}
biomesoplenty:ivy: PropertyBool{name=east, clazz=class java.lang.Boolean, values=[true, false]}, PropertyBool{name=north, clazz=class java.lang.Boolean, values=[true, false]}, PropertyBool{name=south, clazz=class java.lang.Boolean, values=[true, false]}, PropertyBool{name=up, clazz=class java.lang.Boolean, values=[true, false]}, PropertyBool{name=west, clazz=class java.lang.Boolean, values=[true, false]}
biomesoplenty:jacaranda_door_block: PropertyDirection{name=facing, clazz=class net.minecraft.util.EnumFacing, values=[north, south, west, east]}, PropertyEnum{name=half, clazz=class net.minecraft.block.BlockDoor$EnumDoorHalf, values=[upper, lower]}, PropertyEnum{name=hinge, clazz=class net.minecraft.block.BlockDoor$EnumHingePosition, values=[left, right]}, PropertyBool{name=open, clazz=class java.lang.Boolean, values=[true, false]}, PropertyBool{name=powered, clazz=class java.lang.Boolean, values=[true, false]}
biomesoplenty:jacaranda_fence: PropertyBool{name=east, clazz=class java.lang.Boolean, values=[true, false]}, PropertyBool{name=north, clazz=class java.lang.Boolean, values=[true, false]}, PropertyBool{name=south, clazz=class java.lang.Boolean, values=[true, false]}, PropertyBool{name=west, clazz=class java.lang.Boolean, values=[true, false]}
biomesoplenty:jacaranda_fence_gate: PropertyDirection{name=facing, clazz=class net.minecraft.util.EnumFacing, values=[north, south, west, east]}, PropertyBool{name=in_wall, clazz=class java.lang.Boolean, values=[true, false]}, PropertyBool{name=open, clazz=class java.lang.Boolean, values=[true, false]}, PropertyBool{name=powered, clazz=class java.lang.Boolean, values=[true, false]}
biomesoplenty:jacaranda_stairs: PropertyDirection{name=facing, clazz=class net.minecraft.util.EnumFacing, values=[north, south, west, east]}, PropertyEnum{name=half, clazz=class net.minecraft.block.BlockStairs$EnumHalf, values=[top, bottom]}, PropertyEnum{name=shape, clazz=class net.minecraft.block.BlockStairs$EnumShape, values=[straight, inner_left, inner_right, outer_left, outer_right]}
biomesoplenty:leaves_0: PropertyBool{name=check_decay, clazz=class java.lang.Boolean, values=[true, false]}, PropertyBool{name=decayable, clazz=class java.lang.Boolean, values=[true, false]}, PropertyEnum{name=variant, clazz=class biomesoplenty.api.enums.BOPTrees, values=[yellow_autumn, orange_autumn, bamboo, magic]}
biomesoplenty:leaves_1: PropertyBool{name=check_decay, clazz=class java.lang.Boolean, values=[true, false]}, PropertyBool{name=decayable, clazz=class java.lang.Boolean, values=[true, false]}, PropertyEnum{name=variant, clazz=class biomesoplenty.api.enums.BOPTrees, values=[umbran, dead, fir, ethereal]}
biomesoplenty:leaves_2: PropertyBool{name=check_decay, clazz=class java.lang.Boolean, values=[true, false]}, PropertyBool{name=decayable, clazz=class java.lang.Boolean, values=[true, false]}, PropertyEnum{name=variant, clazz=class biomesoplenty.api.enums.BOPTrees, values=[origin, pink_cherry, white_cherry, maple]}
biomesoplenty:leaves_3: PropertyBool{name=check_decay, clazz=class java.lang.Boolean, values=[true, false]}, PropertyBool{name=decayable, clazz=class java.lang.Boolean, values=[true, false]}, PropertyEnum{name=variant, clazz=class biomesoplenty.api.enums.BOPTrees, values=[hellbark, flowering, jacaranda, sacred_oak]}
biomesoplenty:leaves_4: PropertyBool{name=check_decay, clazz=class java.lang.Boolean, values=[true, false]}, PropertyBool{name=decayable, clazz=class java.lang.Boolean, values=[true, false]}, PropertyEnum{name=variant, clazz=class biomesoplenty.api.enums.BOPTrees, values=[mangrove, palm, redwood, willow]}
biomesoplenty:leaves_5: PropertyBool{name=check_decay, clazz=class java.lang.Boolean, values=[true, false]}, PropertyBool{name=decayable, clazz=class java.lang.Boolean, values=[true, false]}, PropertyEnum{name=variant, clazz=class biomesoplenty.api.enums.BOPTrees, values=[pine, mahogany, ebony, eucalyptus]}
biomesoplenty:leaves_6: PropertyBool{name=check_decay, clazz=class java.lang.Boolean, values=[true, false]}, PropertyBool{name=decayable, clazz=class java.lang.Boolean, values=[true, false]}, PropertyEnum{name=variant, clazz=class biomesoplenty.api.enums.BOPTrees, values=[red_big_flower, yellow_big_flower]}
biomesoplenty:log_0: PropertyEnum{name=axis, clazz=class net.minecraft.block.BlockLog$EnumAxis, values=[x, y, z, none]}, PropertyEnum{name=variant, clazz=class biomesoplenty.api.enums.BOPWoods, values=[sacred_oak, cherry, umbran, fir]}
biomesoplenty:log_1: PropertyEnum{name=axis, clazz=class net.minecraft.block.BlockLog$EnumAxis, values=[x, y, z, none]}, PropertyEnum{name=variant, clazz=class biomesoplenty.api.enums.BOPWoods, values=[ethereal, magic, mangrove, palm]}
biomesoplenty:log_2: PropertyEnum{name=axis, clazz=class net.minecraft.block.BlockLog$EnumAxis, values=[x, y, z, none]}, PropertyEnum{name=variant, clazz=class biomesoplenty.api.enums.BOPWoods, values=[redwood, willow, pine, hellbark]}
biomesoplenty:log_3: PropertyEnum{name=axis, clazz=class net.minecraft.block.BlockLog$EnumAxis, values=[x, y, z, none]}, PropertyEnum{name=variant, clazz=class biomesoplenty.api.enums.BOPWoods, values=[jacaranda, mahogany, ebony, eucalyptus]}
biomesoplenty:log_4: PropertyEnum{name=axis, clazz=class net.minecraft.block.BlockLog$EnumAxis, values=[x, y, z, none]}, PropertyEnum{name=variant, clazz=class biomesoplenty.api.enums.BOPWoods, values=[giant_flower, dead]}
biomesoplenty:magic_door_block: PropertyDirection{name=facing, clazz=class net.minecraft.util.EnumFacing, values=[north, south, west, east]}, PropertyEnum{name=half, clazz=class net.minecraft.block.BlockDoor$EnumDoorHalf, values=[upper, lower]}, PropertyEnum{name=hinge, clazz=class net.minecraft.block.BlockDoor$EnumHingePosition, values=[left, right]}, PropertyBool{name=open, clazz=class java.lang.Boolean, values=[true, false]}, PropertyBool{name=powered, clazz=class java.lang.Boolean, values=[true, false]}
biomesoplenty:magic_fence: PropertyBool{name=east, clazz=class java.lang.Boolean, values=[true, false]}, PropertyBool{name=north, clazz=class java.lang.Boolean, values=[true, false]}, PropertyBool{name=south, clazz=class java.lang.Boolean, values=[true, false]}, PropertyBool{name=west, clazz=class java.lang.Boolean, values=[true, false]}
biomesoplenty:magic_fence_gate: PropertyDirection{name=facing, clazz=class net.minecraft.util.EnumFacing, values=[north, south, west, east]}, PropertyBool{name=in_wall, clazz=class java.lang.Boolean, values=[true, false]}, PropertyBool{name=open, clazz=class java.lang.Boolean, values=[true, false]}, PropertyBool{name=powered, clazz=class java.lang.Boolean, values=[true, false]}
biomesoplenty:magic_stairs: PropertyDirection{name=facing, clazz=class net.minecraft.util.EnumFacing, values=[north, south, west, east]}, PropertyEnum{name=half, clazz=class net.minecraft.block.BlockStairs$EnumHalf, values=[top, bottom]}, PropertyEnum{name=shape, clazz=class net.minecraft.block.BlockStairs$EnumShape, values=[straight, inner_left, inner_right, outer_left, outer_right]}
biomesoplenty:mahogany_door_block: PropertyDirection{name=facing, clazz=class net.minecraft.util.EnumFacing, values=[north, south, west, east]}, PropertyEnum{name=half, clazz=class net.minecraft.block.BlockDoor$EnumDoorHalf, values=[upper, lower]}, PropertyEnum{name=hinge, clazz=class net.minecraft.block.BlockDoor$EnumHingePosition, values=[left, right]}, PropertyBool{name=open, clazz=class java.lang.Boolean, values=[true, false]}, PropertyBool{name=powered, clazz=class java.lang.Boolean, values=[true, false]}
biomesoplenty:mahogany_fence: PropertyBool{name=east, clazz=class java.lang.Boolean, values=[true, false]}, PropertyBool{name=north, clazz=class java.lang.Boolean, values=[true, false]}, PropertyBool{name=south, clazz=class java.lang.Boolean, values=[true, false]}, PropertyBool{name=west, clazz=class java.lang.Boolean, values=[true, false]}
biomesoplenty:mahogany_fence_gate: PropertyDirection{name=facing, clazz=class net.minecraft.util.EnumFacing, values=[north, south, west, east]}, PropertyBool{name=in_wall, clazz=class java.lang.Boolean, values=[true, false]}, PropertyBool{name=open, clazz=class java.lang.Boolean, values=[true, false]}, PropertyBool{name=powered, clazz=class java.lang.Boolean, values=[true, false]}
biomesoplenty:mahogany_stairs: PropertyDirection{name=facing, clazz=class net.minecraft.util.EnumFacing, values=[north, south, west, east]}, PropertyEnum{name=half, clazz=class net.minecraft.block.BlockStairs$EnumHalf, values=[top, bottom]}, PropertyEnum{name=shape, clazz=class net.minecraft.block.BlockStairs$EnumShape, values=[straight, inner_left, inner_right, outer_left, outer_right]}
biomesoplenty:mangrove_door_block: PropertyDirection{name=facing, clazz=class net.minecraft.util.EnumFacing, values=[north, south, west, east]}, PropertyEnum{name=half, clazz=class net.minecraft.block.BlockDoor$EnumDoorHalf, values=[upper, lower]}, PropertyEnum{name=hinge, clazz=class net.minecraft.block.BlockDoor$EnumHingePosition, values=[left, right]}, PropertyBool{name=open, clazz=class java.lang.Boolean, values=[true, false]}, PropertyBool{name=powered, clazz=class java.lang.Boolean, values=[true, false]}
biomesoplenty:mangrove_fence: PropertyBool{name=east, clazz=class java.lang.Boolean, values=[true, false]}, PropertyBool{name=north, clazz=class java.lang.Boolean, values=[true, false]}, PropertyBool{name=south, clazz=class java.lang.Boolean, values=[true, false]}, PropertyBool{name=west, clazz=class java.lang.Boolean, values=[true, false]}
biomesoplenty:mangrove_fence_gate: PropertyDirection{name=facing, clazz=class net.minecraft.util.EnumFacing, values=[north, south, west, east]}, PropertyBool{name=in_wall, clazz=class java.lang.Boolean, values=[true, false]}, PropertyBool{name=open, clazz=class java.lang.Boolean, values=[true, false]}, PropertyBool{name=powered, clazz=class java.lang.Boolean, values=[true, false]}
biomesoplenty:mangrove_stairs: PropertyDirection{name=facing, clazz=class net.minecraft.util.EnumFacing, values=[north, south, west, east]}, PropertyEnum{name=half, clazz=class net.minecraft.block.BlockStairs$EnumHalf, values=[top, bottom]}, PropertyEnum{name=shape, clazz=class net.minecraft.block.BlockStairs$EnumShape, values=[straight, inner_left, inner_right, outer_left, outer_right]}
biomesoplenty:mud: PropertyEnum{name=variant, clazz=class biomesoplenty.common.block.BlockBOPMud$MudType, values=[mud]}
biomesoplenty:mud_brick_block: 
biomesoplenty:mud_brick_stairs: PropertyDirection{name=facing, clazz=class net.minecraft.util.EnumFacing, values=[north, south, west, east]}, PropertyEnum{name=half, clazz=class net.minecraft.block.BlockStairs$EnumHalf, values=[top, bottom]}, PropertyEnum{name=shape, clazz=class net.minecraft.block.BlockStairs$EnumShape, values=[straight, inner_left, inner_right, outer_left, outer_right]}
biomesoplenty:mushroom: PropertyEnum{name=variant, clazz=class biomesoplenty.common.block.BlockBOPMushroom$MushroomType, values=[toadstool, portobello, blue_milk_cap, glowshroom, flat_mushroom, shadow_shroom]}
biomesoplenty:other_slab: PropertyEnum{name=half, clazz=class net.minecraft.block.BlockSlab$EnumBlockHalf, values=[top, bottom]}, PropertyEnum{name=variant, clazz=class biomesoplenty.common.block.BlockBOPHalfOtherSlab$SlabType, values=[mud_brick, white_sandstone]}
biomesoplenty:palm_door_block: PropertyDirection{name=facing, clazz=class net.minecraft.util.EnumFacing, values=[north, south, west, east]}, PropertyEnum{name=half, clazz=class net.minecraft.block.BlockDoor$EnumDoorHalf, values=[upper, lower]}, PropertyEnum{name=hinge, clazz=class net.minecraft.block.BlockDoor$EnumHingePosition, values=[left, right]}, PropertyBool{name=open, clazz=class java.lang.Boolean, values=[true, false]}, PropertyBool{name=powered, clazz=class java.lang.Boolean, values=[true, false]}
biomesoplenty:palm_fence: PropertyBool{name=east, clazz=class java.lang.Boolean, values=[true, false]}, PropertyBool{name=north, clazz=class java.lang.Boolean, values=[true, false]}, PropertyBool{name=south, clazz=class java.lang.Boolean, values=[true, false]}, PropertyBool{name=west, clazz=class java.lang.Boolean, values=[true, false]}
biomesoplenty:palm_fence_gate: PropertyDirection{name=facing, clazz=class net.minecraft.util.EnumFacing, values=[north, south, west, east]}, PropertyBool{name=in_wall, clazz=class java.lang.Boolean, values=[true, false]}, PropertyBool{name=open, clazz=class java.lang.Boolean, values=[true, false]}, PropertyBool{name=powered, clazz=class java.lang.Boolean, values=[true, false]}
biomesoplenty:palm_stairs: PropertyDirection{name=facing, clazz=class net.minecraft.util.EnumFacing, values=[north, south, west, east]}, PropertyEnum{name=half, clazz=class net.minecraft.block.BlockStairs$EnumHalf, values=[top, bottom]}, PropertyEnum{name=shape, clazz=class net.minecraft.block.BlockStairs$EnumShape, values=[straight, inner_left, inner_right, outer_left, outer_right]}
biomesoplenty:pine_door_block: PropertyDirection{name=facing, clazz=class net.minecraft.util.EnumFacing, values=[north, south, west, east]}, PropertyEnum{name=half, clazz=class net.minecraft.block.BlockDoor$EnumDoorHalf, values=[upper, lower]}, PropertyEnum{name=hinge, clazz=class net.minecraft.block.BlockDoor$EnumHingePosition, values=[left, right]}, PropertyBool{name=open, clazz=class java.lang.Boolean, values=[true, false]}, PropertyBool{name=powered, clazz=class java.lang.Boolean, values=[true, false]}
biomesoplenty:pine_fence: PropertyBool{name=east, clazz=class java.lang.Boolean, values=[true, false]}, PropertyBool{name=north, clazz=class java.lang.Boolean, values=[true, false]}, PropertyBool{name=south, clazz=class java.lang.Boolean, values=[true, false]}, PropertyBool{name=west, clazz=class java.lang.Boolean, values=[true, false]}
biomesoplenty:pine_fence_gate: PropertyDirection{name=facing, clazz=class net.minecraft.util.EnumFacing, values=[north, south, west, east]}, PropertyBool{name=in_wall, clazz=class java.lang.Boolean, values=[true, false]}, PropertyBool{name=open, clazz=class java.lang.Boolean, values=[true, false]}, PropertyBool{name=powered, clazz=class java.lang.Boolean, values=[true, false]}
biomesoplenty:pine_stairs: PropertyDirection{name=facing, clazz=class net.minecraft.util.EnumFacing, values=[north, south, west, east]}, PropertyEnum{name=half, clazz=class net.minecraft.block.BlockStairs$EnumHalf, values=[top, bottom]}, PropertyEnum{name=shape, clazz=class net.minecraft.block.BlockStairs$EnumShape, values=[straight, inner_left, inner_right, outer_left, outer_right]}
biomesoplenty:planks_0: PropertyEnum{name=variant, clazz=class biomesoplenty.api.enums.BOPWoods, values=[sacred_oak, cherry, umbran, fir, ethereal, magic, mangrove, palm, redwood, willow, pine, hellbark, jacaranda, mahogany, ebony, eucalyptus]}
biomesoplenty:plant_0: PropertyEnum{name=variant, clazz=class biomesoplenty.api.enums.BOPPlants, values=[shortgrass, mediumgrass, bush, sprout, poisonivy, berrybush, shrub, wheatgrass, dampgrass, koru, cloverpatch, leafpile, deadleafpile, deadgrass, desertgrass, desertsprouts]}
biomesoplenty:plant_1: PropertyEnum{name=variant, clazz=class biomesoplenty.api.enums.BOPPlants, values=[dunegrass, spectralfern, thorn, wildrice, cattail, rivercane, tinycactus, devilweed, reed, root, rafflesia, barley]}
biomesoplenty:poison: PropertyInteger{name=level, clazz=class java.lang.Integer, values=[0, 1, 2, 3, 4, 5, 6, 7, 8, 9, 10, 11, 12, 13, 14, 15]}
biomesoplenty:redwood_door_block: PropertyDirection{name=facing, clazz=class net.minecraft.util.EnumFacing, values=[north, south, west, east]}, PropertyEnum{name=half, clazz=class net.minecraft.block.BlockDoor$EnumDoorHalf, values=[upper, lower]}, PropertyEnum{name=hinge, clazz=class net.minecraft.block.BlockDoor$EnumHingePosition, values=[left, right]}, PropertyBool{name=open, clazz=class java.lang.Boolean, values=[true, false]}, PropertyBool{name=powered, clazz=class java.lang.Boolean, values=[true, false]}
biomesoplenty:redwood_fence: PropertyBool{name=east, clazz=class java.lang.Boolean, values=[true, false]}, PropertyBool{name=north, clazz=class java.lang.Boolean, values=[true, false]}, PropertyBool{name=south, clazz=class java.lang.Boolean, values=[true, false]}, PropertyBool{name=west, clazz=class java.lang.Boolean, values=[true, false]}
biomesoplenty:redwood_fence_gate: PropertyDirection{name=facing, clazz=class net.minecraft.util.EnumFacing, values=[north, south, west, east]}, PropertyBool{name=in_wall, clazz=class java.lang.Boolean, values=[true, false]}, PropertyBool{name=open, clazz=class java.lang.Boolean, values=[true, false]}, PropertyBool{name=powered, clazz=class java.lang.Boolean, values=[true, false]}
biomesoplenty:redwood_stairs: PropertyDirection{name=facing, clazz=class net.minecraft.util.EnumFacing, values=[north, south, west, east]}, PropertyEnum{name=half, clazz=class net.minecraft.block.BlockStairs$EnumHalf, values=[top, bottom]}, PropertyEnum{name=shape, clazz=class net.minecraft.block.BlockStairs$EnumShape, values=[straight, inner_left, inner_right, outer_left, outer_right]}
biomesoplenty:sacred_oak_door_block: PropertyDirection{name=facing, clazz=class net.minecraft.util.EnumFacing, values=[north, south, west, east]}, PropertyEnum{name=half, clazz=class net.minecraft.block.BlockDoor$EnumDoorHalf, values=[upper, lower]}, PropertyEnum{name=hinge, clazz=class net.minecraft.block.BlockDoor$EnumHingePosition, values=[left, right]}, PropertyBool{name=open, clazz=class java.lang.Boolean, values=[true, false]}, PropertyBool{name=powered, clazz=class java.lang.Boolean, values=[true, false]}
biomesoplenty:sacred_oak_fence: PropertyBool{name=east, clazz=class java.lang.Boolean, values=[true, false]}, PropertyBool{name=north, clazz=class java.lang.Boolean, values=[true, false]}, PropertyBool{name=south, clazz=class java.lang.Boolean, values=[true, false]}, PropertyBool{name=west, clazz=class java.lang.Boolean, values=[true, false]}
biomesoplenty:sacred_oak_fence_gate: PropertyDirection{name=facing, clazz=class net.minecraft.util.EnumFacing, values=[north, south, west, east]}, PropertyBool{name=in_wall, clazz=class java.lang.Boolean, values=[true, false]}, PropertyBool{name=open, clazz=class java.lang.Boolean, values=[true, false]}, PropertyBool{name=powered, clazz=class java.lang.Boolean, values=[true, false]}
biomesoplenty:sacred_oak_stairs: PropertyDirection{name=facing, clazz=class net.minecraft.util.EnumFacing, values=[north, south, west, east]}, PropertyEnum{name=half, clazz=class net.minecraft.block.BlockStairs$EnumHalf, values=[top, bottom]}, PropertyEnum{name=shape, clazz=class net.minecraft.block.BlockStairs$EnumShape, values=[straight, inner_left, inner_right, outer_left, outer_right]}
biomesoplenty:sand: PropertyInteger{name=level, clazz=class java.lang.Integer, values=[0, 1, 2, 3, 4, 5, 6, 7, 8, 9, 10, 11, 12, 13, 14, 15]}
biomesoplenty:sapling_0: PropertyInteger{name=stage, clazz=class java.lang.Integer, values=[0, 1]}, PropertyEnum{name=variant, clazz=class biomesoplenty.api.enums.BOPTrees, values=[yellow_autumn, orange_autumn, bamboo, magic, umbran, dead, fir, ethereal]}
biomesoplenty:sapling_1: PropertyInteger{name=stage, clazz=class java.lang.Integer, values=[0, 1]}, PropertyEnum{name=variant, clazz=class biomesoplenty.api.enums.BOPTrees, values=[origin, pink_cherry, white_cherry, maple, hellbark, flowering, jacaranda, sacred_oak]}
biomesoplenty:sapling_2: PropertyInteger{name=stage, clazz=class java.lang.Integer, values=[0, 1]}, PropertyEnum{name=variant, clazz=class biomesoplenty.api.enums.BOPTrees, values=[mangrove, palm, redwood, willow, pine, mahogany, ebony, eucalyptus]}
biomesoplenty:seaweed: PropertyInteger{name=level, clazz=class java.lang.Integer, values=[0, 1, 2, 3, 4, 5, 6, 7, 8, 9, 10, 11, 12, 13, 14, 15]}, PropertyEnum{name=position, clazz=class biomesoplenty.common.block.BlockBOPSeaweed$SeaweedPosition, values=[single, bottom, middle, top]}, PropertyEnum{name=variant, clazz=class biomesoplenty.common.block.BlockBOPSeaweed$SeaweedType, values=[kelp]}
biomesoplenty:terrarium: PropertyEnum{name=variant, clazz=class biomesoplenty.common.block.BlockBOPTerrarium$TerrariumType, values=[fern, mushroom, cactus, flax, flower, koru, bamboo, beach, glowshroom, dead, mystic, ominous, wasteland, origin, nether, ender]}
biomesoplenty:umbran_door_block: PropertyDirection{name=facing, clazz=class net.minecraft.util.EnumFacing, values=[north, south, west, east]}, PropertyEnum{name=half, clazz=class net.minecraft.block.BlockDoor$EnumDoorHalf, values=[upper, lower]}, PropertyEnum{name=hinge, clazz=class net.minecraft.block.BlockDoor$EnumHingePosition, values=[left, right]}, PropertyBool{name=open, clazz=class java.lang.Boolean, values=[true, false]}, PropertyBool{name=powered, clazz=class java.lang.Boolean, values=[true, false]}
biomesoplenty:umbran_fence: PropertyBool{name=east, clazz=class java.lang.Boolean, values=[true, false]}, PropertyBool{name=north, clazz=class java.lang.Boolean, values=[true, false]}, PropertyBool{name=south, clazz=class java.lang.Boolean, values=[true, false]}, PropertyBool{name=west, clazz=class java.lang.Boolean, values=[true, false]}
biomesoplenty:umbran_fence_gate: PropertyDirection{name=facing, clazz=class net.minecraft.util.EnumFacing, values=[north, south, west, east]}, PropertyBool{name=in_wall, clazz=class java.lang.Boolean, values=[true, false]}, PropertyBool{name=open, clazz=class java.lang.Boolean, values=[true, false]}, PropertyBool{name=powered, clazz=class java.lang.Boolean, values=[true, false]}
biomesoplenty:umbran_stairs: PropertyDirection{name=facing, clazz=class net.minecraft.util.EnumFacing, values=[north, south, west, east]}, PropertyEnum{name=half, clazz=class net.minecraft.block.BlockStairs$EnumHalf, values=[top, bottom]}, PropertyEnum{name=shape, clazz=class net.minecraft.block.BlockStairs$EnumShape, values=[straight, inner_left, inner_right, outer_left, outer_right]}
biomesoplenty:waterlily: PropertyEnum{name=variant, clazz=class biomesoplenty.common.block.BlockBOPLilypad$LilypadType, values=[medium, small, tiny, flower]}
biomesoplenty:white_sand: 
biomesoplenty:white_sandstone: PropertyEnum{name=variant, clazz=class biomesoplenty.common.block.BlockBOPWhiteSandstone$StoneType, values=[default, chiseled, smooth]}
biomesoplenty:white_sandstone_stairs: PropertyDirection{name=facing, clazz=class net.minecraft.util.EnumFacing, values=[north, south, west, east]}, PropertyEnum{name=half, clazz=class net.minecraft.block.BlockStairs$EnumHalf, values=[top, bottom]}, PropertyEnum{name=shape, clazz=class net.minecraft.block.BlockStairs$EnumShape, values=[straight, inner_left, inner_right, outer_left, outer_right]}
biomesoplenty:willow_door_block: PropertyDirection{name=facing, clazz=class net.minecraft.util.EnumFacing, values=[north, south, west, east]}, PropertyEnum{name=half, clazz=class net.minecraft.block.BlockDoor$EnumDoorHalf, values=[upper, lower]}, PropertyEnum{name=hinge, clazz=class net.minecraft.block.BlockDoor$EnumHingePosition, values=[left, right]}, PropertyBool{name=open, clazz=class java.lang.Boolean, values=[true, false]}, PropertyBool{name=powered, clazz=class java.lang.Boolean, values=[true, false]}
biomesoplenty:willow_fence: PropertyBool{name=east, clazz=class java.lang.Boolean, values=[true, false]}, PropertyBool{name=north, clazz=class java.lang.Boolean, values=[true, false]}, PropertyBool{name=south, clazz=class java.lang.Boolean, values=[true, false]}, PropertyBool{name=west, clazz=class java.lang.Boolean, values=[true, false]}
biomesoplenty:willow_fence_gate: PropertyDirection{name=facing, clazz=class net.minecraft.util.EnumFacing, values=[north, south, west, east]}, PropertyBool{name=in_wall, clazz=class java.lang.Boolean, values=[true, false]}, PropertyBool{name=open, clazz=class java.lang.Boolean, values=[true, false]}, PropertyBool{name=powered, clazz=class java.lang.Boolean, values=[true, false]}
biomesoplenty:willow_stairs: PropertyDirection{name=facing, clazz=class net.minecraft.util.EnumFacing, values=[north, south, west, east]}, PropertyEnum{name=half, clazz=class net.minecraft.block.BlockStairs$EnumHalf, values=[top, bottom]}, PropertyEnum{name=shape, clazz=class net.minecraft.block.BlockStairs$EnumShape, values=[straight, inner_left, inner_right, outer_left, outer_right]}
biomesoplenty:willow_vine: PropertyBool{name=east, clazz=class java.lang.Boolean, values=[true, false]}, PropertyBool{name=north, clazz=class java.lang.Boolean, values=[true, false]}, PropertyBool{name=south, clazz=class java.lang.Boolean, values=[true, false]}, PropertyBool{name=up, clazz=class java.lang.Boolean, values=[true, false]}, PropertyBool{name=west, clazz=class java.lang.Boolean, values=[true, false]}
biomesoplenty:wood_slab_0: PropertyEnum{name=half, clazz=class net.minecraft.block.BlockSlab$EnumBlockHalf, values=[top, bottom]}, PropertyEnum{name=variant, clazz=class biomesoplenty.api.enums.BOPWoods, values=[sacred_oak, cherry, umbran, fir, ethereal, magic, mangrove, palm]}
biomesoplenty:wood_slab_1: PropertyEnum{name=half, clazz=class net.minecraft.block.BlockSlab$EnumBlockHalf, values=[top, bottom]}, PropertyEnum{name=variant, clazz=class biomesoplenty.api.enums.BOPWoods, values=[redwood, willow, pine, hellbark, jacaranda, mahogany, ebony, eucalyptus]}
bonsaitrees:bonsaipot: PropertyBool{name=hopping, clazz=class java.lang.Boolean, values=[true, false]}
bountifulbaubles:reforger: PropertyDirection{name=facing, clazz=class net.minecraft.util.EnumFacing, values=[down, up, north, south, west, east]}
campfire:brazier: PropertyBool{name=lit, clazz=class java.lang.Boolean, values=[true, false]}, PropertyBool{name=powered, clazz=class java.lang.Boolean, values=[true, false]}, PropertyBool{name=signal, clazz=class java.lang.Boolean, values=[true, false]}
campfire:campfire: PropertyBool{name=lit, clazz=class java.lang.Boolean, values=[true, false]}, PropertyBool{name=powered, clazz=class java.lang.Boolean, values=[true, false]}, PropertyBool{name=signal, clazz=class java.lang.Boolean, values=[true, false]}, PropertyBool{name=x_axis, clazz=class java.lang.Boolean, values=[true, false]}
campfire:campfire_ash: PropertyInteger{name=layers, clazz=class java.lang.Integer, values=[1, 2, 3, 4, 5, 6, 7, 8, 9, 10, 11, 12, 13, 14, 15, 16]}
charm:cake_danger_sight: PropertyInteger{name=bites, clazz=class java.lang.Integer, values=[0, 1, 2, 3, 4, 5, 6]}
charm:cake_fire_resistance: PropertyInteger{name=bites, clazz=class java.lang.Integer, values=[0, 1, 2, 3, 4, 5, 6]}
charm:cake_haste: PropertyInteger{name=bites, clazz=class java.lang.Integer, values=[0, 1, 2, 3, 4, 5, 6]}
charm:cake_invisibility: PropertyInteger{name=bites, clazz=class java.lang.Integer, values=[0, 1, 2, 3, 4, 5, 6]}
charm:cake_leaping: PropertyInteger{name=bites, clazz=class java.lang.Integer, values=[0, 1, 2, 3, 4, 5, 6]}
charm:cake_night_vision: PropertyInteger{name=bites, clazz=class java.lang.Integer, values=[0, 1, 2, 3, 4, 5, 6]}
charm:cake_regeneration: PropertyInteger{name=bites, clazz=class java.lang.Integer, values=[0, 1, 2, 3, 4, 5, 6]}
charm:cake_resilience: PropertyInteger{name=bites, clazz=class java.lang.Integer, values=[0, 1, 2, 3, 4, 5, 6]}
charm:cake_resistance: PropertyInteger{name=bites, clazz=class java.lang.Integer, values=[0, 1, 2, 3, 4, 5, 6]}
charm:cake_strength: PropertyInteger{name=bites, clazz=class java.lang.Integer, values=[0, 1, 2, 3, 4, 5, 6]}
charm:cake_swiftness: PropertyInteger{name=bites, clazz=class java.lang.Integer, values=[0, 1, 2, 3, 4, 5, 6]}
charm:cake_water_breathing: PropertyInteger{name=bites, clazz=class java.lang.Integer, values=[0, 1, 2, 3, 4, 5, 6]}
charm:crate: PropertyEnum{name=variant, clazz=class svenhjol.meson.MesonBlock$WoodVariant, values=[OAK, SPRUCE, BIRCH, JUNGLE, ACACIA, DARK_OAK]}
charm:crate_sealed: PropertyEnum{name=variant, clazz=class svenhjol.meson.MesonBlock$WoodVariant, values=[OAK, SPRUCE, BIRCH, JUNGLE, ACACIA, DARK_OAK]}
charm:ender_pearl_block: 
charm:gold_lantern: PropertyBool{name=hanging, clazz=class java.lang.Boolean, values=[true, false]}
charm:gunpowder_block: 
charm:redstone_sand: 
charm:rotten_flesh_block: 
charm:rune_portal: 
charm:rune_portal_frame: PropertyDirection{name=facing, clazz=class net.minecraft.util.EnumFacing, values=[north, south, west, east]}, PropertyEnum{name=variant, clazz=class svenhjol.meson.MesonBlock$ColorVariant, values=[WHITE, ORANGE, MAGENTA, LIGHT_BLUE, YELLOW, LIME, PINK, GRAY, SILVER, CYAN, PURPLE, BLUE, BROWN, GREEN, RED, BLACK]}
charm:smooth_glowstone: 
charm:variable_redstone_lamp: PropertyInteger{name=level, clazz=class java.lang.Integer, values=[0, 1, 2, 3, 4, 5, 6, 7, 8, 9, 10, 11, 12, 13, 14, 15]}
chococraftplus:gysahlgardenblock: 
chococraftplus:gysahlstemblock: PropertyInteger{name=age, clazz=class java.lang.Integer, values=[0, 1, 2, 3, 4]}
chococraftplus:strawblock: 
classyhats:hat_stand: PropertyEnum{name=material, clazz=class wiresegal.classyhats.block.BlockHatContainer$Companion$ContainerMaterial, values=[OAK, SPRUCE, BIRCH, JUNGLE, ACACIA, DARK_OAK, STONE, QUARTZ, OBSIDIAN]}
comforts:hammock_black: PropertyDirection{name=facing, clazz=class net.minecraft.util.EnumFacing, values=[north, south, west, east]}, PropertyBool{name=occupied, clazz=class java.lang.Boolean, values=[true, false]}, PropertyEnum{name=part, clazz=class net.minecraft.block.BlockBed$EnumPartType, values=[head, foot]}
comforts:hammock_blue: PropertyDirection{name=facing, clazz=class net.minecraft.util.EnumFacing, values=[north, south, west, east]}, PropertyBool{name=occupied, clazz=class java.lang.Boolean, values=[true, false]}, PropertyEnum{name=part, clazz=class net.minecraft.block.BlockBed$EnumPartType, values=[head, foot]}
comforts:hammock_brown: PropertyDirection{name=facing, clazz=class net.minecraft.util.EnumFacing, values=[north, south, west, east]}, PropertyBool{name=occupied, clazz=class java.lang.Boolean, values=[true, false]}, PropertyEnum{name=part, clazz=class net.minecraft.block.BlockBed$EnumPartType, values=[head, foot]}
comforts:hammock_cyan: PropertyDirection{name=facing, clazz=class net.minecraft.util.EnumFacing, values=[north, south, west, east]}, PropertyBool{name=occupied, clazz=class java.lang.Boolean, values=[true, false]}, PropertyEnum{name=part, clazz=class net.minecraft.block.BlockBed$EnumPartType, values=[head, foot]}
comforts:hammock_gray: PropertyDirection{name=facing, clazz=class net.minecraft.util.EnumFacing, values=[north, south, west, east]}, PropertyBool{name=occupied, clazz=class java.lang.Boolean, values=[true, false]}, PropertyEnum{name=part, clazz=class net.minecraft.block.BlockBed$EnumPartType, values=[head, foot]}
comforts:hammock_green: PropertyDirection{name=facing, clazz=class net.minecraft.util.EnumFacing, values=[north, south, west, east]}, PropertyBool{name=occupied, clazz=class java.lang.Boolean, values=[true, false]}, PropertyEnum{name=part, clazz=class net.minecraft.block.BlockBed$EnumPartType, values=[head, foot]}
comforts:hammock_light_blue: PropertyDirection{name=facing, clazz=class net.minecraft.util.EnumFacing, values=[north, south, west, east]}, PropertyBool{name=occupied, clazz=class java.lang.Boolean, values=[true, false]}, PropertyEnum{name=part, clazz=class net.minecraft.block.BlockBed$EnumPartType, values=[head, foot]}
comforts:hammock_lime: PropertyDirection{name=facing, clazz=class net.minecraft.util.EnumFacing, values=[north, south, west, east]}, PropertyBool{name=occupied, clazz=class java.lang.Boolean, values=[true, false]}, PropertyEnum{name=part, clazz=class net.minecraft.block.BlockBed$EnumPartType, values=[head, foot]}
comforts:hammock_magenta: PropertyDirection{name=facing, clazz=class net.minecraft.util.EnumFacing, values=[north, south, west, east]}, PropertyBool{name=occupied, clazz=class java.lang.Boolean, values=[true, false]}, PropertyEnum{name=part, clazz=class net.minecraft.block.BlockBed$EnumPartType, values=[head, foot]}
comforts:hammock_orange: PropertyDirection{name=facing, clazz=class net.minecraft.util.EnumFacing, values=[north, south, west, east]}, PropertyBool{name=occupied, clazz=class java.lang.Boolean, values=[true, false]}, PropertyEnum{name=part, clazz=class net.minecraft.block.BlockBed$EnumPartType, values=[head, foot]}
comforts:hammock_pink: PropertyDirection{name=facing, clazz=class net.minecraft.util.EnumFacing, values=[north, south, west, east]}, PropertyBool{name=occupied, clazz=class java.lang.Boolean, values=[true, false]}, PropertyEnum{name=part, clazz=class net.minecraft.block.BlockBed$EnumPartType, values=[head, foot]}
comforts:hammock_purple: PropertyDirection{name=facing, clazz=class net.minecraft.util.EnumFacing, values=[north, south, west, east]}, PropertyBool{name=occupied, clazz=class java.lang.Boolean, values=[true, false]}, PropertyEnum{name=part, clazz=class net.minecraft.block.BlockBed$EnumPartType, values=[head, foot]}
comforts:hammock_red: PropertyDirection{name=facing, clazz=class net.minecraft.util.EnumFacing, values=[north, south, west, east]}, PropertyBool{name=occupied, clazz=class java.lang.Boolean, values=[true, false]}, PropertyEnum{name=part, clazz=class net.minecraft.block.BlockBed$EnumPartType, values=[head, foot]}
comforts:hammock_silver: PropertyDirection{name=facing, clazz=class net.minecraft.util.EnumFacing, values=[north, south, west, east]}, PropertyBool{name=occupied, clazz=class java.lang.Boolean, values=[true, false]}, PropertyEnum{name=part, clazz=class net.minecraft.block.BlockBed$EnumPartType, values=[head, foot]}
comforts:hammock_white: PropertyDirection{name=facing, clazz=class net.minecraft.util.EnumFacing, values=[north, south, west, east]}, PropertyBool{name=occupied, clazz=class java.lang.Boolean, values=[true, false]}, PropertyEnum{name=part, clazz=class net.minecraft.block.BlockBed$EnumPartType, values=[head, foot]}
comforts:hammock_yellow: PropertyDirection{name=facing, clazz=class net.minecraft.util.EnumFacing, values=[north, south, west, east]}, PropertyBool{name=occupied, clazz=class java.lang.Boolean, values=[true, false]}, PropertyEnum{name=part, clazz=class net.minecraft.block.BlockBed$EnumPartType, values=[head, foot]}
comforts:rope: PropertyDirection{name=facing, clazz=class net.minecraft.util.EnumFacing, values=[north, south, west, east]}, PropertyBool{name=supporting, clazz=class java.lang.Boolean, values=[true, false]}
comforts:sleeping_bag_black: PropertyDirection{name=facing, clazz=class net.minecraft.util.EnumFacing, values=[north, south, west, east]}, PropertyBool{name=occupied, clazz=class java.lang.Boolean, values=[true, false]}, PropertyEnum{name=part, clazz=class net.minecraft.block.BlockBed$EnumPartType, values=[head, foot]}
comforts:sleeping_bag_blue: PropertyDirection{name=facing, clazz=class net.minecraft.util.EnumFacing, values=[north, south, west, east]}, PropertyBool{name=occupied, clazz=class java.lang.Boolean, values=[true, false]}, PropertyEnum{name=part, clazz=class net.minecraft.block.BlockBed$EnumPartType, values=[head, foot]}
comforts:sleeping_bag_brown: PropertyDirection{name=facing, clazz=class net.minecraft.util.EnumFacing, values=[north, south, west, east]}, PropertyBool{name=occupied, clazz=class java.lang.Boolean, values=[true, false]}, PropertyEnum{name=part, clazz=class net.minecraft.block.BlockBed$EnumPartType, values=[head, foot]}
comforts:sleeping_bag_cyan: PropertyDirection{name=facing, clazz=class net.minecraft.util.EnumFacing, values=[north, south, west, east]}, PropertyBool{name=occupied, clazz=class java.lang.Boolean, values=[true, false]}, PropertyEnum{name=part, clazz=class net.minecraft.block.BlockBed$EnumPartType, values=[head, foot]}
comforts:sleeping_bag_gray: PropertyDirection{name=facing, clazz=class net.minecraft.util.EnumFacing, values=[north, south, west, east]}, PropertyBool{name=occupied, clazz=class java.lang.Boolean, values=[true, false]}, PropertyEnum{name=part, clazz=class net.minecraft.block.BlockBed$EnumPartType, values=[head, foot]}
comforts:sleeping_bag_green: PropertyDirection{name=facing, clazz=class net.minecraft.util.EnumFacing, values=[north, south, west, east]}, PropertyBool{name=occupied, clazz=class java.lang.Boolean, values=[true, false]}, PropertyEnum{name=part, clazz=class net.minecraft.block.BlockBed$EnumPartType, values=[head, foot]}
comforts:sleeping_bag_light_blue: PropertyDirection{name=facing, clazz=class net.minecraft.util.EnumFacing, values=[north, south, west, east]}, PropertyBool{name=occupied, clazz=class java.lang.Boolean, values=[true, false]}, PropertyEnum{name=part, clazz=class net.minecraft.block.BlockBed$EnumPartType, values=[head, foot]}
comforts:sleeping_bag_lime: PropertyDirection{name=facing, clazz=class net.minecraft.util.EnumFacing, values=[north, south, west, east]}, PropertyBool{name=occupied, clazz=class java.lang.Boolean, values=[true, false]}, PropertyEnum{name=part, clazz=class net.minecraft.block.BlockBed$EnumPartType, values=[head, foot]}
comforts:sleeping_bag_magenta: PropertyDirection{name=facing, clazz=class net.minecraft.util.EnumFacing, values=[north, south, west, east]}, PropertyBool{name=occupied, clazz=class java.lang.Boolean, values=[true, false]}, PropertyEnum{name=part, clazz=class net.minecraft.block.BlockBed$EnumPartType, values=[head, foot]}
comforts:sleeping_bag_orange: PropertyDirection{name=facing, clazz=class net.minecraft.util.EnumFacing, values=[north, south, west, east]}, PropertyBool{name=occupied, clazz=class java.lang.Boolean, values=[true, false]}, PropertyEnum{name=part, clazz=class net.minecraft.block.BlockBed$EnumPartType, values=[head, foot]}
comforts:sleeping_bag_pink: PropertyDirection{name=facing, clazz=class net.minecraft.util.EnumFacing, values=[north, south, west, east]}, PropertyBool{name=occupied, clazz=class java.lang.Boolean, values=[true, false]}, PropertyEnum{name=part, clazz=class net.minecraft.block.BlockBed$EnumPartType, values=[head, foot]}
comforts:sleeping_bag_purple: PropertyDirection{name=facing, clazz=class net.minecraft.util.EnumFacing, values=[north, south, west, east]}, PropertyBool{name=occupied, clazz=class java.lang.Boolean, values=[true, false]}, PropertyEnum{name=part, clazz=class net.minecraft.block.BlockBed$EnumPartType, values=[head, foot]}
comforts:sleeping_bag_red: PropertyDirection{name=facing, clazz=class net.minecraft.util.EnumFacing, values=[north, south, west, east]}, PropertyBool{name=occupied, clazz=class java.lang.Boolean, values=[true, false]}, PropertyEnum{name=part, clazz=class net.minecraft.block.BlockBed$EnumPartType, values=[head, foot]}
comforts:sleeping_bag_silver: PropertyDirection{name=facing, clazz=class net.minecraft.util.EnumFacing, values=[north, south, west, east]}, PropertyBool{name=occupied, clazz=class java.lang.Boolean, values=[true, false]}, PropertyEnum{name=part, clazz=class net.minecraft.block.BlockBed$EnumPartType, values=[head, foot]}
comforts:sleeping_bag_white: PropertyDirection{name=facing, clazz=class net.minecraft.util.EnumFacing, values=[north, south, west, east]}, PropertyBool{name=occupied, clazz=class java.lang.Boolean, values=[true, false]}, PropertyEnum{name=part, clazz=class net.minecraft.block.BlockBed$EnumPartType, values=[head, foot]}
comforts:sleeping_bag_yellow: PropertyDirection{name=facing, clazz=class net.minecraft.util.EnumFacing, values=[north, south, west, east]}, PropertyBool{name=occupied, clazz=class java.lang.Boolean, values=[true, false]}, PropertyEnum{name=part, clazz=class net.minecraft.block.BlockBed$EnumPartType, values=[head, foot]}
coralreef:coral: PropertyInteger{name=level, clazz=class java.lang.Integer, values=[0, 1, 2, 3, 4, 5, 6, 7, 8, 9, 10, 11, 12, 13, 14, 15]}, PropertyInteger{name=types, clazz=class java.lang.Integer, values=[0, 1, 2, 3, 4, 5]}
coralreef:reef: PropertyInteger{name=types, clazz=class java.lang.Integer, values=[0, 1]}
cqrepoured:andesite_carved: 
cqrepoured:andesite_cube: 
cqrepoured:andesite_large: 
cqrepoured:andesite_pillar: PropertyEnum{name=axis, clazz=class net.minecraft.util.EnumFacing$Axis, values=[x, y, z]}
cqrepoured:andesite_scale: 
cqrepoured:andesite_small: 
cqrepoured:andesite_square: 
cqrepoured:boss_block: 
cqrepoured:diorite_carved: 
cqrepoured:diorite_cube: 
cqrepoured:diorite_large: 
cqrepoured:diorite_pillar: PropertyEnum{name=axis, clazz=class net.minecraft.util.EnumFacing$Axis, values=[x, y, z]}
cqrepoured:diorite_scale: 
cqrepoured:diorite_small: 
cqrepoured:diorite_square: 
cqrepoured:endstone_carved: 
cqrepoured:endstone_cube: 
cqrepoured:endstone_pillar: PropertyEnum{name=axis, clazz=class net.minecraft.util.EnumFacing$Axis, values=[x, y, z]}
cqrepoured:endstone_scale: 
cqrepoured:endstone_small: 
cqrepoured:endstone_square: 
cqrepoured:exporter: 
cqrepoured:exporter_chest_clutter: PropertyDirection{name=facing, clazz=class net.minecraft.util.EnumFacing, values=[north, south, west, east]}
cqrepoured:exporter_chest_custom: PropertyDirection{name=facing, clazz=class net.minecraft.util.EnumFacing, values=[north, south, west, east]}
cqrepoured:exporter_chest_equipment: PropertyDirection{name=facing, clazz=class net.minecraft.util.EnumFacing, values=[north, south, west, east]}
cqrepoured:exporter_chest_food: PropertyDirection{name=facing, clazz=class net.minecraft.util.EnumFacing, values=[north, south, west, east]}
cqrepoured:exporter_chest_utility: PropertyDirection{name=facing, clazz=class net.minecraft.util.EnumFacing, values=[north, south, west, east]}
cqrepoured:exporter_chest_valuable: PropertyDirection{name=facing, clazz=class net.minecraft.util.EnumFacing, values=[north, south, west, east]}
cqrepoured:exporter_chest_vanilla_blacksmith: PropertyDirection{name=facing, clazz=class net.minecraft.util.EnumFacing, values=[north, south, west, east]}
cqrepoured:exporter_chest_vanilla_bonus: PropertyDirection{name=facing, clazz=class net.minecraft.util.EnumFacing, values=[north, south, west, east]}
cqrepoured:exporter_chest_vanilla_dungeon: PropertyDirection{name=facing, clazz=class net.minecraft.util.EnumFacing, values=[north, south, west, east]}
cqrepoured:exporter_chest_vanilla_end_city: PropertyDirection{name=facing, clazz=class net.minecraft.util.EnumFacing, values=[north, south, west, east]}
cqrepoured:exporter_chest_vanilla_igloo: PropertyDirection{name=facing, clazz=class net.minecraft.util.EnumFacing, values=[north, south, west, east]}
cqrepoured:exporter_chest_vanilla_jungle: PropertyDirection{name=facing, clazz=class net.minecraft.util.EnumFacing, values=[north, south, west, east]}
cqrepoured:exporter_chest_vanilla_jungle_dispenser: PropertyDirection{name=facing, clazz=class net.minecraft.util.EnumFacing, values=[north, south, west, east]}
cqrepoured:exporter_chest_vanilla_mansion: PropertyDirection{name=facing, clazz=class net.minecraft.util.EnumFacing, values=[north, south, west, east]}
cqrepoured:exporter_chest_vanilla_mineshaft: PropertyDirection{name=facing, clazz=class net.minecraft.util.EnumFacing, values=[north, south, west, east]}
cqrepoured:exporter_chest_vanilla_nether: PropertyDirection{name=facing, clazz=class net.minecraft.util.EnumFacing, values=[north, south, west, east]}
cqrepoured:exporter_chest_vanilla_pyramid: PropertyDirection{name=facing, clazz=class net.minecraft.util.EnumFacing, values=[north, south, west, east]}
cqrepoured:exporter_chest_vanilla_stronghold: PropertyDirection{name=facing, clazz=class net.minecraft.util.EnumFacing, values=[north, south, west, east]}
cqrepoured:exporter_chest_vanilla_stronghold_library: PropertyDirection{name=facing, clazz=class net.minecraft.util.EnumFacing, values=[north, south, west, east]}
cqrepoured:exporter_chest_vanilla_stronghold_storeroom: PropertyDirection{name=facing, clazz=class net.minecraft.util.EnumFacing, values=[north, south, west, east]}
cqrepoured:force_field_nexus: 
cqrepoured:granite_carved: 
cqrepoured:granite_cube: 
cqrepoured:granite_large: 
cqrepoured:granite_pillar: PropertyEnum{name=axis, clazz=class net.minecraft.util.EnumFacing$Axis, values=[x, y, z]}
cqrepoured:granite_scale: 
cqrepoured:granite_small: 
cqrepoured:granite_square: 
cqrepoured:map_placeholder: PropertyDirection{name=facing, clazz=class net.minecraft.util.EnumFacing, values=[north, south, west, east]}
cqrepoured:null_block: PropertyBool{name=passable, clazz=class java.lang.Boolean, values=[true, false]}
cqrepoured:phylactery: 
cqrepoured:prismarine_carved: 
cqrepoured:prismarine_cube: 
cqrepoured:prismarine_large: 
cqrepoured:prismarine_pillar: PropertyEnum{name=axis, clazz=class net.minecraft.util.EnumFacing$Axis, values=[x, y, z]}
cqrepoured:prismarine_small: 
cqrepoured:prismarine_square: 
cqrepoured:purpur_carved: 
cqrepoured:purpur_cube: 
cqrepoured:purpur_large: 
cqrepoured:purpur_scale: 
cqrepoured:purpur_small: 
cqrepoured:red_netherbrick_carved: 
cqrepoured:red_netherbrick_cube: 
cqrepoured:red_netherbrick_large: 
cqrepoured:red_netherbrick_pillar: PropertyEnum{name=axis, clazz=class net.minecraft.util.EnumFacing$Axis, values=[x, y, z]}
cqrepoured:red_netherbrick_scale: 
cqrepoured:red_netherbrick_square: 
cqrepoured:spawner: 
cqrepoured:stone_cube: 
cqrepoured:stone_pillar: PropertyEnum{name=axis, clazz=class net.minecraft.util.EnumFacing$Axis, values=[x, y, z]}
cqrepoured:stone_scale: 
cqrepoured:stone_small: 
cqrepoured:stone_square: 
cqrepoured:table_acacia: PropertyBool{name=top, clazz=class java.lang.Boolean, values=[true, false]}
cqrepoured:table_birch: PropertyBool{name=top, clazz=class java.lang.Boolean, values=[true, false]}
cqrepoured:table_dark: PropertyBool{name=top, clazz=class java.lang.Boolean, values=[true, false]}
cqrepoured:table_jungle: PropertyBool{name=top, clazz=class java.lang.Boolean, values=[true, false]}
cqrepoured:table_oak: PropertyBool{name=top, clazz=class java.lang.Boolean, values=[true, false]}
cqrepoured:table_spruce: PropertyBool{name=top, clazz=class java.lang.Boolean, values=[true, false]}
cqrepoured:temporary_web: PropertyInteger{name=age, clazz=class java.lang.Integer, values=[0, 1, 2, 3]}
cqrepoured:tnt: PropertyBool{name=explode, clazz=class java.lang.Boolean, values=[true, false]}, PropertyBool{name=hidden, clazz=class java.lang.Boolean, values=[true, false]}
cqrepoured:unlit_torch: PropertyDirection{name=facing, clazz=class net.minecraft.util.EnumFacing, values=[up, north, south, west, east]}
cyclopstek:beacon_eye: 
da:adventure_block: 
da:aegyptia_block: 
da:aegyptian_spawner: 
da:alfera_crate: 
da:alfera_planks: 
da:alfera_planks_rod: 
da:az_fence: PropertyBool{name=east, clazz=class java.lang.Boolean, values=[true, false]}, PropertyBool{name=north, clazz=class java.lang.Boolean, values=[true, false]}, PropertyBool{name=south, clazz=class java.lang.Boolean, values=[true, false]}, PropertyBool{name=west, clazz=class java.lang.Boolean, values=[true, false]}
da:aza_vines: PropertyInteger{name=age, clazz=class java.lang.Integer, values=[0, 1, 2, 3, 4, 5, 6, 7, 8, 9, 10, 11, 12, 13, 14, 15]}, PropertyBool{name=is_bottom, clazz=class java.lang.Boolean, values=[true, false]}
da:aza_vines_berries: PropertyInteger{name=age, clazz=class java.lang.Integer, values=[0, 1, 2, 3, 4, 5, 6, 7, 8, 9, 10, 11, 12, 13, 14, 15]}, PropertyBool{name=is_bottom, clazz=class java.lang.Boolean, values=[true, false]}
da:azaela_leaf: PropertyBool{name=check_decay, clazz=class java.lang.Boolean, values=[true, false]}, PropertyBool{name=decayable, clazz=class java.lang.Boolean, values=[true, false]}
da:boss_resummon: PropertyEnum{name=state, clazz=class com.dungeon_additions.da.blocks.boss.BlockEnumBossSummonState, values=[INACTIVE, FALLEN_STORMVIER, VOID_BLOSSOM, ANCIENT_WYRK, FLAME_KNIGHT, NIGHT_LICH, HIGH_KING, OBSIDILITH, APATHYR, AEGYPTIAN]}
da:cave_spawner: 
da:change_block: PropertyBool{name=activedoor, clazz=class java.lang.Boolean, values=[true, false]}
da:chisled_fire_stone: 
da:city_brick: 
da:city_brick_alt: 
da:city_brick_alt_double: PropertyEnum{name=variant, clazz=class com.dungeon_additions.da.blocks.base.slab.BlockSlabBase$Variant, values=[DEFAULT]}
da:city_brick_alt_half: PropertyEnum{name=half, clazz=class net.minecraft.block.BlockSlab$EnumBlockHalf, values=[top, bottom]}, PropertyEnum{name=variant, clazz=class com.dungeon_additions.da.blocks.base.slab.BlockSlabBase$Variant, values=[DEFAULT]}
da:city_brick_double: PropertyEnum{name=variant, clazz=class com.dungeon_additions.da.blocks.base.slab.BlockSlabBase$Variant, values=[DEFAULT]}
da:city_brick_half: PropertyEnum{name=half, clazz=class net.minecraft.block.BlockSlab$EnumBlockHalf, values=[top, bottom]}, PropertyEnum{name=variant, clazz=class com.dungeon_additions.da.blocks.base.slab.BlockSlabBase$Variant, values=[DEFAULT]}
da:city_brick_stairs: PropertyDirection{name=facing, clazz=class net.minecraft.util.EnumFacing, values=[north, south, west, east]}, PropertyEnum{name=half, clazz=class net.minecraft.block.BlockStairs$EnumHalf, values=[top, bottom]}, PropertyEnum{name=shape, clazz=class net.minecraft.block.BlockStairs$EnumShape, values=[straight, inner_left, inner_right, outer_left, outer_right]}
da:city_brick_stairs_alt: PropertyDirection{name=facing, clazz=class net.minecraft.util.EnumFacing, values=[north, south, west, east]}, PropertyEnum{name=half, clazz=class net.minecraft.block.BlockStairs$EnumHalf, values=[top, bottom]}, PropertyEnum{name=shape, clazz=class net.minecraft.block.BlockStairs$EnumShape, values=[straight, inner_left, inner_right, outer_left, outer_right]}
da:city_brick_wall: PropertyBool{name=east, clazz=class java.lang.Boolean, values=[true, false]}, PropertyBool{name=north, clazz=class java.lang.Boolean, values=[true, false]}, PropertyBool{name=south, clazz=class java.lang.Boolean, values=[true, false]}, PropertyBool{name=up, clazz=class java.lang.Boolean, values=[true, false]}, PropertyEnum{name=variant, clazz=class net.minecraft.block.BlockWall$EnumType, values=[cobblestone, mossy_cobblestone]}, PropertyBool{name=west, clazz=class java.lang.Boolean, values=[true, false]}
da:city_brick_wall_alt: PropertyBool{name=east, clazz=class java.lang.Boolean, values=[true, false]}, PropertyBool{name=north, clazz=class java.lang.Boolean, values=[true, false]}, PropertyBool{name=south, clazz=class java.lang.Boolean, values=[true, false]}, PropertyBool{name=up, clazz=class java.lang.Boolean, values=[true, false]}, PropertyEnum{name=variant, clazz=class net.minecraft.block.BlockWall$EnumType, values=[cobblestone, mossy_cobblestone]}, PropertyBool{name=west, clazz=class java.lang.Boolean, values=[true, false]}
da:city_chisled: 
da:city_decoration: 
da:city_pillar: PropertyEnum{name=axis, clazz=class net.minecraft.util.EnumFacing$Axis, values=[x, y, z]}
da:city_pillar_chisled: PropertyEnum{name=axis, clazz=class net.minecraft.util.EnumFacing$Axis, values=[x, y, z]}
da:city_smooth: 
da:city_smooth_wall: PropertyBool{name=east, clazz=class java.lang.Boolean, values=[true, false]}, PropertyBool{name=north, clazz=class java.lang.Boolean, values=[true, false]}, PropertyBool{name=south, clazz=class java.lang.Boolean, values=[true, false]}, PropertyBool{name=up, clazz=class java.lang.Boolean, values=[true, false]}, PropertyEnum{name=variant, clazz=class net.minecraft.block.BlockWall$EnumType, values=[cobblestone, mossy_cobblestone]}, PropertyBool{name=west, clazz=class java.lang.Boolean, values=[true, false]}
da:city_tile: 
da:city_tile_double: PropertyEnum{name=variant, clazz=class com.dungeon_additions.da.blocks.base.slab.BlockSlabBase$Variant, values=[DEFAULT]}
da:city_tile_half: PropertyEnum{name=half, clazz=class net.minecraft.block.BlockSlab$EnumBlockHalf, values=[top, bottom]}, PropertyEnum{name=variant, clazz=class com.dungeon_additions.da.blocks.base.slab.BlockSlabBase$Variant, values=[DEFAULT]}
da:city_tile_stairs: PropertyDirection{name=facing, clazz=class net.minecraft.util.EnumFacing, values=[north, south, west, east]}, PropertyEnum{name=half, clazz=class net.minecraft.block.BlockStairs$EnumHalf, values=[top, bottom]}, PropertyEnum{name=shape, clazz=class net.minecraft.block.BlockStairs$EnumShape, values=[straight, inner_left, inner_right, outer_left, outer_right]}
da:city_tile_wall: PropertyBool{name=east, clazz=class java.lang.Boolean, values=[true, false]}, PropertyBool{name=north, clazz=class java.lang.Boolean, values=[true, false]}, PropertyBool{name=south, clazz=class java.lang.Boolean, values=[true, false]}, PropertyBool{name=up, clazz=class java.lang.Boolean, values=[true, false]}, PropertyEnum{name=variant, clazz=class net.minecraft.block.BlockWall$EnumType, values=[cobblestone, mossy_cobblestone]}, PropertyBool{name=west, clazz=class java.lang.Boolean, values=[true, false]}
da:cold_brick: 
da:cold_brick_double: PropertyEnum{name=variant, clazz=class com.dungeon_additions.da.blocks.base.slab.BlockSlabBase$Variant, values=[DEFAULT]}
da:cold_brick_half: PropertyEnum{name=half, clazz=class net.minecraft.block.BlockSlab$EnumBlockHalf, values=[top, bottom]}, PropertyEnum{name=variant, clazz=class com.dungeon_additions.da.blocks.base.slab.BlockSlabBase$Variant, values=[DEFAULT]}
da:cold_brick_lamp: 
da:cold_brick_stairs: PropertyDirection{name=facing, clazz=class net.minecraft.util.EnumFacing, values=[north, south, west, east]}, PropertyEnum{name=half, clazz=class net.minecraft.block.BlockStairs$EnumHalf, values=[top, bottom]}, PropertyEnum{name=shape, clazz=class net.minecraft.block.BlockStairs$EnumShape, values=[straight, inner_left, inner_right, outer_left, outer_right]}
da:cold_brick_wall: PropertyBool{name=east, clazz=class java.lang.Boolean, values=[true, false]}, PropertyBool{name=north, clazz=class java.lang.Boolean, values=[true, false]}, PropertyBool{name=south, clazz=class java.lang.Boolean, values=[true, false]}, PropertyBool{name=up, clazz=class java.lang.Boolean, values=[true, false]}, PropertyEnum{name=variant, clazz=class net.minecraft.block.BlockWall$EnumType, values=[cobblestone, mossy_cobblestone]}, PropertyBool{name=west, clazz=class java.lang.Boolean, values=[true, false]}
da:cold_carved: PropertyEnum{name=axis, clazz=class net.minecraft.util.EnumFacing$Axis, values=[x, y, z]}
da:cold_pillar: PropertyEnum{name=axis, clazz=class net.minecraft.util.EnumFacing$Axis, values=[x, y, z]}
da:cold_rough: 
da:cold_smooth: 
da:cold_smooth_double: PropertyEnum{name=variant, clazz=class com.dungeon_additions.da.blocks.base.slab.BlockSlabBase$Variant, values=[DEFAULT]}
da:cold_smooth_half: PropertyEnum{name=half, clazz=class net.minecraft.block.BlockSlab$EnumBlockHalf, values=[top, bottom]}, PropertyEnum{name=variant, clazz=class com.dungeon_additions.da.blocks.base.slab.BlockSlabBase$Variant, values=[DEFAULT]}
da:cold_smooth_stairs: PropertyDirection{name=facing, clazz=class net.minecraft.util.EnumFacing, values=[north, south, west, east]}, PropertyEnum{name=half, clazz=class net.minecraft.block.BlockStairs$EnumHalf, values=[top, bottom]}, PropertyEnum{name=shape, clazz=class net.minecraft.block.BlockStairs$EnumShape, values=[straight, inner_left, inner_right, outer_left, outer_right]}
da:cold_smooth_wall: PropertyBool{name=east, clazz=class java.lang.Boolean, values=[true, false]}, PropertyBool{name=north, clazz=class java.lang.Boolean, values=[true, false]}, PropertyBool{name=south, clazz=class java.lang.Boolean, values=[true, false]}, PropertyBool{name=up, clazz=class java.lang.Boolean, values=[true, false]}, PropertyEnum{name=variant, clazz=class net.minecraft.block.BlockWall$EnumType, values=[cobblestone, mossy_cobblestone]}, PropertyBool{name=west, clazz=class java.lang.Boolean, values=[true, false]}
da:cold_stone: 
da:cold_stone_double: PropertyEnum{name=variant, clazz=class com.dungeon_additions.da.blocks.base.slab.BlockSlabBase$Variant, values=[DEFAULT]}
da:cold_stone_half: PropertyEnum{name=half, clazz=class net.minecraft.block.BlockSlab$EnumBlockHalf, values=[top, bottom]}, PropertyEnum{name=variant, clazz=class com.dungeon_additions.da.blocks.base.slab.BlockSlabBase$Variant, values=[DEFAULT]}
da:cold_stone_stairs: PropertyDirection{name=facing, clazz=class net.minecraft.util.EnumFacing, values=[north, south, west, east]}, PropertyEnum{name=half, clazz=class net.minecraft.block.BlockStairs$EnumHalf, values=[top, bottom]}, PropertyEnum{name=shape, clazz=class net.minecraft.block.BlockStairs$EnumShape, values=[straight, inner_left, inner_right, outer_left, outer_right]}
da:cold_stone_wall: PropertyBool{name=east, clazz=class java.lang.Boolean, values=[true, false]}, PropertyBool{name=north, clazz=class java.lang.Boolean, values=[true, false]}, PropertyBool{name=south, clazz=class java.lang.Boolean, values=[true, false]}, PropertyBool{name=up, clazz=class java.lang.Boolean, values=[true, false]}, PropertyEnum{name=variant, clazz=class net.minecraft.block.BlockWall$EnumType, values=[cobblestone, mossy_cobblestone]}, PropertyBool{name=west, clazz=class java.lang.Boolean, values=[true, false]}
da:cold_triangle: 
da:coralite: 
da:coralite_brick: 
da:coralite_brick_double: PropertyEnum{name=variant, clazz=class com.dungeon_additions.da.blocks.base.slab.BlockSlabBase$Variant, values=[DEFAULT]}
da:coralite_brick_half: PropertyEnum{name=half, clazz=class net.minecraft.block.BlockSlab$EnumBlockHalf, values=[top, bottom]}, PropertyEnum{name=variant, clazz=class com.dungeon_additions.da.blocks.base.slab.BlockSlabBase$Variant, values=[DEFAULT]}
da:coralite_brick_stairs: PropertyDirection{name=facing, clazz=class net.minecraft.util.EnumFacing, values=[north, south, west, east]}, PropertyEnum{name=half, clazz=class net.minecraft.block.BlockStairs$EnumHalf, values=[top, bottom]}, PropertyEnum{name=shape, clazz=class net.minecraft.block.BlockStairs$EnumShape, values=[straight, inner_left, inner_right, outer_left, outer_right]}
da:coralite_brick_wall: PropertyBool{name=east, clazz=class java.lang.Boolean, values=[true, false]}, PropertyBool{name=north, clazz=class java.lang.Boolean, values=[true, false]}, PropertyBool{name=south, clazz=class java.lang.Boolean, values=[true, false]}, PropertyBool{name=up, clazz=class java.lang.Boolean, values=[true, false]}, PropertyEnum{name=variant, clazz=class net.minecraft.block.BlockWall$EnumType, values=[cobblestone, mossy_cobblestone]}, PropertyBool{name=west, clazz=class java.lang.Boolean, values=[true, false]}
da:coralite_chain: PropertyEnum{name=axis, clazz=class net.minecraft.util.EnumFacing$Axis, values=[x, y, z]}
da:coralite_decoration_brick: 
da:coralite_decoration_tile: 
da:coralite_lamp: PropertyBool{name=hanging, clazz=class java.lang.Boolean, values=[true, false]}
da:coralite_pillar: PropertyEnum{name=axis, clazz=class net.minecraft.util.EnumFacing$Axis, values=[x, y, z]}
da:coralite_tile: 
da:coralite_tile_double: PropertyEnum{name=variant, clazz=class com.dungeon_additions.da.blocks.base.slab.BlockSlabBase$Variant, values=[DEFAULT]}
da:coralite_tile_half: PropertyEnum{name=half, clazz=class net.minecraft.block.BlockSlab$EnumBlockHalf, values=[top, bottom]}, PropertyEnum{name=variant, clazz=class com.dungeon_additions.da.blocks.base.slab.BlockSlabBase$Variant, values=[DEFAULT]}
da:coralite_tile_wall: PropertyBool{name=east, clazz=class java.lang.Boolean, values=[true, false]}, PropertyBool{name=north, clazz=class java.lang.Boolean, values=[true, false]}, PropertyBool{name=south, clazz=class java.lang.Boolean, values=[true, false]}, PropertyBool{name=up, clazz=class java.lang.Boolean, values=[true, false]}, PropertyEnum{name=variant, clazz=class net.minecraft.block.BlockWall$EnumType, values=[cobblestone, mossy_cobblestone]}, PropertyBool{name=west, clazz=class java.lang.Boolean, values=[true, false]}
da:coralite_tiled_stairs: PropertyDirection{name=facing, clazz=class net.minecraft.util.EnumFacing, values=[north, south, west, east]}, PropertyEnum{name=half, clazz=class net.minecraft.block.BlockStairs$EnumHalf, values=[top, bottom]}, PropertyEnum{name=shape, clazz=class net.minecraft.block.BlockStairs$EnumShape, values=[straight, inner_left, inner_right, outer_left, outer_right]}
da:crypt_block: 
da:dark_brick: 
da:dark_spawner: 
da:darkglow_bars: PropertyBool{name=east, clazz=class java.lang.Boolean, values=[true, false]}, PropertyBool{name=north, clazz=class java.lang.Boolean, values=[true, false]}, PropertyBool{name=south, clazz=class java.lang.Boolean, values=[true, false]}, PropertyBool{name=west, clazz=class java.lang.Boolean, values=[true, false]}
da:darkglow_brick_double: PropertyEnum{name=variant, clazz=class com.dungeon_additions.da.blocks.base.slab.BlockSlabBase$Variant, values=[DEFAULT]}
da:darkglow_brick_half: PropertyEnum{name=half, clazz=class net.minecraft.block.BlockSlab$EnumBlockHalf, values=[top, bottom]}, PropertyEnum{name=variant, clazz=class com.dungeon_additions.da.blocks.base.slab.BlockSlabBase$Variant, values=[DEFAULT]}
da:darkglow_brick_stairs: PropertyDirection{name=facing, clazz=class net.minecraft.util.EnumFacing, values=[north, south, west, east]}, PropertyEnum{name=half, clazz=class net.minecraft.block.BlockStairs$EnumHalf, values=[top, bottom]}, PropertyEnum{name=shape, clazz=class net.minecraft.block.BlockStairs$EnumShape, values=[straight, inner_left, inner_right, outer_left, outer_right]}
da:darkglow_brick_wall: PropertyBool{name=east, clazz=class java.lang.Boolean, values=[true, false]}, PropertyBool{name=north, clazz=class java.lang.Boolean, values=[true, false]}, PropertyBool{name=south, clazz=class java.lang.Boolean, values=[true, false]}, PropertyBool{name=up, clazz=class java.lang.Boolean, values=[true, false]}, PropertyEnum{name=variant, clazz=class net.minecraft.block.BlockWall$EnumType, values=[cobblestone, mossy_cobblestone]}, PropertyBool{name=west, clazz=class java.lang.Boolean, values=[true, false]}
da:darkglow_bricks: 
da:darkglow_decoration_bricks: 
da:darkglow_lit_bricks: 
da:darkglow_lit_decoration_bricks: 
da:darkglow_pillar: PropertyEnum{name=axis, clazz=class net.minecraft.util.EnumFacing$Axis, values=[x, y, z]}
da:darkglow_pillar_eye: 
da:darkglow_pillar_lit: PropertyEnum{name=axis, clazz=class net.minecraft.util.EnumFacing$Axis, values=[x, y, z]}
da:darkglow_stonebrick_double: PropertyEnum{name=variant, clazz=class com.dungeon_additions.da.blocks.base.slab.BlockSlabBase$Variant, values=[DEFAULT]}
da:darkglow_stonebrick_half: PropertyEnum{name=half, clazz=class net.minecraft.block.BlockSlab$EnumBlockHalf, values=[top, bottom]}, PropertyEnum{name=variant, clazz=class com.dungeon_additions.da.blocks.base.slab.BlockSlabBase$Variant, values=[DEFAULT]}
da:darkglow_stonebrick_stairs: PropertyDirection{name=facing, clazz=class net.minecraft.util.EnumFacing, values=[north, south, west, east]}, PropertyEnum{name=half, clazz=class net.minecraft.block.BlockStairs$EnumHalf, values=[top, bottom]}, PropertyEnum{name=shape, clazz=class net.minecraft.block.BlockStairs$EnumShape, values=[straight, inner_left, inner_right, outer_left, outer_right]}
da:darkglow_stonebrick_wall: PropertyBool{name=east, clazz=class java.lang.Boolean, values=[true, false]}, PropertyBool{name=north, clazz=class java.lang.Boolean, values=[true, false]}, PropertyBool{name=south, clazz=class java.lang.Boolean, values=[true, false]}, PropertyBool{name=up, clazz=class java.lang.Boolean, values=[true, false]}, PropertyEnum{name=variant, clazz=class net.minecraft.block.BlockWall$EnumType, values=[cobblestone, mossy_cobblestone]}, PropertyBool{name=west, clazz=class java.lang.Boolean, values=[true, false]}
da:darkglow_stonebricks: 
da:darkglow_tile: 
da:dungeon_brick: 
da:dungeon_brick_double: PropertyEnum{name=variant, clazz=class com.dungeon_additions.da.blocks.base.slab.BlockSlabBase$Variant, values=[DEFAULT]}
da:dungeon_brick_half: PropertyEnum{name=half, clazz=class net.minecraft.block.BlockSlab$EnumBlockHalf, values=[top, bottom]}, PropertyEnum{name=variant, clazz=class com.dungeon_additions.da.blocks.base.slab.BlockSlabBase$Variant, values=[DEFAULT]}
da:dungeon_brick_stairs: PropertyDirection{name=facing, clazz=class net.minecraft.util.EnumFacing, values=[north, south, west, east]}, PropertyEnum{name=half, clazz=class net.minecraft.block.BlockStairs$EnumHalf, values=[top, bottom]}, PropertyEnum{name=shape, clazz=class net.minecraft.block.BlockStairs$EnumShape, values=[straight, inner_left, inner_right, outer_left, outer_right]}
da:dungeon_brick_wall: PropertyBool{name=east, clazz=class java.lang.Boolean, values=[true, false]}, PropertyBool{name=north, clazz=class java.lang.Boolean, values=[true, false]}, PropertyBool{name=south, clazz=class java.lang.Boolean, values=[true, false]}, PropertyBool{name=up, clazz=class java.lang.Boolean, values=[true, false]}, PropertyEnum{name=variant, clazz=class net.minecraft.block.BlockWall$EnumType, values=[cobblestone, mossy_cobblestone]}, PropertyBool{name=west, clazz=class java.lang.Boolean, values=[true, false]}
da:end_spawner: 
da:fake_obsidian: 
da:farum_lantern: PropertyBool{name=hanging, clazz=class java.lang.Boolean, values=[true, false]}
da:farum_rope: PropertyEnum{name=axis, clazz=class net.minecraft.util.EnumFacing$Axis, values=[x, y, z]}
da:farum_stone: 
da:fire_stone: 
da:fire_stone_double: PropertyEnum{name=variant, clazz=class com.dungeon_additions.da.blocks.base.slab.BlockSlabBase$Variant, values=[DEFAULT]}
da:fire_stone_half: PropertyEnum{name=half, clazz=class net.minecraft.block.BlockSlab$EnumBlockHalf, values=[top, bottom]}, PropertyEnum{name=variant, clazz=class com.dungeon_additions.da.blocks.base.slab.BlockSlabBase$Variant, values=[DEFAULT]}
da:fire_stone_lit: 
da:fire_stone_stairs: PropertyDirection{name=facing, clazz=class net.minecraft.util.EnumFacing, values=[north, south, west, east]}, PropertyEnum{name=half, clazz=class net.minecraft.block.BlockStairs$EnumHalf, values=[top, bottom]}, PropertyEnum{name=shape, clazz=class net.minecraft.block.BlockStairs$EnumShape, values=[straight, inner_left, inner_right, outer_left, outer_right]}
da:fire_stone_wall: PropertyBool{name=east, clazz=class java.lang.Boolean, values=[true, false]}, PropertyBool{name=north, clazz=class java.lang.Boolean, values=[true, false]}, PropertyBool{name=south, clazz=class java.lang.Boolean, values=[true, false]}, PropertyBool{name=up, clazz=class java.lang.Boolean, values=[true, false]}, PropertyEnum{name=variant, clazz=class net.minecraft.block.BlockWall$EnumType, values=[cobblestone, mossy_cobblestone]}, PropertyBool{name=west, clazz=class java.lang.Boolean, values=[true, false]}
da:frost_icicle: 
da:frost_key_block: 
da:frostborn_block: 
da:gaelon_chunk: PropertyDirection{name=facing, clazz=class net.minecraft.util.EnumFacing, values=[down, up, north, south, west, east]}
da:gaelon_crystal: 
da:gaelon_spawner: 
da:gem_chisled_end_stone: 
da:gem_end_stone: 
da:gem_end_stone_double: PropertyEnum{name=variant, clazz=class com.dungeon_additions.da.blocks.base.slab.BlockSlabBase$Variant, values=[DEFAULT]}
da:gem_end_stone_half: PropertyEnum{name=half, clazz=class net.minecraft.block.BlockSlab$EnumBlockHalf, values=[top, bottom]}, PropertyEnum{name=variant, clazz=class com.dungeon_additions.da.blocks.base.slab.BlockSlabBase$Variant, values=[DEFAULT]}
da:gem_end_stone_stairs: PropertyDirection{name=facing, clazz=class net.minecraft.util.EnumFacing, values=[north, south, west, east]}, PropertyEnum{name=half, clazz=class net.minecraft.block.BlockStairs$EnumHalf, values=[top, bottom]}, PropertyEnum{name=shape, clazz=class net.minecraft.block.BlockStairs$EnumShape, values=[straight, inner_left, inner_right, outer_left, outer_right]}
da:gem_end_stone_wall: PropertyBool{name=east, clazz=class java.lang.Boolean, values=[true, false]}, PropertyBool{name=north, clazz=class java.lang.Boolean, values=[true, false]}, PropertyBool{name=south, clazz=class java.lang.Boolean, values=[true, false]}, PropertyBool{name=up, clazz=class java.lang.Boolean, values=[true, false]}, PropertyEnum{name=variant, clazz=class net.minecraft.block.BlockWall$EnumType, values=[cobblestone, mossy_cobblestone]}, PropertyBool{name=west, clazz=class java.lang.Boolean, values=[true, false]}
da:gloom_brick: 
da:gloom_brick_double: PropertyEnum{name=variant, clazz=class com.dungeon_additions.da.blocks.base.slab.BlockSlabBase$Variant, values=[DEFAULT]}
da:gloom_brick_half: PropertyEnum{name=half, clazz=class net.minecraft.block.BlockSlab$EnumBlockHalf, values=[top, bottom]}, PropertyEnum{name=variant, clazz=class com.dungeon_additions.da.blocks.base.slab.BlockSlabBase$Variant, values=[DEFAULT]}
da:gloom_brick_stairs: PropertyDirection{name=facing, clazz=class net.minecraft.util.EnumFacing, values=[north, south, west, east]}, PropertyEnum{name=half, clazz=class net.minecraft.block.BlockStairs$EnumHalf, values=[top, bottom]}, PropertyEnum{name=shape, clazz=class net.minecraft.block.BlockStairs$EnumShape, values=[straight, inner_left, inner_right, outer_left, outer_right]}
da:gloom_brick_wall: PropertyBool{name=east, clazz=class java.lang.Boolean, values=[true, false]}, PropertyBool{name=north, clazz=class java.lang.Boolean, values=[true, false]}, PropertyBool{name=south, clazz=class java.lang.Boolean, values=[true, false]}, PropertyBool{name=up, clazz=class java.lang.Boolean, values=[true, false]}, PropertyEnum{name=variant, clazz=class net.minecraft.block.BlockWall$EnumType, values=[cobblestone, mossy_cobblestone]}, PropertyBool{name=west, clazz=class java.lang.Boolean, values=[true, false]}
da:gloom_carved: PropertyEnum{name=axis, clazz=class net.minecraft.util.EnumFacing$Axis, values=[x, y, z]}
da:gloom_pillar: PropertyEnum{name=axis, clazz=class net.minecraft.util.EnumFacing$Axis, values=[x, y, z]}
da:gloom_rough: 
da:gloom_smooth: 
da:gloom_smooth_double: PropertyEnum{name=variant, clazz=class com.dungeon_additions.da.blocks.base.slab.BlockSlabBase$Variant, values=[DEFAULT]}
da:gloom_smooth_half: PropertyEnum{name=half, clazz=class net.minecraft.block.BlockSlab$EnumBlockHalf, values=[top, bottom]}, PropertyEnum{name=variant, clazz=class com.dungeon_additions.da.blocks.base.slab.BlockSlabBase$Variant, values=[DEFAULT]}
da:gloom_smooth_stairs: PropertyDirection{name=facing, clazz=class net.minecraft.util.EnumFacing, values=[north, south, west, east]}, PropertyEnum{name=half, clazz=class net.minecraft.block.BlockStairs$EnumHalf, values=[top, bottom]}, PropertyEnum{name=shape, clazz=class net.minecraft.block.BlockStairs$EnumShape, values=[straight, inner_left, inner_right, outer_left, outer_right]}
da:gloom_smooth_wall: PropertyBool{name=east, clazz=class java.lang.Boolean, values=[true, false]}, PropertyBool{name=north, clazz=class java.lang.Boolean, values=[true, false]}, PropertyBool{name=south, clazz=class java.lang.Boolean, values=[true, false]}, PropertyBool{name=up, clazz=class java.lang.Boolean, values=[true, false]}, PropertyEnum{name=variant, clazz=class net.minecraft.block.BlockWall$EnumType, values=[cobblestone, mossy_cobblestone]}, PropertyBool{name=west, clazz=class java.lang.Boolean, values=[true, false]}
da:gloom_stone: 
da:gloom_stone_double: PropertyEnum{name=variant, clazz=class com.dungeon_additions.da.blocks.base.slab.BlockSlabBase$Variant, values=[DEFAULT]}
da:gloom_stone_half: PropertyEnum{name=half, clazz=class net.minecraft.block.BlockSlab$EnumBlockHalf, values=[top, bottom]}, PropertyEnum{name=variant, clazz=class com.dungeon_additions.da.blocks.base.slab.BlockSlabBase$Variant, values=[DEFAULT]}
da:gloom_stone_stairs: PropertyDirection{name=facing, clazz=class net.minecraft.util.EnumFacing, values=[north, south, west, east]}, PropertyEnum{name=half, clazz=class net.minecraft.block.BlockStairs$EnumHalf, values=[top, bottom]}, PropertyEnum{name=shape, clazz=class net.minecraft.block.BlockStairs$EnumShape, values=[straight, inner_left, inner_right, outer_left, outer_right]}
da:gloom_stone_wall: PropertyBool{name=east, clazz=class java.lang.Boolean, values=[true, false]}, PropertyBool{name=north, clazz=class java.lang.Boolean, values=[true, false]}, PropertyBool{name=south, clazz=class java.lang.Boolean, values=[true, false]}, PropertyBool{name=up, clazz=class java.lang.Boolean, values=[true, false]}, PropertyEnum{name=variant, clazz=class net.minecraft.block.BlockWall$EnumType, values=[cobblestone, mossy_cobblestone]}, PropertyBool{name=west, clazz=class java.lang.Boolean, values=[true, false]}
da:gloom_triangle: 
da:gold_city_brick: 
da:gold_city_brick_double: PropertyEnum{name=variant, clazz=class com.dungeon_additions.da.blocks.base.slab.BlockSlabBase$Variant, values=[DEFAULT]}
da:gold_city_brick_half: PropertyEnum{name=half, clazz=class net.minecraft.block.BlockSlab$EnumBlockHalf, values=[top, bottom]}, PropertyEnum{name=variant, clazz=class com.dungeon_additions.da.blocks.base.slab.BlockSlabBase$Variant, values=[DEFAULT]}
da:gold_city_brick_stairs: PropertyDirection{name=facing, clazz=class net.minecraft.util.EnumFacing, values=[north, south, west, east]}, PropertyEnum{name=half, clazz=class net.minecraft.block.BlockStairs$EnumHalf, values=[top, bottom]}, PropertyEnum{name=shape, clazz=class net.minecraft.block.BlockStairs$EnumShape, values=[straight, inner_left, inner_right, outer_left, outer_right]}
da:gold_city_brick_wall: PropertyBool{name=east, clazz=class java.lang.Boolean, values=[true, false]}, PropertyBool{name=north, clazz=class java.lang.Boolean, values=[true, false]}, PropertyBool{name=south, clazz=class java.lang.Boolean, values=[true, false]}, PropertyBool{name=up, clazz=class java.lang.Boolean, values=[true, false]}, PropertyEnum{name=variant, clazz=class net.minecraft.block.BlockWall$EnumType, values=[cobblestone, mossy_cobblestone]}, PropertyBool{name=west, clazz=class java.lang.Boolean, values=[true, false]}
da:grum_blocker: 
da:grum_brick: 
da:grum_brick_double: PropertyEnum{name=variant, clazz=class com.dungeon_additions.da.blocks.base.slab.BlockSlabBase$Variant, values=[DEFAULT]}
da:grum_brick_half: PropertyEnum{name=half, clazz=class net.minecraft.block.BlockSlab$EnumBlockHalf, values=[top, bottom]}, PropertyEnum{name=variant, clazz=class com.dungeon_additions.da.blocks.base.slab.BlockSlabBase$Variant, values=[DEFAULT]}
da:grum_brick_stairs: PropertyDirection{name=facing, clazz=class net.minecraft.util.EnumFacing, values=[north, south, west, east]}, PropertyEnum{name=half, clazz=class net.minecraft.block.BlockStairs$EnumHalf, values=[top, bottom]}, PropertyEnum{name=shape, clazz=class net.minecraft.block.BlockStairs$EnumShape, values=[straight, inner_left, inner_right, outer_left, outer_right]}
da:grum_brick_wall: PropertyBool{name=east, clazz=class java.lang.Boolean, values=[true, false]}, PropertyBool{name=north, clazz=class java.lang.Boolean, values=[true, false]}, PropertyBool{name=south, clazz=class java.lang.Boolean, values=[true, false]}, PropertyBool{name=up, clazz=class java.lang.Boolean, values=[true, false]}, PropertyEnum{name=variant, clazz=class net.minecraft.block.BlockWall$EnumType, values=[cobblestone, mossy_cobblestone]}, PropertyBool{name=west, clazz=class java.lang.Boolean, values=[true, false]}
da:grum_chisled: 
da:grum_chisled_tile: 
da:grum_dispenser: PropertyDirection{name=facing, clazz=class net.minecraft.util.EnumFacing, values=[down, up, north, south, west, east]}
da:grum_displacer: 
da:grum_pillar: PropertyEnum{name=axis, clazz=class net.minecraft.util.EnumFacing$Axis, values=[x, y, z]}
da:grum_smooth: 
da:grum_stone: 
da:grum_tile: 
da:grum_tile_r: 
da:high_spawner: 
da:knight_key_block: 
da:knight_stone: 
da:levitation_block: PropertyBool{name=triggered, clazz=class java.lang.Boolean, values=[true, false]}
da:litic_block: 
da:mega_structure: PropertyEnum{name=mode, clazz=class net.minecraft.tileentity.TileEntityStructure$Mode, values=[SAVE, LOAD, CORNER, DATA]}
da:moss_block: 
da:moss_carpet: 
da:moss_spawner: 
da:mossy_dungeon_brick: 
da:mossy_spruce: 
da:novik_block: 
da:obsidian_end_frame: 
da:obsidilith_rune: 
da:puzzle_mirror: 
da:sky_key_block: 
da:snow_cold_brick: 
da:soul_star_block: PropertyEnum{name=state, clazz=class com.dungeon_additions.da.blocks.lich.EnumLichSpawner, values=[INACTIVE, ACTIVE]}
da:spore_blossom: PropertyBool{name=check_decay, clazz=class java.lang.Boolean, values=[true, false]}, PropertyBool{name=decayable, clazz=class java.lang.Boolean, values=[true, false]}
da:stormvier_block: 
da:strong_block: 
da:temple_spawner: 
da:void_lily: 
davincisvessels:anchorpoint: PropertyEnum{name=axis, clazz=class net.minecraft.util.EnumFacing$Axis, values=[x, z]}
davincisvessels:balloon: PropertyEnum{name=color, clazz=class net.minecraft.item.EnumDyeColor, values=[white, orange, magenta, lightBlue, yellow, lime, pink, gray, silver, cyan, purple, blue, brown, green, red, black]}
davincisvessels:buffer: 
davincisvessels:crate_wood: PropertyEnum{name=axis, clazz=class net.minecraft.util.EnumFacing$Axis, values=[x, z]}, PropertyBool{name=powered, clazz=class java.lang.Boolean, values=[true, false]}
davincisvessels:engine: PropertyDirection{name=facing, clazz=class net.minecraft.util.EnumFacing, values=[north, south, west, east]}
davincisvessels:floater: 
davincisvessels:gauge: PropertyBool{name=extended, clazz=class java.lang.Boolean, values=[true, false]}, PropertyDirection{name=facing, clazz=class net.minecraft.util.EnumFacing, values=[north, south, west, east]}
davincisvessels:marker: PropertyDirection{name=facing, clazz=class net.minecraft.util.EnumFacing, values=[down, up, north, south, west, east]}, PropertyBool{name=wheel, clazz=class java.lang.Boolean, values=[true, false]}
davincisvessels:seat: PropertyDirection{name=facing, clazz=class net.minecraft.util.EnumFacing, values=[down, up, north, south, west, east]}
davincisvessels:securedbed: PropertyDirection{name=facing, clazz=class net.minecraft.util.EnumFacing, values=[north, south, west, east]}, PropertyBool{name=occupied, clazz=class java.lang.Boolean, values=[true, false]}, PropertyEnum{name=part, clazz=class net.minecraft.block.BlockBed$EnumPartType, values=[head, foot]}
davincisvessels:stickybuffer: 
db:disappearing_spawner: 
db:gold_chisle_brick: 
db:lighting_updater: 
db:mega_structure_block: PropertyEnum{name=mode, clazz=class net.minecraft.tileentity.TileEntityStructure$Mode, values=[SAVE, LOAD, CORNER, DATA]}
db:temple_brick: 
db:temple_brick_slab_double: PropertyEnum{name=variant, clazz=class com.unseen.db.blocks.slab.BlockSlabBase$Variant, values=[DEFAULT]}
db:temple_brick_slab_half: PropertyEnum{name=half, clazz=class net.minecraft.block.BlockSlab$EnumBlockHalf, values=[top, bottom]}, PropertyEnum{name=variant, clazz=class com.unseen.db.blocks.slab.BlockSlabBase$Variant, values=[DEFAULT]}
db:temple_brick_stairs: PropertyDirection{name=facing, clazz=class net.minecraft.util.EnumFacing, values=[north, south, west, east]}, PropertyEnum{name=half, clazz=class net.minecraft.block.BlockStairs$EnumHalf, values=[top, bottom]}, PropertyEnum{name=shape, clazz=class net.minecraft.block.BlockStairs$EnumShape, values=[straight, inner_left, inner_right, outer_left, outer_right]}
db:temple_chisle_brick: 
db:temple_cobble: 
db:temple_cobble_slab_double: PropertyEnum{name=variant, clazz=class com.unseen.db.blocks.slab.BlockSlabBase$Variant, values=[DEFAULT]}
db:temple_cobble_slab_half: PropertyEnum{name=half, clazz=class net.minecraft.block.BlockSlab$EnumBlockHalf, values=[top, bottom]}, PropertyEnum{name=variant, clazz=class com.unseen.db.blocks.slab.BlockSlabBase$Variant, values=[DEFAULT]}
db:temple_gold_brick: 
db:temple_lamp: 
db:temple_pillar: PropertyEnum{name=axis, clazz=class net.minecraft.util.EnumFacing$Axis, values=[x, y, z]}
db:temple_polish: 
deeperdepths:amethyst_block: 
deeperdepths:amethyst_cluster: PropertyDirection{name=facing, clazz=class net.minecraft.util.EnumFacing, values=[down, up, north, south, west, east]}
deeperdepths:black_candle: PropertyInteger{name=candles, clazz=class java.lang.Integer, values=[1, 2, 3, 4]}, PropertyBool{name=lit, clazz=class java.lang.Boolean, values=[true, false]}
deeperdepths:blue_candle: PropertyInteger{name=candles, clazz=class java.lang.Integer, values=[1, 2, 3, 4]}, PropertyBool{name=lit, clazz=class java.lang.Boolean, values=[true, false]}
deeperdepths:brown_candle: PropertyInteger{name=candles, clazz=class java.lang.Integer, values=[1, 2, 3, 4]}, PropertyBool{name=lit, clazz=class java.lang.Boolean, values=[true, false]}
deeperdepths:budding_amethyst: 
deeperdepths:candle: PropertyInteger{name=candles, clazz=class java.lang.Integer, values=[1, 2, 3, 4]}, PropertyBool{name=lit, clazz=class java.lang.Boolean, values=[true, false]}
deeperdepths:chiseled_copper: PropertyBool{name=waxed, clazz=class java.lang.Boolean, values=[true, false]}, PropertyEnum{name=weather_stage, clazz=class com.deeperdepths.common.blocks.enums.EnumWeatherStage, values=[NORMAL, EXPOSED, WEATHERED, OXIDIZED]}
deeperdepths:cobbled_deepslate_stairs: PropertyDirection{name=facing, clazz=class net.minecraft.util.EnumFacing, values=[north, south, west, east]}, PropertyEnum{name=half, clazz=class net.minecraft.block.BlockStairs$EnumHalf, values=[top, bottom]}, PropertyEnum{name=shape, clazz=class net.minecraft.block.BlockStairs$EnumShape, values=[straight, inner_left, inner_right, outer_left, outer_right]}
deeperdepths:copper_bars: PropertyBool{name=east, clazz=class java.lang.Boolean, values=[true, false]}, PropertyBool{name=north, clazz=class java.lang.Boolean, values=[true, false]}, PropertyBool{name=south, clazz=class java.lang.Boolean, values=[true, false]}, PropertyBool{name=west, clazz=class java.lang.Boolean, values=[true, false]}
deeperdepths:copper_block: PropertyBool{name=waxed, clazz=class java.lang.Boolean, values=[true, false]}, PropertyEnum{name=weather_stage, clazz=class com.deeperdepths.common.blocks.enums.EnumWeatherStage, values=[NORMAL, EXPOSED, WEATHERED, OXIDIZED]}
deeperdepths:copper_bulb: PropertyBool{name=lit, clazz=class java.lang.Boolean, values=[true, false]}, PropertyBool{name=powered, clazz=class java.lang.Boolean, values=[true, false]}, PropertyEnum{name=weather_stage, clazz=class com.deeperdepths.common.blocks.enums.EnumWeatherStage, values=[NORMAL, EXPOSED, WEATHERED, OXIDIZED]}
deeperdepths:copper_chain: PropertyEnum{name=axis, clazz=class net.minecraft.util.EnumFacing$Axis, values=[x, y, z]}, PropertyEnum{name=weather_stage, clazz=class com.deeperdepths.common.blocks.enums.EnumWeatherStage, values=[NORMAL, EXPOSED, WEATHERED, OXIDIZED]}
deeperdepths:copper_chest: PropertyDirection{name=facing, clazz=class net.minecraft.util.EnumFacing, values=[north, south, west, east]}, PropertyEnum{name=weather_stage, clazz=class com.deeperdepths.common.blocks.enums.EnumWeatherStage, values=[NORMAL, EXPOSED, WEATHERED, OXIDIZED]}
deeperdepths:copper_door: PropertyDirection{name=facing, clazz=class net.minecraft.util.EnumFacing, values=[north, south, west, east]}, PropertyEnum{name=half, clazz=class net.minecraft.block.BlockDoor$EnumDoorHalf, values=[upper, lower]}, PropertyEnum{name=hinge, clazz=class net.minecraft.block.BlockDoor$EnumHingePosition, values=[left, right]}, PropertyBool{name=open, clazz=class java.lang.Boolean, values=[true, false]}, PropertyBool{name=powered, clazz=class java.lang.Boolean, values=[true, false]}
deeperdepths:copper_grate: PropertyBool{name=waterlogged, clazz=class java.lang.Boolean, values=[true, false]}, PropertyBool{name=waxed, clazz=class java.lang.Boolean, values=[true, false]}, PropertyEnum{name=weather_stage, clazz=class com.deeperdepths.common.blocks.enums.EnumWeatherStage, values=[NORMAL, EXPOSED, WEATHERED, OXIDIZED]}
deeperdepths:copper_lantern: PropertyBool{name=hanging, clazz=class java.lang.Boolean, values=[true, false]}, PropertyBool{name=waxed, clazz=class java.lang.Boolean, values=[true, false]}, PropertyEnum{name=weather_stage, clazz=class com.deeperdepths.common.blocks.enums.EnumWeatherStage, values=[NORMAL, EXPOSED, WEATHERED, OXIDIZED]}
deeperdepths:copper_ore: 
deeperdepths:copper_torch: PropertyDirection{name=facing, clazz=class net.minecraft.util.EnumFacing, values=[up, north, south, west, east]}
deeperdepths:copper_trapdoor: PropertyDirection{name=facing, clazz=class net.minecraft.util.EnumFacing, values=[north, south, west, east]}, PropertyEnum{name=half, clazz=class net.minecraft.block.BlockTrapDoor$DoorHalf, values=[top, bottom]}, PropertyBool{name=open, clazz=class java.lang.Boolean, values=[true, false]}
deeperdepths:cut_copper: PropertyBool{name=waxed, clazz=class java.lang.Boolean, values=[true, false]}, PropertyEnum{name=weather_stage, clazz=class com.deeperdepths.common.blocks.enums.EnumWeatherStage, values=[NORMAL, EXPOSED, WEATHERED, OXIDIZED]}
deeperdepths:cut_copper_slab: PropertyEnum{name=half, clazz=class net.minecraft.block.BlockSlab$EnumBlockHalf, values=[top, bottom]}, PropertyEnum{name=variant, clazz=class com.deeperdepths.common.blocks.BlockCutCopperSlab$Variant, values=[NORMAL, EXPOSED, WEATHERED, OXIDIZED, WAXED, WAXED_EXPOSED, WAXED_WEATHERED, WAXED_OXIDIZED]}
deeperdepths:cut_copper_stairs: PropertyDirection{name=facing, clazz=class net.minecraft.util.EnumFacing, values=[north, south, west, east]}, PropertyEnum{name=half, clazz=class net.minecraft.block.BlockStairs$EnumHalf, values=[top, bottom]}, PropertyEnum{name=shape, clazz=class net.minecraft.block.BlockStairs$EnumShape, values=[straight, inner_left, inner_right, outer_left, outer_right]}
deeperdepths:cyan_candle: PropertyInteger{name=candles, clazz=class java.lang.Integer, values=[1, 2, 3, 4]}, PropertyBool{name=lit, clazz=class java.lang.Boolean, values=[true, false]}
deeperdepths:deepslate: PropertyEnum{name=axis, clazz=class net.minecraft.util.EnumFacing$Axis, values=[x, y, z]}, PropertyBool{name=infested, clazz=class java.lang.Boolean, values=[true, false]}
deeperdepths:deepslate_brick_stairs: PropertyDirection{name=facing, clazz=class net.minecraft.util.EnumFacing, values=[north, south, west, east]}, PropertyEnum{name=half, clazz=class net.minecraft.block.BlockStairs$EnumHalf, values=[top, bottom]}, PropertyEnum{name=shape, clazz=class net.minecraft.block.BlockStairs$EnumShape, values=[straight, inner_left, inner_right, outer_left, outer_right]}
deeperdepths:deepslate_tile_stairs: PropertyDirection{name=facing, clazz=class net.minecraft.util.EnumFacing, values=[north, south, west, east]}, PropertyEnum{name=half, clazz=class net.minecraft.block.BlockStairs$EnumHalf, values=[top, bottom]}, PropertyEnum{name=shape, clazz=class net.minecraft.block.BlockStairs$EnumShape, values=[straight, inner_left, inner_right, outer_left, outer_right]}
deeperdepths:double_cut_copper_slab: PropertyEnum{name=half, clazz=class net.minecraft.block.BlockSlab$EnumBlockHalf, values=[top, bottom]}, PropertyEnum{name=variant, clazz=class com.deeperdepths.common.blocks.BlockCutCopperSlab$Variant, values=[NORMAL, EXPOSED, WEATHERED, OXIDIZED, WAXED, WAXED_EXPOSED, WAXED_WEATHERED, WAXED_OXIDIZED]}
deeperdepths:double_stone_slab: PropertyEnum{name=half, clazz=class net.minecraft.block.BlockSlab$EnumBlockHalf, values=[top, bottom]}, PropertyEnum{name=variant, clazz=class com.deeperdepths.common.blocks.enums.EnumStoneType, values=[TUFF, POLISHED_TUFF, TUFF_BRICK, COBBLED_DEEPSLATE, POLISHED_DEEPSLATE, DEEPSLATE_BRICK, DEEPSLATE_TILE]}
deeperdepths:exposed_copper_bars: PropertyBool{name=east, clazz=class java.lang.Boolean, values=[true, false]}, PropertyBool{name=north, clazz=class java.lang.Boolean, values=[true, false]}, PropertyBool{name=south, clazz=class java.lang.Boolean, values=[true, false]}, PropertyBool{name=west, clazz=class java.lang.Boolean, values=[true, false]}
deeperdepths:exposed_copper_door: PropertyDirection{name=facing, clazz=class net.minecraft.util.EnumFacing, values=[north, south, west, east]}, PropertyEnum{name=half, clazz=class net.minecraft.block.BlockDoor$EnumDoorHalf, values=[upper, lower]}, PropertyEnum{name=hinge, clazz=class net.minecraft.block.BlockDoor$EnumHingePosition, values=[left, right]}, PropertyBool{name=open, clazz=class java.lang.Boolean, values=[true, false]}, PropertyBool{name=powered, clazz=class java.lang.Boolean, values=[true, false]}
deeperdepths:exposed_copper_trapdoor: PropertyDirection{name=facing, clazz=class net.minecraft.util.EnumFacing, values=[north, south, west, east]}, PropertyEnum{name=half, clazz=class net.minecraft.block.BlockTrapDoor$DoorHalf, values=[top, bottom]}, PropertyBool{name=open, clazz=class java.lang.Boolean, values=[true, false]}
deeperdepths:exposed_cut_copper_stairs: PropertyDirection{name=facing, clazz=class net.minecraft.util.EnumFacing, values=[north, south, west, east]}, PropertyEnum{name=half, clazz=class net.minecraft.block.BlockStairs$EnumHalf, values=[top, bottom]}, PropertyEnum{name=shape, clazz=class net.minecraft.block.BlockStairs$EnumShape, values=[straight, inner_left, inner_right, outer_left, outer_right]}
deeperdepths:exposed_lightning_rod: PropertyDirection{name=facing, clazz=class net.minecraft.util.EnumFacing, values=[down, up, north, south, west, east]}, PropertyBool{name=powered, clazz=class java.lang.Boolean, values=[true, false]}
deeperdepths:gray_candle: PropertyInteger{name=candles, clazz=class java.lang.Integer, values=[1, 2, 3, 4]}, PropertyBool{name=lit, clazz=class java.lang.Boolean, values=[true, false]}
deeperdepths:green_candle: PropertyInteger{name=candles, clazz=class java.lang.Integer, values=[1, 2, 3, 4]}, PropertyBool{name=lit, clazz=class java.lang.Boolean, values=[true, false]}
deeperdepths:heavy_core: 
deeperdepths:large_amethyst_bud: PropertyDirection{name=facing, clazz=class net.minecraft.util.EnumFacing, values=[down, up, north, south, west, east]}
deeperdepths:light_blue_candle: PropertyInteger{name=candles, clazz=class java.lang.Integer, values=[1, 2, 3, 4]}, PropertyBool{name=lit, clazz=class java.lang.Boolean, values=[true, false]}
deeperdepths:light_gray_candle: PropertyInteger{name=candles, clazz=class java.lang.Integer, values=[1, 2, 3, 4]}, PropertyBool{name=lit, clazz=class java.lang.Boolean, values=[true, false]}
deeperdepths:lightning_rod: PropertyDirection{name=facing, clazz=class net.minecraft.util.EnumFacing, values=[down, up, north, south, west, east]}, PropertyBool{name=powered, clazz=class java.lang.Boolean, values=[true, false]}
deeperdepths:lime_candle: PropertyInteger{name=candles, clazz=class java.lang.Integer, values=[1, 2, 3, 4]}, PropertyBool{name=lit, clazz=class java.lang.Boolean, values=[true, false]}
deeperdepths:magenta_candle: PropertyInteger{name=candles, clazz=class java.lang.Integer, values=[1, 2, 3, 4]}, PropertyBool{name=lit, clazz=class java.lang.Boolean, values=[true, false]}
deeperdepths:medium_amethyst_bud: PropertyDirection{name=facing, clazz=class net.minecraft.util.EnumFacing, values=[down, up, north, south, west, east]}
deeperdepths:orange_candle: PropertyInteger{name=candles, clazz=class java.lang.Integer, values=[1, 2, 3, 4]}, PropertyBool{name=lit, clazz=class java.lang.Boolean, values=[true, false]}
deeperdepths:oxidized_copper_bars: PropertyBool{name=east, clazz=class java.lang.Boolean, values=[true, false]}, PropertyBool{name=north, clazz=class java.lang.Boolean, values=[true, false]}, PropertyBool{name=south, clazz=class java.lang.Boolean, values=[true, false]}, PropertyBool{name=west, clazz=class java.lang.Boolean, values=[true, false]}
deeperdepths:oxidized_copper_door: PropertyDirection{name=facing, clazz=class net.minecraft.util.EnumFacing, values=[north, south, west, east]}, PropertyEnum{name=half, clazz=class net.minecraft.block.BlockDoor$EnumDoorHalf, values=[upper, lower]}, PropertyEnum{name=hinge, clazz=class net.minecraft.block.BlockDoor$EnumHingePosition, values=[left, right]}, PropertyBool{name=open, clazz=class java.lang.Boolean, values=[true, false]}, PropertyBool{name=powered, clazz=class java.lang.Boolean, values=[true, false]}
deeperdepths:oxidized_copper_trapdoor: PropertyDirection{name=facing, clazz=class net.minecraft.util.EnumFacing, values=[north, south, west, east]}, PropertyEnum{name=half, clazz=class net.minecraft.block.BlockTrapDoor$DoorHalf, values=[top, bottom]}, PropertyBool{name=open, clazz=class java.lang.Boolean, values=[true, false]}
deeperdepths:oxidized_cut_copper_stairs: PropertyDirection{name=facing, clazz=class net.minecraft.util.EnumFacing, values=[north, south, west, east]}, PropertyEnum{name=half, clazz=class net.minecraft.block.BlockStairs$EnumHalf, values=[top, bottom]}, PropertyEnum{name=shape, clazz=class net.minecraft.block.BlockStairs$EnumShape, values=[straight, inner_left, inner_right, outer_left, outer_right]}
deeperdepths:oxidized_lightning_rod: PropertyDirection{name=facing, clazz=class net.minecraft.util.EnumFacing, values=[down, up, north, south, west, east]}, PropertyBool{name=powered, clazz=class java.lang.Boolean, values=[true, false]}
deeperdepths:pink_candle: PropertyInteger{name=candles, clazz=class java.lang.Integer, values=[1, 2, 3, 4]}, PropertyBool{name=lit, clazz=class java.lang.Boolean, values=[true, false]}
deeperdepths:polished_deepslate_stairs: PropertyDirection{name=facing, clazz=class net.minecraft.util.EnumFacing, values=[north, south, west, east]}, PropertyEnum{name=half, clazz=class net.minecraft.block.BlockStairs$EnumHalf, values=[top, bottom]}, PropertyEnum{name=shape, clazz=class net.minecraft.block.BlockStairs$EnumShape, values=[straight, inner_left, inner_right, outer_left, outer_right]}
deeperdepths:polished_tuff_stairs: PropertyDirection{name=facing, clazz=class net.minecraft.util.EnumFacing, values=[north, south, west, east]}, PropertyEnum{name=half, clazz=class net.minecraft.block.BlockStairs$EnumHalf, values=[top, bottom]}, PropertyEnum{name=shape, clazz=class net.minecraft.block.BlockStairs$EnumShape, values=[straight, inner_left, inner_right, outer_left, outer_right]}
deeperdepths:purple_candle: PropertyInteger{name=candles, clazz=class java.lang.Integer, values=[1, 2, 3, 4]}, PropertyBool{name=lit, clazz=class java.lang.Boolean, values=[true, false]}
deeperdepths:red_candle: PropertyInteger{name=candles, clazz=class java.lang.Integer, values=[1, 2, 3, 4]}, PropertyBool{name=lit, clazz=class java.lang.Boolean, values=[true, false]}
deeperdepths:reinforced_deepslate: 
deeperdepths:small_amethyst_bud: PropertyDirection{name=facing, clazz=class net.minecraft.util.EnumFacing, values=[down, up, north, south, west, east]}
deeperdepths:stone: PropertyEnum{name=variant, clazz=class com.deeperdepths.common.blocks.enums.EnumStoneType, values=[TUFF, POLISHED_TUFF, CHISELED_TUFF, TUFF_BRICK, CHISELED_TUFF_BRICK, CALCITE, COBBLED_DEEPSLATE, CHISELED_DEEPSLATE, POLISHED_DEEPSLATE, DEEPSLATE_BRICK, CRACKED_DEEPSLATE_BRICK, DEEPSLATE_TILE, CRACKED_DEEPSLATE_TILE]}
deeperdepths:stone_slab: PropertyEnum{name=half, clazz=class net.minecraft.block.BlockSlab$EnumBlockHalf, values=[top, bottom]}, PropertyEnum{name=variant, clazz=class com.deeperdepths.common.blocks.enums.EnumStoneType, values=[TUFF, POLISHED_TUFF, TUFF_BRICK, COBBLED_DEEPSLATE, POLISHED_DEEPSLATE, DEEPSLATE_BRICK, DEEPSLATE_TILE]}
deeperdepths:stone_wall: PropertyBool{name=east, clazz=class java.lang.Boolean, values=[true, false]}, PropertyBool{name=north, clazz=class java.lang.Boolean, values=[true, false]}, PropertyBool{name=south, clazz=class java.lang.Boolean, values=[true, false]}, PropertyEnum{name=type, clazz=class com.deeperdepths.common.blocks.enums.EnumStoneType, values=[TUFF, POLISHED_TUFF, TUFF_BRICK, COBBLED_DEEPSLATE, POLISHED_DEEPSLATE, DEEPSLATE_BRICK, DEEPSLATE_TILE]}, PropertyBool{name=up, clazz=class java.lang.Boolean, values=[true, false]}, PropertyEnum{name=variant, clazz=class net.minecraft.block.BlockWall$EnumType, values=[cobblestone, mossy_cobblestone]}, PropertyBool{name=west, clazz=class java.lang.Boolean, values=[true, false]}
deeperdepths:tinted_glass: 
deeperdepths:trial_pot: PropertyBool{name=cracked, clazz=class java.lang.Boolean, values=[true, false]}, PropertyDirection{name=facing, clazz=class net.minecraft.util.EnumFacing, values=[north, south, west, east]}
deeperdepths:trial_spawner: PropertyBool{name=ominous, clazz=class java.lang.Boolean, values=[true, false]}, PropertyEnum{name=state, clazz=class com.deeperdepths.common.blocks.enums.EnumTrialSpawnerState, values=[INACTIVE, WAITING, ACTIVE, EJECTING]}
deeperdepths:tuff_brick_stairs: PropertyDirection{name=facing, clazz=class net.minecraft.util.EnumFacing, values=[north, south, west, east]}, PropertyEnum{name=half, clazz=class net.minecraft.block.BlockStairs$EnumHalf, values=[top, bottom]}, PropertyEnum{name=shape, clazz=class net.minecraft.block.BlockStairs$EnumShape, values=[straight, inner_left, inner_right, outer_left, outer_right]}
deeperdepths:tuff_stairs: PropertyDirection{name=facing, clazz=class net.minecraft.util.EnumFacing, values=[north, south, west, east]}, PropertyEnum{name=half, clazz=class net.minecraft.block.BlockStairs$EnumHalf, values=[top, bottom]}, PropertyEnum{name=shape, clazz=class net.minecraft.block.BlockStairs$EnumShape, values=[straight, inner_left, inner_right, outer_left, outer_right]}
deeperdepths:vault: PropertyDirection{name=facing, clazz=class net.minecraft.util.EnumFacing, values=[north, south, west, east]}, PropertyBool{name=ominous, clazz=class java.lang.Boolean, values=[true, false]}, PropertyEnum{name=state, clazz=class com.deeperdepths.common.blocks.enums.EnumVaultState, values=[INACTIVE, ACTIVE, UNLOCKING, EJECTING]}
deeperdepths:waxed_copper_bars: PropertyBool{name=east, clazz=class java.lang.Boolean, values=[true, false]}, PropertyBool{name=north, clazz=class java.lang.Boolean, values=[true, false]}, PropertyBool{name=south, clazz=class java.lang.Boolean, values=[true, false]}, PropertyBool{name=west, clazz=class java.lang.Boolean, values=[true, false]}
deeperdepths:waxed_copper_bulb: PropertyBool{name=lit, clazz=class java.lang.Boolean, values=[true, false]}, PropertyBool{name=powered, clazz=class java.lang.Boolean, values=[true, false]}, PropertyEnum{name=weather_stage, clazz=class com.deeperdepths.common.blocks.enums.EnumWeatherStage, values=[NORMAL, EXPOSED, WEATHERED, OXIDIZED]}
deeperdepths:waxed_copper_chain: PropertyEnum{name=axis, clazz=class net.minecraft.util.EnumFacing$Axis, values=[x, y, z]}, PropertyEnum{name=weather_stage, clazz=class com.deeperdepths.common.blocks.enums.EnumWeatherStage, values=[NORMAL, EXPOSED, WEATHERED, OXIDIZED]}
deeperdepths:waxed_copper_chest: PropertyDirection{name=facing, clazz=class net.minecraft.util.EnumFacing, values=[north, south, west, east]}, PropertyEnum{name=weather_stage, clazz=class com.deeperdepths.common.blocks.enums.EnumWeatherStage, values=[NORMAL, EXPOSED, WEATHERED, OXIDIZED]}
deeperdepths:waxed_copper_door: PropertyDirection{name=facing, clazz=class net.minecraft.util.EnumFacing, values=[north, south, west, east]}, PropertyEnum{name=half, clazz=class net.minecraft.block.BlockDoor$EnumDoorHalf, values=[upper, lower]}, PropertyEnum{name=hinge, clazz=class net.minecraft.block.BlockDoor$EnumHingePosition, values=[left, right]}, PropertyBool{name=open, clazz=class java.lang.Boolean, values=[true, false]}, PropertyBool{name=powered, clazz=class java.lang.Boolean, values=[true, false]}
deeperdepths:waxed_copper_trapdoor: PropertyDirection{name=facing, clazz=class net.minecraft.util.EnumFacing, values=[north, south, west, east]}, PropertyEnum{name=half, clazz=class net.minecraft.block.BlockTrapDoor$DoorHalf, values=[top, bottom]}, PropertyBool{name=open, clazz=class java.lang.Boolean, values=[true, false]}
deeperdepths:waxed_cut_copper_stairs: PropertyDirection{name=facing, clazz=class net.minecraft.util.EnumFacing, values=[north, south, west, east]}, PropertyEnum{name=half, clazz=class net.minecraft.block.BlockStairs$EnumHalf, values=[top, bottom]}, PropertyEnum{name=shape, clazz=class net.minecraft.block.BlockStairs$EnumShape, values=[straight, inner_left, inner_right, outer_left, outer_right]}
deeperdepths:waxed_exposed_copper_bars: PropertyBool{name=east, clazz=class java.lang.Boolean, values=[true, false]}, PropertyBool{name=north, clazz=class java.lang.Boolean, values=[true, false]}, PropertyBool{name=south, clazz=class java.lang.Boolean, values=[true, false]}, PropertyBool{name=west, clazz=class java.lang.Boolean, values=[true, false]}
deeperdepths:waxed_exposed_copper_door: PropertyDirection{name=facing, clazz=class net.minecraft.util.EnumFacing, values=[north, south, west, east]}, PropertyEnum{name=half, clazz=class net.minecraft.block.BlockDoor$EnumDoorHalf, values=[upper, lower]}, PropertyEnum{name=hinge, clazz=class net.minecraft.block.BlockDoor$EnumHingePosition, values=[left, right]}, PropertyBool{name=open, clazz=class java.lang.Boolean, values=[true, false]}, PropertyBool{name=powered, clazz=class java.lang.Boolean, values=[true, false]}
deeperdepths:waxed_exposed_copper_trapdoor: PropertyDirection{name=facing, clazz=class net.minecraft.util.EnumFacing, values=[north, south, west, east]}, PropertyEnum{name=half, clazz=class net.minecraft.block.BlockTrapDoor$DoorHalf, values=[top, bottom]}, PropertyBool{name=open, clazz=class java.lang.Boolean, values=[true, false]}
deeperdepths:waxed_exposed_cut_copper_stairs: PropertyDirection{name=facing, clazz=class net.minecraft.util.EnumFacing, values=[north, south, west, east]}, PropertyEnum{name=half, clazz=class net.minecraft.block.BlockStairs$EnumHalf, values=[top, bottom]}, PropertyEnum{name=shape, clazz=class net.minecraft.block.BlockStairs$EnumShape, values=[straight, inner_left, inner_right, outer_left, outer_right]}
deeperdepths:waxed_exposed_lightning_rod: PropertyDirection{name=facing, clazz=class net.minecraft.util.EnumFacing, values=[down, up, north, south, west, east]}, PropertyBool{name=powered, clazz=class java.lang.Boolean, values=[true, false]}
deeperdepths:waxed_lightning_rod: PropertyDirection{name=facing, clazz=class net.minecraft.util.EnumFacing, values=[down, up, north, south, west, east]}, PropertyBool{name=powered, clazz=class java.lang.Boolean, values=[true, false]}
deeperdepths:waxed_oxidized_copper_bars: PropertyBool{name=east, clazz=class java.lang.Boolean, values=[true, false]}, PropertyBool{name=north, clazz=class java.lang.Boolean, values=[true, false]}, PropertyBool{name=south, clazz=class java.lang.Boolean, values=[true, false]}, PropertyBool{name=west, clazz=class java.lang.Boolean, values=[true, false]}
deeperdepths:waxed_oxidized_copper_door: PropertyDirection{name=facing, clazz=class net.minecraft.util.EnumFacing, values=[north, south, west, east]}, PropertyEnum{name=half, clazz=class net.minecraft.block.BlockDoor$EnumDoorHalf, values=[upper, lower]}, PropertyEnum{name=hinge, clazz=class net.minecraft.block.BlockDoor$EnumHingePosition, values=[left, right]}, PropertyBool{name=open, clazz=class java.lang.Boolean, values=[true, false]}, PropertyBool{name=powered, clazz=class java.lang.Boolean, values=[true, false]}
deeperdepths:waxed_oxidized_copper_trapdoor: PropertyDirection{name=facing, clazz=class net.minecraft.util.EnumFacing, values=[north, south, west, east]}, PropertyEnum{name=half, clazz=class net.minecraft.block.BlockTrapDoor$DoorHalf, values=[top, bottom]}, PropertyBool{name=open, clazz=class java.lang.Boolean, values=[true, false]}
deeperdepths:waxed_oxidized_cut_copper_stairs: PropertyDirection{name=facing, clazz=class net.minecraft.util.EnumFacing, values=[north, south, west, east]}, PropertyEnum{name=half, clazz=class net.minecraft.block.BlockStairs$EnumHalf, values=[top, bottom]}, PropertyEnum{name=shape, clazz=class net.minecraft.block.BlockStairs$EnumShape, values=[straight, inner_left, inner_right, outer_left, outer_right]}
deeperdepths:waxed_oxidized_lightning_rod: PropertyDirection{name=facing, clazz=class net.minecraft.util.EnumFacing, values=[down, up, north, south, west, east]}, PropertyBool{name=powered, clazz=class java.lang.Boolean, values=[true, false]}
deeperdepths:waxed_weathered_copper_bars: PropertyBool{name=east, clazz=class java.lang.Boolean, values=[true, false]}, PropertyBool{name=north, clazz=class java.lang.Boolean, values=[true, false]}, PropertyBool{name=south, clazz=class java.lang.Boolean, values=[true, false]}, PropertyBool{name=west, clazz=class java.lang.Boolean, values=[true, false]}
deeperdepths:waxed_weathered_copper_door: PropertyDirection{name=facing, clazz=class net.minecraft.util.EnumFacing, values=[north, south, west, east]}, PropertyEnum{name=half, clazz=class net.minecraft.block.BlockDoor$EnumDoorHalf, values=[upper, lower]}, PropertyEnum{name=hinge, clazz=class net.minecraft.block.BlockDoor$EnumHingePosition, values=[left, right]}, PropertyBool{name=open, clazz=class java.lang.Boolean, values=[true, false]}, PropertyBool{name=powered, clazz=class java.lang.Boolean, values=[true, false]}
deeperdepths:waxed_weathered_copper_trapdoor: PropertyDirection{name=facing, clazz=class net.minecraft.util.EnumFacing, values=[north, south, west, east]}, PropertyEnum{name=half, clazz=class net.minecraft.block.BlockTrapDoor$DoorHalf, values=[top, bottom]}, PropertyBool{name=open, clazz=class java.lang.Boolean, values=[true, false]}
deeperdepths:waxed_weathered_cut_copper_stairs: PropertyDirection{name=facing, clazz=class net.minecraft.util.EnumFacing, values=[north, south, west, east]}, PropertyEnum{name=half, clazz=class net.minecraft.block.BlockStairs$EnumHalf, values=[top, bottom]}, PropertyEnum{name=shape, clazz=class net.minecraft.block.BlockStairs$EnumShape, values=[straight, inner_left, inner_right, outer_left, outer_right]}
deeperdepths:waxed_weathered_lightning_rod: PropertyDirection{name=facing, clazz=class net.minecraft.util.EnumFacing, values=[down, up, north, south, west, east]}, PropertyBool{name=powered, clazz=class java.lang.Boolean, values=[true, false]}
deeperdepths:weathered_copper_bars: PropertyBool{name=east, clazz=class java.lang.Boolean, values=[true, false]}, PropertyBool{name=north, clazz=class java.lang.Boolean, values=[true, false]}, PropertyBool{name=south, clazz=class java.lang.Boolean, values=[true, false]}, PropertyBool{name=west, clazz=class java.lang.Boolean, values=[true, false]}
deeperdepths:weathered_copper_door: PropertyDirection{name=facing, clazz=class net.minecraft.util.EnumFacing, values=[north, south, west, east]}, PropertyEnum{name=half, clazz=class net.minecraft.block.BlockDoor$EnumDoorHalf, values=[upper, lower]}, PropertyEnum{name=hinge, clazz=class net.minecraft.block.BlockDoor$EnumHingePosition, values=[left, right]}, PropertyBool{name=open, clazz=class java.lang.Boolean, values=[true, false]}, PropertyBool{name=powered, clazz=class java.lang.Boolean, values=[true, false]}
deeperdepths:weathered_copper_trapdoor: PropertyDirection{name=facing, clazz=class net.minecraft.util.EnumFacing, values=[north, south, west, east]}, PropertyEnum{name=half, clazz=class net.minecraft.block.BlockTrapDoor$DoorHalf, values=[top, bottom]}, PropertyBool{name=open, clazz=class java.lang.Boolean, values=[true, false]}
deeperdepths:weathered_cut_copper_stairs: PropertyDirection{name=facing, clazz=class net.minecraft.util.EnumFacing, values=[north, south, west, east]}, PropertyEnum{name=half, clazz=class net.minecraft.block.BlockStairs$EnumHalf, values=[top, bottom]}, PropertyEnum{name=shape, clazz=class net.minecraft.block.BlockStairs$EnumShape, values=[straight, inner_left, inner_right, outer_left, outer_right]}
deeperdepths:weathered_lightning_rod: PropertyDirection{name=facing, clazz=class net.minecraft.util.EnumFacing, values=[down, up, north, south, west, east]}, PropertyBool{name=powered, clazz=class java.lang.Boolean, values=[true, false]}
deeperdepths:white_candle: PropertyInteger{name=candles, clazz=class java.lang.Integer, values=[1, 2, 3, 4]}, PropertyBool{name=lit, clazz=class java.lang.Boolean, values=[true, false]}
deeperdepths:yellow_candle: PropertyInteger{name=candles, clazz=class java.lang.Integer, values=[1, 2, 3, 4]}, PropertyBool{name=lit, clazz=class java.lang.Boolean, values=[true, false]}
defiledlands:blastem: PropertyInteger{name=age, clazz=class java.lang.Integer, values=[0, 1, 2, 3, 4, 5, 6, 7, 8, 9, 10, 11, 12, 13, 14, 15]}
defiledlands:conjuring_altar: PropertyBool{name=active, clazz=class java.lang.Boolean, values=[true, false]}
defiledlands:dirt_defiled: 
defiledlands:glass_obscure: 
defiledlands:grass_defiled: PropertyBool{name=snowy, clazz=class java.lang.Boolean, values=[true, false]}
defiledlands:gravel_defiled: 
defiledlands:healing_pad: 
defiledlands:hephaestite_block: 
defiledlands:hephaestite_ore: 
defiledlands:ravaging_decoration: PropertyEnum{name=variant, clazz=class lykrast.defiledlands.common.block.BlockRavagingDecoration$Variants, values=[stone, bricks]}
defiledlands:sand_defiled: 
defiledlands:sandstone_defiled: 
defiledlands:sandstone_defiled_stairs: PropertyDirection{name=facing, clazz=class net.minecraft.util.EnumFacing, values=[north, south, west, east]}, PropertyEnum{name=half, clazz=class net.minecraft.block.BlockStairs$EnumHalf, values=[top, bottom]}, PropertyEnum{name=shape, clazz=class net.minecraft.block.BlockStairs$EnumShape, values=[straight, inner_left, inner_right, outer_left, outer_right]}
defiledlands:scarlite_block: 
defiledlands:scarlite_ore: 
defiledlands:scuronotte: 
defiledlands:stone_defiled: 
defiledlands:stone_defiled_bricks_stairs: PropertyDirection{name=facing, clazz=class net.minecraft.util.EnumFacing, values=[north, south, west, east]}, PropertyEnum{name=half, clazz=class net.minecraft.block.BlockStairs$EnumHalf, values=[top, bottom]}, PropertyEnum{name=shape, clazz=class net.minecraft.block.BlockStairs$EnumShape, values=[straight, inner_left, inner_right, outer_left, outer_right]}
defiledlands:stone_defiled_decoration: PropertyEnum{name=variant, clazz=class lykrast.defiledlands.common.block.BlockStoneDefiledDecoration$Variants, values=[bricks, bricks_cracked, bricks_mossy, mossy]}
defiledlands:stone_defiled_slab: PropertyEnum{name=half, clazz=class net.minecraft.block.BlockSlab$EnumBlockHalf, values=[top, bottom]}, PropertyEnum{name=variant, clazz=class lykrast.defiledlands.common.block.BlockSlabCorruptedStone$Variant, values=[stone, sandstone, bricks]}
defiledlands:stone_defiled_slab_double: PropertyEnum{name=variant, clazz=class lykrast.defiledlands.common.block.BlockSlabCorruptedStone$Variant, values=[stone, sandstone, bricks]}
defiledlands:stone_defiled_stairs: PropertyDirection{name=facing, clazz=class net.minecraft.util.EnumFacing, values=[north, south, west, east]}, PropertyEnum{name=half, clazz=class net.minecraft.block.BlockStairs$EnumHalf, values=[top, bottom]}, PropertyEnum{name=shape, clazz=class net.minecraft.block.BlockStairs$EnumShape, values=[straight, inner_left, inner_right, outer_left, outer_right]}
defiledlands:tenebra_door: PropertyDirection{name=facing, clazz=class net.minecraft.util.EnumFacing, values=[north, south, west, east]}, PropertyEnum{name=half, clazz=class net.minecraft.block.BlockDoor$EnumDoorHalf, values=[upper, lower]}, PropertyEnum{name=hinge, clazz=class net.minecraft.block.BlockDoor$EnumHingePosition, values=[left, right]}, PropertyBool{name=open, clazz=class java.lang.Boolean, values=[true, false]}, PropertyBool{name=powered, clazz=class java.lang.Boolean, values=[true, false]}
defiledlands:tenebra_leaves: PropertyBool{name=check_decay, clazz=class java.lang.Boolean, values=[true, false]}, PropertyBool{name=decayable, clazz=class java.lang.Boolean, values=[true, false]}
defiledlands:tenebra_log: PropertyEnum{name=axis, clazz=class net.minecraft.block.BlockLog$EnumAxis, values=[x, y, z, none]}
defiledlands:tenebra_planks: 
defiledlands:tenebra_sapling: PropertyInteger{name=stage, clazz=class java.lang.Integer, values=[0, 1]}, PropertyEnum{name=type, clazz=class net.minecraft.block.BlockPlanks$EnumType, values=[oak, spruce, birch, jungle, acacia, dark_oak]}
defiledlands:tenebra_stairs: PropertyDirection{name=facing, clazz=class net.minecraft.util.EnumFacing, values=[north, south, west, east]}, PropertyEnum{name=half, clazz=class net.minecraft.block.BlockStairs$EnumHalf, values=[top, bottom]}, PropertyEnum{name=shape, clazz=class net.minecraft.block.BlockStairs$EnumShape, values=[straight, inner_left, inner_right, outer_left, outer_right]}
defiledlands:umbrium_block: 
defiledlands:umbrium_ore: 
defiledlands:vilespine: PropertyInteger{name=age, clazz=class java.lang.Integer, values=[0, 1, 2, 3, 4, 5, 6, 7, 8, 9, 10, 11, 12, 13, 14, 15]}, PropertyBool{name=topmost, clazz=class java.lang.Boolean, values=[true, false]}
defiledlands:wood_defiled_slab: PropertyEnum{name=half, clazz=class net.minecraft.block.BlockSlab$EnumBlockHalf, values=[top, bottom]}, PropertyEnum{name=variant, clazz=class lykrast.defiledlands.common.block.BlockSlabCorruptedWood$Variant, values=[tenebra]}
defiledlands:wood_defiled_slab_double: PropertyEnum{name=variant, clazz=class lykrast.defiledlands.common.block.BlockSlabCorruptedWood$Variant, values=[tenebra]}
disenchanter:disenchantmenttable: PropertyBool{name=automatic, clazz=class java.lang.Boolean, values=[true, false]}, PropertyBool{name=bulkdisenchanting, clazz=class java.lang.Boolean, values=[true, false]}, PropertyBool{name=cycling, clazz=class java.lang.Boolean, values=[true, false]}, PropertyBool{name=voiding, clazz=class java.lang.Boolean, values=[true, false]}
doggytalents:dog_bath: 
doggytalents:dog_bed: PropertyDirection{name=facing, clazz=class net.minecraft.util.EnumFacing, values=[north, south, west, east]}
doggytalents:food_bowl: 
dungeonmobs:bladetrap: 
dungeonmobs:lavarock: PropertyInteger{name=age, clazz=class java.lang.Integer, values=[0, 1, 2, 3, 4, 5, 6, 7, 8, 9, 10, 11, 12, 13, 14, 15]}
dungeons2:basic_facade_cobblestone: PropertyEnum{name=facing, clazz=class net.minecraft.util.EnumFacing, values=[down, up, north, south, west, east]}, PropertyEnum{name=shape, clazz=class com.someguyssoftware.dungeons2.block.BasicFacadeBlock$EnumShape, values=[straight, inner_left, inner_right, outer_left, outer_right]}
dungeons2:basic_facade_cobblestone_mossy: PropertyEnum{name=facing, clazz=class net.minecraft.util.EnumFacing, values=[down, up, north, south, west, east]}, PropertyEnum{name=shape, clazz=class com.someguyssoftware.dungeons2.block.BasicFacadeBlock$EnumShape, values=[straight, inner_left, inner_right, outer_left, outer_right]}
dungeons2:basic_facade_obsidianbrick: PropertyEnum{name=facing, clazz=class net.minecraft.util.EnumFacing, values=[down, up, north, south, west, east]}, PropertyEnum{name=shape, clazz=class com.someguyssoftware.dungeons2.block.BasicFacadeBlock$EnumShape, values=[straight, inner_left, inner_right, outer_left, outer_right]}
dungeons2:basic_facade_sandstone: PropertyEnum{name=facing, clazz=class net.minecraft.util.EnumFacing, values=[down, up, north, south, west, east]}, PropertyEnum{name=shape, clazz=class com.someguyssoftware.dungeons2.block.BasicFacadeBlock$EnumShape, values=[straight, inner_left, inner_right, outer_left, outer_right]}
dungeons2:basic_facade_smooth_sandstone: PropertyEnum{name=facing, clazz=class net.minecraft.util.EnumFacing, values=[down, up, north, south, west, east]}, PropertyEnum{name=shape, clazz=class com.someguyssoftware.dungeons2.block.BasicFacadeBlock$EnumShape, values=[straight, inner_left, inner_right, outer_left, outer_right]}
dungeons2:basic_facade_stone: PropertyEnum{name=facing, clazz=class net.minecraft.util.EnumFacing, values=[down, up, north, south, west, east]}, PropertyEnum{name=shape, clazz=class com.someguyssoftware.dungeons2.block.BasicFacadeBlock$EnumShape, values=[straight, inner_left, inner_right, outer_left, outer_right]}
dungeons2:basic_facade_stonebrick: PropertyEnum{name=facing, clazz=class net.minecraft.util.EnumFacing, values=[down, up, north, south, west, east]}, PropertyEnum{name=shape, clazz=class com.someguyssoftware.dungeons2.block.BasicFacadeBlock$EnumShape, values=[straight, inner_left, inner_right, outer_left, outer_right]}
dungeons2:basic_facade_stonebrick_chiseled: PropertyEnum{name=facing, clazz=class net.minecraft.util.EnumFacing, values=[down, up, north, south, west, east]}, PropertyEnum{name=shape, clazz=class com.someguyssoftware.dungeons2.block.BasicFacadeBlock$EnumShape, values=[straight, inner_left, inner_right, outer_left, outer_right]}
dungeons2:basic_facade_stonebrick_cracked: PropertyEnum{name=facing, clazz=class net.minecraft.util.EnumFacing, values=[down, up, north, south, west, east]}, PropertyEnum{name=shape, clazz=class com.someguyssoftware.dungeons2.block.BasicFacadeBlock$EnumShape, values=[straight, inner_left, inner_right, outer_left, outer_right]}
dungeons2:basic_facade_stonebrick_mossy: PropertyEnum{name=facing, clazz=class net.minecraft.util.EnumFacing, values=[down, up, north, south, west, east]}, PropertyEnum{name=shape, clazz=class com.someguyssoftware.dungeons2.block.BasicFacadeBlock$EnumShape, values=[straight, inner_left, inner_right, outer_left, outer_right]}
dungeons2:coffer_cobblestone: PropertyEnum{name=facing, clazz=class net.minecraft.util.EnumFacing, values=[down, up, north, south, west, east]}
dungeons2:coffer_cobblestone_mossy: PropertyEnum{name=facing, clazz=class net.minecraft.util.EnumFacing, values=[down, up, north, south, west, east]}
dungeons2:coffer_middle_cobblestone: PropertyEnum{name=facing, clazz=class net.minecraft.util.EnumFacing, values=[down, up, north, south, west, east]}
dungeons2:coffer_middle_cobblestone_mossy: PropertyEnum{name=facing, clazz=class net.minecraft.util.EnumFacing, values=[down, up, north, south, west, east]}
dungeons2:coffer_middle_obsidianbrick: PropertyEnum{name=facing, clazz=class net.minecraft.util.EnumFacing, values=[down, up, north, south, west, east]}
dungeons2:coffer_middle_sandstone: PropertyEnum{name=facing, clazz=class net.minecraft.util.EnumFacing, values=[down, up, north, south, west, east]}
dungeons2:coffer_middle_smooth_sandstone: PropertyEnum{name=facing, clazz=class net.minecraft.util.EnumFacing, values=[down, up, north, south, west, east]}
dungeons2:coffer_middle_stone: PropertyEnum{name=facing, clazz=class net.minecraft.util.EnumFacing, values=[down, up, north, south, west, east]}
dungeons2:coffer_middle_stonebrick: PropertyEnum{name=facing, clazz=class net.minecraft.util.EnumFacing, values=[down, up, north, south, west, east]}
dungeons2:coffer_middle_stonebrick_cracked: PropertyEnum{name=facing, clazz=class net.minecraft.util.EnumFacing, values=[down, up, north, south, west, east]}
dungeons2:coffer_middle_stonebrick_mossy: PropertyEnum{name=facing, clazz=class net.minecraft.util.EnumFacing, values=[down, up, north, south, west, east]}
dungeons2:coffer_obsidianbrick: PropertyEnum{name=facing, clazz=class net.minecraft.util.EnumFacing, values=[down, up, north, south, west, east]}
dungeons2:coffer_sandstone: PropertyEnum{name=facing, clazz=class net.minecraft.util.EnumFacing, values=[down, up, north, south, west, east]}
dungeons2:coffer_smooth_sandstone: PropertyEnum{name=facing, clazz=class net.minecraft.util.EnumFacing, values=[down, up, north, south, west, east]}
dungeons2:coffer_stone: PropertyEnum{name=facing, clazz=class net.minecraft.util.EnumFacing, values=[down, up, north, south, west, east]}
dungeons2:coffer_stonebrick: PropertyEnum{name=facing, clazz=class net.minecraft.util.EnumFacing, values=[down, up, north, south, west, east]}
dungeons2:coffer_stonebrick_cracked: PropertyEnum{name=facing, clazz=class net.minecraft.util.EnumFacing, values=[down, up, north, south, west, east]}
dungeons2:coffer_stonebrick_mossy: PropertyEnum{name=facing, clazz=class net.minecraft.util.EnumFacing, values=[down, up, north, south, west, east]}
dungeons2:cornice_cobblestone: PropertyEnum{name=facing, clazz=class net.minecraft.util.EnumFacing, values=[down, up, north, south, west, east]}, PropertyEnum{name=shape, clazz=class com.someguyssoftware.dungeons2.block.CorniceFacadeBlock$EnumShape, values=[straight, inner_left, inner_right, outer_left, outer_right]}
dungeons2:cornice_cobblestone_mossy: PropertyEnum{name=facing, clazz=class net.minecraft.util.EnumFacing, values=[down, up, north, south, west, east]}, PropertyEnum{name=shape, clazz=class com.someguyssoftware.dungeons2.block.CorniceFacadeBlock$EnumShape, values=[straight, inner_left, inner_right, outer_left, outer_right]}
dungeons2:cornice_obsidianbrick: PropertyEnum{name=facing, clazz=class net.minecraft.util.EnumFacing, values=[down, up, north, south, west, east]}, PropertyEnum{name=shape, clazz=class com.someguyssoftware.dungeons2.block.CorniceFacadeBlock$EnumShape, values=[straight, inner_left, inner_right, outer_left, outer_right]}
dungeons2:cornice_sandstone: PropertyEnum{name=facing, clazz=class net.minecraft.util.EnumFacing, values=[down, up, north, south, west, east]}, PropertyEnum{name=shape, clazz=class com.someguyssoftware.dungeons2.block.CorniceFacadeBlock$EnumShape, values=[straight, inner_left, inner_right, outer_left, outer_right]}
dungeons2:cornice_smooth_sandstone: PropertyEnum{name=facing, clazz=class net.minecraft.util.EnumFacing, values=[down, up, north, south, west, east]}, PropertyEnum{name=shape, clazz=class com.someguyssoftware.dungeons2.block.CorniceFacadeBlock$EnumShape, values=[straight, inner_left, inner_right, outer_left, outer_right]}
dungeons2:cornice_stone: PropertyEnum{name=facing, clazz=class net.minecraft.util.EnumFacing, values=[down, up, north, south, west, east]}, PropertyEnum{name=shape, clazz=class com.someguyssoftware.dungeons2.block.CorniceFacadeBlock$EnumShape, values=[straight, inner_left, inner_right, outer_left, outer_right]}
dungeons2:cornice_stonebrick: PropertyEnum{name=facing, clazz=class net.minecraft.util.EnumFacing, values=[down, up, north, south, west, east]}, PropertyEnum{name=shape, clazz=class com.someguyssoftware.dungeons2.block.CorniceFacadeBlock$EnumShape, values=[straight, inner_left, inner_right, outer_left, outer_right]}
dungeons2:cornice_stonebrick_cracked: PropertyEnum{name=facing, clazz=class net.minecraft.util.EnumFacing, values=[down, up, north, south, west, east]}, PropertyEnum{name=shape, clazz=class com.someguyssoftware.dungeons2.block.CorniceFacadeBlock$EnumShape, values=[straight, inner_left, inner_right, outer_left, outer_right]}
dungeons2:cornice_stonebrick_mossy: PropertyEnum{name=facing, clazz=class net.minecraft.util.EnumFacing, values=[down, up, north, south, west, east]}, PropertyEnum{name=shape, clazz=class com.someguyssoftware.dungeons2.block.CorniceFacadeBlock$EnumShape, values=[straight, inner_left, inner_right, outer_left, outer_right]}
dungeons2:crown_molding_cobblestone: PropertyEnum{name=facing, clazz=class net.minecraft.util.EnumFacing, values=[down, up, north, south, west, east]}, PropertyEnum{name=shape, clazz=class com.someguyssoftware.dungeons2.block.CrownMoldingFacadeBlock$EnumShape, values=[straight, inner_left, inner_right, outer_left, outer_right]}
dungeons2:crown_molding_cobblestone_mossy: PropertyEnum{name=facing, clazz=class net.minecraft.util.EnumFacing, values=[down, up, north, south, west, east]}, PropertyEnum{name=shape, clazz=class com.someguyssoftware.dungeons2.block.CrownMoldingFacadeBlock$EnumShape, values=[straight, inner_left, inner_right, outer_left, outer_right]}
dungeons2:crown_molding_obsidianbrick: PropertyEnum{name=facing, clazz=class net.minecraft.util.EnumFacing, values=[down, up, north, south, west, east]}, PropertyEnum{name=shape, clazz=class com.someguyssoftware.dungeons2.block.CrownMoldingFacadeBlock$EnumShape, values=[straight, inner_left, inner_right, outer_left, outer_right]}
dungeons2:crown_molding_sandstone: PropertyEnum{name=facing, clazz=class net.minecraft.util.EnumFacing, values=[down, up, north, south, west, east]}, PropertyEnum{name=shape, clazz=class com.someguyssoftware.dungeons2.block.CrownMoldingFacadeBlock$EnumShape, values=[straight, inner_left, inner_right, outer_left, outer_right]}
dungeons2:crown_molding_smooth_sandstone: PropertyEnum{name=facing, clazz=class net.minecraft.util.EnumFacing, values=[down, up, north, south, west, east]}, PropertyEnum{name=shape, clazz=class com.someguyssoftware.dungeons2.block.CrownMoldingFacadeBlock$EnumShape, values=[straight, inner_left, inner_right, outer_left, outer_right]}
dungeons2:crown_molding_stone: PropertyEnum{name=facing, clazz=class net.minecraft.util.EnumFacing, values=[down, up, north, south, west, east]}, PropertyEnum{name=shape, clazz=class com.someguyssoftware.dungeons2.block.CrownMoldingFacadeBlock$EnumShape, values=[straight, inner_left, inner_right, outer_left, outer_right]}
dungeons2:crown_molding_stonebrick: PropertyEnum{name=facing, clazz=class net.minecraft.util.EnumFacing, values=[down, up, north, south, west, east]}, PropertyEnum{name=shape, clazz=class com.someguyssoftware.dungeons2.block.CrownMoldingFacadeBlock$EnumShape, values=[straight, inner_left, inner_right, outer_left, outer_right]}
dungeons2:crown_molding_stonebrick_cracked: PropertyEnum{name=facing, clazz=class net.minecraft.util.EnumFacing, values=[down, up, north, south, west, east]}, PropertyEnum{name=shape, clazz=class com.someguyssoftware.dungeons2.block.CrownMoldingFacadeBlock$EnumShape, values=[straight, inner_left, inner_right, outer_left, outer_right]}
dungeons2:crown_molding_stonebrick_mossy: PropertyEnum{name=facing, clazz=class net.minecraft.util.EnumFacing, values=[down, up, north, south, west, east]}, PropertyEnum{name=shape, clazz=class com.someguyssoftware.dungeons2.block.CrownMoldingFacadeBlock$EnumShape, values=[straight, inner_left, inner_right, outer_left, outer_right]}
dungeons2:deferred_dungeon_generator: 
dungeons2:double_sill_cobblestone: PropertyEnum{name=facing, clazz=class net.minecraft.util.EnumFacing, values=[down, up, north, south, west, east]}
dungeons2:double_sill_cobblestone_mossy: PropertyEnum{name=facing, clazz=class net.minecraft.util.EnumFacing, values=[down, up, north, south, west, east]}
dungeons2:double_sill_obsidianbrick: PropertyEnum{name=facing, clazz=class net.minecraft.util.EnumFacing, values=[down, up, north, south, west, east]}
dungeons2:double_sill_sandstone: PropertyEnum{name=facing, clazz=class net.minecraft.util.EnumFacing, values=[down, up, north, south, west, east]}
dungeons2:double_sill_smooth_sandstone: PropertyEnum{name=facing, clazz=class net.minecraft.util.EnumFacing, values=[down, up, north, south, west, east]}
dungeons2:double_sill_stone: PropertyEnum{name=facing, clazz=class net.minecraft.util.EnumFacing, values=[down, up, north, south, west, east]}
dungeons2:double_sill_stonebrick: PropertyEnum{name=facing, clazz=class net.minecraft.util.EnumFacing, values=[down, up, north, south, west, east]}
dungeons2:double_sill_stonebrick_cracked: PropertyEnum{name=facing, clazz=class net.minecraft.util.EnumFacing, values=[down, up, north, south, west, east]}
dungeons2:double_sill_stonebrick_mossy: PropertyEnum{name=facing, clazz=class net.minecraft.util.EnumFacing, values=[down, up, north, south, west, east]}
dungeons2:flute_pillar_cobblestone: PropertyEnum{name=facing, clazz=class net.minecraft.util.EnumFacing, values=[down, up, north, south, west, east]}
dungeons2:flute_pillar_cobblestone_mossy: PropertyEnum{name=facing, clazz=class net.minecraft.util.EnumFacing, values=[down, up, north, south, west, east]}
dungeons2:flute_pillar_obsidianbrick: PropertyEnum{name=facing, clazz=class net.minecraft.util.EnumFacing, values=[down, up, north, south, west, east]}
dungeons2:flute_pillar_sandstone: PropertyEnum{name=facing, clazz=class net.minecraft.util.EnumFacing, values=[down, up, north, south, west, east]}
dungeons2:flute_pillar_smooth_sandstone: PropertyEnum{name=facing, clazz=class net.minecraft.util.EnumFacing, values=[down, up, north, south, west, east]}
dungeons2:flute_pillar_stone: PropertyEnum{name=facing, clazz=class net.minecraft.util.EnumFacing, values=[down, up, north, south, west, east]}
dungeons2:flute_pillar_stonebrick: PropertyEnum{name=facing, clazz=class net.minecraft.util.EnumFacing, values=[down, up, north, south, west, east]}
dungeons2:flute_pillar_stonebrick_cracked: PropertyEnum{name=facing, clazz=class net.minecraft.util.EnumFacing, values=[down, up, north, south, west, east]}
dungeons2:flute_pillar_stonebrick_mossy: PropertyEnum{name=facing, clazz=class net.minecraft.util.EnumFacing, values=[down, up, north, south, west, east]}
dungeons2:flute_thin_pillar_cobblestone: PropertyEnum{name=facing, clazz=class net.minecraft.util.EnumFacing, values=[down, up, north, south, west, east]}
dungeons2:flute_thin_pillar_cobblestone_mossy: PropertyEnum{name=facing, clazz=class net.minecraft.util.EnumFacing, values=[down, up, north, south, west, east]}
dungeons2:flute_thin_pillar_obsidianbrick: PropertyEnum{name=facing, clazz=class net.minecraft.util.EnumFacing, values=[down, up, north, south, west, east]}
dungeons2:flute_thin_pillar_sandstone: PropertyEnum{name=facing, clazz=class net.minecraft.util.EnumFacing, values=[down, up, north, south, west, east]}
dungeons2:flute_thin_pillar_smooth_sandstone: PropertyEnum{name=facing, clazz=class net.minecraft.util.EnumFacing, values=[down, up, north, south, west, east]}
dungeons2:flute_thin_pillar_stone: PropertyEnum{name=facing, clazz=class net.minecraft.util.EnumFacing, values=[down, up, north, south, west, east]}
dungeons2:flute_thin_pillar_stonebrick: PropertyEnum{name=facing, clazz=class net.minecraft.util.EnumFacing, values=[down, up, north, south, west, east]}
dungeons2:flute_thin_pillar_stonebrick_cracked: PropertyEnum{name=facing, clazz=class net.minecraft.util.EnumFacing, values=[down, up, north, south, west, east]}
dungeons2:flute_thin_pillar_stonebrick_mossy: PropertyEnum{name=facing, clazz=class net.minecraft.util.EnumFacing, values=[down, up, north, south, west, east]}
dungeons2:grate: PropertyEnum{name=base, clazz=class net.minecraft.util.EnumFacing, values=[down, up, north, south, west, east]}
dungeons2:half_pillar_base_cobblestone: PropertyEnum{name=base, clazz=class net.minecraft.util.EnumFacing, values=[down, up, north, south, west, east]}
dungeons2:half_pillar_base_cobblestone_mossy: PropertyEnum{name=base, clazz=class net.minecraft.util.EnumFacing, values=[down, up, north, south, west, east]}
dungeons2:half_pillar_base_obsidianbrick: PropertyEnum{name=base, clazz=class net.minecraft.util.EnumFacing, values=[down, up, north, south, west, east]}
dungeons2:half_pillar_base_sandstone: PropertyEnum{name=base, clazz=class net.minecraft.util.EnumFacing, values=[down, up, north, south, west, east]}
dungeons2:half_pillar_base_smooth_sandstone: PropertyEnum{name=base, clazz=class net.minecraft.util.EnumFacing, values=[down, up, north, south, west, east]}
dungeons2:half_pillar_base_stone: PropertyEnum{name=base, clazz=class net.minecraft.util.EnumFacing, values=[down, up, north, south, west, east]}
dungeons2:half_pillar_base_stonebrick: PropertyEnum{name=base, clazz=class net.minecraft.util.EnumFacing, values=[down, up, north, south, west, east]}
dungeons2:half_pillar_base_stonebrick_cracked: PropertyEnum{name=base, clazz=class net.minecraft.util.EnumFacing, values=[down, up, north, south, west, east]}
dungeons2:half_pillar_base_stonebrick_mossy: PropertyEnum{name=base, clazz=class net.minecraft.util.EnumFacing, values=[down, up, north, south, west, east]}
dungeons2:half_pillar_cobblestone: PropertyEnum{name=base, clazz=class net.minecraft.util.EnumFacing, values=[down, up, north, south, west, east]}
dungeons2:half_pillar_cobblestone_mossy: PropertyEnum{name=base, clazz=class net.minecraft.util.EnumFacing, values=[down, up, north, south, west, east]}
dungeons2:half_pillar_obsidianbrick: PropertyEnum{name=base, clazz=class net.minecraft.util.EnumFacing, values=[down, up, north, south, west, east]}
dungeons2:half_pillar_sandstone: PropertyEnum{name=base, clazz=class net.minecraft.util.EnumFacing, values=[down, up, north, south, west, east]}
dungeons2:half_pillar_smooth_sandstone: PropertyEnum{name=base, clazz=class net.minecraft.util.EnumFacing, values=[down, up, north, south, west, east]}
dungeons2:half_pillar_stone: PropertyEnum{name=base, clazz=class net.minecraft.util.EnumFacing, values=[down, up, north, south, west, east]}
dungeons2:half_pillar_stonebrick: PropertyEnum{name=base, clazz=class net.minecraft.util.EnumFacing, values=[down, up, north, south, west, east]}
dungeons2:half_pillar_stonebrick_cracked: PropertyEnum{name=base, clazz=class net.minecraft.util.EnumFacing, values=[down, up, north, south, west, east]}
dungeons2:half_pillar_stonebrick_mossy: PropertyEnum{name=base, clazz=class net.minecraft.util.EnumFacing, values=[down, up, north, south, west, east]}
dungeons2:quarter_facade_cobblestone: PropertyEnum{name=facing, clazz=class net.minecraft.util.EnumFacing, values=[down, up, north, south, west, east]}, PropertyEnum{name=shape, clazz=class com.someguyssoftware.dungeons2.block.BasicFacadeBlock$EnumShape, values=[straight, inner_left, inner_right, outer_left, outer_right]}
dungeons2:quarter_facade_cobblestone_mossy: PropertyEnum{name=facing, clazz=class net.minecraft.util.EnumFacing, values=[down, up, north, south, west, east]}, PropertyEnum{name=shape, clazz=class com.someguyssoftware.dungeons2.block.BasicFacadeBlock$EnumShape, values=[straight, inner_left, inner_right, outer_left, outer_right]}
dungeons2:quarter_facade_obsidianbrick: PropertyEnum{name=facing, clazz=class net.minecraft.util.EnumFacing, values=[down, up, north, south, west, east]}, PropertyEnum{name=shape, clazz=class com.someguyssoftware.dungeons2.block.BasicFacadeBlock$EnumShape, values=[straight, inner_left, inner_right, outer_left, outer_right]}
dungeons2:quarter_facade_sandstone: PropertyEnum{name=facing, clazz=class net.minecraft.util.EnumFacing, values=[down, up, north, south, west, east]}, PropertyEnum{name=shape, clazz=class com.someguyssoftware.dungeons2.block.BasicFacadeBlock$EnumShape, values=[straight, inner_left, inner_right, outer_left, outer_right]}
dungeons2:quarter_facade_smooth_sandstone: PropertyEnum{name=facing, clazz=class net.minecraft.util.EnumFacing, values=[down, up, north, south, west, east]}, PropertyEnum{name=shape, clazz=class com.someguyssoftware.dungeons2.block.BasicFacadeBlock$EnumShape, values=[straight, inner_left, inner_right, outer_left, outer_right]}
dungeons2:quarter_facade_stone: PropertyEnum{name=facing, clazz=class net.minecraft.util.EnumFacing, values=[down, up, north, south, west, east]}, PropertyEnum{name=shape, clazz=class com.someguyssoftware.dungeons2.block.BasicFacadeBlock$EnumShape, values=[straight, inner_left, inner_right, outer_left, outer_right]}
dungeons2:quarter_facade_stonebrick: PropertyEnum{name=facing, clazz=class net.minecraft.util.EnumFacing, values=[down, up, north, south, west, east]}, PropertyEnum{name=shape, clazz=class com.someguyssoftware.dungeons2.block.BasicFacadeBlock$EnumShape, values=[straight, inner_left, inner_right, outer_left, outer_right]}
dungeons2:quarter_facade_stonebrick_chiseled: PropertyEnum{name=facing, clazz=class net.minecraft.util.EnumFacing, values=[down, up, north, south, west, east]}, PropertyEnum{name=shape, clazz=class com.someguyssoftware.dungeons2.block.BasicFacadeBlock$EnumShape, values=[straight, inner_left, inner_right, outer_left, outer_right]}
dungeons2:quarter_facade_stonebrick_cracked: PropertyEnum{name=facing, clazz=class net.minecraft.util.EnumFacing, values=[down, up, north, south, west, east]}, PropertyEnum{name=shape, clazz=class com.someguyssoftware.dungeons2.block.BasicFacadeBlock$EnumShape, values=[straight, inner_left, inner_right, outer_left, outer_right]}
dungeons2:quarter_facade_stonebrick_mossy: PropertyEnum{name=facing, clazz=class net.minecraft.util.EnumFacing, values=[down, up, north, south, west, east]}, PropertyEnum{name=shape, clazz=class com.someguyssoftware.dungeons2.block.BasicFacadeBlock$EnumShape, values=[straight, inner_left, inner_right, outer_left, outer_right]}
dungeons2:sandstone_gravel: 
dungeons2:seven_eights_pillar_cobblestone: PropertyEnum{name=facing, clazz=class net.minecraft.util.EnumFacing, values=[down, up, north, south, west, east]}
dungeons2:seven_eights_pillar_cobblestone_mossy: PropertyEnum{name=facing, clazz=class net.minecraft.util.EnumFacing, values=[down, up, north, south, west, east]}
dungeons2:seven_eights_pillar_obsidianbrick: PropertyEnum{name=facing, clazz=class net.minecraft.util.EnumFacing, values=[down, up, north, south, west, east]}
dungeons2:seven_eights_pillar_sandstone: PropertyEnum{name=facing, clazz=class net.minecraft.util.EnumFacing, values=[down, up, north, south, west, east]}
dungeons2:seven_eights_pillar_smooth_sandstone: PropertyEnum{name=facing, clazz=class net.minecraft.util.EnumFacing, values=[down, up, north, south, west, east]}
dungeons2:seven_eights_pillar_stone: PropertyEnum{name=facing, clazz=class net.minecraft.util.EnumFacing, values=[down, up, north, south, west, east]}
dungeons2:seven_eights_pillar_stonebrick: PropertyEnum{name=facing, clazz=class net.minecraft.util.EnumFacing, values=[down, up, north, south, west, east]}
dungeons2:seven_eights_pillar_stonebrick_cracked: PropertyEnum{name=facing, clazz=class net.minecraft.util.EnumFacing, values=[down, up, north, south, west, east]}
dungeons2:seven_eights_pillar_stonebrick_mossy: PropertyEnum{name=facing, clazz=class net.minecraft.util.EnumFacing, values=[down, up, north, south, west, east]}
dungeons2:sill_cobblestone: PropertyEnum{name=facing, clazz=class net.minecraft.util.EnumFacing, values=[down, up, north, south, west, east]}
dungeons2:sill_cobblestone_mossy: PropertyEnum{name=facing, clazz=class net.minecraft.util.EnumFacing, values=[down, up, north, south, west, east]}
dungeons2:sill_obsidianbrick: PropertyEnum{name=facing, clazz=class net.minecraft.util.EnumFacing, values=[down, up, north, south, west, east]}
dungeons2:sill_sandstone: PropertyEnum{name=facing, clazz=class net.minecraft.util.EnumFacing, values=[down, up, north, south, west, east]}
dungeons2:sill_smooth_sandstone: PropertyEnum{name=facing, clazz=class net.minecraft.util.EnumFacing, values=[down, up, north, south, west, east]}
dungeons2:sill_stone: PropertyEnum{name=facing, clazz=class net.minecraft.util.EnumFacing, values=[down, up, north, south, west, east]}
dungeons2:sill_stonebrick: PropertyEnum{name=facing, clazz=class net.minecraft.util.EnumFacing, values=[down, up, north, south, west, east]}
dungeons2:sill_stonebrick_cracked: PropertyEnum{name=facing, clazz=class net.minecraft.util.EnumFacing, values=[down, up, north, south, west, east]}
dungeons2:sill_stonebrick_mossy: PropertyEnum{name=facing, clazz=class net.minecraft.util.EnumFacing, values=[down, up, north, south, west, east]}
dungeons2:tee_pillar_cobblestone: PropertyEnum{name=facing, clazz=class net.minecraft.util.EnumFacing, values=[down, up, north, south, west, east]}
dungeons2:tee_pillar_cobblestone_mossy: PropertyEnum{name=facing, clazz=class net.minecraft.util.EnumFacing, values=[down, up, north, south, west, east]}
dungeons2:tee_pillar_obsidianbrick: PropertyEnum{name=facing, clazz=class net.minecraft.util.EnumFacing, values=[down, up, north, south, west, east]}
dungeons2:tee_pillar_sandstone: PropertyEnum{name=facing, clazz=class net.minecraft.util.EnumFacing, values=[down, up, north, south, west, east]}
dungeons2:tee_pillar_smooth_sandstone: PropertyEnum{name=facing, clazz=class net.minecraft.util.EnumFacing, values=[down, up, north, south, west, east]}
dungeons2:tee_pillar_stone: PropertyEnum{name=facing, clazz=class net.minecraft.util.EnumFacing, values=[down, up, north, south, west, east]}
dungeons2:tee_pillar_stonebrick: PropertyEnum{name=facing, clazz=class net.minecraft.util.EnumFacing, values=[down, up, north, south, west, east]}
dungeons2:tee_pillar_stonebrick_cracked: PropertyEnum{name=facing, clazz=class net.minecraft.util.EnumFacing, values=[down, up, north, south, west, east]}
dungeons2:tee_pillar_stonebrick_mossy: PropertyEnum{name=facing, clazz=class net.minecraft.util.EnumFacing, values=[down, up, north, south, west, east]}
dungeons2:tee_thin_pillar_cobblestone: PropertyEnum{name=facing, clazz=class net.minecraft.util.EnumFacing, values=[down, up, north, south, west, east]}
dungeons2:tee_thin_pillar_cobblestone_mossy: PropertyEnum{name=facing, clazz=class net.minecraft.util.EnumFacing, values=[down, up, north, south, west, east]}
dungeons2:tee_thin_pillar_obsidianbrick: PropertyEnum{name=facing, clazz=class net.minecraft.util.EnumFacing, values=[down, up, north, south, west, east]}
dungeons2:tee_thin_pillar_sandstone: PropertyEnum{name=facing, clazz=class net.minecraft.util.EnumFacing, values=[down, up, north, south, west, east]}
dungeons2:tee_thin_pillar_smooth_sandstone: PropertyEnum{name=facing, clazz=class net.minecraft.util.EnumFacing, values=[down, up, north, south, west, east]}
dungeons2:tee_thin_pillar_stone: PropertyEnum{name=facing, clazz=class net.minecraft.util.EnumFacing, values=[down, up, north, south, west, east]}
dungeons2:tee_thin_pillar_stonebrick: PropertyEnum{name=facing, clazz=class net.minecraft.util.EnumFacing, values=[down, up, north, south, west, east]}
dungeons2:tee_thin_pillar_stonebrick_cracked: PropertyEnum{name=facing, clazz=class net.minecraft.util.EnumFacing, values=[down, up, north, south, west, east]}
dungeons2:tee_thin_pillar_stonebrick_mossy: PropertyEnum{name=facing, clazz=class net.minecraft.util.EnumFacing, values=[down, up, north, south, west, east]}
dungeons2:wall_sconce_cobblestone: PropertyEnum{name=facing, clazz=class net.minecraft.util.EnumFacing, values=[down, up, north, south, west, east]}
dungeons2:wall_sconce_cobblestone_mossy: PropertyEnum{name=facing, clazz=class net.minecraft.util.EnumFacing, values=[down, up, north, south, west, east]}
dungeons2:wall_sconce_obsidianbrick: PropertyEnum{name=facing, clazz=class net.minecraft.util.EnumFacing, values=[down, up, north, south, west, east]}
dungeons2:wall_sconce_sandstone: PropertyEnum{name=facing, clazz=class net.minecraft.util.EnumFacing, values=[down, up, north, south, west, east]}
dungeons2:wall_sconce_smooth_sandstone: PropertyEnum{name=facing, clazz=class net.minecraft.util.EnumFacing, values=[down, up, north, south, west, east]}
dungeons2:wall_sconce_stone: PropertyEnum{name=facing, clazz=class net.minecraft.util.EnumFacing, values=[down, up, north, south, west, east]}
dungeons2:wall_sconce_stonebrick: PropertyEnum{name=facing, clazz=class net.minecraft.util.EnumFacing, values=[down, up, north, south, west, east]}
dungeons2:wall_sconce_stonebrick_cracked: PropertyEnum{name=facing, clazz=class net.minecraft.util.EnumFacing, values=[down, up, north, south, west, east]}
dungeons2:wall_sconce_stonebrick_mossy: PropertyEnum{name=facing, clazz=class net.minecraft.util.EnumFacing, values=[down, up, north, south, west, east]}
ebwizardry:acacia_bookshelf: PropertyDirection{name=facing, clazz=class net.minecraft.util.EnumFacing, values=[north, south, west, east]}
ebwizardry:acacia_lectern: PropertyDirection{name=facing, clazz=class net.minecraft.util.EnumFacing, values=[north, south, west, east]}
ebwizardry:arcane_workbench: 
ebwizardry:birch_bookshelf: PropertyDirection{name=facing, clazz=class net.minecraft.util.EnumFacing, values=[north, south, west, east]}
ebwizardry:birch_lectern: PropertyDirection{name=facing, clazz=class net.minecraft.util.EnumFacing, values=[north, south, west, east]}
ebwizardry:crystal_block: PropertyEnum{name=element, clazz=class electroblob.wizardry.constants.Element, values=[MAGIC, FIRE, ICE, LIGHTNING, NECROMANCY, EARTH, SORCERY, HEALING]}
ebwizardry:crystal_flower: 
ebwizardry:crystal_flower_pot: 
ebwizardry:crystal_ore: 
ebwizardry:dark_oak_bookshelf: PropertyDirection{name=facing, clazz=class net.minecraft.util.EnumFacing, values=[north, south, west, east]}
ebwizardry:dark_oak_lectern: PropertyDirection{name=facing, clazz=class net.minecraft.util.EnumFacing, values=[north, south, west, east]}
ebwizardry:dry_frosted_ice: PropertyInteger{name=age, clazz=class java.lang.Integer, values=[0, 1, 2, 3]}
ebwizardry:gilded_wood: PropertyEnum{name=variant, clazz=class net.minecraft.block.BlockPlanks$EnumType, values=[oak, spruce, birch, jungle, acacia, dark_oak]}
ebwizardry:ice_statue: 
ebwizardry:imbuement_altar: PropertyBool{name=active, clazz=class java.lang.Boolean, values=[true, false]}
ebwizardry:jungle_bookshelf: PropertyDirection{name=facing, clazz=class net.minecraft.util.EnumFacing, values=[north, south, west, east]}
ebwizardry:jungle_lectern: PropertyDirection{name=facing, clazz=class net.minecraft.util.EnumFacing, values=[north, south, west, east]}
ebwizardry:magic_light: 
ebwizardry:meteor: 
ebwizardry:oak_bookshelf: PropertyDirection{name=facing, clazz=class net.minecraft.util.EnumFacing, values=[north, south, west, east]}
ebwizardry:oak_lectern: PropertyDirection{name=facing, clazz=class net.minecraft.util.EnumFacing, values=[north, south, west, east]}
ebwizardry:obsidian_crust: PropertyInteger{name=age, clazz=class java.lang.Integer, values=[0, 1, 2, 3]}
ebwizardry:permafrost: PropertyInteger{name=age, clazz=class java.lang.Integer, values=[0, 1, 2, 3]}
ebwizardry:petrified_stone: 
ebwizardry:receptacle: PropertyDirection{name=facing, clazz=class net.minecraft.util.EnumFacing, values=[up, north, south, west, east]}
ebwizardry:runestone: PropertyEnum{name=element, clazz=class electroblob.wizardry.constants.Element, values=[FIRE, ICE, LIGHTNING, NECROMANCY, EARTH, SORCERY, HEALING]}
ebwizardry:runestone_pedestal: PropertyEnum{name=element, clazz=class electroblob.wizardry.constants.Element, values=[FIRE, ICE, LIGHTNING, NECROMANCY, EARTH, SORCERY, HEALING]}, PropertyBool{name=natural, clazz=class java.lang.Boolean, values=[true, false]}
ebwizardry:snare: 
ebwizardry:spectral_block: 
ebwizardry:spruce_bookshelf: PropertyDirection{name=facing, clazz=class net.minecraft.util.EnumFacing, values=[north, south, west, east]}
ebwizardry:spruce_lectern: PropertyDirection{name=facing, clazz=class net.minecraft.util.EnumFacing, values=[north, south, west, east]}
ebwizardry:thorns: PropertyInteger{name=age, clazz=class java.lang.Integer, values=[0, 1, 2, 3, 4, 5, 6, 7]}, PropertyEnum{name=half, clazz=class net.minecraft.block.BlockDoublePlant$EnumBlockHalf, values=[upper, lower]}
ebwizardry:transportation_stone: 
ebwizardry:vanishing_cobweb: 
ee:amber_ore: 
ee:amber_torch: PropertyDirection{name=facing, clazz=class net.minecraft.util.EnumFacing, values=[up, north, south, west, east]}
ee:ash_brick: 
ee:ash_brick_double: PropertyEnum{name=variant, clazz=class com.example.structure.blocks.slab.BlockSlabBase$Variant, values=[DEFAULT]}
ee:ash_brick_half: PropertyEnum{name=half, clazz=class net.minecraft.block.BlockSlab$EnumBlockHalf, values=[top, bottom]}, PropertyEnum{name=variant, clazz=class com.example.structure.blocks.slab.BlockSlabBase$Variant, values=[DEFAULT]}
ee:ash_brick_pillar: PropertyEnum{name=axis, clazz=class net.minecraft.util.EnumFacing$Axis, values=[x, y, z]}
ee:ash_brick_stairs: PropertyDirection{name=facing, clazz=class net.minecraft.util.EnumFacing, values=[north, south, west, east]}, PropertyEnum{name=half, clazz=class net.minecraft.block.BlockStairs$EnumHalf, values=[top, bottom]}, PropertyEnum{name=shape, clazz=class net.minecraft.block.BlockStairs$EnumShape, values=[straight, inner_left, inner_right, outer_left, outer_right]}
ee:ash_brick_wall: PropertyBool{name=east, clazz=class java.lang.Boolean, values=[true, false]}, PropertyBool{name=north, clazz=class java.lang.Boolean, values=[true, false]}, PropertyBool{name=south, clazz=class java.lang.Boolean, values=[true, false]}, PropertyBool{name=up, clazz=class java.lang.Boolean, values=[true, false]}, PropertyEnum{name=variant, clazz=class net.minecraft.block.BlockWall$EnumType, values=[cobblestone, mossy_cobblestone]}, PropertyBool{name=west, clazz=class java.lang.Boolean, values=[true, false]}
ee:ash_chisle: 
ee:ash_chute: PropertyDirection{name=facing, clazz=class net.minecraft.util.EnumFacing, values=[down, up, north, south, west, east]}
ee:ash_door: 
ee:ash_key_block: 
ee:ash_skull: 
ee:ash_spawner: 
ee:ash_trap_floor: 
ee:bare_acid: PropertyInteger{name=level, clazz=class java.lang.Integer, values=[0, 1, 2, 3, 4, 5, 6, 7, 8, 9, 10, 11, 12, 13, 14, 15]}
ee:bare_bark: PropertyEnum{name=axis, clazz=class net.minecraft.block.BlockLog$EnumAxis, values=[x, y, z, none]}
ee:bare_bark_hole: PropertyEnum{name=axis, clazz=class net.minecraft.block.BlockLog$EnumAxis, values=[x, y, z, none]}
ee:bare_bricks: 
ee:bare_bricks_crack: 
ee:bare_bricks_hole: 
ee:bare_door: 
ee:bare_door_connect: 
ee:bare_grass: 
ee:bare_leaves: PropertyBool{name=check_decay, clazz=class java.lang.Boolean, values=[true, false]}, PropertyBool{name=decayable, clazz=class java.lang.Boolean, values=[true, false]}
ee:bare_planks: 
ee:bare_planks_double: PropertyEnum{name=variant, clazz=class com.example.structure.blocks.slab.BlockSlabBase$Variant, values=[DEFAULT]}
ee:bare_planks_half: PropertyEnum{name=half, clazz=class net.minecraft.block.BlockSlab$EnumBlockHalf, values=[top, bottom]}, PropertyEnum{name=variant, clazz=class com.example.structure.blocks.slab.BlockSlabBase$Variant, values=[DEFAULT]}
ee:bare_planks_stairs: PropertyDirection{name=facing, clazz=class net.minecraft.util.EnumFacing, values=[north, south, west, east]}, PropertyEnum{name=half, clazz=class net.minecraft.block.BlockStairs$EnumHalf, values=[top, bottom]}, PropertyEnum{name=shape, clazz=class net.minecraft.block.BlockStairs$EnumShape, values=[straight, inner_left, inner_right, outer_left, outer_right]}
ee:bare_plant: 
ee:bare_sand: 
ee:bare_small_pot: 
ee:bare_stairs: PropertyDirection{name=facing, clazz=class net.minecraft.util.EnumFacing, values=[north, south, west, east]}, PropertyEnum{name=half, clazz=class net.minecraft.block.BlockStairs$EnumHalf, values=[top, bottom]}, PropertyEnum{name=shape, clazz=class net.minecraft.block.BlockStairs$EnumShape, values=[straight, inner_left, inner_right, outer_left, outer_right]}
ee:bare_stone: 
ee:bare_stone_cobble: 
ee:bare_stone_double: PropertyEnum{name=variant, clazz=class com.example.structure.blocks.slab.BlockSlabBase$Variant, values=[DEFAULT]}
ee:bare_stone_half: PropertyEnum{name=half, clazz=class net.minecraft.block.BlockSlab$EnumBlockHalf, values=[top, bottom]}, PropertyEnum{name=variant, clazz=class com.example.structure.blocks.slab.BlockSlabBase$Variant, values=[DEFAULT]}
ee:bare_stone_smooth: 
ee:bare_stone_wall: PropertyBool{name=east, clazz=class java.lang.Boolean, values=[true, false]}, PropertyBool{name=north, clazz=class java.lang.Boolean, values=[true, false]}, PropertyBool{name=south, clazz=class java.lang.Boolean, values=[true, false]}, PropertyBool{name=up, clazz=class java.lang.Boolean, values=[true, false]}, PropertyEnum{name=variant, clazz=class net.minecraft.block.BlockWall$EnumType, values=[cobblestone, mossy_cobblestone]}, PropertyBool{name=west, clazz=class java.lang.Boolean, values=[true, false]}
ee:bare_vine: PropertyBool{name=can_grow, clazz=class java.lang.Boolean, values=[true, false]}, PropertyBool{name=is_bottom, clazz=class java.lang.Boolean, values=[true, false]}, PropertyBool{name=is_top, clazz=class java.lang.Boolean, values=[true, false]}
ee:bark_hole_filled: PropertyEnum{name=axis, clazz=class net.minecraft.block.BlockLog$EnumAxis, values=[x, y, z, none]}
ee:brown_brick: 
ee:brown_smooth: 
ee:brown_stone: 
ee:compulsor: PropertyDirection{name=facing, clazz=class net.minecraft.util.EnumFacing, values=[down, up, north, south, west, east]}, PropertyBool{name=triggered, clazz=class java.lang.Boolean, values=[true, false]}
ee:disappearing_spawner: 
ee:door_on: 
ee:end_ash: 
ee:end_barrier: 
ee:end_brick_double: PropertyEnum{name=variant, clazz=class com.example.structure.blocks.slab.BlockSlabBase$Variant, values=[DEFAULT]}
ee:end_brick_half: PropertyEnum{name=half, clazz=class net.minecraft.block.BlockSlab$EnumBlockHalf, values=[top, bottom]}, PropertyEnum{name=variant, clazz=class com.example.structure.blocks.slab.BlockSlabBase$Variant, values=[DEFAULT]}
ee:end_door: PropertyDirection{name=facing, clazz=class net.minecraft.util.EnumFacing, values=[down, up, north, south, west, east]}, PropertyBool{name=triggered, clazz=class java.lang.Boolean, values=[true, false]}
ee:end_h_plant: 
ee:end_pillar: 
ee:end_stone_stairs: PropertyDirection{name=facing, clazz=class net.minecraft.util.EnumFacing, values=[north, south, west, east]}, PropertyEnum{name=half, clazz=class net.minecraft.block.BlockStairs$EnumHalf, values=[top, bottom]}, PropertyEnum{name=shape, clazz=class net.minecraft.block.BlockStairs$EnumShape, values=[straight, inner_left, inner_right, outer_left, outer_right]}
ee:end_stone_wall: PropertyBool{name=east, clazz=class java.lang.Boolean, values=[true, false]}, PropertyBool{name=north, clazz=class java.lang.Boolean, values=[true, false]}, PropertyBool{name=south, clazz=class java.lang.Boolean, values=[true, false]}, PropertyBool{name=up, clazz=class java.lang.Boolean, values=[true, false]}, PropertyEnum{name=variant, clazz=class net.minecraft.block.BlockWall$EnumType, values=[cobblestone, mossy_cobblestone]}, PropertyBool{name=west, clazz=class java.lang.Boolean, values=[true, false]}
ee:eye_stone: 
ee:eye_stone_lit: 
ee:eyed_obi: 
ee:green_crystal: 
ee:green_crystal_top: 
ee:key_block: 
ee:lamented_end_stone: 
ee:lighting_updater: 
ee:mega_structure_block: PropertyEnum{name=mode, clazz=class net.minecraft.tileentity.TileEntityStructure$Mode, values=[SAVE, LOAD, CORNER, DATA]}
ee:mini_nuke: PropertyBool{name=explode, clazz=class java.lang.Boolean, values=[true, false]}
ee:obi_health: 
ee:purple_crystal: 
ee:purple_crystal_top: 
ee:red_crystal: 
ee:red_crystal_top: 
ee:red_lamp: 
ee:reverse_off: 
ee:reverse_on: 
ee:smooth_obi: 
ee:source_off: 
ee:source_on: 
ee:sprout_plant: 
ee:sprout_stone: 
ee:sprout_vine: PropertyBool{name=can_grow, clazz=class java.lang.Boolean, values=[true, false]}, PropertyBool{name=is_bottom, clazz=class java.lang.Boolean, values=[true, false]}, PropertyBool{name=is_top, clazz=class java.lang.Boolean, values=[true, false]}
ee:stone_brick_wall: PropertyBool{name=east, clazz=class java.lang.Boolean, values=[true, false]}, PropertyBool{name=north, clazz=class java.lang.Boolean, values=[true, false]}, PropertyBool{name=south, clazz=class java.lang.Boolean, values=[true, false]}, PropertyBool{name=up, clazz=class java.lang.Boolean, values=[true, false]}, PropertyEnum{name=variant, clazz=class net.minecraft.block.BlockWall$EnumType, values=[cobblestone, mossy_cobblestone]}, PropertyBool{name=west, clazz=class java.lang.Boolean, values=[true, false]}
ee:unending_arena: PropertyEnum{name=state, clazz=class com.example.structure.blocks.arenaBlocks.BlockEnumArenaStates, values=[INACTIVE, ACTIVE, EJECTING]}
eerieentities:pumpkin_creeper: PropertyDirection{name=facing, clazz=class net.minecraft.util.EnumFacing, values=[north, south, west, east]}
eerieentities:pumpkin_cyclops: PropertyDirection{name=facing, clazz=class net.minecraft.util.EnumFacing, values=[north, south, west, east]}
eerieentities:pumpkin_lit_creeper: PropertyDirection{name=facing, clazz=class net.minecraft.util.EnumFacing, values=[north, south, west, east]}
eerieentities:pumpkin_lit_cyclops: PropertyDirection{name=facing, clazz=class net.minecraft.util.EnumFacing, values=[north, south, west, east]}
eerieentities:pumpkin_lit_owo: PropertyDirection{name=facing, clazz=class net.minecraft.util.EnumFacing, values=[north, south, west, east]}
eerieentities:pumpkin_lit_rawr: PropertyDirection{name=facing, clazz=class net.minecraft.util.EnumFacing, values=[north, south, west, east]}
eerieentities:pumpkin_lit_surprised: PropertyDirection{name=facing, clazz=class net.minecraft.util.EnumFacing, values=[north, south, west, east]}
eerieentities:pumpkin_owo: PropertyDirection{name=facing, clazz=class net.minecraft.util.EnumFacing, values=[north, south, west, east]}
eerieentities:pumpkin_rawr: PropertyDirection{name=facing, clazz=class net.minecraft.util.EnumFacing, values=[north, south, west, east]}
eerieentities:pumpkin_surprised: PropertyDirection{name=facing, clazz=class net.minecraft.util.EnumFacing, values=[north, south, west, east]}
environs:coarse_dried_dirt: 
environs:coarse_end_dirt: 
environs:coarse_frozen_dirt: 
environs:cyan_mushroom: 
environs:cyan_mushroom_block: 
environs:cyan_mushroom_stem: 
environs:cypress_bark: PropertyDirection{name=facing, clazz=class net.minecraft.util.EnumFacing, values=[down, up, north, south, west, east]}
environs:cypress_door: PropertyDirection{name=facing, clazz=class net.minecraft.util.EnumFacing, values=[north, south, west, east]}, PropertyEnum{name=half, clazz=class net.minecraft.block.BlockDoor$EnumDoorHalf, values=[upper, lower]}, PropertyEnum{name=hinge, clazz=class net.minecraft.block.BlockDoor$EnumHingePosition, values=[left, right]}, PropertyBool{name=open, clazz=class java.lang.Boolean, values=[true, false]}, PropertyBool{name=powered, clazz=class java.lang.Boolean, values=[true, false]}
environs:cypress_fence: PropertyBool{name=east, clazz=class java.lang.Boolean, values=[true, false]}, PropertyBool{name=north, clazz=class java.lang.Boolean, values=[true, false]}, PropertyBool{name=south, clazz=class java.lang.Boolean, values=[true, false]}, PropertyBool{name=west, clazz=class java.lang.Boolean, values=[true, false]}
environs:cypress_fence_gate: PropertyDirection{name=facing, clazz=class net.minecraft.util.EnumFacing, values=[north, south, west, east]}, PropertyBool{name=in_wall, clazz=class java.lang.Boolean, values=[true, false]}, PropertyBool{name=open, clazz=class java.lang.Boolean, values=[true, false]}, PropertyBool{name=powered, clazz=class java.lang.Boolean, values=[true, false]}
environs:cypress_leaves: PropertyBool{name=check_decay, clazz=class java.lang.Boolean, values=[true, false]}, PropertyBool{name=decayable, clazz=class java.lang.Boolean, values=[true, false]}
environs:cypress_log: PropertyEnum{name=axis, clazz=class net.minecraft.block.BlockLog$EnumAxis, values=[x, y, z, none]}
environs:cypress_planks: 
environs:cypress_sapling: PropertyInteger{name=stage, clazz=class java.lang.Integer, values=[0, 1]}
environs:cypress_slab: PropertyEnum{name=half, clazz=class net.minecraft.block.BlockSlab$EnumBlockHalf, values=[top, bottom]}, PropertyEnum{name=variant, clazz=class rollingthunder.environs.blocks.blocks.BlockCypressSlab$Variant, values=[DEFAULT]}
environs:cypress_slab_double: PropertyEnum{name=variant, clazz=class rollingthunder.environs.blocks.blocks.BlockCypressSlab$Variant, values=[DEFAULT]}
environs:cypress_stairs: PropertyDirection{name=facing, clazz=class net.minecraft.util.EnumFacing, values=[north, south, west, east]}, PropertyEnum{name=half, clazz=class net.minecraft.block.BlockStairs$EnumHalf, values=[top, bottom]}, PropertyEnum{name=shape, clazz=class net.minecraft.block.BlockStairs$EnumShape, values=[straight, inner_left, inner_right, outer_left, outer_right]}
environs:dried_cobblestone: 
environs:dried_cobblestone_slab: PropertyEnum{name=half, clazz=class net.minecraft.block.BlockSlab$EnumBlockHalf, values=[top, bottom]}, PropertyEnum{name=variant, clazz=class rollingthunder.environs.blocks.blocks.BlockDriedCobbleSlab$Variant, values=[DEFAULT]}
environs:dried_cobblestone_slab_double: PropertyEnum{name=variant, clazz=class rollingthunder.environs.blocks.blocks.BlockDriedCobbleSlab$Variant, values=[DEFAULT]}
environs:dried_cobblestone_stairs: PropertyDirection{name=facing, clazz=class net.minecraft.util.EnumFacing, values=[north, south, west, east]}, PropertyEnum{name=half, clazz=class net.minecraft.block.BlockStairs$EnumHalf, values=[top, bottom]}, PropertyEnum{name=shape, clazz=class net.minecraft.block.BlockStairs$EnumShape, values=[straight, inner_left, inner_right, outer_left, outer_right]}
environs:dried_dirt: 
environs:dried_meteorite: 
environs:dried_stone: 
environs:dried_stone_slab: PropertyEnum{name=half, clazz=class net.minecraft.block.BlockSlab$EnumBlockHalf, values=[top, bottom]}, PropertyEnum{name=variant, clazz=class rollingthunder.environs.blocks.blocks.BlockDriedStoneSlab$Variant, values=[DEFAULT]}
environs:dried_stone_slab_double: PropertyEnum{name=variant, clazz=class rollingthunder.environs.blocks.blocks.BlockDriedStoneSlab$Variant, values=[DEFAULT]}
environs:dried_stone_stairs: PropertyDirection{name=facing, clazz=class net.minecraft.util.EnumFacing, values=[north, south, west, east]}, PropertyEnum{name=half, clazz=class net.minecraft.block.BlockStairs$EnumHalf, values=[top, bottom]}, PropertyEnum{name=shape, clazz=class net.minecraft.block.BlockStairs$EnumShape, values=[straight, inner_left, inner_right, outer_left, outer_right]}
environs:end_bark: PropertyDirection{name=facing, clazz=class net.minecraft.util.EnumFacing, values=[down, up, north, south, west, east]}
environs:end_dirt: 
environs:end_door: PropertyDirection{name=facing, clazz=class net.minecraft.util.EnumFacing, values=[north, south, west, east]}, PropertyEnum{name=half, clazz=class net.minecraft.block.BlockDoor$EnumDoorHalf, values=[upper, lower]}, PropertyEnum{name=hinge, clazz=class net.minecraft.block.BlockDoor$EnumHingePosition, values=[left, right]}, PropertyBool{name=open, clazz=class java.lang.Boolean, values=[true, false]}, PropertyBool{name=powered, clazz=class java.lang.Boolean, values=[true, false]}
environs:end_farmland: PropertyInteger{name=moisture, clazz=class java.lang.Integer, values=[0, 1, 2, 3, 4, 5, 6, 7]}
environs:end_fence: PropertyBool{name=east, clazz=class java.lang.Boolean, values=[true, false]}, PropertyBool{name=north, clazz=class java.lang.Boolean, values=[true, false]}, PropertyBool{name=south, clazz=class java.lang.Boolean, values=[true, false]}, PropertyBool{name=west, clazz=class java.lang.Boolean, values=[true, false]}
environs:end_fence_gate: PropertyDirection{name=facing, clazz=class net.minecraft.util.EnumFacing, values=[north, south, west, east]}, PropertyBool{name=in_wall, clazz=class java.lang.Boolean, values=[true, false]}, PropertyBool{name=open, clazz=class java.lang.Boolean, values=[true, false]}, PropertyBool{name=powered, clazz=class java.lang.Boolean, values=[true, false]}
environs:end_grass: PropertyBool{name=snowy, clazz=class java.lang.Boolean, values=[true, false]}
environs:end_grass_path: 
environs:end_leaves: PropertyBool{name=check_decay, clazz=class java.lang.Boolean, values=[true, false]}, PropertyBool{name=decayable, clazz=class java.lang.Boolean, values=[true, false]}
environs:end_log: PropertyEnum{name=axis, clazz=class net.minecraft.block.BlockLog$EnumAxis, values=[x, y, z, none]}
environs:end_planks: 
environs:end_sapling: PropertyInteger{name=stage, clazz=class java.lang.Integer, values=[0, 1]}
environs:end_slab: PropertyEnum{name=half, clazz=class net.minecraft.block.BlockSlab$EnumBlockHalf, values=[top, bottom]}, PropertyEnum{name=variant, clazz=class rollingthunder.environs.blocks.blocks.BlockEndSlab$Variant, values=[DEFAULT]}
environs:end_slab_double: PropertyEnum{name=variant, clazz=class rollingthunder.environs.blocks.blocks.BlockEndSlab$Variant, values=[DEFAULT]}
environs:end_stairs: PropertyDirection{name=facing, clazz=class net.minecraft.util.EnumFacing, values=[north, south, west, east]}, PropertyEnum{name=half, clazz=class net.minecraft.block.BlockStairs$EnumHalf, values=[top, bottom]}, PropertyEnum{name=shape, clazz=class net.minecraft.block.BlockStairs$EnumShape, values=[straight, inner_left, inner_right, outer_left, outer_right]}
environs:eucalyptus_bark: PropertyDirection{name=facing, clazz=class net.minecraft.util.EnumFacing, values=[down, up, north, south, west, east]}
environs:eucalyptus_door: PropertyDirection{name=facing, clazz=class net.minecraft.util.EnumFacing, values=[north, south, west, east]}, PropertyEnum{name=half, clazz=class net.minecraft.block.BlockDoor$EnumDoorHalf, values=[upper, lower]}, PropertyEnum{name=hinge, clazz=class net.minecraft.block.BlockDoor$EnumHingePosition, values=[left, right]}, PropertyBool{name=open, clazz=class java.lang.Boolean, values=[true, false]}, PropertyBool{name=powered, clazz=class java.lang.Boolean, values=[true, false]}
environs:eucalyptus_fence: PropertyBool{name=east, clazz=class java.lang.Boolean, values=[true, false]}, PropertyBool{name=north, clazz=class java.lang.Boolean, values=[true, false]}, PropertyBool{name=south, clazz=class java.lang.Boolean, values=[true, false]}, PropertyBool{name=west, clazz=class java.lang.Boolean, values=[true, false]}
environs:eucalyptus_fence_gate: PropertyDirection{name=facing, clazz=class net.minecraft.util.EnumFacing, values=[north, south, west, east]}, PropertyBool{name=in_wall, clazz=class java.lang.Boolean, values=[true, false]}, PropertyBool{name=open, clazz=class java.lang.Boolean, values=[true, false]}, PropertyBool{name=powered, clazz=class java.lang.Boolean, values=[true, false]}
environs:eucalyptus_leaves: PropertyBool{name=check_decay, clazz=class java.lang.Boolean, values=[true, false]}, PropertyBool{name=decayable, clazz=class java.lang.Boolean, values=[true, false]}
environs:eucalyptus_log: PropertyEnum{name=axis, clazz=class net.minecraft.block.BlockLog$EnumAxis, values=[x, y, z, none]}
environs:eucalyptus_planks: 
environs:eucalyptus_sapling: PropertyInteger{name=stage, clazz=class java.lang.Integer, values=[0, 1]}
environs:eucalyptus_slab: PropertyEnum{name=half, clazz=class net.minecraft.block.BlockSlab$EnumBlockHalf, values=[top, bottom]}, PropertyEnum{name=variant, clazz=class rollingthunder.environs.blocks.blocks.BlockEucalyptusSlab$Variant, values=[DEFAULT]}
environs:eucalyptus_slab_double: PropertyEnum{name=variant, clazz=class rollingthunder.environs.blocks.blocks.BlockEucalyptusSlab$Variant, values=[DEFAULT]}
environs:eucalyptus_stairs: PropertyDirection{name=facing, clazz=class net.minecraft.util.EnumFacing, values=[north, south, west, east]}, PropertyEnum{name=half, clazz=class net.minecraft.block.BlockStairs$EnumHalf, values=[top, bottom]}, PropertyEnum{name=shape, clazz=class net.minecraft.block.BlockStairs$EnumShape, values=[straight, inner_left, inner_right, outer_left, outer_right]}
environs:frozen_bark: PropertyDirection{name=facing, clazz=class net.minecraft.util.EnumFacing, values=[down, up, north, south, west, east]}
environs:frozen_dirt: 
environs:frozen_door: PropertyDirection{name=facing, clazz=class net.minecraft.util.EnumFacing, values=[north, south, west, east]}, PropertyEnum{name=half, clazz=class net.minecraft.block.BlockDoor$EnumDoorHalf, values=[upper, lower]}, PropertyEnum{name=hinge, clazz=class net.minecraft.block.BlockDoor$EnumHingePosition, values=[left, right]}, PropertyBool{name=open, clazz=class java.lang.Boolean, values=[true, false]}, PropertyBool{name=powered, clazz=class java.lang.Boolean, values=[true, false]}
environs:frozen_farmland: PropertyInteger{name=moisture, clazz=class java.lang.Integer, values=[0, 1, 2, 3, 4, 5, 6, 7]}
environs:frozen_fence: PropertyBool{name=east, clazz=class java.lang.Boolean, values=[true, false]}, PropertyBool{name=north, clazz=class java.lang.Boolean, values=[true, false]}, PropertyBool{name=south, clazz=class java.lang.Boolean, values=[true, false]}, PropertyBool{name=west, clazz=class java.lang.Boolean, values=[true, false]}
environs:frozen_fence_gate: PropertyDirection{name=facing, clazz=class net.minecraft.util.EnumFacing, values=[north, south, west, east]}, PropertyBool{name=in_wall, clazz=class java.lang.Boolean, values=[true, false]}, PropertyBool{name=open, clazz=class java.lang.Boolean, values=[true, false]}, PropertyBool{name=powered, clazz=class java.lang.Boolean, values=[true, false]}
environs:frozen_grass: PropertyBool{name=snowy, clazz=class java.lang.Boolean, values=[true, false]}
environs:frozen_grass_path: 
environs:frozen_leaves: PropertyBool{name=check_decay, clazz=class java.lang.Boolean, values=[true, false]}, PropertyBool{name=decayable, clazz=class java.lang.Boolean, values=[true, false]}
environs:frozen_log: PropertyEnum{name=axis, clazz=class net.minecraft.block.BlockLog$EnumAxis, values=[x, y, z, none]}
environs:frozen_planks: 
environs:frozen_sapling: PropertyInteger{name=stage, clazz=class java.lang.Integer, values=[0, 1]}
environs:frozen_slab: PropertyEnum{name=half, clazz=class net.minecraft.block.BlockSlab$EnumBlockHalf, values=[top, bottom]}, PropertyEnum{name=variant, clazz=class rollingthunder.environs.blocks.blocks.BlockFrozenSlab$Variant, values=[DEFAULT]}
environs:frozen_slab_double: PropertyEnum{name=variant, clazz=class rollingthunder.environs.blocks.blocks.BlockFrozenSlab$Variant, values=[DEFAULT]}
environs:frozen_stairs: PropertyDirection{name=facing, clazz=class net.minecraft.util.EnumFacing, values=[north, south, west, east]}, PropertyEnum{name=half, clazz=class net.minecraft.block.BlockStairs$EnumHalf, values=[top, bottom]}, PropertyEnum{name=shape, clazz=class net.minecraft.block.BlockStairs$EnumShape, values=[straight, inner_left, inner_right, outer_left, outer_right]}
environs:meteorite: 
environs:pine_bark: PropertyDirection{name=facing, clazz=class net.minecraft.util.EnumFacing, values=[down, up, north, south, west, east]}
environs:pine_door: PropertyDirection{name=facing, clazz=class net.minecraft.util.EnumFacing, values=[north, south, west, east]}, PropertyEnum{name=half, clazz=class net.minecraft.block.BlockDoor$EnumDoorHalf, values=[upper, lower]}, PropertyEnum{name=hinge, clazz=class net.minecraft.block.BlockDoor$EnumHingePosition, values=[left, right]}, PropertyBool{name=open, clazz=class java.lang.Boolean, values=[true, false]}, PropertyBool{name=powered, clazz=class java.lang.Boolean, values=[true, false]}
environs:pine_fence: PropertyBool{name=east, clazz=class java.lang.Boolean, values=[true, false]}, PropertyBool{name=north, clazz=class java.lang.Boolean, values=[true, false]}, PropertyBool{name=south, clazz=class java.lang.Boolean, values=[true, false]}, PropertyBool{name=west, clazz=class java.lang.Boolean, values=[true, false]}
environs:pine_fence_gate: PropertyDirection{name=facing, clazz=class net.minecraft.util.EnumFacing, values=[north, south, west, east]}, PropertyBool{name=in_wall, clazz=class java.lang.Boolean, values=[true, false]}, PropertyBool{name=open, clazz=class java.lang.Boolean, values=[true, false]}, PropertyBool{name=powered, clazz=class java.lang.Boolean, values=[true, false]}
environs:pine_leaves: PropertyBool{name=check_decay, clazz=class java.lang.Boolean, values=[true, false]}, PropertyBool{name=decayable, clazz=class java.lang.Boolean, values=[true, false]}
environs:pine_log: PropertyEnum{name=axis, clazz=class net.minecraft.block.BlockLog$EnumAxis, values=[x, y, z, none]}
environs:pine_planks: 
environs:pine_sapling: PropertyInteger{name=stage, clazz=class java.lang.Integer, values=[0, 1]}
environs:pine_slab: PropertyEnum{name=half, clazz=class net.minecraft.block.BlockSlab$EnumBlockHalf, values=[top, bottom]}, PropertyEnum{name=variant, clazz=class rollingthunder.environs.blocks.blocks.BlockPineSlab$Variant, values=[DEFAULT]}
environs:pine_slab_double: PropertyEnum{name=variant, clazz=class rollingthunder.environs.blocks.blocks.BlockPineSlab$Variant, values=[DEFAULT]}
environs:pine_stairs: PropertyDirection{name=facing, clazz=class net.minecraft.util.EnumFacing, values=[north, south, west, east]}, PropertyEnum{name=half, clazz=class net.minecraft.block.BlockStairs$EnumHalf, values=[top, bottom]}, PropertyEnum{name=shape, clazz=class net.minecraft.block.BlockStairs$EnumShape, values=[straight, inner_left, inner_right, outer_left, outer_right]}
environs:purple_mushroom: 
environs:purple_mushroom_block: 
environs:purple_mushroom_stem: 
environs:ranges_dirt: 
environs:ranges_farmland: PropertyInteger{name=moisture, clazz=class java.lang.Integer, values=[0, 1, 2, 3, 4, 5, 6, 7]}
exoticbirds:birdcage_acacia: PropertyDirection{name=facing, clazz=class net.minecraft.util.EnumFacing, values=[north, south, west, east]}
exoticbirds:birdcage_birch: PropertyDirection{name=facing, clazz=class net.minecraft.util.EnumFacing, values=[north, south, west, east]}
exoticbirds:birdcage_dark_oak: PropertyDirection{name=facing, clazz=class net.minecraft.util.EnumFacing, values=[north, south, west, east]}
exoticbirds:birdcage_gold: PropertyDirection{name=facing, clazz=class net.minecraft.util.EnumFacing, values=[north, south, west, east]}
exoticbirds:birdcage_iron: PropertyDirection{name=facing, clazz=class net.minecraft.util.EnumFacing, values=[north, south, west, east]}
exoticbirds:birdcage_jungle: PropertyDirection{name=facing, clazz=class net.minecraft.util.EnumFacing, values=[north, south, west, east]}
exoticbirds:birdcage_oak: PropertyDirection{name=facing, clazz=class net.minecraft.util.EnumFacing, values=[north, south, west, east]}
exoticbirds:birdcage_spruce: PropertyDirection{name=facing, clazz=class net.minecraft.util.EnumFacing, values=[north, south, west, east]}
exoticbirds:egg_incubator: PropertyDirection{name=facing, clazz=class net.minecraft.util.EnumFacing, values=[north, south, west, east]}
exoticbirds:egg_sorter: PropertyDirection{name=facing, clazz=class net.minecraft.util.EnumFacing, values=[north, south, west, east]}
exoticbirds:lit_egg_incubator: PropertyDirection{name=facing, clazz=class net.minecraft.util.EnumFacing, values=[north, south, west, east]}
exoticbirds:lit_egg_sorter: PropertyDirection{name=facing, clazz=class net.minecraft.util.EnumFacing, values=[north, south, west, east]}
exoticbirds:nest: PropertyInteger{name=eggcount, clazz=class java.lang.Integer, values=[0, 1, 2, 3]}, PropertyDirection{name=facing, clazz=class net.minecraft.util.EnumFacing, values=[north, south, west, east]}
exoticbirds:phoenix_egg: PropertyInteger{name=age, clazz=class java.lang.Integer, values=[0, 1, 2, 3]}
explorercraft:amethyst_block: 
explorercraft:amethyst_ore: 
explorercraft:ash_door: PropertyDirection{name=facing, clazz=class net.minecraft.util.EnumFacing, values=[north, south, west, east]}, PropertyEnum{name=half, clazz=class net.minecraft.block.BlockDoor$EnumDoorHalf, values=[upper, lower]}, PropertyEnum{name=hinge, clazz=class net.minecraft.block.BlockDoor$EnumHingePosition, values=[left, right]}, PropertyBool{name=open, clazz=class java.lang.Boolean, values=[true, false]}, PropertyBool{name=powered, clazz=class java.lang.Boolean, values=[true, false]}
explorercraft:ash_double_slab: PropertyEnum{name=variant, clazz=class zathrox.explorercraft.blocks.slabs.BlockAshSlab$EnumVariant, values=[DEFAULT]}
explorercraft:ash_fence: PropertyBool{name=east, clazz=class java.lang.Boolean, values=[true, false]}, PropertyBool{name=north, clazz=class java.lang.Boolean, values=[true, false]}, PropertyBool{name=south, clazz=class java.lang.Boolean, values=[true, false]}, PropertyBool{name=west, clazz=class java.lang.Boolean, values=[true, false]}
explorercraft:ash_fence_gate: PropertyDirection{name=facing, clazz=class net.minecraft.util.EnumFacing, values=[north, south, west, east]}, PropertyBool{name=in_wall, clazz=class java.lang.Boolean, values=[true, false]}, PropertyBool{name=open, clazz=class java.lang.Boolean, values=[true, false]}, PropertyBool{name=powered, clazz=class java.lang.Boolean, values=[true, false]}
explorercraft:ash_leaves: PropertyBool{name=check_decay, clazz=class java.lang.Boolean, values=[true, false]}, PropertyBool{name=decayable, clazz=class java.lang.Boolean, values=[true, false]}
explorercraft:ash_log: PropertyEnum{name=axis, clazz=class net.minecraft.block.BlockLog$EnumAxis, values=[x, y, z, none]}
explorercraft:ash_planks: 
explorercraft:ash_sapling: PropertyInteger{name=stage, clazz=class java.lang.Integer, values=[0, 1]}
explorercraft:ash_slab: PropertyEnum{name=half, clazz=class net.minecraft.block.BlockSlab$EnumBlockHalf, values=[top, bottom]}, PropertyEnum{name=variant, clazz=class zathrox.explorercraft.blocks.slabs.BlockAshSlab$EnumVariant, values=[DEFAULT]}
explorercraft:ash_stairs: PropertyDirection{name=facing, clazz=class net.minecraft.util.EnumFacing, values=[north, south, west, east]}, PropertyEnum{name=half, clazz=class net.minecraft.block.BlockStairs$EnumHalf, values=[top, bottom]}, PropertyEnum{name=shape, clazz=class net.minecraft.block.BlockStairs$EnumShape, values=[straight, inner_left, inner_right, outer_left, outer_right]}
explorercraft:bamboo_door: PropertyDirection{name=facing, clazz=class net.minecraft.util.EnumFacing, values=[north, south, west, east]}, PropertyEnum{name=half, clazz=class net.minecraft.block.BlockDoor$EnumDoorHalf, values=[upper, lower]}, PropertyEnum{name=hinge, clazz=class net.minecraft.block.BlockDoor$EnumHingePosition, values=[left, right]}, PropertyBool{name=open, clazz=class java.lang.Boolean, values=[true, false]}, PropertyBool{name=powered, clazz=class java.lang.Boolean, values=[true, false]}
explorercraft:bamboo_double_slab: PropertyEnum{name=variant, clazz=class zathrox.explorercraft.blocks.slabs.BlockBambooSlab$EnumVariant, values=[DEFAULT]}
explorercraft:bamboo_fence: PropertyBool{name=east, clazz=class java.lang.Boolean, values=[true, false]}, PropertyBool{name=north, clazz=class java.lang.Boolean, values=[true, false]}, PropertyBool{name=south, clazz=class java.lang.Boolean, values=[true, false]}, PropertyBool{name=west, clazz=class java.lang.Boolean, values=[true, false]}
explorercraft:bamboo_fence_gate: PropertyDirection{name=facing, clazz=class net.minecraft.util.EnumFacing, values=[north, south, west, east]}, PropertyBool{name=in_wall, clazz=class java.lang.Boolean, values=[true, false]}, PropertyBool{name=open, clazz=class java.lang.Boolean, values=[true, false]}, PropertyBool{name=powered, clazz=class java.lang.Boolean, values=[true, false]}
explorercraft:bamboo_leaves: PropertyBool{name=check_decay, clazz=class java.lang.Boolean, values=[true, false]}, PropertyBool{name=decayable, clazz=class java.lang.Boolean, values=[true, false]}
explorercraft:bamboo_log: PropertyBool{name=east, clazz=class java.lang.Boolean, values=[true, false]}, PropertyBool{name=north, clazz=class java.lang.Boolean, values=[true, false]}, PropertyBool{name=south, clazz=class java.lang.Boolean, values=[true, false]}, PropertyBool{name=west, clazz=class java.lang.Boolean, values=[true, false]}
explorercraft:bamboo_planks: 
explorercraft:bamboo_planks_vertical: 
explorercraft:bamboo_sapling: PropertyInteger{name=stage, clazz=class java.lang.Integer, values=[0, 1]}
explorercraft:bamboo_slab: PropertyEnum{name=half, clazz=class net.minecraft.block.BlockSlab$EnumBlockHalf, values=[top, bottom]}, PropertyEnum{name=variant, clazz=class zathrox.explorercraft.blocks.slabs.BlockBambooSlab$EnumVariant, values=[DEFAULT]}
explorercraft:bamboo_stairs: PropertyDirection{name=facing, clazz=class net.minecraft.util.EnumFacing, values=[north, south, west, east]}, PropertyEnum{name=half, clazz=class net.minecraft.block.BlockStairs$EnumHalf, values=[top, bottom]}, PropertyEnum{name=shape, clazz=class net.minecraft.block.BlockStairs$EnumShape, values=[straight, inner_left, inner_right, outer_left, outer_right]}
explorercraft:basalt: 
explorercraft:basalt_brick_double_slab: PropertyEnum{name=variant, clazz=class zathrox.explorercraft.blocks.slabs.BlockBasaltSlab$EnumVariant, values=[DEFAULT]}
explorercraft:basalt_brick_slab: PropertyEnum{name=half, clazz=class net.minecraft.block.BlockSlab$EnumBlockHalf, values=[top, bottom]}, PropertyEnum{name=variant, clazz=class zathrox.explorercraft.blocks.slabs.BlockBasaltSlab$EnumVariant, values=[DEFAULT]}
explorercraft:basalt_brick_stairs: PropertyDirection{name=facing, clazz=class net.minecraft.util.EnumFacing, values=[north, south, west, east]}, PropertyEnum{name=half, clazz=class net.minecraft.block.BlockStairs$EnumHalf, values=[top, bottom]}, PropertyEnum{name=shape, clazz=class net.minecraft.block.BlockStairs$EnumShape, values=[straight, inner_left, inner_right, outer_left, outer_right]}
explorercraft:basalt_brick_wall: PropertyBool{name=east, clazz=class java.lang.Boolean, values=[true, false]}, PropertyBool{name=north, clazz=class java.lang.Boolean, values=[true, false]}, PropertyBool{name=south, clazz=class java.lang.Boolean, values=[true, false]}, PropertyBool{name=up, clazz=class java.lang.Boolean, values=[true, false]}, PropertyBool{name=west, clazz=class java.lang.Boolean, values=[true, false]}
explorercraft:basalt_bricks: 
explorercraft:basalt_chiseled: 
explorercraft:basalt_cobblestone: 
explorercraft:basalt_cracked: 
explorercraft:basalt_mossy: 
explorercraft:basalt_pillar: PropertyEnum{name=axis, clazz=class zathrox.explorercraft.blocks.decor.BlockPillar$EnumAxis, values=[x, y, z, none]}
explorercraft:basalt_polished: 
explorercraft:cherry_door: PropertyDirection{name=facing, clazz=class net.minecraft.util.EnumFacing, values=[north, south, west, east]}, PropertyEnum{name=half, clazz=class net.minecraft.block.BlockDoor$EnumDoorHalf, values=[upper, lower]}, PropertyEnum{name=hinge, clazz=class net.minecraft.block.BlockDoor$EnumHingePosition, values=[left, right]}, PropertyBool{name=open, clazz=class java.lang.Boolean, values=[true, false]}, PropertyBool{name=powered, clazz=class java.lang.Boolean, values=[true, false]}
explorercraft:cherry_double_slab: PropertyEnum{name=variant, clazz=class zathrox.explorercraft.blocks.slabs.BlockCherrySlab$EnumVariant, values=[DEFAULT]}
explorercraft:cherry_fence: PropertyBool{name=east, clazz=class java.lang.Boolean, values=[true, false]}, PropertyBool{name=north, clazz=class java.lang.Boolean, values=[true, false]}, PropertyBool{name=south, clazz=class java.lang.Boolean, values=[true, false]}, PropertyBool{name=west, clazz=class java.lang.Boolean, values=[true, false]}
explorercraft:cherry_fence_gate: PropertyDirection{name=facing, clazz=class net.minecraft.util.EnumFacing, values=[north, south, west, east]}, PropertyBool{name=in_wall, clazz=class java.lang.Boolean, values=[true, false]}, PropertyBool{name=open, clazz=class java.lang.Boolean, values=[true, false]}, PropertyBool{name=powered, clazz=class java.lang.Boolean, values=[true, false]}
explorercraft:cherry_leaves: PropertyBool{name=check_decay, clazz=class java.lang.Boolean, values=[true, false]}, PropertyBool{name=decayable, clazz=class java.lang.Boolean, values=[true, false]}
explorercraft:cherry_log: PropertyEnum{name=axis, clazz=class net.minecraft.block.BlockLog$EnumAxis, values=[x, y, z, none]}
explorercraft:cherry_planks: 
explorercraft:cherry_sapling: PropertyInteger{name=stage, clazz=class java.lang.Integer, values=[0, 1]}
explorercraft:cherry_slab: PropertyEnum{name=half, clazz=class net.minecraft.block.BlockSlab$EnumBlockHalf, values=[top, bottom]}, PropertyEnum{name=variant, clazz=class zathrox.explorercraft.blocks.slabs.BlockCherrySlab$EnumVariant, values=[DEFAULT]}
explorercraft:cherry_stairs: PropertyDirection{name=facing, clazz=class net.minecraft.util.EnumFacing, values=[north, south, west, east]}, PropertyEnum{name=half, clazz=class net.minecraft.block.BlockStairs$EnumHalf, values=[top, bottom]}, PropertyEnum{name=shape, clazz=class net.minecraft.block.BlockStairs$EnumShape, values=[straight, inner_left, inner_right, outer_left, outer_right]}
explorercraft:daffodil: 
explorercraft:dragon_heart: 
explorercraft:jade_block: 
explorercraft:jade_ore: 
explorercraft:leek_crop: PropertyInteger{name=age, clazz=class java.lang.Integer, values=[0, 1, 2, 3, 4, 5, 6, 7]}
explorercraft:leek_wild: 
explorercraft:maple_door: PropertyDirection{name=facing, clazz=class net.minecraft.util.EnumFacing, values=[north, south, west, east]}, PropertyEnum{name=half, clazz=class net.minecraft.block.BlockDoor$EnumDoorHalf, values=[upper, lower]}, PropertyEnum{name=hinge, clazz=class net.minecraft.block.BlockDoor$EnumHingePosition, values=[left, right]}, PropertyBool{name=open, clazz=class java.lang.Boolean, values=[true, false]}, PropertyBool{name=powered, clazz=class java.lang.Boolean, values=[true, false]}
explorercraft:maple_double_slab: PropertyEnum{name=variant, clazz=class zathrox.explorercraft.blocks.slabs.BlockMapleSlab$EnumVariant, values=[DEFAULT]}
explorercraft:maple_fence: PropertyBool{name=east, clazz=class java.lang.Boolean, values=[true, false]}, PropertyBool{name=north, clazz=class java.lang.Boolean, values=[true, false]}, PropertyBool{name=south, clazz=class java.lang.Boolean, values=[true, false]}, PropertyBool{name=west, clazz=class java.lang.Boolean, values=[true, false]}
explorercraft:maple_fence_gate: PropertyDirection{name=facing, clazz=class net.minecraft.util.EnumFacing, values=[north, south, west, east]}, PropertyBool{name=in_wall, clazz=class java.lang.Boolean, values=[true, false]}, PropertyBool{name=open, clazz=class java.lang.Boolean, values=[true, false]}, PropertyBool{name=powered, clazz=class java.lang.Boolean, values=[true, false]}
explorercraft:maple_leaves: PropertyBool{name=check_decay, clazz=class java.lang.Boolean, values=[true, false]}, PropertyBool{name=decayable, clazz=class java.lang.Boolean, values=[true, false]}
explorercraft:maple_log: PropertyEnum{name=axis, clazz=class net.minecraft.block.BlockLog$EnumAxis, values=[x, y, z, none]}
explorercraft:maple_planks: 
explorercraft:maple_sapling: PropertyInteger{name=stage, clazz=class java.lang.Integer, values=[0, 1]}
explorercraft:maple_slab: PropertyEnum{name=half, clazz=class net.minecraft.block.BlockSlab$EnumBlockHalf, values=[top, bottom]}, PropertyEnum{name=variant, clazz=class zathrox.explorercraft.blocks.slabs.BlockMapleSlab$EnumVariant, values=[DEFAULT]}
explorercraft:maple_stairs: PropertyDirection{name=facing, clazz=class net.minecraft.util.EnumFacing, values=[north, south, west, east]}, PropertyEnum{name=half, clazz=class net.minecraft.block.BlockStairs$EnumHalf, values=[top, bottom]}, PropertyEnum{name=shape, clazz=class net.minecraft.block.BlockStairs$EnumShape, values=[straight, inner_left, inner_right, outer_left, outer_right]}
explorercraft:marble: 
explorercraft:marble_brick_double_slab: PropertyEnum{name=variant, clazz=class zathrox.explorercraft.blocks.slabs.BlockMarbleSlab$EnumVariant, values=[DEFAULT]}
explorercraft:marble_brick_slab: PropertyEnum{name=half, clazz=class net.minecraft.block.BlockSlab$EnumBlockHalf, values=[top, bottom]}, PropertyEnum{name=variant, clazz=class zathrox.explorercraft.blocks.slabs.BlockMarbleSlab$EnumVariant, values=[DEFAULT]}
explorercraft:marble_brick_stairs: PropertyDirection{name=facing, clazz=class net.minecraft.util.EnumFacing, values=[north, south, west, east]}, PropertyEnum{name=half, clazz=class net.minecraft.block.BlockStairs$EnumHalf, values=[top, bottom]}, PropertyEnum{name=shape, clazz=class net.minecraft.block.BlockStairs$EnumShape, values=[straight, inner_left, inner_right, outer_left, outer_right]}
explorercraft:marble_brick_wall: PropertyBool{name=east, clazz=class java.lang.Boolean, values=[true, false]}, PropertyBool{name=north, clazz=class java.lang.Boolean, values=[true, false]}, PropertyBool{name=south, clazz=class java.lang.Boolean, values=[true, false]}, PropertyBool{name=up, clazz=class java.lang.Boolean, values=[true, false]}, PropertyBool{name=west, clazz=class java.lang.Boolean, values=[true, false]}
explorercraft:marble_bricks: 
explorercraft:marble_chiseled: 
explorercraft:marble_cracked: 
explorercraft:marble_mossy: 
explorercraft:marble_pillar: PropertyEnum{name=axis, clazz=class zathrox.explorercraft.blocks.decor.BlockPillar$EnumAxis, values=[x, y, z, none]}
explorercraft:marble_polished: 
explorercraft:noctiluca_plant: PropertyInteger{name=age, clazz=class java.lang.Integer, values=[0, 1, 2, 3]}, PropertyInteger{name=level, clazz=class java.lang.Integer, values=[0, 1, 2, 3, 4, 5, 6, 7, 8, 9, 10, 11, 12, 13, 14, 15]}
explorercraft:rice_base: PropertyInteger{name=level, clazz=class java.lang.Integer, values=[0, 1, 2, 3, 4, 5, 6, 7, 8, 9, 10, 11, 12, 13, 14, 15]}
explorercraft:rice_top: PropertyInteger{name=age, clazz=class java.lang.Integer, values=[0, 1, 2, 3, 4, 5, 6, 7]}
explorercraft:ruby_block: 
explorercraft:ruby_ore: 
explorercraft:slate: 
explorercraft:slate_brick_double_slab: PropertyEnum{name=variant, clazz=class zathrox.explorercraft.blocks.slabs.BlockSlateSlab$EnumVariant, values=[DEFAULT]}
explorercraft:slate_brick_slab: PropertyEnum{name=half, clazz=class net.minecraft.block.BlockSlab$EnumBlockHalf, values=[top, bottom]}, PropertyEnum{name=variant, clazz=class zathrox.explorercraft.blocks.slabs.BlockSlateSlab$EnumVariant, values=[DEFAULT]}
explorercraft:slate_brick_stairs: PropertyDirection{name=facing, clazz=class net.minecraft.util.EnumFacing, values=[north, south, west, east]}, PropertyEnum{name=half, clazz=class net.minecraft.block.BlockStairs$EnumHalf, values=[top, bottom]}, PropertyEnum{name=shape, clazz=class net.minecraft.block.BlockStairs$EnumShape, values=[straight, inner_left, inner_right, outer_left, outer_right]}
explorercraft:slate_brick_wall: PropertyBool{name=east, clazz=class java.lang.Boolean, values=[true, false]}, PropertyBool{name=north, clazz=class java.lang.Boolean, values=[true, false]}, PropertyBool{name=south, clazz=class java.lang.Boolean, values=[true, false]}, PropertyBool{name=up, clazz=class java.lang.Boolean, values=[true, false]}, PropertyBool{name=west, clazz=class java.lang.Boolean, values=[true, false]}
explorercraft:slate_bricks: 
explorercraft:slate_chiseled: 
explorercraft:slate_mossy: 
explorercraft:slate_pillar: PropertyEnum{name=axis, clazz=class zathrox.explorercraft.blocks.decor.BlockPillar$EnumAxis, values=[x, y, z, none]}
explorercraft:slate_polished: 
explorercraft:slate_tile: 
explorercraft:slate_tile_stairs: PropertyDirection{name=facing, clazz=class net.minecraft.util.EnumFacing, values=[north, south, west, east]}, PropertyEnum{name=half, clazz=class net.minecraft.block.BlockStairs$EnumHalf, values=[top, bottom]}, PropertyEnum{name=shape, clazz=class net.minecraft.block.BlockStairs$EnumShape, values=[straight, inner_left, inner_right, outer_left, outer_right]}
explorercraft:slate_welsh: 
explorercraft:tatami: PropertyDirection{name=facing, clazz=class net.minecraft.util.EnumFacing, values=[north, south, west, east]}, PropertyEnum{name=part, clazz=class zathrox.explorercraft.blocks.BlockTatami$EnumPartType, values=[head, foot]}
explorercraft:tatami_half: 
explorercraft:water_grass: PropertyInteger{name=level, clazz=class java.lang.Integer, values=[0, 1, 2, 3, 4, 5, 6, 7, 8, 9, 10, 11, 12, 13, 14, 15]}
extraalchemy:encasing_ice: 
fairylights:fastener: PropertyDirection{name=facing, clazz=class net.minecraft.util.EnumFacing, values=[down, up, north, south, west, east]}, PropertyBool{name=triggered, clazz=class java.lang.Boolean, values=[true, false]}
farlanders:endumium_block: 
farlanders:endumium_ore: 
farmersdelight:acacia_cabinet: PropertyDirection{name=facing, clazz=class net.minecraft.util.EnumFacing, values=[north, south, west, east]}, PropertyBool{name=open, clazz=class java.lang.Boolean, values=[true, false]}
farmersdelight:apple_pie: PropertyInteger{name=bites, clazz=class java.lang.Integer, values=[0, 1, 2, 3]}, PropertyDirection{name=facing, clazz=class net.minecraft.util.EnumFacing, values=[north, south, west, east]}
farmersdelight:bamboo_cabinet: PropertyDirection{name=facing, clazz=class net.minecraft.util.EnumFacing, values=[north, south, west, east]}, PropertyBool{name=open, clazz=class java.lang.Boolean, values=[true, false]}
farmersdelight:basket: PropertyBool{name=enabled, clazz=class java.lang.Boolean, values=[true, false]}, PropertyDirection{name=facing, clazz=class net.minecraft.util.EnumFacing, values=[down, up, north, south, west, east]}
farmersdelight:beetroot_crate: 
farmersdelight:birch_cabinet: PropertyDirection{name=facing, clazz=class net.minecraft.util.EnumFacing, values=[north, south, west, east]}, PropertyBool{name=open, clazz=class java.lang.Boolean, values=[true, false]}
farmersdelight:black_canvas_sign: PropertyInteger{name=rotation, clazz=class java.lang.Integer, values=[0, 1, 2, 3, 4, 5, 6, 7, 8, 9, 10, 11, 12, 13, 14, 15]}
farmersdelight:black_canvas_wall_sign: PropertyDirection{name=facing, clazz=class net.minecraft.util.EnumFacing, values=[north, south, west, east]}
farmersdelight:black_hanging_canvas_sign: PropertyInteger{name=rotation, clazz=class java.lang.Integer, values=[0, 1, 2, 3, 4, 5, 6, 7, 8, 9, 10, 11, 12, 13, 14, 15]}
farmersdelight:black_wall_hanging_canvas_sign: PropertyDirection{name=facing, clazz=class net.minecraft.util.EnumFacing, values=[north, south, west, east]}
farmersdelight:blue_canvas_sign: PropertyInteger{name=rotation, clazz=class java.lang.Integer, values=[0, 1, 2, 3, 4, 5, 6, 7, 8, 9, 10, 11, 12, 13, 14, 15]}
farmersdelight:blue_canvas_wall_sign: PropertyDirection{name=facing, clazz=class net.minecraft.util.EnumFacing, values=[north, south, west, east]}
farmersdelight:blue_hanging_canvas_sign: PropertyInteger{name=rotation, clazz=class java.lang.Integer, values=[0, 1, 2, 3, 4, 5, 6, 7, 8, 9, 10, 11, 12, 13, 14, 15]}
farmersdelight:blue_wall_hanging_canvas_sign: PropertyDirection{name=facing, clazz=class net.minecraft.util.EnumFacing, values=[north, south, west, east]}
farmersdelight:brown_canvas_sign: PropertyInteger{name=rotation, clazz=class java.lang.Integer, values=[0, 1, 2, 3, 4, 5, 6, 7, 8, 9, 10, 11, 12, 13, 14, 15]}
farmersdelight:brown_canvas_wall_sign: PropertyDirection{name=facing, clazz=class net.minecraft.util.EnumFacing, values=[north, south, west, east]}
farmersdelight:brown_hanging_canvas_sign: PropertyInteger{name=rotation, clazz=class java.lang.Integer, values=[0, 1, 2, 3, 4, 5, 6, 7, 8, 9, 10, 11, 12, 13, 14, 15]}
farmersdelight:brown_mushroom_colony: PropertyInteger{name=age, clazz=class java.lang.Integer, values=[0, 1, 2, 3]}
farmersdelight:brown_wall_hanging_canvas_sign: PropertyDirection{name=facing, clazz=class net.minecraft.util.EnumFacing, values=[north, south, west, east]}
farmersdelight:budding_tomatoes: PropertyInteger{name=age, clazz=class java.lang.Integer, values=[0, 1, 2, 3, 4, 5, 6, 7]}
farmersdelight:cabbage_crate: 
farmersdelight:cabbages: PropertyInteger{name=age, clazz=class java.lang.Integer, values=[0, 1, 2, 3, 4, 5, 6, 7]}
farmersdelight:canvas_rug: 
farmersdelight:canvas_sign: PropertyInteger{name=rotation, clazz=class java.lang.Integer, values=[0, 1, 2, 3, 4, 5, 6, 7, 8, 9, 10, 11, 12, 13, 14, 15]}
farmersdelight:canvas_wall_sign: PropertyDirection{name=facing, clazz=class net.minecraft.util.EnumFacing, values=[north, south, west, east]}
farmersdelight:carrot_crate: 
farmersdelight:cherry_cabinet: PropertyDirection{name=facing, clazz=class net.minecraft.util.EnumFacing, values=[north, south, west, east]}, PropertyBool{name=open, clazz=class java.lang.Boolean, values=[true, false]}
farmersdelight:chocolate_pie: PropertyInteger{name=bites, clazz=class java.lang.Integer, values=[0, 1, 2, 3]}, PropertyDirection{name=facing, clazz=class net.minecraft.util.EnumFacing, values=[north, south, west, east]}
farmersdelight:cooking_pot: PropertyDirection{name=facing, clazz=class net.minecraft.util.EnumFacing, values=[north, south, west, east]}, PropertyBool{name=support, clazz=class java.lang.Boolean, values=[true, false]}
farmersdelight:crimson_cabinet: PropertyDirection{name=facing, clazz=class net.minecraft.util.EnumFacing, values=[north, south, west, east]}, PropertyBool{name=open, clazz=class java.lang.Boolean, values=[true, false]}
farmersdelight:cutting_board: PropertyDirection{name=facing, clazz=class net.minecraft.util.EnumFacing, values=[north, south, west, east]}
farmersdelight:cyan_canvas_sign: PropertyInteger{name=rotation, clazz=class java.lang.Integer, values=[0, 1, 2, 3, 4, 5, 6, 7, 8, 9, 10, 11, 12, 13, 14, 15]}
farmersdelight:cyan_canvas_wall_sign: PropertyDirection{name=facing, clazz=class net.minecraft.util.EnumFacing, values=[north, south, west, east]}
farmersdelight:cyan_hanging_canvas_sign: PropertyInteger{name=rotation, clazz=class java.lang.Integer, values=[0, 1, 2, 3, 4, 5, 6, 7, 8, 9, 10, 11, 12, 13, 14, 15]}
farmersdelight:cyan_wall_hanging_canvas_sign: PropertyDirection{name=facing, clazz=class net.minecraft.util.EnumFacing, values=[north, south, west, east]}
farmersdelight:dark_oak_cabinet: PropertyDirection{name=facing, clazz=class net.minecraft.util.EnumFacing, values=[north, south, west, east]}, PropertyBool{name=open, clazz=class java.lang.Boolean, values=[true, false]}
farmersdelight:full_tatami_mat: PropertyDirection{name=facing, clazz=class net.minecraft.util.EnumFacing, values=[north, south, west, east]}, PropertyEnum{name=part, clazz=class com.wdcftgg.farmersdelightlegacy.common.block.BlockTatamiMat$EnumMatPart, values=[FOOT, HEAD]}
farmersdelight:gray_canvas_sign: PropertyInteger{name=rotation, clazz=class java.lang.Integer, values=[0, 1, 2, 3, 4, 5, 6, 7, 8, 9, 10, 11, 12, 13, 14, 15]}
farmersdelight:gray_canvas_wall_sign: PropertyDirection{name=facing, clazz=class net.minecraft.util.EnumFacing, values=[north, south, west, east]}
farmersdelight:gray_hanging_canvas_sign: PropertyInteger{name=rotation, clazz=class java.lang.Integer, values=[0, 1, 2, 3, 4, 5, 6, 7, 8, 9, 10, 11, 12, 13, 14, 15]}
farmersdelight:gray_wall_hanging_canvas_sign: PropertyDirection{name=facing, clazz=class net.minecraft.util.EnumFacing, values=[north, south, west, east]}
farmersdelight:green_canvas_sign: PropertyInteger{name=rotation, clazz=class java.lang.Integer, values=[0, 1, 2, 3, 4, 5, 6, 7, 8, 9, 10, 11, 12, 13, 14, 15]}
farmersdelight:green_canvas_wall_sign: PropertyDirection{name=facing, clazz=class net.minecraft.util.EnumFacing, values=[north, south, west, east]}
farmersdelight:green_hanging_canvas_sign: PropertyInteger{name=rotation, clazz=class java.lang.Integer, values=[0, 1, 2, 3, 4, 5, 6, 7, 8, 9, 10, 11, 12, 13, 14, 15]}
farmersdelight:green_wall_hanging_canvas_sign: PropertyDirection{name=facing, clazz=class net.minecraft.util.EnumFacing, values=[north, south, west, east]}
farmersdelight:half_tatami_mat: PropertyDirection{name=facing, clazz=class net.minecraft.util.EnumFacing, values=[north, south, west, east]}
farmersdelight:hanging_canvas_sign: PropertyInteger{name=rotation, clazz=class java.lang.Integer, values=[0, 1, 2, 3, 4, 5, 6, 7, 8, 9, 10, 11, 12, 13, 14, 15]}
farmersdelight:honey_glazed_ham_block: PropertyDirection{name=facing, clazz=class net.minecraft.util.EnumFacing, values=[north, south, west, east]}, PropertyInteger{name=servings, clazz=class java.lang.Integer, values=[0, 1, 2, 3, 4]}
farmersdelight:jungle_cabinet: PropertyDirection{name=facing, clazz=class net.minecraft.util.EnumFacing, values=[north, south, west, east]}, PropertyBool{name=open, clazz=class java.lang.Boolean, values=[true, false]}
farmersdelight:light_blue_canvas_sign: PropertyInteger{name=rotation, clazz=class java.lang.Integer, values=[0, 1, 2, 3, 4, 5, 6, 7, 8, 9, 10, 11, 12, 13, 14, 15]}
farmersdelight:light_blue_canvas_wall_sign: PropertyDirection{name=facing, clazz=class net.minecraft.util.EnumFacing, values=[north, south, west, east]}
farmersdelight:light_blue_hanging_canvas_sign: PropertyInteger{name=rotation, clazz=class java.lang.Integer, values=[0, 1, 2, 3, 4, 5, 6, 7, 8, 9, 10, 11, 12, 13, 14, 15]}
farmersdelight:light_blue_wall_hanging_canvas_sign: PropertyDirection{name=facing, clazz=class net.minecraft.util.EnumFacing, values=[north, south, west, east]}
farmersdelight:light_gray_canvas_sign: PropertyInteger{name=rotation, clazz=class java.lang.Integer, values=[0, 1, 2, 3, 4, 5, 6, 7, 8, 9, 10, 11, 12, 13, 14, 15]}
farmersdelight:light_gray_canvas_wall_sign: PropertyDirection{name=facing, clazz=class net.minecraft.util.EnumFacing, values=[north, south, west, east]}
farmersdelight:light_gray_hanging_canvas_sign: PropertyInteger{name=rotation, clazz=class java.lang.Integer, values=[0, 1, 2, 3, 4, 5, 6, 7, 8, 9, 10, 11, 12, 13, 14, 15]}
farmersdelight:light_gray_wall_hanging_canvas_sign: PropertyDirection{name=facing, clazz=class net.minecraft.util.EnumFacing, values=[north, south, west, east]}
farmersdelight:lime_canvas_sign: PropertyInteger{name=rotation, clazz=class java.lang.Integer, values=[0, 1, 2, 3, 4, 5, 6, 7, 8, 9, 10, 11, 12, 13, 14, 15]}
farmersdelight:lime_canvas_wall_sign: PropertyDirection{name=facing, clazz=class net.minecraft.util.EnumFacing, values=[north, south, west, east]}
farmersdelight:lime_hanging_canvas_sign: PropertyInteger{name=rotation, clazz=class java.lang.Integer, values=[0, 1, 2, 3, 4, 5, 6, 7, 8, 9, 10, 11, 12, 13, 14, 15]}
farmersdelight:lime_wall_hanging_canvas_sign: PropertyDirection{name=facing, clazz=class net.minecraft.util.EnumFacing, values=[north, south, west, east]}
farmersdelight:magenta_canvas_sign: PropertyInteger{name=rotation, clazz=class java.lang.Integer, values=[0, 1, 2, 3, 4, 5, 6, 7, 8, 9, 10, 11, 12, 13, 14, 15]}
farmersdelight:magenta_canvas_wall_sign: PropertyDirection{name=facing, clazz=class net.minecraft.util.EnumFacing, values=[north, south, west, east]}
farmersdelight:magenta_hanging_canvas_sign: PropertyInteger{name=rotation, clazz=class java.lang.Integer, values=[0, 1, 2, 3, 4, 5, 6, 7, 8, 9, 10, 11, 12, 13, 14, 15]}
farmersdelight:magenta_wall_hanging_canvas_sign: PropertyDirection{name=facing, clazz=class net.minecraft.util.EnumFacing, values=[north, south, west, east]}
farmersdelight:mangrove_cabinet: PropertyDirection{name=facing, clazz=class net.minecraft.util.EnumFacing, values=[north, south, west, east]}, PropertyBool{name=open, clazz=class java.lang.Boolean, values=[true, false]}
farmersdelight:oak_cabinet: PropertyDirection{name=facing, clazz=class net.minecraft.util.EnumFacing, values=[north, south, west, east]}, PropertyBool{name=open, clazz=class java.lang.Boolean, values=[true, false]}
farmersdelight:onion_crate: 
farmersdelight:onions: PropertyInteger{name=age, clazz=class java.lang.Integer, values=[0, 1, 2, 3, 4, 5, 6, 7]}
farmersdelight:orange_canvas_sign: PropertyInteger{name=rotation, clazz=class java.lang.Integer, values=[0, 1, 2, 3, 4, 5, 6, 7, 8, 9, 10, 11, 12, 13, 14, 15]}
farmersdelight:orange_canvas_wall_sign: PropertyDirection{name=facing, clazz=class net.minecraft.util.EnumFacing, values=[north, south, west, east]}
farmersdelight:orange_hanging_canvas_sign: PropertyInteger{name=rotation, clazz=class java.lang.Integer, values=[0, 1, 2, 3, 4, 5, 6, 7, 8, 9, 10, 11, 12, 13, 14, 15]}
farmersdelight:orange_wall_hanging_canvas_sign: PropertyDirection{name=facing, clazz=class net.minecraft.util.EnumFacing, values=[north, south, west, east]}
farmersdelight:organic_compost: PropertyInteger{name=level, clazz=class java.lang.Integer, values=[0, 1, 2, 3, 4, 5, 6, 7]}
farmersdelight:pink_canvas_sign: PropertyInteger{name=rotation, clazz=class java.lang.Integer, values=[0, 1, 2, 3, 4, 5, 6, 7, 8, 9, 10, 11, 12, 13, 14, 15]}
farmersdelight:pink_canvas_wall_sign: PropertyDirection{name=facing, clazz=class net.minecraft.util.EnumFacing, values=[north, south, west, east]}
farmersdelight:pink_hanging_canvas_sign: PropertyInteger{name=rotation, clazz=class java.lang.Integer, values=[0, 1, 2, 3, 4, 5, 6, 7, 8, 9, 10, 11, 12, 13, 14, 15]}
farmersdelight:pink_wall_hanging_canvas_sign: PropertyDirection{name=facing, clazz=class net.minecraft.util.EnumFacing, values=[north, south, west, east]}
farmersdelight:potato_crate: 
farmersdelight:purple_canvas_sign: PropertyInteger{name=rotation, clazz=class java.lang.Integer, values=[0, 1, 2, 3, 4, 5, 6, 7, 8, 9, 10, 11, 12, 13, 14, 15]}
farmersdelight:purple_canvas_wall_sign: PropertyDirection{name=facing, clazz=class net.minecraft.util.EnumFacing, values=[north, south, west, east]}
farmersdelight:purple_hanging_canvas_sign: PropertyInteger{name=rotation, clazz=class java.lang.Integer, values=[0, 1, 2, 3, 4, 5, 6, 7, 8, 9, 10, 11, 12, 13, 14, 15]}
farmersdelight:purple_wall_hanging_canvas_sign: PropertyDirection{name=facing, clazz=class net.minecraft.util.EnumFacing, values=[north, south, west, east]}
farmersdelight:red_canvas_sign: PropertyInteger{name=rotation, clazz=class java.lang.Integer, values=[0, 1, 2, 3, 4, 5, 6, 7, 8, 9, 10, 11, 12, 13, 14, 15]}
farmersdelight:red_canvas_wall_sign: PropertyDirection{name=facing, clazz=class net.minecraft.util.EnumFacing, values=[north, south, west, east]}
farmersdelight:red_hanging_canvas_sign: PropertyInteger{name=rotation, clazz=class java.lang.Integer, values=[0, 1, 2, 3, 4, 5, 6, 7, 8, 9, 10, 11, 12, 13, 14, 15]}
farmersdelight:red_mushroom_colony: PropertyInteger{name=age, clazz=class java.lang.Integer, values=[0, 1, 2, 3]}
farmersdelight:red_wall_hanging_canvas_sign: PropertyDirection{name=facing, clazz=class net.minecraft.util.EnumFacing, values=[north, south, west, east]}
farmersdelight:rice: PropertyInteger{name=age, clazz=class java.lang.Integer, values=[0, 1, 2, 3]}, PropertyBool{name=supporting, clazz=class java.lang.Boolean, values=[true, false]}
farmersdelight:rice_bag: 
farmersdelight:rice_bale: PropertyDirection{name=facing, clazz=class net.minecraft.util.EnumFacing, values=[down, up, north, south, west, east]}
farmersdelight:rice_panicles: PropertyInteger{name=age, clazz=class java.lang.Integer, values=[0, 1, 2, 3]}
farmersdelight:rice_roll_medley_block: PropertyDirection{name=facing, clazz=class net.minecraft.util.EnumFacing, values=[north, south, west, east]}, PropertyInteger{name=servings, clazz=class java.lang.Integer, values=[0, 1, 2, 3, 4, 5, 6, 7, 8]}
farmersdelight:rich_soil: 
farmersdelight:rich_soil_farmland: PropertyInteger{name=moisture, clazz=class java.lang.Integer, values=[0, 1, 2, 3, 4, 5, 6, 7]}
farmersdelight:roast_chicken_block: PropertyDirection{name=facing, clazz=class net.minecraft.util.EnumFacing, values=[north, south, west, east]}, PropertyInteger{name=servings, clazz=class java.lang.Integer, values=[0, 1, 2, 3, 4]}
farmersdelight:rope: PropertyBool{name=east, clazz=class java.lang.Boolean, values=[true, false]}, PropertyBool{name=north, clazz=class java.lang.Boolean, values=[true, false]}, PropertyBool{name=south, clazz=class java.lang.Boolean, values=[true, false]}, PropertyBool{name=tied_to_bell, clazz=class java.lang.Boolean, values=[true, false]}, PropertyBool{name=west, clazz=class java.lang.Boolean, values=[true, false]}
farmersdelight:safety_net: 
farmersdelight:sandy_shrub: 
farmersdelight:shepherds_pie_block: PropertyDirection{name=facing, clazz=class net.minecraft.util.EnumFacing, values=[north, south, west, east]}, PropertyInteger{name=servings, clazz=class java.lang.Integer, values=[0, 1, 2, 3, 4]}
farmersdelight:skillet: PropertyDirection{name=facing, clazz=class net.minecraft.util.EnumFacing, values=[north, south, west, east]}, PropertyBool{name=support, clazz=class java.lang.Boolean, values=[true, false]}
farmersdelight:spruce_cabinet: PropertyDirection{name=facing, clazz=class net.minecraft.util.EnumFacing, values=[north, south, west, east]}, PropertyBool{name=open, clazz=class java.lang.Boolean, values=[true, false]}
farmersdelight:stove: PropertyDirection{name=facing, clazz=class net.minecraft.util.EnumFacing, values=[north, south, west, east]}, PropertyBool{name=lit, clazz=class java.lang.Boolean, values=[true, false]}
farmersdelight:straw_bale: PropertyEnum{name=axis, clazz=class net.minecraft.util.EnumFacing$Axis, values=[x, y, z]}
farmersdelight:stuffed_pumpkin_block: PropertyDirection{name=facing, clazz=class net.minecraft.util.EnumFacing, values=[north, south, west, east]}, PropertyInteger{name=servings, clazz=class java.lang.Integer, values=[0, 1, 2, 3, 4]}
farmersdelight:sweet_berry_cheesecake: PropertyInteger{name=bites, clazz=class java.lang.Integer, values=[0, 1, 2, 3]}, PropertyDirection{name=facing, clazz=class net.minecraft.util.EnumFacing, values=[north, south, west, east]}
farmersdelight:tatami: PropertyDirection{name=facing, clazz=class net.minecraft.util.EnumFacing, values=[down, up, north, south, west, east]}, PropertyBool{name=paired, clazz=class java.lang.Boolean, values=[true, false]}
farmersdelight:tomato_crate: 
farmersdelight:tomatoes: PropertyInteger{name=age, clazz=class java.lang.Integer, values=[0, 1, 2, 3, 4, 5, 6, 7]}, PropertyBool{name=ropelogged, clazz=class java.lang.Boolean, values=[true, false]}
farmersdelight:wall_hanging_canvas_sign: PropertyDirection{name=facing, clazz=class net.minecraft.util.EnumFacing, values=[north, south, west, east]}
farmersdelight:warped_cabinet: PropertyDirection{name=facing, clazz=class net.minecraft.util.EnumFacing, values=[north, south, west, east]}, PropertyBool{name=open, clazz=class java.lang.Boolean, values=[true, false]}
farmersdelight:white_canvas_sign: PropertyInteger{name=rotation, clazz=class java.lang.Integer, values=[0, 1, 2, 3, 4, 5, 6, 7, 8, 9, 10, 11, 12, 13, 14, 15]}
farmersdelight:white_canvas_wall_sign: PropertyDirection{name=facing, clazz=class net.minecraft.util.EnumFacing, values=[north, south, west, east]}
farmersdelight:white_hanging_canvas_sign: PropertyInteger{name=rotation, clazz=class java.lang.Integer, values=[0, 1, 2, 3, 4, 5, 6, 7, 8, 9, 10, 11, 12, 13, 14, 15]}
farmersdelight:white_wall_hanging_canvas_sign: PropertyDirection{name=facing, clazz=class net.minecraft.util.EnumFacing, values=[north, south, west, east]}
farmersdelight:wild_beetroots: 
farmersdelight:wild_cabbages: 
farmersdelight:wild_carrots: 
farmersdelight:wild_onions: 
farmersdelight:wild_potatoes: 
farmersdelight:wild_rice: PropertyEnum{name=half, clazz=class net.minecraft.block.BlockDoublePlant$EnumBlockHalf, values=[upper, lower]}
farmersdelight:wild_tomatoes: 
farmersdelight:yellow_canvas_sign: PropertyInteger{name=rotation, clazz=class java.lang.Integer, values=[0, 1, 2, 3, 4, 5, 6, 7, 8, 9, 10, 11, 12, 13, 14, 15]}
farmersdelight:yellow_canvas_wall_sign: PropertyDirection{name=facing, clazz=class net.minecraft.util.EnumFacing, values=[north, south, west, east]}
farmersdelight:yellow_hanging_canvas_sign: PropertyInteger{name=rotation, clazz=class java.lang.Integer, values=[0, 1, 2, 3, 4, 5, 6, 7, 8, 9, 10, 11, 12, 13, 14, 15]}
farmersdelight:yellow_wall_hanging_canvas_sign: PropertyDirection{name=facing, clazz=class net.minecraft.util.EnumFacing, values=[north, south, west, east]}
fishingmadebetter:baitbox: 
futuremc:acacia_standing_sign: PropertyInteger{name=rotation, clazz=class java.lang.Integer, values=[0, 1, 2, 3, 4, 5, 6, 7, 8, 9, 10, 11, 12, 13, 14, 15]}
futuremc:acacia_trapdoor: PropertyDirection{name=facing, clazz=class net.minecraft.util.EnumFacing, values=[north, south, west, east]}, PropertyEnum{name=half, clazz=class net.minecraft.block.BlockTrapDoor$DoorHalf, values=[top, bottom]}, PropertyBool{name=open, clazz=class java.lang.Boolean, values=[true, false]}
futuremc:acacia_wall_sign: PropertyDirection{name=facing, clazz=class net.minecraft.util.EnumFacing, values=[north, south, west, east]}
futuremc:acacia_wood: PropertyEnum{name=axis, clazz=class net.minecraft.util.EnumFacing$Axis, values=[x, y, z]}
futuremc:ancient_debris: 
futuremc:andesite_wall: PropertyBool{name=east, clazz=class java.lang.Boolean, values=[true, false]}, PropertyBool{name=north, clazz=class java.lang.Boolean, values=[true, false]}, PropertyBool{name=south, clazz=class java.lang.Boolean, values=[true, false]}, PropertyBool{name=up, clazz=class java.lang.Boolean, values=[true, false]}, PropertyBool{name=west, clazz=class java.lang.Boolean, values=[true, false]}
futuremc:bamboo: PropertyEnum{name=leaves, clazz=class thedarkcolour.futuremc.block.villagepillage.BlockBamboo$EnumLeaves, values=[NO_LEAVES, SMALL_LEAVES, LARGE_LEAVES]}, PropertyBool{name=mature, clazz=class java.lang.Boolean, values=[true, false]}, PropertyBool{name=thick, clazz=class java.lang.Boolean, values=[true, false]}
futuremc:barrel: PropertyDirection{name=facing, clazz=class net.minecraft.util.EnumFacing, values=[down, up, north, south, west, east]}, PropertyBool{name=open, clazz=class java.lang.Boolean, values=[true, false]}
futuremc:bee_nest: PropertyDirection{name=facing, clazz=class net.minecraft.util.EnumFacing, values=[north, south, west, east]}, PropertyBool{name=full, clazz=class java.lang.Boolean, values=[true, false]}
futuremc:beehive: PropertyDirection{name=facing, clazz=class net.minecraft.util.EnumFacing, values=[north, south, west, east]}, PropertyBool{name=full, clazz=class java.lang.Boolean, values=[true, false]}
futuremc:bell: PropertyEnum{name=attachment, clazz=class thedarkcolour.futuremc.block.villagepillage.BlockBell$BellAttachment, values=[FLOOR, CEILING, SINGLE_WALL, DOUBLE_WALL]}, PropertyDirection{name=facing, clazz=class net.minecraft.util.EnumFacing, values=[north, south, west, east]}
futuremc:birch_standing_sign: PropertyInteger{name=rotation, clazz=class java.lang.Integer, values=[0, 1, 2, 3, 4, 5, 6, 7, 8, 9, 10, 11, 12, 13, 14, 15]}
futuremc:birch_trapdoor: PropertyDirection{name=facing, clazz=class net.minecraft.util.EnumFacing, values=[north, south, west, east]}, PropertyEnum{name=half, clazz=class net.minecraft.block.BlockTrapDoor$DoorHalf, values=[top, bottom]}, PropertyBool{name=open, clazz=class java.lang.Boolean, values=[true, false]}
futuremc:birch_wall_sign: PropertyDirection{name=facing, clazz=class net.minecraft.util.EnumFacing, values=[north, south, west, east]}
futuremc:birch_wood: PropertyEnum{name=axis, clazz=class net.minecraft.util.EnumFacing$Axis, values=[x, y, z]}
futuremc:blast_furnace: PropertyDirection{name=facing, clazz=class net.minecraft.util.EnumFacing, values=[north, south, west, east]}, PropertyBool{name=lit, clazz=class java.lang.Boolean, values=[true, false]}
futuremc:blue_ice: 
futuremc:brick_wall: PropertyBool{name=east, clazz=class java.lang.Boolean, values=[true, false]}, PropertyBool{name=north, clazz=class java.lang.Boolean, values=[true, false]}, PropertyBool{name=south, clazz=class java.lang.Boolean, values=[true, false]}, PropertyBool{name=up, clazz=class java.lang.Boolean, values=[true, false]}, PropertyBool{name=west, clazz=class java.lang.Boolean, values=[true, false]}
futuremc:campfire: PropertyDirection{name=facing, clazz=class net.minecraft.util.EnumFacing, values=[north, south, west, east]}, PropertyBool{name=lit, clazz=class java.lang.Boolean, values=[true, false]}, PropertyBool{name=signal, clazz=class java.lang.Boolean, values=[true, false]}
futuremc:cartography_table: PropertyDirection{name=facing, clazz=class net.minecraft.util.EnumFacing, values=[north, south, west, east]}
futuremc:chain: 
futuremc:composter: PropertyInteger{name=level, clazz=class java.lang.Integer, values=[0, 1, 2, 3, 4, 5, 6, 7, 8]}
futuremc:cornflower: 
futuremc:dark_oak_standing_sign: PropertyInteger{name=rotation, clazz=class java.lang.Integer, values=[0, 1, 2, 3, 4, 5, 6, 7, 8, 9, 10, 11, 12, 13, 14, 15]}
futuremc:dark_oak_trapdoor: PropertyDirection{name=facing, clazz=class net.minecraft.util.EnumFacing, values=[north, south, west, east]}, PropertyEnum{name=half, clazz=class net.minecraft.block.BlockTrapDoor$DoorHalf, values=[top, bottom]}, PropertyBool{name=open, clazz=class java.lang.Boolean, values=[true, false]}
futuremc:dark_oak_wall_sign: PropertyDirection{name=facing, clazz=class net.minecraft.util.EnumFacing, values=[north, south, west, east]}
futuremc:dark_oak_wood: PropertyEnum{name=axis, clazz=class net.minecraft.util.EnumFacing$Axis, values=[x, y, z]}
futuremc:diorite_wall: PropertyBool{name=east, clazz=class java.lang.Boolean, values=[true, false]}, PropertyBool{name=north, clazz=class java.lang.Boolean, values=[true, false]}, PropertyBool{name=south, clazz=class java.lang.Boolean, values=[true, false]}, PropertyBool{name=up, clazz=class java.lang.Boolean, values=[true, false]}, PropertyBool{name=west, clazz=class java.lang.Boolean, values=[true, false]}
futuremc:end_stone_brick_wall: PropertyBool{name=east, clazz=class java.lang.Boolean, values=[true, false]}, PropertyBool{name=north, clazz=class java.lang.Boolean, values=[true, false]}, PropertyBool{name=south, clazz=class java.lang.Boolean, values=[true, false]}, PropertyBool{name=up, clazz=class java.lang.Boolean, values=[true, false]}, PropertyBool{name=west, clazz=class java.lang.Boolean, values=[true, false]}
futuremc:fletching_table: PropertyDirection{name=facing, clazz=class net.minecraft.util.EnumFacing, values=[north, south, west, east]}
futuremc:granite_wall: PropertyBool{name=east, clazz=class java.lang.Boolean, values=[true, false]}, PropertyBool{name=north, clazz=class java.lang.Boolean, values=[true, false]}, PropertyBool{name=south, clazz=class java.lang.Boolean, values=[true, false]}, PropertyBool{name=up, clazz=class java.lang.Boolean, values=[true, false]}, PropertyBool{name=west, clazz=class java.lang.Boolean, values=[true, false]}
futuremc:honey_block: 
futuremc:honeycomb_block: 
futuremc:jungle_standing_sign: PropertyInteger{name=rotation, clazz=class java.lang.Integer, values=[0, 1, 2, 3, 4, 5, 6, 7, 8, 9, 10, 11, 12, 13, 14, 15]}
futuremc:jungle_trapdoor: PropertyDirection{name=facing, clazz=class net.minecraft.util.EnumFacing, values=[north, south, west, east]}, PropertyEnum{name=half, clazz=class net.minecraft.block.BlockTrapDoor$DoorHalf, values=[top, bottom]}, PropertyBool{name=open, clazz=class java.lang.Boolean, values=[true, false]}
futuremc:jungle_wall_sign: PropertyDirection{name=facing, clazz=class net.minecraft.util.EnumFacing, values=[north, south, west, east]}
futuremc:jungle_wood: PropertyEnum{name=axis, clazz=class net.minecraft.util.EnumFacing$Axis, values=[x, y, z]}
futuremc:lantern: PropertyBool{name=hanging, clazz=class java.lang.Boolean, values=[true, false]}
futuremc:lily_of_the_valley: 
futuremc:loom: PropertyDirection{name=facing, clazz=class net.minecraft.util.EnumFacing, values=[north, south, west, east]}
futuremc:mossy_stone_brick_wall: PropertyBool{name=east, clazz=class java.lang.Boolean, values=[true, false]}, PropertyBool{name=north, clazz=class java.lang.Boolean, values=[true, false]}, PropertyBool{name=south, clazz=class java.lang.Boolean, values=[true, false]}, PropertyBool{name=up, clazz=class java.lang.Boolean, values=[true, false]}, PropertyBool{name=west, clazz=class java.lang.Boolean, values=[true, false]}
futuremc:nether_brick_wall: PropertyBool{name=east, clazz=class java.lang.Boolean, values=[true, false]}, PropertyBool{name=north, clazz=class java.lang.Boolean, values=[true, false]}, PropertyBool{name=south, clazz=class java.lang.Boolean, values=[true, false]}, PropertyBool{name=up, clazz=class java.lang.Boolean, values=[true, false]}, PropertyBool{name=west, clazz=class java.lang.Boolean, values=[true, false]}
futuremc:netherite_block: 
futuremc:oak_wood: PropertyEnum{name=axis, clazz=class net.minecraft.util.EnumFacing$Axis, values=[x, y, z]}
futuremc:prismarine_wall: PropertyBool{name=east, clazz=class java.lang.Boolean, values=[true, false]}, PropertyBool{name=north, clazz=class java.lang.Boolean, values=[true, false]}, PropertyBool{name=south, clazz=class java.lang.Boolean, values=[true, false]}, PropertyBool{name=up, clazz=class java.lang.Boolean, values=[true, false]}, PropertyBool{name=west, clazz=class java.lang.Boolean, values=[true, false]}
futuremc:red_nether_brick_wall: PropertyBool{name=east, clazz=class java.lang.Boolean, values=[true, false]}, PropertyBool{name=north, clazz=class java.lang.Boolean, values=[true, false]}, PropertyBool{name=south, clazz=class java.lang.Boolean, values=[true, false]}, PropertyBool{name=up, clazz=class java.lang.Boolean, values=[true, false]}, PropertyBool{name=west, clazz=class java.lang.Boolean, values=[true, false]}
futuremc:red_sandstone_wall: PropertyBool{name=east, clazz=class java.lang.Boolean, values=[true, false]}, PropertyBool{name=north, clazz=class java.lang.Boolean, values=[true, false]}, PropertyBool{name=south, clazz=class java.lang.Boolean, values=[true, false]}, PropertyBool{name=up, clazz=class java.lang.Boolean, values=[true, false]}, PropertyBool{name=west, clazz=class java.lang.Boolean, values=[true, false]}
futuremc:sandstone_wall: PropertyBool{name=east, clazz=class java.lang.Boolean, values=[true, false]}, PropertyBool{name=north, clazz=class java.lang.Boolean, values=[true, false]}, PropertyBool{name=south, clazz=class java.lang.Boolean, values=[true, false]}, PropertyBool{name=up, clazz=class java.lang.Boolean, values=[true, false]}, PropertyBool{name=west, clazz=class java.lang.Boolean, values=[true, false]}
futuremc:scaffolding: PropertyBool{name=bottom, clazz=class java.lang.Boolean, values=[true, false]}, PropertyInteger{name=distance, clazz=class java.lang.Integer, values=[0, 1, 2, 3, 4, 5, 6, 7]}
futuremc:smithing_table: PropertyDirection{name=facing, clazz=class net.minecraft.util.EnumFacing, values=[north, south, west, east]}
futuremc:smoker: PropertyDirection{name=facing, clazz=class net.minecraft.util.EnumFacing, values=[north, south, west, east]}, PropertyBool{name=lit, clazz=class java.lang.Boolean, values=[true, false]}
futuremc:smooth_quartz: 
futuremc:smooth_red_sandstone: 
futuremc:smooth_sandstone: 
futuremc:smooth_stone: 
futuremc:soul_fire_lantern: PropertyBool{name=hanging, clazz=class java.lang.Boolean, values=[true, false]}
futuremc:soul_fire_torch: PropertyDirection{name=facing, clazz=class net.minecraft.util.EnumFacing, values=[up, north, south, west, east]}
futuremc:soul_soil: 
futuremc:spruce_standing_sign: PropertyInteger{name=rotation, clazz=class java.lang.Integer, values=[0, 1, 2, 3, 4, 5, 6, 7, 8, 9, 10, 11, 12, 13, 14, 15]}
futuremc:spruce_trapdoor: PropertyDirection{name=facing, clazz=class net.minecraft.util.EnumFacing, values=[north, south, west, east]}, PropertyEnum{name=half, clazz=class net.minecraft.block.BlockTrapDoor$DoorHalf, values=[top, bottom]}, PropertyBool{name=open, clazz=class java.lang.Boolean, values=[true, false]}
futuremc:spruce_wall_sign: PropertyDirection{name=facing, clazz=class net.minecraft.util.EnumFacing, values=[north, south, west, east]}
futuremc:spruce_wood: PropertyEnum{name=axis, clazz=class net.minecraft.util.EnumFacing$Axis, values=[x, y, z]}
futuremc:stone_brick_wall: PropertyBool{name=east, clazz=class java.lang.Boolean, values=[true, false]}, PropertyBool{name=north, clazz=class java.lang.Boolean, values=[true, false]}, PropertyBool{name=south, clazz=class java.lang.Boolean, values=[true, false]}, PropertyBool{name=up, clazz=class java.lang.Boolean, values=[true, false]}, PropertyBool{name=west, clazz=class java.lang.Boolean, values=[true, false]}
futuremc:stonecutter: PropertyDirection{name=facing, clazz=class net.minecraft.util.EnumFacing, values=[north, south, west, east]}
futuremc:stripped_acacia_log: PropertyEnum{name=axis, clazz=class net.minecraft.block.BlockLog$EnumAxis, values=[x, y, z, none]}
futuremc:stripped_acacia_wood: PropertyEnum{name=axis, clazz=class net.minecraft.util.EnumFacing$Axis, values=[x, y, z]}
futuremc:stripped_birch_log: PropertyEnum{name=axis, clazz=class net.minecraft.block.BlockLog$EnumAxis, values=[x, y, z, none]}
futuremc:stripped_birch_wood: PropertyEnum{name=axis, clazz=class net.minecraft.util.EnumFacing$Axis, values=[x, y, z]}
futuremc:stripped_dark_oak_log: PropertyEnum{name=axis, clazz=class net.minecraft.block.BlockLog$EnumAxis, values=[x, y, z, none]}
futuremc:stripped_dark_oak_wood: PropertyEnum{name=axis, clazz=class net.minecraft.util.EnumFacing$Axis, values=[x, y, z]}
futuremc:stripped_jungle_log: PropertyEnum{name=axis, clazz=class net.minecraft.block.BlockLog$EnumAxis, values=[x, y, z, none]}
futuremc:stripped_jungle_wood: PropertyEnum{name=axis, clazz=class net.minecraft.util.EnumFacing$Axis, values=[x, y, z]}
futuremc:stripped_oak_log: PropertyEnum{name=axis, clazz=class net.minecraft.block.BlockLog$EnumAxis, values=[x, y, z, none]}
futuremc:stripped_oak_wood: PropertyEnum{name=axis, clazz=class net.minecraft.util.EnumFacing$Axis, values=[x, y, z]}
futuremc:stripped_spruce_log: PropertyEnum{name=axis, clazz=class net.minecraft.block.BlockLog$EnumAxis, values=[x, y, z, none]}
futuremc:stripped_spruce_wood: PropertyEnum{name=axis, clazz=class net.minecraft.util.EnumFacing$Axis, values=[x, y, z]}
futuremc:wither_rose: 
golems:golem_head: PropertyDirection{name=facing, clazz=class net.minecraft.util.EnumFacing, values=[north, south, west, east]}
golems:light_provider_full: PropertyInteger{name=light, clazz=class java.lang.Integer, values=[0, 1, 2, 3, 4, 5, 6, 7, 8, 9, 10, 11, 12, 13, 14, 15]}
golems:power_provider_all: PropertyInteger{name=power, clazz=class java.lang.Integer, values=[0, 1, 2, 3, 4, 5, 6, 7, 8, 9, 10, 11, 12, 13, 14, 15]}
golems:water_light_provider_full: PropertyInteger{name=level, clazz=class java.lang.Integer, values=[0, 1, 2, 3, 4, 5, 6, 7, 8, 9, 10, 11, 12, 13, 14, 15]}, PropertyInteger{name=light, clazz=class java.lang.Integer, values=[0, 1, 2, 3, 4, 5, 6, 7, 8, 9, 10, 11, 12, 13, 14, 15]}
grimoireofgaia:block_pearl: 
grimoireofgaia:bust_gorgon: PropertyEnum{name=type, clazz=class gaia.block.BlockDecoration$EnumType, values=[NORTH, SOUTH, WEST, EAST]}
grimoireofgaia:bust_sphinx: PropertyEnum{name=type, clazz=class gaia.block.BlockDecoration$EnumType, values=[NORTH, SOUTH, WEST, EAST]}
grimoireofgaia:bust_valkyrie: PropertyEnum{name=type, clazz=class gaia.block.BlockDecoration$EnumType, values=[NORTH, SOUTH, WEST, EAST]}
grimoireofgaia:bust_vampire: PropertyEnum{name=type, clazz=class gaia.block.BlockDecoration$EnumType, values=[NORTH, SOUTH, WEST, EAST]}
grimoireofgaia:deco_bust_minotaur: PropertyEnum{name=type, clazz=class gaia.block.BlockDecoration$EnumType, values=[NORTH, SOUTH, WEST, EAST]}
grimoireofgaia:deco_garden_gnome: PropertyEnum{name=type, clazz=class gaia.block.BlockDecoration$EnumType, values=[NORTH, SOUTH, WEST, EAST]}
grimoireofgaia:deco_mandragora_pot: PropertyEnum{name=type, clazz=class gaia.block.BlockDecoration$EnumType, values=[NORTH, SOUTH, WEST, EAST]}
grimoireofgaia:deco_nest_harpy: PropertyEnum{name=type, clazz=class gaia.block.BlockDecoration$EnumType, values=[NORTH, SOUTH, WEST, EAST]}
grimoireofgaia:doll_creeper_girl: PropertyEnum{name=type, clazz=class gaia.block.BlockDecoration$EnumType, values=[NORTH, SOUTH, WEST, EAST]}
grimoireofgaia:doll_dryad: PropertyEnum{name=type, clazz=class gaia.block.BlockDecoration$EnumType, values=[NORTH, SOUTH, WEST, EAST]}
grimoireofgaia:doll_dullahan: PropertyEnum{name=type, clazz=class gaia.block.BlockDecoration$EnumType, values=[NORTH, SOUTH, WEST, EAST]}
grimoireofgaia:doll_ender_girl: PropertyEnum{name=type, clazz=class gaia.block.BlockDecoration$EnumType, values=[NORTH, SOUTH, WEST, EAST]}
grimoireofgaia:doll_maid: PropertyEnum{name=type, clazz=class gaia.block.BlockDecoration$EnumType, values=[NORTH, SOUTH, WEST, EAST]}
grimoireofgaia:doll_mermaid: PropertyEnum{name=type, clazz=class gaia.block.BlockDecoration$EnumType, values=[NORTH, SOUTH, WEST, EAST]}
grimoireofgaia:doll_nine_tails: PropertyEnum{name=type, clazz=class gaia.block.BlockDecoration$EnumType, values=[NORTH, SOUTH, WEST, EAST]}
grimoireofgaia:doll_slime_girl: PropertyEnum{name=type, clazz=class gaia.block.BlockDecoration$EnumType, values=[NORTH, SOUTH, WEST, EAST]}
grimoireofgaia:fire_camp: 
grimoireofgaia:spawn_guard: PropertyEnum{name=type, clazz=class gaia.block.BlockSpawnGuard$EnumType, values=[NORTH, SOUTH, WEST, EAST, UP_NORTH, UP_SOUTH, UP_WEST, UP_EAST, VERTICAL_NORTH, VERTICAL_SOUTH, VERTICAL_WEST, VERTICAL_EAST]}
grimoireofgaia:web_temp: 
iceandfire:amythest_block: 
iceandfire:amythest_ore: 
iceandfire:ash: 
iceandfire:burnt_torch: PropertyDirection{name=facing, clazz=class net.minecraft.util.EnumFacing, values=[up, north, south, west, east]}
iceandfire:chared_cobblestone: PropertyBool{name=revert, clazz=class java.lang.Boolean, values=[true, false]}
iceandfire:chared_dirt: PropertyBool{name=revert, clazz=class java.lang.Boolean, values=[true, false]}
iceandfire:chared_grass: PropertyBool{name=revert, clazz=class java.lang.Boolean, values=[true, false]}
iceandfire:chared_grass_path: PropertyBool{name=revert, clazz=class java.lang.Boolean, values=[true, false]}
iceandfire:chared_gravel: PropertyBool{name=revert, clazz=class java.lang.Boolean, values=[true, false]}
iceandfire:chared_stone: PropertyBool{name=revert, clazz=class java.lang.Boolean, values=[true, false]}
iceandfire:copper_block: 
iceandfire:copper_ore: 
iceandfire:copperpile: PropertyInteger{name=layers, clazz=class java.lang.Integer, values=[1, 2, 3, 4, 5, 6, 7, 8]}
iceandfire:crackled_cobblestone: PropertyBool{name=revert, clazz=class java.lang.Boolean, values=[true, false]}
iceandfire:crackled_dirt: PropertyBool{name=revert, clazz=class java.lang.Boolean, values=[true, false]}
iceandfire:crackled_grass: PropertyBool{name=revert, clazz=class java.lang.Boolean, values=[true, false]}
iceandfire:crackled_grass_path: PropertyBool{name=revert, clazz=class java.lang.Boolean, values=[true, false]}
iceandfire:crackled_gravel: PropertyBool{name=revert, clazz=class java.lang.Boolean, values=[true, false]}
iceandfire:crackled_stone: PropertyBool{name=revert, clazz=class java.lang.Boolean, values=[true, false]}
iceandfire:desert_myrmex_cocoon: 
iceandfire:dragon_bone_block: PropertyEnum{name=axis, clazz=class net.minecraft.util.EnumFacing$Axis, values=[x, y, z]}
iceandfire:dragon_bone_wall: PropertyBool{name=east, clazz=class java.lang.Boolean, values=[true, false]}, PropertyBool{name=north, clazz=class java.lang.Boolean, values=[true, false]}, PropertyBool{name=south, clazz=class java.lang.Boolean, values=[true, false]}, PropertyBool{name=up, clazz=class java.lang.Boolean, values=[true, false]}, PropertyEnum{name=variant, clazz=class net.minecraft.block.BlockWall$EnumType, values=[cobblestone, mossy_cobblestone]}, PropertyBool{name=west, clazz=class java.lang.Boolean, values=[true, false]}
iceandfire:dragon_ice: 
iceandfire:dragon_ice_spikes: PropertyDirection{name=facing, clazz=class net.minecraft.util.EnumFacing, values=[down, up, north, south, west, east]}
iceandfire:dragonforge_fire_brick: PropertyBool{name=grill, clazz=class java.lang.Boolean, values=[true, false]}
iceandfire:dragonforge_fire_core: 
iceandfire:dragonforge_fire_core_disabled: 
iceandfire:dragonforge_fire_input: PropertyBool{name=active, clazz=class java.lang.Boolean, values=[true, false]}
iceandfire:dragonforge_ice_brick: PropertyBool{name=grill, clazz=class java.lang.Boolean, values=[true, false]}
iceandfire:dragonforge_ice_core: 
iceandfire:dragonforge_ice_core_disabled: 
iceandfire:dragonforge_ice_input: PropertyBool{name=active, clazz=class java.lang.Boolean, values=[true, false]}
iceandfire:dragonforge_lightning_brick: PropertyBool{name=grill, clazz=class java.lang.Boolean, values=[true, false]}
iceandfire:dragonforge_lightning_core: 
iceandfire:dragonforge_lightning_core_disabled: 
iceandfire:dragonforge_lightning_input: PropertyBool{name=active, clazz=class java.lang.Boolean, values=[true, false]}
iceandfire:dragonscale_amythest: 
iceandfire:dragonscale_black: 
iceandfire:dragonscale_blue: 
iceandfire:dragonscale_bronze: 
iceandfire:dragonscale_copper: 
iceandfire:dragonscale_electric: 
iceandfire:dragonscale_gray: 
iceandfire:dragonscale_green: 
iceandfire:dragonscale_red: 
iceandfire:dragonscale_sapphire: 
iceandfire:dragonscale_silver: 
iceandfire:dragonscale_white: 
iceandfire:dragonsteel_fire_block: 
iceandfire:dragonsteel_ice_block: 
iceandfire:dragonsteel_lightning_block: 
iceandfire:dread_portal: 
iceandfire:dread_spawner: 
iceandfire:dread_stone: PropertyBool{name=player_placed, clazz=class java.lang.Boolean, values=[true, false]}
iceandfire:dread_stone_bricks: PropertyBool{name=player_placed, clazz=class java.lang.Boolean, values=[true, false]}
iceandfire:dread_stone_bricks_chiseled: PropertyBool{name=player_placed, clazz=class java.lang.Boolean, values=[true, false]}
iceandfire:dread_stone_bricks_cracked: PropertyBool{name=player_placed, clazz=class java.lang.Boolean, values=[true, false]}
iceandfire:dread_stone_bricks_mossy: PropertyBool{name=player_placed, clazz=class java.lang.Boolean, values=[true, false]}
iceandfire:dread_stone_face: PropertyDirection{name=facing, clazz=class net.minecraft.util.EnumFacing, values=[north, south, west, east]}, PropertyBool{name=player_placed, clazz=class java.lang.Boolean, values=[true, false]}
iceandfire:dread_stone_slab: PropertyEnum{name=half, clazz=class net.minecraft.block.BlockSlab$EnumBlockHalf, values=[top, bottom]}
iceandfire:dread_stone_slab_double: 
iceandfire:dread_stone_stairs: PropertyDirection{name=facing, clazz=class net.minecraft.util.EnumFacing, values=[north, south, west, east]}, PropertyEnum{name=half, clazz=class net.minecraft.block.BlockStairs$EnumHalf, values=[top, bottom]}, PropertyEnum{name=shape, clazz=class net.minecraft.block.BlockStairs$EnumShape, values=[straight, inner_left, inner_right, outer_left, outer_right]}
iceandfire:dread_stone_tile: PropertyBool{name=player_placed, clazz=class java.lang.Boolean, values=[true, false]}
iceandfire:dread_torch: PropertyDirection{name=facing, clazz=class net.minecraft.util.EnumFacing, values=[up, north, south, west, east]}
iceandfire:dreadwood_log: PropertyEnum{name=axis, clazz=class net.minecraft.util.EnumFacing$Axis, values=[x, y, z]}
iceandfire:dreadwood_planks: PropertyBool{name=player_placed, clazz=class java.lang.Boolean, values=[true, false]}
iceandfire:dreadwood_planks_lock: PropertyBool{name=player_placed, clazz=class java.lang.Boolean, values=[true, false]}
iceandfire:egginice: 
iceandfire:fire_lily: 
iceandfire:frost_lily: 
iceandfire:frozen_cobblestone: PropertyBool{name=revert, clazz=class java.lang.Boolean, values=[true, false]}
iceandfire:frozen_dirt: PropertyBool{name=revert, clazz=class java.lang.Boolean, values=[true, false]}
iceandfire:frozen_grass: PropertyBool{name=revert, clazz=class java.lang.Boolean, values=[true, false]}
iceandfire:frozen_grass_path: PropertyBool{name=revert, clazz=class java.lang.Boolean, values=[true, false]}
iceandfire:frozen_gravel: PropertyBool{name=revert, clazz=class java.lang.Boolean, values=[true, false]}
iceandfire:frozen_splinters: 
iceandfire:frozen_stone: PropertyBool{name=revert, clazz=class java.lang.Boolean, values=[true, false]}
iceandfire:goldpile: PropertyInteger{name=layers, clazz=class java.lang.Integer, values=[1, 2, 3, 4, 5, 6, 7, 8]}
iceandfire:jar_empty: 
iceandfire:jar_pixie: 
iceandfire:jungle_myrmex_cocoon: 
iceandfire:lectern: PropertyDirection{name=facing, clazz=class net.minecraft.util.EnumFacing, values=[north, south, west, east]}
iceandfire:lightning_lily: 
iceandfire:myrmex_desert_biolight: PropertyBool{name=down, clazz=class java.lang.Boolean, values=[true, false]}
iceandfire:myrmex_desert_resin_block: PropertyBool{name=down, clazz=class java.lang.Boolean, values=[true, false]}, PropertyBool{name=east, clazz=class java.lang.Boolean, values=[true, false]}, PropertyBool{name=north, clazz=class java.lang.Boolean, values=[true, false]}, PropertyBool{name=south, clazz=class java.lang.Boolean, values=[true, false]}, PropertyBool{name=up, clazz=class java.lang.Boolean, values=[true, false]}, PropertyBool{name=west, clazz=class java.lang.Boolean, values=[true, false]}
iceandfire:myrmex_desert_resin_glass: PropertyBool{name=down, clazz=class java.lang.Boolean, values=[true, false]}, PropertyBool{name=east, clazz=class java.lang.Boolean, values=[true, false]}, PropertyBool{name=north, clazz=class java.lang.Boolean, values=[true, false]}, PropertyBool{name=south, clazz=class java.lang.Boolean, values=[true, false]}, PropertyBool{name=up, clazz=class java.lang.Boolean, values=[true, false]}, PropertyBool{name=west, clazz=class java.lang.Boolean, values=[true, false]}
iceandfire:myrmex_jungle_biolight: PropertyBool{name=down, clazz=class java.lang.Boolean, values=[true, false]}
iceandfire:myrmex_jungle_resin_block: PropertyBool{name=down, clazz=class java.lang.Boolean, values=[true, false]}, PropertyBool{name=east, clazz=class java.lang.Boolean, values=[true, false]}, PropertyBool{name=north, clazz=class java.lang.Boolean, values=[true, false]}, PropertyBool{name=south, clazz=class java.lang.Boolean, values=[true, false]}, PropertyBool{name=up, clazz=class java.lang.Boolean, values=[true, false]}, PropertyBool{name=west, clazz=class java.lang.Boolean, values=[true, false]}
iceandfire:myrmex_jungle_resin_glass: PropertyBool{name=down, clazz=class java.lang.Boolean, values=[true, false]}, PropertyBool{name=east, clazz=class java.lang.Boolean, values=[true, false]}, PropertyBool{name=north, clazz=class java.lang.Boolean, values=[true, false]}, PropertyBool{name=south, clazz=class java.lang.Boolean, values=[true, false]}, PropertyBool{name=up, clazz=class java.lang.Boolean, values=[true, false]}, PropertyBool{name=west, clazz=class java.lang.Boolean, values=[true, false]}
iceandfire:myrmex_resin: PropertyEnum{name=variant, clazz=class com.github.alexthe666.iceandfire.block.BlockMyrmexResin$EnumType, values=[desert, jungle]}
iceandfire:myrmex_resin_sticky: PropertyEnum{name=variant, clazz=class com.github.alexthe666.iceandfire.block.BlockMyrmexResin$EnumType, values=[desert, jungle]}
iceandfire:nest: 
iceandfire:pixie_house: PropertyDirection{name=facing, clazz=class net.minecraft.util.EnumFacing, values=[north, south, west, east]}
iceandfire:podium: PropertyEnum{name=variant, clazz=class com.github.alexthe666.iceandfire.block.BlockPodium$EnumType, values=[oak, spruce, birch, jungle, acacia, dark_oak]}
iceandfire:sapphire_block: 
iceandfire:sapphire_ore: 
iceandfire:sea_serpent_scale_block_blue: 
iceandfire:sea_serpent_scale_block_bronze: 
iceandfire:sea_serpent_scale_block_deepblue: 
iceandfire:sea_serpent_scale_block_green: 
iceandfire:sea_serpent_scale_block_purple: 
iceandfire:sea_serpent_scale_block_red: 
iceandfire:sea_serpent_scale_block_teal: 
iceandfire:silver_block: 
iceandfire:silver_ore: 
iceandfire:silverpile: PropertyInteger{name=layers, clazz=class java.lang.Integer, values=[1, 2, 3, 4, 5, 6, 7, 8]}
iceandfire:venerable_stump: PropertyEnum{name=part, clazz=class com.github.alexthe666.iceandfire.block.BlockVenerableStump$StumpPart, values=[NORTH_WEST, WEST, SOUTH_WEST, NORTH, MIDDLE, SOUTH, NORTH_EAST, EAST, SOUTH_EAST]}
ichunutil:compact_porkchop: 
inspirations:bookshelf: PropertyDirection{name=facing, clazz=class net.minecraft.util.EnumFacing, values=[north, south, west, east]}, PropertyEnum{name=type, clazz=class knightminer.inspirations.building.block.BlockBookshelf$BookshelfType, values=[NORMAL, RAINBOW, TOMES, ANCIENT]}
inspirations:bricks_button: PropertyDirection{name=facing, clazz=class net.minecraft.util.EnumFacing, values=[north, south, west, east]}, PropertyBool{name=powered, clazz=class java.lang.Boolean, values=[true, false]}, PropertyEnum{name=type, clazz=class knightminer.inspirations.utility.block.BlockBricksButton$BrickType, values=[BRICKS, NETHER]}
inspirations:cactus_crop: PropertyInteger{name=age, clazz=class java.lang.Integer, values=[0, 1, 2, 3, 4, 5, 6]}
inspirations:carpeted_pressure_plate_1: PropertyEnum{name=color, clazz=class net.minecraft.item.EnumDyeColor, values=[white, orange, magenta, lightBlue, yellow, lime, pink, gray]}, PropertyBool{name=powered, clazz=class java.lang.Boolean, values=[true, false]}
inspirations:carpeted_pressure_plate_2: PropertyEnum{name=color, clazz=class net.minecraft.item.EnumDyeColor, values=[silver, cyan, purple, blue, brown, green, red, black]}, PropertyBool{name=powered, clazz=class java.lang.Boolean, values=[true, false]}
inspirations:carpeted_trapdoor_black: PropertyDirection{name=facing, clazz=class net.minecraft.util.EnumFacing, values=[north, south, west, east]}, PropertyEnum{name=half, clazz=class net.minecraft.block.BlockTrapDoor$DoorHalf, values=[top, bottom]}, PropertyBool{name=open, clazz=class java.lang.Boolean, values=[true, false]}
inspirations:carpeted_trapdoor_blue: PropertyDirection{name=facing, clazz=class net.minecraft.util.EnumFacing, values=[north, south, west, east]}, PropertyEnum{name=half, clazz=class net.minecraft.block.BlockTrapDoor$DoorHalf, values=[top, bottom]}, PropertyBool{name=open, clazz=class java.lang.Boolean, values=[true, false]}
inspirations:carpeted_trapdoor_brown: PropertyDirection{name=facing, clazz=class net.minecraft.util.EnumFacing, values=[north, south, west, east]}, PropertyEnum{name=half, clazz=class net.minecraft.block.BlockTrapDoor$DoorHalf, values=[top, bottom]}, PropertyBool{name=open, clazz=class java.lang.Boolean, values=[true, false]}
inspirations:carpeted_trapdoor_cyan: PropertyDirection{name=facing, clazz=class net.minecraft.util.EnumFacing, values=[north, south, west, east]}, PropertyEnum{name=half, clazz=class net.minecraft.block.BlockTrapDoor$DoorHalf, values=[top, bottom]}, PropertyBool{name=open, clazz=class java.lang.Boolean, values=[true, false]}
inspirations:carpeted_trapdoor_gray: PropertyDirection{name=facing, clazz=class net.minecraft.util.EnumFacing, values=[north, south, west, east]}, PropertyEnum{name=half, clazz=class net.minecraft.block.BlockTrapDoor$DoorHalf, values=[top, bottom]}, PropertyBool{name=open, clazz=class java.lang.Boolean, values=[true, false]}
inspirations:carpeted_trapdoor_green: PropertyDirection{name=facing, clazz=class net.minecraft.util.EnumFacing, values=[north, south, west, east]}, PropertyEnum{name=half, clazz=class net.minecraft.block.BlockTrapDoor$DoorHalf, values=[top, bottom]}, PropertyBool{name=open, clazz=class java.lang.Boolean, values=[true, false]}
inspirations:carpeted_trapdoor_light_blue: PropertyDirection{name=facing, clazz=class net.minecraft.util.EnumFacing, values=[north, south, west, east]}, PropertyEnum{name=half, clazz=class net.minecraft.block.BlockTrapDoor$DoorHalf, values=[top, bottom]}, PropertyBool{name=open, clazz=class java.lang.Boolean, values=[true, false]}
inspirations:carpeted_trapdoor_lime: PropertyDirection{name=facing, clazz=class net.minecraft.util.EnumFacing, values=[north, south, west, east]}, PropertyEnum{name=half, clazz=class net.minecraft.block.BlockTrapDoor$DoorHalf, values=[top, bottom]}, PropertyBool{name=open, clazz=class java.lang.Boolean, values=[true, false]}
inspirations:carpeted_trapdoor_magenta: PropertyDirection{name=facing, clazz=class net.minecraft.util.EnumFacing, values=[north, south, west, east]}, PropertyEnum{name=half, clazz=class net.minecraft.block.BlockTrapDoor$DoorHalf, values=[top, bottom]}, PropertyBool{name=open, clazz=class java.lang.Boolean, values=[true, false]}
inspirations:carpeted_trapdoor_orange: PropertyDirection{name=facing, clazz=class net.minecraft.util.EnumFacing, values=[north, south, west, east]}, PropertyEnum{name=half, clazz=class net.minecraft.block.BlockTrapDoor$DoorHalf, values=[top, bottom]}, PropertyBool{name=open, clazz=class java.lang.Boolean, values=[true, false]}
inspirations:carpeted_trapdoor_pink: PropertyDirection{name=facing, clazz=class net.minecraft.util.EnumFacing, values=[north, south, west, east]}, PropertyEnum{name=half, clazz=class net.minecraft.block.BlockTrapDoor$DoorHalf, values=[top, bottom]}, PropertyBool{name=open, clazz=class java.lang.Boolean, values=[true, false]}
inspirations:carpeted_trapdoor_purple: PropertyDirection{name=facing, clazz=class net.minecraft.util.EnumFacing, values=[north, south, west, east]}, PropertyEnum{name=half, clazz=class net.minecraft.block.BlockTrapDoor$DoorHalf, values=[top, bottom]}, PropertyBool{name=open, clazz=class java.lang.Boolean, values=[true, false]}
inspirations:carpeted_trapdoor_red: PropertyDirection{name=facing, clazz=class net.minecraft.util.EnumFacing, values=[north, south, west, east]}, PropertyEnum{name=half, clazz=class net.minecraft.block.BlockTrapDoor$DoorHalf, values=[top, bottom]}, PropertyBool{name=open, clazz=class java.lang.Boolean, values=[true, false]}
inspirations:carpeted_trapdoor_silver: PropertyDirection{name=facing, clazz=class net.minecraft.util.EnumFacing, values=[north, south, west, east]}, PropertyEnum{name=half, clazz=class net.minecraft.block.BlockTrapDoor$DoorHalf, values=[top, bottom]}, PropertyBool{name=open, clazz=class java.lang.Boolean, values=[true, false]}
inspirations:carpeted_trapdoor_white: PropertyDirection{name=facing, clazz=class net.minecraft.util.EnumFacing, values=[north, south, west, east]}, PropertyEnum{name=half, clazz=class net.minecraft.block.BlockTrapDoor$DoorHalf, values=[top, bottom]}, PropertyBool{name=open, clazz=class java.lang.Boolean, values=[true, false]}
inspirations:carpeted_trapdoor_yellow: PropertyDirection{name=facing, clazz=class net.minecraft.util.EnumFacing, values=[north, south, west, east]}, PropertyEnum{name=half, clazz=class net.minecraft.block.BlockTrapDoor$DoorHalf, values=[top, bottom]}, PropertyBool{name=open, clazz=class java.lang.Boolean, values=[true, false]}
inspirations:collector: PropertyDirection{name=facing, clazz=class net.minecraft.util.EnumFacing, values=[down, up, north, south, west, east]}, PropertyBool{name=triggered, clazz=class java.lang.Boolean, values=[true, false]}
inspirations:enlightened_bush: PropertyEnum{name=lights, clazz=class knightminer.inspirations.building.block.BlockEnlightenedBush$LightsType, values=[WHITE, RED, GREEN, BLUE, RAINBOW, CHRISTMAS]}
inspirations:flower: PropertyEnum{name=type, clazz=class knightminer.inspirations.building.block.BlockFlower$FlowerType, values=[ROSE, SYRINGA, PAEONIA, CYAN]}
inspirations:glass_door: PropertyDirection{name=facing, clazz=class net.minecraft.util.EnumFacing, values=[north, south, west, east]}, PropertyEnum{name=half, clazz=class net.minecraft.block.BlockDoor$EnumDoorHalf, values=[upper, lower]}, PropertyEnum{name=hinge, clazz=class net.minecraft.block.BlockDoor$EnumHingePosition, values=[left, right]}, PropertyBool{name=open, clazz=class java.lang.Boolean, values=[true, false]}, PropertyBool{name=powered, clazz=class java.lang.Boolean, values=[true, false]}
inspirations:glass_trapdoor: PropertyDirection{name=facing, clazz=class net.minecraft.util.EnumFacing, values=[north, south, west, east]}, PropertyEnum{name=half, clazz=class net.minecraft.block.BlockTrapDoor$DoorHalf, values=[top, bottom]}, PropertyBool{name=open, clazz=class java.lang.Boolean, values=[true, false]}
inspirations:mulch: PropertyEnum{name=color, clazz=class knightminer.inspirations.building.block.BlockMulch$MulchColor, values=[PLAIN, BROWN, YELLOW, AMBER, RUBY, RED, BLACK, BLUE]}
inspirations:path: PropertyEnum{name=type, clazz=class knightminer.inspirations.building.block.BlockPath$PathType, values=[ROCKS, ROUND, TILES, BRICKS]}
inspirations:pipe: PropertyBool{name=down, clazz=class java.lang.Boolean, values=[true, false]}, PropertyBool{name=east, clazz=class java.lang.Boolean, values=[true, false]}, PropertyDirection{name=facing, clazz=class net.minecraft.util.EnumFacing, values=[down, up, north, south, west, east]}, PropertyBool{name=hopper, clazz=class java.lang.Boolean, values=[true, false]}, PropertyBool{name=north, clazz=class java.lang.Boolean, values=[true, false]}, PropertyBool{name=south, clazz=class java.lang.Boolean, values=[true, false]}, PropertyBool{name=up, clazz=class java.lang.Boolean, values=[true, false]}, PropertyBool{name=west, clazz=class java.lang.Boolean, values=[true, false]}
inspirations:redstone_barrel: PropertyInteger{name=level, clazz=class java.lang.Integer, values=[0, 1, 2, 3, 4, 5, 6, 7, 8, 9, 10, 11, 12, 13, 14, 15]}
inspirations:redstone_charge: PropertyDirection{name=facing, clazz=class net.minecraft.util.EnumFacing, values=[down, up, north, south, west, east]}, PropertyBool{name=quick, clazz=class java.lang.Boolean, values=[true, false]}
inspirations:redstone_torch_lever: PropertyEnum{name=facing, clazz=class net.minecraft.block.BlockLever$EnumOrientation, values=[down_x, east, west, south, north, up_z, up_x, down_z]}, PropertyBool{name=powered, clazz=class java.lang.Boolean, values=[true, false]}
inspirations:redstone_torch_lever_powered: PropertyEnum{name=facing, clazz=class net.minecraft.block.BlockLever$EnumOrientation, values=[down_x, east, west, south, north, up_z, up_x, down_z]}, PropertyBool{name=powered, clazz=class java.lang.Boolean, values=[true, false]}
inspirations:rope: PropertyBool{name=bottom, clazz=class java.lang.Boolean, values=[true, false]}, PropertyEnum{name=rungs, clazz=class knightminer.inspirations.building.block.BlockRope$Rungs, values=[NONE, X, Z]}, PropertyEnum{name=type, clazz=class knightminer.inspirations.building.block.BlockRope$RopeType, values=[ROPE, CHAIN, VINE]}
inspirations:sugar_cane_crop: PropertyInteger{name=age, clazz=class java.lang.Integer, values=[0, 1, 2, 3, 4, 5, 6]}
inspirations:torch_lever: PropertyDirection{name=facing, clazz=class net.minecraft.util.EnumFacing, values=[up, north, south, west, east]}, PropertyBool{name=powered, clazz=class java.lang.Boolean, values=[true, false]}, PropertyDirection{name=side, clazz=class net.minecraft.util.EnumFacing, values=[north, south, west, east]}
iron_barrels:barrel: PropertyDirection{name=facing, clazz=class net.minecraft.util.EnumFacing, values=[down, up, north, south, west, east]}
iron_barrels:diamond_barrel: PropertyDirection{name=facing, clazz=class net.minecraft.util.EnumFacing, values=[down, up, north, south, west, east]}
iron_barrels:gold_barrel: PropertyDirection{name=facing, clazz=class net.minecraft.util.EnumFacing, values=[down, up, north, south, west, east]}
iron_barrels:iron_barrel: PropertyDirection{name=facing, clazz=class net.minecraft.util.EnumFacing, values=[down, up, north, south, west, east]}
iron_barrels:netherite_barrel: PropertyDirection{name=facing, clazz=class net.minecraft.util.EnumFacing, values=[down, up, north, south, west, east]}
iron_barrels:obsidian_barrel: PropertyDirection{name=facing, clazz=class net.minecraft.util.EnumFacing, values=[down, up, north, south, west, east]}
ironchest:iron_chest: PropertyEnum{name=variant, clazz=class cpw.mods.ironchest.common.blocks.chest.IronChestType, values=[IRON, GOLD, DIAMOND, COPPER, SILVER, CRYSTAL, OBSIDIAN, DIRTCHEST9000, WOOD]}
ironchest:iron_shulker_box_black: PropertyEnum{name=variant, clazz=class cpw.mods.ironchest.common.blocks.shulker.IronShulkerBoxType, values=[IRON, GOLD, DIAMOND, COPPER, SILVER, CRYSTAL, OBSIDIAN, VANILLA]}
ironchest:iron_shulker_box_blue: PropertyEnum{name=variant, clazz=class cpw.mods.ironchest.common.blocks.shulker.IronShulkerBoxType, values=[IRON, GOLD, DIAMOND, COPPER, SILVER, CRYSTAL, OBSIDIAN, VANILLA]}
ironchest:iron_shulker_box_brown: PropertyEnum{name=variant, clazz=class cpw.mods.ironchest.common.blocks.shulker.IronShulkerBoxType, values=[IRON, GOLD, DIAMOND, COPPER, SILVER, CRYSTAL, OBSIDIAN, VANILLA]}
ironchest:iron_shulker_box_cyan: PropertyEnum{name=variant, clazz=class cpw.mods.ironchest.common.blocks.shulker.IronShulkerBoxType, values=[IRON, GOLD, DIAMOND, COPPER, SILVER, CRYSTAL, OBSIDIAN, VANILLA]}
ironchest:iron_shulker_box_gray: PropertyEnum{name=variant, clazz=class cpw.mods.ironchest.common.blocks.shulker.IronShulkerBoxType, values=[IRON, GOLD, DIAMOND, COPPER, SILVER, CRYSTAL, OBSIDIAN, VANILLA]}
ironchest:iron_shulker_box_green: PropertyEnum{name=variant, clazz=class cpw.mods.ironchest.common.blocks.shulker.IronShulkerBoxType, values=[IRON, GOLD, DIAMOND, COPPER, SILVER, CRYSTAL, OBSIDIAN, VANILLA]}
ironchest:iron_shulker_box_light_blue: PropertyEnum{name=variant, clazz=class cpw.mods.ironchest.common.blocks.shulker.IronShulkerBoxType, values=[IRON, GOLD, DIAMOND, COPPER, SILVER, CRYSTAL, OBSIDIAN, VANILLA]}
ironchest:iron_shulker_box_lime: PropertyEnum{name=variant, clazz=class cpw.mods.ironchest.common.blocks.shulker.IronShulkerBoxType, values=[IRON, GOLD, DIAMOND, COPPER, SILVER, CRYSTAL, OBSIDIAN, VANILLA]}
ironchest:iron_shulker_box_magenta: PropertyEnum{name=variant, clazz=class cpw.mods.ironchest.common.blocks.shulker.IronShulkerBoxType, values=[IRON, GOLD, DIAMOND, COPPER, SILVER, CRYSTAL, OBSIDIAN, VANILLA]}
ironchest:iron_shulker_box_orange: PropertyEnum{name=variant, clazz=class cpw.mods.ironchest.common.blocks.shulker.IronShulkerBoxType, values=[IRON, GOLD, DIAMOND, COPPER, SILVER, CRYSTAL, OBSIDIAN, VANILLA]}
ironchest:iron_shulker_box_pink: PropertyEnum{name=variant, clazz=class cpw.mods.ironchest.common.blocks.shulker.IronShulkerBoxType, values=[IRON, GOLD, DIAMOND, COPPER, SILVER, CRYSTAL, OBSIDIAN, VANILLA]}
ironchest:iron_shulker_box_purple: PropertyEnum{name=variant, clazz=class cpw.mods.ironchest.common.blocks.shulker.IronShulkerBoxType, values=[IRON, GOLD, DIAMOND, COPPER, SILVER, CRYSTAL, OBSIDIAN, VANILLA]}
ironchest:iron_shulker_box_red: PropertyEnum{name=variant, clazz=class cpw.mods.ironchest.common.blocks.shulker.IronShulkerBoxType, values=[IRON, GOLD, DIAMOND, COPPER, SILVER, CRYSTAL, OBSIDIAN, VANILLA]}
ironchest:iron_shulker_box_silver: PropertyEnum{name=variant, clazz=class cpw.mods.ironchest.common.blocks.shulker.IronShulkerBoxType, values=[IRON, GOLD, DIAMOND, COPPER, SILVER, CRYSTAL, OBSIDIAN, VANILLA]}
ironchest:iron_shulker_box_white: PropertyEnum{name=variant, clazz=class cpw.mods.ironchest.common.blocks.shulker.IronShulkerBoxType, values=[IRON, GOLD, DIAMOND, COPPER, SILVER, CRYSTAL, OBSIDIAN, VANILLA]}
ironchest:iron_shulker_box_yellow: PropertyEnum{name=variant, clazz=class cpw.mods.ironchest.common.blocks.shulker.IronShulkerBoxType, values=[IRON, GOLD, DIAMOND, COPPER, SILVER, CRYSTAL, OBSIDIAN, VANILLA]}
lost_aether:crystal_sapling: 
lost_aether:gale_double_slab: PropertyEnum{name=half, clazz=class net.minecraft.block.BlockSlab$EnumBlockHalf, values=[top, bottom]}
lost_aether:gale_slab: PropertyEnum{name=half, clazz=class net.minecraft.block.BlockSlab$EnumBlockHalf, values=[top, bottom]}
lost_aether:gale_stairs: PropertyDirection{name=facing, clazz=class net.minecraft.util.EnumFacing, values=[north, south, west, east]}, PropertyEnum{name=half, clazz=class net.minecraft.block.BlockStairs$EnumHalf, values=[top, bottom]}, PropertyEnum{name=shape, clazz=class net.minecraft.block.BlockStairs$EnumShape, values=[straight, inner_left, inner_right, outer_left, outer_right]}
lost_aether:gale_stone: 
lost_aether:gale_wall: PropertyBool{name=east, clazz=class java.lang.Boolean, values=[true, false]}, PropertyBool{name=north, clazz=class java.lang.Boolean, values=[true, false]}, PropertyBool{name=south, clazz=class java.lang.Boolean, values=[true, false]}, PropertyBool{name=up, clazz=class java.lang.Boolean, values=[true, false]}, PropertyBool{name=west, clazz=class java.lang.Boolean, values=[true, false]}
lost_aether:light_gale_stone: 
lost_aether:locked_gale_stone: 
lost_aether:locked_light_gale_stone: 
lost_aether:songstone: 
mcwbridges:acacia_log_bridge_end: PropertyDirection{name=facing, clazz=class net.minecraft.util.EnumFacing, values=[north, south, west, east]}, PropertyBool{name=lit, clazz=class java.lang.Boolean, values=[true, false]}
mcwbridges:acacia_log_bridge_middle: PropertyDirection{name=facing, clazz=class net.minecraft.util.EnumFacing, values=[north, south, west, east]}, PropertyBool{name=lit, clazz=class java.lang.Boolean, values=[true, false]}
mcwbridges:acacia_rail_bridge: PropertyDirection{name=facing, clazz=class net.minecraft.util.EnumFacing, values=[north, south, west, east]}, PropertyBool{name=lit, clazz=class java.lang.Boolean, values=[true, false]}
mcwbridges:acacia_rail_bridge_end: PropertyDirection{name=facing, clazz=class net.minecraft.util.EnumFacing, values=[north, south, west, east]}, PropertyBool{name=lit, clazz=class java.lang.Boolean, values=[true, false]}
mcwbridges:bamboo_bridge: PropertyDirection{name=facing, clazz=class net.minecraft.util.EnumFacing, values=[north, south, west, east]}, PropertyBool{name=lit, clazz=class java.lang.Boolean, values=[true, false]}
mcwbridges:bamboo_bridge_end: PropertyDirection{name=facing, clazz=class net.minecraft.util.EnumFacing, values=[north, south, west, east]}, PropertyBool{name=lit, clazz=class java.lang.Boolean, values=[true, false]}
mcwbridges:birch_log_bridge_end: PropertyDirection{name=facing, clazz=class net.minecraft.util.EnumFacing, values=[north, south, west, east]}, PropertyBool{name=lit, clazz=class java.lang.Boolean, values=[true, false]}
mcwbridges:birch_log_bridge_middle: PropertyDirection{name=facing, clazz=class net.minecraft.util.EnumFacing, values=[north, south, west, east]}, PropertyBool{name=lit, clazz=class java.lang.Boolean, values=[true, false]}
mcwbridges:birch_rail_bridge: PropertyDirection{name=facing, clazz=class net.minecraft.util.EnumFacing, values=[north, south, west, east]}, PropertyBool{name=lit, clazz=class java.lang.Boolean, values=[true, false]}
mcwbridges:birch_rail_bridge_end: PropertyDirection{name=facing, clazz=class net.minecraft.util.EnumFacing, values=[north, south, west, east]}, PropertyBool{name=lit, clazz=class java.lang.Boolean, values=[true, false]}
mcwbridges:brick_bridge: PropertyDirection{name=facing, clazz=class net.minecraft.util.EnumFacing, values=[north, south, west, east]}, PropertyBool{name=lit, clazz=class java.lang.Boolean, values=[true, false]}
mcwbridges:brick_bridge_end: PropertyDirection{name=facing, clazz=class net.minecraft.util.EnumFacing, values=[north, south, west, east]}, PropertyBool{name=lit, clazz=class java.lang.Boolean, values=[true, false]}
mcwbridges:dark_oak_log_bridge_end: PropertyDirection{name=facing, clazz=class net.minecraft.util.EnumFacing, values=[north, south, west, east]}, PropertyBool{name=lit, clazz=class java.lang.Boolean, values=[true, false]}
mcwbridges:dark_oak_log_bridge_middle: PropertyDirection{name=facing, clazz=class net.minecraft.util.EnumFacing, values=[north, south, west, east]}, PropertyBool{name=lit, clazz=class java.lang.Boolean, values=[true, false]}
mcwbridges:dark_oak_rail_bridge: PropertyDirection{name=facing, clazz=class net.minecraft.util.EnumFacing, values=[north, south, west, east]}, PropertyBool{name=lit, clazz=class java.lang.Boolean, values=[true, false]}
mcwbridges:dark_oak_rail_bridge_end: PropertyDirection{name=facing, clazz=class net.minecraft.util.EnumFacing, values=[north, south, west, east]}, PropertyBool{name=lit, clazz=class java.lang.Boolean, values=[true, false]}
mcwbridges:dry_bamboo_bridge: PropertyDirection{name=facing, clazz=class net.minecraft.util.EnumFacing, values=[north, south, west, east]}, PropertyBool{name=lit, clazz=class java.lang.Boolean, values=[true, false]}
mcwbridges:dry_bamboo_bridge_end: PropertyDirection{name=facing, clazz=class net.minecraft.util.EnumFacing, values=[north, south, west, east]}, PropertyBool{name=lit, clazz=class java.lang.Boolean, values=[true, false]}
mcwbridges:jungle_log_bridge_end: PropertyDirection{name=facing, clazz=class net.minecraft.util.EnumFacing, values=[north, south, west, east]}, PropertyBool{name=lit, clazz=class java.lang.Boolean, values=[true, false]}
mcwbridges:jungle_log_bridge_middle: PropertyDirection{name=facing, clazz=class net.minecraft.util.EnumFacing, values=[north, south, west, east]}, PropertyBool{name=lit, clazz=class java.lang.Boolean, values=[true, false]}
mcwbridges:jungle_rail_bridge: PropertyDirection{name=facing, clazz=class net.minecraft.util.EnumFacing, values=[north, south, west, east]}, PropertyBool{name=lit, clazz=class java.lang.Boolean, values=[true, false]}
mcwbridges:jungle_rail_bridge_end: PropertyDirection{name=facing, clazz=class net.minecraft.util.EnumFacing, values=[north, south, west, east]}, PropertyBool{name=lit, clazz=class java.lang.Boolean, values=[true, false]}
mcwbridges:mossy_stone_brick_bridge: PropertyDirection{name=facing, clazz=class net.minecraft.util.EnumFacing, values=[north, south, west, east]}, PropertyBool{name=lit, clazz=class java.lang.Boolean, values=[true, false]}
mcwbridges:mossy_stone_brick_bridge_end: PropertyDirection{name=facing, clazz=class net.minecraft.util.EnumFacing, values=[north, south, west, east]}, PropertyBool{name=lit, clazz=class java.lang.Boolean, values=[true, false]}
mcwbridges:most1: PropertyDirection{name=facing, clazz=class net.minecraft.util.EnumFacing, values=[north, south, west, east]}, PropertyBool{name=lit, clazz=class java.lang.Boolean, values=[true, false]}
mcwbridges:most2: PropertyDirection{name=facing, clazz=class net.minecraft.util.EnumFacing, values=[north, south, west, east]}, PropertyBool{name=lit, clazz=class java.lang.Boolean, values=[true, false]}
mcwbridges:oak_log_bridge_end: PropertyDirection{name=facing, clazz=class net.minecraft.util.EnumFacing, values=[north, south, west, east]}, PropertyBool{name=lit, clazz=class java.lang.Boolean, values=[true, false]}
mcwbridges:oak_log_bridge_middle: PropertyDirection{name=facing, clazz=class net.minecraft.util.EnumFacing, values=[north, south, west, east]}, PropertyBool{name=lit, clazz=class java.lang.Boolean, values=[true, false]}
mcwbridges:oak_rail_bridge: PropertyDirection{name=facing, clazz=class net.minecraft.util.EnumFacing, values=[north, south, west, east]}, PropertyBool{name=lit, clazz=class java.lang.Boolean, values=[true, false]}
mcwbridges:oak_rail_bridge_end: PropertyDirection{name=facing, clazz=class net.minecraft.util.EnumFacing, values=[north, south, west, east]}, PropertyBool{name=lit, clazz=class java.lang.Boolean, values=[true, false]}
mcwbridges:orange_sandstone_bridge: PropertyDirection{name=facing, clazz=class net.minecraft.util.EnumFacing, values=[north, south, west, east]}, PropertyBool{name=lit, clazz=class java.lang.Boolean, values=[true, false]}
mcwbridges:orange_sandstone_bridge_end: PropertyDirection{name=facing, clazz=class net.minecraft.util.EnumFacing, values=[north, south, west, east]}, PropertyBool{name=lit, clazz=class java.lang.Boolean, values=[true, false]}
mcwbridges:rope_acacia_bridge: PropertyDirection{name=facing, clazz=class net.minecraft.util.EnumFacing, values=[north, south, west, east]}, PropertyBool{name=lit, clazz=class java.lang.Boolean, values=[true, false]}
mcwbridges:rope_acacia_bridge_end: PropertyDirection{name=facing, clazz=class net.minecraft.util.EnumFacing, values=[north, south, west, east]}, PropertyBool{name=lit, clazz=class java.lang.Boolean, values=[true, false]}
mcwbridges:rope_birch_bridge: PropertyDirection{name=facing, clazz=class net.minecraft.util.EnumFacing, values=[north, south, west, east]}, PropertyBool{name=lit, clazz=class java.lang.Boolean, values=[true, false]}
mcwbridges:rope_birch_bridge_end: PropertyDirection{name=facing, clazz=class net.minecraft.util.EnumFacing, values=[north, south, west, east]}, PropertyBool{name=lit, clazz=class java.lang.Boolean, values=[true, false]}
mcwbridges:rope_dark_oak_bridge: PropertyDirection{name=facing, clazz=class net.minecraft.util.EnumFacing, values=[north, south, west, east]}, PropertyBool{name=lit, clazz=class java.lang.Boolean, values=[true, false]}
mcwbridges:rope_dark_oak_bridge_end: PropertyDirection{name=facing, clazz=class net.minecraft.util.EnumFacing, values=[north, south, west, east]}, PropertyBool{name=lit, clazz=class java.lang.Boolean, values=[true, false]}
mcwbridges:rope_jungle_bridge: PropertyDirection{name=facing, clazz=class net.minecraft.util.EnumFacing, values=[north, south, west, east]}, PropertyBool{name=lit, clazz=class java.lang.Boolean, values=[true, false]}
mcwbridges:rope_jungle_bridge_end: PropertyDirection{name=facing, clazz=class net.minecraft.util.EnumFacing, values=[north, south, west, east]}, PropertyBool{name=lit, clazz=class java.lang.Boolean, values=[true, false]}
mcwbridges:rope_oak_bridge: PropertyDirection{name=facing, clazz=class net.minecraft.util.EnumFacing, values=[north, south, west, east]}, PropertyBool{name=lit, clazz=class java.lang.Boolean, values=[true, false]}
mcwbridges:rope_oak_bridge_end: PropertyDirection{name=facing, clazz=class net.minecraft.util.EnumFacing, values=[north, south, west, east]}, PropertyBool{name=lit, clazz=class java.lang.Boolean, values=[true, false]}
mcwbridges:rope_spruce_bridge: PropertyDirection{name=facing, clazz=class net.minecraft.util.EnumFacing, values=[north, south, west, east]}, PropertyBool{name=lit, clazz=class java.lang.Boolean, values=[true, false]}
mcwbridges:rope_spruce_bridge_end: PropertyDirection{name=facing, clazz=class net.minecraft.util.EnumFacing, values=[north, south, west, east]}, PropertyBool{name=lit, clazz=class java.lang.Boolean, values=[true, false]}
mcwbridges:sandstone_bridge: PropertyDirection{name=facing, clazz=class net.minecraft.util.EnumFacing, values=[north, south, west, east]}, PropertyBool{name=lit, clazz=class java.lang.Boolean, values=[true, false]}
mcwbridges:sandstone_bridge_end: PropertyDirection{name=facing, clazz=class net.minecraft.util.EnumFacing, values=[north, south, west, east]}, PropertyBool{name=lit, clazz=class java.lang.Boolean, values=[true, false]}
mcwbridges:spruce_log_bridge_end: PropertyDirection{name=facing, clazz=class net.minecraft.util.EnumFacing, values=[north, south, west, east]}, PropertyBool{name=lit, clazz=class java.lang.Boolean, values=[true, false]}
mcwbridges:spruce_log_bridge_middle: PropertyDirection{name=facing, clazz=class net.minecraft.util.EnumFacing, values=[north, south, west, east]}, PropertyBool{name=lit, clazz=class java.lang.Boolean, values=[true, false]}
mcwbridges:spruce_rail_bridge: PropertyDirection{name=facing, clazz=class net.minecraft.util.EnumFacing, values=[north, south, west, east]}, PropertyBool{name=lit, clazz=class java.lang.Boolean, values=[true, false]}
mcwbridges:spruce_rail_bridge_end: PropertyDirection{name=facing, clazz=class net.minecraft.util.EnumFacing, values=[north, south, west, east]}, PropertyBool{name=lit, clazz=class java.lang.Boolean, values=[true, false]}
mcwbridges:stone_brick_bridge: PropertyDirection{name=facing, clazz=class net.minecraft.util.EnumFacing, values=[north, south, west, east]}, PropertyBool{name=lit, clazz=class java.lang.Boolean, values=[true, false]}
mcwbridges:stone_brick_bridge_end: PropertyDirection{name=facing, clazz=class net.minecraft.util.EnumFacing, values=[north, south, west, east]}, PropertyBool{name=lit, clazz=class java.lang.Boolean, values=[true, false]}
mcwdoors:acacia_bark_glass_door: PropertyDirection{name=facing, clazz=class net.minecraft.util.EnumFacing, values=[north, south, west, east]}, PropertyEnum{name=half, clazz=class net.minecraft.block.BlockDoor$EnumDoorHalf, values=[upper, lower]}, PropertyEnum{name=hinge, clazz=class net.minecraft.block.BlockDoor$EnumHingePosition, values=[left, right]}, PropertyBool{name=open, clazz=class java.lang.Boolean, values=[true, false]}, PropertyBool{name=powered, clazz=class java.lang.Boolean, values=[true, false]}
mcwdoors:acacia_barn_door: PropertyDirection{name=facing, clazz=class net.minecraft.util.EnumFacing, values=[north, south, west, east]}, PropertyEnum{name=half, clazz=class net.minecraft.block.BlockDoor$EnumDoorHalf, values=[upper, lower]}, PropertyEnum{name=hinge, clazz=class net.minecraft.block.BlockDoor$EnumHingePosition, values=[left, right]}, PropertyBool{name=open, clazz=class java.lang.Boolean, values=[true, false]}, PropertyBool{name=powered, clazz=class java.lang.Boolean, values=[true, false]}
mcwdoors:acacia_barn_glass_door: PropertyDirection{name=facing, clazz=class net.minecraft.util.EnumFacing, values=[north, south, west, east]}, PropertyEnum{name=half, clazz=class net.minecraft.block.BlockDoor$EnumDoorHalf, values=[upper, lower]}, PropertyEnum{name=hinge, clazz=class net.minecraft.block.BlockDoor$EnumHingePosition, values=[left, right]}, PropertyBool{name=open, clazz=class java.lang.Boolean, values=[true, false]}, PropertyBool{name=powered, clazz=class java.lang.Boolean, values=[true, false]}
mcwdoors:acacia_beach_door: PropertyDirection{name=facing, clazz=class net.minecraft.util.EnumFacing, values=[north, south, west, east]}, PropertyEnum{name=half, clazz=class net.minecraft.block.BlockDoor$EnumDoorHalf, values=[upper, lower]}, PropertyEnum{name=hinge, clazz=class net.minecraft.block.BlockDoor$EnumHingePosition, values=[left, right]}, PropertyBool{name=open, clazz=class java.lang.Boolean, values=[true, false]}, PropertyBool{name=powered, clazz=class java.lang.Boolean, values=[true, false]}
mcwdoors:acacia_classic_door: PropertyDirection{name=facing, clazz=class net.minecraft.util.EnumFacing, values=[north, south, west, east]}, PropertyEnum{name=half, clazz=class net.minecraft.block.BlockDoor$EnumDoorHalf, values=[upper, lower]}, PropertyEnum{name=hinge, clazz=class net.minecraft.block.BlockDoor$EnumHingePosition, values=[left, right]}, PropertyBool{name=open, clazz=class java.lang.Boolean, values=[true, false]}, PropertyBool{name=powered, clazz=class java.lang.Boolean, values=[true, false]}
mcwdoors:acacia_cottage_door: PropertyDirection{name=facing, clazz=class net.minecraft.util.EnumFacing, values=[north, south, west, east]}, PropertyEnum{name=half, clazz=class net.minecraft.block.BlockDoor$EnumDoorHalf, values=[upper, lower]}, PropertyEnum{name=hinge, clazz=class net.minecraft.block.BlockDoor$EnumHingePosition, values=[left, right]}, PropertyBool{name=open, clazz=class java.lang.Boolean, values=[true, false]}, PropertyBool{name=powered, clazz=class java.lang.Boolean, values=[true, false]}
mcwdoors:acacia_four_panel_door: PropertyDirection{name=facing, clazz=class net.minecraft.util.EnumFacing, values=[north, south, west, east]}, PropertyEnum{name=half, clazz=class net.minecraft.block.BlockDoor$EnumDoorHalf, values=[upper, lower]}, PropertyEnum{name=hinge, clazz=class net.minecraft.block.BlockDoor$EnumHingePosition, values=[left, right]}, PropertyBool{name=open, clazz=class java.lang.Boolean, values=[true, false]}, PropertyBool{name=powered, clazz=class java.lang.Boolean, values=[true, false]}
mcwdoors:acacia_glass_door: PropertyDirection{name=facing, clazz=class net.minecraft.util.EnumFacing, values=[north, south, west, east]}, PropertyEnum{name=half, clazz=class net.minecraft.block.BlockDoor$EnumDoorHalf, values=[upper, lower]}, PropertyEnum{name=hinge, clazz=class net.minecraft.block.BlockDoor$EnumHingePosition, values=[left, right]}, PropertyBool{name=open, clazz=class java.lang.Boolean, values=[true, false]}, PropertyBool{name=powered, clazz=class java.lang.Boolean, values=[true, false]}
mcwdoors:acacia_japanese2_door: PropertyDirection{name=facing, clazz=class net.minecraft.util.EnumFacing, values=[north, south, west, east]}, PropertyEnum{name=half, clazz=class net.minecraft.block.BlockDoor$EnumDoorHalf, values=[upper, lower]}, PropertyEnum{name=hinge, clazz=class net.minecraft.block.BlockDoor$EnumHingePosition, values=[left, right]}, PropertyBool{name=open, clazz=class java.lang.Boolean, values=[true, false]}, PropertyBool{name=powered, clazz=class java.lang.Boolean, values=[true, false]}
mcwdoors:acacia_japanese_door: PropertyDirection{name=facing, clazz=class net.minecraft.util.EnumFacing, values=[north, south, west, east]}, PropertyEnum{name=half, clazz=class net.minecraft.block.BlockDoor$EnumDoorHalf, values=[upper, lower]}, PropertyEnum{name=hinge, clazz=class net.minecraft.block.BlockDoor$EnumHingePosition, values=[left, right]}, PropertyBool{name=open, clazz=class java.lang.Boolean, values=[true, false]}, PropertyBool{name=powered, clazz=class java.lang.Boolean, values=[true, false]}
mcwdoors:acacia_modern_door: PropertyDirection{name=facing, clazz=class net.minecraft.util.EnumFacing, values=[north, south, west, east]}, PropertyEnum{name=half, clazz=class net.minecraft.block.BlockDoor$EnumDoorHalf, values=[upper, lower]}, PropertyEnum{name=hinge, clazz=class net.minecraft.block.BlockDoor$EnumHingePosition, values=[left, right]}, PropertyBool{name=open, clazz=class java.lang.Boolean, values=[true, false]}, PropertyBool{name=powered, clazz=class java.lang.Boolean, values=[true, false]}
mcwdoors:acacia_paper_door: PropertyDirection{name=facing, clazz=class net.minecraft.util.EnumFacing, values=[north, south, west, east]}, PropertyEnum{name=half, clazz=class net.minecraft.block.BlockDoor$EnumDoorHalf, values=[upper, lower]}, PropertyEnum{name=hinge, clazz=class net.minecraft.block.BlockDoor$EnumHingePosition, values=[left, right]}, PropertyBool{name=open, clazz=class java.lang.Boolean, values=[true, false]}, PropertyBool{name=powered, clazz=class java.lang.Boolean, values=[true, false]}
mcwdoors:acacia_stable_door: PropertyDirection{name=facing, clazz=class net.minecraft.util.EnumFacing, values=[north, south, west, east]}, PropertyEnum{name=half, clazz=class net.minecraft.block.BlockDoor$EnumDoorHalf, values=[upper, lower]}, PropertyEnum{name=hinge, clazz=class net.minecraft.block.BlockDoor$EnumHingePosition, values=[left, right]}, PropertyBool{name=open, clazz=class java.lang.Boolean, values=[true, false]}, PropertyBool{name=powered, clazz=class java.lang.Boolean, values=[true, false]}
mcwdoors:acacia_stable_head_door: PropertyDirection{name=facing, clazz=class net.minecraft.util.EnumFacing, values=[north, south, west, east]}, PropertyEnum{name=half, clazz=class net.minecraft.block.BlockDoor$EnumDoorHalf, values=[upper, lower]}, PropertyEnum{name=hinge, clazz=class net.minecraft.block.BlockDoor$EnumHingePosition, values=[left, right]}, PropertyBool{name=open, clazz=class java.lang.Boolean, values=[true, false]}, PropertyBool{name=powered, clazz=class java.lang.Boolean, values=[true, false]}
mcwdoors:acacia_western_door: PropertyDirection{name=facing, clazz=class net.minecraft.util.EnumFacing, values=[north, south, west, east]}, PropertyEnum{name=half, clazz=class net.minecraft.block.BlockDoor$EnumDoorHalf, values=[upper, lower]}, PropertyEnum{name=hinge, clazz=class net.minecraft.block.BlockDoor$EnumHingePosition, values=[left, right]}, PropertyBool{name=open, clazz=class java.lang.Boolean, values=[true, false]}, PropertyBool{name=powered, clazz=class java.lang.Boolean, values=[true, false]}
mcwdoors:birch_bark_glass_door: PropertyDirection{name=facing, clazz=class net.minecraft.util.EnumFacing, values=[north, south, west, east]}, PropertyEnum{name=half, clazz=class net.minecraft.block.BlockDoor$EnumDoorHalf, values=[upper, lower]}, PropertyEnum{name=hinge, clazz=class net.minecraft.block.BlockDoor$EnumHingePosition, values=[left, right]}, PropertyBool{name=open, clazz=class java.lang.Boolean, values=[true, false]}, PropertyBool{name=powered, clazz=class java.lang.Boolean, values=[true, false]}
mcwdoors:birch_barn_door: PropertyDirection{name=facing, clazz=class net.minecraft.util.EnumFacing, values=[north, south, west, east]}, PropertyEnum{name=half, clazz=class net.minecraft.block.BlockDoor$EnumDoorHalf, values=[upper, lower]}, PropertyEnum{name=hinge, clazz=class net.minecraft.block.BlockDoor$EnumHingePosition, values=[left, right]}, PropertyBool{name=open, clazz=class java.lang.Boolean, values=[true, false]}, PropertyBool{name=powered, clazz=class java.lang.Boolean, values=[true, false]}
mcwdoors:birch_barn_glass_door: PropertyDirection{name=facing, clazz=class net.minecraft.util.EnumFacing, values=[north, south, west, east]}, PropertyEnum{name=half, clazz=class net.minecraft.block.BlockDoor$EnumDoorHalf, values=[upper, lower]}, PropertyEnum{name=hinge, clazz=class net.minecraft.block.BlockDoor$EnumHingePosition, values=[left, right]}, PropertyBool{name=open, clazz=class java.lang.Boolean, values=[true, false]}, PropertyBool{name=powered, clazz=class java.lang.Boolean, values=[true, false]}
mcwdoors:birch_beach_door: PropertyDirection{name=facing, clazz=class net.minecraft.util.EnumFacing, values=[north, south, west, east]}, PropertyEnum{name=half, clazz=class net.minecraft.block.BlockDoor$EnumDoorHalf, values=[upper, lower]}, PropertyEnum{name=hinge, clazz=class net.minecraft.block.BlockDoor$EnumHingePosition, values=[left, right]}, PropertyBool{name=open, clazz=class java.lang.Boolean, values=[true, false]}, PropertyBool{name=powered, clazz=class java.lang.Boolean, values=[true, false]}
mcwdoors:birch_classic_door: PropertyDirection{name=facing, clazz=class net.minecraft.util.EnumFacing, values=[north, south, west, east]}, PropertyEnum{name=half, clazz=class net.minecraft.block.BlockDoor$EnumDoorHalf, values=[upper, lower]}, PropertyEnum{name=hinge, clazz=class net.minecraft.block.BlockDoor$EnumHingePosition, values=[left, right]}, PropertyBool{name=open, clazz=class java.lang.Boolean, values=[true, false]}, PropertyBool{name=powered, clazz=class java.lang.Boolean, values=[true, false]}
mcwdoors:birch_cottage_door: PropertyDirection{name=facing, clazz=class net.minecraft.util.EnumFacing, values=[north, south, west, east]}, PropertyEnum{name=half, clazz=class net.minecraft.block.BlockDoor$EnumDoorHalf, values=[upper, lower]}, PropertyEnum{name=hinge, clazz=class net.minecraft.block.BlockDoor$EnumHingePosition, values=[left, right]}, PropertyBool{name=open, clazz=class java.lang.Boolean, values=[true, false]}, PropertyBool{name=powered, clazz=class java.lang.Boolean, values=[true, false]}
mcwdoors:birch_four_panel_door: PropertyDirection{name=facing, clazz=class net.minecraft.util.EnumFacing, values=[north, south, west, east]}, PropertyEnum{name=half, clazz=class net.minecraft.block.BlockDoor$EnumDoorHalf, values=[upper, lower]}, PropertyEnum{name=hinge, clazz=class net.minecraft.block.BlockDoor$EnumHingePosition, values=[left, right]}, PropertyBool{name=open, clazz=class java.lang.Boolean, values=[true, false]}, PropertyBool{name=powered, clazz=class java.lang.Boolean, values=[true, false]}
mcwdoors:birch_glass_door: PropertyDirection{name=facing, clazz=class net.minecraft.util.EnumFacing, values=[north, south, west, east]}, PropertyEnum{name=half, clazz=class net.minecraft.block.BlockDoor$EnumDoorHalf, values=[upper, lower]}, PropertyEnum{name=hinge, clazz=class net.minecraft.block.BlockDoor$EnumHingePosition, values=[left, right]}, PropertyBool{name=open, clazz=class java.lang.Boolean, values=[true, false]}, PropertyBool{name=powered, clazz=class java.lang.Boolean, values=[true, false]}
mcwdoors:birch_japanese2_door: PropertyDirection{name=facing, clazz=class net.minecraft.util.EnumFacing, values=[north, south, west, east]}, PropertyEnum{name=half, clazz=class net.minecraft.block.BlockDoor$EnumDoorHalf, values=[upper, lower]}, PropertyEnum{name=hinge, clazz=class net.minecraft.block.BlockDoor$EnumHingePosition, values=[left, right]}, PropertyBool{name=open, clazz=class java.lang.Boolean, values=[true, false]}, PropertyBool{name=powered, clazz=class java.lang.Boolean, values=[true, false]}
mcwdoors:birch_japanese_door: PropertyDirection{name=facing, clazz=class net.minecraft.util.EnumFacing, values=[north, south, west, east]}, PropertyEnum{name=half, clazz=class net.minecraft.block.BlockDoor$EnumDoorHalf, values=[upper, lower]}, PropertyEnum{name=hinge, clazz=class net.minecraft.block.BlockDoor$EnumHingePosition, values=[left, right]}, PropertyBool{name=open, clazz=class java.lang.Boolean, values=[true, false]}, PropertyBool{name=powered, clazz=class java.lang.Boolean, values=[true, false]}
mcwdoors:birch_modern_door: PropertyDirection{name=facing, clazz=class net.minecraft.util.EnumFacing, values=[north, south, west, east]}, PropertyEnum{name=half, clazz=class net.minecraft.block.BlockDoor$EnumDoorHalf, values=[upper, lower]}, PropertyEnum{name=hinge, clazz=class net.minecraft.block.BlockDoor$EnumHingePosition, values=[left, right]}, PropertyBool{name=open, clazz=class java.lang.Boolean, values=[true, false]}, PropertyBool{name=powered, clazz=class java.lang.Boolean, values=[true, false]}
mcwdoors:birch_stable_door: PropertyDirection{name=facing, clazz=class net.minecraft.util.EnumFacing, values=[north, south, west, east]}, PropertyEnum{name=half, clazz=class net.minecraft.block.BlockDoor$EnumDoorHalf, values=[upper, lower]}, PropertyEnum{name=hinge, clazz=class net.minecraft.block.BlockDoor$EnumHingePosition, values=[left, right]}, PropertyBool{name=open, clazz=class java.lang.Boolean, values=[true, false]}, PropertyBool{name=powered, clazz=class java.lang.Boolean, values=[true, false]}
mcwdoors:birch_stable_head_door: PropertyDirection{name=facing, clazz=class net.minecraft.util.EnumFacing, values=[north, south, west, east]}, PropertyEnum{name=half, clazz=class net.minecraft.block.BlockDoor$EnumDoorHalf, values=[upper, lower]}, PropertyEnum{name=hinge, clazz=class net.minecraft.block.BlockDoor$EnumHingePosition, values=[left, right]}, PropertyBool{name=open, clazz=class java.lang.Boolean, values=[true, false]}, PropertyBool{name=powered, clazz=class java.lang.Boolean, values=[true, false]}
mcwdoors:birch_tropical_door: PropertyDirection{name=facing, clazz=class net.minecraft.util.EnumFacing, values=[north, south, west, east]}, PropertyEnum{name=half, clazz=class net.minecraft.block.BlockDoor$EnumDoorHalf, values=[upper, lower]}, PropertyEnum{name=hinge, clazz=class net.minecraft.block.BlockDoor$EnumHingePosition, values=[left, right]}, PropertyBool{name=open, clazz=class java.lang.Boolean, values=[true, false]}, PropertyBool{name=powered, clazz=class java.lang.Boolean, values=[true, false]}
mcwdoors:birch_western_door: PropertyDirection{name=facing, clazz=class net.minecraft.util.EnumFacing, values=[north, south, west, east]}, PropertyEnum{name=half, clazz=class net.minecraft.block.BlockDoor$EnumDoorHalf, values=[upper, lower]}, PropertyEnum{name=hinge, clazz=class net.minecraft.block.BlockDoor$EnumHingePosition, values=[left, right]}, PropertyBool{name=open, clazz=class java.lang.Boolean, values=[true, false]}, PropertyBool{name=powered, clazz=class java.lang.Boolean, values=[true, false]}
mcwdoors:dark_oak_bark_glass_door: PropertyDirection{name=facing, clazz=class net.minecraft.util.EnumFacing, values=[north, south, west, east]}, PropertyEnum{name=half, clazz=class net.minecraft.block.BlockDoor$EnumDoorHalf, values=[upper, lower]}, PropertyEnum{name=hinge, clazz=class net.minecraft.block.BlockDoor$EnumHingePosition, values=[left, right]}, PropertyBool{name=open, clazz=class java.lang.Boolean, values=[true, false]}, PropertyBool{name=powered, clazz=class java.lang.Boolean, values=[true, false]}
mcwdoors:dark_oak_barn_door: PropertyDirection{name=facing, clazz=class net.minecraft.util.EnumFacing, values=[north, south, west, east]}, PropertyEnum{name=half, clazz=class net.minecraft.block.BlockDoor$EnumDoorHalf, values=[upper, lower]}, PropertyEnum{name=hinge, clazz=class net.minecraft.block.BlockDoor$EnumHingePosition, values=[left, right]}, PropertyBool{name=open, clazz=class java.lang.Boolean, values=[true, false]}, PropertyBool{name=powered, clazz=class java.lang.Boolean, values=[true, false]}
mcwdoors:dark_oak_barn_glass_door: PropertyDirection{name=facing, clazz=class net.minecraft.util.EnumFacing, values=[north, south, west, east]}, PropertyEnum{name=half, clazz=class net.minecraft.block.BlockDoor$EnumDoorHalf, values=[upper, lower]}, PropertyEnum{name=hinge, clazz=class net.minecraft.block.BlockDoor$EnumHingePosition, values=[left, right]}, PropertyBool{name=open, clazz=class java.lang.Boolean, values=[true, false]}, PropertyBool{name=powered, clazz=class java.lang.Boolean, values=[true, false]}
mcwdoors:dark_oak_beach_door: PropertyDirection{name=facing, clazz=class net.minecraft.util.EnumFacing, values=[north, south, west, east]}, PropertyEnum{name=half, clazz=class net.minecraft.block.BlockDoor$EnumDoorHalf, values=[upper, lower]}, PropertyEnum{name=hinge, clazz=class net.minecraft.block.BlockDoor$EnumHingePosition, values=[left, right]}, PropertyBool{name=open, clazz=class java.lang.Boolean, values=[true, false]}, PropertyBool{name=powered, clazz=class java.lang.Boolean, values=[true, false]}
mcwdoors:dark_oak_classic_door: PropertyDirection{name=facing, clazz=class net.minecraft.util.EnumFacing, values=[north, south, west, east]}, PropertyEnum{name=half, clazz=class net.minecraft.block.BlockDoor$EnumDoorHalf, values=[upper, lower]}, PropertyEnum{name=hinge, clazz=class net.minecraft.block.BlockDoor$EnumHingePosition, values=[left, right]}, PropertyBool{name=open, clazz=class java.lang.Boolean, values=[true, false]}, PropertyBool{name=powered, clazz=class java.lang.Boolean, values=[true, false]}
mcwdoors:dark_oak_cottage_door: PropertyDirection{name=facing, clazz=class net.minecraft.util.EnumFacing, values=[north, south, west, east]}, PropertyEnum{name=half, clazz=class net.minecraft.block.BlockDoor$EnumDoorHalf, values=[upper, lower]}, PropertyEnum{name=hinge, clazz=class net.minecraft.block.BlockDoor$EnumHingePosition, values=[left, right]}, PropertyBool{name=open, clazz=class java.lang.Boolean, values=[true, false]}, PropertyBool{name=powered, clazz=class java.lang.Boolean, values=[true, false]}
mcwdoors:dark_oak_glass_door: PropertyDirection{name=facing, clazz=class net.minecraft.util.EnumFacing, values=[north, south, west, east]}, PropertyEnum{name=half, clazz=class net.minecraft.block.BlockDoor$EnumDoorHalf, values=[upper, lower]}, PropertyEnum{name=hinge, clazz=class net.minecraft.block.BlockDoor$EnumHingePosition, values=[left, right]}, PropertyBool{name=open, clazz=class java.lang.Boolean, values=[true, false]}, PropertyBool{name=powered, clazz=class java.lang.Boolean, values=[true, false]}
mcwdoors:dark_oak_japanese2_door: PropertyDirection{name=facing, clazz=class net.minecraft.util.EnumFacing, values=[north, south, west, east]}, PropertyEnum{name=half, clazz=class net.minecraft.block.BlockDoor$EnumDoorHalf, values=[upper, lower]}, PropertyEnum{name=hinge, clazz=class net.minecraft.block.BlockDoor$EnumHingePosition, values=[left, right]}, PropertyBool{name=open, clazz=class java.lang.Boolean, values=[true, false]}, PropertyBool{name=powered, clazz=class java.lang.Boolean, values=[true, false]}
mcwdoors:dark_oak_japanese_door: PropertyDirection{name=facing, clazz=class net.minecraft.util.EnumFacing, values=[north, south, west, east]}, PropertyEnum{name=half, clazz=class net.minecraft.block.BlockDoor$EnumDoorHalf, values=[upper, lower]}, PropertyEnum{name=hinge, clazz=class net.minecraft.block.BlockDoor$EnumHingePosition, values=[left, right]}, PropertyBool{name=open, clazz=class java.lang.Boolean, values=[true, false]}, PropertyBool{name=powered, clazz=class java.lang.Boolean, values=[true, false]}
mcwdoors:dark_oak_modern_door: PropertyDirection{name=facing, clazz=class net.minecraft.util.EnumFacing, values=[north, south, west, east]}, PropertyEnum{name=half, clazz=class net.minecraft.block.BlockDoor$EnumDoorHalf, values=[upper, lower]}, PropertyEnum{name=hinge, clazz=class net.minecraft.block.BlockDoor$EnumHingePosition, values=[left, right]}, PropertyBool{name=open, clazz=class java.lang.Boolean, values=[true, false]}, PropertyBool{name=powered, clazz=class java.lang.Boolean, values=[true, false]}
mcwdoors:dark_oak_paper_door: PropertyDirection{name=facing, clazz=class net.minecraft.util.EnumFacing, values=[north, south, west, east]}, PropertyEnum{name=half, clazz=class net.minecraft.block.BlockDoor$EnumDoorHalf, values=[upper, lower]}, PropertyEnum{name=hinge, clazz=class net.minecraft.block.BlockDoor$EnumHingePosition, values=[left, right]}, PropertyBool{name=open, clazz=class java.lang.Boolean, values=[true, false]}, PropertyBool{name=powered, clazz=class java.lang.Boolean, values=[true, false]}
mcwdoors:dark_oak_stable_door: PropertyDirection{name=facing, clazz=class net.minecraft.util.EnumFacing, values=[north, south, west, east]}, PropertyEnum{name=half, clazz=class net.minecraft.block.BlockDoor$EnumDoorHalf, values=[upper, lower]}, PropertyEnum{name=hinge, clazz=class net.minecraft.block.BlockDoor$EnumHingePosition, values=[left, right]}, PropertyBool{name=open, clazz=class java.lang.Boolean, values=[true, false]}, PropertyBool{name=powered, clazz=class java.lang.Boolean, values=[true, false]}
mcwdoors:dark_oak_stable_head_door: PropertyDirection{name=facing, clazz=class net.minecraft.util.EnumFacing, values=[north, south, west, east]}, PropertyEnum{name=half, clazz=class net.minecraft.block.BlockDoor$EnumDoorHalf, values=[upper, lower]}, PropertyEnum{name=hinge, clazz=class net.minecraft.block.BlockDoor$EnumHingePosition, values=[left, right]}, PropertyBool{name=open, clazz=class java.lang.Boolean, values=[true, false]}, PropertyBool{name=powered, clazz=class java.lang.Boolean, values=[true, false]}
mcwdoors:dark_oak_tropical_door: PropertyDirection{name=facing, clazz=class net.minecraft.util.EnumFacing, values=[north, south, west, east]}, PropertyEnum{name=half, clazz=class net.minecraft.block.BlockDoor$EnumDoorHalf, values=[upper, lower]}, PropertyEnum{name=hinge, clazz=class net.minecraft.block.BlockDoor$EnumHingePosition, values=[left, right]}, PropertyBool{name=open, clazz=class java.lang.Boolean, values=[true, false]}, PropertyBool{name=powered, clazz=class java.lang.Boolean, values=[true, false]}
mcwdoors:dark_oak_western_door: PropertyDirection{name=facing, clazz=class net.minecraft.util.EnumFacing, values=[north, south, west, east]}, PropertyEnum{name=half, clazz=class net.minecraft.block.BlockDoor$EnumDoorHalf, values=[upper, lower]}, PropertyEnum{name=hinge, clazz=class net.minecraft.block.BlockDoor$EnumHingePosition, values=[left, right]}, PropertyBool{name=open, clazz=class java.lang.Boolean, values=[true, false]}, PropertyBool{name=powered, clazz=class java.lang.Boolean, values=[true, false]}
mcwdoors:jail_door: PropertyDirection{name=facing, clazz=class net.minecraft.util.EnumFacing, values=[north, south, west, east]}, PropertyEnum{name=half, clazz=class net.minecraft.block.BlockDoor$EnumDoorHalf, values=[upper, lower]}, PropertyEnum{name=hinge, clazz=class net.minecraft.block.BlockDoor$EnumHingePosition, values=[left, right]}, PropertyBool{name=open, clazz=class java.lang.Boolean, values=[true, false]}, PropertyBool{name=powered, clazz=class java.lang.Boolean, values=[true, false]}
mcwdoors:jungle_bark_glass_door: PropertyDirection{name=facing, clazz=class net.minecraft.util.EnumFacing, values=[north, south, west, east]}, PropertyEnum{name=half, clazz=class net.minecraft.block.BlockDoor$EnumDoorHalf, values=[upper, lower]}, PropertyEnum{name=hinge, clazz=class net.minecraft.block.BlockDoor$EnumHingePosition, values=[left, right]}, PropertyBool{name=open, clazz=class java.lang.Boolean, values=[true, false]}, PropertyBool{name=powered, clazz=class java.lang.Boolean, values=[true, false]}
mcwdoors:jungle_barn_door: PropertyDirection{name=facing, clazz=class net.minecraft.util.EnumFacing, values=[north, south, west, east]}, PropertyEnum{name=half, clazz=class net.minecraft.block.BlockDoor$EnumDoorHalf, values=[upper, lower]}, PropertyEnum{name=hinge, clazz=class net.minecraft.block.BlockDoor$EnumHingePosition, values=[left, right]}, PropertyBool{name=open, clazz=class java.lang.Boolean, values=[true, false]}, PropertyBool{name=powered, clazz=class java.lang.Boolean, values=[true, false]}
mcwdoors:jungle_barn_glass_door: PropertyDirection{name=facing, clazz=class net.minecraft.util.EnumFacing, values=[north, south, west, east]}, PropertyEnum{name=half, clazz=class net.minecraft.block.BlockDoor$EnumDoorHalf, values=[upper, lower]}, PropertyEnum{name=hinge, clazz=class net.minecraft.block.BlockDoor$EnumHingePosition, values=[left, right]}, PropertyBool{name=open, clazz=class java.lang.Boolean, values=[true, false]}, PropertyBool{name=powered, clazz=class java.lang.Boolean, values=[true, false]}
mcwdoors:jungle_classic_door: PropertyDirection{name=facing, clazz=class net.minecraft.util.EnumFacing, values=[north, south, west, east]}, PropertyEnum{name=half, clazz=class net.minecraft.block.BlockDoor$EnumDoorHalf, values=[upper, lower]}, PropertyEnum{name=hinge, clazz=class net.minecraft.block.BlockDoor$EnumHingePosition, values=[left, right]}, PropertyBool{name=open, clazz=class java.lang.Boolean, values=[true, false]}, PropertyBool{name=powered, clazz=class java.lang.Boolean, values=[true, false]}
mcwdoors:jungle_cottage_door: PropertyDirection{name=facing, clazz=class net.minecraft.util.EnumFacing, values=[north, south, west, east]}, PropertyEnum{name=half, clazz=class net.minecraft.block.BlockDoor$EnumDoorHalf, values=[upper, lower]}, PropertyEnum{name=hinge, clazz=class net.minecraft.block.BlockDoor$EnumHingePosition, values=[left, right]}, PropertyBool{name=open, clazz=class java.lang.Boolean, values=[true, false]}, PropertyBool{name=powered, clazz=class java.lang.Boolean, values=[true, false]}
mcwdoors:jungle_four_panel_door: PropertyDirection{name=facing, clazz=class net.minecraft.util.EnumFacing, values=[north, south, west, east]}, PropertyEnum{name=half, clazz=class net.minecraft.block.BlockDoor$EnumDoorHalf, values=[upper, lower]}, PropertyEnum{name=hinge, clazz=class net.minecraft.block.BlockDoor$EnumHingePosition, values=[left, right]}, PropertyBool{name=open, clazz=class java.lang.Boolean, values=[true, false]}, PropertyBool{name=powered, clazz=class java.lang.Boolean, values=[true, false]}
mcwdoors:jungle_glass_door: PropertyDirection{name=facing, clazz=class net.minecraft.util.EnumFacing, values=[north, south, west, east]}, PropertyEnum{name=half, clazz=class net.minecraft.block.BlockDoor$EnumDoorHalf, values=[upper, lower]}, PropertyEnum{name=hinge, clazz=class net.minecraft.block.BlockDoor$EnumHingePosition, values=[left, right]}, PropertyBool{name=open, clazz=class java.lang.Boolean, values=[true, false]}, PropertyBool{name=powered, clazz=class java.lang.Boolean, values=[true, false]}
mcwdoors:jungle_japanese2_door: PropertyDirection{name=facing, clazz=class net.minecraft.util.EnumFacing, values=[north, south, west, east]}, PropertyEnum{name=half, clazz=class net.minecraft.block.BlockDoor$EnumDoorHalf, values=[upper, lower]}, PropertyEnum{name=hinge, clazz=class net.minecraft.block.BlockDoor$EnumHingePosition, values=[left, right]}, PropertyBool{name=open, clazz=class java.lang.Boolean, values=[true, false]}, PropertyBool{name=powered, clazz=class java.lang.Boolean, values=[true, false]}
mcwdoors:jungle_japanese_door: PropertyDirection{name=facing, clazz=class net.minecraft.util.EnumFacing, values=[north, south, west, east]}, PropertyEnum{name=half, clazz=class net.minecraft.block.BlockDoor$EnumDoorHalf, values=[upper, lower]}, PropertyEnum{name=hinge, clazz=class net.minecraft.block.BlockDoor$EnumHingePosition, values=[left, right]}, PropertyBool{name=open, clazz=class java.lang.Boolean, values=[true, false]}, PropertyBool{name=powered, clazz=class java.lang.Boolean, values=[true, false]}
mcwdoors:jungle_modern_door: PropertyDirection{name=facing, clazz=class net.minecraft.util.EnumFacing, values=[north, south, west, east]}, PropertyEnum{name=half, clazz=class net.minecraft.block.BlockDoor$EnumDoorHalf, values=[upper, lower]}, PropertyEnum{name=hinge, clazz=class net.minecraft.block.BlockDoor$EnumHingePosition, values=[left, right]}, PropertyBool{name=open, clazz=class java.lang.Boolean, values=[true, false]}, PropertyBool{name=powered, clazz=class java.lang.Boolean, values=[true, false]}
mcwdoors:jungle_paper_door: PropertyDirection{name=facing, clazz=class net.minecraft.util.EnumFacing, values=[north, south, west, east]}, PropertyEnum{name=half, clazz=class net.minecraft.block.BlockDoor$EnumDoorHalf, values=[upper, lower]}, PropertyEnum{name=hinge, clazz=class net.minecraft.block.BlockDoor$EnumHingePosition, values=[left, right]}, PropertyBool{name=open, clazz=class java.lang.Boolean, values=[true, false]}, PropertyBool{name=powered, clazz=class java.lang.Boolean, values=[true, false]}
mcwdoors:jungle_stable_door: PropertyDirection{name=facing, clazz=class net.minecraft.util.EnumFacing, values=[north, south, west, east]}, PropertyEnum{name=half, clazz=class net.minecraft.block.BlockDoor$EnumDoorHalf, values=[upper, lower]}, PropertyEnum{name=hinge, clazz=class net.minecraft.block.BlockDoor$EnumHingePosition, values=[left, right]}, PropertyBool{name=open, clazz=class java.lang.Boolean, values=[true, false]}, PropertyBool{name=powered, clazz=class java.lang.Boolean, values=[true, false]}
mcwdoors:jungle_stable_head_door: PropertyDirection{name=facing, clazz=class net.minecraft.util.EnumFacing, values=[north, south, west, east]}, PropertyEnum{name=half, clazz=class net.minecraft.block.BlockDoor$EnumDoorHalf, values=[upper, lower]}, PropertyEnum{name=hinge, clazz=class net.minecraft.block.BlockDoor$EnumHingePosition, values=[left, right]}, PropertyBool{name=open, clazz=class java.lang.Boolean, values=[true, false]}, PropertyBool{name=powered, clazz=class java.lang.Boolean, values=[true, false]}
mcwdoors:jungle_tropical_door: PropertyDirection{name=facing, clazz=class net.minecraft.util.EnumFacing, values=[north, south, west, east]}, PropertyEnum{name=half, clazz=class net.minecraft.block.BlockDoor$EnumDoorHalf, values=[upper, lower]}, PropertyEnum{name=hinge, clazz=class net.minecraft.block.BlockDoor$EnumHingePosition, values=[left, right]}, PropertyBool{name=open, clazz=class java.lang.Boolean, values=[true, false]}, PropertyBool{name=powered, clazz=class java.lang.Boolean, values=[true, false]}
mcwdoors:jungle_western_door: PropertyDirection{name=facing, clazz=class net.minecraft.util.EnumFacing, values=[north, south, west, east]}, PropertyEnum{name=half, clazz=class net.minecraft.block.BlockDoor$EnumDoorHalf, values=[upper, lower]}, PropertyEnum{name=hinge, clazz=class net.minecraft.block.BlockDoor$EnumHingePosition, values=[left, right]}, PropertyBool{name=open, clazz=class java.lang.Boolean, values=[true, false]}, PropertyBool{name=powered, clazz=class java.lang.Boolean, values=[true, false]}
mcwdoors:metal_door: PropertyDirection{name=facing, clazz=class net.minecraft.util.EnumFacing, values=[north, south, west, east]}, PropertyEnum{name=half, clazz=class net.minecraft.block.BlockDoor$EnumDoorHalf, values=[upper, lower]}, PropertyEnum{name=hinge, clazz=class net.minecraft.block.BlockDoor$EnumHingePosition, values=[left, right]}, PropertyBool{name=open, clazz=class java.lang.Boolean, values=[true, false]}, PropertyBool{name=powered, clazz=class java.lang.Boolean, values=[true, false]}
mcwdoors:metal_hospital_door: PropertyDirection{name=facing, clazz=class net.minecraft.util.EnumFacing, values=[north, south, west, east]}, PropertyEnum{name=half, clazz=class net.minecraft.block.BlockDoor$EnumDoorHalf, values=[upper, lower]}, PropertyEnum{name=hinge, clazz=class net.minecraft.block.BlockDoor$EnumHingePosition, values=[left, right]}, PropertyBool{name=open, clazz=class java.lang.Boolean, values=[true, false]}, PropertyBool{name=powered, clazz=class java.lang.Boolean, values=[true, false]}
mcwdoors:metal_reinforced_door: PropertyDirection{name=facing, clazz=class net.minecraft.util.EnumFacing, values=[north, south, west, east]}, PropertyEnum{name=half, clazz=class net.minecraft.block.BlockDoor$EnumDoorHalf, values=[upper, lower]}, PropertyEnum{name=hinge, clazz=class net.minecraft.block.BlockDoor$EnumHingePosition, values=[left, right]}, PropertyBool{name=open, clazz=class java.lang.Boolean, values=[true, false]}, PropertyBool{name=powered, clazz=class java.lang.Boolean, values=[true, false]}
mcwdoors:metal_warning_door: PropertyDirection{name=facing, clazz=class net.minecraft.util.EnumFacing, values=[north, south, west, east]}, PropertyEnum{name=half, clazz=class net.minecraft.block.BlockDoor$EnumDoorHalf, values=[upper, lower]}, PropertyEnum{name=hinge, clazz=class net.minecraft.block.BlockDoor$EnumHingePosition, values=[left, right]}, PropertyBool{name=open, clazz=class java.lang.Boolean, values=[true, false]}, PropertyBool{name=powered, clazz=class java.lang.Boolean, values=[true, false]}
mcwdoors:metal_windowed_door: PropertyDirection{name=facing, clazz=class net.minecraft.util.EnumFacing, values=[north, south, west, east]}, PropertyEnum{name=half, clazz=class net.minecraft.block.BlockDoor$EnumDoorHalf, values=[upper, lower]}, PropertyEnum{name=hinge, clazz=class net.minecraft.block.BlockDoor$EnumHingePosition, values=[left, right]}, PropertyBool{name=open, clazz=class java.lang.Boolean, values=[true, false]}, PropertyBool{name=powered, clazz=class java.lang.Boolean, values=[true, false]}
mcwdoors:oak_bark_glass_door: PropertyDirection{name=facing, clazz=class net.minecraft.util.EnumFacing, values=[north, south, west, east]}, PropertyEnum{name=half, clazz=class net.minecraft.block.BlockDoor$EnumDoorHalf, values=[upper, lower]}, PropertyEnum{name=hinge, clazz=class net.minecraft.block.BlockDoor$EnumHingePosition, values=[left, right]}, PropertyBool{name=open, clazz=class java.lang.Boolean, values=[true, false]}, PropertyBool{name=powered, clazz=class java.lang.Boolean, values=[true, false]}
mcwdoors:oak_barn_door: PropertyDirection{name=facing, clazz=class net.minecraft.util.EnumFacing, values=[north, south, west, east]}, PropertyEnum{name=half, clazz=class net.minecraft.block.BlockDoor$EnumDoorHalf, values=[upper, lower]}, PropertyEnum{name=hinge, clazz=class net.minecraft.block.BlockDoor$EnumHingePosition, values=[left, right]}, PropertyBool{name=open, clazz=class java.lang.Boolean, values=[true, false]}, PropertyBool{name=powered, clazz=class java.lang.Boolean, values=[true, false]}
mcwdoors:oak_barn_glass_door: PropertyDirection{name=facing, clazz=class net.minecraft.util.EnumFacing, values=[north, south, west, east]}, PropertyEnum{name=half, clazz=class net.minecraft.block.BlockDoor$EnumDoorHalf, values=[upper, lower]}, PropertyEnum{name=hinge, clazz=class net.minecraft.block.BlockDoor$EnumHingePosition, values=[left, right]}, PropertyBool{name=open, clazz=class java.lang.Boolean, values=[true, false]}, PropertyBool{name=powered, clazz=class java.lang.Boolean, values=[true, false]}
mcwdoors:oak_beach_door: PropertyDirection{name=facing, clazz=class net.minecraft.util.EnumFacing, values=[north, south, west, east]}, PropertyEnum{name=half, clazz=class net.minecraft.block.BlockDoor$EnumDoorHalf, values=[upper, lower]}, PropertyEnum{name=hinge, clazz=class net.minecraft.block.BlockDoor$EnumHingePosition, values=[left, right]}, PropertyBool{name=open, clazz=class java.lang.Boolean, values=[true, false]}, PropertyBool{name=powered, clazz=class java.lang.Boolean, values=[true, false]}
mcwdoors:oak_cottage_door: PropertyDirection{name=facing, clazz=class net.minecraft.util.EnumFacing, values=[north, south, west, east]}, PropertyEnum{name=half, clazz=class net.minecraft.block.BlockDoor$EnumDoorHalf, values=[upper, lower]}, PropertyEnum{name=hinge, clazz=class net.minecraft.block.BlockDoor$EnumHingePosition, values=[left, right]}, PropertyBool{name=open, clazz=class java.lang.Boolean, values=[true, false]}, PropertyBool{name=powered, clazz=class java.lang.Boolean, values=[true, false]}
mcwdoors:oak_four_panel_door: PropertyDirection{name=facing, clazz=class net.minecraft.util.EnumFacing, values=[north, south, west, east]}, PropertyEnum{name=half, clazz=class net.minecraft.block.BlockDoor$EnumDoorHalf, values=[upper, lower]}, PropertyEnum{name=hinge, clazz=class net.minecraft.block.BlockDoor$EnumHingePosition, values=[left, right]}, PropertyBool{name=open, clazz=class java.lang.Boolean, values=[true, false]}, PropertyBool{name=powered, clazz=class java.lang.Boolean, values=[true, false]}
mcwdoors:oak_glass_door: PropertyDirection{name=facing, clazz=class net.minecraft.util.EnumFacing, values=[north, south, west, east]}, PropertyEnum{name=half, clazz=class net.minecraft.block.BlockDoor$EnumDoorHalf, values=[upper, lower]}, PropertyEnum{name=hinge, clazz=class net.minecraft.block.BlockDoor$EnumHingePosition, values=[left, right]}, PropertyBool{name=open, clazz=class java.lang.Boolean, values=[true, false]}, PropertyBool{name=powered, clazz=class java.lang.Boolean, values=[true, false]}
mcwdoors:oak_japanese2_door: PropertyDirection{name=facing, clazz=class net.minecraft.util.EnumFacing, values=[north, south, west, east]}, PropertyEnum{name=half, clazz=class net.minecraft.block.BlockDoor$EnumDoorHalf, values=[upper, lower]}, PropertyEnum{name=hinge, clazz=class net.minecraft.block.BlockDoor$EnumHingePosition, values=[left, right]}, PropertyBool{name=open, clazz=class java.lang.Boolean, values=[true, false]}, PropertyBool{name=powered, clazz=class java.lang.Boolean, values=[true, false]}
mcwdoors:oak_japanese_door: PropertyDirection{name=facing, clazz=class net.minecraft.util.EnumFacing, values=[north, south, west, east]}, PropertyEnum{name=half, clazz=class net.minecraft.block.BlockDoor$EnumDoorHalf, values=[upper, lower]}, PropertyEnum{name=hinge, clazz=class net.minecraft.block.BlockDoor$EnumHingePosition, values=[left, right]}, PropertyBool{name=open, clazz=class java.lang.Boolean, values=[true, false]}, PropertyBool{name=powered, clazz=class java.lang.Boolean, values=[true, false]}
mcwdoors:oak_modern_door: PropertyDirection{name=facing, clazz=class net.minecraft.util.EnumFacing, values=[north, south, west, east]}, PropertyEnum{name=half, clazz=class net.minecraft.block.BlockDoor$EnumDoorHalf, values=[upper, lower]}, PropertyEnum{name=hinge, clazz=class net.minecraft.block.BlockDoor$EnumHingePosition, values=[left, right]}, PropertyBool{name=open, clazz=class java.lang.Boolean, values=[true, false]}, PropertyBool{name=powered, clazz=class java.lang.Boolean, values=[true, false]}
mcwdoors:oak_paper_door: PropertyDirection{name=facing, clazz=class net.minecraft.util.EnumFacing, values=[north, south, west, east]}, PropertyEnum{name=half, clazz=class net.minecraft.block.BlockDoor$EnumDoorHalf, values=[upper, lower]}, PropertyEnum{name=hinge, clazz=class net.minecraft.block.BlockDoor$EnumHingePosition, values=[left, right]}, PropertyBool{name=open, clazz=class java.lang.Boolean, values=[true, false]}, PropertyBool{name=powered, clazz=class java.lang.Boolean, values=[true, false]}
mcwdoors:oak_stable_door: PropertyDirection{name=facing, clazz=class net.minecraft.util.EnumFacing, values=[north, south, west, east]}, PropertyEnum{name=half, clazz=class net.minecraft.block.BlockDoor$EnumDoorHalf, values=[upper, lower]}, PropertyEnum{name=hinge, clazz=class net.minecraft.block.BlockDoor$EnumHingePosition, values=[left, right]}, PropertyBool{name=open, clazz=class java.lang.Boolean, values=[true, false]}, PropertyBool{name=powered, clazz=class java.lang.Boolean, values=[true, false]}
mcwdoors:oak_stable_head_door: PropertyDirection{name=facing, clazz=class net.minecraft.util.EnumFacing, values=[north, south, west, east]}, PropertyEnum{name=half, clazz=class net.minecraft.block.BlockDoor$EnumDoorHalf, values=[upper, lower]}, PropertyEnum{name=hinge, clazz=class net.minecraft.block.BlockDoor$EnumHingePosition, values=[left, right]}, PropertyBool{name=open, clazz=class java.lang.Boolean, values=[true, false]}, PropertyBool{name=powered, clazz=class java.lang.Boolean, values=[true, false]}
mcwdoors:oak_tropical_door: PropertyDirection{name=facing, clazz=class net.minecraft.util.EnumFacing, values=[north, south, west, east]}, PropertyEnum{name=half, clazz=class net.minecraft.block.BlockDoor$EnumDoorHalf, values=[upper, lower]}, PropertyEnum{name=hinge, clazz=class net.minecraft.block.BlockDoor$EnumHingePosition, values=[left, right]}, PropertyBool{name=open, clazz=class java.lang.Boolean, values=[true, false]}, PropertyBool{name=powered, clazz=class java.lang.Boolean, values=[true, false]}
mcwdoors:oak_western_door: PropertyDirection{name=facing, clazz=class net.minecraft.util.EnumFacing, values=[north, south, west, east]}, PropertyEnum{name=half, clazz=class net.minecraft.block.BlockDoor$EnumDoorHalf, values=[upper, lower]}, PropertyEnum{name=hinge, clazz=class net.minecraft.block.BlockDoor$EnumHingePosition, values=[left, right]}, PropertyBool{name=open, clazz=class java.lang.Boolean, values=[true, false]}, PropertyBool{name=powered, clazz=class java.lang.Boolean, values=[true, false]}
mcwdoors:spruce_bark_glass_door: PropertyDirection{name=facing, clazz=class net.minecraft.util.EnumFacing, values=[north, south, west, east]}, PropertyEnum{name=half, clazz=class net.minecraft.block.BlockDoor$EnumDoorHalf, values=[upper, lower]}, PropertyEnum{name=hinge, clazz=class net.minecraft.block.BlockDoor$EnumHingePosition, values=[left, right]}, PropertyBool{name=open, clazz=class java.lang.Boolean, values=[true, false]}, PropertyBool{name=powered, clazz=class java.lang.Boolean, values=[true, false]}
mcwdoors:spruce_barn_door: PropertyDirection{name=facing, clazz=class net.minecraft.util.EnumFacing, values=[north, south, west, east]}, PropertyEnum{name=half, clazz=class net.minecraft.block.BlockDoor$EnumDoorHalf, values=[upper, lower]}, PropertyEnum{name=hinge, clazz=class net.minecraft.block.BlockDoor$EnumHingePosition, values=[left, right]}, PropertyBool{name=open, clazz=class java.lang.Boolean, values=[true, false]}, PropertyBool{name=powered, clazz=class java.lang.Boolean, values=[true, false]}
mcwdoors:spruce_barn_glass_door: PropertyDirection{name=facing, clazz=class net.minecraft.util.EnumFacing, values=[north, south, west, east]}, PropertyEnum{name=half, clazz=class net.minecraft.block.BlockDoor$EnumDoorHalf, values=[upper, lower]}, PropertyEnum{name=hinge, clazz=class net.minecraft.block.BlockDoor$EnumHingePosition, values=[left, right]}, PropertyBool{name=open, clazz=class java.lang.Boolean, values=[true, false]}, PropertyBool{name=powered, clazz=class java.lang.Boolean, values=[true, false]}
mcwdoors:spruce_beach_door: PropertyDirection{name=facing, clazz=class net.minecraft.util.EnumFacing, values=[north, south, west, east]}, PropertyEnum{name=half, clazz=class net.minecraft.block.BlockDoor$EnumDoorHalf, values=[upper, lower]}, PropertyEnum{name=hinge, clazz=class net.minecraft.block.BlockDoor$EnumHingePosition, values=[left, right]}, PropertyBool{name=open, clazz=class java.lang.Boolean, values=[true, false]}, PropertyBool{name=powered, clazz=class java.lang.Boolean, values=[true, false]}
mcwdoors:spruce_classic_door: PropertyDirection{name=facing, clazz=class net.minecraft.util.EnumFacing, values=[north, south, west, east]}, PropertyEnum{name=half, clazz=class net.minecraft.block.BlockDoor$EnumDoorHalf, values=[upper, lower]}, PropertyEnum{name=hinge, clazz=class net.minecraft.block.BlockDoor$EnumHingePosition, values=[left, right]}, PropertyBool{name=open, clazz=class java.lang.Boolean, values=[true, false]}, PropertyBool{name=powered, clazz=class java.lang.Boolean, values=[true, false]}
mcwdoors:spruce_four_panel_door: PropertyDirection{name=facing, clazz=class net.minecraft.util.EnumFacing, values=[north, south, west, east]}, PropertyEnum{name=half, clazz=class net.minecraft.block.BlockDoor$EnumDoorHalf, values=[upper, lower]}, PropertyEnum{name=hinge, clazz=class net.minecraft.block.BlockDoor$EnumHingePosition, values=[left, right]}, PropertyBool{name=open, clazz=class java.lang.Boolean, values=[true, false]}, PropertyBool{name=powered, clazz=class java.lang.Boolean, values=[true, false]}
mcwdoors:spruce_glass_door: PropertyDirection{name=facing, clazz=class net.minecraft.util.EnumFacing, values=[north, south, west, east]}, PropertyEnum{name=half, clazz=class net.minecraft.block.BlockDoor$EnumDoorHalf, values=[upper, lower]}, PropertyEnum{name=hinge, clazz=class net.minecraft.block.BlockDoor$EnumHingePosition, values=[left, right]}, PropertyBool{name=open, clazz=class java.lang.Boolean, values=[true, false]}, PropertyBool{name=powered, clazz=class java.lang.Boolean, values=[true, false]}
mcwdoors:spruce_japanese2_door: PropertyDirection{name=facing, clazz=class net.minecraft.util.EnumFacing, values=[north, south, west, east]}, PropertyEnum{name=half, clazz=class net.minecraft.block.BlockDoor$EnumDoorHalf, values=[upper, lower]}, PropertyEnum{name=hinge, clazz=class net.minecraft.block.BlockDoor$EnumHingePosition, values=[left, right]}, PropertyBool{name=open, clazz=class java.lang.Boolean, values=[true, false]}, PropertyBool{name=powered, clazz=class java.lang.Boolean, values=[true, false]}
mcwdoors:spruce_japanese_door: PropertyDirection{name=facing, clazz=class net.minecraft.util.EnumFacing, values=[north, south, west, east]}, PropertyEnum{name=half, clazz=class net.minecraft.block.BlockDoor$EnumDoorHalf, values=[upper, lower]}, PropertyEnum{name=hinge, clazz=class net.minecraft.block.BlockDoor$EnumHingePosition, values=[left, right]}, PropertyBool{name=open, clazz=class java.lang.Boolean, values=[true, false]}, PropertyBool{name=powered, clazz=class java.lang.Boolean, values=[true, false]}
mcwdoors:spruce_modern_door: PropertyDirection{name=facing, clazz=class net.minecraft.util.EnumFacing, values=[north, south, west, east]}, PropertyEnum{name=half, clazz=class net.minecraft.block.BlockDoor$EnumDoorHalf, values=[upper, lower]}, PropertyEnum{name=hinge, clazz=class net.minecraft.block.BlockDoor$EnumHingePosition, values=[left, right]}, PropertyBool{name=open, clazz=class java.lang.Boolean, values=[true, false]}, PropertyBool{name=powered, clazz=class java.lang.Boolean, values=[true, false]}
mcwdoors:spruce_paper_door: PropertyDirection{name=facing, clazz=class net.minecraft.util.EnumFacing, values=[north, south, west, east]}, PropertyEnum{name=half, clazz=class net.minecraft.block.BlockDoor$EnumDoorHalf, values=[upper, lower]}, PropertyEnum{name=hinge, clazz=class net.minecraft.block.BlockDoor$EnumHingePosition, values=[left, right]}, PropertyBool{name=open, clazz=class java.lang.Boolean, values=[true, false]}, PropertyBool{name=powered, clazz=class java.lang.Boolean, values=[true, false]}
mcwdoors:spruce_stable_door: PropertyDirection{name=facing, clazz=class net.minecraft.util.EnumFacing, values=[north, south, west, east]}, PropertyEnum{name=half, clazz=class net.minecraft.block.BlockDoor$EnumDoorHalf, values=[upper, lower]}, PropertyEnum{name=hinge, clazz=class net.minecraft.block.BlockDoor$EnumHingePosition, values=[left, right]}, PropertyBool{name=open, clazz=class java.lang.Boolean, values=[true, false]}, PropertyBool{name=powered, clazz=class java.lang.Boolean, values=[true, false]}
mcwdoors:spruce_stable_head_door: PropertyDirection{name=facing, clazz=class net.minecraft.util.EnumFacing, values=[north, south, west, east]}, PropertyEnum{name=half, clazz=class net.minecraft.block.BlockDoor$EnumDoorHalf, values=[upper, lower]}, PropertyEnum{name=hinge, clazz=class net.minecraft.block.BlockDoor$EnumHingePosition, values=[left, right]}, PropertyBool{name=open, clazz=class java.lang.Boolean, values=[true, false]}, PropertyBool{name=powered, clazz=class java.lang.Boolean, values=[true, false]}
mcwdoors:spruce_tropical_door: PropertyDirection{name=facing, clazz=class net.minecraft.util.EnumFacing, values=[north, south, west, east]}, PropertyEnum{name=half, clazz=class net.minecraft.block.BlockDoor$EnumDoorHalf, values=[upper, lower]}, PropertyEnum{name=hinge, clazz=class net.minecraft.block.BlockDoor$EnumHingePosition, values=[left, right]}, PropertyBool{name=open, clazz=class java.lang.Boolean, values=[true, false]}, PropertyBool{name=powered, clazz=class java.lang.Boolean, values=[true, false]}
mcwdoors:spruce_western_door: PropertyDirection{name=facing, clazz=class net.minecraft.util.EnumFacing, values=[north, south, west, east]}, PropertyEnum{name=half, clazz=class net.minecraft.block.BlockDoor$EnumDoorHalf, values=[upper, lower]}, PropertyEnum{name=hinge, clazz=class net.minecraft.block.BlockDoor$EnumHingePosition, values=[left, right]}, PropertyBool{name=open, clazz=class java.lang.Boolean, values=[true, false]}, PropertyBool{name=powered, clazz=class java.lang.Boolean, values=[true, false]}
mcwlights:acacia_tiki_torch: PropertyBool{name=lit, clazz=class java.lang.Boolean, values=[true, false]}, PropertyEnum{name=part, clazz=class com.mcwlights.kikoz.objects.TikiTorch$LightPart, values=[base, top, middle, bottom]}
mcwlights:bell_lantern: PropertyEnum{name=hanging, clazz=class com.mcwlights.kikoz.objects.Lantern$HangingEnum, values=[up, none]}
mcwlights:bell_wall_lantern: PropertyDirection{name=facing, clazz=class net.minecraft.util.EnumFacing, values=[north, south, west, east]}
mcwlights:birch_tiki_torch: PropertyBool{name=lit, clazz=class java.lang.Boolean, values=[true, false]}, PropertyEnum{name=part, clazz=class com.mcwlights.kikoz.objects.TikiTorch$LightPart, values=[base, top, middle, bottom]}
mcwlights:black_ceiling_light: PropertyBool{name=lit, clazz=class java.lang.Boolean, values=[true, false]}, PropertyEnum{name=part, clazz=class com.mcwlights.kikoz.objects.CeilingLight$LightPart, values=[base, top, middle, bottom]}
mcwlights:black_lamp: PropertyBool{name=lit, clazz=class java.lang.Boolean, values=[true, false]}, PropertyEnum{name=part, clazz=class com.mcwlights.kikoz.objects.Lamp$LightPart, values=[base, top, middle, bottom]}
mcwlights:black_paper_lamp: PropertyBool{name=lit, clazz=class java.lang.Boolean, values=[true, false]}
mcwlights:black_square_wall_lamp: PropertyDirection{name=facing, clazz=class net.minecraft.util.EnumFacing, values=[north, south, west, east]}, PropertyBool{name=lit, clazz=class java.lang.Boolean, values=[true, false]}
mcwlights:black_wall_lamp: PropertyDirection{name=facing, clazz=class net.minecraft.util.EnumFacing, values=[north, south, west, east]}, PropertyBool{name=lit, clazz=class java.lang.Boolean, values=[true, false]}
mcwlights:blue_ceiling_light: PropertyBool{name=lit, clazz=class java.lang.Boolean, values=[true, false]}, PropertyEnum{name=part, clazz=class com.mcwlights.kikoz.objects.CeilingLight$LightPart, values=[base, top, middle, bottom]}
mcwlights:blue_lamp: PropertyBool{name=lit, clazz=class java.lang.Boolean, values=[true, false]}, PropertyEnum{name=part, clazz=class com.mcwlights.kikoz.objects.Lamp$LightPart, values=[base, top, middle, bottom]}
mcwlights:blue_paper_lamp: PropertyBool{name=lit, clazz=class java.lang.Boolean, values=[true, false]}
mcwlights:blue_square_wall_lamp: PropertyDirection{name=facing, clazz=class net.minecraft.util.EnumFacing, values=[north, south, west, east]}, PropertyBool{name=lit, clazz=class java.lang.Boolean, values=[true, false]}
mcwlights:blue_wall_lamp: PropertyDirection{name=facing, clazz=class net.minecraft.util.EnumFacing, values=[north, south, west, east]}, PropertyBool{name=lit, clazz=class java.lang.Boolean, values=[true, false]}
mcwlights:brown_ceiling_light: PropertyBool{name=lit, clazz=class java.lang.Boolean, values=[true, false]}, PropertyEnum{name=part, clazz=class com.mcwlights.kikoz.objects.CeilingLight$LightPart, values=[base, top, middle, bottom]}
mcwlights:brown_lamp: PropertyBool{name=lit, clazz=class java.lang.Boolean, values=[true, false]}, PropertyEnum{name=part, clazz=class com.mcwlights.kikoz.objects.Lamp$LightPart, values=[base, top, middle, bottom]}
mcwlights:brown_paper_lamp: PropertyBool{name=lit, clazz=class java.lang.Boolean, values=[true, false]}
mcwlights:brown_square_wall_lamp: PropertyDirection{name=facing, clazz=class net.minecraft.util.EnumFacing, values=[north, south, west, east]}, PropertyBool{name=lit, clazz=class java.lang.Boolean, values=[true, false]}
mcwlights:brown_wall_lamp: PropertyDirection{name=facing, clazz=class net.minecraft.util.EnumFacing, values=[north, south, west, east]}, PropertyBool{name=lit, clazz=class java.lang.Boolean, values=[true, false]}
mcwlights:chain_lantern: PropertyEnum{name=hanging, clazz=class com.mcwlights.kikoz.objects.Lantern$HangingEnum, values=[up, none]}
mcwlights:chain_wall_lantern: PropertyDirection{name=facing, clazz=class net.minecraft.util.EnumFacing, values=[north, south, west, east]}
mcwlights:classic_street_lamp: PropertyBool{name=lit, clazz=class java.lang.Boolean, values=[true, false]}, PropertyEnum{name=part, clazz=class com.mcwlights.kikoz.objects.Lamp$LightPart, values=[base, top, middle, bottom]}
mcwlights:covered_lantern: PropertyEnum{name=hanging, clazz=class com.mcwlights.kikoz.objects.Lantern$HangingEnum, values=[up, none]}
mcwlights:covered_wall_lantern: PropertyDirection{name=facing, clazz=class net.minecraft.util.EnumFacing, values=[north, south, west, east]}
mcwlights:cross_lantern: PropertyEnum{name=hanging, clazz=class com.mcwlights.kikoz.objects.Lantern$HangingEnum, values=[up, none]}
mcwlights:cross_wall_lantern: PropertyDirection{name=facing, clazz=class net.minecraft.util.EnumFacing, values=[north, south, west, east]}
mcwlights:cyan_ceiling_light: PropertyBool{name=lit, clazz=class java.lang.Boolean, values=[true, false]}, PropertyEnum{name=part, clazz=class com.mcwlights.kikoz.objects.CeilingLight$LightPart, values=[base, top, middle, bottom]}
mcwlights:cyan_lamp: PropertyBool{name=lit, clazz=class java.lang.Boolean, values=[true, false]}, PropertyEnum{name=part, clazz=class com.mcwlights.kikoz.objects.Lamp$LightPart, values=[base, top, middle, bottom]}
mcwlights:cyan_paper_lamp: PropertyBool{name=lit, clazz=class java.lang.Boolean, values=[true, false]}
mcwlights:cyan_square_wall_lamp: PropertyDirection{name=facing, clazz=class net.minecraft.util.EnumFacing, values=[north, south, west, east]}, PropertyBool{name=lit, clazz=class java.lang.Boolean, values=[true, false]}
mcwlights:cyan_wall_lamp: PropertyDirection{name=facing, clazz=class net.minecraft.util.EnumFacing, values=[north, south, west, east]}, PropertyBool{name=lit, clazz=class java.lang.Boolean, values=[true, false]}
mcwlights:dark_oak_tiki_torch: PropertyBool{name=lit, clazz=class java.lang.Boolean, values=[true, false]}, PropertyEnum{name=part, clazz=class com.mcwlights.kikoz.objects.TikiTorch$LightPart, values=[base, top, middle, bottom]}
mcwlights:double_street_lamp: PropertyDirection{name=facing, clazz=class net.minecraft.util.EnumFacing, values=[north, south, west, east]}, PropertyBool{name=lit, clazz=class java.lang.Boolean, values=[true, false]}, PropertyEnum{name=part, clazz=class com.mcwlights.kikoz.objects.LampFacing$LightPart, values=[base, top, middle, bottom]}
mcwlights:festive_lantern: PropertyEnum{name=hanging, clazz=class com.mcwlights.kikoz.objects.Lantern$HangingEnum, values=[up, none]}
mcwlights:festive_wall_lantern: PropertyDirection{name=facing, clazz=class net.minecraft.util.EnumFacing, values=[north, south, west, east]}
mcwlights:framed_torch: PropertyDirection{name=facing, clazz=class net.minecraft.util.EnumFacing, values=[down, up, north, south, west, east]}
mcwlights:garden_light: PropertyBool{name=lit, clazz=class java.lang.Boolean, values=[true, false]}
mcwlights:glowstone_slab: PropertyDirection{name=facing, clazz=class net.minecraft.util.EnumFacing, values=[down, up, north, south, west, east]}
mcwlights:gray_ceiling_light: PropertyBool{name=lit, clazz=class java.lang.Boolean, values=[true, false]}, PropertyEnum{name=part, clazz=class com.mcwlights.kikoz.objects.CeilingLight$LightPart, values=[base, top, middle, bottom]}
mcwlights:gray_lamp: PropertyBool{name=lit, clazz=class java.lang.Boolean, values=[true, false]}, PropertyEnum{name=part, clazz=class com.mcwlights.kikoz.objects.Lamp$LightPart, values=[base, top, middle, bottom]}
mcwlights:gray_paper_lamp: PropertyBool{name=lit, clazz=class java.lang.Boolean, values=[true, false]}
mcwlights:gray_square_wall_lamp: PropertyDirection{name=facing, clazz=class net.minecraft.util.EnumFacing, values=[north, south, west, east]}, PropertyBool{name=lit, clazz=class java.lang.Boolean, values=[true, false]}
mcwlights:gray_wall_lamp: PropertyDirection{name=facing, clazz=class net.minecraft.util.EnumFacing, values=[north, south, west, east]}, PropertyBool{name=lit, clazz=class java.lang.Boolean, values=[true, false]}
mcwlights:green_ceiling_light: PropertyBool{name=lit, clazz=class java.lang.Boolean, values=[true, false]}, PropertyEnum{name=part, clazz=class com.mcwlights.kikoz.objects.CeilingLight$LightPart, values=[base, top, middle, bottom]}
mcwlights:green_lamp: PropertyBool{name=lit, clazz=class java.lang.Boolean, values=[true, false]}, PropertyEnum{name=part, clazz=class com.mcwlights.kikoz.objects.Lamp$LightPart, values=[base, top, middle, bottom]}
mcwlights:green_paper_lamp: PropertyBool{name=lit, clazz=class java.lang.Boolean, values=[true, false]}
mcwlights:green_square_wall_lamp: PropertyDirection{name=facing, clazz=class net.minecraft.util.EnumFacing, values=[north, south, west, east]}, PropertyBool{name=lit, clazz=class java.lang.Boolean, values=[true, false]}
mcwlights:green_wall_lamp: PropertyDirection{name=facing, clazz=class net.minecraft.util.EnumFacing, values=[north, south, west, east]}, PropertyBool{name=lit, clazz=class java.lang.Boolean, values=[true, false]}
mcwlights:iron_framed_torch: PropertyDirection{name=facing, clazz=class net.minecraft.util.EnumFacing, values=[down, up, north, south, west, east]}
mcwlights:jungle_tiki_torch: PropertyBool{name=lit, clazz=class java.lang.Boolean, values=[true, false]}, PropertyEnum{name=part, clazz=class com.mcwlights.kikoz.objects.TikiTorch$LightPart, values=[base, top, middle, bottom]}
mcwlights:lava_lamp: PropertyBool{name=lit, clazz=class java.lang.Boolean, values=[true, false]}
mcwlights:light_blue_ceiling_light: PropertyBool{name=lit, clazz=class java.lang.Boolean, values=[true, false]}, PropertyEnum{name=part, clazz=class com.mcwlights.kikoz.objects.CeilingLight$LightPart, values=[base, top, middle, bottom]}
mcwlights:light_blue_lamp: PropertyBool{name=lit, clazz=class java.lang.Boolean, values=[true, false]}, PropertyEnum{name=part, clazz=class com.mcwlights.kikoz.objects.Lamp$LightPart, values=[base, top, middle, bottom]}
mcwlights:light_blue_paper_lamp: PropertyBool{name=lit, clazz=class java.lang.Boolean, values=[true, false]}
mcwlights:light_blue_square_wall_lamp: PropertyDirection{name=facing, clazz=class net.minecraft.util.EnumFacing, values=[north, south, west, east]}, PropertyBool{name=lit, clazz=class java.lang.Boolean, values=[true, false]}
mcwlights:light_blue_wall_lamp: PropertyDirection{name=facing, clazz=class net.minecraft.util.EnumFacing, values=[north, south, west, east]}, PropertyBool{name=lit, clazz=class java.lang.Boolean, values=[true, false]}
mcwlights:light_gray_ceiling_light: PropertyBool{name=lit, clazz=class java.lang.Boolean, values=[true, false]}, PropertyEnum{name=part, clazz=class com.mcwlights.kikoz.objects.CeilingLight$LightPart, values=[base, top, middle, bottom]}
mcwlights:light_gray_lamp: PropertyBool{name=lit, clazz=class java.lang.Boolean, values=[true, false]}, PropertyEnum{name=part, clazz=class com.mcwlights.kikoz.objects.Lamp$LightPart, values=[base, top, middle, bottom]}
mcwlights:light_gray_paper_lamp: PropertyBool{name=lit, clazz=class java.lang.Boolean, values=[true, false]}
mcwlights:light_gray_square_wall_lamp: PropertyDirection{name=facing, clazz=class net.minecraft.util.EnumFacing, values=[north, south, west, east]}, PropertyBool{name=lit, clazz=class java.lang.Boolean, values=[true, false]}
mcwlights:light_gray_wall_lamp: PropertyDirection{name=facing, clazz=class net.minecraft.util.EnumFacing, values=[north, south, west, east]}, PropertyBool{name=lit, clazz=class java.lang.Boolean, values=[true, false]}
mcwlights:lime_ceiling_light: PropertyBool{name=lit, clazz=class java.lang.Boolean, values=[true, false]}, PropertyEnum{name=part, clazz=class com.mcwlights.kikoz.objects.CeilingLight$LightPart, values=[base, top, middle, bottom]}
mcwlights:lime_lamp: PropertyBool{name=lit, clazz=class java.lang.Boolean, values=[true, false]}, PropertyEnum{name=part, clazz=class com.mcwlights.kikoz.objects.Lamp$LightPart, values=[base, top, middle, bottom]}
mcwlights:lime_paper_lamp: PropertyBool{name=lit, clazz=class java.lang.Boolean, values=[true, false]}
mcwlights:lime_square_wall_lamp: PropertyDirection{name=facing, clazz=class net.minecraft.util.EnumFacing, values=[north, south, west, east]}, PropertyBool{name=lit, clazz=class java.lang.Boolean, values=[true, false]}
mcwlights:lime_wall_lamp: PropertyDirection{name=facing, clazz=class net.minecraft.util.EnumFacing, values=[north, south, west, east]}, PropertyBool{name=lit, clazz=class java.lang.Boolean, values=[true, false]}
mcwlights:magenta_ceiling_light: PropertyBool{name=lit, clazz=class java.lang.Boolean, values=[true, false]}, PropertyEnum{name=part, clazz=class com.mcwlights.kikoz.objects.CeilingLight$LightPart, values=[base, top, middle, bottom]}
mcwlights:magenta_lamp: PropertyBool{name=lit, clazz=class java.lang.Boolean, values=[true, false]}, PropertyEnum{name=part, clazz=class com.mcwlights.kikoz.objects.Lamp$LightPart, values=[base, top, middle, bottom]}
mcwlights:magenta_paper_lamp: PropertyBool{name=lit, clazz=class java.lang.Boolean, values=[true, false]}
mcwlights:magenta_square_wall_lamp: PropertyDirection{name=facing, clazz=class net.minecraft.util.EnumFacing, values=[north, south, west, east]}, PropertyBool{name=lit, clazz=class java.lang.Boolean, values=[true, false]}
mcwlights:magenta_wall_lamp: PropertyDirection{name=facing, clazz=class net.minecraft.util.EnumFacing, values=[north, south, west, east]}, PropertyBool{name=lit, clazz=class java.lang.Boolean, values=[true, false]}
mcwlights:oak_tiki_torch: PropertyBool{name=lit, clazz=class java.lang.Boolean, values=[true, false]}, PropertyEnum{name=part, clazz=class com.mcwlights.kikoz.objects.TikiTorch$LightPart, values=[base, top, middle, bottom]}
mcwlights:orange_ceiling_light: PropertyBool{name=lit, clazz=class java.lang.Boolean, values=[true, false]}, PropertyEnum{name=part, clazz=class com.mcwlights.kikoz.objects.CeilingLight$LightPart, values=[base, top, middle, bottom]}
mcwlights:orange_lamp: PropertyBool{name=lit, clazz=class java.lang.Boolean, values=[true, false]}, PropertyEnum{name=part, clazz=class com.mcwlights.kikoz.objects.Lamp$LightPart, values=[base, top, middle, bottom]}
mcwlights:orange_paper_lamp: PropertyBool{name=lit, clazz=class java.lang.Boolean, values=[true, false]}
mcwlights:orange_square_wall_lamp: PropertyDirection{name=facing, clazz=class net.minecraft.util.EnumFacing, values=[north, south, west, east]}, PropertyBool{name=lit, clazz=class java.lang.Boolean, values=[true, false]}
mcwlights:orange_wall_lamp: PropertyDirection{name=facing, clazz=class net.minecraft.util.EnumFacing, values=[north, south, west, east]}, PropertyBool{name=lit, clazz=class java.lang.Boolean, values=[true, false]}
mcwlights:pink_ceiling_light: PropertyBool{name=lit, clazz=class java.lang.Boolean, values=[true, false]}, PropertyEnum{name=part, clazz=class com.mcwlights.kikoz.objects.CeilingLight$LightPart, values=[base, top, middle, bottom]}
mcwlights:pink_lamp: PropertyBool{name=lit, clazz=class java.lang.Boolean, values=[true, false]}, PropertyEnum{name=part, clazz=class com.mcwlights.kikoz.objects.Lamp$LightPart, values=[base, top, middle, bottom]}
mcwlights:pink_paper_lamp: PropertyBool{name=lit, clazz=class java.lang.Boolean, values=[true, false]}
mcwlights:pink_square_wall_lamp: PropertyDirection{name=facing, clazz=class net.minecraft.util.EnumFacing, values=[north, south, west, east]}, PropertyBool{name=lit, clazz=class java.lang.Boolean, values=[true, false]}
mcwlights:pink_wall_lamp: PropertyDirection{name=facing, clazz=class net.minecraft.util.EnumFacing, values=[north, south, west, east]}, PropertyBool{name=lit, clazz=class java.lang.Boolean, values=[true, false]}
mcwlights:purple_ceiling_light: PropertyBool{name=lit, clazz=class java.lang.Boolean, values=[true, false]}, PropertyEnum{name=part, clazz=class com.mcwlights.kikoz.objects.CeilingLight$LightPart, values=[base, top, middle, bottom]}
mcwlights:purple_lamp: PropertyBool{name=lit, clazz=class java.lang.Boolean, values=[true, false]}, PropertyEnum{name=part, clazz=class com.mcwlights.kikoz.objects.Lamp$LightPart, values=[base, top, middle, bottom]}
mcwlights:purple_paper_lamp: PropertyBool{name=lit, clazz=class java.lang.Boolean, values=[true, false]}
mcwlights:purple_square_wall_lamp: PropertyDirection{name=facing, clazz=class net.minecraft.util.EnumFacing, values=[north, south, west, east]}, PropertyBool{name=lit, clazz=class java.lang.Boolean, values=[true, false]}
mcwlights:purple_wall_lamp: PropertyDirection{name=facing, clazz=class net.minecraft.util.EnumFacing, values=[north, south, west, east]}, PropertyBool{name=lit, clazz=class java.lang.Boolean, values=[true, false]}
mcwlights:red_ceiling_light: PropertyBool{name=lit, clazz=class java.lang.Boolean, values=[true, false]}, PropertyEnum{name=part, clazz=class com.mcwlights.kikoz.objects.CeilingLight$LightPart, values=[base, top, middle, bottom]}
mcwlights:red_lamp: PropertyBool{name=lit, clazz=class java.lang.Boolean, values=[true, false]}, PropertyEnum{name=part, clazz=class com.mcwlights.kikoz.objects.Lamp$LightPart, values=[base, top, middle, bottom]}
mcwlights:red_paper_lamp: PropertyBool{name=lit, clazz=class java.lang.Boolean, values=[true, false]}
mcwlights:red_square_wall_lamp: PropertyDirection{name=facing, clazz=class net.minecraft.util.EnumFacing, values=[north, south, west, east]}, PropertyBool{name=lit, clazz=class java.lang.Boolean, values=[true, false]}
mcwlights:red_wall_lamp: PropertyDirection{name=facing, clazz=class net.minecraft.util.EnumFacing, values=[north, south, west, east]}, PropertyBool{name=lit, clazz=class java.lang.Boolean, values=[true, false]}
mcwlights:redstone_lamp_slab: PropertyDirection{name=facing, clazz=class net.minecraft.util.EnumFacing, values=[down, up, north, south, west, east]}
mcwlights:reinforced_torch: PropertyDirection{name=facing, clazz=class net.minecraft.util.EnumFacing, values=[down, up, north, south, west, east]}
mcwlights:rustic_torch: PropertyDirection{name=facing, clazz=class net.minecraft.util.EnumFacing, values=[down, up, north, south, west, east]}
mcwlights:sea_lantern_slab: PropertyDirection{name=facing, clazz=class net.minecraft.util.EnumFacing, values=[down, up, north, south, west, east]}
mcwlights:spruce_tiki_torch: PropertyBool{name=lit, clazz=class java.lang.Boolean, values=[true, false]}, PropertyEnum{name=part, clazz=class com.mcwlights.kikoz.objects.TikiTorch$LightPart, values=[base, top, middle, bottom]}
mcwlights:striped_lantern: PropertyEnum{name=hanging, clazz=class com.mcwlights.kikoz.objects.Lantern$HangingEnum, values=[up, none]}
mcwlights:striped_wall_lantern: PropertyDirection{name=facing, clazz=class net.minecraft.util.EnumFacing, values=[north, south, west, east]}
mcwlights:tavern_lantern: PropertyEnum{name=hanging, clazz=class com.mcwlights.kikoz.objects.Lantern$HangingEnum, values=[up, none]}
mcwlights:tavern_wall_lantern: PropertyDirection{name=facing, clazz=class net.minecraft.util.EnumFacing, values=[north, south, west, east]}
mcwlights:upgraded_torch: PropertyDirection{name=facing, clazz=class net.minecraft.util.EnumFacing, values=[down, up, north, south, west, east]}
mcwlights:white_ceiling_light: PropertyBool{name=lit, clazz=class java.lang.Boolean, values=[true, false]}, PropertyEnum{name=part, clazz=class com.mcwlights.kikoz.objects.CeilingLight$LightPart, values=[base, top, middle, bottom]}
mcwlights:white_lamp: PropertyBool{name=lit, clazz=class java.lang.Boolean, values=[true, false]}, PropertyEnum{name=part, clazz=class com.mcwlights.kikoz.objects.Lamp$LightPart, values=[base, top, middle, bottom]}
mcwlights:white_paper_lamp: PropertyBool{name=lit, clazz=class java.lang.Boolean, values=[true, false]}
mcwlights:white_square_wall_lamp: PropertyDirection{name=facing, clazz=class net.minecraft.util.EnumFacing, values=[north, south, west, east]}, PropertyBool{name=lit, clazz=class java.lang.Boolean, values=[true, false]}
mcwlights:white_wall_lamp: PropertyDirection{name=facing, clazz=class net.minecraft.util.EnumFacing, values=[north, south, west, east]}, PropertyBool{name=lit, clazz=class java.lang.Boolean, values=[true, false]}
mcwlights:yellow_ceiling_light: PropertyBool{name=lit, clazz=class java.lang.Boolean, values=[true, false]}, PropertyEnum{name=part, clazz=class com.mcwlights.kikoz.objects.CeilingLight$LightPart, values=[base, top, middle, bottom]}
mcwlights:yellow_lamp: PropertyBool{name=lit, clazz=class java.lang.Boolean, values=[true, false]}, PropertyEnum{name=part, clazz=class com.mcwlights.kikoz.objects.Lamp$LightPart, values=[base, top, middle, bottom]}
mcwlights:yellow_paper_lamp: PropertyBool{name=lit, clazz=class java.lang.Boolean, values=[true, false]}
mcwlights:yellow_square_wall_lamp: PropertyDirection{name=facing, clazz=class net.minecraft.util.EnumFacing, values=[north, south, west, east]}, PropertyBool{name=lit, clazz=class java.lang.Boolean, values=[true, false]}
mcwlights:yellow_wall_lamp: PropertyDirection{name=facing, clazz=class net.minecraft.util.EnumFacing, values=[north, south, west, east]}, PropertyBool{name=lit, clazz=class java.lang.Boolean, values=[true, false]}
mcwwindows:acacia_plank_window2: PropertyDirection{name=facing, clazz=class net.minecraft.util.EnumFacing, values=[north, south, west, east]}, PropertyBool{name=open, clazz=class java.lang.Boolean, values=[true, false]}
mcwwindows:acacia_plank_window2_2tall: PropertyDirection{name=facing, clazz=class net.minecraft.util.EnumFacing, values=[north, south, west, east]}, PropertyBool{name=open, clazz=class java.lang.Boolean, values=[true, false]}
mcwwindows:acacia_plank_window: PropertyDirection{name=facing, clazz=class net.minecraft.util.EnumFacing, values=[north, south, west, east]}, PropertyBool{name=open, clazz=class java.lang.Boolean, values=[true, false]}
mcwwindows:acacia_planks_win_2tall: PropertyDirection{name=facing, clazz=class net.minecraft.util.EnumFacing, values=[north, south, west, east]}, PropertyBool{name=open, clazz=class java.lang.Boolean, values=[true, false]}
mcwwindows:acacia_win_2tall: PropertyDirection{name=facing, clazz=class net.minecraft.util.EnumFacing, values=[north, south, west, east]}, PropertyBool{name=open, clazz=class java.lang.Boolean, values=[true, false]}
mcwwindows:acacia_window2: PropertyDirection{name=facing, clazz=class net.minecraft.util.EnumFacing, values=[north, south, west, east]}, PropertyBool{name=open, clazz=class java.lang.Boolean, values=[true, false]}
mcwwindows:acacia_window2_2tall: PropertyDirection{name=facing, clazz=class net.minecraft.util.EnumFacing, values=[north, south, west, east]}, PropertyBool{name=open, clazz=class java.lang.Boolean, values=[true, false]}
mcwwindows:acacia_window: PropertyDirection{name=facing, clazz=class net.minecraft.util.EnumFacing, values=[north, south, west, east]}, PropertyBool{name=open, clazz=class java.lang.Boolean, values=[true, false]}
mcwwindows:birch_plank_window2: PropertyDirection{name=facing, clazz=class net.minecraft.util.EnumFacing, values=[north, south, west, east]}, PropertyBool{name=open, clazz=class java.lang.Boolean, values=[true, false]}
mcwwindows:birch_plank_window2_2tall: PropertyDirection{name=facing, clazz=class net.minecraft.util.EnumFacing, values=[north, south, west, east]}, PropertyBool{name=open, clazz=class java.lang.Boolean, values=[true, false]}
mcwwindows:birch_plank_window: PropertyDirection{name=facing, clazz=class net.minecraft.util.EnumFacing, values=[north, south, west, east]}, PropertyBool{name=open, clazz=class java.lang.Boolean, values=[true, false]}
mcwwindows:birch_planks_win_2tall: PropertyDirection{name=facing, clazz=class net.minecraft.util.EnumFacing, values=[north, south, west, east]}, PropertyBool{name=open, clazz=class java.lang.Boolean, values=[true, false]}
mcwwindows:birch_win_2tall: PropertyDirection{name=facing, clazz=class net.minecraft.util.EnumFacing, values=[north, south, west, east]}, PropertyBool{name=open, clazz=class java.lang.Boolean, values=[true, false]}
mcwwindows:birch_window2: PropertyDirection{name=facing, clazz=class net.minecraft.util.EnumFacing, values=[north, south, west, east]}, PropertyBool{name=open, clazz=class java.lang.Boolean, values=[true, false]}
mcwwindows:birch_window2_2tall: PropertyDirection{name=facing, clazz=class net.minecraft.util.EnumFacing, values=[north, south, west, east]}, PropertyBool{name=open, clazz=class java.lang.Boolean, values=[true, false]}
mcwwindows:birch_window: PropertyDirection{name=facing, clazz=class net.minecraft.util.EnumFacing, values=[north, south, west, east]}, PropertyBool{name=open, clazz=class java.lang.Boolean, values=[true, false]}
mcwwindows:dark_oak_plank_window2: PropertyDirection{name=facing, clazz=class net.minecraft.util.EnumFacing, values=[north, south, west, east]}, PropertyBool{name=open, clazz=class java.lang.Boolean, values=[true, false]}
mcwwindows:dark_oak_plank_window2_2tall: PropertyDirection{name=facing, clazz=class net.minecraft.util.EnumFacing, values=[north, south, west, east]}, PropertyBool{name=open, clazz=class java.lang.Boolean, values=[true, false]}
mcwwindows:dark_oak_plank_window: PropertyDirection{name=facing, clazz=class net.minecraft.util.EnumFacing, values=[north, south, west, east]}, PropertyBool{name=open, clazz=class java.lang.Boolean, values=[true, false]}
mcwwindows:dark_oak_planks_win_2tall: PropertyDirection{name=facing, clazz=class net.minecraft.util.EnumFacing, values=[north, south, west, east]}, PropertyBool{name=open, clazz=class java.lang.Boolean, values=[true, false]}
mcwwindows:dark_oak_win_2tall: PropertyDirection{name=facing, clazz=class net.minecraft.util.EnumFacing, values=[north, south, west, east]}, PropertyBool{name=open, clazz=class java.lang.Boolean, values=[true, false]}
mcwwindows:dark_oak_window2: PropertyDirection{name=facing, clazz=class net.minecraft.util.EnumFacing, values=[north, south, west, east]}, PropertyBool{name=open, clazz=class java.lang.Boolean, values=[true, false]}
mcwwindows:dark_oak_window2_2tall: PropertyDirection{name=facing, clazz=class net.minecraft.util.EnumFacing, values=[north, south, west, east]}, PropertyBool{name=open, clazz=class java.lang.Boolean, values=[true, false]}
mcwwindows:dark_oak_window: PropertyDirection{name=facing, clazz=class net.minecraft.util.EnumFacing, values=[north, south, west, east]}, PropertyBool{name=open, clazz=class java.lang.Boolean, values=[true, false]}
mcwwindows:jungle_plank_window2: PropertyDirection{name=facing, clazz=class net.minecraft.util.EnumFacing, values=[north, south, west, east]}, PropertyBool{name=open, clazz=class java.lang.Boolean, values=[true, false]}
mcwwindows:jungle_plank_window2_2tall: PropertyDirection{name=facing, clazz=class net.minecraft.util.EnumFacing, values=[north, south, west, east]}, PropertyBool{name=open, clazz=class java.lang.Boolean, values=[true, false]}
mcwwindows:jungle_plank_window: PropertyDirection{name=facing, clazz=class net.minecraft.util.EnumFacing, values=[north, south, west, east]}, PropertyBool{name=open, clazz=class java.lang.Boolean, values=[true, false]}
mcwwindows:jungle_planks_win_2tall: PropertyDirection{name=facing, clazz=class net.minecraft.util.EnumFacing, values=[north, south, west, east]}, PropertyBool{name=open, clazz=class java.lang.Boolean, values=[true, false]}
mcwwindows:jungle_win_2tall: PropertyDirection{name=facing, clazz=class net.minecraft.util.EnumFacing, values=[north, south, west, east]}, PropertyBool{name=open, clazz=class java.lang.Boolean, values=[true, false]}
mcwwindows:jungle_window2: PropertyDirection{name=facing, clazz=class net.minecraft.util.EnumFacing, values=[north, south, west, east]}, PropertyBool{name=open, clazz=class java.lang.Boolean, values=[true, false]}
mcwwindows:jungle_window2_2tall: PropertyDirection{name=facing, clazz=class net.minecraft.util.EnumFacing, values=[north, south, west, east]}, PropertyBool{name=open, clazz=class java.lang.Boolean, values=[true, false]}
mcwwindows:jungle_window: PropertyDirection{name=facing, clazz=class net.minecraft.util.EnumFacing, values=[north, south, west, east]}, PropertyBool{name=open, clazz=class java.lang.Boolean, values=[true, false]}
mcwwindows:oak_plank_window2: PropertyDirection{name=facing, clazz=class net.minecraft.util.EnumFacing, values=[north, south, west, east]}, PropertyBool{name=open, clazz=class java.lang.Boolean, values=[true, false]}
mcwwindows:oak_plank_window2_2tall: PropertyDirection{name=facing, clazz=class net.minecraft.util.EnumFacing, values=[north, south, west, east]}, PropertyBool{name=open, clazz=class java.lang.Boolean, values=[true, false]}
mcwwindows:oak_plank_window: PropertyDirection{name=facing, clazz=class net.minecraft.util.EnumFacing, values=[north, south, west, east]}, PropertyBool{name=open, clazz=class java.lang.Boolean, values=[true, false]}
mcwwindows:oak_planks_win_2tall: PropertyDirection{name=facing, clazz=class net.minecraft.util.EnumFacing, values=[north, south, west, east]}, PropertyBool{name=open, clazz=class java.lang.Boolean, values=[true, false]}
mcwwindows:oak_win_2tall: PropertyDirection{name=facing, clazz=class net.minecraft.util.EnumFacing, values=[north, south, west, east]}, PropertyBool{name=open, clazz=class java.lang.Boolean, values=[true, false]}
mcwwindows:oak_window2: PropertyDirection{name=facing, clazz=class net.minecraft.util.EnumFacing, values=[north, south, west, east]}, PropertyBool{name=open, clazz=class java.lang.Boolean, values=[true, false]}
mcwwindows:oak_window2_2tall: PropertyDirection{name=facing, clazz=class net.minecraft.util.EnumFacing, values=[north, south, west, east]}, PropertyBool{name=open, clazz=class java.lang.Boolean, values=[true, false]}
mcwwindows:oak_window: PropertyDirection{name=facing, clazz=class net.minecraft.util.EnumFacing, values=[north, south, west, east]}, PropertyBool{name=open, clazz=class java.lang.Boolean, values=[true, false]}
mcwwindows:spruce_plank_window2: PropertyDirection{name=facing, clazz=class net.minecraft.util.EnumFacing, values=[north, south, west, east]}, PropertyBool{name=open, clazz=class java.lang.Boolean, values=[true, false]}
mcwwindows:spruce_plank_window2_2tall: PropertyDirection{name=facing, clazz=class net.minecraft.util.EnumFacing, values=[north, south, west, east]}, PropertyBool{name=open, clazz=class java.lang.Boolean, values=[true, false]}
mcwwindows:spruce_plank_window: PropertyDirection{name=facing, clazz=class net.minecraft.util.EnumFacing, values=[north, south, west, east]}, PropertyBool{name=open, clazz=class java.lang.Boolean, values=[true, false]}
mcwwindows:spruce_planks_win_2tall: PropertyDirection{name=facing, clazz=class net.minecraft.util.EnumFacing, values=[north, south, west, east]}, PropertyBool{name=open, clazz=class java.lang.Boolean, values=[true, false]}
mcwwindows:spruce_win_2tall: PropertyDirection{name=facing, clazz=class net.minecraft.util.EnumFacing, values=[north, south, west, east]}, PropertyBool{name=open, clazz=class java.lang.Boolean, values=[true, false]}
mcwwindows:spruce_window2: PropertyDirection{name=facing, clazz=class net.minecraft.util.EnumFacing, values=[north, south, west, east]}, PropertyBool{name=open, clazz=class java.lang.Boolean, values=[true, false]}
mcwwindows:spruce_window2_2tall: PropertyDirection{name=facing, clazz=class net.minecraft.util.EnumFacing, values=[north, south, west, east]}, PropertyBool{name=open, clazz=class java.lang.Boolean, values=[true, false]}
mcwwindows:spruce_window: PropertyDirection{name=facing, clazz=class net.minecraft.util.EnumFacing, values=[north, south, west, east]}, PropertyBool{name=open, clazz=class java.lang.Boolean, values=[true, false]}
mia:armored_glass: 
mia:door_stone: PropertyDirection{name=facing, clazz=class net.minecraft.util.EnumFacing, values=[north, south, west, east]}, PropertyEnum{name=half, clazz=class net.minecraft.block.BlockDoor$EnumDoorHalf, values=[upper, lower]}, PropertyEnum{name=hinge, clazz=class net.minecraft.block.BlockDoor$EnumHingePosition, values=[left, right]}, PropertyBool{name=open, clazz=class java.lang.Boolean, values=[true, false]}, PropertyBool{name=powered, clazz=class java.lang.Boolean, values=[true, false]}
mia:flower_dead: 
mia:packed_paper: PropertyInteger{name=variant, clazz=class java.lang.Integer, values=[0, 1, 2, 3]}
mia:pixie_dust_extractor: 
mia:redstone_lantern: PropertyDirection{name=facing, clazz=class net.minecraft.util.EnumFacing, values=[north, south, west, east]}, PropertyBool{name=manual_state, clazz=class java.lang.Boolean, values=[true, false]}, PropertyBool{name=redstone_state, clazz=class java.lang.Boolean, values=[true, false]}
mia:torch_gold: PropertyDirection{name=facing, clazz=class net.minecraft.util.EnumFacing, values=[up, north, south, west, east]}, PropertyInteger{name=variant, clazz=class java.lang.Integer, values=[0, 1]}
mia:white_sandstone_futuremc_wall: PropertyBool{name=east, clazz=class java.lang.Boolean, values=[true, false]}, PropertyBool{name=north, clazz=class java.lang.Boolean, values=[true, false]}, PropertyBool{name=south, clazz=class java.lang.Boolean, values=[true, false]}, PropertyBool{name=up, clazz=class java.lang.Boolean, values=[true, false]}, PropertyBool{name=west, clazz=class java.lang.Boolean, values=[true, false]}
mia:white_sandstone_new: PropertyEnum{name=variant, clazz=class com.github.sokyranthedragon.mia.block.decorative.BlockNewSandstone$EnumType, values=[smooth, brick]}
mia:white_sandstone_new_slab: PropertyEnum{name=half, clazz=class net.minecraft.block.BlockSlab$EnumBlockHalf, values=[top, bottom]}, PropertyEnum{name=variant, clazz=class com.github.sokyranthedragon.mia.block.decorative.BlockNewSandstone$EnumType, values=[smooth, brick]}
mia:white_sandstone_new_slab_double: PropertyEnum{name=variant, clazz=class com.github.sokyranthedragon.mia.block.decorative.BlockNewSandstone$EnumType, values=[smooth, brick]}
mia:white_sandstone_stairs_brick: PropertyDirection{name=facing, clazz=class net.minecraft.util.EnumFacing, values=[north, south, west, east]}, PropertyEnum{name=half, clazz=class net.minecraft.block.BlockStairs$EnumHalf, values=[top, bottom]}, PropertyEnum{name=shape, clazz=class net.minecraft.block.BlockStairs$EnumShape, values=[straight, inner_left, inner_right, outer_left, outer_right]}
minecraft:acacia_door: PropertyDirection{name=facing, clazz=class net.minecraft.util.EnumFacing, values=[north, south, west, east]}, PropertyEnum{name=half, clazz=class net.minecraft.block.BlockDoor$EnumDoorHalf, values=[upper, lower]}, PropertyEnum{name=hinge, clazz=class net.minecraft.block.BlockDoor$EnumHingePosition, values=[left, right]}, PropertyBool{name=open, clazz=class java.lang.Boolean, values=[true, false]}, PropertyBool{name=powered, clazz=class java.lang.Boolean, values=[true, false]}
minecraft:acacia_fence: PropertyBool{name=east, clazz=class java.lang.Boolean, values=[true, false]}, PropertyBool{name=north, clazz=class java.lang.Boolean, values=[true, false]}, PropertyBool{name=south, clazz=class java.lang.Boolean, values=[true, false]}, PropertyBool{name=west, clazz=class java.lang.Boolean, values=[true, false]}
minecraft:acacia_fence_gate: PropertyDirection{name=facing, clazz=class net.minecraft.util.EnumFacing, values=[north, south, west, east]}, PropertyBool{name=in_wall, clazz=class java.lang.Boolean, values=[true, false]}, PropertyBool{name=open, clazz=class java.lang.Boolean, values=[true, false]}, PropertyBool{name=powered, clazz=class java.lang.Boolean, values=[true, false]}
minecraft:acacia_stairs: PropertyDirection{name=facing, clazz=class net.minecraft.util.EnumFacing, values=[north, south, west, east]}, PropertyEnum{name=half, clazz=class net.minecraft.block.BlockStairs$EnumHalf, values=[top, bottom]}, PropertyEnum{name=shape, clazz=class net.minecraft.block.BlockStairs$EnumShape, values=[straight, inner_left, inner_right, outer_left, outer_right]}
minecraft:activator_rail: PropertyBool{name=powered, clazz=class java.lang.Boolean, values=[true, false]}, PropertyEnum{name=shape, clazz=class net.minecraft.block.BlockRailBase$EnumRailDirection, values=[north_south, east_west, ascending_east, ascending_west, ascending_north, ascending_south]}
minecraft:air: 
minecraft:anvil: PropertyInteger{name=damage, clazz=class java.lang.Integer, values=[0, 1, 2]}, PropertyDirection{name=facing, clazz=class net.minecraft.util.EnumFacing, values=[north, south, west, east]}
minecraft:barrier: 
minecraft:beacon: 
minecraft:bed: PropertyDirection{name=facing, clazz=class net.minecraft.util.EnumFacing, values=[north, south, west, east]}, PropertyBool{name=occupied, clazz=class java.lang.Boolean, values=[true, false]}, PropertyEnum{name=part, clazz=class net.minecraft.block.BlockBed$EnumPartType, values=[head, foot]}
minecraft:bedrock: 
minecraft:beetroots: PropertyInteger{name=age, clazz=class java.lang.Integer, values=[0, 1, 2, 3]}
minecraft:birch_door: PropertyDirection{name=facing, clazz=class net.minecraft.util.EnumFacing, values=[north, south, west, east]}, PropertyEnum{name=half, clazz=class net.minecraft.block.BlockDoor$EnumDoorHalf, values=[upper, lower]}, PropertyEnum{name=hinge, clazz=class net.minecraft.block.BlockDoor$EnumHingePosition, values=[left, right]}, PropertyBool{name=open, clazz=class java.lang.Boolean, values=[true, false]}, PropertyBool{name=powered, clazz=class java.lang.Boolean, values=[true, false]}
minecraft:birch_fence: PropertyBool{name=east, clazz=class java.lang.Boolean, values=[true, false]}, PropertyBool{name=north, clazz=class java.lang.Boolean, values=[true, false]}, PropertyBool{name=south, clazz=class java.lang.Boolean, values=[true, false]}, PropertyBool{name=west, clazz=class java.lang.Boolean, values=[true, false]}
minecraft:birch_fence_gate: PropertyDirection{name=facing, clazz=class net.minecraft.util.EnumFacing, values=[north, south, west, east]}, PropertyBool{name=in_wall, clazz=class java.lang.Boolean, values=[true, false]}, PropertyBool{name=open, clazz=class java.lang.Boolean, values=[true, false]}, PropertyBool{name=powered, clazz=class java.lang.Boolean, values=[true, false]}
minecraft:birch_stairs: PropertyDirection{name=facing, clazz=class net.minecraft.util.EnumFacing, values=[north, south, west, east]}, PropertyEnum{name=half, clazz=class net.minecraft.block.BlockStairs$EnumHalf, values=[top, bottom]}, PropertyEnum{name=shape, clazz=class net.minecraft.block.BlockStairs$EnumShape, values=[straight, inner_left, inner_right, outer_left, outer_right]}
minecraft:black_glazed_terracotta: PropertyDirection{name=facing, clazz=class net.minecraft.util.EnumFacing, values=[north, south, west, east]}
minecraft:black_shulker_box: PropertyDirection{name=facing, clazz=class net.minecraft.util.EnumFacing, values=[down, up, north, south, west, east]}
minecraft:blue_glazed_terracotta: PropertyDirection{name=facing, clazz=class net.minecraft.util.EnumFacing, values=[north, south, west, east]}
minecraft:blue_shulker_box: PropertyDirection{name=facing, clazz=class net.minecraft.util.EnumFacing, values=[down, up, north, south, west, east]}
minecraft:bone_block: PropertyEnum{name=axis, clazz=class net.minecraft.util.EnumFacing$Axis, values=[x, y, z]}
minecraft:bookshelf: 
minecraft:brewing_stand: PropertyBool{name=has_bottle_0, clazz=class java.lang.Boolean, values=[true, false]}, PropertyBool{name=has_bottle_1, clazz=class java.lang.Boolean, values=[true, false]}, PropertyBool{name=has_bottle_2, clazz=class java.lang.Boolean, values=[true, false]}
minecraft:brick_block: 
minecraft:brick_stairs: PropertyDirection{name=facing, clazz=class net.minecraft.util.EnumFacing, values=[north, south, west, east]}, PropertyEnum{name=half, clazz=class net.minecraft.block.BlockStairs$EnumHalf, values=[top, bottom]}, PropertyEnum{name=shape, clazz=class net.minecraft.block.BlockStairs$EnumShape, values=[straight, inner_left, inner_right, outer_left, outer_right]}
minecraft:brown_glazed_terracotta: PropertyDirection{name=facing, clazz=class net.minecraft.util.EnumFacing, values=[north, south, west, east]}
minecraft:brown_mushroom: 
minecraft:brown_mushroom_block: PropertyEnum{name=variant, clazz=class net.minecraft.block.BlockHugeMushroom$EnumType, values=[north_west, north, north_east, west, center, east, south_west, south, south_east, stem, all_inside, all_outside, all_stem]}
minecraft:brown_shulker_box: PropertyDirection{name=facing, clazz=class net.minecraft.util.EnumFacing, values=[down, up, north, south, west, east]}
minecraft:cactus: PropertyInteger{name=age, clazz=class java.lang.Integer, values=[0, 1, 2, 3, 4, 5, 6, 7, 8, 9, 10, 11, 12, 13, 14, 15]}
minecraft:cake: PropertyInteger{name=bites, clazz=class java.lang.Integer, values=[0, 1, 2, 3, 4, 5, 6]}
minecraft:carpet: PropertyEnum{name=color, clazz=class net.minecraft.item.EnumDyeColor, values=[white, orange, magenta, lightBlue, yellow, lime, pink, gray, silver, cyan, purple, blue, brown, green, red, black]}, PropertyBool{name=northeast, clazz=class java.lang.Boolean, values=[true, false]}, PropertyBool{name=northwest, clazz=class java.lang.Boolean, values=[true, false]}, PropertyBool{name=southeast, clazz=class java.lang.Boolean, values=[true, false]}, PropertyBool{name=southwest, clazz=class java.lang.Boolean, values=[true, false]}
minecraft:carrots: PropertyInteger{name=age, clazz=class java.lang.Integer, values=[0, 1, 2, 3, 4, 5, 6, 7]}
minecraft:cauldron: PropertyBool{name=boiling, clazz=class java.lang.Boolean, values=[true, false]}, PropertyEnum{name=contents, clazz=class knightminer.inspirations.recipes.block.BlockEnhancedCauldron$CauldronContents, values=[FLUID, DYE, POTION]}, PropertyInteger{name=level, clazz=class java.lang.Integer, values=[0, 1, 2, 3]}
minecraft:chain_command_block: PropertyBool{name=conditional, clazz=class java.lang.Boolean, values=[true, false]}, PropertyDirection{name=facing, clazz=class net.minecraft.util.EnumFacing, values=[down, up, north, south, west, east]}
minecraft:chest: PropertyDirection{name=facing, clazz=class net.minecraft.util.EnumFacing, values=[north, south, west, east]}
minecraft:chorus_flower: PropertyInteger{name=age, clazz=class java.lang.Integer, values=[0, 1, 2, 3, 4, 5]}
minecraft:chorus_plant: PropertyBool{name=down, clazz=class java.lang.Boolean, values=[true, false]}, PropertyBool{name=east, clazz=class java.lang.Boolean, values=[true, false]}, PropertyBool{name=north, clazz=class java.lang.Boolean, values=[true, false]}, PropertyBool{name=south, clazz=class java.lang.Boolean, values=[true, false]}, PropertyBool{name=up, clazz=class java.lang.Boolean, values=[true, false]}, PropertyBool{name=west, clazz=class java.lang.Boolean, values=[true, false]}
minecraft:clay: 
minecraft:coal_block: 
minecraft:coal_ore: 
minecraft:cobblestone: 
minecraft:cobblestone_wall: PropertyBool{name=east, clazz=class java.lang.Boolean, values=[true, false]}, PropertyBool{name=north, clazz=class java.lang.Boolean, values=[true, false]}, PropertyBool{name=south, clazz=class java.lang.Boolean, values=[true, false]}, PropertyBool{name=up, clazz=class java.lang.Boolean, values=[true, false]}, PropertyEnum{name=variant, clazz=class net.minecraft.block.BlockWall$EnumType, values=[cobblestone, mossy_cobblestone]}, PropertyBool{name=west, clazz=class java.lang.Boolean, values=[true, false]}
minecraft:cocoa: PropertyInteger{name=age, clazz=class java.lang.Integer, values=[0, 1, 2]}, PropertyDirection{name=facing, clazz=class net.minecraft.util.EnumFacing, values=[north, south, west, east]}
minecraft:command_block: PropertyBool{name=conditional, clazz=class java.lang.Boolean, values=[true, false]}, PropertyDirection{name=facing, clazz=class net.minecraft.util.EnumFacing, values=[down, up, north, south, west, east]}
minecraft:concrete: PropertyEnum{name=color, clazz=class net.minecraft.item.EnumDyeColor, values=[white, orange, magenta, lightBlue, yellow, lime, pink, gray, silver, cyan, purple, blue, brown, green, red, black]}
minecraft:concrete_powder: PropertyEnum{name=color, clazz=class net.minecraft.item.EnumDyeColor, values=[white, orange, magenta, lightBlue, yellow, lime, pink, gray, silver, cyan, purple, blue, brown, green, red, black]}
minecraft:crafting_table: 
minecraft:cyan_glazed_terracotta: PropertyDirection{name=facing, clazz=class net.minecraft.util.EnumFacing, values=[north, south, west, east]}
minecraft:cyan_shulker_box: PropertyDirection{name=facing, clazz=class net.minecraft.util.EnumFacing, values=[down, up, north, south, west, east]}
minecraft:dark_oak_door: PropertyDirection{name=facing, clazz=class net.minecraft.util.EnumFacing, values=[north, south, west, east]}, PropertyEnum{name=half, clazz=class net.minecraft.block.BlockDoor$EnumDoorHalf, values=[upper, lower]}, PropertyEnum{name=hinge, clazz=class net.minecraft.block.BlockDoor$EnumHingePosition, values=[left, right]}, PropertyBool{name=open, clazz=class java.lang.Boolean, values=[true, false]}, PropertyBool{name=powered, clazz=class java.lang.Boolean, values=[true, false]}
minecraft:dark_oak_fence: PropertyBool{name=east, clazz=class java.lang.Boolean, values=[true, false]}, PropertyBool{name=north, clazz=class java.lang.Boolean, values=[true, false]}, PropertyBool{name=south, clazz=class java.lang.Boolean, values=[true, false]}, PropertyBool{name=west, clazz=class java.lang.Boolean, values=[true, false]}
minecraft:dark_oak_fence_gate: PropertyDirection{name=facing, clazz=class net.minecraft.util.EnumFacing, values=[north, south, west, east]}, PropertyBool{name=in_wall, clazz=class java.lang.Boolean, values=[true, false]}, PropertyBool{name=open, clazz=class java.lang.Boolean, values=[true, false]}, PropertyBool{name=powered, clazz=class java.lang.Boolean, values=[true, false]}
minecraft:dark_oak_stairs: PropertyDirection{name=facing, clazz=class net.minecraft.util.EnumFacing, values=[north, south, west, east]}, PropertyEnum{name=half, clazz=class net.minecraft.block.BlockStairs$EnumHalf, values=[top, bottom]}, PropertyEnum{name=shape, clazz=class net.minecraft.block.BlockStairs$EnumShape, values=[straight, inner_left, inner_right, outer_left, outer_right]}
minecraft:daylight_detector: PropertyInteger{name=power, clazz=class java.lang.Integer, values=[0, 1, 2, 3, 4, 5, 6, 7, 8, 9, 10, 11, 12, 13, 14, 15]}
minecraft:daylight_detector_inverted: PropertyInteger{name=power, clazz=class java.lang.Integer, values=[0, 1, 2, 3, 4, 5, 6, 7, 8, 9, 10, 11, 12, 13, 14, 15]}
minecraft:deadbush: 
minecraft:detector_rail: PropertyBool{name=powered, clazz=class java.lang.Boolean, values=[true, false]}, PropertyEnum{name=shape, clazz=class net.minecraft.block.BlockRailBase$EnumRailDirection, values=[north_south, east_west, ascending_east, ascending_west, ascending_north, ascending_south]}
minecraft:diamond_block: 
minecraft:diamond_ore: 
minecraft:dirt: PropertyBool{name=snowy, clazz=class java.lang.Boolean, values=[true, false]}, PropertyEnum{name=variant, clazz=class net.minecraft.block.BlockDirt$DirtType, values=[dirt, coarse_dirt, podzol]}
minecraft:dispenser: PropertyDirection{name=facing, clazz=class net.minecraft.util.EnumFacing, values=[down, up, north, south, west, east]}, PropertyBool{name=triggered, clazz=class java.lang.Boolean, values=[true, false]}
minecraft:double_plant: PropertyDirection{name=facing, clazz=class net.minecraft.util.EnumFacing, values=[north, south, west, east]}, PropertyEnum{name=half, clazz=class net.minecraft.block.BlockDoublePlant$EnumBlockHalf, values=[upper, lower]}, PropertyEnum{name=variant, clazz=class net.minecraft.block.BlockDoublePlant$EnumPlantType, values=[sunflower, syringa, double_grass, double_fern, double_rose, paeonia]}
minecraft:double_stone_slab2: PropertyBool{name=seamless, clazz=class java.lang.Boolean, values=[true, false]}, PropertyEnum{name=variant, clazz=class net.minecraft.block.BlockStoneSlabNew$EnumType, values=[red_sandstone]}
minecraft:double_stone_slab: PropertyBool{name=seamless, clazz=class java.lang.Boolean, values=[true, false]}, PropertyEnum{name=variant, clazz=class net.minecraft.block.BlockStoneSlab$EnumType, values=[stone, sandstone, wood_old, cobblestone, brick, stone_brick, nether_brick, quartz]}
minecraft:double_wooden_slab: PropertyEnum{name=variant, clazz=class net.minecraft.block.BlockPlanks$EnumType, values=[oak, spruce, birch, jungle, acacia, dark_oak]}
minecraft:dragon_egg: 
minecraft:dropper: PropertyDirection{name=facing, clazz=class net.minecraft.util.EnumFacing, values=[down, up, north, south, west, east]}, PropertyBool{name=triggered, clazz=class java.lang.Boolean, values=[true, false]}
minecraft:emerald_block: 
minecraft:emerald_ore: 
minecraft:enchanting_table: 
minecraft:end_bricks: 
minecraft:end_gateway: 
minecraft:end_portal: 
minecraft:end_portal_frame: PropertyBool{name=eye, clazz=class java.lang.Boolean, values=[true, false]}, PropertyDirection{name=facing, clazz=class net.minecraft.util.EnumFacing, values=[north, south, west, east]}
minecraft:end_rod: PropertyDirection{name=facing, clazz=class net.minecraft.util.EnumFacing, values=[down, up, north, south, west, east]}
minecraft:end_stone: 
minecraft:ender_chest: PropertyDirection{name=facing, clazz=class net.minecraft.util.EnumFacing, values=[north, south, west, east]}
minecraft:farmland: PropertyInteger{name=moisture, clazz=class java.lang.Integer, values=[0, 1, 2, 3, 4, 5, 6, 7]}
minecraft:fence: PropertyBool{name=east, clazz=class java.lang.Boolean, values=[true, false]}, PropertyBool{name=north, clazz=class java.lang.Boolean, values=[true, false]}, PropertyBool{name=south, clazz=class java.lang.Boolean, values=[true, false]}, PropertyBool{name=west, clazz=class java.lang.Boolean, values=[true, false]}
minecraft:fence_gate: PropertyDirection{name=facing, clazz=class net.minecraft.util.EnumFacing, values=[north, south, west, east]}, PropertyBool{name=in_wall, clazz=class java.lang.Boolean, values=[true, false]}, PropertyBool{name=open, clazz=class java.lang.Boolean, values=[true, false]}, PropertyBool{name=powered, clazz=class java.lang.Boolean, values=[true, false]}
minecraft:fire: PropertyInteger{name=age, clazz=class java.lang.Integer, values=[0, 1, 2, 3, 4, 5, 6, 7, 8, 9, 10, 11, 12, 13, 14, 15]}, PropertyBool{name=east, clazz=class java.lang.Boolean, values=[true, false]}, PropertyBool{name=north, clazz=class java.lang.Boolean, values=[true, false]}, PropertyBool{name=south, clazz=class java.lang.Boolean, values=[true, false]}, PropertyBool{name=up, clazz=class java.lang.Boolean, values=[true, false]}, PropertyBool{name=west, clazz=class java.lang.Boolean, values=[true, false]}
minecraft:flower_pot: PropertyEnum{name=contents, clazz=class net.minecraft.block.BlockFlowerPot$EnumFlowerType, values=[empty, rose, blue_orchid, allium, houstonia, red_tulip, orange_tulip, white_tulip, pink_tulip, oxeye_daisy, dandelion, oak_sapling, spruce_sapling, birch_sapling, jungle_sapling, acacia_sapling, dark_oak_sapling, mushroom_red, mushroom_brown, dead_bush, fern, cactus]}, PropertyBool{name=extra, clazz=class java.lang.Boolean, values=[true, false]}, PropertyInteger{name=legacy_data, clazz=class java.lang.Integer, values=[0, 1, 2, 3, 4, 5, 6, 7, 8, 9, 10, 11, 12, 13, 14, 15]}
minecraft:flowing_lava: PropertyInteger{name=level, clazz=class java.lang.Integer, values=[0, 1, 2, 3, 4, 5, 6, 7, 8, 9, 10, 11, 12, 13, 14, 15]}
minecraft:flowing_water: PropertyInteger{name=level, clazz=class java.lang.Integer, values=[0, 1, 2, 3, 4, 5, 6, 7, 8, 9, 10, 11, 12, 13, 14, 15]}
minecraft:frosted_ice: PropertyInteger{name=age, clazz=class java.lang.Integer, values=[0, 1, 2, 3]}
minecraft:furnace: PropertyDirection{name=facing, clazz=class net.minecraft.util.EnumFacing, values=[north, south, west, east]}
minecraft:glass: 
minecraft:glass_pane: PropertyBool{name=east, clazz=class java.lang.Boolean, values=[true, false]}, PropertyBool{name=north, clazz=class java.lang.Boolean, values=[true, false]}, PropertyBool{name=south, clazz=class java.lang.Boolean, values=[true, false]}, PropertyBool{name=west, clazz=class java.lang.Boolean, values=[true, false]}
minecraft:glowstone: 
minecraft:gold_block: 
minecraft:gold_ore: 
minecraft:golden_rail: PropertyBool{name=powered, clazz=class java.lang.Boolean, values=[true, false]}, PropertyEnum{name=shape, clazz=class net.minecraft.block.BlockRailBase$EnumRailDirection, values=[north_south, east_west, ascending_east, ascending_west, ascending_north, ascending_south]}
minecraft:grass: PropertyBool{name=snowy, clazz=class java.lang.Boolean, values=[true, false]}
minecraft:grass_path: 
minecraft:gravel: 
minecraft:gray_glazed_terracotta: PropertyDirection{name=facing, clazz=class net.minecraft.util.EnumFacing, values=[north, south, west, east]}
minecraft:gray_shulker_box: PropertyDirection{name=facing, clazz=class net.minecraft.util.EnumFacing, values=[down, up, north, south, west, east]}
minecraft:green_glazed_terracotta: PropertyDirection{name=facing, clazz=class net.minecraft.util.EnumFacing, values=[north, south, west, east]}
minecraft:green_shulker_box: PropertyDirection{name=facing, clazz=class net.minecraft.util.EnumFacing, values=[down, up, north, south, west, east]}
minecraft:hardened_clay: 
minecraft:hay_block: PropertyEnum{name=axis, clazz=class net.minecraft.util.EnumFacing$Axis, values=[x, y, z]}
minecraft:heavy_weighted_pressure_plate: PropertyInteger{name=power, clazz=class java.lang.Integer, values=[0, 1, 2, 3, 4, 5, 6, 7, 8, 9, 10, 11, 12, 13, 14, 15]}
minecraft:hopper: PropertyBool{name=enabled, clazz=class java.lang.Boolean, values=[true, false]}, PropertyDirection{name=facing, clazz=class net.minecraft.util.EnumFacing, values=[down, north, south, west, east]}
minecraft:ice: 
minecraft:iron_bars: PropertyBool{name=east, clazz=class java.lang.Boolean, values=[true, false]}, PropertyBool{name=north, clazz=class java.lang.Boolean, values=[true, false]}, PropertyBool{name=south, clazz=class java.lang.Boolean, values=[true, false]}, PropertyBool{name=west, clazz=class java.lang.Boolean, values=[true, false]}
minecraft:iron_block: 
minecraft:iron_door: PropertyDirection{name=facing, clazz=class net.minecraft.util.EnumFacing, values=[north, south, west, east]}, PropertyEnum{name=half, clazz=class net.minecraft.block.BlockDoor$EnumDoorHalf, values=[upper, lower]}, PropertyEnum{name=hinge, clazz=class net.minecraft.block.BlockDoor$EnumHingePosition, values=[left, right]}, PropertyBool{name=open, clazz=class java.lang.Boolean, values=[true, false]}, PropertyBool{name=powered, clazz=class java.lang.Boolean, values=[true, false]}
minecraft:iron_ore: 
minecraft:iron_trapdoor: PropertyDirection{name=facing, clazz=class net.minecraft.util.EnumFacing, values=[north, south, west, east]}, PropertyEnum{name=half, clazz=class net.minecraft.block.BlockTrapDoor$DoorHalf, values=[top, bottom]}, PropertyBool{name=open, clazz=class java.lang.Boolean, values=[true, false]}
minecraft:jukebox: PropertyBool{name=has_record, clazz=class java.lang.Boolean, values=[true, false]}
minecraft:jungle_door: PropertyDirection{name=facing, clazz=class net.minecraft.util.EnumFacing, values=[north, south, west, east]}, PropertyEnum{name=half, clazz=class net.minecraft.block.BlockDoor$EnumDoorHalf, values=[upper, lower]}, PropertyEnum{name=hinge, clazz=class net.minecraft.block.BlockDoor$EnumHingePosition, values=[left, right]}, PropertyBool{name=open, clazz=class java.lang.Boolean, values=[true, false]}, PropertyBool{name=powered, clazz=class java.lang.Boolean, values=[true, false]}
minecraft:jungle_fence: PropertyBool{name=east, clazz=class java.lang.Boolean, values=[true, false]}, PropertyBool{name=north, clazz=class java.lang.Boolean, values=[true, false]}, PropertyBool{name=south, clazz=class java.lang.Boolean, values=[true, false]}, PropertyBool{name=west, clazz=class java.lang.Boolean, values=[true, false]}
minecraft:jungle_fence_gate: PropertyDirection{name=facing, clazz=class net.minecraft.util.EnumFacing, values=[north, south, west, east]}, PropertyBool{name=in_wall, clazz=class java.lang.Boolean, values=[true, false]}, PropertyBool{name=open, clazz=class java.lang.Boolean, values=[true, false]}, PropertyBool{name=powered, clazz=class java.lang.Boolean, values=[true, false]}
minecraft:jungle_stairs: PropertyDirection{name=facing, clazz=class net.minecraft.util.EnumFacing, values=[north, south, west, east]}, PropertyEnum{name=half, clazz=class net.minecraft.block.BlockStairs$EnumHalf, values=[top, bottom]}, PropertyEnum{name=shape, clazz=class net.minecraft.block.BlockStairs$EnumShape, values=[straight, inner_left, inner_right, outer_left, outer_right]}
minecraft:ladder: PropertyDirection{name=facing, clazz=class net.minecraft.util.EnumFacing, values=[north, south, west, east]}
minecraft:lapis_block: 
minecraft:lapis_ore: 
minecraft:lava: PropertyInteger{name=level, clazz=class java.lang.Integer, values=[0, 1, 2, 3, 4, 5, 6, 7, 8, 9, 10, 11, 12, 13, 14, 15]}
minecraft:leaves2: PropertyBool{name=check_decay, clazz=class java.lang.Boolean, values=[true, false]}, PropertyBool{name=decayable, clazz=class java.lang.Boolean, values=[true, false]}, PropertyEnum{name=variant, clazz=class net.minecraft.block.BlockPlanks$EnumType, values=[acacia, dark_oak]}
minecraft:leaves: PropertyBool{name=check_decay, clazz=class java.lang.Boolean, values=[true, false]}, PropertyBool{name=decayable, clazz=class java.lang.Boolean, values=[true, false]}, PropertyEnum{name=variant, clazz=class net.minecraft.block.BlockPlanks$EnumType, values=[oak, spruce, birch, jungle]}
minecraft:lever: PropertyEnum{name=facing, clazz=class net.minecraft.block.BlockLever$EnumOrientation, values=[down_x, east, west, south, north, up_z, up_x, down_z]}, PropertyBool{name=powered, clazz=class java.lang.Boolean, values=[true, false]}
minecraft:light_blue_glazed_terracotta: PropertyDirection{name=facing, clazz=class net.minecraft.util.EnumFacing, values=[north, south, west, east]}
minecraft:light_blue_shulker_box: PropertyDirection{name=facing, clazz=class net.minecraft.util.EnumFacing, values=[down, up, north, south, west, east]}
minecraft:light_weighted_pressure_plate: PropertyInteger{name=power, clazz=class java.lang.Integer, values=[0, 1, 2, 3, 4, 5, 6, 7, 8, 9, 10, 11, 12, 13, 14, 15]}
minecraft:lime_glazed_terracotta: PropertyDirection{name=facing, clazz=class net.minecraft.util.EnumFacing, values=[north, south, west, east]}
minecraft:lime_shulker_box: PropertyDirection{name=facing, clazz=class net.minecraft.util.EnumFacing, values=[down, up, north, south, west, east]}
minecraft:lit_furnace: PropertyDirection{name=facing, clazz=class net.minecraft.util.EnumFacing, values=[north, south, west, east]}
minecraft:lit_pumpkin: PropertyDirection{name=facing, clazz=class net.minecraft.util.EnumFacing, values=[north, south, west, east]}
minecraft:lit_redstone_lamp: 
minecraft:lit_redstone_ore: 
minecraft:log2: PropertyEnum{name=axis, clazz=class net.minecraft.block.BlockLog$EnumAxis, values=[x, y, z, none]}, PropertyEnum{name=variant, clazz=class net.minecraft.block.BlockPlanks$EnumType, values=[acacia, dark_oak]}
minecraft:log: PropertyEnum{name=axis, clazz=class net.minecraft.block.BlockLog$EnumAxis, values=[x, y, z, none]}, PropertyEnum{name=variant, clazz=class net.minecraft.block.BlockPlanks$EnumType, values=[oak, spruce, birch, jungle]}
minecraft:magenta_glazed_terracotta: PropertyDirection{name=facing, clazz=class net.minecraft.util.EnumFacing, values=[north, south, west, east]}
minecraft:magenta_shulker_box: PropertyDirection{name=facing, clazz=class net.minecraft.util.EnumFacing, values=[down, up, north, south, west, east]}
minecraft:magma: 
minecraft:melon_block: 
minecraft:melon_stem: PropertyInteger{name=age, clazz=class java.lang.Integer, values=[0, 1, 2, 3, 4, 5, 6, 7]}, PropertyDirection{name=facing, clazz=class net.minecraft.util.EnumFacing, values=[up, north, south, west, east]}
minecraft:mob_spawner: 
minecraft:monster_egg: PropertyEnum{name=variant, clazz=class net.minecraft.block.BlockSilverfish$EnumType, values=[stone, cobblestone, stone_brick, mossy_brick, cracked_brick, chiseled_brick]}
minecraft:mossy_cobblestone: 
minecraft:mycelium: PropertyBool{name=snowy, clazz=class java.lang.Boolean, values=[true, false]}
minecraft:nether_brick: 
minecraft:nether_brick_fence: PropertyBool{name=east, clazz=class java.lang.Boolean, values=[true, false]}, PropertyBool{name=north, clazz=class java.lang.Boolean, values=[true, false]}, PropertyBool{name=south, clazz=class java.lang.Boolean, values=[true, false]}, PropertyBool{name=west, clazz=class java.lang.Boolean, values=[true, false]}
minecraft:nether_brick_stairs: PropertyDirection{name=facing, clazz=class net.minecraft.util.EnumFacing, values=[north, south, west, east]}, PropertyEnum{name=half, clazz=class net.minecraft.block.BlockStairs$EnumHalf, values=[top, bottom]}, PropertyEnum{name=shape, clazz=class net.minecraft.block.BlockStairs$EnumShape, values=[straight, inner_left, inner_right, outer_left, outer_right]}
minecraft:nether_wart: PropertyInteger{name=age, clazz=class java.lang.Integer, values=[0, 1, 2, 3]}
minecraft:nether_wart_block: 
minecraft:netherrack: 
minecraft:noteblock: 
minecraft:oak_stairs: PropertyDirection{name=facing, clazz=class net.minecraft.util.EnumFacing, values=[north, south, west, east]}, PropertyEnum{name=half, clazz=class net.minecraft.block.BlockStairs$EnumHalf, values=[top, bottom]}, PropertyEnum{name=shape, clazz=class net.minecraft.block.BlockStairs$EnumShape, values=[straight, inner_left, inner_right, outer_left, outer_right]}
minecraft:observer: PropertyDirection{name=facing, clazz=class net.minecraft.util.EnumFacing, values=[down, up, north, south, west, east]}, PropertyBool{name=powered, clazz=class java.lang.Boolean, values=[true, false]}
minecraft:obsidian: 
minecraft:orange_glazed_terracotta: PropertyDirection{name=facing, clazz=class net.minecraft.util.EnumFacing, values=[north, south, west, east]}
minecraft:orange_shulker_box: PropertyDirection{name=facing, clazz=class net.minecraft.util.EnumFacing, values=[down, up, north, south, west, east]}
minecraft:packed_ice: 
minecraft:pink_glazed_terracotta: PropertyDirection{name=facing, clazz=class net.minecraft.util.EnumFacing, values=[north, south, west, east]}
minecraft:pink_shulker_box: PropertyDirection{name=facing, clazz=class net.minecraft.util.EnumFacing, values=[down, up, north, south, west, east]}
minecraft:piston: PropertyBool{name=extended, clazz=class java.lang.Boolean, values=[true, false]}, PropertyDirection{name=facing, clazz=class net.minecraft.util.EnumFacing, values=[down, up, north, south, west, east]}
minecraft:piston_extension: PropertyDirection{name=facing, clazz=class net.minecraft.util.EnumFacing, values=[down, up, north, south, west, east]}, PropertyEnum{name=type, clazz=class net.minecraft.block.BlockPistonExtension$EnumPistonType, values=[normal, sticky]}
minecraft:piston_head: PropertyDirection{name=facing, clazz=class net.minecraft.util.EnumFacing, values=[down, up, north, south, west, east]}, PropertyBool{name=short, clazz=class java.lang.Boolean, values=[true, false]}, PropertyEnum{name=type, clazz=class net.minecraft.block.BlockPistonExtension$EnumPistonType, values=[normal, sticky]}
minecraft:planks: PropertyEnum{name=variant, clazz=class net.minecraft.block.BlockPlanks$EnumType, values=[oak, spruce, birch, jungle, acacia, dark_oak]}
minecraft:portal: PropertyEnum{name=axis, clazz=class net.minecraft.util.EnumFacing$Axis, values=[x, z]}
minecraft:potatoes: PropertyInteger{name=age, clazz=class java.lang.Integer, values=[0, 1, 2, 3, 4, 5, 6, 7]}
minecraft:powered_comparator: PropertyDirection{name=facing, clazz=class net.minecraft.util.EnumFacing, values=[north, south, west, east]}, PropertyEnum{name=mode, clazz=class net.minecraft.block.BlockRedstoneComparator$Mode, values=[compare, subtract]}, PropertyBool{name=powered, clazz=class java.lang.Boolean, values=[true, false]}
minecraft:powered_repeater: PropertyInteger{name=delay, clazz=class java.lang.Integer, values=[1, 2, 3, 4]}, PropertyDirection{name=facing, clazz=class net.minecraft.util.EnumFacing, values=[north, south, west, east]}, PropertyBool{name=locked, clazz=class java.lang.Boolean, values=[true, false]}
minecraft:prismarine: PropertyEnum{name=variant, clazz=class net.minecraft.block.BlockPrismarine$EnumType, values=[prismarine, prismarine_bricks, dark_prismarine]}
minecraft:pumpkin: PropertyDirection{name=facing, clazz=class net.minecraft.util.EnumFacing, values=[north, south, west, east]}
minecraft:pumpkin_stem: PropertyInteger{name=age, clazz=class java.lang.Integer, values=[0, 1, 2, 3, 4, 5, 6, 7]}, PropertyDirection{name=facing, clazz=class net.minecraft.util.EnumFacing, values=[up, north, south, west, east]}
minecraft:purple_glazed_terracotta: PropertyDirection{name=facing, clazz=class net.minecraft.util.EnumFacing, values=[north, south, west, east]}
minecraft:purple_shulker_box: PropertyDirection{name=facing, clazz=class net.minecraft.util.EnumFacing, values=[down, up, north, south, west, east]}
minecraft:purpur_block: 
minecraft:purpur_double_slab: PropertyEnum{name=variant, clazz=class net.minecraft.block.BlockPurpurSlab$Variant, values=[DEFAULT]}
minecraft:purpur_pillar: PropertyEnum{name=axis, clazz=class net.minecraft.util.EnumFacing$Axis, values=[x, y, z]}
minecraft:purpur_slab: PropertyEnum{name=half, clazz=class net.minecraft.block.BlockSlab$EnumBlockHalf, values=[top, bottom]}, PropertyEnum{name=variant, clazz=class net.minecraft.block.BlockPurpurSlab$Variant, values=[DEFAULT]}
minecraft:purpur_stairs: PropertyDirection{name=facing, clazz=class net.minecraft.util.EnumFacing, values=[north, south, west, east]}, PropertyEnum{name=half, clazz=class net.minecraft.block.BlockStairs$EnumHalf, values=[top, bottom]}, PropertyEnum{name=shape, clazz=class net.minecraft.block.BlockStairs$EnumShape, values=[straight, inner_left, inner_right, outer_left, outer_right]}
minecraft:quartz_block: PropertyEnum{name=variant, clazz=class net.minecraft.block.BlockQuartz$EnumType, values=[default, chiseled, lines, lines, lines]}
minecraft:quartz_ore: 
minecraft:quartz_stairs: PropertyDirection{name=facing, clazz=class net.minecraft.util.EnumFacing, values=[north, south, west, east]}, PropertyEnum{name=half, clazz=class net.minecraft.block.BlockStairs$EnumHalf, values=[top, bottom]}, PropertyEnum{name=shape, clazz=class net.minecraft.block.BlockStairs$EnumShape, values=[straight, inner_left, inner_right, outer_left, outer_right]}
minecraft:rail: PropertyEnum{name=shape, clazz=class net.minecraft.block.BlockRailBase$EnumRailDirection, values=[north_south, east_west, ascending_east, ascending_west, ascending_north, ascending_south, south_east, south_west, north_west, north_east]}
minecraft:red_flower: PropertyEnum{name=type, clazz=class net.minecraft.block.BlockFlower$EnumFlowerType, values=[poppy, blue_orchid, allium, houstonia, red_tulip, orange_tulip, white_tulip, pink_tulip, oxeye_daisy]}
minecraft:red_glazed_terracotta: PropertyDirection{name=facing, clazz=class net.minecraft.util.EnumFacing, values=[north, south, west, east]}
minecraft:red_mushroom: 
minecraft:red_mushroom_block: PropertyEnum{name=variant, clazz=class net.minecraft.block.BlockHugeMushroom$EnumType, values=[north_west, north, north_east, west, center, east, south_west, south, south_east, stem, all_inside, all_outside, all_stem]}
minecraft:red_nether_brick: 
minecraft:red_sandstone: PropertyEnum{name=type, clazz=class net.minecraft.block.BlockRedSandstone$EnumType, values=[red_sandstone, chiseled_red_sandstone, smooth_red_sandstone]}
minecraft:red_sandstone_stairs: PropertyDirection{name=facing, clazz=class net.minecraft.util.EnumFacing, values=[north, south, west, east]}, PropertyEnum{name=half, clazz=class net.minecraft.block.BlockStairs$EnumHalf, values=[top, bottom]}, PropertyEnum{name=shape, clazz=class net.minecraft.block.BlockStairs$EnumShape, values=[straight, inner_left, inner_right, outer_left, outer_right]}
minecraft:red_shulker_box: PropertyDirection{name=facing, clazz=class net.minecraft.util.EnumFacing, values=[down, up, north, south, west, east]}
minecraft:redstone_block: 
minecraft:redstone_lamp: 
minecraft:redstone_ore: 
minecraft:redstone_torch: PropertyDirection{name=facing, clazz=class net.minecraft.util.EnumFacing, values=[up, north, south, west, east]}
minecraft:redstone_wire: PropertyEnum{name=east, clazz=class net.minecraft.block.BlockRedstoneWire$EnumAttachPosition, values=[up, side, none]}, PropertyEnum{name=north, clazz=class net.minecraft.block.BlockRedstoneWire$EnumAttachPosition, values=[up, side, none]}, PropertyInteger{name=power, clazz=class java.lang.Integer, values=[0, 1, 2, 3, 4, 5, 6, 7, 8, 9, 10, 11, 12, 13, 14, 15]}, PropertyEnum{name=south, clazz=class net.minecraft.block.BlockRedstoneWire$EnumAttachPosition, values=[up, side, none]}, PropertyEnum{name=west, clazz=class net.minecraft.block.BlockRedstoneWire$EnumAttachPosition, values=[up, side, none]}
minecraft:reeds: PropertyInteger{name=age, clazz=class java.lang.Integer, values=[0, 1, 2, 3, 4, 5, 6, 7, 8, 9, 10, 11, 12, 13, 14, 15]}
minecraft:repeating_command_block: PropertyBool{name=conditional, clazz=class java.lang.Boolean, values=[true, false]}, PropertyDirection{name=facing, clazz=class net.minecraft.util.EnumFacing, values=[down, up, north, south, west, east]}
minecraft:sand: PropertyEnum{name=variant, clazz=class net.minecraft.block.BlockSand$EnumType, values=[sand, red_sand]}
minecraft:sandstone: PropertyEnum{name=type, clazz=class net.minecraft.block.BlockSandStone$EnumType, values=[sandstone, chiseled_sandstone, smooth_sandstone]}
minecraft:sandstone_stairs: PropertyDirection{name=facing, clazz=class net.minecraft.util.EnumFacing, values=[north, south, west, east]}, PropertyEnum{name=half, clazz=class net.minecraft.block.BlockStairs$EnumHalf, values=[top, bottom]}, PropertyEnum{name=shape, clazz=class net.minecraft.block.BlockStairs$EnumShape, values=[straight, inner_left, inner_right, outer_left, outer_right]}
minecraft:sapling: PropertyInteger{name=stage, clazz=class java.lang.Integer, values=[0, 1]}, PropertyEnum{name=type, clazz=class net.minecraft.block.BlockPlanks$EnumType, values=[oak, spruce, birch, jungle, acacia, dark_oak]}
minecraft:sea_lantern: 
minecraft:silver_glazed_terracotta: PropertyDirection{name=facing, clazz=class net.minecraft.util.EnumFacing, values=[north, south, west, east]}
minecraft:silver_shulker_box: PropertyDirection{name=facing, clazz=class net.minecraft.util.EnumFacing, values=[down, up, north, south, west, east]}
minecraft:skull: PropertyDirection{name=facing, clazz=class net.minecraft.util.EnumFacing, values=[down, up, north, south, west, east]}, PropertyBool{name=nodrop, clazz=class java.lang.Boolean, values=[true, false]}
minecraft:slime: 
minecraft:snow: 
minecraft:snow_layer: PropertyInteger{name=layers, clazz=class java.lang.Integer, values=[1, 2, 3, 4, 5, 6, 7, 8]}, PropertyBool{name=tile, clazz=class java.lang.Boolean, values=[true, false]}
minecraft:soul_sand: 
minecraft:sponge: PropertyBool{name=wet, clazz=class java.lang.Boolean, values=[true, false]}
minecraft:spruce_door: PropertyDirection{name=facing, clazz=class net.minecraft.util.EnumFacing, values=[north, south, west, east]}, PropertyEnum{name=half, clazz=class net.minecraft.block.BlockDoor$EnumDoorHalf, values=[upper, lower]}, PropertyEnum{name=hinge, clazz=class net.minecraft.block.BlockDoor$EnumHingePosition, values=[left, right]}, PropertyBool{name=open, clazz=class java.lang.Boolean, values=[true, false]}, PropertyBool{name=powered, clazz=class java.lang.Boolean, values=[true, false]}
minecraft:spruce_fence: PropertyBool{name=east, clazz=class java.lang.Boolean, values=[true, false]}, PropertyBool{name=north, clazz=class java.lang.Boolean, values=[true, false]}, PropertyBool{name=south, clazz=class java.lang.Boolean, values=[true, false]}, PropertyBool{name=west, clazz=class java.lang.Boolean, values=[true, false]}
minecraft:spruce_fence_gate: PropertyDirection{name=facing, clazz=class net.minecraft.util.EnumFacing, values=[north, south, west, east]}, PropertyBool{name=in_wall, clazz=class java.lang.Boolean, values=[true, false]}, PropertyBool{name=open, clazz=class java.lang.Boolean, values=[true, false]}, PropertyBool{name=powered, clazz=class java.lang.Boolean, values=[true, false]}
minecraft:spruce_stairs: PropertyDirection{name=facing, clazz=class net.minecraft.util.EnumFacing, values=[north, south, west, east]}, PropertyEnum{name=half, clazz=class net.minecraft.block.BlockStairs$EnumHalf, values=[top, bottom]}, PropertyEnum{name=shape, clazz=class net.minecraft.block.BlockStairs$EnumShape, values=[straight, inner_left, inner_right, outer_left, outer_right]}
minecraft:stained_glass: PropertyEnum{name=color, clazz=class net.minecraft.item.EnumDyeColor, values=[white, orange, magenta, lightBlue, yellow, lime, pink, gray, silver, cyan, purple, blue, brown, green, red, black]}
minecraft:stained_glass_pane: PropertyEnum{name=color, clazz=class net.minecraft.item.EnumDyeColor, values=[white, orange, magenta, lightBlue, yellow, lime, pink, gray, silver, cyan, purple, blue, brown, green, red, black]}, PropertyBool{name=east, clazz=class java.lang.Boolean, values=[true, false]}, PropertyBool{name=north, clazz=class java.lang.Boolean, values=[true, false]}, PropertyBool{name=south, clazz=class java.lang.Boolean, values=[true, false]}, PropertyBool{name=west, clazz=class java.lang.Boolean, values=[true, false]}
minecraft:stained_hardened_clay: PropertyEnum{name=color, clazz=class net.minecraft.item.EnumDyeColor, values=[white, orange, magenta, lightBlue, yellow, lime, pink, gray, silver, cyan, purple, blue, brown, green, red, black]}
minecraft:standing_banner: PropertyInteger{name=rotation, clazz=class java.lang.Integer, values=[0, 1, 2, 3, 4, 5, 6, 7, 8, 9, 10, 11, 12, 13, 14, 15]}
minecraft:standing_sign: PropertyInteger{name=rotation, clazz=class java.lang.Integer, values=[0, 1, 2, 3, 4, 5, 6, 7, 8, 9, 10, 11, 12, 13, 14, 15]}
minecraft:sticky_piston: PropertyBool{name=extended, clazz=class java.lang.Boolean, values=[true, false]}, PropertyDirection{name=facing, clazz=class net.minecraft.util.EnumFacing, values=[down, up, north, south, west, east]}
minecraft:stone: PropertyEnum{name=variant, clazz=class net.minecraft.block.BlockStone$EnumType, values=[stone, granite, smooth_granite, diorite, smooth_diorite, andesite, smooth_andesite]}
minecraft:stone_brick_stairs: PropertyDirection{name=facing, clazz=class net.minecraft.util.EnumFacing, values=[north, south, west, east]}, PropertyEnum{name=half, clazz=class net.minecraft.block.BlockStairs$EnumHalf, values=[top, bottom]}, PropertyEnum{name=shape, clazz=class net.minecraft.block.BlockStairs$EnumShape, values=[straight, inner_left, inner_right, outer_left, outer_right]}
minecraft:stone_button: PropertyDirection{name=facing, clazz=class net.minecraft.util.EnumFacing, values=[down, up, north, south, west, east]}, PropertyBool{name=powered, clazz=class java.lang.Boolean, values=[true, false]}
minecraft:stone_pressure_plate: PropertyBool{name=powered, clazz=class java.lang.Boolean, values=[true, false]}
minecraft:stone_slab2: PropertyEnum{name=half, clazz=class net.minecraft.block.BlockSlab$EnumBlockHalf, values=[top, bottom]}, PropertyEnum{name=variant, clazz=class net.minecraft.block.BlockStoneSlabNew$EnumType, values=[red_sandstone]}
minecraft:stone_slab: PropertyEnum{name=half, clazz=class net.minecraft.block.BlockSlab$EnumBlockHalf, values=[top, bottom]}, PropertyEnum{name=variant, clazz=class net.minecraft.block.BlockStoneSlab$EnumType, values=[stone, sandstone, wood_old, cobblestone, brick, stone_brick, nether_brick, quartz]}
minecraft:stone_stairs: PropertyDirection{name=facing, clazz=class net.minecraft.util.EnumFacing, values=[north, south, west, east]}, PropertyEnum{name=half, clazz=class net.minecraft.block.BlockStairs$EnumHalf, values=[top, bottom]}, PropertyEnum{name=shape, clazz=class net.minecraft.block.BlockStairs$EnumShape, values=[straight, inner_left, inner_right, outer_left, outer_right]}
minecraft:stonebrick: PropertyEnum{name=variant, clazz=class net.minecraft.block.BlockStoneBrick$EnumType, values=[stonebrick, mossy_stonebrick, cracked_stonebrick, chiseled_stonebrick]}
minecraft:structure_block: PropertyEnum{name=mode, clazz=class net.minecraft.tileentity.TileEntityStructure$Mode, values=[SAVE, LOAD, CORNER, DATA]}
minecraft:structure_void: 
minecraft:tallgrass: PropertyEnum{name=type, clazz=class net.minecraft.block.BlockTallGrass$EnumType, values=[dead_bush, tall_grass, fern]}
minecraft:tnt: PropertyBool{name=explode, clazz=class java.lang.Boolean, values=[true, false]}
minecraft:torch: PropertyDirection{name=facing, clazz=class net.minecraft.util.EnumFacing, values=[up, north, south, west, east]}
minecraft:trapdoor: PropertyDirection{name=facing, clazz=class net.minecraft.util.EnumFacing, values=[north, south, west, east]}, PropertyEnum{name=half, clazz=class net.minecraft.block.BlockTrapDoor$DoorHalf, values=[top, bottom]}, PropertyBool{name=open, clazz=class java.lang.Boolean, values=[true, false]}
minecraft:trapped_chest: PropertyDirection{name=facing, clazz=class net.minecraft.util.EnumFacing, values=[north, south, west, east]}
minecraft:tripwire: PropertyBool{name=attached, clazz=class java.lang.Boolean, values=[true, false]}, PropertyBool{name=disarmed, clazz=class java.lang.Boolean, values=[true, false]}, PropertyBool{name=east, clazz=class java.lang.Boolean, values=[true, false]}, PropertyBool{name=north, clazz=class java.lang.Boolean, values=[true, false]}, PropertyBool{name=powered, clazz=class java.lang.Boolean, values=[true, false]}, PropertyBool{name=south, clazz=class java.lang.Boolean, values=[true, false]}, PropertyBool{name=west, clazz=class java.lang.Boolean, values=[true, false]}
minecraft:tripwire_hook: PropertyBool{name=attached, clazz=class java.lang.Boolean, values=[true, false]}, PropertyDirection{name=facing, clazz=class net.minecraft.util.EnumFacing, values=[north, south, west, east]}, PropertyBool{name=powered, clazz=class java.lang.Boolean, values=[true, false]}
minecraft:unlit_redstone_torch: PropertyDirection{name=facing, clazz=class net.minecraft.util.EnumFacing, values=[up, north, south, west, east]}
minecraft:unpowered_comparator: PropertyDirection{name=facing, clazz=class net.minecraft.util.EnumFacing, values=[north, south, west, east]}, PropertyEnum{name=mode, clazz=class net.minecraft.block.BlockRedstoneComparator$Mode, values=[compare, subtract]}, PropertyBool{name=powered, clazz=class java.lang.Boolean, values=[true, false]}
minecraft:unpowered_repeater: PropertyInteger{name=delay, clazz=class java.lang.Integer, values=[1, 2, 3, 4]}, PropertyDirection{name=facing, clazz=class net.minecraft.util.EnumFacing, values=[north, south, west, east]}, PropertyBool{name=locked, clazz=class java.lang.Boolean, values=[true, false]}
minecraft:vine: PropertyBool{name=east, clazz=class java.lang.Boolean, values=[true, false]}, PropertyBool{name=north, clazz=class java.lang.Boolean, values=[true, false]}, PropertyBool{name=south, clazz=class java.lang.Boolean, values=[true, false]}, PropertyBool{name=up, clazz=class java.lang.Boolean, values=[true, false]}, PropertyBool{name=west, clazz=class java.lang.Boolean, values=[true, false]}
minecraft:wall_banner: PropertyDirection{name=facing, clazz=class net.minecraft.util.EnumFacing, values=[north, south, west, east]}
minecraft:wall_sign: PropertyDirection{name=facing, clazz=class net.minecraft.util.EnumFacing, values=[north, south, west, east]}
minecraft:water: PropertyInteger{name=level, clazz=class java.lang.Integer, values=[0, 1, 2, 3, 4, 5, 6, 7, 8, 9, 10, 11, 12, 13, 14, 15]}
minecraft:waterlily: 
minecraft:web: 
minecraft:wheat: PropertyInteger{name=age, clazz=class java.lang.Integer, values=[0, 1, 2, 3, 4, 5, 6, 7]}
minecraft:white_glazed_terracotta: PropertyDirection{name=facing, clazz=class net.minecraft.util.EnumFacing, values=[north, south, west, east]}
minecraft:white_shulker_box: PropertyDirection{name=facing, clazz=class net.minecraft.util.EnumFacing, values=[down, up, north, south, west, east]}
minecraft:wooden_button: PropertyDirection{name=facing, clazz=class net.minecraft.util.EnumFacing, values=[down, up, north, south, west, east]}, PropertyBool{name=powered, clazz=class java.lang.Boolean, values=[true, false]}
minecraft:wooden_door: PropertyDirection{name=facing, clazz=class net.minecraft.util.EnumFacing, values=[north, south, west, east]}, PropertyEnum{name=half, clazz=class net.minecraft.block.BlockDoor$EnumDoorHalf, values=[upper, lower]}, PropertyEnum{name=hinge, clazz=class net.minecraft.block.BlockDoor$EnumHingePosition, values=[left, right]}, PropertyBool{name=open, clazz=class java.lang.Boolean, values=[true, false]}, PropertyBool{name=powered, clazz=class java.lang.Boolean, values=[true, false]}
minecraft:wooden_pressure_plate: PropertyBool{name=powered, clazz=class java.lang.Boolean, values=[true, false]}
minecraft:wooden_slab: PropertyEnum{name=half, clazz=class net.minecraft.block.BlockSlab$EnumBlockHalf, values=[top, bottom]}, PropertyEnum{name=variant, clazz=class net.minecraft.block.BlockPlanks$EnumType, values=[oak, spruce, birch, jungle, acacia, dark_oak]}
minecraft:wool: PropertyEnum{name=color, clazz=class net.minecraft.item.EnumDyeColor, values=[white, orange, magenta, lightBlue, yellow, lime, pink, gray, silver, cyan, purple, blue, brown, green, red, black]}
minecraft:yellow_flower: PropertyEnum{name=type, clazz=class net.minecraft.block.BlockFlower$EnumFlowerType, values=[dandelion]}
minecraft:yellow_glazed_terracotta: PropertyDirection{name=facing, clazz=class net.minecraft.util.EnumFacing, values=[north, south, west, east]}
minecraft:yellow_shulker_box: PropertyDirection{name=facing, clazz=class net.minecraft.util.EnumFacing, values=[down, up, north, south, west, east]}
mod_lavacow:bloodtooth_shroom: PropertyInteger{name=age, clazz=class java.lang.Integer, values=[0, 1]}
mod_lavacow:cactoid_sprout: PropertyInteger{name=age, clazz=class java.lang.Integer, values=[0, 1, 2]}
mod_lavacow:cordy_shroom: PropertyInteger{name=age, clazz=class java.lang.Integer, values=[0, 1]}
mod_lavacow:diseased_hay_block: PropertyEnum{name=axis, clazz=class net.minecraft.util.EnumFacing$Axis, values=[x, y, z]}
mod_lavacow:ectoplasm_block: 
mod_lavacow:glowshroom: PropertyInteger{name=age, clazz=class java.lang.Integer, values=[0, 1]}
mod_lavacow:glowshroom_block_cap: PropertyEnum{name=variant, clazz=class net.minecraft.block.BlockHugeMushroom$EnumType, values=[north_west, north, north_east, west, center, east, south_west, south, south_east, stem, all_inside, all_outside, all_stem]}
mod_lavacow:glowshroom_block_stem: PropertyEnum{name=variant, clazz=class net.minecraft.block.BlockHugeMushroom$EnumType, values=[north_west, north, north_east, west, center, east, south_west, south, south_east, stem, all_inside, all_outside, all_stem]}
mod_lavacow:molten_alloy_block: 
mod_lavacow:molten_meat_block: 
mod_lavacow:pileofsludge: 
mod_lavacow:scarecrowhead_common: PropertyDirection{name=facing, clazz=class net.minecraft.util.EnumFacing, values=[down, up, north, south, west, east]}
mod_lavacow:scarecrowhead_plague: PropertyDirection{name=facing, clazz=class net.minecraft.util.EnumFacing, values=[down, up, north, south, west, east]}
mod_lavacow:scarecrowhead_straw: PropertyDirection{name=facing, clazz=class net.minecraft.util.EnumFacing, values=[down, up, north, south, west, east]}
mod_lavacow:scythe_claw_block: 
mod_lavacow:tombstone: PropertyDirection{name=facing, clazz=class net.minecraft.util.EnumFacing, values=[down, up, north, south, west, east]}
mod_lavacow:veil_shroom: PropertyInteger{name=age, clazz=class java.lang.Integer, values=[0, 1]}
mod_lavacow:vespa_carapace_block: 
moglowstone:black_gsblock: 
moglowstone:blue_gsblock: 
moglowstone:brick_gsblock: 
moglowstone:brown_gsblock: 
moglowstone:cyan_gsblock: 
moglowstone:glowstone_ore: 
moglowstone:gray_gsblock: 
moglowstone:green_gsblock: 
moglowstone:lamp_gsblock: 
moglowstone:lblue_gsblock: 
moglowstone:lgray_gsblock: 
moglowstone:lime_gsblock: 
moglowstone:magenta_gsblock: 
moglowstone:orange_gsblock: 
moglowstone:pink_gsblock: 
moglowstone:purple_gsblock: 
moglowstone:red_gsblock: 
moglowstone:white_gsblock: 
mowziesmobs:campfire: 
mowziesmobs:grottol: PropertyDirection{name=facing, clazz=class net.minecraft.util.EnumFacing, values=[north, south, west, east]}, PropertyEnum{name=variant, clazz=class com.bobmowzie.mowziesmobs.server.block.BlockGrottol$Variant, values=[DIAMOND, BLACK_PINK]}
mowziesmobs:painted_acacia: 
mowziesmobs:painted_acacia_double_slab: PropertyEnum{name=variant, clazz=class com.bobmowzie.mowziesmobs.server.block.BlockPaintedAcaciaSlab$Variant, values=[DEFAULT]}
mowziesmobs:painted_acacia_slab: PropertyEnum{name=half, clazz=class net.minecraft.block.BlockSlab$EnumBlockHalf, values=[top, bottom]}, PropertyEnum{name=variant, clazz=class com.bobmowzie.mowziesmobs.server.block.BlockPaintedAcaciaSlab$Variant, values=[DEFAULT]}
mysticalworld:amethyst_block: 
mysticalworld:amethyst_ore: 
mysticalworld:aubergine_crop: PropertyInteger{name=age, clazz=class java.lang.Integer, values=[0, 1, 2, 3, 4, 5, 6, 7]}
mysticalworld:charred_button: PropertyDirection{name=facing, clazz=class net.minecraft.util.EnumFacing, values=[down, up, north, south, west, east]}, PropertyBool{name=powered, clazz=class java.lang.Boolean, values=[true, false]}
mysticalworld:charred_double_slab: PropertyEnum{name=half, clazz=class net.minecraft.block.BlockSlab$EnumBlockHalf, values=[top, bottom]}
mysticalworld:charred_fence: PropertyBool{name=east, clazz=class java.lang.Boolean, values=[true, false]}, PropertyBool{name=north, clazz=class java.lang.Boolean, values=[true, false]}, PropertyBool{name=south, clazz=class java.lang.Boolean, values=[true, false]}, PropertyBool{name=west, clazz=class java.lang.Boolean, values=[true, false]}
mysticalworld:charred_fence_gate: PropertyDirection{name=facing, clazz=class net.minecraft.util.EnumFacing, values=[north, south, west, east]}, PropertyBool{name=in_wall, clazz=class java.lang.Boolean, values=[true, false]}, PropertyBool{name=open, clazz=class java.lang.Boolean, values=[true, false]}, PropertyBool{name=powered, clazz=class java.lang.Boolean, values=[true, false]}
mysticalworld:charred_log: PropertyEnum{name=axis, clazz=class net.minecraft.block.BlockLog$EnumAxis, values=[x, y, z, none]}
mysticalworld:charred_planks: 
mysticalworld:charred_pressure_plate: PropertyBool{name=powered, clazz=class java.lang.Boolean, values=[true, false]}
mysticalworld:charred_slab: PropertyEnum{name=half, clazz=class net.minecraft.block.BlockSlab$EnumBlockHalf, values=[top, bottom]}
mysticalworld:charred_stairs: PropertyDirection{name=facing, clazz=class net.minecraft.util.EnumFacing, values=[north, south, west, east]}, PropertyEnum{name=half, clazz=class net.minecraft.block.BlockStairs$EnumHalf, values=[top, bottom]}, PropertyEnum{name=shape, clazz=class net.minecraft.block.BlockStairs$EnumShape, values=[straight, inner_left, inner_right, outer_left, outer_right]}
mysticalworld:charred_wall: PropertyBool{name=east, clazz=class java.lang.Boolean, values=[true, false]}, PropertyBool{name=north, clazz=class java.lang.Boolean, values=[true, false]}, PropertyBool{name=south, clazz=class java.lang.Boolean, values=[true, false]}, PropertyBool{name=up, clazz=class java.lang.Boolean, values=[true, false]}, PropertyEnum{name=variant, clazz=class net.minecraft.block.BlockWall$EnumType, values=[cobblestone, mossy_cobblestone]}, PropertyBool{name=west, clazz=class java.lang.Boolean, values=[true, false]}
mysticalworld:copper_block: 
mysticalworld:copper_ore: 
mysticalworld:gall_apple_crop: PropertyInteger{name=age, clazz=class java.lang.Integer, values=[0, 1, 2, 3]}, PropertyDirection{name=facing, clazz=class net.minecraft.util.EnumFacing, values=[north, south, west, east]}
mysticalworld:granite_quartz_ore: 
mysticalworld:mud_block: 
mysticalworld:mud_block_button: PropertyDirection{name=facing, clazz=class net.minecraft.util.EnumFacing, values=[down, up, north, south, west, east]}, PropertyBool{name=powered, clazz=class java.lang.Boolean, values=[true, false]}
mysticalworld:mud_block_double_slab: PropertyEnum{name=half, clazz=class net.minecraft.block.BlockSlab$EnumBlockHalf, values=[top, bottom]}
mysticalworld:mud_block_fence: PropertyBool{name=east, clazz=class java.lang.Boolean, values=[true, false]}, PropertyBool{name=north, clazz=class java.lang.Boolean, values=[true, false]}, PropertyBool{name=south, clazz=class java.lang.Boolean, values=[true, false]}, PropertyBool{name=west, clazz=class java.lang.Boolean, values=[true, false]}
mysticalworld:mud_block_fence_gate: PropertyDirection{name=facing, clazz=class net.minecraft.util.EnumFacing, values=[north, south, west, east]}, PropertyBool{name=in_wall, clazz=class java.lang.Boolean, values=[true, false]}, PropertyBool{name=open, clazz=class java.lang.Boolean, values=[true, false]}, PropertyBool{name=powered, clazz=class java.lang.Boolean, values=[true, false]}
mysticalworld:mud_block_pressure_plate: PropertyBool{name=powered, clazz=class java.lang.Boolean, values=[true, false]}
mysticalworld:mud_block_slab: PropertyEnum{name=half, clazz=class net.minecraft.block.BlockSlab$EnumBlockHalf, values=[top, bottom]}
mysticalworld:mud_block_stairs: PropertyDirection{name=facing, clazz=class net.minecraft.util.EnumFacing, values=[north, south, west, east]}, PropertyEnum{name=half, clazz=class net.minecraft.block.BlockStairs$EnumHalf, values=[top, bottom]}, PropertyEnum{name=shape, clazz=class net.minecraft.block.BlockStairs$EnumShape, values=[straight, inner_left, inner_right, outer_left, outer_right]}
mysticalworld:mud_block_wall: PropertyBool{name=east, clazz=class java.lang.Boolean, values=[true, false]}, PropertyBool{name=north, clazz=class java.lang.Boolean, values=[true, false]}, PropertyBool{name=south, clazz=class java.lang.Boolean, values=[true, false]}, PropertyBool{name=up, clazz=class java.lang.Boolean, values=[true, false]}, PropertyEnum{name=variant, clazz=class net.minecraft.block.BlockWall$EnumType, values=[cobblestone, mossy_cobblestone]}, PropertyBool{name=west, clazz=class java.lang.Boolean, values=[true, false]}
mysticalworld:mud_brick: 
mysticalworld:mud_brick_button: PropertyDirection{name=facing, clazz=class net.minecraft.util.EnumFacing, values=[down, up, north, south, west, east]}, PropertyBool{name=powered, clazz=class java.lang.Boolean, values=[true, false]}
mysticalworld:mud_brick_double_slab: PropertyEnum{name=half, clazz=class net.minecraft.block.BlockSlab$EnumBlockHalf, values=[top, bottom]}
mysticalworld:mud_brick_fence: PropertyBool{name=east, clazz=class java.lang.Boolean, values=[true, false]}, PropertyBool{name=north, clazz=class java.lang.Boolean, values=[true, false]}, PropertyBool{name=south, clazz=class java.lang.Boolean, values=[true, false]}, PropertyBool{name=west, clazz=class java.lang.Boolean, values=[true, false]}
mysticalworld:mud_brick_fence_gate: PropertyDirection{name=facing, clazz=class net.minecraft.util.EnumFacing, values=[north, south, west, east]}, PropertyBool{name=in_wall, clazz=class java.lang.Boolean, values=[true, false]}, PropertyBool{name=open, clazz=class java.lang.Boolean, values=[true, false]}, PropertyBool{name=powered, clazz=class java.lang.Boolean, values=[true, false]}
mysticalworld:mud_brick_pressure_plate: PropertyBool{name=powered, clazz=class java.lang.Boolean, values=[true, false]}
mysticalworld:mud_brick_slab: PropertyEnum{name=half, clazz=class net.minecraft.block.BlockSlab$EnumBlockHalf, values=[top, bottom]}
mysticalworld:mud_brick_stairs: PropertyDirection{name=facing, clazz=class net.minecraft.util.EnumFacing, values=[north, south, west, east]}, PropertyEnum{name=half, clazz=class net.minecraft.block.BlockStairs$EnumHalf, values=[top, bottom]}, PropertyEnum{name=shape, clazz=class net.minecraft.block.BlockStairs$EnumShape, values=[straight, inner_left, inner_right, outer_left, outer_right]}
mysticalworld:mud_brick_wall: PropertyBool{name=east, clazz=class java.lang.Boolean, values=[true, false]}, PropertyBool{name=north, clazz=class java.lang.Boolean, values=[true, false]}, PropertyBool{name=south, clazz=class java.lang.Boolean, values=[true, false]}, PropertyBool{name=up, clazz=class java.lang.Boolean, values=[true, false]}, PropertyEnum{name=variant, clazz=class net.minecraft.block.BlockWall$EnumType, values=[cobblestone, mossy_cobblestone]}, PropertyBool{name=west, clazz=class java.lang.Boolean, values=[true, false]}
mysticalworld:pearl_block: 
mysticalworld:pearl_button: PropertyDirection{name=facing, clazz=class net.minecraft.util.EnumFacing, values=[down, up, north, south, west, east]}, PropertyBool{name=powered, clazz=class java.lang.Boolean, values=[true, false]}
mysticalworld:pearl_double_slab: PropertyEnum{name=half, clazz=class net.minecraft.block.BlockSlab$EnumBlockHalf, values=[top, bottom]}
mysticalworld:pearl_fence: PropertyBool{name=east, clazz=class java.lang.Boolean, values=[true, false]}, PropertyBool{name=north, clazz=class java.lang.Boolean, values=[true, false]}, PropertyBool{name=south, clazz=class java.lang.Boolean, values=[true, false]}, PropertyBool{name=west, clazz=class java.lang.Boolean, values=[true, false]}
mysticalworld:pearl_fence_gate: PropertyDirection{name=facing, clazz=class net.minecraft.util.EnumFacing, values=[north, south, west, east]}, PropertyBool{name=in_wall, clazz=class java.lang.Boolean, values=[true, false]}, PropertyBool{name=open, clazz=class java.lang.Boolean, values=[true, false]}, PropertyBool{name=powered, clazz=class java.lang.Boolean, values=[true, false]}
mysticalworld:pearl_pressure_plate: PropertyBool{name=powered, clazz=class java.lang.Boolean, values=[true, false]}
mysticalworld:pearl_slab: PropertyEnum{name=half, clazz=class net.minecraft.block.BlockSlab$EnumBlockHalf, values=[top, bottom]}
mysticalworld:pearl_stairs: PropertyDirection{name=facing, clazz=class net.minecraft.util.EnumFacing, values=[north, south, west, east]}, PropertyEnum{name=half, clazz=class net.minecraft.block.BlockStairs$EnumHalf, values=[top, bottom]}, PropertyEnum{name=shape, clazz=class net.minecraft.block.BlockStairs$EnumShape, values=[straight, inner_left, inner_right, outer_left, outer_right]}
mysticalworld:pearl_wall: PropertyBool{name=east, clazz=class java.lang.Boolean, values=[true, false]}, PropertyBool{name=north, clazz=class java.lang.Boolean, values=[true, false]}, PropertyBool{name=south, clazz=class java.lang.Boolean, values=[true, false]}, PropertyBool{name=up, clazz=class java.lang.Boolean, values=[true, false]}, PropertyEnum{name=variant, clazz=class net.minecraft.block.BlockWall$EnumType, values=[cobblestone, mossy_cobblestone]}, PropertyBool{name=west, clazz=class java.lang.Boolean, values=[true, false]}
mysticalworld:quartz_ore: 
mysticalworld:silver_block: 
mysticalworld:silver_ore: 
mysticalworld:slime_eggs: PropertyInteger{name=count, clazz=class java.lang.Integer, values=[0, 1, 2, 3]}
mysticalworld:thatch: 
mysticalworld:thatch_double_slab: PropertyEnum{name=half, clazz=class net.minecraft.block.BlockSlab$EnumBlockHalf, values=[top, bottom]}
mysticalworld:thatch_slab: PropertyEnum{name=half, clazz=class net.minecraft.block.BlockSlab$EnumBlockHalf, values=[top, bottom]}
mysticalworld:thatch_stairs: PropertyDirection{name=facing, clazz=class net.minecraft.util.EnumFacing, values=[north, south, west, east]}, PropertyEnum{name=half, clazz=class net.minecraft.block.BlockStairs$EnumHalf, values=[top, bottom]}, PropertyEnum{name=shape, clazz=class net.minecraft.block.BlockStairs$EnumShape, values=[straight, inner_left, inner_right, outer_left, outer_right]}
mysticalworld:thatch_wall: PropertyBool{name=east, clazz=class java.lang.Boolean, values=[true, false]}, PropertyBool{name=north, clazz=class java.lang.Boolean, values=[true, false]}, PropertyBool{name=south, clazz=class java.lang.Boolean, values=[true, false]}, PropertyBool{name=up, clazz=class java.lang.Boolean, values=[true, false]}, PropertyEnum{name=variant, clazz=class net.minecraft.block.BlockWall$EnumType, values=[cobblestone, mossy_cobblestone]}, PropertyBool{name=west, clazz=class java.lang.Boolean, values=[true, false]}
mysticalworld:wet_mud_block: 
mysticalworld:wet_mud_brick: 
natura:amaranth_button: PropertyDirection{name=facing, clazz=class net.minecraft.util.EnumFacing, values=[down, up, north, south, west, east]}, PropertyBool{name=powered, clazz=class java.lang.Boolean, values=[true, false]}
natura:amaranth_fence: PropertyBool{name=east, clazz=class java.lang.Boolean, values=[true, false]}, PropertyBool{name=north, clazz=class java.lang.Boolean, values=[true, false]}, PropertyBool{name=south, clazz=class java.lang.Boolean, values=[true, false]}, PropertyBool{name=west, clazz=class java.lang.Boolean, values=[true, false]}
natura:amaranth_fence_gate: PropertyDirection{name=facing, clazz=class net.minecraft.util.EnumFacing, values=[north, south, west, east]}, PropertyBool{name=in_wall, clazz=class java.lang.Boolean, values=[true, false]}, PropertyBool{name=open, clazz=class java.lang.Boolean, values=[true, false]}, PropertyBool{name=powered, clazz=class java.lang.Boolean, values=[true, false]}
natura:amaranth_pressure_plate: PropertyBool{name=powered, clazz=class java.lang.Boolean, values=[true, false]}
natura:amaranth_trap_door: PropertyDirection{name=facing, clazz=class net.minecraft.util.EnumFacing, values=[north, south, west, east]}, PropertyEnum{name=half, clazz=class net.minecraft.block.BlockTrapDoor$DoorHalf, values=[top, bottom]}, PropertyBool{name=open, clazz=class java.lang.Boolean, values=[true, false]}
natura:apple_button: PropertyDirection{name=facing, clazz=class net.minecraft.util.EnumFacing, values=[down, up, north, south, west, east]}, PropertyBool{name=powered, clazz=class java.lang.Boolean, values=[true, false]}
natura:apple_fence: PropertyBool{name=east, clazz=class java.lang.Boolean, values=[true, false]}, PropertyBool{name=north, clazz=class java.lang.Boolean, values=[true, false]}, PropertyBool{name=south, clazz=class java.lang.Boolean, values=[true, false]}, PropertyBool{name=west, clazz=class java.lang.Boolean, values=[true, false]}
natura:apple_fence_gate: PropertyDirection{name=facing, clazz=class net.minecraft.util.EnumFacing, values=[north, south, west, east]}, PropertyBool{name=in_wall, clazz=class java.lang.Boolean, values=[true, false]}, PropertyBool{name=open, clazz=class java.lang.Boolean, values=[true, false]}, PropertyBool{name=powered, clazz=class java.lang.Boolean, values=[true, false]}
natura:apple_leaves: PropertyBool{name=check_decay, clazz=class java.lang.Boolean, values=[true, false]}, PropertyBool{name=decayable, clazz=class java.lang.Boolean, values=[true, false]}, PropertyEnum{name=type, clazz=class com.progwml6.natura.overworld.block.leaves.BlockAppleLeaves$LeavesType, values=[NORMAL, FLOWERING, FRUIT, GOLDEN_FRUIT]}
natura:apple_log: PropertyEnum{name=axis, clazz=class com.progwml6.natura.common.block.BlockEnumLog$EnumAxis, values=[x, y, z, none]}, PropertyEnum{name=type, clazz=class com.progwml6.natura.overworld.block.logs.BlockAppleLog$LogType, values=[APPLE]}
natura:apple_pressure_plate: PropertyBool{name=powered, clazz=class java.lang.Boolean, values=[true, false]}
natura:apple_sapling: PropertyEnum{name=foliage, clazz=class com.progwml6.natura.overworld.block.saplings.BlockAppleSapling$SaplingType, values=[APPLE]}, PropertyInteger{name=stage, clazz=class java.lang.Integer, values=[0, 1]}, PropertyEnum{name=type, clazz=class net.minecraft.block.BlockPlanks$EnumType, values=[oak, spruce, birch, jungle, acacia, dark_oak]}
natura:apple_trap_door: PropertyDirection{name=facing, clazz=class net.minecraft.util.EnumFacing, values=[north, south, west, east]}, PropertyEnum{name=half, clazz=class net.minecraft.block.BlockTrapDoor$DoorHalf, values=[top, bottom]}, PropertyBool{name=open, clazz=class java.lang.Boolean, values=[true, false]}
natura:barley_crop: PropertyInteger{name=age, clazz=class java.lang.Integer, values=[0, 1, 2, 3]}
natura:blaze_hopper: PropertyBool{name=enabled, clazz=class java.lang.Boolean, values=[true, false]}, PropertyDirection{name=facing, clazz=class net.minecraft.util.EnumFacing, values=[down, north, south, west, east]}
natura:blaze_rail: PropertyEnum{name=shape, clazz=class net.minecraft.block.BlockRailBase$EnumRailDirection, values=[north_south, east_west, ascending_east, ascending_west, ascending_north, ascending_south, south_east, south_west, north_west, north_east]}
natura:blaze_rail_activator: PropertyBool{name=powered, clazz=class java.lang.Boolean, values=[true, false]}, PropertyEnum{name=shape, clazz=class net.minecraft.block.BlockRailBase$EnumRailDirection, values=[north_south, east_west, ascending_east, ascending_west, ascending_north, ascending_south]}
natura:blaze_rail_detector: PropertyBool{name=powered, clazz=class java.lang.Boolean, values=[true, false]}, PropertyEnum{name=shape, clazz=class net.minecraft.block.BlockRailBase$EnumRailDirection, values=[north_south, east_west, ascending_east, ascending_west, ascending_north, ascending_south]}
natura:blaze_rail_golden: PropertyBool{name=powered, clazz=class java.lang.Boolean, values=[true, false]}, PropertyEnum{name=shape, clazz=class net.minecraft.block.BlockRailBase$EnumRailDirection, values=[north_south, east_west, ascending_east, ascending_west, ascending_north, ascending_south]}
natura:bloodwood_button: PropertyDirection{name=facing, clazz=class net.minecraft.util.EnumFacing, values=[down, up, north, south, west, east]}, PropertyBool{name=powered, clazz=class java.lang.Boolean, values=[true, false]}
natura:bloodwood_fence: PropertyBool{name=east, clazz=class java.lang.Boolean, values=[true, false]}, PropertyBool{name=north, clazz=class java.lang.Boolean, values=[true, false]}, PropertyBool{name=south, clazz=class java.lang.Boolean, values=[true, false]}, PropertyBool{name=west, clazz=class java.lang.Boolean, values=[true, false]}
natura:bloodwood_fence_gate: PropertyDirection{name=facing, clazz=class net.minecraft.util.EnumFacing, values=[north, south, west, east]}, PropertyBool{name=in_wall, clazz=class java.lang.Boolean, values=[true, false]}, PropertyBool{name=open, clazz=class java.lang.Boolean, values=[true, false]}, PropertyBool{name=powered, clazz=class java.lang.Boolean, values=[true, false]}
natura:bloodwood_pressure_plate: PropertyBool{name=powered, clazz=class java.lang.Boolean, values=[true, false]}
natura:bloodwood_trap_door: PropertyDirection{name=facing, clazz=class net.minecraft.util.EnumFacing, values=[north, south, west, east]}, PropertyEnum{name=half, clazz=class net.minecraft.block.BlockTrapDoor$DoorHalf, values=[top, bottom]}, PropertyBool{name=open, clazz=class java.lang.Boolean, values=[true, false]}
natura:bluebells_flower: 
natura:charred_netherrack_bricks: 
natura:clouds: PropertyEnum{name=type, clazz=class com.progwml6.natura.shared.block.clouds.BlockCloud$CloudType, values=[WHITE, DARK, ASH, SULFUR]}
natura:colored_grass: PropertyEnum{name=type, clazz=class com.progwml6.natura.overworld.block.grass.BlockColoredGrass$GrassType, values=[TOPIARY, BLUEGRASS, AUTUMNAL]}
natura:colored_grass_slab: PropertyEnum{name=half, clazz=class net.minecraft.block.BlockSlab$EnumBlockHalf, values=[top, bottom]}, PropertyEnum{name=type, clazz=class com.progwml6.natura.overworld.block.grass.BlockColoredGrass$GrassType, values=[TOPIARY, BLUEGRASS, AUTUMNAL]}
natura:colored_grass_stairs_autumnal: PropertyDirection{name=facing, clazz=class net.minecraft.util.EnumFacing, values=[north, south, west, east]}, PropertyEnum{name=half, clazz=class net.minecraft.block.BlockStairs$EnumHalf, values=[top, bottom]}, PropertyEnum{name=shape, clazz=class net.minecraft.block.BlockStairs$EnumShape, values=[straight, inner_left, inner_right, outer_left, outer_right]}
natura:colored_grass_stairs_bluegrass: PropertyDirection{name=facing, clazz=class net.minecraft.util.EnumFacing, values=[north, south, west, east]}, PropertyEnum{name=half, clazz=class net.minecraft.block.BlockStairs$EnumHalf, values=[top, bottom]}, PropertyEnum{name=shape, clazz=class net.minecraft.block.BlockStairs$EnumShape, values=[straight, inner_left, inner_right, outer_left, outer_right]}
natura:colored_grass_stairs_topiary: PropertyDirection{name=facing, clazz=class net.minecraft.util.EnumFacing, values=[north, south, west, east]}, PropertyEnum{name=half, clazz=class net.minecraft.block.BlockStairs$EnumHalf, values=[top, bottom]}, PropertyEnum{name=shape, clazz=class net.minecraft.block.BlockStairs$EnumShape, values=[straight, inner_left, inner_right, outer_left, outer_right]}
natura:cotton_crop: PropertyInteger{name=age, clazz=class java.lang.Integer, values=[0, 1, 2, 3, 4]}
natura:darkwood_button: PropertyDirection{name=facing, clazz=class net.minecraft.util.EnumFacing, values=[down, up, north, south, west, east]}, PropertyBool{name=powered, clazz=class java.lang.Boolean, values=[true, false]}
natura:darkwood_fence: PropertyBool{name=east, clazz=class java.lang.Boolean, values=[true, false]}, PropertyBool{name=north, clazz=class java.lang.Boolean, values=[true, false]}, PropertyBool{name=south, clazz=class java.lang.Boolean, values=[true, false]}, PropertyBool{name=west, clazz=class java.lang.Boolean, values=[true, false]}
natura:darkwood_fence_gate: PropertyDirection{name=facing, clazz=class net.minecraft.util.EnumFacing, values=[north, south, west, east]}, PropertyBool{name=in_wall, clazz=class java.lang.Boolean, values=[true, false]}, PropertyBool{name=open, clazz=class java.lang.Boolean, values=[true, false]}, PropertyBool{name=powered, clazz=class java.lang.Boolean, values=[true, false]}
natura:darkwood_pressure_plate: PropertyBool{name=powered, clazz=class java.lang.Boolean, values=[true, false]}
natura:darkwood_trap_door: PropertyDirection{name=facing, clazz=class net.minecraft.util.EnumFacing, values=[north, south, west, east]}, PropertyEnum{name=half, clazz=class net.minecraft.block.BlockTrapDoor$DoorHalf, values=[top, bottom]}, PropertyBool{name=open, clazz=class java.lang.Boolean, values=[true, false]}
natura:eucalyptus_button: PropertyDirection{name=facing, clazz=class net.minecraft.util.EnumFacing, values=[down, up, north, south, west, east]}, PropertyBool{name=powered, clazz=class java.lang.Boolean, values=[true, false]}
natura:eucalyptus_fence: PropertyBool{name=east, clazz=class java.lang.Boolean, values=[true, false]}, PropertyBool{name=north, clazz=class java.lang.Boolean, values=[true, false]}, PropertyBool{name=south, clazz=class java.lang.Boolean, values=[true, false]}, PropertyBool{name=west, clazz=class java.lang.Boolean, values=[true, false]}
natura:eucalyptus_fence_gate: PropertyDirection{name=facing, clazz=class net.minecraft.util.EnumFacing, values=[north, south, west, east]}, PropertyBool{name=in_wall, clazz=class java.lang.Boolean, values=[true, false]}, PropertyBool{name=open, clazz=class java.lang.Boolean, values=[true, false]}, PropertyBool{name=powered, clazz=class java.lang.Boolean, values=[true, false]}
natura:eucalyptus_pressure_plate: PropertyBool{name=powered, clazz=class java.lang.Boolean, values=[true, false]}
natura:eucalyptus_trap_door: PropertyDirection{name=facing, clazz=class net.minecraft.util.EnumFacing, values=[north, south, west, east]}, PropertyEnum{name=half, clazz=class net.minecraft.block.BlockTrapDoor$DoorHalf, values=[top, bottom]}, PropertyBool{name=open, clazz=class java.lang.Boolean, values=[true, false]}
natura:fusewood_button: PropertyDirection{name=facing, clazz=class net.minecraft.util.EnumFacing, values=[down, up, north, south, west, east]}, PropertyBool{name=powered, clazz=class java.lang.Boolean, values=[true, false]}
natura:fusewood_fence: PropertyBool{name=east, clazz=class java.lang.Boolean, values=[true, false]}, PropertyBool{name=north, clazz=class java.lang.Boolean, values=[true, false]}, PropertyBool{name=south, clazz=class java.lang.Boolean, values=[true, false]}, PropertyBool{name=west, clazz=class java.lang.Boolean, values=[true, false]}
natura:fusewood_fence_gate: PropertyDirection{name=facing, clazz=class net.minecraft.util.EnumFacing, values=[north, south, west, east]}, PropertyBool{name=in_wall, clazz=class java.lang.Boolean, values=[true, false]}, PropertyBool{name=open, clazz=class java.lang.Boolean, values=[true, false]}, PropertyBool{name=powered, clazz=class java.lang.Boolean, values=[true, false]}
natura:fusewood_pressure_plate: PropertyBool{name=powered, clazz=class java.lang.Boolean, values=[true, false]}
natura:fusewood_trap_door: PropertyDirection{name=facing, clazz=class net.minecraft.util.EnumFacing, values=[north, south, west, east]}, PropertyEnum{name=half, clazz=class net.minecraft.block.BlockTrapDoor$DoorHalf, values=[top, bottom]}, PropertyBool{name=open, clazz=class java.lang.Boolean, values=[true, false]}
natura:ghostwood_button: PropertyDirection{name=facing, clazz=class net.minecraft.util.EnumFacing, values=[down, up, north, south, west, east]}, PropertyBool{name=powered, clazz=class java.lang.Boolean, values=[true, false]}
natura:ghostwood_fence: PropertyBool{name=east, clazz=class java.lang.Boolean, values=[true, false]}, PropertyBool{name=north, clazz=class java.lang.Boolean, values=[true, false]}, PropertyBool{name=south, clazz=class java.lang.Boolean, values=[true, false]}, PropertyBool{name=west, clazz=class java.lang.Boolean, values=[true, false]}
natura:ghostwood_fence_gate: PropertyDirection{name=facing, clazz=class net.minecraft.util.EnumFacing, values=[north, south, west, east]}, PropertyBool{name=in_wall, clazz=class java.lang.Boolean, values=[true, false]}, PropertyBool{name=open, clazz=class java.lang.Boolean, values=[true, false]}, PropertyBool{name=powered, clazz=class java.lang.Boolean, values=[true, false]}
natura:ghostwood_pressure_plate: PropertyBool{name=powered, clazz=class java.lang.Boolean, values=[true, false]}
natura:ghostwood_trap_door: PropertyDirection{name=facing, clazz=class net.minecraft.util.EnumFacing, values=[north, south, west, east]}, PropertyEnum{name=half, clazz=class net.minecraft.block.BlockTrapDoor$DoorHalf, values=[top, bottom]}, PropertyBool{name=open, clazz=class java.lang.Boolean, values=[true, false]}
natura:hopseed_button: PropertyDirection{name=facing, clazz=class net.minecraft.util.EnumFacing, values=[down, up, north, south, west, east]}, PropertyBool{name=powered, clazz=class java.lang.Boolean, values=[true, false]}
natura:hopseed_fence: PropertyBool{name=east, clazz=class java.lang.Boolean, values=[true, false]}, PropertyBool{name=north, clazz=class java.lang.Boolean, values=[true, false]}, PropertyBool{name=south, clazz=class java.lang.Boolean, values=[true, false]}, PropertyBool{name=west, clazz=class java.lang.Boolean, values=[true, false]}
natura:hopseed_fence_gate: PropertyDirection{name=facing, clazz=class net.minecraft.util.EnumFacing, values=[north, south, west, east]}, PropertyBool{name=in_wall, clazz=class java.lang.Boolean, values=[true, false]}, PropertyBool{name=open, clazz=class java.lang.Boolean, values=[true, false]}, PropertyBool{name=powered, clazz=class java.lang.Boolean, values=[true, false]}
natura:hopseed_pressure_plate: PropertyBool{name=powered, clazz=class java.lang.Boolean, values=[true, false]}
natura:hopseed_trap_door: PropertyDirection{name=facing, clazz=class net.minecraft.util.EnumFacing, values=[north, south, west, east]}, PropertyEnum{name=half, clazz=class net.minecraft.block.BlockTrapDoor$DoorHalf, values=[top, bottom]}, PropertyBool{name=open, clazz=class java.lang.Boolean, values=[true, false]}
natura:lit_netherrack_furnace: PropertyDirection{name=facing, clazz=class net.minecraft.util.EnumFacing, values=[north, south, west, east]}
natura:maple_button: PropertyDirection{name=facing, clazz=class net.minecraft.util.EnumFacing, values=[down, up, north, south, west, east]}, PropertyBool{name=powered, clazz=class java.lang.Boolean, values=[true, false]}
natura:maple_fence: PropertyBool{name=east, clazz=class java.lang.Boolean, values=[true, false]}, PropertyBool{name=north, clazz=class java.lang.Boolean, values=[true, false]}, PropertyBool{name=south, clazz=class java.lang.Boolean, values=[true, false]}, PropertyBool{name=west, clazz=class java.lang.Boolean, values=[true, false]}
natura:maple_fence_gate: PropertyDirection{name=facing, clazz=class net.minecraft.util.EnumFacing, values=[north, south, west, east]}, PropertyBool{name=in_wall, clazz=class java.lang.Boolean, values=[true, false]}, PropertyBool{name=open, clazz=class java.lang.Boolean, values=[true, false]}, PropertyBool{name=powered, clazz=class java.lang.Boolean, values=[true, false]}
natura:maple_pressure_plate: PropertyBool{name=powered, clazz=class java.lang.Boolean, values=[true, false]}
natura:maple_trap_door: PropertyDirection{name=facing, clazz=class net.minecraft.util.EnumFacing, values=[north, south, west, east]}, PropertyEnum{name=half, clazz=class net.minecraft.block.BlockTrapDoor$DoorHalf, values=[top, bottom]}, PropertyBool{name=open, clazz=class java.lang.Boolean, values=[true, false]}
natura:nether_berrybush_blightberry: PropertyInteger{name=age, clazz=class java.lang.Integer, values=[0, 1, 2, 3]}
natura:nether_berrybush_duskberry: PropertyInteger{name=age, clazz=class java.lang.Integer, values=[0, 1, 2, 3]}
natura:nether_berrybush_skyberry: PropertyInteger{name=age, clazz=class java.lang.Integer, values=[0, 1, 2, 3]}
natura:nether_berrybush_stingberry: PropertyInteger{name=age, clazz=class java.lang.Integer, values=[0, 1, 2, 3]}
natura:nether_blue_large_glowshroom: PropertyEnum{name=variant, clazz=class com.progwml6.natura.nether.block.shrooms.BlockNetherLargeGlowshroom$EnumType, values=[north_west, north, north_east, west, center, east, south_west, south, south_east, stem, all_inside, all_outside, all_stem]}
natura:nether_bookshelves: PropertyEnum{name=type, clazz=class com.progwml6.natura.nether.block.planks.BlockNetherPlanks$PlankType, values=[GHOSTWOOD, BLOODWOOD, DARKWOOD, FUSEWOOD]}
natura:nether_button: PropertyDirection{name=facing, clazz=class net.minecraft.util.EnumFacing, values=[down, up, north, south, west, east]}, PropertyBool{name=powered, clazz=class java.lang.Boolean, values=[true, false]}
natura:nether_door_bloodwood: PropertyDirection{name=facing, clazz=class net.minecraft.util.EnumFacing, values=[north, south, west, east]}, PropertyEnum{name=half, clazz=class net.minecraft.block.BlockDoor$EnumDoorHalf, values=[upper, lower]}, PropertyEnum{name=hinge, clazz=class net.minecraft.block.BlockDoor$EnumHingePosition, values=[left, right]}, PropertyBool{name=open, clazz=class java.lang.Boolean, values=[true, false]}, PropertyBool{name=powered, clazz=class java.lang.Boolean, values=[true, false]}
natura:nether_door_darkwood: PropertyDirection{name=facing, clazz=class net.minecraft.util.EnumFacing, values=[north, south, west, east]}, PropertyEnum{name=half, clazz=class net.minecraft.block.BlockDoor$EnumDoorHalf, values=[upper, lower]}, PropertyEnum{name=hinge, clazz=class net.minecraft.block.BlockDoor$EnumHingePosition, values=[left, right]}, PropertyBool{name=open, clazz=class java.lang.Boolean, values=[true, false]}, PropertyBool{name=powered, clazz=class java.lang.Boolean, values=[true, false]}
natura:nether_door_fusewood: PropertyDirection{name=facing, clazz=class net.minecraft.util.EnumFacing, values=[north, south, west, east]}, PropertyEnum{name=half, clazz=class net.minecraft.block.BlockDoor$EnumDoorHalf, values=[upper, lower]}, PropertyEnum{name=hinge, clazz=class net.minecraft.block.BlockDoor$EnumHingePosition, values=[left, right]}, PropertyBool{name=open, clazz=class java.lang.Boolean, values=[true, false]}, PropertyBool{name=powered, clazz=class java.lang.Boolean, values=[true, false]}
natura:nether_door_ghostwood: PropertyDirection{name=facing, clazz=class net.minecraft.util.EnumFacing, values=[north, south, west, east]}, PropertyEnum{name=half, clazz=class net.minecraft.block.BlockDoor$EnumDoorHalf, values=[upper, lower]}, PropertyEnum{name=hinge, clazz=class net.minecraft.block.BlockDoor$EnumHingePosition, values=[left, right]}, PropertyBool{name=open, clazz=class java.lang.Boolean, values=[true, false]}, PropertyBool{name=powered, clazz=class java.lang.Boolean, values=[true, false]}
natura:nether_glass: PropertyEnum{name=type, clazz=class com.progwml6.natura.nether.block.glass.BlockNetherGlass$GlassType, values=[SOUL, HEAT]}
natura:nether_glowshroom: PropertyEnum{name=type, clazz=class com.progwml6.natura.nether.block.shrooms.BlockNetherGlowshroom$GlowshroomType, values=[GREEN, BLUE, PURPLE]}
natura:nether_green_large_glowshroom: PropertyEnum{name=variant, clazz=class com.progwml6.natura.nether.block.shrooms.BlockNetherLargeGlowshroom$EnumType, values=[north_west, north, north_east, west, center, east, south_west, south, south_east, stem, all_inside, all_outside, all_stem]}
natura:nether_heat_sand: 
natura:nether_leaves2: PropertyBool{name=check_decay, clazz=class java.lang.Boolean, values=[true, false]}, PropertyBool{name=decayable, clazz=class java.lang.Boolean, values=[true, false]}, PropertyEnum{name=type, clazz=class com.progwml6.natura.nether.block.leaves.BlockNetherLeaves2$LeavesType, values=[DARKWOOD, DARKWOOD_FLOWERING, DARKWOOD_FRUIT]}
natura:nether_leaves: PropertyBool{name=check_decay, clazz=class java.lang.Boolean, values=[true, false]}, PropertyBool{name=decayable, clazz=class java.lang.Boolean, values=[true, false]}, PropertyEnum{name=type, clazz=class com.progwml6.natura.nether.block.leaves.BlockNetherLeaves$LeavesType, values=[GHOSTWOOD, BLOODWOOD, FUSEWOOD]}
natura:nether_lever: PropertyEnum{name=facing, clazz=class net.minecraft.block.BlockLever$EnumOrientation, values=[down_x, east, west, south, north, up_z, up_x, down_z]}, PropertyBool{name=powered, clazz=class java.lang.Boolean, values=[true, false]}
natura:nether_logs2: PropertyInteger{name=meta, clazz=class java.lang.Integer, values=[0, 1, 2, 3, 4, 5, 6, 7, 8, 9, 10, 11, 12, 13, 14, 15]}
natura:nether_logs: PropertyEnum{name=axis, clazz=class com.progwml6.natura.common.block.BlockEnumLog$EnumAxis, values=[x, y, z, none]}, PropertyEnum{name=type, clazz=class com.progwml6.natura.nether.block.logs.BlockNetherLog$LogType, values=[GHOSTWOOD, DARKWOOD, FUSEWOOD]}
natura:nether_planks: PropertyEnum{name=type, clazz=class com.progwml6.natura.nether.block.planks.BlockNetherPlanks$PlankType, values=[GHOSTWOOD, BLOODWOOD, DARKWOOD, FUSEWOOD]}
natura:nether_pressure_plate: PropertyBool{name=powered, clazz=class java.lang.Boolean, values=[true, false]}
natura:nether_purple_large_glowshroom: PropertyEnum{name=variant, clazz=class com.progwml6.natura.nether.block.shrooms.BlockNetherLargeGlowshroom$EnumType, values=[north_west, north, north_east, west, center, east, south_west, south, south_east, stem, all_inside, all_outside, all_stem]}
natura:nether_sapling2: PropertyEnum{name=foliage, clazz=class com.progwml6.natura.nether.block.saplings.BlockNetherSapling2$SaplingType, values=[BLOODWOOD]}, PropertyInteger{name=stage, clazz=class java.lang.Integer, values=[0, 1]}, PropertyEnum{name=type, clazz=class net.minecraft.block.BlockPlanks$EnumType, values=[oak, spruce, birch, jungle, acacia, dark_oak]}
natura:nether_sapling: PropertyEnum{name=foliage, clazz=class com.progwml6.natura.nether.block.saplings.BlockNetherSapling$SaplingType, values=[GHOSTWOOD, FUSEWOOD, DARKWOOD]}, PropertyInteger{name=stage, clazz=class java.lang.Integer, values=[0, 1]}, PropertyEnum{name=type, clazz=class net.minecraft.block.BlockPlanks$EnumType, values=[oak, spruce, birch, jungle, acacia, dark_oak]}
natura:nether_slab: PropertyEnum{name=half, clazz=class net.minecraft.block.BlockSlab$EnumBlockHalf, values=[top, bottom]}, PropertyEnum{name=type, clazz=class com.progwml6.natura.nether.block.slabs.BlockNetherSlab$PlankType, values=[GHOSTWOOD, BLOODWOOD, DARKWOOD, FUSEWOOD]}
natura:nether_stairs_bloodwood: PropertyDirection{name=facing, clazz=class net.minecraft.util.EnumFacing, values=[north, south, west, east]}, PropertyEnum{name=half, clazz=class net.minecraft.block.BlockStairs$EnumHalf, values=[top, bottom]}, PropertyEnum{name=shape, clazz=class net.minecraft.block.BlockStairs$EnumShape, values=[straight, inner_left, inner_right, outer_left, outer_right]}
natura:nether_stairs_darkwood: PropertyDirection{name=facing, clazz=class net.minecraft.util.EnumFacing, values=[north, south, west, east]}, PropertyEnum{name=half, clazz=class net.minecraft.block.BlockStairs$EnumHalf, values=[top, bottom]}, PropertyEnum{name=shape, clazz=class net.minecraft.block.BlockStairs$EnumShape, values=[straight, inner_left, inner_right, outer_left, outer_right]}
natura:nether_stairs_fusewood: PropertyDirection{name=facing, clazz=class net.minecraft.util.EnumFacing, values=[north, south, west, east]}, PropertyEnum{name=half, clazz=class net.minecraft.block.BlockStairs$EnumHalf, values=[top, bottom]}, PropertyEnum{name=shape, clazz=class net.minecraft.block.BlockStairs$EnumShape, values=[straight, inner_left, inner_right, outer_left, outer_right]}
natura:nether_stairs_ghostwood: PropertyDirection{name=facing, clazz=class net.minecraft.util.EnumFacing, values=[north, south, west, east]}, PropertyEnum{name=half, clazz=class net.minecraft.block.BlockStairs$EnumHalf, values=[top, bottom]}, PropertyEnum{name=shape, clazz=class net.minecraft.block.BlockStairs$EnumShape, values=[straight, inner_left, inner_right, outer_left, outer_right]}
natura:nether_tainted_soil: PropertyEnum{name=type, clazz=class com.progwml6.natura.nether.block.soil.BlockTaintedSoil$SoilType, values=[TAINTED_SOIL, TAINTED_FARMLAND_DRY, TAINTED_FARMLAND_HEATED]}
natura:nether_thorn_vines: PropertyBool{name=east, clazz=class java.lang.Boolean, values=[true, false]}, PropertyBool{name=north, clazz=class java.lang.Boolean, values=[true, false]}, PropertyBool{name=south, clazz=class java.lang.Boolean, values=[true, false]}, PropertyBool{name=up, clazz=class java.lang.Boolean, values=[true, false]}, PropertyBool{name=west, clazz=class java.lang.Boolean, values=[true, false]}
natura:nether_workbenches: PropertyEnum{name=type, clazz=class com.progwml6.natura.nether.block.planks.BlockNetherPlanks$PlankType, values=[GHOSTWOOD, BLOODWOOD, DARKWOOD, FUSEWOOD]}
natura:netherrack_bricks: 
natura:netherrack_furnace: PropertyDirection{name=facing, clazz=class net.minecraft.util.EnumFacing, values=[north, south, west, east]}
natura:overworld_berrybush_blackberry: PropertyInteger{name=age, clazz=class java.lang.Integer, values=[0, 1, 2, 3]}
natura:overworld_berrybush_blueberry: PropertyInteger{name=age, clazz=class java.lang.Integer, values=[0, 1, 2, 3]}
natura:overworld_berrybush_maloberry: PropertyInteger{name=age, clazz=class java.lang.Integer, values=[0, 1, 2, 3]}
natura:overworld_berrybush_raspberry: PropertyInteger{name=age, clazz=class java.lang.Integer, values=[0, 1, 2, 3]}
natura:overworld_bookshelves: PropertyEnum{name=type, clazz=class com.progwml6.natura.overworld.block.planks.BlockOverworldPlanks$PlankType, values=[MAPLE, SILVERBELL, AMARANTH, TIGER, WILLOW, EUCALYPTUS, HOPSEED, SAKURA, REDWOOD, APPLE]}
natura:overworld_door_amaranth: PropertyDirection{name=facing, clazz=class net.minecraft.util.EnumFacing, values=[north, south, west, east]}, PropertyEnum{name=half, clazz=class net.minecraft.block.BlockDoor$EnumDoorHalf, values=[upper, lower]}, PropertyEnum{name=hinge, clazz=class net.minecraft.block.BlockDoor$EnumHingePosition, values=[left, right]}, PropertyBool{name=open, clazz=class java.lang.Boolean, values=[true, false]}, PropertyBool{name=powered, clazz=class java.lang.Boolean, values=[true, false]}
natura:overworld_door_apple: PropertyDirection{name=facing, clazz=class net.minecraft.util.EnumFacing, values=[north, south, west, east]}, PropertyEnum{name=half, clazz=class net.minecraft.block.BlockDoor$EnumDoorHalf, values=[upper, lower]}, PropertyEnum{name=hinge, clazz=class net.minecraft.block.BlockDoor$EnumHingePosition, values=[left, right]}, PropertyBool{name=open, clazz=class java.lang.Boolean, values=[true, false]}, PropertyBool{name=powered, clazz=class java.lang.Boolean, values=[true, false]}
natura:overworld_door_eucalyptus: PropertyDirection{name=facing, clazz=class net.minecraft.util.EnumFacing, values=[north, south, west, east]}, PropertyEnum{name=half, clazz=class net.minecraft.block.BlockDoor$EnumDoorHalf, values=[upper, lower]}, PropertyEnum{name=hinge, clazz=class net.minecraft.block.BlockDoor$EnumHingePosition, values=[left, right]}, PropertyBool{name=open, clazz=class java.lang.Boolean, values=[true, false]}, PropertyBool{name=powered, clazz=class java.lang.Boolean, values=[true, false]}
natura:overworld_door_hopseed: PropertyDirection{name=facing, clazz=class net.minecraft.util.EnumFacing, values=[north, south, west, east]}, PropertyEnum{name=half, clazz=class net.minecraft.block.BlockDoor$EnumDoorHalf, values=[upper, lower]}, PropertyEnum{name=hinge, clazz=class net.minecraft.block.BlockDoor$EnumHingePosition, values=[left, right]}, PropertyBool{name=open, clazz=class java.lang.Boolean, values=[true, false]}, PropertyBool{name=powered, clazz=class java.lang.Boolean, values=[true, false]}
natura:overworld_door_maple: PropertyDirection{name=facing, clazz=class net.minecraft.util.EnumFacing, values=[north, south, west, east]}, PropertyEnum{name=half, clazz=class net.minecraft.block.BlockDoor$EnumDoorHalf, values=[upper, lower]}, PropertyEnum{name=hinge, clazz=class net.minecraft.block.BlockDoor$EnumHingePosition, values=[left, right]}, PropertyBool{name=open, clazz=class java.lang.Boolean, values=[true, false]}, PropertyBool{name=powered, clazz=class java.lang.Boolean, values=[true, false]}
natura:overworld_door_redwood: PropertyDirection{name=facing, clazz=class net.minecraft.util.EnumFacing, values=[north, south, west, east]}, PropertyEnum{name=half, clazz=class net.minecraft.block.BlockDoor$EnumDoorHalf, values=[upper, lower]}, PropertyEnum{name=hinge, clazz=class net.minecraft.block.BlockDoor$EnumHingePosition, values=[left, right]}, PropertyBool{name=open, clazz=class java.lang.Boolean, values=[true, false]}, PropertyBool{name=powered, clazz=class java.lang.Boolean, values=[true, false]}
natura:overworld_door_redwood_bark: PropertyDirection{name=facing, clazz=class net.minecraft.util.EnumFacing, values=[north, south, west, east]}, PropertyEnum{name=half, clazz=class net.minecraft.block.BlockDoor$EnumDoorHalf, values=[upper, lower]}, PropertyEnum{name=hinge, clazz=class net.minecraft.block.BlockDoor$EnumHingePosition, values=[left, right]}, PropertyBool{name=open, clazz=class java.lang.Boolean, values=[true, false]}, PropertyBool{name=powered, clazz=class java.lang.Boolean, values=[true, false]}
natura:overworld_door_sakura: PropertyDirection{name=facing, clazz=class net.minecraft.util.EnumFacing, values=[north, south, west, east]}, PropertyEnum{name=half, clazz=class net.minecraft.block.BlockDoor$EnumDoorHalf, values=[upper, lower]}, PropertyEnum{name=hinge, clazz=class net.minecraft.block.BlockDoor$EnumHingePosition, values=[left, right]}, PropertyBool{name=open, clazz=class java.lang.Boolean, values=[true, false]}, PropertyBool{name=powered, clazz=class java.lang.Boolean, values=[true, false]}
natura:overworld_door_silverbell: PropertyDirection{name=facing, clazz=class net.minecraft.util.EnumFacing, values=[north, south, west, east]}, PropertyEnum{name=half, clazz=class net.minecraft.block.BlockDoor$EnumDoorHalf, values=[upper, lower]}, PropertyEnum{name=hinge, clazz=class net.minecraft.block.BlockDoor$EnumHingePosition, values=[left, right]}, PropertyBool{name=open, clazz=class java.lang.Boolean, values=[true, false]}, PropertyBool{name=powered, clazz=class java.lang.Boolean, values=[true, false]}
natura:overworld_door_tiger: PropertyDirection{name=facing, clazz=class net.minecraft.util.EnumFacing, values=[north, south, west, east]}, PropertyEnum{name=half, clazz=class net.minecraft.block.BlockDoor$EnumDoorHalf, values=[upper, lower]}, PropertyEnum{name=hinge, clazz=class net.minecraft.block.BlockDoor$EnumHingePosition, values=[left, right]}, PropertyBool{name=open, clazz=class java.lang.Boolean, values=[true, false]}, PropertyBool{name=powered, clazz=class java.lang.Boolean, values=[true, false]}
natura:overworld_door_willow: PropertyDirection{name=facing, clazz=class net.minecraft.util.EnumFacing, values=[north, south, west, east]}, PropertyEnum{name=half, clazz=class net.minecraft.block.BlockDoor$EnumDoorHalf, values=[upper, lower]}, PropertyEnum{name=hinge, clazz=class net.minecraft.block.BlockDoor$EnumHingePosition, values=[left, right]}, PropertyBool{name=open, clazz=class java.lang.Boolean, values=[true, false]}, PropertyBool{name=powered, clazz=class java.lang.Boolean, values=[true, false]}
natura:overworld_leaves2: PropertyBool{name=check_decay, clazz=class java.lang.Boolean, values=[true, false]}, PropertyBool{name=decayable, clazz=class java.lang.Boolean, values=[true, false]}, PropertyEnum{name=type, clazz=class com.progwml6.natura.overworld.block.logs.BlockOverworldLog2$LogType, values=[WILLOW, EUCALYPTUS, HOPSEED, SAKURA]}
natura:overworld_leaves: PropertyBool{name=check_decay, clazz=class java.lang.Boolean, values=[true, false]}, PropertyBool{name=decayable, clazz=class java.lang.Boolean, values=[true, false]}, PropertyEnum{name=type, clazz=class com.progwml6.natura.overworld.block.logs.BlockOverworldLog$LogType, values=[MAPLE, SILVERBELL, AMARANTH, TIGER]}
natura:overworld_logs2: PropertyEnum{name=axis, clazz=class com.progwml6.natura.common.block.BlockEnumLog$EnumAxis, values=[x, y, z, none]}, PropertyEnum{name=type, clazz=class com.progwml6.natura.overworld.block.logs.BlockOverworldLog2$LogType, values=[WILLOW, EUCALYPTUS, HOPSEED, SAKURA]}
natura:overworld_logs: PropertyEnum{name=axis, clazz=class com.progwml6.natura.common.block.BlockEnumLog$EnumAxis, values=[x, y, z, none]}, PropertyEnum{name=type, clazz=class com.progwml6.natura.overworld.block.logs.BlockOverworldLog$LogType, values=[MAPLE, SILVERBELL, AMARANTH, TIGER]}
natura:overworld_planks: PropertyEnum{name=type, clazz=class com.progwml6.natura.overworld.block.planks.BlockOverworldPlanks$PlankType, values=[MAPLE, SILVERBELL, AMARANTH, TIGER, WILLOW, EUCALYPTUS, HOPSEED, SAKURA, REDWOOD, APPLE]}
natura:overworld_sapling2: PropertyEnum{name=foliage, clazz=class com.progwml6.natura.overworld.block.saplings.BlockOverworldSapling2$SaplingType, values=[WILLOW, EUCALYPTUS, HOPSEED, SAKURA]}, PropertyInteger{name=stage, clazz=class java.lang.Integer, values=[0, 1]}, PropertyEnum{name=type, clazz=class net.minecraft.block.BlockPlanks$EnumType, values=[oak, spruce, birch, jungle, acacia, dark_oak]}
natura:overworld_sapling: PropertyEnum{name=foliage, clazz=class com.progwml6.natura.overworld.block.saplings.BlockOverworldSapling$SaplingType, values=[MAPLE, SILVERBELL, AMARANTH, TIGER]}, PropertyInteger{name=stage, clazz=class java.lang.Integer, values=[0, 1]}, PropertyEnum{name=type, clazz=class net.minecraft.block.BlockPlanks$EnumType, values=[oak, spruce, birch, jungle, acacia, dark_oak]}
natura:overworld_slab2: PropertyEnum{name=half, clazz=class net.minecraft.block.BlockSlab$EnumBlockHalf, values=[top, bottom]}, PropertyEnum{name=type, clazz=class com.progwml6.natura.overworld.block.slabs.BlockOverworldSlab2$PlankType, values=[EUCALYPTUS, HOPSEED, SAKURA, REDWOOD, APPLE]}
natura:overworld_slab: PropertyEnum{name=half, clazz=class net.minecraft.block.BlockSlab$EnumBlockHalf, values=[top, bottom]}, PropertyEnum{name=type, clazz=class com.progwml6.natura.overworld.block.slabs.BlockOverworldSlab$PlankType, values=[MAPLE, SILVERBELL, AMARANTH, TIGER, WILLOW]}
natura:overworld_stairs_amaranth: PropertyDirection{name=facing, clazz=class net.minecraft.util.EnumFacing, values=[north, south, west, east]}, PropertyEnum{name=half, clazz=class net.minecraft.block.BlockStairs$EnumHalf, values=[top, bottom]}, PropertyEnum{name=shape, clazz=class net.minecraft.block.BlockStairs$EnumShape, values=[straight, inner_left, inner_right, outer_left, outer_right]}
natura:overworld_stairs_apple: PropertyDirection{name=facing, clazz=class net.minecraft.util.EnumFacing, values=[north, south, west, east]}, PropertyEnum{name=half, clazz=class net.minecraft.block.BlockStairs$EnumHalf, values=[top, bottom]}, PropertyEnum{name=shape, clazz=class net.minecraft.block.BlockStairs$EnumShape, values=[straight, inner_left, inner_right, outer_left, outer_right]}
natura:overworld_stairs_eucalyptus: PropertyDirection{name=facing, clazz=class net.minecraft.util.EnumFacing, values=[north, south, west, east]}, PropertyEnum{name=half, clazz=class net.minecraft.block.BlockStairs$EnumHalf, values=[top, bottom]}, PropertyEnum{name=shape, clazz=class net.minecraft.block.BlockStairs$EnumShape, values=[straight, inner_left, inner_right, outer_left, outer_right]}
natura:overworld_stairs_hopseed: PropertyDirection{name=facing, clazz=class net.minecraft.util.EnumFacing, values=[north, south, west, east]}, PropertyEnum{name=half, clazz=class net.minecraft.block.BlockStairs$EnumHalf, values=[top, bottom]}, PropertyEnum{name=shape, clazz=class net.minecraft.block.BlockStairs$EnumShape, values=[straight, inner_left, inner_right, outer_left, outer_right]}
natura:overworld_stairs_maple: PropertyDirection{name=facing, clazz=class net.minecraft.util.EnumFacing, values=[north, south, west, east]}, PropertyEnum{name=half, clazz=class net.minecraft.block.BlockStairs$EnumHalf, values=[top, bottom]}, PropertyEnum{name=shape, clazz=class net.minecraft.block.BlockStairs$EnumShape, values=[straight, inner_left, inner_right, outer_left, outer_right]}
natura:overworld_stairs_redwood: PropertyDirection{name=facing, clazz=class net.minecraft.util.EnumFacing, values=[north, south, west, east]}, PropertyEnum{name=half, clazz=class net.minecraft.block.BlockStairs$EnumHalf, values=[top, bottom]}, PropertyEnum{name=shape, clazz=class net.minecraft.block.BlockStairs$EnumShape, values=[straight, inner_left, inner_right, outer_left, outer_right]}
natura:overworld_stairs_sakura: PropertyDirection{name=facing, clazz=class net.minecraft.util.EnumFacing, values=[north, south, west, east]}, PropertyEnum{name=half, clazz=class net.minecraft.block.BlockStairs$EnumHalf, values=[top, bottom]}, PropertyEnum{name=shape, clazz=class net.minecraft.block.BlockStairs$EnumShape, values=[straight, inner_left, inner_right, outer_left, outer_right]}
natura:overworld_stairs_silverbell: PropertyDirection{name=facing, clazz=class net.minecraft.util.EnumFacing, values=[north, south, west, east]}, PropertyEnum{name=half, clazz=class net.minecraft.block.BlockStairs$EnumHalf, values=[top, bottom]}, PropertyEnum{name=shape, clazz=class net.minecraft.block.BlockStairs$EnumShape, values=[straight, inner_left, inner_right, outer_left, outer_right]}
natura:overworld_stairs_tiger: PropertyDirection{name=facing, clazz=class net.minecraft.util.EnumFacing, values=[north, south, west, east]}, PropertyEnum{name=half, clazz=class net.minecraft.block.BlockStairs$EnumHalf, values=[top, bottom]}, PropertyEnum{name=shape, clazz=class net.minecraft.block.BlockStairs$EnumShape, values=[straight, inner_left, inner_right, outer_left, outer_right]}
natura:overworld_stairs_willow: PropertyDirection{name=facing, clazz=class net.minecraft.util.EnumFacing, values=[north, south, west, east]}, PropertyEnum{name=half, clazz=class net.minecraft.block.BlockStairs$EnumHalf, values=[top, bottom]}, PropertyEnum{name=shape, clazz=class net.minecraft.block.BlockStairs$EnumShape, values=[straight, inner_left, inner_right, outer_left, outer_right]}
natura:overworld_workbenches: PropertyEnum{name=type, clazz=class com.progwml6.natura.overworld.block.planks.BlockOverworldPlanks$PlankType, values=[MAPLE, SILVERBELL, AMARANTH, TIGER, WILLOW, EUCALYPTUS, HOPSEED, SAKURA, REDWOOD, APPLE]}
natura:redwood_button: PropertyDirection{name=facing, clazz=class net.minecraft.util.EnumFacing, values=[down, up, north, south, west, east]}, PropertyBool{name=powered, clazz=class java.lang.Boolean, values=[true, false]}
natura:redwood_fence: PropertyBool{name=east, clazz=class java.lang.Boolean, values=[true, false]}, PropertyBool{name=north, clazz=class java.lang.Boolean, values=[true, false]}, PropertyBool{name=south, clazz=class java.lang.Boolean, values=[true, false]}, PropertyBool{name=west, clazz=class java.lang.Boolean, values=[true, false]}
natura:redwood_fence_gate: PropertyDirection{name=facing, clazz=class net.minecraft.util.EnumFacing, values=[north, south, west, east]}, PropertyBool{name=in_wall, clazz=class java.lang.Boolean, values=[true, false]}, PropertyBool{name=open, clazz=class java.lang.Boolean, values=[true, false]}, PropertyBool{name=powered, clazz=class java.lang.Boolean, values=[true, false]}
natura:redwood_leaves: PropertyBool{name=check_decay, clazz=class java.lang.Boolean, values=[true, false]}, PropertyBool{name=decayable, clazz=class java.lang.Boolean, values=[true, false]}, PropertyEnum{name=type, clazz=class com.progwml6.natura.overworld.block.leaves.BlockRedwoodLeaves$RedwoodType, values=[NORMAL]}
natura:redwood_logs: PropertyEnum{name=type, clazz=class com.progwml6.natura.overworld.block.logs.BlockRedwoodLog$RedwoodType, values=[BARK, HEART, ROOT]}
natura:redwood_pressure_plate: PropertyBool{name=powered, clazz=class java.lang.Boolean, values=[true, false]}
natura:redwood_sapling: PropertyEnum{name=foliage, clazz=class com.progwml6.natura.overworld.block.saplings.BlockRedwoodSapling$SaplingType, values=[REDWOOD]}, PropertyInteger{name=stage, clazz=class java.lang.Integer, values=[0, 1]}, PropertyEnum{name=type, clazz=class net.minecraft.block.BlockPlanks$EnumType, values=[oak, spruce, birch, jungle, acacia, dark_oak]}
natura:redwood_trap_door: PropertyDirection{name=facing, clazz=class net.minecraft.util.EnumFacing, values=[north, south, west, east]}, PropertyEnum{name=half, clazz=class net.minecraft.block.BlockTrapDoor$DoorHalf, values=[top, bottom]}, PropertyBool{name=open, clazz=class java.lang.Boolean, values=[true, false]}
natura:respawn_obelisk: PropertyEnum{name=type, clazz=class com.progwml6.natura.nether.block.obelisk.BlockRespawnObelisk$ObeliskType, values=[INACTIVE, ACTIVE]}
natura:saguaro: PropertyBool{name=down, clazz=class java.lang.Boolean, values=[true, false]}, PropertyBool{name=east, clazz=class java.lang.Boolean, values=[true, false]}, PropertyBool{name=north, clazz=class java.lang.Boolean, values=[true, false]}, PropertyBool{name=south, clazz=class java.lang.Boolean, values=[true, false]}, PropertyBool{name=up, clazz=class java.lang.Boolean, values=[true, false]}, PropertyBool{name=west, clazz=class java.lang.Boolean, values=[true, false]}
natura:saguaro_baby: PropertyInteger{name=age, clazz=class java.lang.Integer, values=[0, 1]}
natura:saguaro_fruit: PropertyDirection{name=facing, clazz=class net.minecraft.util.EnumFacing, values=[north, south, west, east]}
natura:sakura_button: PropertyDirection{name=facing, clazz=class net.minecraft.util.EnumFacing, values=[down, up, north, south, west, east]}, PropertyBool{name=powered, clazz=class java.lang.Boolean, values=[true, false]}
natura:sakura_fence: PropertyBool{name=east, clazz=class java.lang.Boolean, values=[true, false]}, PropertyBool{name=north, clazz=class java.lang.Boolean, values=[true, false]}, PropertyBool{name=south, clazz=class java.lang.Boolean, values=[true, false]}, PropertyBool{name=west, clazz=class java.lang.Boolean, values=[true, false]}
natura:sakura_fence_gate: PropertyDirection{name=facing, clazz=class net.minecraft.util.EnumFacing, values=[north, south, west, east]}, PropertyBool{name=in_wall, clazz=class java.lang.Boolean, values=[true, false]}, PropertyBool{name=open, clazz=class java.lang.Boolean, values=[true, false]}, PropertyBool{name=powered, clazz=class java.lang.Boolean, values=[true, false]}
natura:sakura_pressure_plate: PropertyBool{name=powered, clazz=class java.lang.Boolean, values=[true, false]}
natura:sakura_trap_door: PropertyDirection{name=facing, clazz=class net.minecraft.util.EnumFacing, values=[north, south, west, east]}, PropertyEnum{name=half, clazz=class net.minecraft.block.BlockTrapDoor$DoorHalf, values=[top, bottom]}, PropertyBool{name=open, clazz=class java.lang.Boolean, values=[true, false]}
natura:silverbell_button: PropertyDirection{name=facing, clazz=class net.minecraft.util.EnumFacing, values=[down, up, north, south, west, east]}, PropertyBool{name=powered, clazz=class java.lang.Boolean, values=[true, false]}
natura:silverbell_fence: PropertyBool{name=east, clazz=class java.lang.Boolean, values=[true, false]}, PropertyBool{name=north, clazz=class java.lang.Boolean, values=[true, false]}, PropertyBool{name=south, clazz=class java.lang.Boolean, values=[true, false]}, PropertyBool{name=west, clazz=class java.lang.Boolean, values=[true, false]}
natura:silverbell_fence_gate: PropertyDirection{name=facing, clazz=class net.minecraft.util.EnumFacing, values=[north, south, west, east]}, PropertyBool{name=in_wall, clazz=class java.lang.Boolean, values=[true, false]}, PropertyBool{name=open, clazz=class java.lang.Boolean, values=[true, false]}, PropertyBool{name=powered, clazz=class java.lang.Boolean, values=[true, false]}
natura:silverbell_pressure_plate: PropertyBool{name=powered, clazz=class java.lang.Boolean, values=[true, false]}
natura:silverbell_trap_door: PropertyDirection{name=facing, clazz=class net.minecraft.util.EnumFacing, values=[north, south, west, east]}, PropertyEnum{name=half, clazz=class net.minecraft.block.BlockTrapDoor$DoorHalf, values=[top, bottom]}, PropertyBool{name=open, clazz=class java.lang.Boolean, values=[true, false]}
natura:smooth_netherrack: 
natura:tiger_button: PropertyDirection{name=facing, clazz=class net.minecraft.util.EnumFacing, values=[down, up, north, south, west, east]}, PropertyBool{name=powered, clazz=class java.lang.Boolean, values=[true, false]}
natura:tiger_fence: PropertyBool{name=east, clazz=class java.lang.Boolean, values=[true, false]}, PropertyBool{name=north, clazz=class java.lang.Boolean, values=[true, false]}, PropertyBool{name=south, clazz=class java.lang.Boolean, values=[true, false]}, PropertyBool{name=west, clazz=class java.lang.Boolean, values=[true, false]}
natura:tiger_fence_gate: PropertyDirection{name=facing, clazz=class net.minecraft.util.EnumFacing, values=[north, south, west, east]}, PropertyBool{name=in_wall, clazz=class java.lang.Boolean, values=[true, false]}, PropertyBool{name=open, clazz=class java.lang.Boolean, values=[true, false]}, PropertyBool{name=powered, clazz=class java.lang.Boolean, values=[true, false]}
natura:tiger_pressure_plate: PropertyBool{name=powered, clazz=class java.lang.Boolean, values=[true, false]}
natura:tiger_trap_door: PropertyDirection{name=facing, clazz=class net.minecraft.util.EnumFacing, values=[north, south, west, east]}, PropertyEnum{name=half, clazz=class net.minecraft.block.BlockTrapDoor$DoorHalf, values=[top, bottom]}, PropertyBool{name=open, clazz=class java.lang.Boolean, values=[true, false]}
natura:willow_button: PropertyDirection{name=facing, clazz=class net.minecraft.util.EnumFacing, values=[down, up, north, south, west, east]}, PropertyBool{name=powered, clazz=class java.lang.Boolean, values=[true, false]}
natura:willow_fence: PropertyBool{name=east, clazz=class java.lang.Boolean, values=[true, false]}, PropertyBool{name=north, clazz=class java.lang.Boolean, values=[true, false]}, PropertyBool{name=south, clazz=class java.lang.Boolean, values=[true, false]}, PropertyBool{name=west, clazz=class java.lang.Boolean, values=[true, false]}
natura:willow_fence_gate: PropertyDirection{name=facing, clazz=class net.minecraft.util.EnumFacing, values=[north, south, west, east]}, PropertyBool{name=in_wall, clazz=class java.lang.Boolean, values=[true, false]}, PropertyBool{name=open, clazz=class java.lang.Boolean, values=[true, false]}, PropertyBool{name=powered, clazz=class java.lang.Boolean, values=[true, false]}
natura:willow_pressure_plate: PropertyBool{name=powered, clazz=class java.lang.Boolean, values=[true, false]}
natura:willow_trap_door: PropertyDirection{name=facing, clazz=class net.minecraft.util.EnumFacing, values=[north, south, west, east]}, PropertyEnum{name=half, clazz=class net.minecraft.block.BlockTrapDoor$DoorHalf, values=[top, bottom]}, PropertyBool{name=open, clazz=class java.lang.Boolean, values=[true, false]}
nb:basalt: PropertyEnum{name=axis, clazz=class net.minecraft.util.EnumFacing$Axis, values=[x, y, z]}
nb:black_bricks_slab_double: PropertyEnum{name=variant, clazz=class com.unseen.nb.common.blocks.base.slab.BlockSlabBase$Variant, values=[DEFAULT]}
nb:black_bricks_slab_half: PropertyEnum{name=half, clazz=class net.minecraft.block.BlockSlab$EnumBlockHalf, values=[top, bottom]}, PropertyEnum{name=variant, clazz=class com.unseen.nb.common.blocks.base.slab.BlockSlabBase$Variant, values=[DEFAULT]}
nb:black_stone: 
nb:black_stone_brick_stairs: PropertyDirection{name=facing, clazz=class net.minecraft.util.EnumFacing, values=[north, south, west, east]}, PropertyEnum{name=half, clazz=class net.minecraft.block.BlockStairs$EnumHalf, values=[top, bottom]}, PropertyEnum{name=shape, clazz=class net.minecraft.block.BlockStairs$EnumShape, values=[straight, inner_left, inner_right, outer_left, outer_right]}
nb:black_stone_bricks: 
nb:black_stone_slab_double: PropertyEnum{name=variant, clazz=class com.unseen.nb.common.blocks.base.slab.BlockSlabBase$Variant, values=[DEFAULT]}
nb:black_stone_slab_half: PropertyEnum{name=half, clazz=class net.minecraft.block.BlockSlab$EnumBlockHalf, values=[top, bottom]}, PropertyEnum{name=variant, clazz=class com.unseen.nb.common.blocks.base.slab.BlockSlabBase$Variant, values=[DEFAULT]}
nb:black_stone_stairs: PropertyDirection{name=facing, clazz=class net.minecraft.util.EnumFacing, values=[north, south, west, east]}, PropertyEnum{name=half, clazz=class net.minecraft.block.BlockStairs$EnumHalf, values=[top, bottom]}, PropertyEnum{name=shape, clazz=class net.minecraft.block.BlockStairs$EnumShape, values=[straight, inner_left, inner_right, outer_left, outer_right]}
nb:black_stone_wall: PropertyBool{name=east, clazz=class java.lang.Boolean, values=[true, false]}, PropertyBool{name=north, clazz=class java.lang.Boolean, values=[true, false]}, PropertyBool{name=south, clazz=class java.lang.Boolean, values=[true, false]}, PropertyBool{name=up, clazz=class java.lang.Boolean, values=[true, false]}, PropertyEnum{name=variant, clazz=class net.minecraft.block.BlockWall$EnumType, values=[cobblestone, mossy_cobblestone]}, PropertyBool{name=west, clazz=class java.lang.Boolean, values=[true, false]}
nb:bricks_stone_wall: PropertyBool{name=east, clazz=class java.lang.Boolean, values=[true, false]}, PropertyBool{name=north, clazz=class java.lang.Boolean, values=[true, false]}, PropertyBool{name=south, clazz=class java.lang.Boolean, values=[true, false]}, PropertyBool{name=up, clazz=class java.lang.Boolean, values=[true, false]}, PropertyEnum{name=variant, clazz=class net.minecraft.block.BlockWall$EnumType, values=[cobblestone, mossy_cobblestone]}, PropertyBool{name=west, clazz=class java.lang.Boolean, values=[true, false]}
nb:chain_block: PropertyEnum{name=axis, clazz=class net.minecraft.util.EnumFacing$Axis, values=[x, y, z]}
nb:chisled_polished_black_stone: 
nb:cracked_stone_bricks: 
nb:crimson_door: PropertyDirection{name=facing, clazz=class net.minecraft.util.EnumFacing, values=[north, south, west, east]}, PropertyEnum{name=half, clazz=class net.minecraft.block.BlockDoor$EnumDoorHalf, values=[upper, lower]}, PropertyEnum{name=hinge, clazz=class net.minecraft.block.BlockDoor$EnumHingePosition, values=[left, right]}, PropertyBool{name=open, clazz=class java.lang.Boolean, values=[true, false]}, PropertyBool{name=powered, clazz=class java.lang.Boolean, values=[true, false]}
nb:crimson_fence: PropertyBool{name=east, clazz=class java.lang.Boolean, values=[true, false]}, PropertyBool{name=north, clazz=class java.lang.Boolean, values=[true, false]}, PropertyBool{name=south, clazz=class java.lang.Boolean, values=[true, false]}, PropertyBool{name=west, clazz=class java.lang.Boolean, values=[true, false]}
nb:crimson_fungus: 
nb:crimson_gate: PropertyDirection{name=facing, clazz=class net.minecraft.util.EnumFacing, values=[north, south, west, east]}, PropertyBool{name=in_wall, clazz=class java.lang.Boolean, values=[true, false]}, PropertyBool{name=open, clazz=class java.lang.Boolean, values=[true, false]}, PropertyBool{name=powered, clazz=class java.lang.Boolean, values=[true, false]}
nb:crimson_grass: 
nb:crimson_hyphae: PropertyEnum{name=axis, clazz=class net.minecraft.block.BlockLog$EnumAxis, values=[x, y, z, none]}
nb:crimson_planks: 
nb:crimson_roots: 
nb:crimson_slab_double: PropertyEnum{name=variant, clazz=class com.unseen.nb.common.blocks.base.slab.BlockSlabBase$Variant, values=[DEFAULT]}
nb:crimson_slab_half: PropertyEnum{name=half, clazz=class net.minecraft.block.BlockSlab$EnumBlockHalf, values=[top, bottom]}, PropertyEnum{name=variant, clazz=class com.unseen.nb.common.blocks.base.slab.BlockSlabBase$Variant, values=[DEFAULT]}
nb:crimson_stairs: PropertyDirection{name=facing, clazz=class net.minecraft.util.EnumFacing, values=[north, south, west, east]}, PropertyEnum{name=half, clazz=class net.minecraft.block.BlockStairs$EnumHalf, values=[top, bottom]}, PropertyEnum{name=shape, clazz=class net.minecraft.block.BlockStairs$EnumShape, values=[straight, inner_left, inner_right, outer_left, outer_right]}
nb:crimson_stem: PropertyEnum{name=axis, clazz=class net.minecraft.block.BlockLog$EnumAxis, values=[x, y, z, none]}
nb:crimson_trapdoor: PropertyDirection{name=facing, clazz=class net.minecraft.util.EnumFacing, values=[north, south, west, east]}, PropertyEnum{name=half, clazz=class net.minecraft.block.BlockTrapDoor$DoorHalf, values=[top, bottom]}, PropertyBool{name=open, clazz=class java.lang.Boolean, values=[true, false]}
nb:crimson_vine: PropertyInteger{name=age, clazz=class java.lang.Integer, values=[0, 1, 2, 3, 4, 5, 6, 7, 8, 9, 10, 11, 12, 13, 14, 15]}, PropertyBool{name=is_bottom, clazz=class java.lang.Boolean, values=[true, false]}
nb:crimson_wart: 
nb:cry_obi: 
nb:gilded_blackstone: 
nb:lode_stone: 
nb:nether_gold_ore: 
nb:piglin_head: PropertyDirection{name=facing, clazz=class net.minecraft.util.EnumFacing, values=[down, up, north, south, west, east]}, PropertyBool{name=nodrop, clazz=class java.lang.Boolean, values=[true, false]}
nb:polished_basalt: PropertyEnum{name=axis, clazz=class net.minecraft.util.EnumFacing$Axis, values=[x, y, z]}
nb:polished_black_stone: 
nb:polished_black_stone_slab_double: PropertyEnum{name=variant, clazz=class com.unseen.nb.common.blocks.base.slab.BlockSlabBase$Variant, values=[DEFAULT]}
nb:polished_black_stone_slab_half: PropertyEnum{name=half, clazz=class net.minecraft.block.BlockSlab$EnumBlockHalf, values=[top, bottom]}, PropertyEnum{name=variant, clazz=class com.unseen.nb.common.blocks.base.slab.BlockSlabBase$Variant, values=[DEFAULT]}
nb:polished_black_stone_stairs: PropertyDirection{name=facing, clazz=class net.minecraft.util.EnumFacing, values=[north, south, west, east]}, PropertyEnum{name=half, clazz=class net.minecraft.block.BlockStairs$EnumHalf, values=[top, bottom]}, PropertyEnum{name=shape, clazz=class net.minecraft.block.BlockStairs$EnumShape, values=[straight, inner_left, inner_right, outer_left, outer_right]}
nb:polished_stone_wall: PropertyBool{name=east, clazz=class java.lang.Boolean, values=[true, false]}, PropertyBool{name=north, clazz=class java.lang.Boolean, values=[true, false]}, PropertyBool{name=south, clazz=class java.lang.Boolean, values=[true, false]}, PropertyBool{name=up, clazz=class java.lang.Boolean, values=[true, false]}, PropertyEnum{name=variant, clazz=class net.minecraft.block.BlockWall$EnumType, values=[cobblestone, mossy_cobblestone]}, PropertyBool{name=west, clazz=class java.lang.Boolean, values=[true, false]}
nb:quartz_bricks: 
nb:respawn_anchor: PropertyInteger{name=charges, clazz=class java.lang.Integer, values=[0, 1, 2, 3, 4]}
nb:shroom_light: 
nb:smooth_basalt: 
nb:soul_fire: PropertyInteger{name=age, clazz=class java.lang.Integer, values=[0, 1, 2, 3, 4, 5, 6, 7, 8, 9, 10, 11, 12, 13, 14, 15]}, PropertyBool{name=east, clazz=class java.lang.Boolean, values=[true, false]}, PropertyBool{name=north, clazz=class java.lang.Boolean, values=[true, false]}, PropertyBool{name=south, clazz=class java.lang.Boolean, values=[true, false]}, PropertyBool{name=up, clazz=class java.lang.Boolean, values=[true, false]}, PropertyBool{name=west, clazz=class java.lang.Boolean, values=[true, false]}
nb:soul_lantern: PropertyBool{name=hanging, clazz=class java.lang.Boolean, values=[true, false]}
nb:soul_soil: 
nb:soul_torch: PropertyDirection{name=facing, clazz=class net.minecraft.util.EnumFacing, values=[up, north, south, west, east]}
nb:warped_door: PropertyDirection{name=facing, clazz=class net.minecraft.util.EnumFacing, values=[north, south, west, east]}, PropertyEnum{name=half, clazz=class net.minecraft.block.BlockDoor$EnumDoorHalf, values=[upper, lower]}, PropertyEnum{name=hinge, clazz=class net.minecraft.block.BlockDoor$EnumHingePosition, values=[left, right]}, PropertyBool{name=open, clazz=class java.lang.Boolean, values=[true, false]}, PropertyBool{name=powered, clazz=class java.lang.Boolean, values=[true, false]}
nb:warped_fence: PropertyBool{name=east, clazz=class java.lang.Boolean, values=[true, false]}, PropertyBool{name=north, clazz=class java.lang.Boolean, values=[true, false]}, PropertyBool{name=south, clazz=class java.lang.Boolean, values=[true, false]}, PropertyBool{name=west, clazz=class java.lang.Boolean, values=[true, false]}
nb:warped_fungus: 
nb:warped_gate: PropertyDirection{name=facing, clazz=class net.minecraft.util.EnumFacing, values=[north, south, west, east]}, PropertyBool{name=in_wall, clazz=class java.lang.Boolean, values=[true, false]}, PropertyBool{name=open, clazz=class java.lang.Boolean, values=[true, false]}, PropertyBool{name=powered, clazz=class java.lang.Boolean, values=[true, false]}
nb:warped_grass: 
nb:warped_hyphae: PropertyEnum{name=axis, clazz=class net.minecraft.block.BlockLog$EnumAxis, values=[x, y, z, none]}
nb:warped_planks: 
nb:warped_roots: 
nb:warped_slab_double: PropertyEnum{name=variant, clazz=class com.unseen.nb.common.blocks.base.slab.BlockSlabBase$Variant, values=[DEFAULT]}
nb:warped_slab_half: PropertyEnum{name=half, clazz=class net.minecraft.block.BlockSlab$EnumBlockHalf, values=[top, bottom]}, PropertyEnum{name=variant, clazz=class com.unseen.nb.common.blocks.base.slab.BlockSlabBase$Variant, values=[DEFAULT]}
nb:warped_sprout: 
nb:warped_stairs: PropertyDirection{name=facing, clazz=class net.minecraft.util.EnumFacing, values=[north, south, west, east]}, PropertyEnum{name=half, clazz=class net.minecraft.block.BlockStairs$EnumHalf, values=[top, bottom]}, PropertyEnum{name=shape, clazz=class net.minecraft.block.BlockStairs$EnumShape, values=[straight, inner_left, inner_right, outer_left, outer_right]}
nb:warped_stem: PropertyEnum{name=axis, clazz=class net.minecraft.block.BlockLog$EnumAxis, values=[x, y, z, none]}
nb:warped_trapdoor: PropertyDirection{name=facing, clazz=class net.minecraft.util.EnumFacing, values=[north, south, west, east]}, PropertyEnum{name=half, clazz=class net.minecraft.block.BlockTrapDoor$DoorHalf, values=[top, bottom]}, PropertyBool{name=open, clazz=class java.lang.Boolean, values=[true, false]}
nb:warped_vine: PropertyInteger{name=age, clazz=class java.lang.Integer, values=[0, 1, 2, 3, 4, 5, 6, 7, 8, 9, 10, 11, 12, 13, 14, 15]}, PropertyBool{name=is_top, clazz=class java.lang.Boolean, values=[true, false]}
nb:warped_wart: 
necromancersdelight:temporary_glowshroom: 
nt:black_sand: 
nt:black_sandstone: 
nt:black_sandstone_carved: 
nt:black_sandstone_face: 
nt:black_sandstone_glyph: 
nt:black_sandstone_smooth: 
nt:blue_podzol: PropertyBool{name=snowy, clazz=class java.lang.Boolean, values=[true, false]}
nt:brownautumn_leaves: PropertyBool{name=check_decay, clazz=class java.lang.Boolean, values=[true, false]}, PropertyBool{name=decayable, clazz=class java.lang.Boolean, values=[true, false]}
nt:brownautumn_sapling: PropertyInteger{name=stage, clazz=class java.lang.Integer, values=[0, 1]}
nt:cherry_leaves_pink: PropertyBool{name=check_decay, clazz=class java.lang.Boolean, values=[true, false]}, PropertyBool{name=decayable, clazz=class java.lang.Boolean, values=[true, false]}
nt:cherry_leaves_purple: PropertyBool{name=check_decay, clazz=class java.lang.Boolean, values=[true, false]}, PropertyBool{name=decayable, clazz=class java.lang.Boolean, values=[true, false]}
nt:cherry_leaves_white: PropertyBool{name=check_decay, clazz=class java.lang.Boolean, values=[true, false]}, PropertyBool{name=decayable, clazz=class java.lang.Boolean, values=[true, false]}
nt:cherry_sapling_pink: PropertyInteger{name=stage, clazz=class java.lang.Integer, values=[0, 1]}
nt:cherry_sapling_purple: PropertyInteger{name=stage, clazz=class java.lang.Integer, values=[0, 1]}
nt:cherry_sapling_white: PropertyInteger{name=stage, clazz=class java.lang.Integer, values=[0, 1]}
nt:cold_sand: 
nt:cold_sandstone: 
nt:cold_sandstone_carved: 
nt:cold_sandstone_face: 
nt:cold_sandstone_glyph: 
nt:cold_sandstone_smooth: 
nt:conifer_leaves_orange: PropertyBool{name=check_decay, clazz=class java.lang.Boolean, values=[true, false]}, PropertyBool{name=decayable, clazz=class java.lang.Boolean, values=[true, false]}
nt:conifer_leaves_yellow: PropertyBool{name=check_decay, clazz=class java.lang.Boolean, values=[true, false]}, PropertyBool{name=decayable, clazz=class java.lang.Boolean, values=[true, false]}
nt:conifer_sapling_orange: PropertyInteger{name=stage, clazz=class java.lang.Integer, values=[0, 1]}
nt:conifer_sapling_yellow: PropertyInteger{name=stage, clazz=class java.lang.Integer, values=[0, 1]}
nt:continental_sand: 
nt:continental_sandstone: 
nt:continental_sandstone_carved: 
nt:continental_sandstone_face: 
nt:continental_sandstone_glyph: 
nt:continental_sandstone_smooth: 
nt:flower_abelia_top: 
nt:flower_abeliophyllum: 
nt:flower_abroma: 
nt:flower_abronia_bot: 
nt:flower_abronia_top: 
nt:flower_abutilon: 
nt:flower_acaena: 
nt:flower_acalypha_r: 
nt:flower_acantholimon: 
nt:flower_acanthus_bot: 
nt:flower_acanthus_top: 
nt:flower_achillea: 
nt:flower_achimenes: 
nt:flower_acinos: 
nt:flower_aciphylla: 
nt:flower_adenocarpus_bot: 
nt:flower_adenocarpus_top: 
nt:flower_adenophora: 
nt:flower_adonis: 
nt:flower_aechmea: 
nt:flower_aeschynanthus: 
nt:flower_aethionema: 
nt:flower_agapanthus: 
nt:flower_ageratum: 
nt:flower_agonis_bot: 
nt:flower_agonis_top: 
nt:flower_agrostemma: 
nt:flower_aira: 
nt:flower_ajuga: 
nt:flower_albuca: 
nt:flower_alcea: 
nt:flower_alkanna: 
nt:flower_alliaria: 
nt:flower_allium: 
nt:flower_aloe: 
nt:flower_alonsoa_bot: 
nt:flower_alonsoa_top: 
nt:flower_alopecurus: 
nt:flower_alsobia: 
nt:flower_alstroemeria: 
nt:flower_alyogyne: 
nt:flower_amaryllis: 
nt:flower_ambrosia: 
nt:flower_amesiella: 
nt:flower_ammobium: 
nt:flower_amphipappus: 
nt:flower_anacyclus: 
nt:flower_anagallis: 
nt:flower_anchusa: 
nt:flower_apache_plume: 
nt:flower_argocoffeeopsis: 
nt:flower_arizona_poppy: 
nt:flower_asclepias: 
nt:flower_asclepias_t: 
nt:flower_asian_mustard: 
nt:flower_aspalathus: 
nt:flower_barbarea: 
nt:flower_barren_strawberry: 
nt:flower_beardtongue: 
nt:flower_begonia: 
nt:flower_bigelows_monkey_flower: 
nt:flower_blacktack_phacelia: 
nt:flower_blazing_star: 
nt:flower_blue_flax: 
nt:flower_brachystelma: 
nt:flower_bristly_fiddleneck: 
nt:flower_brown_eyes: 
nt:flower_buckbrush: 
nt:flower_bulbil_buglelily_bot: 
nt:flower_bulbil_buglelily_top: 
nt:flower_button_brittlebush: 
nt:flower_cambridge_blue: 
nt:flower_canaigre: 
nt:flower_cardamine: 
nt:flower_cephalophyllum: 
nt:flower_chocolate_drops: 
nt:flower_chrysanthemum: 
nt:flower_chuparosa: 
nt:flower_clove: 
nt:flower_clustered_broomrape: 
nt:flower_corydalis: 
nt:flower_coulters_jewelflower: 
nt:flower_crassula: 
nt:flower_disa: 
nt:flower_distant_scorpionweed: 
nt:flower_epipogium: 
nt:flower_fabaceae: 
nt:flower_fairy_lily: 
nt:flower_flower_abelia_bot: 
nt:flower_fruit_bot: 
nt:flower_fruit_top: 
nt:flower_galanthus: 
nt:flower_heliotropium: 
nt:flower_hellebore: 
nt:flower_hesperis: 
nt:flower_impatiens: 
nt:flower_isolepis: 
nt:flower_narthecium: 
nt:flower_neglected_scorpionweed: 
nt:flower_nemesia: 
nt:flower_none_bot: 
nt:flower_none_top: 
nt:flower_olive: 
nt:flower_pink_corydalis: 
nt:flower_pluchea_glutinosa: 
nt:flower_primevere: 
nt:flower_psoralea_cataracta: 
nt:flower_psoralea_macrophylla: 
nt:flower_pueraria: 
nt:flower_rhanterium: 
nt:flower_rorippa: 
nt:flower_royal_bluebell: 
nt:flower_rudbeckia_h: 
nt:flower_sagebrush: 
nt:flower_san_angelo_yucca: 
nt:flower_sandbog_death_camas: 
nt:flower_snowy_river_westringia: 
nt:flower_streblorrhiza: 
nt:flower_sumatra: 
nt:flower_thismia: 
nt:flower_trillium: 
nt:flower_veratrum: 
nt:flower_veronica: 
nt:flower_viola: 
nt:flower_weldenia_candida: 
nt:flower_wild_rice: 
nt:flower_yellowroot: 
nt:flower_zenobia: 
nt:iron_sand: 
nt:iron_sandstone: 
nt:iron_sandstone_carved: 
nt:iron_sandstone_face: 
nt:iron_sandstone_glyph: 
nt:iron_sandstone_smooth: 
nt:jacaranda_leaves: PropertyBool{name=check_decay, clazz=class java.lang.Boolean, values=[true, false]}, PropertyBool{name=decayable, clazz=class java.lang.Boolean, values=[true, false]}
nt:jacaranda_sapling: PropertyInteger{name=stage, clazz=class java.lang.Integer, values=[0, 1]}
nt:maple_leaves: PropertyBool{name=check_decay, clazz=class java.lang.Boolean, values=[true, false]}, PropertyBool{name=decayable, clazz=class java.lang.Boolean, values=[true, false]}
nt:maple_sapling: PropertyInteger{name=stage, clazz=class java.lang.Integer, values=[0, 1]}
nt:oak_leaves_red: PropertyBool{name=check_decay, clazz=class java.lang.Boolean, values=[true, false]}, PropertyBool{name=decayable, clazz=class java.lang.Boolean, values=[true, false]}
nt:oak_sapling_red: PropertyInteger{name=stage, clazz=class java.lang.Integer, values=[0, 1]}
nt:olive_leaves_green: PropertyBool{name=check_decay, clazz=class java.lang.Boolean, values=[true, false]}, PropertyBool{name=decayable, clazz=class java.lang.Boolean, values=[true, false]}
nt:olivine_sand: 
nt:olivine_sandstone: 
nt:olivine_sandstone_carved: 
nt:olivine_sandstone_face: 
nt:olivine_sandstone_glyph: 
nt:olivine_sandstone_smooth: 
nt:orange_sand: 
nt:orange_sandstone: 
nt:orange_sandstone_carved: 
nt:orange_sandstone_face: 
nt:orange_sandstone_glyph: 
nt:orange_sandstone_smooth: 
nt:orangeautumn_leaves: PropertyBool{name=check_decay, clazz=class java.lang.Boolean, values=[true, false]}, PropertyBool{name=decayable, clazz=class java.lang.Boolean, values=[true, false]}
nt:orangeautumn_sapling: PropertyInteger{name=stage, clazz=class java.lang.Integer, values=[0, 1]}
nt:orchard_leaves: PropertyBool{name=check_decay, clazz=class java.lang.Boolean, values=[true, false]}, PropertyBool{name=decayable, clazz=class java.lang.Boolean, values=[true, false]}
nt:orchard_sapling: PropertyInteger{name=stage, clazz=class java.lang.Integer, values=[0, 1]}
nt:paulownia_leaves: PropertyBool{name=check_decay, clazz=class java.lang.Boolean, values=[true, false]}, PropertyBool{name=decayable, clazz=class java.lang.Boolean, values=[true, false]}
nt:paulownia_sapling: PropertyInteger{name=stage, clazz=class java.lang.Integer, values=[0, 1]}
nt:pink_sand: 
nt:pink_sandstone: 
nt:pink_sandstone_carved: 
nt:pink_sandstone_face: 
nt:pink_sandstone_glyph: 
nt:pink_sandstone_smooth: 
nt:purple_sand: 
nt:purple_sandstone: 
nt:purple_sandstone_carved: 
nt:purple_sandstone_face: 
nt:purple_sandstone_glyph: 
nt:purple_sandstone_smooth: 
nt:red_podzol: PropertyBool{name=snowy, clazz=class java.lang.Boolean, values=[true, false]}
nt:redautumn_leaves: PropertyBool{name=check_decay, clazz=class java.lang.Boolean, values=[true, false]}, PropertyBool{name=decayable, clazz=class java.lang.Boolean, values=[true, false]}
nt:redautumn_sapling: PropertyInteger{name=stage, clazz=class java.lang.Integer, values=[0, 1]}
nt:sapling_poplar: PropertyInteger{name=stage, clazz=class java.lang.Integer, values=[0, 1]}
nt:sapling_tallspruce: PropertyInteger{name=stage, clazz=class java.lang.Integer, values=[0, 1]}
nt:shrub_sapling_acacia: PropertyInteger{name=stage, clazz=class java.lang.Integer, values=[0, 1]}
nt:shrub_sapling_birch: PropertyInteger{name=stage, clazz=class java.lang.Integer, values=[0, 1]}
nt:shrub_sapling_bluespruce: PropertyInteger{name=stage, clazz=class java.lang.Integer, values=[0, 1]}
nt:shrub_sapling_cherrypink: PropertyInteger{name=stage, clazz=class java.lang.Integer, values=[0, 1]}
nt:shrub_sapling_cherrypurple: PropertyInteger{name=stage, clazz=class java.lang.Integer, values=[0, 1]}
nt:shrub_sapling_cherrywhite: PropertyInteger{name=stage, clazz=class java.lang.Integer, values=[0, 1]}
nt:shrub_sapling_coniferorange: PropertyInteger{name=stage, clazz=class java.lang.Integer, values=[0, 1]}
nt:shrub_sapling_coniferyellow: PropertyInteger{name=stage, clazz=class java.lang.Integer, values=[0, 1]}
nt:shrub_sapling_darkoak: PropertyInteger{name=stage, clazz=class java.lang.Integer, values=[0, 1]}
nt:shrub_sapling_jacaranda: PropertyInteger{name=stage, clazz=class java.lang.Integer, values=[0, 1]}
nt:shrub_sapling_jungle: PropertyInteger{name=stage, clazz=class java.lang.Integer, values=[0, 1]}
nt:shrub_sapling_maple: PropertyInteger{name=stage, clazz=class java.lang.Integer, values=[0, 1]}
nt:shrub_sapling_oak: PropertyInteger{name=stage, clazz=class java.lang.Integer, values=[0, 1]}
nt:shrub_sapling_redoak: PropertyInteger{name=stage, clazz=class java.lang.Integer, values=[0, 1]}
nt:shrub_sapling_redspruce: PropertyInteger{name=stage, clazz=class java.lang.Integer, values=[0, 1]}
nt:shrub_sapling_spruce: PropertyInteger{name=stage, clazz=class java.lang.Integer, values=[0, 1]}
nt:spruce_leaves_blue: PropertyBool{name=check_decay, clazz=class java.lang.Boolean, values=[true, false]}, PropertyBool{name=decayable, clazz=class java.lang.Boolean, values=[true, false]}
nt:spruce_leaves_red: PropertyBool{name=check_decay, clazz=class java.lang.Boolean, values=[true, false]}, PropertyBool{name=decayable, clazz=class java.lang.Boolean, values=[true, false]}
nt:spruce_sapling_blue: PropertyInteger{name=stage, clazz=class java.lang.Integer, values=[0, 1]}
nt:spruce_sapling_red: PropertyInteger{name=stage, clazz=class java.lang.Integer, values=[0, 1]}
nt:white_sand: 
nt:white_sandstone: 
nt:white_sandstone_carved: 
nt:white_sandstone_face: 
nt:white_sandstone_glyph: 
nt:white_sandstone_smooth: 
nt:whitemyrtle_leaves: PropertyBool{name=check_decay, clazz=class java.lang.Boolean, values=[true, false]}, PropertyBool{name=decayable, clazz=class java.lang.Boolean, values=[true, false]}
nt:whitemyrtle_sapling: PropertyInteger{name=stage, clazz=class java.lang.Integer, values=[0, 1]}
nt:yellowautumn_leaves: PropertyBool{name=check_decay, clazz=class java.lang.Boolean, values=[true, false]}, PropertyBool{name=decayable, clazz=class java.lang.Boolean, values=[true, false]}
nt:yellowautumn_sapling: PropertyInteger{name=stage, clazz=class java.lang.Integer, values=[0, 1]}
oe:blue_coral: PropertyBool{name=in_water, clazz=class java.lang.Boolean, values=[true, false]}, PropertyInteger{name=level, clazz=class java.lang.Integer, values=[0, 1, 2, 3, 4, 5, 6, 7, 8, 9, 10, 11, 12, 13, 14, 15]}
oe:blue_coral_block: 
oe:blue_coral_block_dead: 
oe:blue_coral_dead: PropertyBool{name=in_water, clazz=class java.lang.Boolean, values=[true, false]}, PropertyInteger{name=level, clazz=class java.lang.Integer, values=[0, 1, 2, 3, 4, 5, 6, 7, 8, 9, 10, 11, 12, 13, 14, 15]}
oe:blue_coral_fan: PropertyDirection{name=facing, clazz=class net.minecraft.util.EnumFacing, values=[down, up, north, south, west, east]}, PropertyBool{name=in_water, clazz=class java.lang.Boolean, values=[true, false]}, PropertyInteger{name=level, clazz=class java.lang.Integer, values=[0, 1, 2, 3, 4, 5, 6, 7, 8, 9, 10, 11, 12, 13, 14, 15]}
oe:blue_coral_fan_dead: PropertyDirection{name=facing, clazz=class net.minecraft.util.EnumFacing, values=[down, up, north, south, west, east]}, PropertyBool{name=in_water, clazz=class java.lang.Boolean, values=[true, false]}, PropertyInteger{name=level, clazz=class java.lang.Integer, values=[0, 1, 2, 3, 4, 5, 6, 7, 8, 9, 10, 11, 12, 13, 14, 15]}
oe:blue_ice: 
oe:blue_slime_block: 
oe:coconut: PropertyInteger{name=age, clazz=class java.lang.Integer, values=[0, 1, 2]}, PropertyBool{name=hanging, clazz=class java.lang.Boolean, values=[true, false]}
oe:conduit: PropertyBool{name=in_water, clazz=class java.lang.Boolean, values=[true, false]}, PropertyInteger{name=level, clazz=class java.lang.Integer, values=[0, 1, 2, 3, 4, 5, 6, 7, 8, 9, 10, 11, 12, 13, 14, 15]}
oe:coquina: 
oe:coquina_brick: 
oe:coquina_brick_slab: PropertyEnum{name=half, clazz=class net.minecraft.block.BlockSlab$EnumBlockHalf, values=[top, bottom]}
oe:coquina_brick_slab_double: PropertyEnum{name=half, clazz=class net.minecraft.block.BlockSlab$EnumBlockHalf, values=[top, bottom]}
oe:coquina_brick_stairs: PropertyDirection{name=facing, clazz=class net.minecraft.util.EnumFacing, values=[north, south, west, east]}, PropertyEnum{name=half, clazz=class net.minecraft.block.BlockStairs$EnumHalf, values=[top, bottom]}, PropertyEnum{name=shape, clazz=class net.minecraft.block.BlockStairs$EnumShape, values=[straight, inner_left, inner_right, outer_left, outer_right]}
oe:coquina_brick_wall: PropertyBool{name=east, clazz=class java.lang.Boolean, values=[true, false]}, PropertyBool{name=north, clazz=class java.lang.Boolean, values=[true, false]}, PropertyBool{name=south, clazz=class java.lang.Boolean, values=[true, false]}, PropertyBool{name=up, clazz=class java.lang.Boolean, values=[true, false]}, PropertyEnum{name=variant, clazz=class net.minecraft.block.BlockWall$EnumType, values=[cobblestone, mossy_cobblestone]}, PropertyBool{name=west, clazz=class java.lang.Boolean, values=[true, false]}
oe:dried_dulse_block: PropertyBool{name=stringless, clazz=class java.lang.Boolean, values=[true, false]}
oe:dried_kelp_block: PropertyBool{name=stringless, clazz=class java.lang.Boolean, values=[true, false]}
oe:dulse: PropertyInteger{name=age, clazz=class java.lang.Integer, values=[0, 1, 2, 3, 4]}, PropertyInteger{name=level, clazz=class java.lang.Integer, values=[0, 1, 2, 3, 4, 5, 6, 7, 8, 9, 10, 11, 12, 13, 14, 15]}, PropertyBool{name=sheared, clazz=class java.lang.Boolean, values=[true, false]}
oe:guardian_spike: PropertyDirection{name=facing, clazz=class net.minecraft.util.EnumFacing, values=[down, up, north, south, west, east]}
oe:kelp: PropertyInteger{name=age, clazz=class java.lang.Integer, values=[0, 1, 2, 3, 4, 5, 6, 7, 8, 9, 10, 11, 12, 13, 14, 15]}, PropertyInteger{name=level, clazz=class java.lang.Integer, values=[0, 1, 2, 3, 4, 5, 6, 7, 8, 9, 10, 11, 12, 13, 14, 15]}, PropertyBool{name=top, clazz=class java.lang.Boolean, values=[true, false]}
oe:nacre_block: 
oe:nacre_smooth: 
oe:palm_door: PropertyDirection{name=facing, clazz=class net.minecraft.util.EnumFacing, values=[north, south, west, east]}, PropertyEnum{name=half, clazz=class net.minecraft.block.BlockDoor$EnumDoorHalf, values=[upper, lower]}, PropertyEnum{name=hinge, clazz=class net.minecraft.block.BlockDoor$EnumHingePosition, values=[left, right]}, PropertyBool{name=open, clazz=class java.lang.Boolean, values=[true, false]}, PropertyBool{name=powered, clazz=class java.lang.Boolean, values=[true, false]}
oe:palm_fence: PropertyBool{name=east, clazz=class java.lang.Boolean, values=[true, false]}, PropertyBool{name=north, clazz=class java.lang.Boolean, values=[true, false]}, PropertyBool{name=south, clazz=class java.lang.Boolean, values=[true, false]}, PropertyBool{name=west, clazz=class java.lang.Boolean, values=[true, false]}
oe:palm_fence_gate: PropertyDirection{name=facing, clazz=class net.minecraft.util.EnumFacing, values=[north, south, west, east]}, PropertyBool{name=in_wall, clazz=class java.lang.Boolean, values=[true, false]}, PropertyBool{name=open, clazz=class java.lang.Boolean, values=[true, false]}, PropertyBool{name=powered, clazz=class java.lang.Boolean, values=[true, false]}
oe:palm_leaves: PropertyBool{name=check_decay, clazz=class java.lang.Boolean, values=[true, false]}, PropertyBool{name=decayable, clazz=class java.lang.Boolean, values=[true, false]}
oe:palm_leaves_flowering: PropertyBool{name=check_decay, clazz=class java.lang.Boolean, values=[true, false]}, PropertyBool{name=decayable, clazz=class java.lang.Boolean, values=[true, false]}
oe:palm_log: PropertyEnum{name=axis, clazz=class net.minecraft.block.BlockLog$EnumAxis, values=[x, y, z, none]}
oe:palm_log_stripped: PropertyEnum{name=axis, clazz=class net.minecraft.block.BlockLog$EnumAxis, values=[x, y, z, none]}
oe:palm_planks: 
oe:palm_sapling: PropertyInteger{name=stage, clazz=class java.lang.Integer, values=[0, 1]}
oe:palm_slab: PropertyEnum{name=half, clazz=class net.minecraft.block.BlockSlab$EnumBlockHalf, values=[top, bottom]}
oe:palm_slab_double: PropertyEnum{name=half, clazz=class net.minecraft.block.BlockSlab$EnumBlockHalf, values=[top, bottom]}
oe:palm_stairs: PropertyDirection{name=facing, clazz=class net.minecraft.util.EnumFacing, values=[north, south, west, east]}, PropertyEnum{name=half, clazz=class net.minecraft.block.BlockStairs$EnumHalf, values=[top, bottom]}, PropertyEnum{name=shape, clazz=class net.minecraft.block.BlockStairs$EnumShape, values=[straight, inner_left, inner_right, outer_left, outer_right]}
oe:palm_wood: PropertyEnum{name=axis, clazz=class net.minecraft.block.BlockLog$EnumAxis, values=[x, y, z, none]}
oe:palm_wood_stripped: PropertyEnum{name=axis, clazz=class net.minecraft.block.BlockLog$EnumAxis, values=[x, y, z, none]}
oe:pickled_head: PropertyDirection{name=facing, clazz=class net.minecraft.util.EnumFacing, values=[down, up, north, south, west, east]}, PropertyBool{name=nodrop, clazz=class java.lang.Boolean, values=[true, false]}
oe:pink_coral: PropertyBool{name=in_water, clazz=class java.lang.Boolean, values=[true, false]}, PropertyInteger{name=level, clazz=class java.lang.Integer, values=[0, 1, 2, 3, 4, 5, 6, 7, 8, 9, 10, 11, 12, 13, 14, 15]}
oe:pink_coral_block: 
oe:pink_coral_block_dead: 
oe:pink_coral_dead: PropertyBool{name=in_water, clazz=class java.lang.Boolean, values=[true, false]}, PropertyInteger{name=level, clazz=class java.lang.Integer, values=[0, 1, 2, 3, 4, 5, 6, 7, 8, 9, 10, 11, 12, 13, 14, 15]}
oe:pink_coral_fan: PropertyDirection{name=facing, clazz=class net.minecraft.util.EnumFacing, values=[down, up, north, south, west, east]}, PropertyBool{name=in_water, clazz=class java.lang.Boolean, values=[true, false]}, PropertyInteger{name=level, clazz=class java.lang.Integer, values=[0, 1, 2, 3, 4, 5, 6, 7, 8, 9, 10, 11, 12, 13, 14, 15]}
oe:pink_coral_fan_dead: PropertyDirection{name=facing, clazz=class net.minecraft.util.EnumFacing, values=[down, up, north, south, west, east]}, PropertyBool{name=in_water, clazz=class java.lang.Boolean, values=[true, false]}, PropertyInteger{name=level, clazz=class java.lang.Integer, values=[0, 1, 2, 3, 4, 5, 6, 7, 8, 9, 10, 11, 12, 13, 14, 15]}
oe:prismarine_pot: PropertyEnum{name=axis, clazz=class com.sirsquidly.oe.blocks.BlockPrismarinePot$EnumAxis, values=[x, z]}, PropertyBool{name=in_water, clazz=class java.lang.Boolean, values=[true, false]}, PropertyInteger{name=level, clazz=class java.lang.Integer, values=[0, 1, 2, 3, 4, 5, 6, 7, 8, 9, 10, 11, 12, 13, 14, 15]}, PropertyBool{name=sealed, clazz=class java.lang.Boolean, values=[true, false]}
oe:purple_coral: PropertyBool{name=in_water, clazz=class java.lang.Boolean, values=[true, false]}, PropertyInteger{name=level, clazz=class java.lang.Integer, values=[0, 1, 2, 3, 4, 5, 6, 7, 8, 9, 10, 11, 12, 13, 14, 15]}
oe:purple_coral_block: 
oe:purple_coral_block_dead: 
oe:purple_coral_dead: PropertyBool{name=in_water, clazz=class java.lang.Boolean, values=[true, false]}, PropertyInteger{name=level, clazz=class java.lang.Integer, values=[0, 1, 2, 3, 4, 5, 6, 7, 8, 9, 10, 11, 12, 13, 14, 15]}
oe:purple_coral_fan: PropertyDirection{name=facing, clazz=class net.minecraft.util.EnumFacing, values=[down, up, north, south, west, east]}, PropertyBool{name=in_water, clazz=class java.lang.Boolean, values=[true, false]}, PropertyInteger{name=level, clazz=class java.lang.Integer, values=[0, 1, 2, 3, 4, 5, 6, 7, 8, 9, 10, 11, 12, 13, 14, 15]}
oe:purple_coral_fan_dead: PropertyDirection{name=facing, clazz=class net.minecraft.util.EnumFacing, values=[down, up, north, south, west, east]}, PropertyBool{name=in_water, clazz=class java.lang.Boolean, values=[true, false]}, PropertyInteger{name=level, clazz=class java.lang.Integer, values=[0, 1, 2, 3, 4, 5, 6, 7, 8, 9, 10, 11, 12, 13, 14, 15]}
oe:red_coral: PropertyBool{name=in_water, clazz=class java.lang.Boolean, values=[true, false]}, PropertyInteger{name=level, clazz=class java.lang.Integer, values=[0, 1, 2, 3, 4, 5, 6, 7, 8, 9, 10, 11, 12, 13, 14, 15]}
oe:red_coral_block: 
oe:red_coral_block_dead: 
oe:red_coral_dead: PropertyBool{name=in_water, clazz=class java.lang.Boolean, values=[true, false]}, PropertyInteger{name=level, clazz=class java.lang.Integer, values=[0, 1, 2, 3, 4, 5, 6, 7, 8, 9, 10, 11, 12, 13, 14, 15]}
oe:red_coral_fan: PropertyDirection{name=facing, clazz=class net.minecraft.util.EnumFacing, values=[down, up, north, south, west, east]}, PropertyBool{name=in_water, clazz=class java.lang.Boolean, values=[true, false]}, PropertyInteger{name=level, clazz=class java.lang.Integer, values=[0, 1, 2, 3, 4, 5, 6, 7, 8, 9, 10, 11, 12, 13, 14, 15]}
oe:red_coral_fan_dead: PropertyDirection{name=facing, clazz=class net.minecraft.util.EnumFacing, values=[down, up, north, south, west, east]}, PropertyBool{name=in_water, clazz=class java.lang.Boolean, values=[true, false]}, PropertyInteger{name=level, clazz=class java.lang.Integer, values=[0, 1, 2, 3, 4, 5, 6, 7, 8, 9, 10, 11, 12, 13, 14, 15]}
oe:sea_oats: PropertyEnum{name=half, clazz=class com.sirsquidly.oe.blocks.BlockDoubleSeaOats$EnumBlockHalf, values=[upper, lower]}, PropertyBool{name=sandy, clazz=class java.lang.Boolean, values=[true, false]}
oe:sea_pickle: PropertyInteger{name=amount, clazz=class java.lang.Integer, values=[1, 2, 3, 4]}, PropertyBool{name=in_water, clazz=class java.lang.Boolean, values=[true, false]}, PropertyInteger{name=level, clazz=class java.lang.Integer, values=[0, 1, 2, 3, 4, 5, 6, 7, 8, 9, 10, 11, 12, 13, 14, 15]}
oe:seagrass: PropertyInteger{name=level, clazz=class java.lang.Integer, values=[0, 1, 2, 3, 4, 5, 6, 7, 8, 9, 10, 11, 12, 13, 14, 15]}, PropertyInteger{name=type, clazz=class java.lang.Integer, values=[0, 1, 2]}
oe:seastar: PropertyBool{name=in_water, clazz=class java.lang.Boolean, values=[true, false]}, PropertyInteger{name=level, clazz=class java.lang.Integer, values=[0, 1, 2, 3, 4, 5, 6, 7, 8, 9, 10, 11, 12, 13, 14, 15]}
oe:shell_sand: 
oe:stagnant: PropertyBool{name=in_water, clazz=class java.lang.Boolean, values=[true, false]}, PropertyInteger{name=level, clazz=class java.lang.Integer, values=[0, 1, 2, 3, 4, 5, 6, 7, 8, 9, 10, 11, 12, 13, 14, 15]}
oe:tube_sponge: PropertyInteger{name=age, clazz=class java.lang.Integer, values=[0, 1, 2]}, PropertyInteger{name=level, clazz=class java.lang.Integer, values=[0, 1, 2, 3, 4, 5, 6, 7, 8, 9, 10, 11, 12, 13, 14, 15]}, PropertyBool{name=sheared, clazz=class java.lang.Boolean, values=[true, false]}
oe:turtle_egg: PropertyInteger{name=amount, clazz=class java.lang.Integer, values=[1, 2, 3, 4]}, PropertyInteger{name=crack, clazz=class java.lang.Integer, values=[0, 1, 2]}
oe:underwater_tnt: PropertyBool{name=unstable, clazz=class java.lang.Boolean, values=[true, false]}
oe:underwater_torch: PropertyDirection{name=facing, clazz=class net.minecraft.util.EnumFacing, values=[up, north, south, west, east]}, PropertyBool{name=in_water, clazz=class java.lang.Boolean, values=[true, false]}, PropertyInteger{name=level, clazz=class java.lang.Integer, values=[0, 1, 2, 3, 4, 5, 6, 7, 8, 9, 10, 11, 12, 13, 14, 15]}
oe:yellow_coral: PropertyBool{name=in_water, clazz=class java.lang.Boolean, values=[true, false]}, PropertyInteger{name=level, clazz=class java.lang.Integer, values=[0, 1, 2, 3, 4, 5, 6, 7, 8, 9, 10, 11, 12, 13, 14, 15]}
oe:yellow_coral_block: 
oe:yellow_coral_block_dead: 
oe:yellow_coral_dead: PropertyBool{name=in_water, clazz=class java.lang.Boolean, values=[true, false]}, PropertyInteger{name=level, clazz=class java.lang.Integer, values=[0, 1, 2, 3, 4, 5, 6, 7, 8, 9, 10, 11, 12, 13, 14, 15]}
oe:yellow_coral_fan: PropertyDirection{name=facing, clazz=class net.minecraft.util.EnumFacing, values=[down, up, north, south, west, east]}, PropertyBool{name=in_water, clazz=class java.lang.Boolean, values=[true, false]}, PropertyInteger{name=level, clazz=class java.lang.Integer, values=[0, 1, 2, 3, 4, 5, 6, 7, 8, 9, 10, 11, 12, 13, 14, 15]}
oe:yellow_coral_fan_dead: PropertyDirection{name=facing, clazz=class net.minecraft.util.EnumFacing, values=[down, up, north, south, west, east]}, PropertyBool{name=in_water, clazz=class java.lang.Boolean, values=[true, false]}, PropertyInteger{name=level, clazz=class java.lang.Integer, values=[0, 1, 2, 3, 4, 5, 6, 7, 8, 9, 10, 11, 12, 13, 14, 15]}
pirates:barrel: 
pirates:boat_sling: PropertyDirection{name=facing, clazz=class net.minecraft.util.EnumFacing, values=[north, south, west, east]}
pirates:cannon: PropertyDirection{name=facing, clazz=class net.minecraft.util.EnumFacing, values=[north, south, west, east]}
pirates:cannonball: PropertyInteger{name=balls, clazz=class java.lang.Integer, values=[0, 1, 2, 3, 4, 5, 6, 7, 8, 9, 10, 11, 12, 13]}
pirates:capstan: 
pirates:cell: 
pirates:cleat: PropertyDirection{name=facing, clazz=class net.minecraft.util.EnumFacing, values=[down, up, north, south, west, east]}
pirates:forge: PropertyDirection{name=facing, clazz=class net.minecraft.util.EnumFacing, values=[north, south, west, east]}
pirates:ghastly_bell: PropertyDirection{name=facing, clazz=class net.minecraft.util.EnumFacing, values=[north, south, west, east]}
pirates:ghastly_log: PropertyDirection{name=facing, clazz=class net.minecraft.util.EnumFacing, values=[down, up, north, south, west, east]}
pirates:ghastly_planks: 
pirates:ghastly_rail: PropertyBool{name=end, clazz=class java.lang.Boolean, values=[true, false]}, PropertyDirection{name=facing, clazz=class net.minecraft.util.EnumFacing, values=[north, south, west, east]}
pirates:ghastly_stairs: PropertyDirection{name=facing, clazz=class net.minecraft.util.EnumFacing, values=[north, south, west, east]}, PropertyEnum{name=half, clazz=class net.minecraft.block.BlockStairs$EnumHalf, values=[top, bottom]}, PropertyEnum{name=shape, clazz=class net.minecraft.block.BlockStairs$EnumShape, values=[straight, inner_left, inner_right, outer_left, outer_right]}
pirates:jib_sheet: PropertyDirection{name=facing, clazz=class net.minecraft.util.EnumFacing, values=[north, south, west, east]}, PropertyInteger{name=sail, clazz=class java.lang.Integer, values=[0, 1, 2, 3]}
pirates:light_te: 
pirates:liquor_rack: PropertyDirection{name=facing, clazz=class net.minecraft.util.EnumFacing, values=[north, south, west, east]}
pirates:pirate_chest: PropertyDirection{name=facing, clazz=class net.minecraft.util.EnumFacing, values=[north, south, west, east]}
pirates:rail: PropertyBool{name=end, clazz=class java.lang.Boolean, values=[true, false]}, PropertyDirection{name=facing, clazz=class net.minecraft.util.EnumFacing, values=[north, south, west, east]}
pirates:ratlines: PropertyBool{name=end, clazz=class java.lang.Boolean, values=[true, false]}, PropertyDirection{name=facing, clazz=class net.minecraft.util.EnumFacing, values=[north, south, west, east]}
pirates:ship_bell: PropertyDirection{name=facing, clazz=class net.minecraft.util.EnumFacing, values=[north, south, west, east]}
pirates:ship_wheel: 
pirates:square_sail: PropertyDirection{name=facing, clazz=class net.minecraft.util.EnumFacing, values=[north, south, west, east]}, PropertyBool{name=top, clazz=class java.lang.Boolean, values=[true, false]}
pvj:acacia_twigs: PropertyInteger{name=model, clazz=class java.lang.Integer, values=[0, 1, 2, 3, 4]}
pvj:adobe: 
pvj:adobe_brick: 
pvj:adobe_brick_double_slab: 
pvj:adobe_brick_slab: PropertyEnum{name=half, clazz=class net.minecraft.block.BlockSlab$EnumBlockHalf, values=[top, bottom]}
pvj:adobe_brick_stairs: PropertyDirection{name=facing, clazz=class net.minecraft.util.EnumFacing, values=[north, south, west, east]}, PropertyEnum{name=half, clazz=class net.minecraft.block.BlockStairs$EnumHalf, values=[top, bottom]}, PropertyEnum{name=shape, clazz=class net.minecraft.block.BlockStairs$EnumShape, values=[straight, inner_left, inner_right, outer_left, outer_right]}
pvj:adobe_double_slab: 
pvj:adobe_slab: PropertyEnum{name=half, clazz=class net.minecraft.block.BlockSlab$EnumBlockHalf, values=[top, bottom]}
pvj:adobe_stairs: PropertyDirection{name=facing, clazz=class net.minecraft.util.EnumFacing, values=[north, south, west, east]}, PropertyEnum{name=half, clazz=class net.minecraft.block.BlockStairs$EnumHalf, values=[top, bottom]}, PropertyEnum{name=shape, clazz=class net.minecraft.block.BlockStairs$EnumShape, values=[straight, inner_left, inner_right, outer_left, outer_right]}
pvj:andesite_rocks: PropertyInteger{name=model, clazz=class java.lang.Integer, values=[0, 1, 2, 3, 4]}
pvj:aspen_button: PropertyDirection{name=facing, clazz=class net.minecraft.util.EnumFacing, values=[down, up, north, south, west, east]}, PropertyBool{name=powered, clazz=class java.lang.Boolean, values=[true, false]}
pvj:aspen_door: PropertyDirection{name=facing, clazz=class net.minecraft.util.EnumFacing, values=[north, south, west, east]}, PropertyEnum{name=half, clazz=class net.minecraft.block.BlockDoor$EnumDoorHalf, values=[upper, lower]}, PropertyEnum{name=hinge, clazz=class net.minecraft.block.BlockDoor$EnumHingePosition, values=[left, right]}, PropertyBool{name=open, clazz=class java.lang.Boolean, values=[true, false]}, PropertyBool{name=powered, clazz=class java.lang.Boolean, values=[true, false]}
pvj:aspen_double_slab: 
pvj:aspen_fence: PropertyBool{name=east, clazz=class java.lang.Boolean, values=[true, false]}, PropertyBool{name=north, clazz=class java.lang.Boolean, values=[true, false]}, PropertyBool{name=south, clazz=class java.lang.Boolean, values=[true, false]}, PropertyBool{name=west, clazz=class java.lang.Boolean, values=[true, false]}
pvj:aspen_fence_gate: PropertyDirection{name=facing, clazz=class net.minecraft.util.EnumFacing, values=[north, south, west, east]}, PropertyBool{name=in_wall, clazz=class java.lang.Boolean, values=[true, false]}, PropertyBool{name=open, clazz=class java.lang.Boolean, values=[true, false]}, PropertyBool{name=powered, clazz=class java.lang.Boolean, values=[true, false]}
pvj:aspen_pressure_plate: PropertyBool{name=powered, clazz=class java.lang.Boolean, values=[true, false]}
pvj:aspen_slab: PropertyEnum{name=half, clazz=class net.minecraft.block.BlockSlab$EnumBlockHalf, values=[top, bottom]}
pvj:aspen_stairs: PropertyDirection{name=facing, clazz=class net.minecraft.util.EnumFacing, values=[north, south, west, east]}, PropertyEnum{name=half, clazz=class net.minecraft.block.BlockStairs$EnumHalf, values=[top, bottom]}, PropertyEnum{name=shape, clazz=class net.minecraft.block.BlockStairs$EnumShape, values=[straight, inner_left, inner_right, outer_left, outer_right]}
pvj:aspen_trapdoor: PropertyDirection{name=facing, clazz=class net.minecraft.util.EnumFacing, values=[north, south, west, east]}, PropertyEnum{name=half, clazz=class net.minecraft.block.BlockTrapDoor$DoorHalf, values=[top, bottom]}, PropertyBool{name=open, clazz=class java.lang.Boolean, values=[true, false]}
pvj:aspen_twigs: PropertyInteger{name=model, clazz=class java.lang.Integer, values=[0, 1, 2, 3, 4]}
pvj:bamboo_bop_twigs: PropertyInteger{name=model, clazz=class java.lang.Integer, values=[0, 1, 2, 3, 4]}
pvj:baobab_button: PropertyDirection{name=facing, clazz=class net.minecraft.util.EnumFacing, values=[down, up, north, south, west, east]}, PropertyBool{name=powered, clazz=class java.lang.Boolean, values=[true, false]}
pvj:baobab_door: PropertyDirection{name=facing, clazz=class net.minecraft.util.EnumFacing, values=[north, south, west, east]}, PropertyEnum{name=half, clazz=class net.minecraft.block.BlockDoor$EnumDoorHalf, values=[upper, lower]}, PropertyEnum{name=hinge, clazz=class net.minecraft.block.BlockDoor$EnumHingePosition, values=[left, right]}, PropertyBool{name=open, clazz=class java.lang.Boolean, values=[true, false]}, PropertyBool{name=powered, clazz=class java.lang.Boolean, values=[true, false]}
pvj:baobab_double_slab: 
pvj:baobab_fence: PropertyBool{name=east, clazz=class java.lang.Boolean, values=[true, false]}, PropertyBool{name=north, clazz=class java.lang.Boolean, values=[true, false]}, PropertyBool{name=south, clazz=class java.lang.Boolean, values=[true, false]}, PropertyBool{name=west, clazz=class java.lang.Boolean, values=[true, false]}
pvj:baobab_fence_gate: PropertyDirection{name=facing, clazz=class net.minecraft.util.EnumFacing, values=[north, south, west, east]}, PropertyBool{name=in_wall, clazz=class java.lang.Boolean, values=[true, false]}, PropertyBool{name=open, clazz=class java.lang.Boolean, values=[true, false]}, PropertyBool{name=powered, clazz=class java.lang.Boolean, values=[true, false]}
pvj:baobab_pressure_plate: PropertyBool{name=powered, clazz=class java.lang.Boolean, values=[true, false]}
pvj:baobab_slab: PropertyEnum{name=half, clazz=class net.minecraft.block.BlockSlab$EnumBlockHalf, values=[top, bottom]}
pvj:baobab_stairs: PropertyDirection{name=facing, clazz=class net.minecraft.util.EnumFacing, values=[north, south, west, east]}, PropertyEnum{name=half, clazz=class net.minecraft.block.BlockStairs$EnumHalf, values=[top, bottom]}, PropertyEnum{name=shape, clazz=class net.minecraft.block.BlockStairs$EnumShape, values=[straight, inner_left, inner_right, outer_left, outer_right]}
pvj:baobab_trapdoor: PropertyDirection{name=facing, clazz=class net.minecraft.util.EnumFacing, values=[north, south, west, east]}, PropertyEnum{name=half, clazz=class net.minecraft.block.BlockTrapDoor$DoorHalf, values=[top, bottom]}, PropertyBool{name=open, clazz=class java.lang.Boolean, values=[true, false]}
pvj:baobab_twigs: PropertyInteger{name=model, clazz=class java.lang.Integer, values=[0, 1, 2, 3, 4]}
pvj:basalt: 
pvj:basalt_brick: 
pvj:basalt_brick_double_slab: 
pvj:basalt_brick_slab: PropertyEnum{name=half, clazz=class net.minecraft.block.BlockSlab$EnumBlockHalf, values=[top, bottom]}
pvj:basalt_brick_stairs: PropertyDirection{name=facing, clazz=class net.minecraft.util.EnumFacing, values=[north, south, west, east]}, PropertyEnum{name=half, clazz=class net.minecraft.block.BlockStairs$EnumHalf, values=[top, bottom]}, PropertyEnum{name=shape, clazz=class net.minecraft.block.BlockStairs$EnumShape, values=[straight, inner_left, inner_right, outer_left, outer_right]}
pvj:basalt_double_slab: 
pvj:basalt_slab: PropertyEnum{name=half, clazz=class net.minecraft.block.BlockSlab$EnumBlockHalf, values=[top, bottom]}
pvj:basalt_stairs: PropertyDirection{name=facing, clazz=class net.minecraft.util.EnumFacing, values=[north, south, west, east]}, PropertyEnum{name=half, clazz=class net.minecraft.block.BlockStairs$EnumHalf, values=[top, bottom]}, PropertyEnum{name=shape, clazz=class net.minecraft.block.BlockStairs$EnumShape, values=[straight, inner_left, inner_right, outer_left, outer_right]}
pvj:beach_grass: 
pvj:birch_twigs: PropertyInteger{name=model, clazz=class java.lang.Integer, values=[0, 1, 2, 3, 4]}
pvj:bloodnettle: 
pvj:bones: PropertyInteger{name=model, clazz=class java.lang.Integer, values=[0, 1, 2, 3, 4]}
pvj:bracket_fungus: PropertyDirection{name=facing, clazz=class net.minecraft.util.EnumFacing, values=[north, south, west, east]}
pvj:brown_autumn_traverse_twigs: PropertyInteger{name=model, clazz=class java.lang.Integer, values=[0, 1, 2, 3, 4]}
pvj:cattail: PropertyEnum{name=half, clazz=class vibrantjourneys.blocks.plant.BlockCattail$EnumBlockHalf, values=[upper, lower]}
pvj:cherry_blossom_button: PropertyDirection{name=facing, clazz=class net.minecraft.util.EnumFacing, values=[down, up, north, south, west, east]}, PropertyBool{name=powered, clazz=class java.lang.Boolean, values=[true, false]}
pvj:cherry_blossom_door: PropertyDirection{name=facing, clazz=class net.minecraft.util.EnumFacing, values=[north, south, west, east]}, PropertyEnum{name=half, clazz=class net.minecraft.block.BlockDoor$EnumDoorHalf, values=[upper, lower]}, PropertyEnum{name=hinge, clazz=class net.minecraft.block.BlockDoor$EnumHingePosition, values=[left, right]}, PropertyBool{name=open, clazz=class java.lang.Boolean, values=[true, false]}, PropertyBool{name=powered, clazz=class java.lang.Boolean, values=[true, false]}
pvj:cherry_blossom_double_slab: 
pvj:cherry_blossom_fence: PropertyBool{name=east, clazz=class java.lang.Boolean, values=[true, false]}, PropertyBool{name=north, clazz=class java.lang.Boolean, values=[true, false]}, PropertyBool{name=south, clazz=class java.lang.Boolean, values=[true, false]}, PropertyBool{name=west, clazz=class java.lang.Boolean, values=[true, false]}
pvj:cherry_blossom_fence_gate: PropertyDirection{name=facing, clazz=class net.minecraft.util.EnumFacing, values=[north, south, west, east]}, PropertyBool{name=in_wall, clazz=class java.lang.Boolean, values=[true, false]}, PropertyBool{name=open, clazz=class java.lang.Boolean, values=[true, false]}, PropertyBool{name=powered, clazz=class java.lang.Boolean, values=[true, false]}
pvj:cherry_blossom_pressure_plate: PropertyBool{name=powered, clazz=class java.lang.Boolean, values=[true, false]}
pvj:cherry_blossom_slab: PropertyEnum{name=half, clazz=class net.minecraft.block.BlockSlab$EnumBlockHalf, values=[top, bottom]}
pvj:cherry_blossom_stairs: PropertyDirection{name=facing, clazz=class net.minecraft.util.EnumFacing, values=[north, south, west, east]}, PropertyEnum{name=half, clazz=class net.minecraft.block.BlockStairs$EnumHalf, values=[top, bottom]}, PropertyEnum{name=shape, clazz=class net.minecraft.block.BlockStairs$EnumShape, values=[straight, inner_left, inner_right, outer_left, outer_right]}
pvj:cherry_blossom_trapdoor: PropertyDirection{name=facing, clazz=class net.minecraft.util.EnumFacing, values=[north, south, west, east]}, PropertyEnum{name=half, clazz=class net.minecraft.block.BlockTrapDoor$DoorHalf, values=[top, bottom]}, PropertyBool{name=open, clazz=class java.lang.Boolean, values=[true, false]}
pvj:chickweed: 
pvj:clovers: 
pvj:cobblestone_brick: 
pvj:cobblestone_brick_double_slab: 
pvj:cobblestone_brick_slab: PropertyEnum{name=half, clazz=class net.minecraft.block.BlockSlab$EnumBlockHalf, values=[top, bottom]}
pvj:cobblestone_brick_stairs: PropertyDirection{name=facing, clazz=class net.minecraft.util.EnumFacing, values=[north, south, west, east]}, PropertyEnum{name=half, clazz=class net.minecraft.block.BlockStairs$EnumHalf, values=[top, bottom]}, PropertyEnum{name=shape, clazz=class net.minecraft.block.BlockStairs$EnumShape, values=[straight, inner_left, inner_right, outer_left, outer_right]}
pvj:cobblestone_brick_wall: PropertyBool{name=east, clazz=class java.lang.Boolean, values=[true, false]}, PropertyBool{name=north, clazz=class java.lang.Boolean, values=[true, false]}, PropertyBool{name=south, clazz=class java.lang.Boolean, values=[true, false]}, PropertyBool{name=up, clazz=class java.lang.Boolean, values=[true, false]}, PropertyEnum{name=variant, clazz=class net.minecraft.block.BlockWall$EnumType, values=[cobblestone, mossy_cobblestone]}, PropertyBool{name=west, clazz=class java.lang.Boolean, values=[true, false]}
pvj:cobblestone_rocks: PropertyInteger{name=model, clazz=class java.lang.Integer, values=[0, 1, 2, 3, 4]}
pvj:coconut: 
pvj:cottonwood_button: PropertyDirection{name=facing, clazz=class net.minecraft.util.EnumFacing, values=[down, up, north, south, west, east]}, PropertyBool{name=powered, clazz=class java.lang.Boolean, values=[true, false]}
pvj:cottonwood_door: PropertyDirection{name=facing, clazz=class net.minecraft.util.EnumFacing, values=[north, south, west, east]}, PropertyEnum{name=half, clazz=class net.minecraft.block.BlockDoor$EnumDoorHalf, values=[upper, lower]}, PropertyEnum{name=hinge, clazz=class net.minecraft.block.BlockDoor$EnumHingePosition, values=[left, right]}, PropertyBool{name=open, clazz=class java.lang.Boolean, values=[true, false]}, PropertyBool{name=powered, clazz=class java.lang.Boolean, values=[true, false]}
pvj:cottonwood_double_slab: 
pvj:cottonwood_fence: PropertyBool{name=east, clazz=class java.lang.Boolean, values=[true, false]}, PropertyBool{name=north, clazz=class java.lang.Boolean, values=[true, false]}, PropertyBool{name=south, clazz=class java.lang.Boolean, values=[true, false]}, PropertyBool{name=west, clazz=class java.lang.Boolean, values=[true, false]}
pvj:cottonwood_fence_gate: PropertyDirection{name=facing, clazz=class net.minecraft.util.EnumFacing, values=[north, south, west, east]}, PropertyBool{name=in_wall, clazz=class java.lang.Boolean, values=[true, false]}, PropertyBool{name=open, clazz=class java.lang.Boolean, values=[true, false]}, PropertyBool{name=powered, clazz=class java.lang.Boolean, values=[true, false]}
pvj:cottonwood_pressure_plate: PropertyBool{name=powered, clazz=class java.lang.Boolean, values=[true, false]}
pvj:cottonwood_slab: PropertyEnum{name=half, clazz=class net.minecraft.block.BlockSlab$EnumBlockHalf, values=[top, bottom]}
pvj:cottonwood_stairs: PropertyDirection{name=facing, clazz=class net.minecraft.util.EnumFacing, values=[north, south, west, east]}, PropertyEnum{name=half, clazz=class net.minecraft.block.BlockStairs$EnumHalf, values=[top, bottom]}, PropertyEnum{name=shape, clazz=class net.minecraft.block.BlockStairs$EnumShape, values=[straight, inner_left, inner_right, outer_left, outer_right]}
pvj:cottonwood_trapdoor: PropertyDirection{name=facing, clazz=class net.minecraft.util.EnumFacing, values=[north, south, west, east]}, PropertyEnum{name=half, clazz=class net.minecraft.block.BlockTrapDoor$DoorHalf, values=[top, bottom]}, PropertyBool{name=open, clazz=class java.lang.Boolean, values=[true, false]}
pvj:cottonwood_twigs: PropertyInteger{name=model, clazz=class java.lang.Integer, values=[0, 1, 2, 3, 4]}
pvj:crabgrass: 
pvj:cracked_sand: 
pvj:dark_oak_twigs: PropertyInteger{name=model, clazz=class java.lang.Integer, values=[0, 1, 2, 3, 4]}
pvj:dead_bop_twigs: PropertyInteger{name=model, clazz=class java.lang.Integer, values=[0, 1, 2, 3, 4]}
pvj:deathcap: 
pvj:diorite_rocks: PropertyInteger{name=model, clazz=class java.lang.Integer, values=[0, 1, 2, 3, 4]}
pvj:duckweed: PropertyInteger{name=model, clazz=class java.lang.Integer, values=[0, 1, 2, 3]}
pvj:ebony_bop_twigs: PropertyInteger{name=model, clazz=class java.lang.Integer, values=[0, 1, 2, 3, 4]}
pvj:ethereal_bop_twigs: PropertyInteger{name=model, clazz=class java.lang.Integer, values=[0, 1, 2, 3, 4]}
pvj:eucalyptus_bop_twigs: PropertyInteger{name=model, clazz=class java.lang.Integer, values=[0, 1, 2, 3, 4]}
pvj:fallenleaves_acacia: 
pvj:fallenleaves_aspen: 
pvj:fallenleaves_baobab: 
pvj:fallenleaves_birch: 
pvj:fallenleaves_bop_bamboo: 
pvj:fallenleaves_bop_dead: 
pvj:fallenleaves_bop_ebony: 
pvj:fallenleaves_bop_ethereal: 
pvj:fallenleaves_bop_eucalyptus: 
pvj:fallenleaves_bop_fir: 
pvj:fallenleaves_bop_flowering: 
pvj:fallenleaves_bop_hellbark: 
pvj:fallenleaves_bop_jacaranda: 
pvj:fallenleaves_bop_magic: 
pvj:fallenleaves_bop_mahogany: 
pvj:fallenleaves_bop_mangrove: 
pvj:fallenleaves_bop_maple: 
pvj:fallenleaves_bop_orange_autumn: 
pvj:fallenleaves_bop_origin: 
pvj:fallenleaves_bop_palm: 
pvj:fallenleaves_bop_pine: 
pvj:fallenleaves_bop_pink_cherry: 
pvj:fallenleaves_bop_red_big_flower: 
pvj:fallenleaves_bop_redwood: 
pvj:fallenleaves_bop_sacred_oak: 
pvj:fallenleaves_bop_umbran: 
pvj:fallenleaves_bop_white_cherry: 
pvj:fallenleaves_bop_willow: 
pvj:fallenleaves_bop_yellow_autumn: 
pvj:fallenleaves_bop_yellow_big_flower: 
pvj:fallenleaves_cottonwood: 
pvj:fallenleaves_darkoak: 
pvj:fallenleaves_dead: 
pvj:fallenleaves_fir: 
pvj:fallenleaves_jacaranda: 
pvj:fallenleaves_jungle: 
pvj:fallenleaves_juniper: 
pvj:fallenleaves_juniper_berried: 
pvj:fallenleaves_mangrove: 
pvj:fallenleaves_oak: 
pvj:fallenleaves_orange_maple: 
pvj:fallenleaves_palm: 
pvj:fallenleaves_pine: 
pvj:fallenleaves_pink_cherry_blossom: 
pvj:fallenleaves_red_maple: 
pvj:fallenleaves_redwood: 
pvj:fallenleaves_spruce: 
pvj:fallenleaves_traverse_brown_autumn: 
pvj:fallenleaves_traverse_fir: 
pvj:fallenleaves_traverse_orange_autumn: 
pvj:fallenleaves_traverse_red_autumn: 
pvj:fallenleaves_traverse_yellow_autumn: 
pvj:fallenleaves_white_cherry_blossom: 
pvj:fallenleaves_willow: 
pvj:fir_bop_twigs: PropertyInteger{name=model, clazz=class java.lang.Integer, values=[0, 1, 2, 3, 4]}
pvj:fir_button: PropertyDirection{name=facing, clazz=class net.minecraft.util.EnumFacing, values=[down, up, north, south, west, east]}, PropertyBool{name=powered, clazz=class java.lang.Boolean, values=[true, false]}
pvj:fir_door: PropertyDirection{name=facing, clazz=class net.minecraft.util.EnumFacing, values=[north, south, west, east]}, PropertyEnum{name=half, clazz=class net.minecraft.block.BlockDoor$EnumDoorHalf, values=[upper, lower]}, PropertyEnum{name=hinge, clazz=class net.minecraft.block.BlockDoor$EnumHingePosition, values=[left, right]}, PropertyBool{name=open, clazz=class java.lang.Boolean, values=[true, false]}, PropertyBool{name=powered, clazz=class java.lang.Boolean, values=[true, false]}
pvj:fir_double_slab: 
pvj:fir_fence: PropertyBool{name=east, clazz=class java.lang.Boolean, values=[true, false]}, PropertyBool{name=north, clazz=class java.lang.Boolean, values=[true, false]}, PropertyBool{name=south, clazz=class java.lang.Boolean, values=[true, false]}, PropertyBool{name=west, clazz=class java.lang.Boolean, values=[true, false]}
pvj:fir_fence_gate: PropertyDirection{name=facing, clazz=class net.minecraft.util.EnumFacing, values=[north, south, west, east]}, PropertyBool{name=in_wall, clazz=class java.lang.Boolean, values=[true, false]}, PropertyBool{name=open, clazz=class java.lang.Boolean, values=[true, false]}, PropertyBool{name=powered, clazz=class java.lang.Boolean, values=[true, false]}
pvj:fir_pressure_plate: PropertyBool{name=powered, clazz=class java.lang.Boolean, values=[true, false]}
pvj:fir_slab: PropertyEnum{name=half, clazz=class net.minecraft.block.BlockSlab$EnumBlockHalf, values=[top, bottom]}
pvj:fir_stairs: PropertyDirection{name=facing, clazz=class net.minecraft.util.EnumFacing, values=[north, south, west, east]}, PropertyEnum{name=half, clazz=class net.minecraft.block.BlockStairs$EnumHalf, values=[top, bottom]}, PropertyEnum{name=shape, clazz=class net.minecraft.block.BlockStairs$EnumShape, values=[straight, inner_left, inner_right, outer_left, outer_right]}
pvj:fir_trapdoor: PropertyDirection{name=facing, clazz=class net.minecraft.util.EnumFacing, values=[north, south, west, east]}, PropertyEnum{name=half, clazz=class net.minecraft.block.BlockTrapDoor$DoorHalf, values=[top, bottom]}, PropertyBool{name=open, clazz=class java.lang.Boolean, values=[true, false]}
pvj:fir_traverse_twigs: PropertyInteger{name=model, clazz=class java.lang.Integer, values=[0, 1, 2, 3, 4]}
pvj:fir_twigs: PropertyInteger{name=model, clazz=class java.lang.Integer, values=[0, 1, 2, 3, 4]}
pvj:flouropore: PropertyDirection{name=facing, clazz=class net.minecraft.util.EnumFacing, values=[north, south, west, east]}
pvj:flower_patch: PropertyInteger{name=model, clazz=class java.lang.Integer, values=[0, 1, 2, 3, 4]}
pvj:flowering_bop_twigs: PropertyInteger{name=model, clazz=class java.lang.Integer, values=[0, 1, 2, 3, 4]}
pvj:frogbit: PropertyInteger{name=model, clazz=class java.lang.Integer, values=[0, 1, 2, 3]}
pvj:frost_lotus: 
pvj:glowcap: 
pvj:granite_rocks: PropertyInteger{name=model, clazz=class java.lang.Integer, values=[0, 1, 2, 3, 4]}
pvj:hellbark_bop_twigs: PropertyInteger{name=model, clazz=class java.lang.Integer, values=[0, 1, 2, 3, 4]}
pvj:ice_formation: PropertyInteger{name=size, clazz=class java.lang.Integer, values=[0, 1, 2]}
pvj:jacaranda_bop_twigs: PropertyInteger{name=model, clazz=class java.lang.Integer, values=[0, 1, 2, 3, 4]}
pvj:jacaranda_button: PropertyDirection{name=facing, clazz=class net.minecraft.util.EnumFacing, values=[down, up, north, south, west, east]}, PropertyBool{name=powered, clazz=class java.lang.Boolean, values=[true, false]}
pvj:jacaranda_door: PropertyDirection{name=facing, clazz=class net.minecraft.util.EnumFacing, values=[north, south, west, east]}, PropertyEnum{name=half, clazz=class net.minecraft.block.BlockDoor$EnumDoorHalf, values=[upper, lower]}, PropertyEnum{name=hinge, clazz=class net.minecraft.block.BlockDoor$EnumHingePosition, values=[left, right]}, PropertyBool{name=open, clazz=class java.lang.Boolean, values=[true, false]}, PropertyBool{name=powered, clazz=class java.lang.Boolean, values=[true, false]}
pvj:jacaranda_double_slab: 
pvj:jacaranda_fence: PropertyBool{name=east, clazz=class java.lang.Boolean, values=[true, false]}, PropertyBool{name=north, clazz=class java.lang.Boolean, values=[true, false]}, PropertyBool{name=south, clazz=class java.lang.Boolean, values=[true, false]}, PropertyBool{name=west, clazz=class java.lang.Boolean, values=[true, false]}
pvj:jacaranda_fence_gate: PropertyDirection{name=facing, clazz=class net.minecraft.util.EnumFacing, values=[north, south, west, east]}, PropertyBool{name=in_wall, clazz=class java.lang.Boolean, values=[true, false]}, PropertyBool{name=open, clazz=class java.lang.Boolean, values=[true, false]}, PropertyBool{name=powered, clazz=class java.lang.Boolean, values=[true, false]}
pvj:jacaranda_pressure_plate: PropertyBool{name=powered, clazz=class java.lang.Boolean, values=[true, false]}
pvj:jacaranda_slab: PropertyEnum{name=half, clazz=class net.minecraft.block.BlockSlab$EnumBlockHalf, values=[top, bottom]}
pvj:jacaranda_stairs: PropertyDirection{name=facing, clazz=class net.minecraft.util.EnumFacing, values=[north, south, west, east]}, PropertyEnum{name=half, clazz=class net.minecraft.block.BlockStairs$EnumHalf, values=[top, bottom]}, PropertyEnum{name=shape, clazz=class net.minecraft.block.BlockStairs$EnumShape, values=[straight, inner_left, inner_right, outer_left, outer_right]}
pvj:jacaranda_trapdoor: PropertyDirection{name=facing, clazz=class net.minecraft.util.EnumFacing, values=[north, south, west, east]}, PropertyEnum{name=half, clazz=class net.minecraft.block.BlockTrapDoor$DoorHalf, values=[top, bottom]}, PropertyBool{name=open, clazz=class java.lang.Boolean, values=[true, false]}
pvj:jacaranda_twigs: PropertyInteger{name=model, clazz=class java.lang.Integer, values=[0, 1, 2, 3, 4]}
pvj:jungle_twigs: PropertyInteger{name=model, clazz=class java.lang.Integer, values=[0, 1, 2, 3, 4]}
pvj:juniper_berried_twigs: PropertyInteger{name=model, clazz=class java.lang.Integer, values=[0, 1, 2, 3, 4]}
pvj:juniper_button: PropertyDirection{name=facing, clazz=class net.minecraft.util.EnumFacing, values=[down, up, north, south, west, east]}, PropertyBool{name=powered, clazz=class java.lang.Boolean, values=[true, false]}
pvj:juniper_door: PropertyDirection{name=facing, clazz=class net.minecraft.util.EnumFacing, values=[north, south, west, east]}, PropertyEnum{name=half, clazz=class net.minecraft.block.BlockDoor$EnumDoorHalf, values=[upper, lower]}, PropertyEnum{name=hinge, clazz=class net.minecraft.block.BlockDoor$EnumHingePosition, values=[left, right]}, PropertyBool{name=open, clazz=class java.lang.Boolean, values=[true, false]}, PropertyBool{name=powered, clazz=class java.lang.Boolean, values=[true, false]}
pvj:juniper_double_slab: 
pvj:juniper_fence: PropertyBool{name=east, clazz=class java.lang.Boolean, values=[true, false]}, PropertyBool{name=north, clazz=class java.lang.Boolean, values=[true, false]}, PropertyBool{name=south, clazz=class java.lang.Boolean, values=[true, false]}, PropertyBool{name=west, clazz=class java.lang.Boolean, values=[true, false]}
pvj:juniper_fence_gate: PropertyDirection{name=facing, clazz=class net.minecraft.util.EnumFacing, values=[north, south, west, east]}, PropertyBool{name=in_wall, clazz=class java.lang.Boolean, values=[true, false]}, PropertyBool{name=open, clazz=class java.lang.Boolean, values=[true, false]}, PropertyBool{name=powered, clazz=class java.lang.Boolean, values=[true, false]}
pvj:juniper_pressure_plate: PropertyBool{name=powered, clazz=class java.lang.Boolean, values=[true, false]}
pvj:juniper_slab: PropertyEnum{name=half, clazz=class net.minecraft.block.BlockSlab$EnumBlockHalf, values=[top, bottom]}
pvj:juniper_stairs: PropertyDirection{name=facing, clazz=class net.minecraft.util.EnumFacing, values=[north, south, west, east]}, PropertyEnum{name=half, clazz=class net.minecraft.block.BlockStairs$EnumHalf, values=[top, bottom]}, PropertyEnum{name=shape, clazz=class net.minecraft.block.BlockStairs$EnumShape, values=[straight, inner_left, inner_right, outer_left, outer_right]}
pvj:juniper_trapdoor: PropertyDirection{name=facing, clazz=class net.minecraft.util.EnumFacing, values=[north, south, west, east]}, PropertyEnum{name=half, clazz=class net.minecraft.block.BlockTrapDoor$DoorHalf, values=[top, bottom]}, PropertyBool{name=open, clazz=class java.lang.Boolean, values=[true, false]}
pvj:juniper_twigs: PropertyInteger{name=model, clazz=class java.lang.Integer, values=[0, 1, 2, 3, 4]}
pvj:leaves_aspen: PropertyBool{name=check_decay, clazz=class java.lang.Boolean, values=[true, false]}, PropertyBool{name=decayable, clazz=class java.lang.Boolean, values=[true, false]}
pvj:leaves_baobab: PropertyBool{name=check_decay, clazz=class java.lang.Boolean, values=[true, false]}, PropertyBool{name=decayable, clazz=class java.lang.Boolean, values=[true, false]}
pvj:leaves_cottonwood: PropertyBool{name=check_decay, clazz=class java.lang.Boolean, values=[true, false]}, PropertyBool{name=decayable, clazz=class java.lang.Boolean, values=[true, false]}
pvj:leaves_fir: PropertyBool{name=check_decay, clazz=class java.lang.Boolean, values=[true, false]}, PropertyBool{name=decayable, clazz=class java.lang.Boolean, values=[true, false]}
pvj:leaves_jacaranda: PropertyBool{name=check_decay, clazz=class java.lang.Boolean, values=[true, false]}, PropertyBool{name=decayable, clazz=class java.lang.Boolean, values=[true, false]}
pvj:leaves_juniper: PropertyBool{name=check_decay, clazz=class java.lang.Boolean, values=[true, false]}, PropertyBool{name=decayable, clazz=class java.lang.Boolean, values=[true, false]}
pvj:leaves_juniper_berried: PropertyBool{name=check_decay, clazz=class java.lang.Boolean, values=[true, false]}, PropertyBool{name=decayable, clazz=class java.lang.Boolean, values=[true, false]}
pvj:leaves_mangrove: PropertyBool{name=check_decay, clazz=class java.lang.Boolean, values=[true, false]}, PropertyBool{name=decayable, clazz=class java.lang.Boolean, values=[true, false]}
pvj:leaves_orange_maple: PropertyBool{name=check_decay, clazz=class java.lang.Boolean, values=[true, false]}, PropertyBool{name=decayable, clazz=class java.lang.Boolean, values=[true, false]}
pvj:leaves_palm: PropertyBool{name=check_decay, clazz=class java.lang.Boolean, values=[true, false]}, PropertyBool{name=decayable, clazz=class java.lang.Boolean, values=[true, false]}
pvj:leaves_pine: PropertyBool{name=check_decay, clazz=class java.lang.Boolean, values=[true, false]}, PropertyBool{name=decayable, clazz=class java.lang.Boolean, values=[true, false]}
pvj:leaves_pink_cherry_blossom: PropertyBool{name=check_decay, clazz=class java.lang.Boolean, values=[true, false]}, PropertyBool{name=decayable, clazz=class java.lang.Boolean, values=[true, false]}
pvj:leaves_red_maple: PropertyBool{name=check_decay, clazz=class java.lang.Boolean, values=[true, false]}, PropertyBool{name=decayable, clazz=class java.lang.Boolean, values=[true, false]}
pvj:leaves_redwood: PropertyBool{name=check_decay, clazz=class java.lang.Boolean, values=[true, false]}, PropertyBool{name=decayable, clazz=class java.lang.Boolean, values=[true, false]}
pvj:leaves_white_cherry_blossom: PropertyBool{name=check_decay, clazz=class java.lang.Boolean, values=[true, false]}, PropertyBool{name=decayable, clazz=class java.lang.Boolean, values=[true, false]}
pvj:leaves_willow: PropertyBool{name=check_decay, clazz=class java.lang.Boolean, values=[true, false]}, PropertyBool{name=decayable, clazz=class java.lang.Boolean, values=[true, false]}
pvj:limestone: 
pvj:limestone_double_slab: 
pvj:limestone_slab: PropertyEnum{name=half, clazz=class net.minecraft.block.BlockSlab$EnumBlockHalf, values=[top, bottom]}
pvj:limestone_stairs: PropertyDirection{name=facing, clazz=class net.minecraft.util.EnumFacing, values=[north, south, west, east]}, PropertyEnum{name=half, clazz=class net.minecraft.block.BlockStairs$EnumHalf, values=[top, bottom]}, PropertyEnum{name=shape, clazz=class net.minecraft.block.BlockStairs$EnumShape, values=[straight, inner_left, inner_right, outer_left, outer_right]}
pvj:log_aspen: PropertyEnum{name=axis, clazz=class net.minecraft.block.BlockLog$EnumAxis, values=[x, y, z, none]}
pvj:log_baobab: PropertyEnum{name=axis, clazz=class net.minecraft.block.BlockLog$EnumAxis, values=[x, y, z, none]}
pvj:log_cherry_blossom: PropertyEnum{name=axis, clazz=class net.minecraft.block.BlockLog$EnumAxis, values=[x, y, z, none]}
pvj:log_cottonwood: PropertyEnum{name=axis, clazz=class net.minecraft.block.BlockLog$EnumAxis, values=[x, y, z, none]}
pvj:log_fir: PropertyEnum{name=axis, clazz=class net.minecraft.block.BlockLog$EnumAxis, values=[x, y, z, none]}
pvj:log_jacaranda: PropertyEnum{name=axis, clazz=class net.minecraft.block.BlockLog$EnumAxis, values=[x, y, z, none]}
pvj:log_juniper: PropertyEnum{name=axis, clazz=class net.minecraft.block.BlockLog$EnumAxis, values=[x, y, z, none]}
pvj:log_mangrove: PropertyEnum{name=axis, clazz=class net.minecraft.block.BlockLog$EnumAxis, values=[x, y, z, none]}
pvj:log_maple: PropertyEnum{name=axis, clazz=class net.minecraft.block.BlockLog$EnumAxis, values=[x, y, z, none]}
pvj:log_palm: PropertyEnum{name=axis, clazz=class net.minecraft.block.BlockLog$EnumAxis, values=[x, y, z, none]}
pvj:log_pine: PropertyEnum{name=axis, clazz=class net.minecraft.block.BlockLog$EnumAxis, values=[x, y, z, none]}
pvj:log_redwood: PropertyEnum{name=axis, clazz=class net.minecraft.block.BlockLog$EnumAxis, values=[x, y, z, none]}
pvj:log_willow: PropertyEnum{name=axis, clazz=class net.minecraft.block.BlockLog$EnumAxis, values=[x, y, z, none]}
pvj:magic_bop_twigs: PropertyInteger{name=model, clazz=class java.lang.Integer, values=[0, 1, 2, 3, 4]}
pvj:mahogany_bop_twigs: PropertyInteger{name=model, clazz=class java.lang.Integer, values=[0, 1, 2, 3, 4]}
pvj:mangrove_bop_twigs: PropertyInteger{name=model, clazz=class java.lang.Integer, values=[0, 1, 2, 3, 4]}
pvj:mangrove_button: PropertyDirection{name=facing, clazz=class net.minecraft.util.EnumFacing, values=[down, up, north, south, west, east]}, PropertyBool{name=powered, clazz=class java.lang.Boolean, values=[true, false]}
pvj:mangrove_door: PropertyDirection{name=facing, clazz=class net.minecraft.util.EnumFacing, values=[north, south, west, east]}, PropertyEnum{name=half, clazz=class net.minecraft.block.BlockDoor$EnumDoorHalf, values=[upper, lower]}, PropertyEnum{name=hinge, clazz=class net.minecraft.block.BlockDoor$EnumHingePosition, values=[left, right]}, PropertyBool{name=open, clazz=class java.lang.Boolean, values=[true, false]}, PropertyBool{name=powered, clazz=class java.lang.Boolean, values=[true, false]}
pvj:mangrove_double_slab: 
pvj:mangrove_fence: PropertyBool{name=east, clazz=class java.lang.Boolean, values=[true, false]}, PropertyBool{name=north, clazz=class java.lang.Boolean, values=[true, false]}, PropertyBool{name=south, clazz=class java.lang.Boolean, values=[true, false]}, PropertyBool{name=west, clazz=class java.lang.Boolean, values=[true, false]}
pvj:mangrove_fence_gate: PropertyDirection{name=facing, clazz=class net.minecraft.util.EnumFacing, values=[north, south, west, east]}, PropertyBool{name=in_wall, clazz=class java.lang.Boolean, values=[true, false]}, PropertyBool{name=open, clazz=class java.lang.Boolean, values=[true, false]}, PropertyBool{name=powered, clazz=class java.lang.Boolean, values=[true, false]}
pvj:mangrove_pressure_plate: PropertyBool{name=powered, clazz=class java.lang.Boolean, values=[true, false]}
pvj:mangrove_slab: PropertyEnum{name=half, clazz=class net.minecraft.block.BlockSlab$EnumBlockHalf, values=[top, bottom]}
pvj:mangrove_stairs: PropertyDirection{name=facing, clazz=class net.minecraft.util.EnumFacing, values=[north, south, west, east]}, PropertyEnum{name=half, clazz=class net.minecraft.block.BlockStairs$EnumHalf, values=[top, bottom]}, PropertyEnum{name=shape, clazz=class net.minecraft.block.BlockStairs$EnumShape, values=[straight, inner_left, inner_right, outer_left, outer_right]}
pvj:mangrove_trapdoor: PropertyDirection{name=facing, clazz=class net.minecraft.util.EnumFacing, values=[north, south, west, east]}, PropertyEnum{name=half, clazz=class net.minecraft.block.BlockTrapDoor$DoorHalf, values=[top, bottom]}, PropertyBool{name=open, clazz=class java.lang.Boolean, values=[true, false]}
pvj:mangrove_twigs: PropertyInteger{name=model, clazz=class java.lang.Integer, values=[0, 1, 2, 3, 4]}
pvj:maple_bop_twigs: PropertyInteger{name=model, clazz=class java.lang.Integer, values=[0, 1, 2, 3, 4]}
pvj:maple_button: PropertyDirection{name=facing, clazz=class net.minecraft.util.EnumFacing, values=[down, up, north, south, west, east]}, PropertyBool{name=powered, clazz=class java.lang.Boolean, values=[true, false]}
pvj:maple_door: PropertyDirection{name=facing, clazz=class net.minecraft.util.EnumFacing, values=[north, south, west, east]}, PropertyEnum{name=half, clazz=class net.minecraft.block.BlockDoor$EnumDoorHalf, values=[upper, lower]}, PropertyEnum{name=hinge, clazz=class net.minecraft.block.BlockDoor$EnumHingePosition, values=[left, right]}, PropertyBool{name=open, clazz=class java.lang.Boolean, values=[true, false]}, PropertyBool{name=powered, clazz=class java.lang.Boolean, values=[true, false]}
pvj:maple_double_slab: 
pvj:maple_fence: PropertyBool{name=east, clazz=class java.lang.Boolean, values=[true, false]}, PropertyBool{name=north, clazz=class java.lang.Boolean, values=[true, false]}, PropertyBool{name=south, clazz=class java.lang.Boolean, values=[true, false]}, PropertyBool{name=west, clazz=class java.lang.Boolean, values=[true, false]}
pvj:maple_fence_gate: PropertyDirection{name=facing, clazz=class net.minecraft.util.EnumFacing, values=[north, south, west, east]}, PropertyBool{name=in_wall, clazz=class java.lang.Boolean, values=[true, false]}, PropertyBool{name=open, clazz=class java.lang.Boolean, values=[true, false]}, PropertyBool{name=powered, clazz=class java.lang.Boolean, values=[true, false]}
pvj:maple_pressure_plate: PropertyBool{name=powered, clazz=class java.lang.Boolean, values=[true, false]}
pvj:maple_slab: PropertyEnum{name=half, clazz=class net.minecraft.block.BlockSlab$EnumBlockHalf, values=[top, bottom]}
pvj:maple_stairs: PropertyDirection{name=facing, clazz=class net.minecraft.util.EnumFacing, values=[north, south, west, east]}, PropertyEnum{name=half, clazz=class net.minecraft.block.BlockStairs$EnumHalf, values=[top, bottom]}, PropertyEnum{name=shape, clazz=class net.minecraft.block.BlockStairs$EnumShape, values=[straight, inner_left, inner_right, outer_left, outer_right]}
pvj:maple_trapdoor: PropertyDirection{name=facing, clazz=class net.minecraft.util.EnumFacing, values=[north, south, west, east]}, PropertyEnum{name=half, clazz=class net.minecraft.block.BlockTrapDoor$DoorHalf, values=[top, bottom]}, PropertyBool{name=open, clazz=class java.lang.Boolean, values=[true, false]}
pvj:marble: 
pvj:marble_brick: 
pvj:marble_brick_double_slab: 
pvj:marble_brick_slab: PropertyEnum{name=half, clazz=class net.minecraft.block.BlockSlab$EnumBlockHalf, values=[top, bottom]}
pvj:marble_brick_stairs: PropertyDirection{name=facing, clazz=class net.minecraft.util.EnumFacing, values=[north, south, west, east]}, PropertyEnum{name=half, clazz=class net.minecraft.block.BlockStairs$EnumHalf, values=[top, bottom]}, PropertyEnum{name=shape, clazz=class net.minecraft.block.BlockStairs$EnumShape, values=[straight, inner_left, inner_right, outer_left, outer_right]}
pvj:marble_double_slab: 
pvj:marble_slab: PropertyEnum{name=half, clazz=class net.minecraft.block.BlockSlab$EnumBlockHalf, values=[top, bottom]}
pvj:marble_stairs: PropertyDirection{name=facing, clazz=class net.minecraft.util.EnumFacing, values=[north, south, west, east]}, PropertyEnum{name=half, clazz=class net.minecraft.block.BlockStairs$EnumHalf, values=[top, bottom]}, PropertyEnum{name=shape, clazz=class net.minecraft.block.BlockStairs$EnumShape, values=[straight, inner_left, inner_right, outer_left, outer_right]}
pvj:mossy_cobblestone_rocks: PropertyInteger{name=model, clazz=class java.lang.Integer, values=[0, 1, 2, 3, 4]}
pvj:mud: 
pvj:mystical_grill: PropertyBool{name=is_cooking, clazz=class java.lang.Boolean, values=[true, false]}
pvj:oak_twigs: PropertyInteger{name=model, clazz=class java.lang.Integer, values=[0, 1, 2, 3, 4]}
pvj:orange_autumn_bop_twigs: PropertyInteger{name=model, clazz=class java.lang.Integer, values=[0, 1, 2, 3, 4]}
pvj:orange_autumn_traverse_twigs: PropertyInteger{name=model, clazz=class java.lang.Integer, values=[0, 1, 2, 3, 4]}
pvj:orange_maple_twigs: PropertyInteger{name=model, clazz=class java.lang.Integer, values=[0, 1, 2, 3, 4]}
pvj:orange_mushroom: 
pvj:origin_bop_twigs: PropertyInteger{name=model, clazz=class java.lang.Integer, values=[0, 1, 2, 3, 4]}
pvj:palm_bop_twigs: PropertyInteger{name=model, clazz=class java.lang.Integer, values=[0, 1, 2, 3, 4]}
pvj:palm_button: PropertyDirection{name=facing, clazz=class net.minecraft.util.EnumFacing, values=[down, up, north, south, west, east]}, PropertyBool{name=powered, clazz=class java.lang.Boolean, values=[true, false]}
pvj:palm_door: PropertyDirection{name=facing, clazz=class net.minecraft.util.EnumFacing, values=[north, south, west, east]}, PropertyEnum{name=half, clazz=class net.minecraft.block.BlockDoor$EnumDoorHalf, values=[upper, lower]}, PropertyEnum{name=hinge, clazz=class net.minecraft.block.BlockDoor$EnumHingePosition, values=[left, right]}, PropertyBool{name=open, clazz=class java.lang.Boolean, values=[true, false]}, PropertyBool{name=powered, clazz=class java.lang.Boolean, values=[true, false]}
pvj:palm_double_slab: 
pvj:palm_fence: PropertyBool{name=east, clazz=class java.lang.Boolean, values=[true, false]}, PropertyBool{name=north, clazz=class java.lang.Boolean, values=[true, false]}, PropertyBool{name=south, clazz=class java.lang.Boolean, values=[true, false]}, PropertyBool{name=west, clazz=class java.lang.Boolean, values=[true, false]}
pvj:palm_fence_gate: PropertyDirection{name=facing, clazz=class net.minecraft.util.EnumFacing, values=[north, south, west, east]}, PropertyBool{name=in_wall, clazz=class java.lang.Boolean, values=[true, false]}, PropertyBool{name=open, clazz=class java.lang.Boolean, values=[true, false]}, PropertyBool{name=powered, clazz=class java.lang.Boolean, values=[true, false]}
pvj:palm_pressure_plate: PropertyBool{name=powered, clazz=class java.lang.Boolean, values=[true, false]}
pvj:palm_slab: PropertyEnum{name=half, clazz=class net.minecraft.block.BlockSlab$EnumBlockHalf, values=[top, bottom]}
pvj:palm_stairs: PropertyDirection{name=facing, clazz=class net.minecraft.util.EnumFacing, values=[north, south, west, east]}, PropertyEnum{name=half, clazz=class net.minecraft.block.BlockStairs$EnumHalf, values=[top, bottom]}, PropertyEnum{name=shape, clazz=class net.minecraft.block.BlockStairs$EnumShape, values=[straight, inner_left, inner_right, outer_left, outer_right]}
pvj:palm_trapdoor: PropertyDirection{name=facing, clazz=class net.minecraft.util.EnumFacing, values=[north, south, west, east]}, PropertyEnum{name=half, clazz=class net.minecraft.block.BlockTrapDoor$DoorHalf, values=[top, bottom]}, PropertyBool{name=open, clazz=class java.lang.Boolean, values=[true, false]}
pvj:palm_twigs: PropertyInteger{name=model, clazz=class java.lang.Integer, values=[0, 1, 2, 3, 4]}
pvj:pine_bop_twigs: PropertyInteger{name=model, clazz=class java.lang.Integer, values=[0, 1, 2, 3, 4]}
pvj:pine_button: PropertyDirection{name=facing, clazz=class net.minecraft.util.EnumFacing, values=[down, up, north, south, west, east]}, PropertyBool{name=powered, clazz=class java.lang.Boolean, values=[true, false]}
pvj:pine_door: PropertyDirection{name=facing, clazz=class net.minecraft.util.EnumFacing, values=[north, south, west, east]}, PropertyEnum{name=half, clazz=class net.minecraft.block.BlockDoor$EnumDoorHalf, values=[upper, lower]}, PropertyEnum{name=hinge, clazz=class net.minecraft.block.BlockDoor$EnumHingePosition, values=[left, right]}, PropertyBool{name=open, clazz=class java.lang.Boolean, values=[true, false]}, PropertyBool{name=powered, clazz=class java.lang.Boolean, values=[true, false]}
pvj:pine_double_slab: 
pvj:pine_fence: PropertyBool{name=east, clazz=class java.lang.Boolean, values=[true, false]}, PropertyBool{name=north, clazz=class java.lang.Boolean, values=[true, false]}, PropertyBool{name=south, clazz=class java.lang.Boolean, values=[true, false]}, PropertyBool{name=west, clazz=class java.lang.Boolean, values=[true, false]}
pvj:pine_fence_gate: PropertyDirection{name=facing, clazz=class net.minecraft.util.EnumFacing, values=[north, south, west, east]}, PropertyBool{name=in_wall, clazz=class java.lang.Boolean, values=[true, false]}, PropertyBool{name=open, clazz=class java.lang.Boolean, values=[true, false]}, PropertyBool{name=powered, clazz=class java.lang.Boolean, values=[true, false]}
pvj:pine_pressure_plate: PropertyBool{name=powered, clazz=class java.lang.Boolean, values=[true, false]}
pvj:pine_slab: PropertyEnum{name=half, clazz=class net.minecraft.block.BlockSlab$EnumBlockHalf, values=[top, bottom]}
pvj:pine_stairs: PropertyDirection{name=facing, clazz=class net.minecraft.util.EnumFacing, values=[north, south, west, east]}, PropertyEnum{name=half, clazz=class net.minecraft.block.BlockStairs$EnumHalf, values=[top, bottom]}, PropertyEnum{name=shape, clazz=class net.minecraft.block.BlockStairs$EnumShape, values=[straight, inner_left, inner_right, outer_left, outer_right]}
pvj:pine_trapdoor: PropertyDirection{name=facing, clazz=class net.minecraft.util.EnumFacing, values=[north, south, west, east]}, PropertyEnum{name=half, clazz=class net.minecraft.block.BlockTrapDoor$DoorHalf, values=[top, bottom]}, PropertyBool{name=open, clazz=class java.lang.Boolean, values=[true, false]}
pvj:pine_twigs: PropertyInteger{name=model, clazz=class java.lang.Integer, values=[0, 1, 2, 3, 4]}
pvj:pinecones: PropertyInteger{name=model, clazz=class java.lang.Integer, values=[0, 1, 2, 3, 4]}
pvj:pink_cherry_blossom_twigs: PropertyInteger{name=model, clazz=class java.lang.Integer, values=[0, 1, 2, 3, 4]}
pvj:pink_cherry_bop_twigs: PropertyInteger{name=model, clazz=class java.lang.Integer, values=[0, 1, 2, 3, 4]}
pvj:planks_aspen: 
pvj:planks_baobab: 
pvj:planks_cherry_blossom: 
pvj:planks_cottonwood: 
pvj:planks_fir: 
pvj:planks_jacaranda: 
pvj:planks_juniper: 
pvj:planks_mangrove: 
pvj:planks_maple: 
pvj:planks_palm: 
pvj:planks_pine: 
pvj:planks_redwood: 
pvj:planks_willow: 
pvj:pvj_cobweb: 
pvj:red_autumn_traverse_twigs: PropertyInteger{name=model, clazz=class java.lang.Integer, values=[0, 1, 2, 3, 4]}
pvj:red_big_flower_bop_twigs: PropertyInteger{name=model, clazz=class java.lang.Integer, values=[0, 1, 2, 3, 4]}
pvj:red_cracked_sand: 
pvj:red_maple_twigs: PropertyInteger{name=model, clazz=class java.lang.Integer, values=[0, 1, 2, 3, 4]}
pvj:red_sandstone_rocks: PropertyInteger{name=model, clazz=class java.lang.Integer, values=[0, 1, 2, 3, 4]}
pvj:redwood_bark: 
pvj:redwood_bop_twigs: PropertyInteger{name=model, clazz=class java.lang.Integer, values=[0, 1, 2, 3, 4]}
pvj:redwood_button: PropertyDirection{name=facing, clazz=class net.minecraft.util.EnumFacing, values=[down, up, north, south, west, east]}, PropertyBool{name=powered, clazz=class java.lang.Boolean, values=[true, false]}
pvj:redwood_door: PropertyDirection{name=facing, clazz=class net.minecraft.util.EnumFacing, values=[north, south, west, east]}, PropertyEnum{name=half, clazz=class net.minecraft.block.BlockDoor$EnumDoorHalf, values=[upper, lower]}, PropertyEnum{name=hinge, clazz=class net.minecraft.block.BlockDoor$EnumHingePosition, values=[left, right]}, PropertyBool{name=open, clazz=class java.lang.Boolean, values=[true, false]}, PropertyBool{name=powered, clazz=class java.lang.Boolean, values=[true, false]}
pvj:redwood_double_slab: 
pvj:redwood_fence: PropertyBool{name=east, clazz=class java.lang.Boolean, values=[true, false]}, PropertyBool{name=north, clazz=class java.lang.Boolean, values=[true, false]}, PropertyBool{name=south, clazz=class java.lang.Boolean, values=[true, false]}, PropertyBool{name=west, clazz=class java.lang.Boolean, values=[true, false]}
pvj:redwood_fence_gate: PropertyDirection{name=facing, clazz=class net.minecraft.util.EnumFacing, values=[north, south, west, east]}, PropertyBool{name=in_wall, clazz=class java.lang.Boolean, values=[true, false]}, PropertyBool{name=open, clazz=class java.lang.Boolean, values=[true, false]}, PropertyBool{name=powered, clazz=class java.lang.Boolean, values=[true, false]}
pvj:redwood_pressure_plate: PropertyBool{name=powered, clazz=class java.lang.Boolean, values=[true, false]}
pvj:redwood_slab: PropertyEnum{name=half, clazz=class net.minecraft.block.BlockSlab$EnumBlockHalf, values=[top, bottom]}
pvj:redwood_stairs: PropertyDirection{name=facing, clazz=class net.minecraft.util.EnumFacing, values=[north, south, west, east]}, PropertyEnum{name=half, clazz=class net.minecraft.block.BlockStairs$EnumHalf, values=[top, bottom]}, PropertyEnum{name=shape, clazz=class net.minecraft.block.BlockStairs$EnumShape, values=[straight, inner_left, inner_right, outer_left, outer_right]}
pvj:redwood_trapdoor: PropertyDirection{name=facing, clazz=class net.minecraft.util.EnumFacing, values=[north, south, west, east]}, PropertyEnum{name=half, clazz=class net.minecraft.block.BlockTrapDoor$DoorHalf, values=[top, bottom]}, PropertyBool{name=open, clazz=class java.lang.Boolean, values=[true, false]}
pvj:redwood_twigs: PropertyInteger{name=model, clazz=class java.lang.Integer, values=[0, 1, 2, 3, 4]}
pvj:rock_formation: PropertyInteger{name=size, clazz=class java.lang.Integer, values=[0, 1, 2]}
pvj:sacred_oak_bop_twigs: PropertyInteger{name=model, clazz=class java.lang.Integer, values=[0, 1, 2, 3, 4]}
pvj:sandstone_rocks: PropertyInteger{name=model, clazz=class java.lang.Integer, values=[0, 1, 2, 3, 4]}
pvj:sapling_aspen: PropertyInteger{name=stage, clazz=class java.lang.Integer, values=[0, 1]}
pvj:sapling_baobab: PropertyInteger{name=stage, clazz=class java.lang.Integer, values=[0, 1]}
pvj:sapling_cottonwood: PropertyInteger{name=stage, clazz=class java.lang.Integer, values=[0, 1]}
pvj:sapling_fir: PropertyInteger{name=stage, clazz=class java.lang.Integer, values=[0, 1]}
pvj:sapling_jacaranda: PropertyInteger{name=stage, clazz=class java.lang.Integer, values=[0, 1]}
pvj:sapling_juniper: PropertyInteger{name=stage, clazz=class java.lang.Integer, values=[0, 1]}
pvj:sapling_juniper_berried: PropertyInteger{name=stage, clazz=class java.lang.Integer, values=[0, 1]}
pvj:sapling_mangrove: PropertyInteger{name=stage, clazz=class java.lang.Integer, values=[0, 1]}
pvj:sapling_orange_maple: PropertyInteger{name=stage, clazz=class java.lang.Integer, values=[0, 1]}
pvj:sapling_palm: PropertyInteger{name=stage, clazz=class java.lang.Integer, values=[0, 1]}
pvj:sapling_pine: PropertyInteger{name=stage, clazz=class java.lang.Integer, values=[0, 1]}
pvj:sapling_pink_cherry_blossom: PropertyInteger{name=stage, clazz=class java.lang.Integer, values=[0, 1]}
pvj:sapling_red_maple: PropertyInteger{name=stage, clazz=class java.lang.Integer, values=[0, 1]}
pvj:sapling_redwood: PropertyInteger{name=stage, clazz=class java.lang.Integer, values=[0, 1]}
pvj:sapling_white_cherry_blossom: PropertyInteger{name=stage, clazz=class java.lang.Integer, values=[0, 1]}
pvj:sapling_willow: PropertyInteger{name=stage, clazz=class java.lang.Integer, values=[0, 1]}
pvj:sea_oats: PropertyEnum{name=half, clazz=class vibrantjourneys.blocks.plant.BlockSeaOats$EnumBlockHalf, values=[upper, lower]}
pvj:seashells: PropertyInteger{name=model, clazz=class java.lang.Integer, values=[0, 1, 2, 3, 4]}
pvj:short_grass: PropertyInteger{name=model, clazz=class java.lang.Integer, values=[0, 1, 2, 3, 4, 5, 6]}
pvj:siltstone: 
pvj:siltstone_double_slab: 
pvj:siltstone_slab: PropertyEnum{name=half, clazz=class net.minecraft.block.BlockSlab$EnumBlockHalf, values=[top, bottom]}
pvj:siltstone_stairs: PropertyDirection{name=facing, clazz=class net.minecraft.util.EnumFacing, values=[north, south, west, east]}, PropertyEnum{name=half, clazz=class net.minecraft.block.BlockStairs$EnumHalf, values=[top, bottom]}, PropertyEnum{name=shape, clazz=class net.minecraft.block.BlockStairs$EnumShape, values=[straight, inner_left, inner_right, outer_left, outer_right]}
pvj:silverleaf: 
pvj:small_cactus: 
pvj:spruce_twigs: PropertyInteger{name=model, clazz=class java.lang.Integer, values=[0, 1, 2, 3, 4]}
pvj:stone_rocks: PropertyInteger{name=model, clazz=class java.lang.Integer, values=[0, 1, 2, 3, 4]}
pvj:sundew: 
pvj:umbran_bop_twigs: PropertyInteger{name=model, clazz=class java.lang.Integer, values=[0, 1, 2, 3, 4]}
pvj:void_grass: 
pvj:waxcap: 
pvj:wet_adobe: 
pvj:white_cherry_blossom_twigs: PropertyInteger{name=model, clazz=class java.lang.Integer, values=[0, 1, 2, 3, 4]}
pvj:white_cherry_bop_twigs: PropertyInteger{name=model, clazz=class java.lang.Integer, values=[0, 1, 2, 3, 4]}
pvj:wild_beetroot: 
pvj:wild_carrot: 
pvj:wild_potato: 
pvj:wild_wheat: 
pvj:willow_bop_twigs: PropertyInteger{name=model, clazz=class java.lang.Integer, values=[0, 1, 2, 3, 4]}
pvj:willow_button: PropertyDirection{name=facing, clazz=class net.minecraft.util.EnumFacing, values=[down, up, north, south, west, east]}, PropertyBool{name=powered, clazz=class java.lang.Boolean, values=[true, false]}
pvj:willow_door: PropertyDirection{name=facing, clazz=class net.minecraft.util.EnumFacing, values=[north, south, west, east]}, PropertyEnum{name=half, clazz=class net.minecraft.block.BlockDoor$EnumDoorHalf, values=[upper, lower]}, PropertyEnum{name=hinge, clazz=class net.minecraft.block.BlockDoor$EnumHingePosition, values=[left, right]}, PropertyBool{name=open, clazz=class java.lang.Boolean, values=[true, false]}, PropertyBool{name=powered, clazz=class java.lang.Boolean, values=[true, false]}
pvj:willow_double_slab: 
pvj:willow_fence: PropertyBool{name=east, clazz=class java.lang.Boolean, values=[true, false]}, PropertyBool{name=north, clazz=class java.lang.Boolean, values=[true, false]}, PropertyBool{name=south, clazz=class java.lang.Boolean, values=[true, false]}, PropertyBool{name=west, clazz=class java.lang.Boolean, values=[true, false]}
pvj:willow_fence_gate: PropertyDirection{name=facing, clazz=class net.minecraft.util.EnumFacing, values=[north, south, west, east]}, PropertyBool{name=in_wall, clazz=class java.lang.Boolean, values=[true, false]}, PropertyBool{name=open, clazz=class java.lang.Boolean, values=[true, false]}, PropertyBool{name=powered, clazz=class java.lang.Boolean, values=[true, false]}
pvj:willow_pressure_plate: PropertyBool{name=powered, clazz=class java.lang.Boolean, values=[true, false]}
pvj:willow_slab: PropertyEnum{name=half, clazz=class net.minecraft.block.BlockSlab$EnumBlockHalf, values=[top, bottom]}
pvj:willow_stairs: PropertyDirection{name=facing, clazz=class net.minecraft.util.EnumFacing, values=[north, south, west, east]}, PropertyEnum{name=half, clazz=class net.minecraft.block.BlockStairs$EnumHalf, values=[top, bottom]}, PropertyEnum{name=shape, clazz=class net.minecraft.block.BlockStairs$EnumShape, values=[straight, inner_left, inner_right, outer_left, outer_right]}
pvj:willow_trapdoor: PropertyDirection{name=facing, clazz=class net.minecraft.util.EnumFacing, values=[north, south, west, east]}, PropertyEnum{name=half, clazz=class net.minecraft.block.BlockTrapDoor$DoorHalf, values=[top, bottom]}, PropertyBool{name=open, clazz=class java.lang.Boolean, values=[true, false]}
pvj:willow_twigs: PropertyInteger{name=model, clazz=class java.lang.Integer, values=[0, 1, 2, 3, 4]}
pvj:witherweed: 
pvj:yellow_autumn_bop_twigs: PropertyInteger{name=model, clazz=class java.lang.Integer, values=[0, 1, 2, 3, 4]}
pvj:yellow_autumn_traverse_twigs: PropertyInteger{name=model, clazz=class java.lang.Integer, values=[0, 1, 2, 3, 4]}
pvj:yellow_big_flower_bop_twigs: PropertyInteger{name=model, clazz=class java.lang.Integer, values=[0, 1, 2, 3, 4]}
qualitytools:reforging_station: 
quark:acacia_button: PropertyDirection{name=facing, clazz=class net.minecraft.util.EnumFacing, values=[down, up, north, south, west, east]}, PropertyBool{name=powered, clazz=class java.lang.Boolean, values=[true, false]}
quark:acacia_pressure_plate: PropertyBool{name=powered, clazz=class java.lang.Boolean, values=[true, false]}
quark:acacia_trapdoor: PropertyDirection{name=facing, clazz=class net.minecraft.util.EnumFacing, values=[north, south, west, east]}, PropertyEnum{name=half, clazz=class net.minecraft.block.BlockTrapDoor$DoorHalf, values=[top, bottom]}, PropertyBool{name=open, clazz=class java.lang.Boolean, values=[true, false]}
quark:andesite_speleothem: PropertyEnum{name=size, clazz=class vazkii.quark.world.block.BlockSpeleothem$EnumSize, values=[SMALL, MEDIUM, BIG]}
quark:bark: PropertyEnum{name=variant, clazz=class vazkii.quark.building.block.BlockBark$Variants, values=[BARK_OAK, BARK_SPRUCE, BARK_BIRCH, BARK_JUNGLE, BARK_ACACIA, BARK_DARK_OAK]}
quark:bark_acacia_slab: PropertyEnum{name=half, clazz=class net.minecraft.block.BlockSlab$EnumBlockHalf, values=[top, bottom]}, PropertyEnum{name=prop, clazz=class vazkii.arl.block.BlockModSlab$DummyEnum, values=[BLARG]}
quark:bark_acacia_slab_double: PropertyEnum{name=prop, clazz=class vazkii.arl.block.BlockModSlab$DummyEnum, values=[BLARG]}
quark:bark_acacia_stairs: PropertyDirection{name=facing, clazz=class net.minecraft.util.EnumFacing, values=[north, south, west, east]}, PropertyEnum{name=half, clazz=class net.minecraft.block.BlockStairs$EnumHalf, values=[top, bottom]}, PropertyEnum{name=shape, clazz=class net.minecraft.block.BlockStairs$EnumShape, values=[straight, inner_left, inner_right, outer_left, outer_right]}
quark:bark_acacia_wall: PropertyBool{name=east, clazz=class java.lang.Boolean, values=[true, false]}, PropertyBool{name=north, clazz=class java.lang.Boolean, values=[true, false]}, PropertyBool{name=south, clazz=class java.lang.Boolean, values=[true, false]}, PropertyBool{name=up, clazz=class java.lang.Boolean, values=[true, false]}, PropertyBool{name=west, clazz=class java.lang.Boolean, values=[true, false]}
quark:bark_birch_slab: PropertyEnum{name=half, clazz=class net.minecraft.block.BlockSlab$EnumBlockHalf, values=[top, bottom]}, PropertyEnum{name=prop, clazz=class vazkii.arl.block.BlockModSlab$DummyEnum, values=[BLARG]}
quark:bark_birch_slab_double: PropertyEnum{name=prop, clazz=class vazkii.arl.block.BlockModSlab$DummyEnum, values=[BLARG]}
quark:bark_birch_stairs: PropertyDirection{name=facing, clazz=class net.minecraft.util.EnumFacing, values=[north, south, west, east]}, PropertyEnum{name=half, clazz=class net.minecraft.block.BlockStairs$EnumHalf, values=[top, bottom]}, PropertyEnum{name=shape, clazz=class net.minecraft.block.BlockStairs$EnumShape, values=[straight, inner_left, inner_right, outer_left, outer_right]}
quark:bark_birch_wall: PropertyBool{name=east, clazz=class java.lang.Boolean, values=[true, false]}, PropertyBool{name=north, clazz=class java.lang.Boolean, values=[true, false]}, PropertyBool{name=south, clazz=class java.lang.Boolean, values=[true, false]}, PropertyBool{name=up, clazz=class java.lang.Boolean, values=[true, false]}, PropertyBool{name=west, clazz=class java.lang.Boolean, values=[true, false]}
quark:bark_dark_oak_slab: PropertyEnum{name=half, clazz=class net.minecraft.block.BlockSlab$EnumBlockHalf, values=[top, bottom]}, PropertyEnum{name=prop, clazz=class vazkii.arl.block.BlockModSlab$DummyEnum, values=[BLARG]}
quark:bark_dark_oak_slab_double: PropertyEnum{name=prop, clazz=class vazkii.arl.block.BlockModSlab$DummyEnum, values=[BLARG]}
quark:bark_dark_oak_stairs: PropertyDirection{name=facing, clazz=class net.minecraft.util.EnumFacing, values=[north, south, west, east]}, PropertyEnum{name=half, clazz=class net.minecraft.block.BlockStairs$EnumHalf, values=[top, bottom]}, PropertyEnum{name=shape, clazz=class net.minecraft.block.BlockStairs$EnumShape, values=[straight, inner_left, inner_right, outer_left, outer_right]}
quark:bark_dark_oak_wall: PropertyBool{name=east, clazz=class java.lang.Boolean, values=[true, false]}, PropertyBool{name=north, clazz=class java.lang.Boolean, values=[true, false]}, PropertyBool{name=south, clazz=class java.lang.Boolean, values=[true, false]}, PropertyBool{name=up, clazz=class java.lang.Boolean, values=[true, false]}, PropertyBool{name=west, clazz=class java.lang.Boolean, values=[true, false]}
quark:bark_jungle_slab: PropertyEnum{name=half, clazz=class net.minecraft.block.BlockSlab$EnumBlockHalf, values=[top, bottom]}, PropertyEnum{name=prop, clazz=class vazkii.arl.block.BlockModSlab$DummyEnum, values=[BLARG]}
quark:bark_jungle_slab_double: PropertyEnum{name=prop, clazz=class vazkii.arl.block.BlockModSlab$DummyEnum, values=[BLARG]}
quark:bark_jungle_stairs: PropertyDirection{name=facing, clazz=class net.minecraft.util.EnumFacing, values=[north, south, west, east]}, PropertyEnum{name=half, clazz=class net.minecraft.block.BlockStairs$EnumHalf, values=[top, bottom]}, PropertyEnum{name=shape, clazz=class net.minecraft.block.BlockStairs$EnumShape, values=[straight, inner_left, inner_right, outer_left, outer_right]}
quark:bark_jungle_wall: PropertyBool{name=east, clazz=class java.lang.Boolean, values=[true, false]}, PropertyBool{name=north, clazz=class java.lang.Boolean, values=[true, false]}, PropertyBool{name=south, clazz=class java.lang.Boolean, values=[true, false]}, PropertyBool{name=up, clazz=class java.lang.Boolean, values=[true, false]}, PropertyBool{name=west, clazz=class java.lang.Boolean, values=[true, false]}
quark:bark_oak_slab: PropertyEnum{name=half, clazz=class net.minecraft.block.BlockSlab$EnumBlockHalf, values=[top, bottom]}, PropertyEnum{name=prop, clazz=class vazkii.arl.block.BlockModSlab$DummyEnum, values=[BLARG]}
quark:bark_oak_slab_double: PropertyEnum{name=prop, clazz=class vazkii.arl.block.BlockModSlab$DummyEnum, values=[BLARG]}
quark:bark_oak_stairs: PropertyDirection{name=facing, clazz=class net.minecraft.util.EnumFacing, values=[north, south, west, east]}, PropertyEnum{name=half, clazz=class net.minecraft.block.BlockStairs$EnumHalf, values=[top, bottom]}, PropertyEnum{name=shape, clazz=class net.minecraft.block.BlockStairs$EnumShape, values=[straight, inner_left, inner_right, outer_left, outer_right]}
quark:bark_oak_wall: PropertyBool{name=east, clazz=class java.lang.Boolean, values=[true, false]}, PropertyBool{name=north, clazz=class java.lang.Boolean, values=[true, false]}, PropertyBool{name=south, clazz=class java.lang.Boolean, values=[true, false]}, PropertyBool{name=up, clazz=class java.lang.Boolean, values=[true, false]}, PropertyBool{name=west, clazz=class java.lang.Boolean, values=[true, false]}
quark:bark_spruce_slab: PropertyEnum{name=half, clazz=class net.minecraft.block.BlockSlab$EnumBlockHalf, values=[top, bottom]}, PropertyEnum{name=prop, clazz=class vazkii.arl.block.BlockModSlab$DummyEnum, values=[BLARG]}
quark:bark_spruce_slab_double: PropertyEnum{name=prop, clazz=class vazkii.arl.block.BlockModSlab$DummyEnum, values=[BLARG]}
quark:bark_spruce_stairs: PropertyDirection{name=facing, clazz=class net.minecraft.util.EnumFacing, values=[north, south, west, east]}, PropertyEnum{name=half, clazz=class net.minecraft.block.BlockStairs$EnumHalf, values=[top, bottom]}, PropertyEnum{name=shape, clazz=class net.minecraft.block.BlockStairs$EnumShape, values=[straight, inner_left, inner_right, outer_left, outer_right]}
quark:bark_spruce_wall: PropertyBool{name=east, clazz=class java.lang.Boolean, values=[true, false]}, PropertyBool{name=north, clazz=class java.lang.Boolean, values=[true, false]}, PropertyBool{name=south, clazz=class java.lang.Boolean, values=[true, false]}, PropertyBool{name=up, clazz=class java.lang.Boolean, values=[true, false]}, PropertyBool{name=west, clazz=class java.lang.Boolean, values=[true, false]}
quark:basalt: PropertyEnum{name=variant, clazz=class vazkii.quark.world.block.BlockBasalt$Variants, values=[STONE_BASALT, STONE_BASALT_SMOOTH]}
quark:basalt_speleothem: PropertyEnum{name=size, clazz=class vazkii.quark.world.block.BlockSpeleothem$EnumSize, values=[SMALL, MEDIUM, BIG]}
quark:basalt_wall: PropertyBool{name=east, clazz=class java.lang.Boolean, values=[true, false]}, PropertyBool{name=north, clazz=class java.lang.Boolean, values=[true, false]}, PropertyBool{name=south, clazz=class java.lang.Boolean, values=[true, false]}, PropertyBool{name=up, clazz=class java.lang.Boolean, values=[true, false]}, PropertyBool{name=west, clazz=class java.lang.Boolean, values=[true, false]}
quark:biome_brick: PropertyEnum{name=variant, clazz=class vazkii.quark.world.block.BlockBiomeBrick$Variants, values=[FIRE_STONE_BRICK, ICY_STONE_BRICK]}
quark:biome_cobblestone: PropertyEnum{name=variant, clazz=class vazkii.quark.world.block.BlockBiomeCobblestone$Variants, values=[FIRE_STONE, ICY_STONE, COBBED_STONE]}
quark:biotite_block: PropertyEnum{name=variant, clazz=class net.minecraft.block.BlockQuartz$EnumType, values=[default, chiseled, lines, lines, lines]}
quark:biotite_ore: 
quark:biotite_slab: PropertyEnum{name=half, clazz=class net.minecraft.block.BlockSlab$EnumBlockHalf, values=[top, bottom]}, PropertyEnum{name=prop, clazz=class vazkii.arl.block.BlockModSlab$DummyEnum, values=[BLARG]}
quark:biotite_slab_double: PropertyEnum{name=prop, clazz=class vazkii.arl.block.BlockModSlab$DummyEnum, values=[BLARG]}
quark:biotite_stairs: PropertyDirection{name=facing, clazz=class net.minecraft.util.EnumFacing, values=[north, south, west, east]}, PropertyEnum{name=half, clazz=class net.minecraft.block.BlockStairs$EnumHalf, values=[top, bottom]}, PropertyEnum{name=shape, clazz=class net.minecraft.block.BlockStairs$EnumShape, values=[straight, inner_left, inner_right, outer_left, outer_right]}
quark:biotite_wall: PropertyBool{name=east, clazz=class java.lang.Boolean, values=[true, false]}, PropertyBool{name=north, clazz=class java.lang.Boolean, values=[true, false]}, PropertyBool{name=south, clazz=class java.lang.Boolean, values=[true, false]}, PropertyBool{name=up, clazz=class java.lang.Boolean, values=[true, false]}, PropertyBool{name=west, clazz=class java.lang.Boolean, values=[true, false]}
quark:birch_button: PropertyDirection{name=facing, clazz=class net.minecraft.util.EnumFacing, values=[down, up, north, south, west, east]}, PropertyBool{name=powered, clazz=class java.lang.Boolean, values=[true, false]}
quark:birch_pressure_plate: PropertyBool{name=powered, clazz=class java.lang.Boolean, values=[true, false]}
quark:birch_trapdoor: PropertyDirection{name=facing, clazz=class net.minecraft.util.EnumFacing, values=[north, south, west, east]}, PropertyEnum{name=half, clazz=class net.minecraft.block.BlockTrapDoor$DoorHalf, values=[top, bottom]}, PropertyBool{name=open, clazz=class java.lang.Boolean, values=[true, false]}
quark:black_ash: PropertyEnum{name=east, clazz=class vazkii.arl.block.BlockModDust$EnumAttachPosition, values=[UP, SIDE, NONE]}, PropertyEnum{name=north, clazz=class vazkii.arl.block.BlockModDust$EnumAttachPosition, values=[UP, SIDE, NONE]}, PropertyEnum{name=south, clazz=class vazkii.arl.block.BlockModDust$EnumAttachPosition, values=[UP, SIDE, NONE]}, PropertyEnum{name=west, clazz=class vazkii.arl.block.BlockModDust$EnumAttachPosition, values=[UP, SIDE, NONE]}
quark:blaze_lantern: 
quark:blaze_rod: PropertyDirection{name=facing, clazz=class net.minecraft.util.EnumFacing, values=[down, up, north, south, west, east]}
quark:brick_wall: PropertyBool{name=east, clazz=class java.lang.Boolean, values=[true, false]}, PropertyBool{name=north, clazz=class java.lang.Boolean, values=[true, false]}, PropertyBool{name=south, clazz=class java.lang.Boolean, values=[true, false]}, PropertyBool{name=up, clazz=class java.lang.Boolean, values=[true, false]}, PropertyBool{name=west, clazz=class java.lang.Boolean, values=[true, false]}
quark:candle: PropertyEnum{name=variant, clazz=class vazkii.quark.decoration.block.BlockCandle$Variants, values=[CANDLE_WHITE, CANDLE_ORANGE, CANDLE_MAGENTA, CANDLE_LIGHT_BLUE, CANDLE_YELLOW, CANDLE_LIME, CANDLE_PINK, CANDLE_GRAY, CANDLE_SILVER, CANDLE_CYAN, CANDLE_PURPLE, CANDLE_BLUE, CANDLE_BROWN, CANDLE_GREEN, CANDLE_RED, CANDLE_BLACK]}
quark:carved_wood: PropertyEnum{name=variant, clazz=class vazkii.quark.building.block.BlockCarvedWood$Variants, values=[CARVED_OAK_WOOD, CARVED_SPRUCE_WOOD, CARVED_BIRCH_WOOD, CARVED_JUNGLE_WOOD, CARVED_ACACIA_WOOD, CARVED_DARK_OAK_WOOD]}
quark:charcoal_block: 
quark:charred_nether_brick_slab: PropertyEnum{name=half, clazz=class net.minecraft.block.BlockSlab$EnumBlockHalf, values=[top, bottom]}, PropertyEnum{name=prop, clazz=class vazkii.arl.block.BlockModSlab$DummyEnum, values=[BLARG]}
quark:charred_nether_brick_slab_double: PropertyEnum{name=prop, clazz=class vazkii.arl.block.BlockModSlab$DummyEnum, values=[BLARG]}
quark:charred_nether_brick_stairs: PropertyDirection{name=facing, clazz=class net.minecraft.util.EnumFacing, values=[north, south, west, east]}, PropertyEnum{name=half, clazz=class net.minecraft.block.BlockStairs$EnumHalf, values=[top, bottom]}, PropertyEnum{name=shape, clazz=class net.minecraft.block.BlockStairs$EnumShape, values=[straight, inner_left, inner_right, outer_left, outer_right]}
quark:charred_nether_bricks: 
quark:chute: PropertyBool{name=enabled, clazz=class java.lang.Boolean, values=[true, false]}
quark:cobbed_stone_slab: PropertyEnum{name=half, clazz=class net.minecraft.block.BlockSlab$EnumBlockHalf, values=[top, bottom]}, PropertyEnum{name=prop, clazz=class vazkii.arl.block.BlockModSlab$DummyEnum, values=[BLARG]}
quark:cobbed_stone_slab_double: PropertyEnum{name=prop, clazz=class vazkii.arl.block.BlockModSlab$DummyEnum, values=[BLARG]}
quark:cobbed_stone_stairs: PropertyDirection{name=facing, clazz=class net.minecraft.util.EnumFacing, values=[north, south, west, east]}, PropertyEnum{name=half, clazz=class net.minecraft.block.BlockStairs$EnumHalf, values=[top, bottom]}, PropertyEnum{name=shape, clazz=class net.minecraft.block.BlockStairs$EnumShape, values=[straight, inner_left, inner_right, outer_left, outer_right]}
quark:cobbed_stone_wall: PropertyBool{name=east, clazz=class java.lang.Boolean, values=[true, false]}, PropertyBool{name=north, clazz=class java.lang.Boolean, values=[true, false]}, PropertyBool{name=south, clazz=class java.lang.Boolean, values=[true, false]}, PropertyBool{name=up, clazz=class java.lang.Boolean, values=[true, false]}, PropertyBool{name=west, clazz=class java.lang.Boolean, values=[true, false]}
quark:cobblestone_mossy_slab: PropertyEnum{name=half, clazz=class net.minecraft.block.BlockSlab$EnumBlockHalf, values=[top, bottom]}, PropertyEnum{name=prop, clazz=class vazkii.arl.block.BlockModSlab$DummyEnum, values=[BLARG]}
quark:cobblestone_mossy_slab_double: PropertyEnum{name=prop, clazz=class vazkii.arl.block.BlockModSlab$DummyEnum, values=[BLARG]}
quark:cobblestone_mossy_stairs: PropertyDirection{name=facing, clazz=class net.minecraft.util.EnumFacing, values=[north, south, west, east]}, PropertyEnum{name=half, clazz=class net.minecraft.block.BlockStairs$EnumHalf, values=[top, bottom]}, PropertyEnum{name=shape, clazz=class net.minecraft.block.BlockStairs$EnumShape, values=[straight, inner_left, inner_right, outer_left, outer_right]}
quark:color_slime: PropertyEnum{name=variant, clazz=class vazkii.quark.automation.block.BlockColorSlime$Variants, values=[SLIME_RED, SLIME_BLUE, SLIME_CYAN, SLIME_MAGENTA, SLIME_YELLOW]}
quark:colored_flowerpot_black: PropertyEnum{name=contents, clazz=class net.minecraft.block.BlockFlowerPot$EnumFlowerType, values=[empty, rose, blue_orchid, allium, houstonia, red_tulip, orange_tulip, white_tulip, pink_tulip, oxeye_daisy, dandelion, oak_sapling, spruce_sapling, birch_sapling, jungle_sapling, acacia_sapling, dark_oak_sapling, mushroom_red, mushroom_brown, dead_bush, fern, cactus]}, PropertyBool{name=custom, clazz=class java.lang.Boolean, values=[true, false]}, PropertyInteger{name=legacy_data, clazz=class java.lang.Integer, values=[0, 1, 2, 3, 4, 5, 6, 7, 8, 9, 10, 11, 12, 13, 14, 15]}
quark:colored_flowerpot_blue: PropertyEnum{name=contents, clazz=class net.minecraft.block.BlockFlowerPot$EnumFlowerType, values=[empty, rose, blue_orchid, allium, houstonia, red_tulip, orange_tulip, white_tulip, pink_tulip, oxeye_daisy, dandelion, oak_sapling, spruce_sapling, birch_sapling, jungle_sapling, acacia_sapling, dark_oak_sapling, mushroom_red, mushroom_brown, dead_bush, fern, cactus]}, PropertyBool{name=custom, clazz=class java.lang.Boolean, values=[true, false]}, PropertyInteger{name=legacy_data, clazz=class java.lang.Integer, values=[0, 1, 2, 3, 4, 5, 6, 7, 8, 9, 10, 11, 12, 13, 14, 15]}
quark:colored_flowerpot_brown: PropertyEnum{name=contents, clazz=class net.minecraft.block.BlockFlowerPot$EnumFlowerType, values=[empty, rose, blue_orchid, allium, houstonia, red_tulip, orange_tulip, white_tulip, pink_tulip, oxeye_daisy, dandelion, oak_sapling, spruce_sapling, birch_sapling, jungle_sapling, acacia_sapling, dark_oak_sapling, mushroom_red, mushroom_brown, dead_bush, fern, cactus]}, PropertyBool{name=custom, clazz=class java.lang.Boolean, values=[true, false]}, PropertyInteger{name=legacy_data, clazz=class java.lang.Integer, values=[0, 1, 2, 3, 4, 5, 6, 7, 8, 9, 10, 11, 12, 13, 14, 15]}
quark:colored_flowerpot_cyan: PropertyEnum{name=contents, clazz=class net.minecraft.block.BlockFlowerPot$EnumFlowerType, values=[empty, rose, blue_orchid, allium, houstonia, red_tulip, orange_tulip, white_tulip, pink_tulip, oxeye_daisy, dandelion, oak_sapling, spruce_sapling, birch_sapling, jungle_sapling, acacia_sapling, dark_oak_sapling, mushroom_red, mushroom_brown, dead_bush, fern, cactus]}, PropertyBool{name=custom, clazz=class java.lang.Boolean, values=[true, false]}, PropertyInteger{name=legacy_data, clazz=class java.lang.Integer, values=[0, 1, 2, 3, 4, 5, 6, 7, 8, 9, 10, 11, 12, 13, 14, 15]}
quark:colored_flowerpot_gray: PropertyEnum{name=contents, clazz=class net.minecraft.block.BlockFlowerPot$EnumFlowerType, values=[empty, rose, blue_orchid, allium, houstonia, red_tulip, orange_tulip, white_tulip, pink_tulip, oxeye_daisy, dandelion, oak_sapling, spruce_sapling, birch_sapling, jungle_sapling, acacia_sapling, dark_oak_sapling, mushroom_red, mushroom_brown, dead_bush, fern, cactus]}, PropertyBool{name=custom, clazz=class java.lang.Boolean, values=[true, false]}, PropertyInteger{name=legacy_data, clazz=class java.lang.Integer, values=[0, 1, 2, 3, 4, 5, 6, 7, 8, 9, 10, 11, 12, 13, 14, 15]}
quark:colored_flowerpot_green: PropertyEnum{name=contents, clazz=class net.minecraft.block.BlockFlowerPot$EnumFlowerType, values=[empty, rose, blue_orchid, allium, houstonia, red_tulip, orange_tulip, white_tulip, pink_tulip, oxeye_daisy, dandelion, oak_sapling, spruce_sapling, birch_sapling, jungle_sapling, acacia_sapling, dark_oak_sapling, mushroom_red, mushroom_brown, dead_bush, fern, cactus]}, PropertyBool{name=custom, clazz=class java.lang.Boolean, values=[true, false]}, PropertyInteger{name=legacy_data, clazz=class java.lang.Integer, values=[0, 1, 2, 3, 4, 5, 6, 7, 8, 9, 10, 11, 12, 13, 14, 15]}
quark:colored_flowerpot_light_blue: PropertyEnum{name=contents, clazz=class net.minecraft.block.BlockFlowerPot$EnumFlowerType, values=[empty, rose, blue_orchid, allium, houstonia, red_tulip, orange_tulip, white_tulip, pink_tulip, oxeye_daisy, dandelion, oak_sapling, spruce_sapling, birch_sapling, jungle_sapling, acacia_sapling, dark_oak_sapling, mushroom_red, mushroom_brown, dead_bush, fern, cactus]}, PropertyBool{name=custom, clazz=class java.lang.Boolean, values=[true, false]}, PropertyInteger{name=legacy_data, clazz=class java.lang.Integer, values=[0, 1, 2, 3, 4, 5, 6, 7, 8, 9, 10, 11, 12, 13, 14, 15]}
quark:colored_flowerpot_lime: PropertyEnum{name=contents, clazz=class net.minecraft.block.BlockFlowerPot$EnumFlowerType, values=[empty, rose, blue_orchid, allium, houstonia, red_tulip, orange_tulip, white_tulip, pink_tulip, oxeye_daisy, dandelion, oak_sapling, spruce_sapling, birch_sapling, jungle_sapling, acacia_sapling, dark_oak_sapling, mushroom_red, mushroom_brown, dead_bush, fern, cactus]}, PropertyBool{name=custom, clazz=class java.lang.Boolean, values=[true, false]}, PropertyInteger{name=legacy_data, clazz=class java.lang.Integer, values=[0, 1, 2, 3, 4, 5, 6, 7, 8, 9, 10, 11, 12, 13, 14, 15]}
quark:colored_flowerpot_magenta: PropertyEnum{name=contents, clazz=class net.minecraft.block.BlockFlowerPot$EnumFlowerType, values=[empty, rose, blue_orchid, allium, houstonia, red_tulip, orange_tulip, white_tulip, pink_tulip, oxeye_daisy, dandelion, oak_sapling, spruce_sapling, birch_sapling, jungle_sapling, acacia_sapling, dark_oak_sapling, mushroom_red, mushroom_brown, dead_bush, fern, cactus]}, PropertyBool{name=custom, clazz=class java.lang.Boolean, values=[true, false]}, PropertyInteger{name=legacy_data, clazz=class java.lang.Integer, values=[0, 1, 2, 3, 4, 5, 6, 7, 8, 9, 10, 11, 12, 13, 14, 15]}
quark:colored_flowerpot_orange: PropertyEnum{name=contents, clazz=class net.minecraft.block.BlockFlowerPot$EnumFlowerType, values=[empty, rose, blue_orchid, allium, houstonia, red_tulip, orange_tulip, white_tulip, pink_tulip, oxeye_daisy, dandelion, oak_sapling, spruce_sapling, birch_sapling, jungle_sapling, acacia_sapling, dark_oak_sapling, mushroom_red, mushroom_brown, dead_bush, fern, cactus]}, PropertyBool{name=custom, clazz=class java.lang.Boolean, values=[true, false]}, PropertyInteger{name=legacy_data, clazz=class java.lang.Integer, values=[0, 1, 2, 3, 4, 5, 6, 7, 8, 9, 10, 11, 12, 13, 14, 15]}
quark:colored_flowerpot_pink: PropertyEnum{name=contents, clazz=class net.minecraft.block.BlockFlowerPot$EnumFlowerType, values=[empty, rose, blue_orchid, allium, houstonia, red_tulip, orange_tulip, white_tulip, pink_tulip, oxeye_daisy, dandelion, oak_sapling, spruce_sapling, birch_sapling, jungle_sapling, acacia_sapling, dark_oak_sapling, mushroom_red, mushroom_brown, dead_bush, fern, cactus]}, PropertyBool{name=custom, clazz=class java.lang.Boolean, values=[true, false]}, PropertyInteger{name=legacy_data, clazz=class java.lang.Integer, values=[0, 1, 2, 3, 4, 5, 6, 7, 8, 9, 10, 11, 12, 13, 14, 15]}
quark:colored_flowerpot_purple: PropertyEnum{name=contents, clazz=class net.minecraft.block.BlockFlowerPot$EnumFlowerType, values=[empty, rose, blue_orchid, allium, houstonia, red_tulip, orange_tulip, white_tulip, pink_tulip, oxeye_daisy, dandelion, oak_sapling, spruce_sapling, birch_sapling, jungle_sapling, acacia_sapling, dark_oak_sapling, mushroom_red, mushroom_brown, dead_bush, fern, cactus]}, PropertyBool{name=custom, clazz=class java.lang.Boolean, values=[true, false]}, PropertyInteger{name=legacy_data, clazz=class java.lang.Integer, values=[0, 1, 2, 3, 4, 5, 6, 7, 8, 9, 10, 11, 12, 13, 14, 15]}
quark:colored_flowerpot_red: PropertyEnum{name=contents, clazz=class net.minecraft.block.BlockFlowerPot$EnumFlowerType, values=[empty, rose, blue_orchid, allium, houstonia, red_tulip, orange_tulip, white_tulip, pink_tulip, oxeye_daisy, dandelion, oak_sapling, spruce_sapling, birch_sapling, jungle_sapling, acacia_sapling, dark_oak_sapling, mushroom_red, mushroom_brown, dead_bush, fern, cactus]}, PropertyBool{name=custom, clazz=class java.lang.Boolean, values=[true, false]}, PropertyInteger{name=legacy_data, clazz=class java.lang.Integer, values=[0, 1, 2, 3, 4, 5, 6, 7, 8, 9, 10, 11, 12, 13, 14, 15]}
quark:colored_flowerpot_silver: PropertyEnum{name=contents, clazz=class net.minecraft.block.BlockFlowerPot$EnumFlowerType, values=[empty, rose, blue_orchid, allium, houstonia, red_tulip, orange_tulip, white_tulip, pink_tulip, oxeye_daisy, dandelion, oak_sapling, spruce_sapling, birch_sapling, jungle_sapling, acacia_sapling, dark_oak_sapling, mushroom_red, mushroom_brown, dead_bush, fern, cactus]}, PropertyBool{name=custom, clazz=class java.lang.Boolean, values=[true, false]}, PropertyInteger{name=legacy_data, clazz=class java.lang.Integer, values=[0, 1, 2, 3, 4, 5, 6, 7, 8, 9, 10, 11, 12, 13, 14, 15]}
quark:colored_flowerpot_white: PropertyEnum{name=contents, clazz=class net.minecraft.block.BlockFlowerPot$EnumFlowerType, values=[empty, rose, blue_orchid, allium, houstonia, red_tulip, orange_tulip, white_tulip, pink_tulip, oxeye_daisy, dandelion, oak_sapling, spruce_sapling, birch_sapling, jungle_sapling, acacia_sapling, dark_oak_sapling, mushroom_red, mushroom_brown, dead_bush, fern, cactus]}, PropertyBool{name=custom, clazz=class java.lang.Boolean, values=[true, false]}, PropertyInteger{name=legacy_data, clazz=class java.lang.Integer, values=[0, 1, 2, 3, 4, 5, 6, 7, 8, 9, 10, 11, 12, 13, 14, 15]}
quark:colored_flowerpot_yellow: PropertyEnum{name=contents, clazz=class net.minecraft.block.BlockFlowerPot$EnumFlowerType, values=[empty, rose, blue_orchid, allium, houstonia, red_tulip, orange_tulip, white_tulip, pink_tulip, oxeye_daisy, dandelion, oak_sapling, spruce_sapling, birch_sapling, jungle_sapling, acacia_sapling, dark_oak_sapling, mushroom_red, mushroom_brown, dead_bush, fern, cactus]}, PropertyBool{name=custom, clazz=class java.lang.Boolean, values=[true, false]}, PropertyInteger{name=legacy_data, clazz=class java.lang.Integer, values=[0, 1, 2, 3, 4, 5, 6, 7, 8, 9, 10, 11, 12, 13, 14, 15]}
quark:crystal: PropertyEnum{name=variant, clazz=class vazkii.quark.world.block.BlockCrystal$Variants, values=[CRYSTAL_WHITE, CRYSTAL_RED, CRYSTAL_ORANGE, CRYSTAL_YELLOW, CRYSTAL_GREEN, CRYSTAL_BLUE, CRYSTAL_INDIGO, CRYSTAL_VIOLET, CRYSTAL_BLACK]}
quark:crystal_pane: PropertyBool{name=east, clazz=class java.lang.Boolean, values=[true, false]}, PropertyBool{name=north, clazz=class java.lang.Boolean, values=[true, false]}, PropertyBool{name=south, clazz=class java.lang.Boolean, values=[true, false]}, PropertyEnum{name=variant, clazz=class vazkii.quark.world.block.BlockCrystal$Variants, values=[CRYSTAL_WHITE, CRYSTAL_RED, CRYSTAL_ORANGE, CRYSTAL_YELLOW, CRYSTAL_GREEN, CRYSTAL_BLUE, CRYSTAL_INDIGO, CRYSTAL_VIOLET, CRYSTAL_BLACK]}, PropertyBool{name=west, clazz=class java.lang.Boolean, values=[true, false]}
quark:custom_bookshelf: PropertyEnum{name=variant, clazz=class vazkii.quark.decoration.block.BlockCustomBookshelf$Variants, values=[BOOKSHELF_SPRUCE, BOOKSHELF_BIRCH, BOOKSHELF_JUNGLE, BOOKSHELF_ACACIA, BOOKSHELF_DARK_OAK]}
quark:custom_chest: PropertyDirection{name=facing, clazz=class net.minecraft.util.EnumFacing, values=[north, south, west, east]}
quark:custom_chest_trap: PropertyDirection{name=facing, clazz=class net.minecraft.util.EnumFacing, values=[north, south, west, east]}
quark:dark_oak_button: PropertyDirection{name=facing, clazz=class net.minecraft.util.EnumFacing, values=[down, up, north, south, west, east]}, PropertyBool{name=powered, clazz=class java.lang.Boolean, values=[true, false]}
quark:dark_oak_pressure_plate: PropertyBool{name=powered, clazz=class java.lang.Boolean, values=[true, false]}
quark:dark_oak_trapdoor: PropertyDirection{name=facing, clazz=class net.minecraft.util.EnumFacing, values=[north, south, west, east]}, PropertyEnum{name=half, clazz=class net.minecraft.block.BlockTrapDoor$DoorHalf, values=[top, bottom]}, PropertyBool{name=open, clazz=class java.lang.Boolean, values=[true, false]}
quark:dark_prismarine_wall: PropertyBool{name=east, clazz=class java.lang.Boolean, values=[true, false]}, PropertyBool{name=north, clazz=class java.lang.Boolean, values=[true, false]}, PropertyBool{name=south, clazz=class java.lang.Boolean, values=[true, false]}, PropertyBool{name=up, clazz=class java.lang.Boolean, values=[true, false]}, PropertyBool{name=west, clazz=class java.lang.Boolean, values=[true, false]}
quark:diorite_speleothem: PropertyEnum{name=size, clazz=class vazkii.quark.world.block.BlockSpeleothem$EnumSize, values=[SMALL, MEDIUM, BIG]}
quark:duskbound_block: 
quark:duskbound_block_slab: PropertyEnum{name=half, clazz=class net.minecraft.block.BlockSlab$EnumBlockHalf, values=[top, bottom]}, PropertyEnum{name=prop, clazz=class vazkii.arl.block.BlockModSlab$DummyEnum, values=[BLARG]}
quark:duskbound_block_slab_double: PropertyEnum{name=prop, clazz=class vazkii.arl.block.BlockModSlab$DummyEnum, values=[BLARG]}
quark:duskbound_block_stairs: PropertyDirection{name=facing, clazz=class net.minecraft.util.EnumFacing, values=[north, south, west, east]}, PropertyEnum{name=half, clazz=class net.minecraft.block.BlockStairs$EnumHalf, values=[top, bottom]}, PropertyEnum{name=shape, clazz=class net.minecraft.block.BlockStairs$EnumShape, values=[straight, inner_left, inner_right, outer_left, outer_right]}
quark:duskbound_block_wall: PropertyBool{name=east, clazz=class java.lang.Boolean, values=[true, false]}, PropertyBool{name=north, clazz=class java.lang.Boolean, values=[true, false]}, PropertyBool{name=south, clazz=class java.lang.Boolean, values=[true, false]}, PropertyBool{name=up, clazz=class java.lang.Boolean, values=[true, false]}, PropertyBool{name=west, clazz=class java.lang.Boolean, values=[true, false]}
quark:duskbound_lantern: 
quark:elder_prismarine: PropertyEnum{name=variant, clazz=class vazkii.quark.world.block.BlockElderPrismarine$Variants, values=[ELDER_PRISMARINE, ELDER_PRISMARINE_BRICKS, ELDER_PRISMARINE_DARK]}
quark:elder_prismarine_bricks_slab: PropertyEnum{name=half, clazz=class net.minecraft.block.BlockSlab$EnumBlockHalf, values=[top, bottom]}, PropertyEnum{name=prop, clazz=class vazkii.arl.block.BlockModSlab$DummyEnum, values=[BLARG]}
quark:elder_prismarine_bricks_slab_double: PropertyEnum{name=prop, clazz=class vazkii.arl.block.BlockModSlab$DummyEnum, values=[BLARG]}
quark:elder_prismarine_bricks_stairs: PropertyDirection{name=facing, clazz=class net.minecraft.util.EnumFacing, values=[north, south, west, east]}, PropertyEnum{name=half, clazz=class net.minecraft.block.BlockStairs$EnumHalf, values=[top, bottom]}, PropertyEnum{name=shape, clazz=class net.minecraft.block.BlockStairs$EnumShape, values=[straight, inner_left, inner_right, outer_left, outer_right]}
quark:elder_prismarine_bricks_wall: PropertyBool{name=east, clazz=class java.lang.Boolean, values=[true, false]}, PropertyBool{name=north, clazz=class java.lang.Boolean, values=[true, false]}, PropertyBool{name=south, clazz=class java.lang.Boolean, values=[true, false]}, PropertyBool{name=up, clazz=class java.lang.Boolean, values=[true, false]}, PropertyBool{name=west, clazz=class java.lang.Boolean, values=[true, false]}
quark:elder_prismarine_dark_slab: PropertyEnum{name=half, clazz=class net.minecraft.block.BlockSlab$EnumBlockHalf, values=[top, bottom]}, PropertyEnum{name=prop, clazz=class vazkii.arl.block.BlockModSlab$DummyEnum, values=[BLARG]}
quark:elder_prismarine_dark_slab_double: PropertyEnum{name=prop, clazz=class vazkii.arl.block.BlockModSlab$DummyEnum, values=[BLARG]}
quark:elder_prismarine_dark_stairs: PropertyDirection{name=facing, clazz=class net.minecraft.util.EnumFacing, values=[north, south, west, east]}, PropertyEnum{name=half, clazz=class net.minecraft.block.BlockStairs$EnumHalf, values=[top, bottom]}, PropertyEnum{name=shape, clazz=class net.minecraft.block.BlockStairs$EnumShape, values=[straight, inner_left, inner_right, outer_left, outer_right]}
quark:elder_prismarine_dark_wall: PropertyBool{name=east, clazz=class java.lang.Boolean, values=[true, false]}, PropertyBool{name=north, clazz=class java.lang.Boolean, values=[true, false]}, PropertyBool{name=south, clazz=class java.lang.Boolean, values=[true, false]}, PropertyBool{name=up, clazz=class java.lang.Boolean, values=[true, false]}, PropertyBool{name=west, clazz=class java.lang.Boolean, values=[true, false]}
quark:elder_prismarine_slab: PropertyEnum{name=half, clazz=class net.minecraft.block.BlockSlab$EnumBlockHalf, values=[top, bottom]}, PropertyEnum{name=prop, clazz=class vazkii.arl.block.BlockModSlab$DummyEnum, values=[BLARG]}
quark:elder_prismarine_slab_double: PropertyEnum{name=prop, clazz=class vazkii.arl.block.BlockModSlab$DummyEnum, values=[BLARG]}
quark:elder_prismarine_stairs: PropertyDirection{name=facing, clazz=class net.minecraft.util.EnumFacing, values=[north, south, west, east]}, PropertyEnum{name=half, clazz=class net.minecraft.block.BlockStairs$EnumHalf, values=[top, bottom]}, PropertyEnum{name=shape, clazz=class net.minecraft.block.BlockStairs$EnumShape, values=[straight, inner_left, inner_right, outer_left, outer_right]}
quark:elder_prismarine_wall: PropertyBool{name=east, clazz=class java.lang.Boolean, values=[true, false]}, PropertyBool{name=north, clazz=class java.lang.Boolean, values=[true, false]}, PropertyBool{name=south, clazz=class java.lang.Boolean, values=[true, false]}, PropertyBool{name=up, clazz=class java.lang.Boolean, values=[true, false]}, PropertyBool{name=west, clazz=class java.lang.Boolean, values=[true, false]}
quark:elder_sea_lantern: 
quark:end_bricks_slab: PropertyEnum{name=half, clazz=class net.minecraft.block.BlockSlab$EnumBlockHalf, values=[top, bottom]}, PropertyEnum{name=prop, clazz=class vazkii.arl.block.BlockModSlab$DummyEnum, values=[BLARG]}
quark:end_bricks_slab_double: PropertyEnum{name=prop, clazz=class vazkii.arl.block.BlockModSlab$DummyEnum, values=[BLARG]}
quark:end_bricks_stairs: PropertyDirection{name=facing, clazz=class net.minecraft.util.EnumFacing, values=[north, south, west, east]}, PropertyEnum{name=half, clazz=class net.minecraft.block.BlockStairs$EnumHalf, values=[top, bottom]}, PropertyEnum{name=shape, clazz=class net.minecraft.block.BlockStairs$EnumShape, values=[straight, inner_left, inner_right, outer_left, outer_right]}
quark:end_bricks_wall: PropertyBool{name=east, clazz=class java.lang.Boolean, values=[true, false]}, PropertyBool{name=north, clazz=class java.lang.Boolean, values=[true, false]}, PropertyBool{name=south, clazz=class java.lang.Boolean, values=[true, false]}, PropertyBool{name=up, clazz=class java.lang.Boolean, values=[true, false]}, PropertyBool{name=west, clazz=class java.lang.Boolean, values=[true, false]}
quark:ender_watcher: PropertyBool{name=watched, clazz=class java.lang.Boolean, values=[true, false]}
quark:fire_stone_brick_slab: PropertyEnum{name=half, clazz=class net.minecraft.block.BlockSlab$EnumBlockHalf, values=[top, bottom]}, PropertyEnum{name=prop, clazz=class vazkii.arl.block.BlockModSlab$DummyEnum, values=[BLARG]}
quark:fire_stone_brick_slab_double: PropertyEnum{name=prop, clazz=class vazkii.arl.block.BlockModSlab$DummyEnum, values=[BLARG]}
quark:fire_stone_brick_stairs: PropertyDirection{name=facing, clazz=class net.minecraft.util.EnumFacing, values=[north, south, west, east]}, PropertyEnum{name=half, clazz=class net.minecraft.block.BlockStairs$EnumHalf, values=[top, bottom]}, PropertyEnum{name=shape, clazz=class net.minecraft.block.BlockStairs$EnumShape, values=[straight, inner_left, inner_right, outer_left, outer_right]}
quark:fire_stone_brick_wall: PropertyBool{name=east, clazz=class java.lang.Boolean, values=[true, false]}, PropertyBool{name=north, clazz=class java.lang.Boolean, values=[true, false]}, PropertyBool{name=south, clazz=class java.lang.Boolean, values=[true, false]}, PropertyBool{name=up, clazz=class java.lang.Boolean, values=[true, false]}, PropertyBool{name=west, clazz=class java.lang.Boolean, values=[true, false]}
quark:fire_stone_slab: PropertyEnum{name=half, clazz=class net.minecraft.block.BlockSlab$EnumBlockHalf, values=[top, bottom]}, PropertyEnum{name=prop, clazz=class vazkii.arl.block.BlockModSlab$DummyEnum, values=[BLARG]}
quark:fire_stone_slab_double: PropertyEnum{name=prop, clazz=class vazkii.arl.block.BlockModSlab$DummyEnum, values=[BLARG]}
quark:fire_stone_stairs: PropertyDirection{name=facing, clazz=class net.minecraft.util.EnumFacing, values=[north, south, west, east]}, PropertyEnum{name=half, clazz=class net.minecraft.block.BlockStairs$EnumHalf, values=[top, bottom]}, PropertyEnum{name=shape, clazz=class net.minecraft.block.BlockStairs$EnumShape, values=[straight, inner_left, inner_right, outer_left, outer_right]}
quark:fire_stone_wall: PropertyBool{name=east, clazz=class java.lang.Boolean, values=[true, false]}, PropertyBool{name=north, clazz=class java.lang.Boolean, values=[true, false]}, PropertyBool{name=south, clazz=class java.lang.Boolean, values=[true, false]}, PropertyBool{name=up, clazz=class java.lang.Boolean, values=[true, false]}, PropertyBool{name=west, clazz=class java.lang.Boolean, values=[true, false]}
quark:framed_glass: 
quark:framed_glass_pane: PropertyBool{name=east, clazz=class java.lang.Boolean, values=[true, false]}, PropertyBool{name=north, clazz=class java.lang.Boolean, values=[true, false]}, PropertyBool{name=south, clazz=class java.lang.Boolean, values=[true, false]}, PropertyBool{name=west, clazz=class java.lang.Boolean, values=[true, false]}
quark:glowcelium: 
quark:glowshroom: 
quark:glowshroom_block: PropertyEnum{name=variant, clazz=class net.minecraft.block.BlockHugeMushroom$EnumType, values=[north_west, north, north_east, west, center, east, south_west, south, south_east, stem, all_inside, all_outside, all_stem]}
quark:glowstone_dust_block: PropertyEnum{name=east, clazz=class vazkii.arl.block.BlockModDust$EnumAttachPosition, values=[UP, SIDE, NONE]}, PropertyEnum{name=north, clazz=class vazkii.arl.block.BlockModDust$EnumAttachPosition, values=[UP, SIDE, NONE]}, PropertyEnum{name=south, clazz=class vazkii.arl.block.BlockModDust$EnumAttachPosition, values=[UP, SIDE, NONE]}, PropertyEnum{name=west, clazz=class vazkii.arl.block.BlockModDust$EnumAttachPosition, values=[UP, SIDE, NONE]}
quark:gold_button: PropertyDirection{name=facing, clazz=class net.minecraft.util.EnumFacing, values=[down, up, north, south, west, east]}, PropertyBool{name=powered, clazz=class java.lang.Boolean, values=[true, false]}
quark:granite_speleothem: PropertyEnum{name=size, clazz=class vazkii.quark.world.block.BlockSpeleothem$EnumSize, values=[SMALL, MEDIUM, BIG]}
quark:grate: 
quark:gravisand: 
quark:gunpowder_block: PropertyEnum{name=east, clazz=class vazkii.arl.block.BlockModDust$EnumAttachPosition, values=[UP, SIDE, NONE]}, PropertyBool{name=lit, clazz=class java.lang.Boolean, values=[true, false]}, PropertyEnum{name=north, clazz=class vazkii.arl.block.BlockModDust$EnumAttachPosition, values=[UP, SIDE, NONE]}, PropertyEnum{name=south, clazz=class vazkii.arl.block.BlockModDust$EnumAttachPosition, values=[UP, SIDE, NONE]}, PropertyEnum{name=west, clazz=class vazkii.arl.block.BlockModDust$EnumAttachPosition, values=[UP, SIDE, NONE]}
quark:hardened_clay_tiles: 
quark:hardened_clay_tiles_slab: PropertyEnum{name=half, clazz=class net.minecraft.block.BlockSlab$EnumBlockHalf, values=[top, bottom]}, PropertyEnum{name=prop, clazz=class vazkii.arl.block.BlockModSlab$DummyEnum, values=[BLARG]}
quark:hardened_clay_tiles_slab_double: PropertyEnum{name=prop, clazz=class vazkii.arl.block.BlockModSlab$DummyEnum, values=[BLARG]}
quark:hardened_clay_tiles_stairs: PropertyDirection{name=facing, clazz=class net.minecraft.util.EnumFacing, values=[north, south, west, east]}, PropertyEnum{name=half, clazz=class net.minecraft.block.BlockStairs$EnumHalf, values=[top, bottom]}, PropertyEnum{name=shape, clazz=class net.minecraft.block.BlockStairs$EnumShape, values=[straight, inner_left, inner_right, outer_left, outer_right]}
quark:icy_stone_brick_slab: PropertyEnum{name=half, clazz=class net.minecraft.block.BlockSlab$EnumBlockHalf, values=[top, bottom]}, PropertyEnum{name=prop, clazz=class vazkii.arl.block.BlockModSlab$DummyEnum, values=[BLARG]}
quark:icy_stone_brick_slab_double: PropertyEnum{name=prop, clazz=class vazkii.arl.block.BlockModSlab$DummyEnum, values=[BLARG]}
quark:icy_stone_brick_stairs: PropertyDirection{name=facing, clazz=class net.minecraft.util.EnumFacing, values=[north, south, west, east]}, PropertyEnum{name=half, clazz=class net.minecraft.block.BlockStairs$EnumHalf, values=[top, bottom]}, PropertyEnum{name=shape, clazz=class net.minecraft.block.BlockStairs$EnumShape, values=[straight, inner_left, inner_right, outer_left, outer_right]}
quark:icy_stone_brick_wall: PropertyBool{name=east, clazz=class java.lang.Boolean, values=[true, false]}, PropertyBool{name=north, clazz=class java.lang.Boolean, values=[true, false]}, PropertyBool{name=south, clazz=class java.lang.Boolean, values=[true, false]}, PropertyBool{name=up, clazz=class java.lang.Boolean, values=[true, false]}, PropertyBool{name=west, clazz=class java.lang.Boolean, values=[true, false]}
quark:icy_stone_slab: PropertyEnum{name=half, clazz=class net.minecraft.block.BlockSlab$EnumBlockHalf, values=[top, bottom]}, PropertyEnum{name=prop, clazz=class vazkii.arl.block.BlockModSlab$DummyEnum, values=[BLARG]}
quark:icy_stone_slab_double: PropertyEnum{name=prop, clazz=class vazkii.arl.block.BlockModSlab$DummyEnum, values=[BLARG]}
quark:icy_stone_stairs: PropertyDirection{name=facing, clazz=class net.minecraft.util.EnumFacing, values=[north, south, west, east]}, PropertyEnum{name=half, clazz=class net.minecraft.block.BlockStairs$EnumHalf, values=[top, bottom]}, PropertyEnum{name=shape, clazz=class net.minecraft.block.BlockStairs$EnumShape, values=[straight, inner_left, inner_right, outer_left, outer_right]}
quark:icy_stone_wall: PropertyBool{name=east, clazz=class java.lang.Boolean, values=[true, false]}, PropertyBool{name=north, clazz=class java.lang.Boolean, values=[true, false]}, PropertyBool{name=south, clazz=class java.lang.Boolean, values=[true, false]}, PropertyBool{name=up, clazz=class java.lang.Boolean, values=[true, false]}, PropertyBool{name=west, clazz=class java.lang.Boolean, values=[true, false]}
quark:iron_button: PropertyDirection{name=facing, clazz=class net.minecraft.util.EnumFacing, values=[down, up, north, south, west, east]}, PropertyBool{name=powered, clazz=class java.lang.Boolean, values=[true, false]}
quark:iron_ladder: PropertyDirection{name=facing, clazz=class net.minecraft.util.EnumFacing, values=[north, south, west, east]}
quark:iron_plate: PropertyEnum{name=variant, clazz=class vazkii.quark.building.block.BlockIronPlate$Variants, values=[IRON_PLATE, RUSTY_IRON_PLATE]}
quark:iron_plate_slab: PropertyEnum{name=half, clazz=class net.minecraft.block.BlockSlab$EnumBlockHalf, values=[top, bottom]}, PropertyEnum{name=prop, clazz=class vazkii.arl.block.BlockModSlab$DummyEnum, values=[BLARG]}
quark:iron_plate_slab_double: PropertyEnum{name=prop, clazz=class vazkii.arl.block.BlockModSlab$DummyEnum, values=[BLARG]}
quark:iron_plate_stairs: PropertyDirection{name=facing, clazz=class net.minecraft.util.EnumFacing, values=[north, south, west, east]}, PropertyEnum{name=half, clazz=class net.minecraft.block.BlockStairs$EnumHalf, values=[top, bottom]}, PropertyEnum{name=shape, clazz=class net.minecraft.block.BlockStairs$EnumShape, values=[straight, inner_left, inner_right, outer_left, outer_right]}
quark:iron_rod: PropertyBool{name=connected, clazz=class java.lang.Boolean, values=[true, false]}, PropertyDirection{name=facing, clazz=class net.minecraft.util.EnumFacing, values=[down, up, north, south, west, east]}
quark:jasper: PropertyEnum{name=variant, clazz=class vazkii.quark.world.block.BlockJasper$Variants, values=[STONE_JASPER, STONE_JASPER_SMOOTH]}
quark:jasper_speleothem: PropertyEnum{name=size, clazz=class vazkii.quark.world.block.BlockSpeleothem$EnumSize, values=[SMALL, MEDIUM, BIG]}
quark:jasper_wall: PropertyBool{name=east, clazz=class java.lang.Boolean, values=[true, false]}, PropertyBool{name=north, clazz=class java.lang.Boolean, values=[true, false]}, PropertyBool{name=south, clazz=class java.lang.Boolean, values=[true, false]}, PropertyBool{name=up, clazz=class java.lang.Boolean, values=[true, false]}, PropertyBool{name=west, clazz=class java.lang.Boolean, values=[true, false]}
quark:jungle_button: PropertyDirection{name=facing, clazz=class net.minecraft.util.EnumFacing, values=[down, up, north, south, west, east]}, PropertyBool{name=powered, clazz=class java.lang.Boolean, values=[true, false]}
quark:jungle_pressure_plate: PropertyBool{name=powered, clazz=class java.lang.Boolean, values=[true, false]}
quark:jungle_trapdoor: PropertyDirection{name=facing, clazz=class net.minecraft.util.EnumFacing, values=[north, south, west, east]}, PropertyEnum{name=half, clazz=class net.minecraft.block.BlockTrapDoor$DoorHalf, values=[top, bottom]}, PropertyBool{name=open, clazz=class java.lang.Boolean, values=[true, false]}
quark:leaf_carpet: PropertyEnum{name=variant, clazz=class vazkii.quark.decoration.block.BlockLeafCarpet$Variants, values=[OAK_LEAF_CARPET, SPRUCE_LEAF_CARPET, BIRCH_LEAF_CARPET, JUNGLE_LEAF_CARPET, ACACIA_LEAF_CARPET, DARK_OAK_LEAF_CARPET, SWAMP_LEAF_CARPET, SAKURA_LEAF_CARPET]}
quark:limestone: PropertyEnum{name=variant, clazz=class vazkii.quark.world.block.BlockLimestone$Variants, values=[STONE_LIMESTONE, STONE_LIMESTONE_SMOOTH]}
quark:limestone_speleothem: PropertyEnum{name=size, clazz=class vazkii.quark.world.block.BlockSpeleothem$EnumSize, values=[SMALL, MEDIUM, BIG]}
quark:limestone_wall: PropertyBool{name=east, clazz=class java.lang.Boolean, values=[true, false]}, PropertyBool{name=north, clazz=class java.lang.Boolean, values=[true, false]}, PropertyBool{name=south, clazz=class java.lang.Boolean, values=[true, false]}, PropertyBool{name=up, clazz=class java.lang.Boolean, values=[true, false]}, PropertyBool{name=west, clazz=class java.lang.Boolean, values=[true, false]}
quark:lit_lamp: 
quark:magma_bricks: 
quark:magma_bricks_slab: PropertyEnum{name=half, clazz=class net.minecraft.block.BlockSlab$EnumBlockHalf, values=[top, bottom]}, PropertyEnum{name=prop, clazz=class vazkii.arl.block.BlockModSlab$DummyEnum, values=[BLARG]}
quark:magma_bricks_slab_double: PropertyEnum{name=prop, clazz=class vazkii.arl.block.BlockModSlab$DummyEnum, values=[BLARG]}
quark:magma_bricks_stairs: PropertyDirection{name=facing, clazz=class net.minecraft.util.EnumFacing, values=[north, south, west, east]}, PropertyEnum{name=half, clazz=class net.minecraft.block.BlockStairs$EnumHalf, values=[top, bottom]}, PropertyEnum{name=shape, clazz=class net.minecraft.block.BlockStairs$EnumShape, values=[straight, inner_left, inner_right, outer_left, outer_right]}
quark:marble: PropertyEnum{name=variant, clazz=class vazkii.quark.world.block.BlockMarble$Variants, values=[STONE_MARBLE, STONE_MARBLE_SMOOTH]}
quark:marble_speleothem: PropertyEnum{name=size, clazz=class vazkii.quark.world.block.BlockSpeleothem$EnumSize, values=[SMALL, MEDIUM, BIG]}
quark:marble_wall: PropertyBool{name=east, clazz=class java.lang.Boolean, values=[true, false]}, PropertyBool{name=north, clazz=class java.lang.Boolean, values=[true, false]}, PropertyBool{name=south, clazz=class java.lang.Boolean, values=[true, false]}, PropertyBool{name=up, clazz=class java.lang.Boolean, values=[true, false]}, PropertyBool{name=west, clazz=class java.lang.Boolean, values=[true, false]}
quark:midori_block: 
quark:midori_block_slab: PropertyEnum{name=half, clazz=class net.minecraft.block.BlockSlab$EnumBlockHalf, values=[top, bottom]}, PropertyEnum{name=prop, clazz=class vazkii.arl.block.BlockModSlab$DummyEnum, values=[BLARG]}
quark:midori_block_slab_double: PropertyEnum{name=prop, clazz=class vazkii.arl.block.BlockModSlab$DummyEnum, values=[BLARG]}
quark:midori_block_stairs: PropertyDirection{name=facing, clazz=class net.minecraft.util.EnumFacing, values=[north, south, west, east]}, PropertyEnum{name=half, clazz=class net.minecraft.block.BlockStairs$EnumHalf, values=[top, bottom]}, PropertyEnum{name=shape, clazz=class net.minecraft.block.BlockStairs$EnumShape, values=[straight, inner_left, inner_right, outer_left, outer_right]}
quark:midori_block_wall: PropertyBool{name=east, clazz=class java.lang.Boolean, values=[true, false]}, PropertyBool{name=north, clazz=class java.lang.Boolean, values=[true, false]}, PropertyBool{name=south, clazz=class java.lang.Boolean, values=[true, false]}, PropertyBool{name=up, clazz=class java.lang.Boolean, values=[true, false]}, PropertyBool{name=west, clazz=class java.lang.Boolean, values=[true, false]}
quark:midori_pillar: PropertyEnum{name=axis, clazz=class net.minecraft.util.EnumFacing$Axis, values=[x, y, z]}
quark:monster_box: 
quark:nether_brick_fence_gate: PropertyDirection{name=facing, clazz=class net.minecraft.util.EnumFacing, values=[north, south, west, east]}, PropertyBool{name=in_wall, clazz=class java.lang.Boolean, values=[true, false]}, PropertyBool{name=open, clazz=class java.lang.Boolean, values=[true, false]}, PropertyBool{name=powered, clazz=class java.lang.Boolean, values=[true, false]}
quark:netherrack_speleothem: PropertyEnum{name=size, clazz=class vazkii.quark.world.block.BlockSpeleothem$EnumSize, values=[SMALL, MEDIUM, BIG]}
quark:obsidian_pressure_plate: PropertyBool{name=powered, clazz=class java.lang.Boolean, values=[true, false]}
quark:paper_lantern: PropertyEnum{name=variant, clazz=class vazkii.quark.decoration.block.BlockPaperLantern$Variants, values=[PAPER_LANTERN, PAPER_LANTERN_SAKURA]}
quark:paper_wall: PropertyBool{name=east, clazz=class java.lang.Boolean, values=[true, false]}, PropertyBool{name=north, clazz=class java.lang.Boolean, values=[true, false]}, PropertyBool{name=south, clazz=class java.lang.Boolean, values=[true, false]}, PropertyBool{name=west, clazz=class java.lang.Boolean, values=[true, false]}
quark:paper_wall_big: PropertyBool{name=east, clazz=class java.lang.Boolean, values=[true, false]}, PropertyBool{name=north, clazz=class java.lang.Boolean, values=[true, false]}, PropertyBool{name=south, clazz=class java.lang.Boolean, values=[true, false]}, PropertyBool{name=west, clazz=class java.lang.Boolean, values=[true, false]}
quark:paper_wall_sakura: PropertyBool{name=east, clazz=class java.lang.Boolean, values=[true, false]}, PropertyBool{name=north, clazz=class java.lang.Boolean, values=[true, false]}, PropertyBool{name=south, clazz=class java.lang.Boolean, values=[true, false]}, PropertyBool{name=west, clazz=class java.lang.Boolean, values=[true, false]}
quark:pipe: PropertyEnum{name=down, clazz=class vazkii.quark.oddities.block.BlockPipe$ConnectionType, values=[NONE, PIPE, TERMINAL, PROP]}, PropertyEnum{name=east, clazz=class vazkii.quark.oddities.block.BlockPipe$ConnectionType, values=[NONE, PIPE, TERMINAL, PROP]}, PropertyBool{name=enabled, clazz=class java.lang.Boolean, values=[true, false]}, PropertyEnum{name=north, clazz=class vazkii.quark.oddities.block.BlockPipe$ConnectionType, values=[NONE, PIPE, TERMINAL, PROP]}, PropertyEnum{name=south, clazz=class vazkii.quark.oddities.block.BlockPipe$ConnectionType, values=[NONE, PIPE, TERMINAL, PROP]}, PropertyEnum{name=up, clazz=class vazkii.quark.oddities.block.BlockPipe$ConnectionType, values=[NONE, PIPE, TERMINAL, PROP]}, PropertyEnum{name=west, clazz=class vazkii.quark.oddities.block.BlockPipe$ConnectionType, values=[NONE, PIPE, TERMINAL, PROP]}
quark:polished_netherrack: PropertyEnum{name=variant, clazz=class vazkii.quark.building.block.BlockPolishedNetherrack$Variants, values=[POLISHED_NETHERRACK, POLISHED_NETHERRACK_BRICKS]}
quark:polished_netherrack_bricks_slab: PropertyEnum{name=half, clazz=class net.minecraft.block.BlockSlab$EnumBlockHalf, values=[top, bottom]}, PropertyEnum{name=prop, clazz=class vazkii.arl.block.BlockModSlab$DummyEnum, values=[BLARG]}
quark:polished_netherrack_bricks_slab_double: PropertyEnum{name=prop, clazz=class vazkii.arl.block.BlockModSlab$DummyEnum, values=[BLARG]}
quark:polished_netherrack_bricks_stairs: PropertyDirection{name=facing, clazz=class net.minecraft.util.EnumFacing, values=[north, south, west, east]}, PropertyEnum{name=half, clazz=class net.minecraft.block.BlockStairs$EnumHalf, values=[top, bottom]}, PropertyEnum{name=shape, clazz=class net.minecraft.block.BlockStairs$EnumShape, values=[straight, inner_left, inner_right, outer_left, outer_right]}
quark:polished_netherrack_bricks_wall: PropertyBool{name=east, clazz=class java.lang.Boolean, values=[true, false]}, PropertyBool{name=north, clazz=class java.lang.Boolean, values=[true, false]}, PropertyBool{name=south, clazz=class java.lang.Boolean, values=[true, false]}, PropertyBool{name=up, clazz=class java.lang.Boolean, values=[true, false]}, PropertyBool{name=west, clazz=class java.lang.Boolean, values=[true, false]}
quark:polished_stone: 
quark:prismarine_bricks_slab: PropertyEnum{name=half, clazz=class net.minecraft.block.BlockSlab$EnumBlockHalf, values=[top, bottom]}, PropertyEnum{name=prop, clazz=class vazkii.arl.block.BlockModSlab$DummyEnum, values=[BLARG]}
quark:prismarine_bricks_slab_double: PropertyEnum{name=prop, clazz=class vazkii.arl.block.BlockModSlab$DummyEnum, values=[BLARG]}
quark:prismarine_bricks_stairs: PropertyDirection{name=facing, clazz=class net.minecraft.util.EnumFacing, values=[north, south, west, east]}, PropertyEnum{name=half, clazz=class net.minecraft.block.BlockStairs$EnumHalf, values=[top, bottom]}, PropertyEnum{name=shape, clazz=class net.minecraft.block.BlockStairs$EnumShape, values=[straight, inner_left, inner_right, outer_left, outer_right]}
quark:prismarine_bricks_wall: PropertyBool{name=east, clazz=class java.lang.Boolean, values=[true, false]}, PropertyBool{name=north, clazz=class java.lang.Boolean, values=[true, false]}, PropertyBool{name=south, clazz=class java.lang.Boolean, values=[true, false]}, PropertyBool{name=up, clazz=class java.lang.Boolean, values=[true, false]}, PropertyBool{name=west, clazz=class java.lang.Boolean, values=[true, false]}
quark:prismarine_dark_slab: PropertyEnum{name=half, clazz=class net.minecraft.block.BlockSlab$EnumBlockHalf, values=[top, bottom]}, PropertyEnum{name=prop, clazz=class vazkii.arl.block.BlockModSlab$DummyEnum, values=[BLARG]}
quark:prismarine_dark_slab_double: PropertyEnum{name=prop, clazz=class vazkii.arl.block.BlockModSlab$DummyEnum, values=[BLARG]}
quark:prismarine_dark_stairs: PropertyDirection{name=facing, clazz=class net.minecraft.util.EnumFacing, values=[north, south, west, east]}, PropertyEnum{name=half, clazz=class net.minecraft.block.BlockStairs$EnumHalf, values=[top, bottom]}, PropertyEnum{name=shape, clazz=class net.minecraft.block.BlockStairs$EnumShape, values=[straight, inner_left, inner_right, outer_left, outer_right]}
quark:prismarine_rough_wall: PropertyBool{name=east, clazz=class java.lang.Boolean, values=[true, false]}, PropertyBool{name=north, clazz=class java.lang.Boolean, values=[true, false]}, PropertyBool{name=south, clazz=class java.lang.Boolean, values=[true, false]}, PropertyBool{name=up, clazz=class java.lang.Boolean, values=[true, false]}, PropertyBool{name=west, clazz=class java.lang.Boolean, values=[true, false]}
quark:prismarine_slab: PropertyEnum{name=half, clazz=class net.minecraft.block.BlockSlab$EnumBlockHalf, values=[top, bottom]}, PropertyEnum{name=prop, clazz=class vazkii.arl.block.BlockModSlab$DummyEnum, values=[BLARG]}
quark:prismarine_slab_double: PropertyEnum{name=prop, clazz=class vazkii.arl.block.BlockModSlab$DummyEnum, values=[BLARG]}
quark:prismarine_stairs: PropertyDirection{name=facing, clazz=class net.minecraft.util.EnumFacing, values=[north, south, west, east]}, PropertyEnum{name=half, clazz=class net.minecraft.block.BlockStairs$EnumHalf, values=[top, bottom]}, PropertyEnum{name=shape, clazz=class net.minecraft.block.BlockStairs$EnumShape, values=[straight, inner_left, inner_right, outer_left, outer_right]}
quark:purpur_block_wall: PropertyBool{name=east, clazz=class java.lang.Boolean, values=[true, false]}, PropertyBool{name=north, clazz=class java.lang.Boolean, values=[true, false]}, PropertyBool{name=south, clazz=class java.lang.Boolean, values=[true, false]}, PropertyBool{name=up, clazz=class java.lang.Boolean, values=[true, false]}, PropertyBool{name=west, clazz=class java.lang.Boolean, values=[true, false]}
quark:quartz_wall: PropertyBool{name=east, clazz=class java.lang.Boolean, values=[true, false]}, PropertyBool{name=north, clazz=class java.lang.Boolean, values=[true, false]}, PropertyBool{name=south, clazz=class java.lang.Boolean, values=[true, false]}, PropertyBool{name=up, clazz=class java.lang.Boolean, values=[true, false]}, PropertyBool{name=west, clazz=class java.lang.Boolean, values=[true, false]}
quark:quilted_wool: PropertyEnum{name=variant, clazz=class vazkii.quark.building.block.BlockQuiltedWool$Variants, values=[WOOL_QUILTED_WHITE, WOOL_QUILTED_ORANGE, WOOL_QUILTED_MAGENTA, WOOL_QUILTED_LIGHT_BLUE, WOOL_QUILTED_YELLOW, WOOL_QUILTED_LIME, WOOL_QUILTED_PINK, WOOL_QUILTED_GRAY, WOOL_QUILTED_SILVER, WOOL_QUILTED_CYAN, WOOL_QUILTED_PURPLE, WOOL_QUILTED_BLUE, WOOL_QUILTED_BROWN, WOOL_QUILTED_GREEN, WOOL_QUILTED_RED, WOOL_QUILTED_BLACK]}
quark:rain_detector: PropertyBool{name=inverted, clazz=class java.lang.Boolean, values=[true, false]}, PropertyBool{name=power, clazz=class java.lang.Boolean, values=[true, false]}
quark:red_nether_brick_slab: PropertyEnum{name=half, clazz=class net.minecraft.block.BlockSlab$EnumBlockHalf, values=[top, bottom]}, PropertyEnum{name=prop, clazz=class vazkii.arl.block.BlockModSlab$DummyEnum, values=[BLARG]}
quark:red_nether_brick_slab_double: PropertyEnum{name=prop, clazz=class vazkii.arl.block.BlockModSlab$DummyEnum, values=[BLARG]}
quark:red_nether_brick_stairs: PropertyDirection{name=facing, clazz=class net.minecraft.util.EnumFacing, values=[north, south, west, east]}, PropertyEnum{name=half, clazz=class net.minecraft.block.BlockStairs$EnumHalf, values=[top, bottom]}, PropertyEnum{name=shape, clazz=class net.minecraft.block.BlockStairs$EnumShape, values=[straight, inner_left, inner_right, outer_left, outer_right]}
quark:red_sandstone_bricks_slab: PropertyEnum{name=half, clazz=class net.minecraft.block.BlockSlab$EnumBlockHalf, values=[top, bottom]}, PropertyEnum{name=prop, clazz=class vazkii.arl.block.BlockModSlab$DummyEnum, values=[BLARG]}
quark:red_sandstone_bricks_slab_double: PropertyEnum{name=prop, clazz=class vazkii.arl.block.BlockModSlab$DummyEnum, values=[BLARG]}
quark:red_sandstone_bricks_stairs: PropertyDirection{name=facing, clazz=class net.minecraft.util.EnumFacing, values=[north, south, west, east]}, PropertyEnum{name=half, clazz=class net.minecraft.block.BlockStairs$EnumHalf, values=[top, bottom]}, PropertyEnum{name=shape, clazz=class net.minecraft.block.BlockStairs$EnumShape, values=[straight, inner_left, inner_right, outer_left, outer_right]}
quark:red_sandstone_smooth_slab: PropertyEnum{name=half, clazz=class net.minecraft.block.BlockSlab$EnumBlockHalf, values=[top, bottom]}, PropertyEnum{name=prop, clazz=class vazkii.arl.block.BlockModSlab$DummyEnum, values=[BLARG]}
quark:red_sandstone_smooth_slab_double: PropertyEnum{name=prop, clazz=class vazkii.arl.block.BlockModSlab$DummyEnum, values=[BLARG]}
quark:red_sandstone_wall: PropertyBool{name=east, clazz=class java.lang.Boolean, values=[true, false]}, PropertyBool{name=north, clazz=class java.lang.Boolean, values=[true, false]}, PropertyBool{name=south, clazz=class java.lang.Boolean, values=[true, false]}, PropertyBool{name=up, clazz=class java.lang.Boolean, values=[true, false]}, PropertyBool{name=west, clazz=class java.lang.Boolean, values=[true, false]}
quark:redstone_inductor: PropertyDirection{name=facing, clazz=class net.minecraft.util.EnumFacing, values=[north, south, west, east]}, PropertyBool{name=locked, clazz=class java.lang.Boolean, values=[true, false]}, PropertyInteger{name=power, clazz=class java.lang.Integer, values=[0, 1, 2, 3, 4, 5, 6, 7, 8, 9, 10, 11, 12, 13, 14, 15]}, PropertyBool{name=powered, clazz=class java.lang.Boolean, values=[true, false]}
quark:redstone_randomizer: PropertyDirection{name=facing, clazz=class net.minecraft.util.EnumFacing, values=[north, south, west, east]}, PropertyBool{name=power_left, clazz=class java.lang.Boolean, values=[true, false]}, PropertyBool{name=powered, clazz=class java.lang.Boolean, values=[true, false]}
quark:reed_block: PropertyEnum{name=axis, clazz=class net.minecraft.util.EnumFacing$Axis, values=[x, y, z]}
quark:reed_block_slab: PropertyEnum{name=half, clazz=class net.minecraft.block.BlockSlab$EnumBlockHalf, values=[top, bottom]}, PropertyEnum{name=prop, clazz=class vazkii.arl.block.BlockModSlab$DummyEnum, values=[BLARG]}
quark:reed_block_slab_double: PropertyEnum{name=prop, clazz=class vazkii.arl.block.BlockModSlab$DummyEnum, values=[BLARG]}
quark:reed_block_stairs: PropertyDirection{name=facing, clazz=class net.minecraft.util.EnumFacing, values=[north, south, west, east]}, PropertyEnum{name=half, clazz=class net.minecraft.block.BlockStairs$EnumHalf, values=[top, bottom]}, PropertyEnum{name=shape, clazz=class net.minecraft.block.BlockStairs$EnumShape, values=[straight, inner_left, inner_right, outer_left, outer_right]}
quark:reed_block_wall: PropertyBool{name=east, clazz=class java.lang.Boolean, values=[true, false]}, PropertyBool{name=north, clazz=class java.lang.Boolean, values=[true, false]}, PropertyBool{name=south, clazz=class java.lang.Boolean, values=[true, false]}, PropertyBool{name=up, clazz=class java.lang.Boolean, values=[true, false]}, PropertyBool{name=west, clazz=class java.lang.Boolean, values=[true, false]}
quark:roots: PropertyBool{name=east, clazz=class java.lang.Boolean, values=[true, false]}, PropertyBool{name=north, clazz=class java.lang.Boolean, values=[true, false]}, PropertyBool{name=south, clazz=class java.lang.Boolean, values=[true, false]}, PropertyBool{name=up, clazz=class java.lang.Boolean, values=[true, false]}, PropertyBool{name=west, clazz=class java.lang.Boolean, values=[true, false]}
quark:roots_black_flower: PropertyBool{name=east, clazz=class java.lang.Boolean, values=[true, false]}, PropertyBool{name=north, clazz=class java.lang.Boolean, values=[true, false]}, PropertyBool{name=south, clazz=class java.lang.Boolean, values=[true, false]}, PropertyBool{name=up, clazz=class java.lang.Boolean, values=[true, false]}, PropertyBool{name=west, clazz=class java.lang.Boolean, values=[true, false]}
quark:roots_blue_flower: PropertyBool{name=east, clazz=class java.lang.Boolean, values=[true, false]}, PropertyBool{name=north, clazz=class java.lang.Boolean, values=[true, false]}, PropertyBool{name=south, clazz=class java.lang.Boolean, values=[true, false]}, PropertyBool{name=up, clazz=class java.lang.Boolean, values=[true, false]}, PropertyBool{name=west, clazz=class java.lang.Boolean, values=[true, false]}
quark:roots_white_flower: PropertyBool{name=east, clazz=class java.lang.Boolean, values=[true, false]}, PropertyBool{name=north, clazz=class java.lang.Boolean, values=[true, false]}, PropertyBool{name=south, clazz=class java.lang.Boolean, values=[true, false]}, PropertyBool{name=up, clazz=class java.lang.Boolean, values=[true, false]}, PropertyBool{name=west, clazz=class java.lang.Boolean, values=[true, false]}
quark:rope: 
quark:sandstone_bricks_slab: PropertyEnum{name=half, clazz=class net.minecraft.block.BlockSlab$EnumBlockHalf, values=[top, bottom]}, PropertyEnum{name=prop, clazz=class vazkii.arl.block.BlockModSlab$DummyEnum, values=[BLARG]}
quark:sandstone_bricks_slab_double: PropertyEnum{name=prop, clazz=class vazkii.arl.block.BlockModSlab$DummyEnum, values=[BLARG]}
quark:sandstone_bricks_stairs: PropertyDirection{name=facing, clazz=class net.minecraft.util.EnumFacing, values=[north, south, west, east]}, PropertyEnum{name=half, clazz=class net.minecraft.block.BlockStairs$EnumHalf, values=[top, bottom]}, PropertyEnum{name=shape, clazz=class net.minecraft.block.BlockStairs$EnumShape, values=[straight, inner_left, inner_right, outer_left, outer_right]}
quark:sandstone_new: PropertyEnum{name=variant, clazz=class vazkii.quark.building.block.BlockNewSandstone$Variants, values=[SANDSTONE_SMOOTH, SANDSTONE_BRICKS, RED_SANDSTONE_SMOOTH, RED_SANDSTONE_BRICKS, SOUL_SANDSTONE_SMOOTH, SOUL_SANDSTONE_BRICKS]}
quark:sandstone_smooth_slab: PropertyEnum{name=half, clazz=class net.minecraft.block.BlockSlab$EnumBlockHalf, values=[top, bottom]}, PropertyEnum{name=prop, clazz=class vazkii.arl.block.BlockModSlab$DummyEnum, values=[BLARG]}
quark:sandstone_smooth_slab_double: PropertyEnum{name=prop, clazz=class vazkii.arl.block.BlockModSlab$DummyEnum, values=[BLARG]}
quark:sandstone_wall: PropertyBool{name=east, clazz=class java.lang.Boolean, values=[true, false]}, PropertyBool{name=north, clazz=class java.lang.Boolean, values=[true, false]}, PropertyBool{name=south, clazz=class java.lang.Boolean, values=[true, false]}, PropertyBool{name=up, clazz=class java.lang.Boolean, values=[true, false]}, PropertyBool{name=west, clazz=class java.lang.Boolean, values=[true, false]}
quark:sandy_bricks: 
quark:sandy_bricks_slab: PropertyEnum{name=half, clazz=class net.minecraft.block.BlockSlab$EnumBlockHalf, values=[top, bottom]}, PropertyEnum{name=prop, clazz=class vazkii.arl.block.BlockModSlab$DummyEnum, values=[BLARG]}
quark:sandy_bricks_slab_double: PropertyEnum{name=prop, clazz=class vazkii.arl.block.BlockModSlab$DummyEnum, values=[BLARG]}
quark:sandy_bricks_stairs: PropertyDirection{name=facing, clazz=class net.minecraft.util.EnumFacing, values=[north, south, west, east]}, PropertyEnum{name=half, clazz=class net.minecraft.block.BlockStairs$EnumHalf, values=[top, bottom]}, PropertyEnum{name=shape, clazz=class net.minecraft.block.BlockStairs$EnumShape, values=[straight, inner_left, inner_right, outer_left, outer_right]}
quark:sandy_bricks_wall: PropertyBool{name=east, clazz=class java.lang.Boolean, values=[true, false]}, PropertyBool{name=north, clazz=class java.lang.Boolean, values=[true, false]}, PropertyBool{name=south, clazz=class java.lang.Boolean, values=[true, false]}, PropertyBool{name=up, clazz=class java.lang.Boolean, values=[true, false]}, PropertyBool{name=west, clazz=class java.lang.Boolean, values=[true, false]}
quark:slate: PropertyEnum{name=variant, clazz=class vazkii.quark.world.block.BlockSlate$Variants, values=[STONE_SLATE, STONE_SLATE_SMOOTH]}
quark:slate_speleothem: PropertyEnum{name=size, clazz=class vazkii.quark.world.block.BlockSpeleothem$EnumSize, values=[SMALL, MEDIUM, BIG]}
quark:slate_wall: PropertyBool{name=east, clazz=class java.lang.Boolean, values=[true, false]}, PropertyBool{name=north, clazz=class java.lang.Boolean, values=[true, false]}, PropertyBool{name=south, clazz=class java.lang.Boolean, values=[true, false]}, PropertyBool{name=up, clazz=class java.lang.Boolean, values=[true, false]}, PropertyBool{name=west, clazz=class java.lang.Boolean, values=[true, false]}
quark:smoker: 
quark:snow_bricks: 
quark:snow_bricks_slab: PropertyEnum{name=half, clazz=class net.minecraft.block.BlockSlab$EnumBlockHalf, values=[top, bottom]}, PropertyEnum{name=prop, clazz=class vazkii.arl.block.BlockModSlab$DummyEnum, values=[BLARG]}
quark:snow_bricks_slab_double: PropertyEnum{name=prop, clazz=class vazkii.arl.block.BlockModSlab$DummyEnum, values=[BLARG]}
quark:snow_bricks_stairs: PropertyDirection{name=facing, clazz=class net.minecraft.util.EnumFacing, values=[north, south, west, east]}, PropertyEnum{name=half, clazz=class net.minecraft.block.BlockStairs$EnumHalf, values=[top, bottom]}, PropertyEnum{name=shape, clazz=class net.minecraft.block.BlockStairs$EnumShape, values=[straight, inner_left, inner_right, outer_left, outer_right]}
quark:snow_bricks_wall: PropertyBool{name=east, clazz=class java.lang.Boolean, values=[true, false]}, PropertyBool{name=north, clazz=class java.lang.Boolean, values=[true, false]}, PropertyBool{name=south, clazz=class java.lang.Boolean, values=[true, false]}, PropertyBool{name=up, clazz=class java.lang.Boolean, values=[true, false]}, PropertyBool{name=west, clazz=class java.lang.Boolean, values=[true, false]}
quark:soul_sandstone: PropertyEnum{name=variant, clazz=class vazkii.quark.building.block.BlockSoulSandstone$Variants, values=[SOUL_SANDSTONE, CHISELED_SOUL_SANDSTONE, SMOOTH_SOUL_SANDSTONE]}
quark:soul_sandstone_bricks_slab: PropertyEnum{name=half, clazz=class net.minecraft.block.BlockSlab$EnumBlockHalf, values=[top, bottom]}, PropertyEnum{name=prop, clazz=class vazkii.arl.block.BlockModSlab$DummyEnum, values=[BLARG]}
quark:soul_sandstone_bricks_slab_double: PropertyEnum{name=prop, clazz=class vazkii.arl.block.BlockModSlab$DummyEnum, values=[BLARG]}
quark:soul_sandstone_bricks_stairs: PropertyDirection{name=facing, clazz=class net.minecraft.util.EnumFacing, values=[north, south, west, east]}, PropertyEnum{name=half, clazz=class net.minecraft.block.BlockStairs$EnumHalf, values=[top, bottom]}, PropertyEnum{name=shape, clazz=class net.minecraft.block.BlockStairs$EnumShape, values=[straight, inner_left, inner_right, outer_left, outer_right]}
quark:soul_sandstone_slab: PropertyEnum{name=half, clazz=class net.minecraft.block.BlockSlab$EnumBlockHalf, values=[top, bottom]}, PropertyEnum{name=prop, clazz=class vazkii.arl.block.BlockModSlab$DummyEnum, values=[BLARG]}
quark:soul_sandstone_slab_double: PropertyEnum{name=prop, clazz=class vazkii.arl.block.BlockModSlab$DummyEnum, values=[BLARG]}
quark:soul_sandstone_smooth_slab: PropertyEnum{name=half, clazz=class net.minecraft.block.BlockSlab$EnumBlockHalf, values=[top, bottom]}, PropertyEnum{name=prop, clazz=class vazkii.arl.block.BlockModSlab$DummyEnum, values=[BLARG]}
quark:soul_sandstone_smooth_slab_double: PropertyEnum{name=prop, clazz=class vazkii.arl.block.BlockModSlab$DummyEnum, values=[BLARG]}
quark:soul_sandstone_stairs: PropertyDirection{name=facing, clazz=class net.minecraft.util.EnumFacing, values=[north, south, west, east]}, PropertyEnum{name=half, clazz=class net.minecraft.block.BlockStairs$EnumHalf, values=[top, bottom]}, PropertyEnum{name=shape, clazz=class net.minecraft.block.BlockStairs$EnumShape, values=[straight, inner_left, inner_right, outer_left, outer_right]}
quark:soul_sandstone_wall: PropertyBool{name=east, clazz=class java.lang.Boolean, values=[true, false]}, PropertyBool{name=north, clazz=class java.lang.Boolean, values=[true, false]}, PropertyBool{name=south, clazz=class java.lang.Boolean, values=[true, false]}, PropertyBool{name=up, clazz=class java.lang.Boolean, values=[true, false]}, PropertyBool{name=west, clazz=class java.lang.Boolean, values=[true, false]}
quark:spruce_button: PropertyDirection{name=facing, clazz=class net.minecraft.util.EnumFacing, values=[down, up, north, south, west, east]}, PropertyBool{name=powered, clazz=class java.lang.Boolean, values=[true, false]}
quark:spruce_pressure_plate: PropertyBool{name=powered, clazz=class java.lang.Boolean, values=[true, false]}
quark:spruce_trapdoor: PropertyDirection{name=facing, clazz=class net.minecraft.util.EnumFacing, values=[north, south, west, east]}, PropertyEnum{name=half, clazz=class net.minecraft.block.BlockTrapDoor$DoorHalf, values=[top, bottom]}, PropertyBool{name=open, clazz=class java.lang.Boolean, values=[true, false]}
quark:stained_clay_tiles: PropertyEnum{name=variant, clazz=class vazkii.quark.building.block.BlockStainedClayTiles$Variants, values=[STAINED_CLAY_TILES_WHITE, STAINED_CLAY_TILES_ORANGE, STAINED_CLAY_TILES_MAGENTA, STAINED_CLAY_TILES_LIGHT_BLUE, STAINED_CLAY_TILES_YELLOW, STAINED_CLAY_TILES_LIME, STAINED_CLAY_TILES_PINK, STAINED_CLAY_TILES_GRAY, STAINED_CLAY_TILES_SILVER, STAINED_CLAY_TILES_CYAN, STAINED_CLAY_TILES_PURPLE, STAINED_CLAY_TILES_BLUE, STAINED_CLAY_TILES_BROWN, STAINED_CLAY_TILES_GREEN, STAINED_CLAY_TILES_RED, STAINED_CLAY_TILES_BLACK]}
quark:stained_clay_tiles_black_slab: PropertyEnum{name=half, clazz=class net.minecraft.block.BlockSlab$EnumBlockHalf, values=[top, bottom]}, PropertyEnum{name=prop, clazz=class vazkii.arl.block.BlockModSlab$DummyEnum, values=[BLARG]}
quark:stained_clay_tiles_black_slab_double: PropertyEnum{name=prop, clazz=class vazkii.arl.block.BlockModSlab$DummyEnum, values=[BLARG]}
quark:stained_clay_tiles_black_stairs: PropertyDirection{name=facing, clazz=class net.minecraft.util.EnumFacing, values=[north, south, west, east]}, PropertyEnum{name=half, clazz=class net.minecraft.block.BlockStairs$EnumHalf, values=[top, bottom]}, PropertyEnum{name=shape, clazz=class net.minecraft.block.BlockStairs$EnumShape, values=[straight, inner_left, inner_right, outer_left, outer_right]}
quark:stained_clay_tiles_blue_slab: PropertyEnum{name=half, clazz=class net.minecraft.block.BlockSlab$EnumBlockHalf, values=[top, bottom]}, PropertyEnum{name=prop, clazz=class vazkii.arl.block.BlockModSlab$DummyEnum, values=[BLARG]}
quark:stained_clay_tiles_blue_slab_double: PropertyEnum{name=prop, clazz=class vazkii.arl.block.BlockModSlab$DummyEnum, values=[BLARG]}
quark:stained_clay_tiles_blue_stairs: PropertyDirection{name=facing, clazz=class net.minecraft.util.EnumFacing, values=[north, south, west, east]}, PropertyEnum{name=half, clazz=class net.minecraft.block.BlockStairs$EnumHalf, values=[top, bottom]}, PropertyEnum{name=shape, clazz=class net.minecraft.block.BlockStairs$EnumShape, values=[straight, inner_left, inner_right, outer_left, outer_right]}
quark:stained_clay_tiles_brown_slab: PropertyEnum{name=half, clazz=class net.minecraft.block.BlockSlab$EnumBlockHalf, values=[top, bottom]}, PropertyEnum{name=prop, clazz=class vazkii.arl.block.BlockModSlab$DummyEnum, values=[BLARG]}
quark:stained_clay_tiles_brown_slab_double: PropertyEnum{name=prop, clazz=class vazkii.arl.block.BlockModSlab$DummyEnum, values=[BLARG]}
quark:stained_clay_tiles_brown_stairs: PropertyDirection{name=facing, clazz=class net.minecraft.util.EnumFacing, values=[north, south, west, east]}, PropertyEnum{name=half, clazz=class net.minecraft.block.BlockStairs$EnumHalf, values=[top, bottom]}, PropertyEnum{name=shape, clazz=class net.minecraft.block.BlockStairs$EnumShape, values=[straight, inner_left, inner_right, outer_left, outer_right]}
quark:stained_clay_tiles_cyan_slab: PropertyEnum{name=half, clazz=class net.minecraft.block.BlockSlab$EnumBlockHalf, values=[top, bottom]}, PropertyEnum{name=prop, clazz=class vazkii.arl.block.BlockModSlab$DummyEnum, values=[BLARG]}
quark:stained_clay_tiles_cyan_slab_double: PropertyEnum{name=prop, clazz=class vazkii.arl.block.BlockModSlab$DummyEnum, values=[BLARG]}
quark:stained_clay_tiles_cyan_stairs: PropertyDirection{name=facing, clazz=class net.minecraft.util.EnumFacing, values=[north, south, west, east]}, PropertyEnum{name=half, clazz=class net.minecraft.block.BlockStairs$EnumHalf, values=[top, bottom]}, PropertyEnum{name=shape, clazz=class net.minecraft.block.BlockStairs$EnumShape, values=[straight, inner_left, inner_right, outer_left, outer_right]}
quark:stained_clay_tiles_gray_slab: PropertyEnum{name=half, clazz=class net.minecraft.block.BlockSlab$EnumBlockHalf, values=[top, bottom]}, PropertyEnum{name=prop, clazz=class vazkii.arl.block.BlockModSlab$DummyEnum, values=[BLARG]}
quark:stained_clay_tiles_gray_slab_double: PropertyEnum{name=prop, clazz=class vazkii.arl.block.BlockModSlab$DummyEnum, values=[BLARG]}
quark:stained_clay_tiles_gray_stairs: PropertyDirection{name=facing, clazz=class net.minecraft.util.EnumFacing, values=[north, south, west, east]}, PropertyEnum{name=half, clazz=class net.minecraft.block.BlockStairs$EnumHalf, values=[top, bottom]}, PropertyEnum{name=shape, clazz=class net.minecraft.block.BlockStairs$EnumShape, values=[straight, inner_left, inner_right, outer_left, outer_right]}
quark:stained_clay_tiles_green_slab: PropertyEnum{name=half, clazz=class net.minecraft.block.BlockSlab$EnumBlockHalf, values=[top, bottom]}, PropertyEnum{name=prop, clazz=class vazkii.arl.block.BlockModSlab$DummyEnum, values=[BLARG]}
quark:stained_clay_tiles_green_slab_double: PropertyEnum{name=prop, clazz=class vazkii.arl.block.BlockModSlab$DummyEnum, values=[BLARG]}
quark:stained_clay_tiles_green_stairs: PropertyDirection{name=facing, clazz=class net.minecraft.util.EnumFacing, values=[north, south, west, east]}, PropertyEnum{name=half, clazz=class net.minecraft.block.BlockStairs$EnumHalf, values=[top, bottom]}, PropertyEnum{name=shape, clazz=class net.minecraft.block.BlockStairs$EnumShape, values=[straight, inner_left, inner_right, outer_left, outer_right]}
quark:stained_clay_tiles_light_blue_slab: PropertyEnum{name=half, clazz=class net.minecraft.block.BlockSlab$EnumBlockHalf, values=[top, bottom]}, PropertyEnum{name=prop, clazz=class vazkii.arl.block.BlockModSlab$DummyEnum, values=[BLARG]}
quark:stained_clay_tiles_light_blue_slab_double: PropertyEnum{name=prop, clazz=class vazkii.arl.block.BlockModSlab$DummyEnum, values=[BLARG]}
quark:stained_clay_tiles_light_blue_stairs: PropertyDirection{name=facing, clazz=class net.minecraft.util.EnumFacing, values=[north, south, west, east]}, PropertyEnum{name=half, clazz=class net.minecraft.block.BlockStairs$EnumHalf, values=[top, bottom]}, PropertyEnum{name=shape, clazz=class net.minecraft.block.BlockStairs$EnumShape, values=[straight, inner_left, inner_right, outer_left, outer_right]}
quark:stained_clay_tiles_lime_slab: PropertyEnum{name=half, clazz=class net.minecraft.block.BlockSlab$EnumBlockHalf, values=[top, bottom]}, PropertyEnum{name=prop, clazz=class vazkii.arl.block.BlockModSlab$DummyEnum, values=[BLARG]}
quark:stained_clay_tiles_lime_slab_double: PropertyEnum{name=prop, clazz=class vazkii.arl.block.BlockModSlab$DummyEnum, values=[BLARG]}
quark:stained_clay_tiles_lime_stairs: PropertyDirection{name=facing, clazz=class net.minecraft.util.EnumFacing, values=[north, south, west, east]}, PropertyEnum{name=half, clazz=class net.minecraft.block.BlockStairs$EnumHalf, values=[top, bottom]}, PropertyEnum{name=shape, clazz=class net.minecraft.block.BlockStairs$EnumShape, values=[straight, inner_left, inner_right, outer_left, outer_right]}
quark:stained_clay_tiles_magenta_slab: PropertyEnum{name=half, clazz=class net.minecraft.block.BlockSlab$EnumBlockHalf, values=[top, bottom]}, PropertyEnum{name=prop, clazz=class vazkii.arl.block.BlockModSlab$DummyEnum, values=[BLARG]}
quark:stained_clay_tiles_magenta_slab_double: PropertyEnum{name=prop, clazz=class vazkii.arl.block.BlockModSlab$DummyEnum, values=[BLARG]}
quark:stained_clay_tiles_magenta_stairs: PropertyDirection{name=facing, clazz=class net.minecraft.util.EnumFacing, values=[north, south, west, east]}, PropertyEnum{name=half, clazz=class net.minecraft.block.BlockStairs$EnumHalf, values=[top, bottom]}, PropertyEnum{name=shape, clazz=class net.minecraft.block.BlockStairs$EnumShape, values=[straight, inner_left, inner_right, outer_left, outer_right]}
quark:stained_clay_tiles_orange_slab: PropertyEnum{name=half, clazz=class net.minecraft.block.BlockSlab$EnumBlockHalf, values=[top, bottom]}, PropertyEnum{name=prop, clazz=class vazkii.arl.block.BlockModSlab$DummyEnum, values=[BLARG]}
quark:stained_clay_tiles_orange_slab_double: PropertyEnum{name=prop, clazz=class vazkii.arl.block.BlockModSlab$DummyEnum, values=[BLARG]}
quark:stained_clay_tiles_orange_stairs: PropertyDirection{name=facing, clazz=class net.minecraft.util.EnumFacing, values=[north, south, west, east]}, PropertyEnum{name=half, clazz=class net.minecraft.block.BlockStairs$EnumHalf, values=[top, bottom]}, PropertyEnum{name=shape, clazz=class net.minecraft.block.BlockStairs$EnumShape, values=[straight, inner_left, inner_right, outer_left, outer_right]}
quark:stained_clay_tiles_pink_slab: PropertyEnum{name=half, clazz=class net.minecraft.block.BlockSlab$EnumBlockHalf, values=[top, bottom]}, PropertyEnum{name=prop, clazz=class vazkii.arl.block.BlockModSlab$DummyEnum, values=[BLARG]}
quark:stained_clay_tiles_pink_slab_double: PropertyEnum{name=prop, clazz=class vazkii.arl.block.BlockModSlab$DummyEnum, values=[BLARG]}
quark:stained_clay_tiles_pink_stairs: PropertyDirection{name=facing, clazz=class net.minecraft.util.EnumFacing, values=[north, south, west, east]}, PropertyEnum{name=half, clazz=class net.minecraft.block.BlockStairs$EnumHalf, values=[top, bottom]}, PropertyEnum{name=shape, clazz=class net.minecraft.block.BlockStairs$EnumShape, values=[straight, inner_left, inner_right, outer_left, outer_right]}
quark:stained_clay_tiles_purple_slab: PropertyEnum{name=half, clazz=class net.minecraft.block.BlockSlab$EnumBlockHalf, values=[top, bottom]}, PropertyEnum{name=prop, clazz=class vazkii.arl.block.BlockModSlab$DummyEnum, values=[BLARG]}
quark:stained_clay_tiles_purple_slab_double: PropertyEnum{name=prop, clazz=class vazkii.arl.block.BlockModSlab$DummyEnum, values=[BLARG]}
quark:stained_clay_tiles_purple_stairs: PropertyDirection{name=facing, clazz=class net.minecraft.util.EnumFacing, values=[north, south, west, east]}, PropertyEnum{name=half, clazz=class net.minecraft.block.BlockStairs$EnumHalf, values=[top, bottom]}, PropertyEnum{name=shape, clazz=class net.minecraft.block.BlockStairs$EnumShape, values=[straight, inner_left, inner_right, outer_left, outer_right]}
quark:stained_clay_tiles_red_slab: PropertyEnum{name=half, clazz=class net.minecraft.block.BlockSlab$EnumBlockHalf, values=[top, bottom]}, PropertyEnum{name=prop, clazz=class vazkii.arl.block.BlockModSlab$DummyEnum, values=[BLARG]}
quark:stained_clay_tiles_red_slab_double: PropertyEnum{name=prop, clazz=class vazkii.arl.block.BlockModSlab$DummyEnum, values=[BLARG]}
quark:stained_clay_tiles_red_stairs: PropertyDirection{name=facing, clazz=class net.minecraft.util.EnumFacing, values=[north, south, west, east]}, PropertyEnum{name=half, clazz=class net.minecraft.block.BlockStairs$EnumHalf, values=[top, bottom]}, PropertyEnum{name=shape, clazz=class net.minecraft.block.BlockStairs$EnumShape, values=[straight, inner_left, inner_right, outer_left, outer_right]}
quark:stained_clay_tiles_silver_slab: PropertyEnum{name=half, clazz=class net.minecraft.block.BlockSlab$EnumBlockHalf, values=[top, bottom]}, PropertyEnum{name=prop, clazz=class vazkii.arl.block.BlockModSlab$DummyEnum, values=[BLARG]}
quark:stained_clay_tiles_silver_slab_double: PropertyEnum{name=prop, clazz=class vazkii.arl.block.BlockModSlab$DummyEnum, values=[BLARG]}
quark:stained_clay_tiles_silver_stairs: PropertyDirection{name=facing, clazz=class net.minecraft.util.EnumFacing, values=[north, south, west, east]}, PropertyEnum{name=half, clazz=class net.minecraft.block.BlockStairs$EnumHalf, values=[top, bottom]}, PropertyEnum{name=shape, clazz=class net.minecraft.block.BlockStairs$EnumShape, values=[straight, inner_left, inner_right, outer_left, outer_right]}
quark:stained_clay_tiles_white_slab: PropertyEnum{name=half, clazz=class net.minecraft.block.BlockSlab$EnumBlockHalf, values=[top, bottom]}, PropertyEnum{name=prop, clazz=class vazkii.arl.block.BlockModSlab$DummyEnum, values=[BLARG]}
quark:stained_clay_tiles_white_slab_double: PropertyEnum{name=prop, clazz=class vazkii.arl.block.BlockModSlab$DummyEnum, values=[BLARG]}
quark:stained_clay_tiles_white_stairs: PropertyDirection{name=facing, clazz=class net.minecraft.util.EnumFacing, values=[north, south, west, east]}, PropertyEnum{name=half, clazz=class net.minecraft.block.BlockStairs$EnumHalf, values=[top, bottom]}, PropertyEnum{name=shape, clazz=class net.minecraft.block.BlockStairs$EnumShape, values=[straight, inner_left, inner_right, outer_left, outer_right]}
quark:stained_clay_tiles_yellow_slab: PropertyEnum{name=half, clazz=class net.minecraft.block.BlockSlab$EnumBlockHalf, values=[top, bottom]}, PropertyEnum{name=prop, clazz=class vazkii.arl.block.BlockModSlab$DummyEnum, values=[BLARG]}
quark:stained_clay_tiles_yellow_slab_double: PropertyEnum{name=prop, clazz=class vazkii.arl.block.BlockModSlab$DummyEnum, values=[BLARG]}
quark:stained_clay_tiles_yellow_stairs: PropertyDirection{name=facing, clazz=class net.minecraft.util.EnumFacing, values=[north, south, west, east]}, PropertyEnum{name=half, clazz=class net.minecraft.block.BlockStairs$EnumHalf, values=[top, bottom]}, PropertyEnum{name=shape, clazz=class net.minecraft.block.BlockStairs$EnumShape, values=[straight, inner_left, inner_right, outer_left, outer_right]}
quark:stained_planks: PropertyEnum{name=variant, clazz=class vazkii.quark.building.block.BlockStainedPlanks$Variants, values=[STAINED_PLANKS_WHITE, STAINED_PLANKS_ORANGE, STAINED_PLANKS_MAGENTA, STAINED_PLANKS_LIGHT_BLUE, STAINED_PLANKS_YELLOW, STAINED_PLANKS_LIME, STAINED_PLANKS_PINK, STAINED_PLANKS_GRAY, STAINED_PLANKS_SILVER, STAINED_PLANKS_CYAN, STAINED_PLANKS_PURPLE, STAINED_PLANKS_BLUE, STAINED_PLANKS_BROWN, STAINED_PLANKS_GREEN, STAINED_PLANKS_RED, STAINED_PLANKS_BLACK]}
quark:stained_planks_black_slab: PropertyEnum{name=half, clazz=class net.minecraft.block.BlockSlab$EnumBlockHalf, values=[top, bottom]}, PropertyEnum{name=prop, clazz=class vazkii.arl.block.BlockModSlab$DummyEnum, values=[BLARG]}
quark:stained_planks_black_slab_double: PropertyEnum{name=prop, clazz=class vazkii.arl.block.BlockModSlab$DummyEnum, values=[BLARG]}
quark:stained_planks_black_stairs: PropertyDirection{name=facing, clazz=class net.minecraft.util.EnumFacing, values=[north, south, west, east]}, PropertyEnum{name=half, clazz=class net.minecraft.block.BlockStairs$EnumHalf, values=[top, bottom]}, PropertyEnum{name=shape, clazz=class net.minecraft.block.BlockStairs$EnumShape, values=[straight, inner_left, inner_right, outer_left, outer_right]}
quark:stained_planks_blue_slab: PropertyEnum{name=half, clazz=class net.minecraft.block.BlockSlab$EnumBlockHalf, values=[top, bottom]}, PropertyEnum{name=prop, clazz=class vazkii.arl.block.BlockModSlab$DummyEnum, values=[BLARG]}
quark:stained_planks_blue_slab_double: PropertyEnum{name=prop, clazz=class vazkii.arl.block.BlockModSlab$DummyEnum, values=[BLARG]}
quark:stained_planks_blue_stairs: PropertyDirection{name=facing, clazz=class net.minecraft.util.EnumFacing, values=[north, south, west, east]}, PropertyEnum{name=half, clazz=class net.minecraft.block.BlockStairs$EnumHalf, values=[top, bottom]}, PropertyEnum{name=shape, clazz=class net.minecraft.block.BlockStairs$EnumShape, values=[straight, inner_left, inner_right, outer_left, outer_right]}
quark:stained_planks_brown_slab: PropertyEnum{name=half, clazz=class net.minecraft.block.BlockSlab$EnumBlockHalf, values=[top, bottom]}, PropertyEnum{name=prop, clazz=class vazkii.arl.block.BlockModSlab$DummyEnum, values=[BLARG]}
quark:stained_planks_brown_slab_double: PropertyEnum{name=prop, clazz=class vazkii.arl.block.BlockModSlab$DummyEnum, values=[BLARG]}
quark:stained_planks_brown_stairs: PropertyDirection{name=facing, clazz=class net.minecraft.util.EnumFacing, values=[north, south, west, east]}, PropertyEnum{name=half, clazz=class net.minecraft.block.BlockStairs$EnumHalf, values=[top, bottom]}, PropertyEnum{name=shape, clazz=class net.minecraft.block.BlockStairs$EnumShape, values=[straight, inner_left, inner_right, outer_left, outer_right]}
quark:stained_planks_cyan_slab: PropertyEnum{name=half, clazz=class net.minecraft.block.BlockSlab$EnumBlockHalf, values=[top, bottom]}, PropertyEnum{name=prop, clazz=class vazkii.arl.block.BlockModSlab$DummyEnum, values=[BLARG]}
quark:stained_planks_cyan_slab_double: PropertyEnum{name=prop, clazz=class vazkii.arl.block.BlockModSlab$DummyEnum, values=[BLARG]}
quark:stained_planks_cyan_stairs: PropertyDirection{name=facing, clazz=class net.minecraft.util.EnumFacing, values=[north, south, west, east]}, PropertyEnum{name=half, clazz=class net.minecraft.block.BlockStairs$EnumHalf, values=[top, bottom]}, PropertyEnum{name=shape, clazz=class net.minecraft.block.BlockStairs$EnumShape, values=[straight, inner_left, inner_right, outer_left, outer_right]}
quark:stained_planks_gray_slab: PropertyEnum{name=half, clazz=class net.minecraft.block.BlockSlab$EnumBlockHalf, values=[top, bottom]}, PropertyEnum{name=prop, clazz=class vazkii.arl.block.BlockModSlab$DummyEnum, values=[BLARG]}
quark:stained_planks_gray_slab_double: PropertyEnum{name=prop, clazz=class vazkii.arl.block.BlockModSlab$DummyEnum, values=[BLARG]}
quark:stained_planks_gray_stairs: PropertyDirection{name=facing, clazz=class net.minecraft.util.EnumFacing, values=[north, south, west, east]}, PropertyEnum{name=half, clazz=class net.minecraft.block.BlockStairs$EnumHalf, values=[top, bottom]}, PropertyEnum{name=shape, clazz=class net.minecraft.block.BlockStairs$EnumShape, values=[straight, inner_left, inner_right, outer_left, outer_right]}
quark:stained_planks_green_slab: PropertyEnum{name=half, clazz=class net.minecraft.block.BlockSlab$EnumBlockHalf, values=[top, bottom]}, PropertyEnum{name=prop, clazz=class vazkii.arl.block.BlockModSlab$DummyEnum, values=[BLARG]}
quark:stained_planks_green_slab_double: PropertyEnum{name=prop, clazz=class vazkii.arl.block.BlockModSlab$DummyEnum, values=[BLARG]}
quark:stained_planks_green_stairs: PropertyDirection{name=facing, clazz=class net.minecraft.util.EnumFacing, values=[north, south, west, east]}, PropertyEnum{name=half, clazz=class net.minecraft.block.BlockStairs$EnumHalf, values=[top, bottom]}, PropertyEnum{name=shape, clazz=class net.minecraft.block.BlockStairs$EnumShape, values=[straight, inner_left, inner_right, outer_left, outer_right]}
quark:stained_planks_light_blue_slab: PropertyEnum{name=half, clazz=class net.minecraft.block.BlockSlab$EnumBlockHalf, values=[top, bottom]}, PropertyEnum{name=prop, clazz=class vazkii.arl.block.BlockModSlab$DummyEnum, values=[BLARG]}
quark:stained_planks_light_blue_slab_double: PropertyEnum{name=prop, clazz=class vazkii.arl.block.BlockModSlab$DummyEnum, values=[BLARG]}
quark:stained_planks_light_blue_stairs: PropertyDirection{name=facing, clazz=class net.minecraft.util.EnumFacing, values=[north, south, west, east]}, PropertyEnum{name=half, clazz=class net.minecraft.block.BlockStairs$EnumHalf, values=[top, bottom]}, PropertyEnum{name=shape, clazz=class net.minecraft.block.BlockStairs$EnumShape, values=[straight, inner_left, inner_right, outer_left, outer_right]}
quark:stained_planks_lime_slab: PropertyEnum{name=half, clazz=class net.minecraft.block.BlockSlab$EnumBlockHalf, values=[top, bottom]}, PropertyEnum{name=prop, clazz=class vazkii.arl.block.BlockModSlab$DummyEnum, values=[BLARG]}
quark:stained_planks_lime_slab_double: PropertyEnum{name=prop, clazz=class vazkii.arl.block.BlockModSlab$DummyEnum, values=[BLARG]}
quark:stained_planks_lime_stairs: PropertyDirection{name=facing, clazz=class net.minecraft.util.EnumFacing, values=[north, south, west, east]}, PropertyEnum{name=half, clazz=class net.minecraft.block.BlockStairs$EnumHalf, values=[top, bottom]}, PropertyEnum{name=shape, clazz=class net.minecraft.block.BlockStairs$EnumShape, values=[straight, inner_left, inner_right, outer_left, outer_right]}
quark:stained_planks_magenta_slab: PropertyEnum{name=half, clazz=class net.minecraft.block.BlockSlab$EnumBlockHalf, values=[top, bottom]}, PropertyEnum{name=prop, clazz=class vazkii.arl.block.BlockModSlab$DummyEnum, values=[BLARG]}
quark:stained_planks_magenta_slab_double: PropertyEnum{name=prop, clazz=class vazkii.arl.block.BlockModSlab$DummyEnum, values=[BLARG]}
quark:stained_planks_magenta_stairs: PropertyDirection{name=facing, clazz=class net.minecraft.util.EnumFacing, values=[north, south, west, east]}, PropertyEnum{name=half, clazz=class net.minecraft.block.BlockStairs$EnumHalf, values=[top, bottom]}, PropertyEnum{name=shape, clazz=class net.minecraft.block.BlockStairs$EnumShape, values=[straight, inner_left, inner_right, outer_left, outer_right]}
quark:stained_planks_orange_slab: PropertyEnum{name=half, clazz=class net.minecraft.block.BlockSlab$EnumBlockHalf, values=[top, bottom]}, PropertyEnum{name=prop, clazz=class vazkii.arl.block.BlockModSlab$DummyEnum, values=[BLARG]}
quark:stained_planks_orange_slab_double: PropertyEnum{name=prop, clazz=class vazkii.arl.block.BlockModSlab$DummyEnum, values=[BLARG]}
quark:stained_planks_orange_stairs: PropertyDirection{name=facing, clazz=class net.minecraft.util.EnumFacing, values=[north, south, west, east]}, PropertyEnum{name=half, clazz=class net.minecraft.block.BlockStairs$EnumHalf, values=[top, bottom]}, PropertyEnum{name=shape, clazz=class net.minecraft.block.BlockStairs$EnumShape, values=[straight, inner_left, inner_right, outer_left, outer_right]}
quark:stained_planks_pink_slab: PropertyEnum{name=half, clazz=class net.minecraft.block.BlockSlab$EnumBlockHalf, values=[top, bottom]}, PropertyEnum{name=prop, clazz=class vazkii.arl.block.BlockModSlab$DummyEnum, values=[BLARG]}
quark:stained_planks_pink_slab_double: PropertyEnum{name=prop, clazz=class vazkii.arl.block.BlockModSlab$DummyEnum, values=[BLARG]}
quark:stained_planks_pink_stairs: PropertyDirection{name=facing, clazz=class net.minecraft.util.EnumFacing, values=[north, south, west, east]}, PropertyEnum{name=half, clazz=class net.minecraft.block.BlockStairs$EnumHalf, values=[top, bottom]}, PropertyEnum{name=shape, clazz=class net.minecraft.block.BlockStairs$EnumShape, values=[straight, inner_left, inner_right, outer_left, outer_right]}
quark:stained_planks_purple_slab: PropertyEnum{name=half, clazz=class net.minecraft.block.BlockSlab$EnumBlockHalf, values=[top, bottom]}, PropertyEnum{name=prop, clazz=class vazkii.arl.block.BlockModSlab$DummyEnum, values=[BLARG]}
quark:stained_planks_purple_slab_double: PropertyEnum{name=prop, clazz=class vazkii.arl.block.BlockModSlab$DummyEnum, values=[BLARG]}
quark:stained_planks_purple_stairs: PropertyDirection{name=facing, clazz=class net.minecraft.util.EnumFacing, values=[north, south, west, east]}, PropertyEnum{name=half, clazz=class net.minecraft.block.BlockStairs$EnumHalf, values=[top, bottom]}, PropertyEnum{name=shape, clazz=class net.minecraft.block.BlockStairs$EnumShape, values=[straight, inner_left, inner_right, outer_left, outer_right]}
quark:stained_planks_red_slab: PropertyEnum{name=half, clazz=class net.minecraft.block.BlockSlab$EnumBlockHalf, values=[top, bottom]}, PropertyEnum{name=prop, clazz=class vazkii.arl.block.BlockModSlab$DummyEnum, values=[BLARG]}
quark:stained_planks_red_slab_double: PropertyEnum{name=prop, clazz=class vazkii.arl.block.BlockModSlab$DummyEnum, values=[BLARG]}
quark:stained_planks_red_stairs: PropertyDirection{name=facing, clazz=class net.minecraft.util.EnumFacing, values=[north, south, west, east]}, PropertyEnum{name=half, clazz=class net.minecraft.block.BlockStairs$EnumHalf, values=[top, bottom]}, PropertyEnum{name=shape, clazz=class net.minecraft.block.BlockStairs$EnumShape, values=[straight, inner_left, inner_right, outer_left, outer_right]}
quark:stained_planks_silver_slab: PropertyEnum{name=half, clazz=class net.minecraft.block.BlockSlab$EnumBlockHalf, values=[top, bottom]}, PropertyEnum{name=prop, clazz=class vazkii.arl.block.BlockModSlab$DummyEnum, values=[BLARG]}
quark:stained_planks_silver_slab_double: PropertyEnum{name=prop, clazz=class vazkii.arl.block.BlockModSlab$DummyEnum, values=[BLARG]}
quark:stained_planks_silver_stairs: PropertyDirection{name=facing, clazz=class net.minecraft.util.EnumFacing, values=[north, south, west, east]}, PropertyEnum{name=half, clazz=class net.minecraft.block.BlockStairs$EnumHalf, values=[top, bottom]}, PropertyEnum{name=shape, clazz=class net.minecraft.block.BlockStairs$EnumShape, values=[straight, inner_left, inner_right, outer_left, outer_right]}
quark:stained_planks_white_slab: PropertyEnum{name=half, clazz=class net.minecraft.block.BlockSlab$EnumBlockHalf, values=[top, bottom]}, PropertyEnum{name=prop, clazz=class vazkii.arl.block.BlockModSlab$DummyEnum, values=[BLARG]}
quark:stained_planks_white_slab_double: PropertyEnum{name=prop, clazz=class vazkii.arl.block.BlockModSlab$DummyEnum, values=[BLARG]}
quark:stained_planks_white_stairs: PropertyDirection{name=facing, clazz=class net.minecraft.util.EnumFacing, values=[north, south, west, east]}, PropertyEnum{name=half, clazz=class net.minecraft.block.BlockStairs$EnumHalf, values=[top, bottom]}, PropertyEnum{name=shape, clazz=class net.minecraft.block.BlockStairs$EnumShape, values=[straight, inner_left, inner_right, outer_left, outer_right]}
quark:stained_planks_yellow_slab: PropertyEnum{name=half, clazz=class net.minecraft.block.BlockSlab$EnumBlockHalf, values=[top, bottom]}, PropertyEnum{name=prop, clazz=class vazkii.arl.block.BlockModSlab$DummyEnum, values=[BLARG]}
quark:stained_planks_yellow_slab_double: PropertyEnum{name=prop, clazz=class vazkii.arl.block.BlockModSlab$DummyEnum, values=[BLARG]}
quark:stained_planks_yellow_stairs: PropertyDirection{name=facing, clazz=class net.minecraft.util.EnumFacing, values=[north, south, west, east]}, PropertyEnum{name=half, clazz=class net.minecraft.block.BlockStairs$EnumHalf, values=[top, bottom]}, PropertyEnum{name=shape, clazz=class net.minecraft.block.BlockStairs$EnumShape, values=[straight, inner_left, inner_right, outer_left, outer_right]}
quark:stone_andesite_bricks_slab: PropertyEnum{name=half, clazz=class net.minecraft.block.BlockSlab$EnumBlockHalf, values=[top, bottom]}, PropertyEnum{name=prop, clazz=class vazkii.arl.block.BlockModSlab$DummyEnum, values=[BLARG]}
quark:stone_andesite_bricks_slab_double: PropertyEnum{name=prop, clazz=class vazkii.arl.block.BlockModSlab$DummyEnum, values=[BLARG]}
quark:stone_andesite_bricks_stairs: PropertyDirection{name=facing, clazz=class net.minecraft.util.EnumFacing, values=[north, south, west, east]}, PropertyEnum{name=half, clazz=class net.minecraft.block.BlockStairs$EnumHalf, values=[top, bottom]}, PropertyEnum{name=shape, clazz=class net.minecraft.block.BlockStairs$EnumShape, values=[straight, inner_left, inner_right, outer_left, outer_right]}
quark:stone_andesite_bricks_wall: PropertyBool{name=east, clazz=class java.lang.Boolean, values=[true, false]}, PropertyBool{name=north, clazz=class java.lang.Boolean, values=[true, false]}, PropertyBool{name=south, clazz=class java.lang.Boolean, values=[true, false]}, PropertyBool{name=up, clazz=class java.lang.Boolean, values=[true, false]}, PropertyBool{name=west, clazz=class java.lang.Boolean, values=[true, false]}
quark:stone_andesite_slab: PropertyEnum{name=half, clazz=class net.minecraft.block.BlockSlab$EnumBlockHalf, values=[top, bottom]}, PropertyEnum{name=prop, clazz=class vazkii.arl.block.BlockModSlab$DummyEnum, values=[BLARG]}
quark:stone_andesite_slab_double: PropertyEnum{name=prop, clazz=class vazkii.arl.block.BlockModSlab$DummyEnum, values=[BLARG]}
quark:stone_andesite_stairs: PropertyDirection{name=facing, clazz=class net.minecraft.util.EnumFacing, values=[north, south, west, east]}, PropertyEnum{name=half, clazz=class net.minecraft.block.BlockStairs$EnumHalf, values=[top, bottom]}, PropertyEnum{name=shape, clazz=class net.minecraft.block.BlockStairs$EnumShape, values=[straight, inner_left, inner_right, outer_left, outer_right]}
quark:stone_andesite_wall: PropertyBool{name=east, clazz=class java.lang.Boolean, values=[true, false]}, PropertyBool{name=north, clazz=class java.lang.Boolean, values=[true, false]}, PropertyBool{name=south, clazz=class java.lang.Boolean, values=[true, false]}, PropertyBool{name=up, clazz=class java.lang.Boolean, values=[true, false]}, PropertyBool{name=west, clazz=class java.lang.Boolean, values=[true, false]}
quark:stone_basalt_bricks_slab: PropertyEnum{name=half, clazz=class net.minecraft.block.BlockSlab$EnumBlockHalf, values=[top, bottom]}, PropertyEnum{name=prop, clazz=class vazkii.arl.block.BlockModSlab$DummyEnum, values=[BLARG]}
quark:stone_basalt_bricks_slab_double: PropertyEnum{name=prop, clazz=class vazkii.arl.block.BlockModSlab$DummyEnum, values=[BLARG]}
quark:stone_basalt_bricks_stairs: PropertyDirection{name=facing, clazz=class net.minecraft.util.EnumFacing, values=[north, south, west, east]}, PropertyEnum{name=half, clazz=class net.minecraft.block.BlockStairs$EnumHalf, values=[top, bottom]}, PropertyEnum{name=shape, clazz=class net.minecraft.block.BlockStairs$EnumShape, values=[straight, inner_left, inner_right, outer_left, outer_right]}
quark:stone_basalt_bricks_wall: PropertyBool{name=east, clazz=class java.lang.Boolean, values=[true, false]}, PropertyBool{name=north, clazz=class java.lang.Boolean, values=[true, false]}, PropertyBool{name=south, clazz=class java.lang.Boolean, values=[true, false]}, PropertyBool{name=up, clazz=class java.lang.Boolean, values=[true, false]}, PropertyBool{name=west, clazz=class java.lang.Boolean, values=[true, false]}
quark:stone_basalt_slab: PropertyEnum{name=half, clazz=class net.minecraft.block.BlockSlab$EnumBlockHalf, values=[top, bottom]}, PropertyEnum{name=prop, clazz=class vazkii.arl.block.BlockModSlab$DummyEnum, values=[BLARG]}
quark:stone_basalt_slab_double: PropertyEnum{name=prop, clazz=class vazkii.arl.block.BlockModSlab$DummyEnum, values=[BLARG]}
quark:stone_basalt_stairs: PropertyDirection{name=facing, clazz=class net.minecraft.util.EnumFacing, values=[north, south, west, east]}, PropertyEnum{name=half, clazz=class net.minecraft.block.BlockStairs$EnumHalf, values=[top, bottom]}, PropertyEnum{name=shape, clazz=class net.minecraft.block.BlockStairs$EnumShape, values=[straight, inner_left, inner_right, outer_left, outer_right]}
quark:stone_diorite_bricks_slab: PropertyEnum{name=half, clazz=class net.minecraft.block.BlockSlab$EnumBlockHalf, values=[top, bottom]}, PropertyEnum{name=prop, clazz=class vazkii.arl.block.BlockModSlab$DummyEnum, values=[BLARG]}
quark:stone_diorite_bricks_slab_double: PropertyEnum{name=prop, clazz=class vazkii.arl.block.BlockModSlab$DummyEnum, values=[BLARG]}
quark:stone_diorite_bricks_stairs: PropertyDirection{name=facing, clazz=class net.minecraft.util.EnumFacing, values=[north, south, west, east]}, PropertyEnum{name=half, clazz=class net.minecraft.block.BlockStairs$EnumHalf, values=[top, bottom]}, PropertyEnum{name=shape, clazz=class net.minecraft.block.BlockStairs$EnumShape, values=[straight, inner_left, inner_right, outer_left, outer_right]}
quark:stone_diorite_bricks_wall: PropertyBool{name=east, clazz=class java.lang.Boolean, values=[true, false]}, PropertyBool{name=north, clazz=class java.lang.Boolean, values=[true, false]}, PropertyBool{name=south, clazz=class java.lang.Boolean, values=[true, false]}, PropertyBool{name=up, clazz=class java.lang.Boolean, values=[true, false]}, PropertyBool{name=west, clazz=class java.lang.Boolean, values=[true, false]}
quark:stone_diorite_slab: PropertyEnum{name=half, clazz=class net.minecraft.block.BlockSlab$EnumBlockHalf, values=[top, bottom]}, PropertyEnum{name=prop, clazz=class vazkii.arl.block.BlockModSlab$DummyEnum, values=[BLARG]}
quark:stone_diorite_slab_double: PropertyEnum{name=prop, clazz=class vazkii.arl.block.BlockModSlab$DummyEnum, values=[BLARG]}
quark:stone_diorite_stairs: PropertyDirection{name=facing, clazz=class net.minecraft.util.EnumFacing, values=[north, south, west, east]}, PropertyEnum{name=half, clazz=class net.minecraft.block.BlockStairs$EnumHalf, values=[top, bottom]}, PropertyEnum{name=shape, clazz=class net.minecraft.block.BlockStairs$EnumShape, values=[straight, inner_left, inner_right, outer_left, outer_right]}
quark:stone_diorite_wall: PropertyBool{name=east, clazz=class java.lang.Boolean, values=[true, false]}, PropertyBool{name=north, clazz=class java.lang.Boolean, values=[true, false]}, PropertyBool{name=south, clazz=class java.lang.Boolean, values=[true, false]}, PropertyBool{name=up, clazz=class java.lang.Boolean, values=[true, false]}, PropertyBool{name=west, clazz=class java.lang.Boolean, values=[true, false]}
quark:stone_granite_bricks_slab: PropertyEnum{name=half, clazz=class net.minecraft.block.BlockSlab$EnumBlockHalf, values=[top, bottom]}, PropertyEnum{name=prop, clazz=class vazkii.arl.block.BlockModSlab$DummyEnum, values=[BLARG]}
quark:stone_granite_bricks_slab_double: PropertyEnum{name=prop, clazz=class vazkii.arl.block.BlockModSlab$DummyEnum, values=[BLARG]}
quark:stone_granite_bricks_stairs: PropertyDirection{name=facing, clazz=class net.minecraft.util.EnumFacing, values=[north, south, west, east]}, PropertyEnum{name=half, clazz=class net.minecraft.block.BlockStairs$EnumHalf, values=[top, bottom]}, PropertyEnum{name=shape, clazz=class net.minecraft.block.BlockStairs$EnumShape, values=[straight, inner_left, inner_right, outer_left, outer_right]}
quark:stone_granite_bricks_wall: PropertyBool{name=east, clazz=class java.lang.Boolean, values=[true, false]}, PropertyBool{name=north, clazz=class java.lang.Boolean, values=[true, false]}, PropertyBool{name=south, clazz=class java.lang.Boolean, values=[true, false]}, PropertyBool{name=up, clazz=class java.lang.Boolean, values=[true, false]}, PropertyBool{name=west, clazz=class java.lang.Boolean, values=[true, false]}
quark:stone_granite_slab: PropertyEnum{name=half, clazz=class net.minecraft.block.BlockSlab$EnumBlockHalf, values=[top, bottom]}, PropertyEnum{name=prop, clazz=class vazkii.arl.block.BlockModSlab$DummyEnum, values=[BLARG]}
quark:stone_granite_slab_double: PropertyEnum{name=prop, clazz=class vazkii.arl.block.BlockModSlab$DummyEnum, values=[BLARG]}
quark:stone_granite_stairs: PropertyDirection{name=facing, clazz=class net.minecraft.util.EnumFacing, values=[north, south, west, east]}, PropertyEnum{name=half, clazz=class net.minecraft.block.BlockStairs$EnumHalf, values=[top, bottom]}, PropertyEnum{name=shape, clazz=class net.minecraft.block.BlockStairs$EnumShape, values=[straight, inner_left, inner_right, outer_left, outer_right]}
quark:stone_granite_wall: PropertyBool{name=east, clazz=class java.lang.Boolean, values=[true, false]}, PropertyBool{name=north, clazz=class java.lang.Boolean, values=[true, false]}, PropertyBool{name=south, clazz=class java.lang.Boolean, values=[true, false]}, PropertyBool{name=up, clazz=class java.lang.Boolean, values=[true, false]}, PropertyBool{name=west, clazz=class java.lang.Boolean, values=[true, false]}
quark:stone_jasper_bricks_slab: PropertyEnum{name=half, clazz=class net.minecraft.block.BlockSlab$EnumBlockHalf, values=[top, bottom]}, PropertyEnum{name=prop, clazz=class vazkii.arl.block.BlockModSlab$DummyEnum, values=[BLARG]}
quark:stone_jasper_bricks_slab_double: PropertyEnum{name=prop, clazz=class vazkii.arl.block.BlockModSlab$DummyEnum, values=[BLARG]}
quark:stone_jasper_bricks_stairs: PropertyDirection{name=facing, clazz=class net.minecraft.util.EnumFacing, values=[north, south, west, east]}, PropertyEnum{name=half, clazz=class net.minecraft.block.BlockStairs$EnumHalf, values=[top, bottom]}, PropertyEnum{name=shape, clazz=class net.minecraft.block.BlockStairs$EnumShape, values=[straight, inner_left, inner_right, outer_left, outer_right]}
quark:stone_jasper_bricks_wall: PropertyBool{name=east, clazz=class java.lang.Boolean, values=[true, false]}, PropertyBool{name=north, clazz=class java.lang.Boolean, values=[true, false]}, PropertyBool{name=south, clazz=class java.lang.Boolean, values=[true, false]}, PropertyBool{name=up, clazz=class java.lang.Boolean, values=[true, false]}, PropertyBool{name=west, clazz=class java.lang.Boolean, values=[true, false]}
quark:stone_jasper_slab: PropertyEnum{name=half, clazz=class net.minecraft.block.BlockSlab$EnumBlockHalf, values=[top, bottom]}, PropertyEnum{name=prop, clazz=class vazkii.arl.block.BlockModSlab$DummyEnum, values=[BLARG]}
quark:stone_jasper_slab_double: PropertyEnum{name=prop, clazz=class vazkii.arl.block.BlockModSlab$DummyEnum, values=[BLARG]}
quark:stone_jasper_stairs: PropertyDirection{name=facing, clazz=class net.minecraft.util.EnumFacing, values=[north, south, west, east]}, PropertyEnum{name=half, clazz=class net.minecraft.block.BlockStairs$EnumHalf, values=[top, bottom]}, PropertyEnum{name=shape, clazz=class net.minecraft.block.BlockStairs$EnumShape, values=[straight, inner_left, inner_right, outer_left, outer_right]}
quark:stone_limestone_bricks_slab: PropertyEnum{name=half, clazz=class net.minecraft.block.BlockSlab$EnumBlockHalf, values=[top, bottom]}, PropertyEnum{name=prop, clazz=class vazkii.arl.block.BlockModSlab$DummyEnum, values=[BLARG]}
quark:stone_limestone_bricks_slab_double: PropertyEnum{name=prop, clazz=class vazkii.arl.block.BlockModSlab$DummyEnum, values=[BLARG]}
quark:stone_limestone_bricks_stairs: PropertyDirection{name=facing, clazz=class net.minecraft.util.EnumFacing, values=[north, south, west, east]}, PropertyEnum{name=half, clazz=class net.minecraft.block.BlockStairs$EnumHalf, values=[top, bottom]}, PropertyEnum{name=shape, clazz=class net.minecraft.block.BlockStairs$EnumShape, values=[straight, inner_left, inner_right, outer_left, outer_right]}
quark:stone_limestone_bricks_wall: PropertyBool{name=east, clazz=class java.lang.Boolean, values=[true, false]}, PropertyBool{name=north, clazz=class java.lang.Boolean, values=[true, false]}, PropertyBool{name=south, clazz=class java.lang.Boolean, values=[true, false]}, PropertyBool{name=up, clazz=class java.lang.Boolean, values=[true, false]}, PropertyBool{name=west, clazz=class java.lang.Boolean, values=[true, false]}
quark:stone_limestone_slab: PropertyEnum{name=half, clazz=class net.minecraft.block.BlockSlab$EnumBlockHalf, values=[top, bottom]}, PropertyEnum{name=prop, clazz=class vazkii.arl.block.BlockModSlab$DummyEnum, values=[BLARG]}
quark:stone_limestone_slab_double: PropertyEnum{name=prop, clazz=class vazkii.arl.block.BlockModSlab$DummyEnum, values=[BLARG]}
quark:stone_limestone_stairs: PropertyDirection{name=facing, clazz=class net.minecraft.util.EnumFacing, values=[north, south, west, east]}, PropertyEnum{name=half, clazz=class net.minecraft.block.BlockStairs$EnumHalf, values=[top, bottom]}, PropertyEnum{name=shape, clazz=class net.minecraft.block.BlockStairs$EnumShape, values=[straight, inner_left, inner_right, outer_left, outer_right]}
quark:stone_marble_bricks_slab: PropertyEnum{name=half, clazz=class net.minecraft.block.BlockSlab$EnumBlockHalf, values=[top, bottom]}, PropertyEnum{name=prop, clazz=class vazkii.arl.block.BlockModSlab$DummyEnum, values=[BLARG]}
quark:stone_marble_bricks_slab_double: PropertyEnum{name=prop, clazz=class vazkii.arl.block.BlockModSlab$DummyEnum, values=[BLARG]}
quark:stone_marble_bricks_stairs: PropertyDirection{name=facing, clazz=class net.minecraft.util.EnumFacing, values=[north, south, west, east]}, PropertyEnum{name=half, clazz=class net.minecraft.block.BlockStairs$EnumHalf, values=[top, bottom]}, PropertyEnum{name=shape, clazz=class net.minecraft.block.BlockStairs$EnumShape, values=[straight, inner_left, inner_right, outer_left, outer_right]}
quark:stone_marble_bricks_wall: PropertyBool{name=east, clazz=class java.lang.Boolean, values=[true, false]}, PropertyBool{name=north, clazz=class java.lang.Boolean, values=[true, false]}, PropertyBool{name=south, clazz=class java.lang.Boolean, values=[true, false]}, PropertyBool{name=up, clazz=class java.lang.Boolean, values=[true, false]}, PropertyBool{name=west, clazz=class java.lang.Boolean, values=[true, false]}
quark:stone_marble_slab: PropertyEnum{name=half, clazz=class net.minecraft.block.BlockSlab$EnumBlockHalf, values=[top, bottom]}, PropertyEnum{name=prop, clazz=class vazkii.arl.block.BlockModSlab$DummyEnum, values=[BLARG]}
quark:stone_marble_slab_double: PropertyEnum{name=prop, clazz=class vazkii.arl.block.BlockModSlab$DummyEnum, values=[BLARG]}
quark:stone_marble_stairs: PropertyDirection{name=facing, clazz=class net.minecraft.util.EnumFacing, values=[north, south, west, east]}, PropertyEnum{name=half, clazz=class net.minecraft.block.BlockStairs$EnumHalf, values=[top, bottom]}, PropertyEnum{name=shape, clazz=class net.minecraft.block.BlockStairs$EnumShape, values=[straight, inner_left, inner_right, outer_left, outer_right]}
quark:stone_slate_bricks_slab: PropertyEnum{name=half, clazz=class net.minecraft.block.BlockSlab$EnumBlockHalf, values=[top, bottom]}, PropertyEnum{name=prop, clazz=class vazkii.arl.block.BlockModSlab$DummyEnum, values=[BLARG]}
quark:stone_slate_bricks_slab_double: PropertyEnum{name=prop, clazz=class vazkii.arl.block.BlockModSlab$DummyEnum, values=[BLARG]}
quark:stone_slate_bricks_stairs: PropertyDirection{name=facing, clazz=class net.minecraft.util.EnumFacing, values=[north, south, west, east]}, PropertyEnum{name=half, clazz=class net.minecraft.block.BlockStairs$EnumHalf, values=[top, bottom]}, PropertyEnum{name=shape, clazz=class net.minecraft.block.BlockStairs$EnumShape, values=[straight, inner_left, inner_right, outer_left, outer_right]}
quark:stone_slate_bricks_wall: PropertyBool{name=east, clazz=class java.lang.Boolean, values=[true, false]}, PropertyBool{name=north, clazz=class java.lang.Boolean, values=[true, false]}, PropertyBool{name=south, clazz=class java.lang.Boolean, values=[true, false]}, PropertyBool{name=up, clazz=class java.lang.Boolean, values=[true, false]}, PropertyBool{name=west, clazz=class java.lang.Boolean, values=[true, false]}
quark:stone_slate_slab: PropertyEnum{name=half, clazz=class net.minecraft.block.BlockSlab$EnumBlockHalf, values=[top, bottom]}, PropertyEnum{name=prop, clazz=class vazkii.arl.block.BlockModSlab$DummyEnum, values=[BLARG]}
quark:stone_slate_slab_double: PropertyEnum{name=prop, clazz=class vazkii.arl.block.BlockModSlab$DummyEnum, values=[BLARG]}
quark:stone_slate_stairs: PropertyDirection{name=facing, clazz=class net.minecraft.util.EnumFacing, values=[north, south, west, east]}, PropertyEnum{name=half, clazz=class net.minecraft.block.BlockStairs$EnumHalf, values=[top, bottom]}, PropertyEnum{name=shape, clazz=class net.minecraft.block.BlockStairs$EnumShape, values=[straight, inner_left, inner_right, outer_left, outer_right]}
quark:stone_speleothem: PropertyEnum{name=size, clazz=class vazkii.quark.world.block.BlockSpeleothem$EnumSize, values=[SMALL, MEDIUM, BIG]}
quark:stone_stairs: PropertyDirection{name=facing, clazz=class net.minecraft.util.EnumFacing, values=[north, south, west, east]}, PropertyEnum{name=half, clazz=class net.minecraft.block.BlockStairs$EnumHalf, values=[top, bottom]}, PropertyEnum{name=shape, clazz=class net.minecraft.block.BlockStairs$EnumShape, values=[straight, inner_left, inner_right, outer_left, outer_right]}
quark:stone_wall: PropertyBool{name=east, clazz=class java.lang.Boolean, values=[true, false]}, PropertyBool{name=north, clazz=class java.lang.Boolean, values=[true, false]}, PropertyBool{name=south, clazz=class java.lang.Boolean, values=[true, false]}, PropertyBool{name=up, clazz=class java.lang.Boolean, values=[true, false]}, PropertyBool{name=west, clazz=class java.lang.Boolean, values=[true, false]}
quark:stonebrick_mossy_slab: PropertyEnum{name=half, clazz=class net.minecraft.block.BlockSlab$EnumBlockHalf, values=[top, bottom]}, PropertyEnum{name=prop, clazz=class vazkii.arl.block.BlockModSlab$DummyEnum, values=[BLARG]}
quark:stonebrick_mossy_slab_double: PropertyEnum{name=prop, clazz=class vazkii.arl.block.BlockModSlab$DummyEnum, values=[BLARG]}
quark:stonebrick_mossy_stairs: PropertyDirection{name=facing, clazz=class net.minecraft.util.EnumFacing, values=[north, south, west, east]}, PropertyEnum{name=half, clazz=class net.minecraft.block.BlockStairs$EnumHalf, values=[top, bottom]}, PropertyEnum{name=shape, clazz=class net.minecraft.block.BlockStairs$EnumShape, values=[straight, inner_left, inner_right, outer_left, outer_right]}
quark:stonebrick_mossy_wall: PropertyBool{name=east, clazz=class java.lang.Boolean, values=[true, false]}, PropertyBool{name=north, clazz=class java.lang.Boolean, values=[true, false]}, PropertyBool{name=south, clazz=class java.lang.Boolean, values=[true, false]}, PropertyBool{name=up, clazz=class java.lang.Boolean, values=[true, false]}, PropertyBool{name=west, clazz=class java.lang.Boolean, values=[true, false]}
quark:stonebrick_wall: PropertyBool{name=east, clazz=class java.lang.Boolean, values=[true, false]}, PropertyBool{name=north, clazz=class java.lang.Boolean, values=[true, false]}, PropertyBool{name=south, clazz=class java.lang.Boolean, values=[true, false]}, PropertyBool{name=up, clazz=class java.lang.Boolean, values=[true, false]}, PropertyBool{name=west, clazz=class java.lang.Boolean, values=[true, false]}
quark:sturdy_stone: 
quark:sugar_block: 
quark:thatch: 
quark:thatch_slab: PropertyEnum{name=half, clazz=class net.minecraft.block.BlockSlab$EnumBlockHalf, values=[top, bottom]}, PropertyEnum{name=prop, clazz=class vazkii.arl.block.BlockModSlab$DummyEnum, values=[BLARG]}
quark:thatch_slab_double: PropertyEnum{name=prop, clazz=class vazkii.arl.block.BlockModSlab$DummyEnum, values=[BLARG]}
quark:thatch_stairs: PropertyDirection{name=facing, clazz=class net.minecraft.util.EnumFacing, values=[north, south, west, east]}, PropertyEnum{name=half, clazz=class net.minecraft.block.BlockStairs$EnumHalf, values=[top, bottom]}, PropertyEnum{name=shape, clazz=class net.minecraft.block.BlockStairs$EnumShape, values=[straight, inner_left, inner_right, outer_left, outer_right]}
quark:tiny_potato: PropertyDirection{name=facing, clazz=class net.minecraft.util.EnumFacing, values=[north, south, west, east]}
quark:turf: 
quark:turf_slab: PropertyEnum{name=half, clazz=class net.minecraft.block.BlockSlab$EnumBlockHalf, values=[top, bottom]}, PropertyEnum{name=prop, clazz=class vazkii.arl.block.BlockModSlab$DummyEnum, values=[BLARG]}
quark:turf_slab_double: PropertyEnum{name=prop, clazz=class vazkii.arl.block.BlockModSlab$DummyEnum, values=[BLARG]}
quark:turf_stairs: PropertyDirection{name=facing, clazz=class net.minecraft.util.EnumFacing, values=[north, south, west, east]}, PropertyEnum{name=half, clazz=class net.minecraft.block.BlockStairs$EnumHalf, values=[top, bottom]}, PropertyEnum{name=shape, clazz=class net.minecraft.block.BlockStairs$EnumShape, values=[straight, inner_left, inner_right, outer_left, outer_right]}
quark:variant_leaves: PropertyBool{name=check_decay, clazz=class java.lang.Boolean, values=[true, false]}, PropertyBool{name=decayable, clazz=class java.lang.Boolean, values=[true, false]}, PropertyEnum{name=variant, clazz=class vazkii.quark.world.block.BlockVariantLeaves$Variant, values=[SWAMP_LEAVES, SAKURA_LEAVES]}
quark:variant_sapling: PropertyInteger{name=stage, clazz=class java.lang.Integer, values=[0, 1]}, PropertyEnum{name=variant, clazz=class vazkii.quark.world.block.BlockVariantSapling$Variant, values=[SWAMP_SAPLING, SAKURA_SAPLING]}
quark:vertical_planks: PropertyEnum{name=variant, clazz=class vazkii.quark.building.block.BlockVerticalPlanks$Variants, values=[VERTICAL_OAK_PLANKS, VERTICAL_SPRUCE_PLANKS, VERTICAL_BIRCH_PLANKS, VERTICAL_JUNGLE_PLANKS, VERTICAL_ACACIA_PLANKS, VERTICAL_DARK_OAK_PLANKS]}
quark:vertical_stained_planks: PropertyEnum{name=variant, clazz=class vazkii.quark.building.block.BlockVerticalStainedPlanks$Variants, values=[VERTICAL_STAINED_PLANKS_WHITE, VERTICAL_STAINED_PLANKS_ORANGE, VERTICAL_STAINED_PLANKS_MAGENTA, VERTICAL_STAINED_PLANKS_LIGHT_BLUE, VERTICAL_STAINED_PLANKS_YELLOW, VERTICAL_STAINED_PLANKS_LIME, VERTICAL_STAINED_PLANKS_PINK, VERTICAL_STAINED_PLANKS_GRAY, VERTICAL_STAINED_PLANKS_SILVER, VERTICAL_STAINED_PLANKS_CYAN, VERTICAL_STAINED_PLANKS_PURPLE, VERTICAL_STAINED_PLANKS_BLUE, VERTICAL_STAINED_PLANKS_BROWN, VERTICAL_STAINED_PLANKS_GREEN, VERTICAL_STAINED_PLANKS_RED, VERTICAL_STAINED_PLANKS_BLACK]}
quark:world_stone_bricks: PropertyEnum{name=variant, clazz=class vazkii.quark.building.block.BlockWorldStoneBricks$Variants, values=[STONE_GRANITE_BRICKS, STONE_DIORITE_BRICKS, STONE_ANDESITE_BRICKS, STONE_BASALT_BRICKS, STONE_MARBLE_BRICKS, STONE_LIMESTONE_BRICKS, STONE_JASPER_BRICKS, STONE_SLATE_BRICKS]}
quark:world_stone_carved: PropertyEnum{name=variant, clazz=class vazkii.quark.building.block.BlockWorldStoneCarved$Variants, values=[STONE_GRANITE_CARVED, STONE_DIORITE_CARVED, STONE_ANDESITE_CARVED, STONE_BASALT_CARVED, STONE_MARBLE_CARVED, STONE_LIMESTONE_CARVED, STONE_JASPER_CARVED, STONE_SLATE_CARVED]}
quark:world_stone_pavement: PropertyEnum{name=variant, clazz=class vazkii.quark.building.block.BlockWorldStonePavement$Variants, values=[STONE_GRANITE_PAVEMENT, STONE_DIORITE_PAVEMENT, STONE_ANDESITE_PAVEMENT, STONE_BASALT_PAVEMENT, STONE_MARBLE_PAVEMENT, STONE_LIMESTONE_PAVEMENT, STONE_JASPER_PAVEMENT, STONE_SLATE_PAVEMENT]}
rats:auto_curdler: PropertyDirection{name=facing, clazz=class net.minecraft.util.EnumFacing, values=[north, south, west, east]}
rats:block_of_cheese: 
rats:brain_block: PropertyDirection{name=facing, clazz=class net.minecraft.util.EnumFacing, values=[north, south, west, east]}
rats:cauldron_cheese: 
rats:cauldron_milk: 
rats:compressed_rat: PropertyDirection{name=facing, clazz=class net.minecraft.util.EnumFacing, values=[north, south, west, east]}
rats:fish_barrel: PropertyDirection{name=facing, clazz=class net.minecraft.util.EnumFacing, values=[down, up, north, south, west, east]}
rats:garbage_pile: 
rats:jack_o_ratern: PropertyDirection{name=facing, clazz=class net.minecraft.util.EnumFacing, values=[north, south, west, east]}
rats:marbled_cheese: 
rats:marbled_cheese_brick: 
rats:marbled_cheese_brick_chiseled: 
rats:marbled_cheese_brick_cracked: 
rats:marbled_cheese_brick_mossy: 
rats:marbled_cheese_brick_slab: PropertyEnum{name=half, clazz=class net.minecraft.block.BlockSlab$EnumBlockHalf, values=[top, bottom]}
rats:marbled_cheese_brick_slab_double: 
rats:marbled_cheese_brick_stairs: PropertyDirection{name=facing, clazz=class net.minecraft.util.EnumFacing, values=[north, south, west, east]}, PropertyEnum{name=half, clazz=class net.minecraft.block.BlockStairs$EnumHalf, values=[top, bottom]}, PropertyEnum{name=shape, clazz=class net.minecraft.block.BlockStairs$EnumShape, values=[straight, inner_left, inner_right, outer_left, outer_right]}
rats:marbled_cheese_chiseled: 
rats:marbled_cheese_dirt: 
rats:marbled_cheese_golem_core: 
rats:marbled_cheese_grass: 
rats:marbled_cheese_pillar: PropertyEnum{name=axis, clazz=class net.minecraft.util.EnumFacing$Axis, values=[x, y, z]}
rats:marbled_cheese_rat_head: PropertyDirection{name=facing, clazz=class net.minecraft.util.EnumFacing, values=[north, south, west, east]}
rats:marbled_cheese_raw: 
rats:marbled_cheese_slab: PropertyEnum{name=half, clazz=class net.minecraft.block.BlockSlab$EnumBlockHalf, values=[top, bottom]}
rats:marbled_cheese_slab_double: 
rats:marbled_cheese_stairs: PropertyDirection{name=facing, clazz=class net.minecraft.util.EnumFacing, values=[north, south, west, east]}, PropertyEnum{name=half, clazz=class net.minecraft.block.BlockStairs$EnumHalf, values=[top, bottom]}, PropertyEnum{name=shape, clazz=class net.minecraft.block.BlockStairs$EnumShape, values=[straight, inner_left, inner_right, outer_left, outer_right]}
rats:marbled_cheese_tile: 
rats:rat_cage: PropertyInteger{name=down, clazz=class java.lang.Integer, values=[0, 1, 2]}, PropertyInteger{name=east, clazz=class java.lang.Integer, values=[0, 1, 2]}, PropertyInteger{name=north, clazz=class java.lang.Integer, values=[0, 1, 2]}, PropertyInteger{name=south, clazz=class java.lang.Integer, values=[0, 1, 2]}, PropertyInteger{name=up, clazz=class java.lang.Integer, values=[0, 1, 2]}, PropertyInteger{name=west, clazz=class java.lang.Integer, values=[0, 1, 2]}
rats:rat_cage_breeding_lantern: PropertyInteger{name=down, clazz=class java.lang.Integer, values=[0, 1, 2]}, PropertyInteger{name=east, clazz=class java.lang.Integer, values=[0, 1, 2]}, PropertyDirection{name=facing, clazz=class net.minecraft.util.EnumFacing, values=[north, south, west, east]}, PropertyInteger{name=north, clazz=class java.lang.Integer, values=[0, 1, 2]}, PropertyInteger{name=south, clazz=class java.lang.Integer, values=[0, 1, 2]}, PropertyInteger{name=up, clazz=class java.lang.Integer, values=[0, 1, 2]}, PropertyInteger{name=west, clazz=class java.lang.Integer, values=[0, 1, 2]}
rats:rat_cage_decorated: PropertyInteger{name=down, clazz=class java.lang.Integer, values=[0, 1, 2]}, PropertyInteger{name=east, clazz=class java.lang.Integer, values=[0, 1, 2]}, PropertyDirection{name=facing, clazz=class net.minecraft.util.EnumFacing, values=[north, south, west, east]}, PropertyInteger{name=north, clazz=class java.lang.Integer, values=[0, 1, 2]}, PropertyInteger{name=south, clazz=class java.lang.Integer, values=[0, 1, 2]}, PropertyInteger{name=up, clazz=class java.lang.Integer, values=[0, 1, 2]}, PropertyInteger{name=west, clazz=class java.lang.Integer, values=[0, 1, 2]}
rats:rat_crafting_table: 
rats:rat_hole: PropertyBool{name=east, clazz=class java.lang.Boolean, values=[true, false]}, PropertyBool{name=north, clazz=class java.lang.Boolean, values=[true, false]}, PropertyBool{name=south, clazz=class java.lang.Boolean, values=[true, false]}, PropertyBool{name=west, clazz=class java.lang.Boolean, values=[true, false]}
rats:rat_lantern: 
rats:rat_tube_black: PropertyBool{name=down, clazz=class java.lang.Boolean, values=[true, false]}, PropertyBool{name=east, clazz=class java.lang.Boolean, values=[true, false]}, PropertyBool{name=north, clazz=class java.lang.Boolean, values=[true, false]}, PropertyBool{name=open_down, clazz=class java.lang.Boolean, values=[true, false]}, PropertyBool{name=open_east, clazz=class java.lang.Boolean, values=[true, false]}, PropertyBool{name=open_north, clazz=class java.lang.Boolean, values=[true, false]}, PropertyBool{name=open_south, clazz=class java.lang.Boolean, values=[true, false]}, PropertyBool{name=open_up, clazz=class java.lang.Boolean, values=[true, false]}, PropertyBool{name=open_west, clazz=class java.lang.Boolean, values=[true, false]}, PropertyBool{name=south, clazz=class java.lang.Boolean, values=[true, false]}, PropertyBool{name=up, clazz=class java.lang.Boolean, values=[true, false]}, PropertyBool{name=west, clazz=class java.lang.Boolean, values=[true, false]}
rats:rat_tube_blue: PropertyBool{name=down, clazz=class java.lang.Boolean, values=[true, false]}, PropertyBool{name=east, clazz=class java.lang.Boolean, values=[true, false]}, PropertyBool{name=north, clazz=class java.lang.Boolean, values=[true, false]}, PropertyBool{name=open_down, clazz=class java.lang.Boolean, values=[true, false]}, PropertyBool{name=open_east, clazz=class java.lang.Boolean, values=[true, false]}, PropertyBool{name=open_north, clazz=class java.lang.Boolean, values=[true, false]}, PropertyBool{name=open_south, clazz=class java.lang.Boolean, values=[true, false]}, PropertyBool{name=open_up, clazz=class java.lang.Boolean, values=[true, false]}, PropertyBool{name=open_west, clazz=class java.lang.Boolean, values=[true, false]}, PropertyBool{name=south, clazz=class java.lang.Boolean, values=[true, false]}, PropertyBool{name=up, clazz=class java.lang.Boolean, values=[true, false]}, PropertyBool{name=west, clazz=class java.lang.Boolean, values=[true, false]}
rats:rat_tube_brown: PropertyBool{name=down, clazz=class java.lang.Boolean, values=[true, false]}, PropertyBool{name=east, clazz=class java.lang.Boolean, values=[true, false]}, PropertyBool{name=north, clazz=class java.lang.Boolean, values=[true, false]}, PropertyBool{name=open_down, clazz=class java.lang.Boolean, values=[true, false]}, PropertyBool{name=open_east, clazz=class java.lang.Boolean, values=[true, false]}, PropertyBool{name=open_north, clazz=class java.lang.Boolean, values=[true, false]}, PropertyBool{name=open_south, clazz=class java.lang.Boolean, values=[true, false]}, PropertyBool{name=open_up, clazz=class java.lang.Boolean, values=[true, false]}, PropertyBool{name=open_west, clazz=class java.lang.Boolean, values=[true, false]}, PropertyBool{name=south, clazz=class java.lang.Boolean, values=[true, false]}, PropertyBool{name=up, clazz=class java.lang.Boolean, values=[true, false]}, PropertyBool{name=west, clazz=class java.lang.Boolean, values=[true, false]}
rats:rat_tube_cyan: PropertyBool{name=down, clazz=class java.lang.Boolean, values=[true, false]}, PropertyBool{name=east, clazz=class java.lang.Boolean, values=[true, false]}, PropertyBool{name=north, clazz=class java.lang.Boolean, values=[true, false]}, PropertyBool{name=open_down, clazz=class java.lang.Boolean, values=[true, false]}, PropertyBool{name=open_east, clazz=class java.lang.Boolean, values=[true, false]}, PropertyBool{name=open_north, clazz=class java.lang.Boolean, values=[true, false]}, PropertyBool{name=open_south, clazz=class java.lang.Boolean, values=[true, false]}, PropertyBool{name=open_up, clazz=class java.lang.Boolean, values=[true, false]}, PropertyBool{name=open_west, clazz=class java.lang.Boolean, values=[true, false]}, PropertyBool{name=south, clazz=class java.lang.Boolean, values=[true, false]}, PropertyBool{name=up, clazz=class java.lang.Boolean, values=[true, false]}, PropertyBool{name=west, clazz=class java.lang.Boolean, values=[true, false]}
rats:rat_tube_gray: PropertyBool{name=down, clazz=class java.lang.Boolean, values=[true, false]}, PropertyBool{name=east, clazz=class java.lang.Boolean, values=[true, false]}, PropertyBool{name=north, clazz=class java.lang.Boolean, values=[true, false]}, PropertyBool{name=open_down, clazz=class java.lang.Boolean, values=[true, false]}, PropertyBool{name=open_east, clazz=class java.lang.Boolean, values=[true, false]}, PropertyBool{name=open_north, clazz=class java.lang.Boolean, values=[true, false]}, PropertyBool{name=open_south, clazz=class java.lang.Boolean, values=[true, false]}, PropertyBool{name=open_up, clazz=class java.lang.Boolean, values=[true, false]}, PropertyBool{name=open_west, clazz=class java.lang.Boolean, values=[true, false]}, PropertyBool{name=south, clazz=class java.lang.Boolean, values=[true, false]}, PropertyBool{name=up, clazz=class java.lang.Boolean, values=[true, false]}, PropertyBool{name=west, clazz=class java.lang.Boolean, values=[true, false]}
rats:rat_tube_green: PropertyBool{name=down, clazz=class java.lang.Boolean, values=[true, false]}, PropertyBool{name=east, clazz=class java.lang.Boolean, values=[true, false]}, PropertyBool{name=north, clazz=class java.lang.Boolean, values=[true, false]}, PropertyBool{name=open_down, clazz=class java.lang.Boolean, values=[true, false]}, PropertyBool{name=open_east, clazz=class java.lang.Boolean, values=[true, false]}, PropertyBool{name=open_north, clazz=class java.lang.Boolean, values=[true, false]}, PropertyBool{name=open_south, clazz=class java.lang.Boolean, values=[true, false]}, PropertyBool{name=open_up, clazz=class java.lang.Boolean, values=[true, false]}, PropertyBool{name=open_west, clazz=class java.lang.Boolean, values=[true, false]}, PropertyBool{name=south, clazz=class java.lang.Boolean, values=[true, false]}, PropertyBool{name=up, clazz=class java.lang.Boolean, values=[true, false]}, PropertyBool{name=west, clazz=class java.lang.Boolean, values=[true, false]}
rats:rat_tube_light_blue: PropertyBool{name=down, clazz=class java.lang.Boolean, values=[true, false]}, PropertyBool{name=east, clazz=class java.lang.Boolean, values=[true, false]}, PropertyBool{name=north, clazz=class java.lang.Boolean, values=[true, false]}, PropertyBool{name=open_down, clazz=class java.lang.Boolean, values=[true, false]}, PropertyBool{name=open_east, clazz=class java.lang.Boolean, values=[true, false]}, PropertyBool{name=open_north, clazz=class java.lang.Boolean, values=[true, false]}, PropertyBool{name=open_south, clazz=class java.lang.Boolean, values=[true, false]}, PropertyBool{name=open_up, clazz=class java.lang.Boolean, values=[true, false]}, PropertyBool{name=open_west, clazz=class java.lang.Boolean, values=[true, false]}, PropertyBool{name=south, clazz=class java.lang.Boolean, values=[true, false]}, PropertyBool{name=up, clazz=class java.lang.Boolean, values=[true, false]}, PropertyBool{name=west, clazz=class java.lang.Boolean, values=[true, false]}
rats:rat_tube_lime: PropertyBool{name=down, clazz=class java.lang.Boolean, values=[true, false]}, PropertyBool{name=east, clazz=class java.lang.Boolean, values=[true, false]}, PropertyBool{name=north, clazz=class java.lang.Boolean, values=[true, false]}, PropertyBool{name=open_down, clazz=class java.lang.Boolean, values=[true, false]}, PropertyBool{name=open_east, clazz=class java.lang.Boolean, values=[true, false]}, PropertyBool{name=open_north, clazz=class java.lang.Boolean, values=[true, false]}, PropertyBool{name=open_south, clazz=class java.lang.Boolean, values=[true, false]}, PropertyBool{name=open_up, clazz=class java.lang.Boolean, values=[true, false]}, PropertyBool{name=open_west, clazz=class java.lang.Boolean, values=[true, false]}, PropertyBool{name=south, clazz=class java.lang.Boolean, values=[true, false]}, PropertyBool{name=up, clazz=class java.lang.Boolean, values=[true, false]}, PropertyBool{name=west, clazz=class java.lang.Boolean, values=[true, false]}
rats:rat_tube_magenta: PropertyBool{name=down, clazz=class java.lang.Boolean, values=[true, false]}, PropertyBool{name=east, clazz=class java.lang.Boolean, values=[true, false]}, PropertyBool{name=north, clazz=class java.lang.Boolean, values=[true, false]}, PropertyBool{name=open_down, clazz=class java.lang.Boolean, values=[true, false]}, PropertyBool{name=open_east, clazz=class java.lang.Boolean, values=[true, false]}, PropertyBool{name=open_north, clazz=class java.lang.Boolean, values=[true, false]}, PropertyBool{name=open_south, clazz=class java.lang.Boolean, values=[true, false]}, PropertyBool{name=open_up, clazz=class java.lang.Boolean, values=[true, false]}, PropertyBool{name=open_west, clazz=class java.lang.Boolean, values=[true, false]}, PropertyBool{name=south, clazz=class java.lang.Boolean, values=[true, false]}, PropertyBool{name=up, clazz=class java.lang.Boolean, values=[true, false]}, PropertyBool{name=west, clazz=class java.lang.Boolean, values=[true, false]}
rats:rat_tube_orange: PropertyBool{name=down, clazz=class java.lang.Boolean, values=[true, false]}, PropertyBool{name=east, clazz=class java.lang.Boolean, values=[true, false]}, PropertyBool{name=north, clazz=class java.lang.Boolean, values=[true, false]}, PropertyBool{name=open_down, clazz=class java.lang.Boolean, values=[true, false]}, PropertyBool{name=open_east, clazz=class java.lang.Boolean, values=[true, false]}, PropertyBool{name=open_north, clazz=class java.lang.Boolean, values=[true, false]}, PropertyBool{name=open_south, clazz=class java.lang.Boolean, values=[true, false]}, PropertyBool{name=open_up, clazz=class java.lang.Boolean, values=[true, false]}, PropertyBool{name=open_west, clazz=class java.lang.Boolean, values=[true, false]}, PropertyBool{name=south, clazz=class java.lang.Boolean, values=[true, false]}, PropertyBool{name=up, clazz=class java.lang.Boolean, values=[true, false]}, PropertyBool{name=west, clazz=class java.lang.Boolean, values=[true, false]}
rats:rat_tube_pink: PropertyBool{name=down, clazz=class java.lang.Boolean, values=[true, false]}, PropertyBool{name=east, clazz=class java.lang.Boolean, values=[true, false]}, PropertyBool{name=north, clazz=class java.lang.Boolean, values=[true, false]}, PropertyBool{name=open_down, clazz=class java.lang.Boolean, values=[true, false]}, PropertyBool{name=open_east, clazz=class java.lang.Boolean, values=[true, false]}, PropertyBool{name=open_north, clazz=class java.lang.Boolean, values=[true, false]}, PropertyBool{name=open_south, clazz=class java.lang.Boolean, values=[true, false]}, PropertyBool{name=open_up, clazz=class java.lang.Boolean, values=[true, false]}, PropertyBool{name=open_west, clazz=class java.lang.Boolean, values=[true, false]}, PropertyBool{name=south, clazz=class java.lang.Boolean, values=[true, false]}, PropertyBool{name=up, clazz=class java.lang.Boolean, values=[true, false]}, PropertyBool{name=west, clazz=class java.lang.Boolean, values=[true, false]}
rats:rat_tube_purple: PropertyBool{name=down, clazz=class java.lang.Boolean, values=[true, false]}, PropertyBool{name=east, clazz=class java.lang.Boolean, values=[true, false]}, PropertyBool{name=north, clazz=class java.lang.Boolean, values=[true, false]}, PropertyBool{name=open_down, clazz=class java.lang.Boolean, values=[true, false]}, PropertyBool{name=open_east, clazz=class java.lang.Boolean, values=[true, false]}, PropertyBool{name=open_north, clazz=class java.lang.Boolean, values=[true, false]}, PropertyBool{name=open_south, clazz=class java.lang.Boolean, values=[true, false]}, PropertyBool{name=open_up, clazz=class java.lang.Boolean, values=[true, false]}, PropertyBool{name=open_west, clazz=class java.lang.Boolean, values=[true, false]}, PropertyBool{name=south, clazz=class java.lang.Boolean, values=[true, false]}, PropertyBool{name=up, clazz=class java.lang.Boolean, values=[true, false]}, PropertyBool{name=west, clazz=class java.lang.Boolean, values=[true, false]}
rats:rat_tube_red: PropertyBool{name=down, clazz=class java.lang.Boolean, values=[true, false]}, PropertyBool{name=east, clazz=class java.lang.Boolean, values=[true, false]}, PropertyBool{name=north, clazz=class java.lang.Boolean, values=[true, false]}, PropertyBool{name=open_down, clazz=class java.lang.Boolean, values=[true, false]}, PropertyBool{name=open_east, clazz=class java.lang.Boolean, values=[true, false]}, PropertyBool{name=open_north, clazz=class java.lang.Boolean, values=[true, false]}, PropertyBool{name=open_south, clazz=class java.lang.Boolean, values=[true, false]}, PropertyBool{name=open_up, clazz=class java.lang.Boolean, values=[true, false]}, PropertyBool{name=open_west, clazz=class java.lang.Boolean, values=[true, false]}, PropertyBool{name=south, clazz=class java.lang.Boolean, values=[true, false]}, PropertyBool{name=up, clazz=class java.lang.Boolean, values=[true, false]}, PropertyBool{name=west, clazz=class java.lang.Boolean, values=[true, false]}
rats:rat_tube_silver: PropertyBool{name=down, clazz=class java.lang.Boolean, values=[true, false]}, PropertyBool{name=east, clazz=class java.lang.Boolean, values=[true, false]}, PropertyBool{name=north, clazz=class java.lang.Boolean, values=[true, false]}, PropertyBool{name=open_down, clazz=class java.lang.Boolean, values=[true, false]}, PropertyBool{name=open_east, clazz=class java.lang.Boolean, values=[true, false]}, PropertyBool{name=open_north, clazz=class java.lang.Boolean, values=[true, false]}, PropertyBool{name=open_south, clazz=class java.lang.Boolean, values=[true, false]}, PropertyBool{name=open_up, clazz=class java.lang.Boolean, values=[true, false]}, PropertyBool{name=open_west, clazz=class java.lang.Boolean, values=[true, false]}, PropertyBool{name=south, clazz=class java.lang.Boolean, values=[true, false]}, PropertyBool{name=up, clazz=class java.lang.Boolean, values=[true, false]}, PropertyBool{name=west, clazz=class java.lang.Boolean, values=[true, false]}
rats:rat_tube_white: PropertyBool{name=down, clazz=class java.lang.Boolean, values=[true, false]}, PropertyBool{name=east, clazz=class java.lang.Boolean, values=[true, false]}, PropertyBool{name=north, clazz=class java.lang.Boolean, values=[true, false]}, PropertyBool{name=open_down, clazz=class java.lang.Boolean, values=[true, false]}, PropertyBool{name=open_east, clazz=class java.lang.Boolean, values=[true, false]}, PropertyBool{name=open_north, clazz=class java.lang.Boolean, values=[true, false]}, PropertyBool{name=open_south, clazz=class java.lang.Boolean, values=[true, false]}, PropertyBool{name=open_up, clazz=class java.lang.Boolean, values=[true, false]}, PropertyBool{name=open_west, clazz=class java.lang.Boolean, values=[true, false]}, PropertyBool{name=south, clazz=class java.lang.Boolean, values=[true, false]}, PropertyBool{name=up, clazz=class java.lang.Boolean, values=[true, false]}, PropertyBool{name=west, clazz=class java.lang.Boolean, values=[true, false]}
rats:rat_tube_yellow: PropertyBool{name=down, clazz=class java.lang.Boolean, values=[true, false]}, PropertyBool{name=east, clazz=class java.lang.Boolean, values=[true, false]}, PropertyBool{name=north, clazz=class java.lang.Boolean, values=[true, false]}, PropertyBool{name=open_down, clazz=class java.lang.Boolean, values=[true, false]}, PropertyBool{name=open_east, clazz=class java.lang.Boolean, values=[true, false]}, PropertyBool{name=open_north, clazz=class java.lang.Boolean, values=[true, false]}, PropertyBool{name=open_south, clazz=class java.lang.Boolean, values=[true, false]}, PropertyBool{name=open_up, clazz=class java.lang.Boolean, values=[true, false]}, PropertyBool{name=open_west, clazz=class java.lang.Boolean, values=[true, false]}, PropertyBool{name=south, clazz=class java.lang.Boolean, values=[true, false]}, PropertyBool{name=up, clazz=class java.lang.Boolean, values=[true, false]}, PropertyBool{name=west, clazz=class java.lang.Boolean, values=[true, false]}
rats:ratglove_flower: 
rats:ratlantis_portal: 
rats:rattrap: PropertyDirection{name=facing, clazz=class net.minecraft.util.EnumFacing, values=[north, south, west, east]}
rats:upgrade_combiner: 
rats:upgrade_separator: 
rustic:ale_wort: PropertyInteger{name=level, clazz=class java.lang.Integer, values=[0, 1, 2, 3, 4, 5, 6, 7, 8, 9, 10, 11, 12, 13, 14, 15]}
rustic:aloe_vera: PropertyInteger{name=age, clazz=class java.lang.Integer, values=[0, 1, 2, 3]}
rustic:andesite_pillar: PropertyEnum{name=axis, clazz=class net.minecraft.util.EnumFacing$Axis, values=[x, y, z]}
rustic:apiary: PropertyDirection{name=facing, clazz=class net.minecraft.util.EnumFacing, values=[north, south, west, east]}
rustic:apple_juice: PropertyInteger{name=level, clazz=class java.lang.Integer, values=[0, 1, 2, 3, 4, 5, 6, 7, 8, 9, 10, 11, 12, 13, 14, 15]}
rustic:apple_seeds: PropertyInteger{name=age, clazz=class java.lang.Integer, values=[0, 1]}
rustic:barrel: 
rustic:beehive: PropertyDirection{name=facing, clazz=class net.minecraft.util.EnumFacing, values=[north, south, west, east]}
rustic:blood_orchid: PropertyInteger{name=age, clazz=class java.lang.Integer, values=[0, 1, 2, 3]}
rustic:brewing_barrel: PropertyDirection{name=facing, clazz=class net.minecraft.util.EnumFacing, values=[north, south, west, east]}
rustic:cabinet: PropertyBool{name=bottom, clazz=class java.lang.Boolean, values=[true, false]}, PropertyDirection{name=facing, clazz=class net.minecraft.util.EnumFacing, values=[north, south, west, east]}, PropertyBool{name=mirror, clazz=class java.lang.Boolean, values=[true, false]}, PropertyBool{name=top, clazz=class java.lang.Boolean, values=[true, false]}
rustic:candle: PropertyDirection{name=facing, clazz=class net.minecraft.util.EnumFacing, values=[up, north, south, west, east]}
rustic:candle_double: PropertyEnum{name=facing, clazz=class rustic.common.blocks.BlockCandleDouble$EnumFacingWallOrXZ, values=[up_x, up_z, north, south, west, east]}
rustic:candle_double_gold: PropertyEnum{name=facing, clazz=class rustic.common.blocks.BlockCandleDouble$EnumFacingWallOrXZ, values=[up_x, up_z, north, south, west, east]}
rustic:candle_double_silver: PropertyEnum{name=facing, clazz=class rustic.common.blocks.BlockCandleDouble$EnumFacingWallOrXZ, values=[up_x, up_z, north, south, west, east]}
rustic:candle_gold: PropertyDirection{name=facing, clazz=class net.minecraft.util.EnumFacing, values=[up, north, south, west, east]}
rustic:candle_lever: PropertyDirection{name=facing, clazz=class net.minecraft.util.EnumFacing, values=[up, north, south, west, east]}, PropertyBool{name=powered, clazz=class java.lang.Boolean, values=[true, false]}
rustic:candle_lever_gold: PropertyDirection{name=facing, clazz=class net.minecraft.util.EnumFacing, values=[up, north, south, west, east]}, PropertyBool{name=powered, clazz=class java.lang.Boolean, values=[true, false]}
rustic:candle_lever_silver: PropertyDirection{name=facing, clazz=class net.minecraft.util.EnumFacing, values=[up, north, south, west, east]}, PropertyBool{name=powered, clazz=class java.lang.Boolean, values=[true, false]}
rustic:candle_silver: PropertyDirection{name=facing, clazz=class net.minecraft.util.EnumFacing, values=[up, north, south, west, east]}
rustic:chain: PropertyEnum{name=axis, clazz=class net.minecraft.util.EnumFacing$Axis, values=[x, y, z]}, PropertyBool{name=dangle, clazz=class java.lang.Boolean, values=[true, false]}
rustic:chain_gold: PropertyEnum{name=axis, clazz=class net.minecraft.util.EnumFacing$Axis, values=[x, y, z]}, PropertyBool{name=dangle, clazz=class java.lang.Boolean, values=[true, false]}
rustic:chain_silver: PropertyEnum{name=axis, clazz=class net.minecraft.util.EnumFacing$Axis, values=[x, y, z]}, PropertyBool{name=dangle, clazz=class java.lang.Boolean, values=[true, false]}
rustic:chair_acacia: PropertyDirection{name=facing, clazz=class net.minecraft.util.EnumFacing, values=[north, south, west, east]}
rustic:chair_big_oak: PropertyDirection{name=facing, clazz=class net.minecraft.util.EnumFacing, values=[north, south, west, east]}
rustic:chair_birch: PropertyDirection{name=facing, clazz=class net.minecraft.util.EnumFacing, values=[north, south, west, east]}
rustic:chair_ironwood: PropertyDirection{name=facing, clazz=class net.minecraft.util.EnumFacing, values=[north, south, west, east]}
rustic:chair_jungle: PropertyDirection{name=facing, clazz=class net.minecraft.util.EnumFacing, values=[north, south, west, east]}
rustic:chair_oak: PropertyDirection{name=facing, clazz=class net.minecraft.util.EnumFacing, values=[north, south, west, east]}
rustic:chair_olive: PropertyDirection{name=facing, clazz=class net.minecraft.util.EnumFacing, values=[north, south, west, east]}
rustic:chair_spruce: PropertyDirection{name=facing, clazz=class net.minecraft.util.EnumFacing, values=[north, south, west, east]}
rustic:chamomile: PropertyInteger{name=age, clazz=class java.lang.Integer, values=[0, 1, 2, 3]}
rustic:chandelier: 
rustic:chandelier_gold: 
rustic:chandelier_silver: 
rustic:chili_crop: PropertyInteger{name=age, clazz=class java.lang.Integer, values=[0, 1, 2, 3]}
rustic:clay_wall: 
rustic:clay_wall_cross: 
rustic:clay_wall_diag: PropertyDirection{name=facing, clazz=class net.minecraft.util.EnumFacing, values=[north, south, west, east]}
rustic:cloudsbluff: PropertyInteger{name=age, clazz=class java.lang.Integer, values=[0, 1, 2, 3]}
rustic:cohosh: PropertyInteger{name=age, clazz=class java.lang.Integer, values=[0, 1, 2, 3]}
rustic:condenser: PropertyBool{name=bottom, clazz=class java.lang.Boolean, values=[true, false]}, PropertyDirection{name=facing, clazz=class net.minecraft.util.EnumFacing, values=[north, south, west, east]}
rustic:condenser_advanced: PropertyBool{name=bottom, clazz=class java.lang.Boolean, values=[true, false]}, PropertyDirection{name=facing, clazz=class net.minecraft.util.EnumFacing, values=[north, south, west, east]}
rustic:core_root: PropertyInteger{name=age, clazz=class java.lang.Integer, values=[0, 1, 2, 3]}
rustic:crop_stake: 
rustic:crushing_tub: 
rustic:deathstalk_mushroom: PropertyInteger{name=age, clazz=class java.lang.Integer, values=[0, 1, 2, 3]}
rustic:diorite_pillar: PropertyEnum{name=axis, clazz=class net.minecraft.util.EnumFacing$Axis, values=[x, y, z]}
rustic:evaporating_basin: 
rustic:fence_gate_ironwood: PropertyDirection{name=facing, clazz=class net.minecraft.util.EnumFacing, values=[north, south, west, east]}, PropertyBool{name=in_wall, clazz=class java.lang.Boolean, values=[true, false]}, PropertyBool{name=open, clazz=class java.lang.Boolean, values=[true, false]}, PropertyBool{name=powered, clazz=class java.lang.Boolean, values=[true, false]}
rustic:fence_gate_olive: PropertyDirection{name=facing, clazz=class net.minecraft.util.EnumFacing, values=[north, south, west, east]}, PropertyBool{name=in_wall, clazz=class java.lang.Boolean, values=[true, false]}, PropertyBool{name=open, clazz=class java.lang.Boolean, values=[true, false]}, PropertyBool{name=powered, clazz=class java.lang.Boolean, values=[true, false]}
rustic:fence_ironwood: PropertyBool{name=east, clazz=class java.lang.Boolean, values=[true, false]}, PropertyBool{name=north, clazz=class java.lang.Boolean, values=[true, false]}, PropertyBool{name=south, clazz=class java.lang.Boolean, values=[true, false]}, PropertyBool{name=west, clazz=class java.lang.Boolean, values=[true, false]}
rustic:fence_olive: PropertyBool{name=east, clazz=class java.lang.Boolean, values=[true, false]}, PropertyBool{name=north, clazz=class java.lang.Boolean, values=[true, false]}, PropertyBool{name=south, clazz=class java.lang.Boolean, values=[true, false]}, PropertyBool{name=west, clazz=class java.lang.Boolean, values=[true, false]}
rustic:fertile_soil: 
rustic:gargoyle: PropertyDirection{name=facing, clazz=class net.minecraft.util.EnumFacing, values=[north, south, west, east]}
rustic:ginseng: PropertyInteger{name=age, clazz=class java.lang.Integer, values=[0, 1, 2, 3]}
rustic:golden_apple_juice: PropertyInteger{name=level, clazz=class java.lang.Integer, values=[0, 1, 2, 3, 4, 5, 6, 7, 8, 9, 10, 11, 12, 13, 14, 15]}
rustic:golden_lantern: PropertyDirection{name=facing, clazz=class net.minecraft.util.EnumFacing, values=[down, up, north, south, west, east]}
rustic:granite_pillar: PropertyEnum{name=axis, clazz=class net.minecraft.util.EnumFacing$Axis, values=[x, y, z]}
rustic:grape_juice: PropertyInteger{name=level, clazz=class java.lang.Integer, values=[0, 1, 2, 3, 4, 5, 6, 7, 8, 9, 10, 11, 12, 13, 14, 15]}
rustic:grape_leaves: PropertyEnum{name=axis, clazz=class net.minecraft.util.EnumFacing$Axis, values=[x, z]}, PropertyBool{name=dangle, clazz=class java.lang.Boolean, values=[true, false]}, PropertyInteger{name=distance, clazz=class java.lang.Integer, values=[0, 1]}, PropertyBool{name=grapes, clazz=class java.lang.Boolean, values=[true, false]}
rustic:grape_stem: PropertyInteger{name=age, clazz=class java.lang.Integer, values=[0, 1, 2, 3]}
rustic:honey: PropertyInteger{name=level, clazz=class java.lang.Integer, values=[0, 1, 2, 3, 4, 5, 6, 7, 8, 9, 10, 11, 12, 13, 14, 15]}
rustic:horsetail: PropertyInteger{name=age, clazz=class java.lang.Integer, values=[0, 1, 2, 3]}
rustic:iron_lantern: PropertyDirection{name=facing, clazz=class net.minecraft.util.EnumFacing, values=[down, up, north, south, west, east]}
rustic:iron_lattice: PropertyBool{name=leaves, clazz=class java.lang.Boolean, values=[true, false]}
rustic:ironberry_juice: PropertyInteger{name=level, clazz=class java.lang.Integer, values=[0, 1, 2, 3, 4, 5, 6, 7, 8, 9, 10, 11, 12, 13, 14, 15]}
rustic:ironwood_door: PropertyDirection{name=facing, clazz=class net.minecraft.util.EnumFacing, values=[north, south, west, east]}, PropertyEnum{name=half, clazz=class net.minecraft.block.BlockDoor$EnumDoorHalf, values=[upper, lower]}, PropertyEnum{name=hinge, clazz=class net.minecraft.block.BlockDoor$EnumHingePosition, values=[left, right]}, PropertyBool{name=open, clazz=class java.lang.Boolean, values=[true, false]}, PropertyBool{name=powered, clazz=class java.lang.Boolean, values=[true, false]}
rustic:ironwood_doubleslab: PropertyEnum{name=half, clazz=class net.minecraft.block.BlockSlab$EnumBlockHalf, values=[top, bottom]}
rustic:ironwood_slab: PropertyEnum{name=half, clazz=class net.minecraft.block.BlockSlab$EnumBlockHalf, values=[top, bottom]}
rustic:lantern_wood: PropertyDirection{name=facing, clazz=class net.minecraft.util.EnumFacing, values=[up, north, south, west, east]}
rustic:leaves: PropertyBool{name=check_decay, clazz=class java.lang.Boolean, values=[true, false]}, PropertyBool{name=decayable, clazz=class java.lang.Boolean, values=[true, false]}, PropertyEnum{name=variant, clazz=class rustic.common.blocks.BlockPlanksRustic$EnumType, values=[olive, ironwood]}
rustic:leaves_apple: PropertyInteger{name=apple_age, clazz=class java.lang.Integer, values=[0, 1, 2, 3]}, PropertyBool{name=check_decay, clazz=class java.lang.Boolean, values=[true, false]}, PropertyBool{name=decayable, clazz=class java.lang.Boolean, values=[true, false]}
rustic:liquid_barrel: 
rustic:log: PropertyEnum{name=axis, clazz=class net.minecraft.block.BlockLog$EnumAxis, values=[x, y, z, none]}, PropertyEnum{name=variant, clazz=class rustic.common.blocks.BlockPlanksRustic$EnumType, values=[olive, ironwood]}
rustic:marsh_mallow: PropertyInteger{name=age, clazz=class java.lang.Integer, values=[0, 1, 2, 3]}
rustic:mooncap_mushroom: PropertyInteger{name=age, clazz=class java.lang.Integer, values=[0, 1, 2, 3]}
rustic:olive_door: PropertyDirection{name=facing, clazz=class net.minecraft.util.EnumFacing, values=[north, south, west, east]}, PropertyEnum{name=half, clazz=class net.minecraft.block.BlockDoor$EnumDoorHalf, values=[upper, lower]}, PropertyEnum{name=hinge, clazz=class net.minecraft.block.BlockDoor$EnumHingePosition, values=[left, right]}, PropertyBool{name=open, clazz=class java.lang.Boolean, values=[true, false]}, PropertyBool{name=powered, clazz=class java.lang.Boolean, values=[true, false]}
rustic:olive_doubleslab: PropertyEnum{name=half, clazz=class net.minecraft.block.BlockSlab$EnumBlockHalf, values=[top, bottom]}
rustic:olive_oil: PropertyInteger{name=level, clazz=class java.lang.Integer, values=[0, 1, 2, 3, 4, 5, 6, 7, 8, 9, 10, 11, 12, 13, 14, 15]}
rustic:olive_slab: PropertyEnum{name=half, clazz=class net.minecraft.block.BlockSlab$EnumBlockHalf, values=[top, bottom]}
rustic:painted_wood_black: 
rustic:painted_wood_blue: 
rustic:painted_wood_brown: 
rustic:painted_wood_cyan: 
rustic:painted_wood_gray: 
rustic:painted_wood_green: 
rustic:painted_wood_light_blue: 
rustic:painted_wood_lime: 
rustic:painted_wood_magenta: 
rustic:painted_wood_orange: 
rustic:painted_wood_pink: 
rustic:painted_wood_purple: 
rustic:painted_wood_red: 
rustic:painted_wood_silver: 
rustic:painted_wood_white: 
rustic:painted_wood_yellow: 
rustic:planks: PropertyEnum{name=variant, clazz=class rustic.common.blocks.BlockPlanksRustic$EnumType, values=[olive, ironwood]}
rustic:retort: PropertyDirection{name=facing, clazz=class net.minecraft.util.EnumFacing, values=[north, south, west, east]}
rustic:retort_advanced: PropertyDirection{name=facing, clazz=class net.minecraft.util.EnumFacing, values=[north, south, west, east]}
rustic:rope: PropertyEnum{name=axis, clazz=class net.minecraft.util.EnumFacing$Axis, values=[x, y, z]}, PropertyBool{name=dangle, clazz=class java.lang.Boolean, values=[true, false]}
rustic:sapling: PropertyInteger{name=stage, clazz=class java.lang.Integer, values=[0, 1]}, PropertyEnum{name=variant, clazz=class rustic.common.blocks.BlockPlanksRustic$EnumType, values=[olive, ironwood]}
rustic:sapling_apple: PropertyInteger{name=stage, clazz=class java.lang.Integer, values=[0, 1]}
rustic:silver_lantern: PropertyDirection{name=facing, clazz=class net.minecraft.util.EnumFacing, values=[down, up, north, south, west, east]}
rustic:slate: 
rustic:slate_brick: 
rustic:slate_brick_doubleslab: PropertyEnum{name=half, clazz=class net.minecraft.block.BlockSlab$EnumBlockHalf, values=[top, bottom]}
rustic:slate_brick_slab: PropertyEnum{name=half, clazz=class net.minecraft.block.BlockSlab$EnumBlockHalf, values=[top, bottom]}
rustic:slate_chiseled: 
rustic:slate_pillar: PropertyEnum{name=axis, clazz=class net.minecraft.util.EnumFacing$Axis, values=[x, y, z]}
rustic:slate_roof: 
rustic:slate_roof_doubleslab: PropertyEnum{name=half, clazz=class net.minecraft.block.BlockSlab$EnumBlockHalf, values=[top, bottom]}
rustic:slate_roof_slab: PropertyEnum{name=half, clazz=class net.minecraft.block.BlockSlab$EnumBlockHalf, values=[top, bottom]}
rustic:slate_tile: 
rustic:stairs_ironwood: PropertyDirection{name=facing, clazz=class net.minecraft.util.EnumFacing, values=[north, south, west, east]}, PropertyEnum{name=half, clazz=class net.minecraft.block.BlockStairs$EnumHalf, values=[top, bottom]}, PropertyEnum{name=shape, clazz=class net.minecraft.block.BlockStairs$EnumShape, values=[straight, inner_left, inner_right, outer_left, outer_right]}
rustic:stairs_olive: PropertyDirection{name=facing, clazz=class net.minecraft.util.EnumFacing, values=[north, south, west, east]}, PropertyEnum{name=half, clazz=class net.minecraft.block.BlockStairs$EnumHalf, values=[top, bottom]}, PropertyEnum{name=shape, clazz=class net.minecraft.block.BlockStairs$EnumShape, values=[straight, inner_left, inner_right, outer_left, outer_right]}
rustic:stairs_slate_brick: PropertyDirection{name=facing, clazz=class net.minecraft.util.EnumFacing, values=[north, south, west, east]}, PropertyEnum{name=half, clazz=class net.minecraft.block.BlockStairs$EnumHalf, values=[top, bottom]}, PropertyEnum{name=shape, clazz=class net.minecraft.block.BlockStairs$EnumShape, values=[straight, inner_left, inner_right, outer_left, outer_right]}
rustic:stairs_slate_roof: PropertyDirection{name=facing, clazz=class net.minecraft.util.EnumFacing, values=[north, south, west, east]}, PropertyEnum{name=half, clazz=class net.minecraft.block.BlockStairs$EnumHalf, values=[top, bottom]}, PropertyEnum{name=shape, clazz=class net.minecraft.block.BlockStairs$EnumShape, values=[straight, inner_left, inner_right, outer_left, outer_right]}
rustic:stake_tied: PropertyBool{name=east, clazz=class java.lang.Boolean, values=[true, false]}, PropertyBool{name=north, clazz=class java.lang.Boolean, values=[true, false]}, PropertyBool{name=south, clazz=class java.lang.Boolean, values=[true, false]}, PropertyBool{name=west, clazz=class java.lang.Boolean, values=[true, false]}
rustic:stone_pillar: PropertyEnum{name=axis, clazz=class net.minecraft.util.EnumFacing$Axis, values=[x, y, z]}
rustic:table_acacia: PropertyBool{name=ne, clazz=class java.lang.Boolean, values=[true, false]}, PropertyBool{name=nw, clazz=class java.lang.Boolean, values=[true, false]}, PropertyBool{name=se, clazz=class java.lang.Boolean, values=[true, false]}, PropertyBool{name=sw, clazz=class java.lang.Boolean, values=[true, false]}
rustic:table_big_oak: PropertyBool{name=ne, clazz=class java.lang.Boolean, values=[true, false]}, PropertyBool{name=nw, clazz=class java.lang.Boolean, values=[true, false]}, PropertyBool{name=se, clazz=class java.lang.Boolean, values=[true, false]}, PropertyBool{name=sw, clazz=class java.lang.Boolean, values=[true, false]}
rustic:table_birch: PropertyBool{name=ne, clazz=class java.lang.Boolean, values=[true, false]}, PropertyBool{name=nw, clazz=class java.lang.Boolean, values=[true, false]}, PropertyBool{name=se, clazz=class java.lang.Boolean, values=[true, false]}, PropertyBool{name=sw, clazz=class java.lang.Boolean, values=[true, false]}
rustic:table_ironwood: PropertyBool{name=ne, clazz=class java.lang.Boolean, values=[true, false]}, PropertyBool{name=nw, clazz=class java.lang.Boolean, values=[true, false]}, PropertyBool{name=se, clazz=class java.lang.Boolean, values=[true, false]}, PropertyBool{name=sw, clazz=class java.lang.Boolean, values=[true, false]}
rustic:table_jungle: PropertyBool{name=ne, clazz=class java.lang.Boolean, values=[true, false]}, PropertyBool{name=nw, clazz=class java.lang.Boolean, values=[true, false]}, PropertyBool{name=se, clazz=class java.lang.Boolean, values=[true, false]}, PropertyBool{name=sw, clazz=class java.lang.Boolean, values=[true, false]}
rustic:table_oak: PropertyBool{name=ne, clazz=class java.lang.Boolean, values=[true, false]}, PropertyBool{name=nw, clazz=class java.lang.Boolean, values=[true, false]}, PropertyBool{name=se, clazz=class java.lang.Boolean, values=[true, false]}, PropertyBool{name=sw, clazz=class java.lang.Boolean, values=[true, false]}
rustic:table_olive: PropertyBool{name=ne, clazz=class java.lang.Boolean, values=[true, false]}, PropertyBool{name=nw, clazz=class java.lang.Boolean, values=[true, false]}, PropertyBool{name=se, clazz=class java.lang.Boolean, values=[true, false]}, PropertyBool{name=sw, clazz=class java.lang.Boolean, values=[true, false]}
rustic:table_spruce: PropertyBool{name=ne, clazz=class java.lang.Boolean, values=[true, false]}, PropertyBool{name=nw, clazz=class java.lang.Boolean, values=[true, false]}, PropertyBool{name=se, clazz=class java.lang.Boolean, values=[true, false]}, PropertyBool{name=sw, clazz=class java.lang.Boolean, values=[true, false]}
rustic:tomato_crop: PropertyInteger{name=age, clazz=class java.lang.Integer, values=[0, 1, 2, 3]}
rustic:vanta_lily: PropertyInteger{name=age, clazz=class java.lang.Integer, values=[0, 1, 2, 3]}
rustic:vase: PropertyInteger{name=variant, clazz=class java.lang.Integer, values=[0, 1, 2, 3, 4, 5, 6, 7, 8, 9, 10, 11, 12]}
rustic:wildberry_bush: PropertyBool{name=berries, clazz=class java.lang.Boolean, values=[true, false]}
rustic:wildberry_juice: PropertyInteger{name=level, clazz=class java.lang.Integer, values=[0, 1, 2, 3, 4, 5, 6, 7, 8, 9, 10, 11, 12, 13, 14, 15]}
rustic:wind_thistle: PropertyInteger{name=age, clazz=class java.lang.Integer, values=[0, 1, 2, 3]}
rusticbopwoods:chair_cherry: PropertyDirection{name=facing, clazz=class net.minecraft.util.EnumFacing, values=[north, south, west, east]}
rusticbopwoods:chair_ebony: PropertyDirection{name=facing, clazz=class net.minecraft.util.EnumFacing, values=[north, south, west, east]}
rusticbopwoods:chair_ethereal: PropertyDirection{name=facing, clazz=class net.minecraft.util.EnumFacing, values=[north, south, west, east]}
rusticbopwoods:chair_eucalyptus: PropertyDirection{name=facing, clazz=class net.minecraft.util.EnumFacing, values=[north, south, west, east]}
rusticbopwoods:chair_fir: PropertyDirection{name=facing, clazz=class net.minecraft.util.EnumFacing, values=[north, south, west, east]}
rusticbopwoods:chair_hellbark: PropertyDirection{name=facing, clazz=class net.minecraft.util.EnumFacing, values=[north, south, west, east]}
rusticbopwoods:chair_jacaranda: PropertyDirection{name=facing, clazz=class net.minecraft.util.EnumFacing, values=[north, south, west, east]}
rusticbopwoods:chair_magic: PropertyDirection{name=facing, clazz=class net.minecraft.util.EnumFacing, values=[north, south, west, east]}
rusticbopwoods:chair_mahogany: PropertyDirection{name=facing, clazz=class net.minecraft.util.EnumFacing, values=[north, south, west, east]}
rusticbopwoods:chair_mangrove: PropertyDirection{name=facing, clazz=class net.minecraft.util.EnumFacing, values=[north, south, west, east]}
rusticbopwoods:chair_palm: PropertyDirection{name=facing, clazz=class net.minecraft.util.EnumFacing, values=[north, south, west, east]}
rusticbopwoods:chair_pine: PropertyDirection{name=facing, clazz=class net.minecraft.util.EnumFacing, values=[north, south, west, east]}
rusticbopwoods:chair_redwood: PropertyDirection{name=facing, clazz=class net.minecraft.util.EnumFacing, values=[north, south, west, east]}
rusticbopwoods:chair_sacred_oak: PropertyDirection{name=facing, clazz=class net.minecraft.util.EnumFacing, values=[north, south, west, east]}
rusticbopwoods:chair_umbran: PropertyDirection{name=facing, clazz=class net.minecraft.util.EnumFacing, values=[north, south, west, east]}
rusticbopwoods:chair_willow: PropertyDirection{name=facing, clazz=class net.minecraft.util.EnumFacing, values=[north, south, west, east]}
rusticbopwoods:table_cherry: PropertyBool{name=ne, clazz=class java.lang.Boolean, values=[true, false]}, PropertyBool{name=nw, clazz=class java.lang.Boolean, values=[true, false]}, PropertyBool{name=se, clazz=class java.lang.Boolean, values=[true, false]}, PropertyBool{name=sw, clazz=class java.lang.Boolean, values=[true, false]}
rusticbopwoods:table_ebony: PropertyBool{name=ne, clazz=class java.lang.Boolean, values=[true, false]}, PropertyBool{name=nw, clazz=class java.lang.Boolean, values=[true, false]}, PropertyBool{name=se, clazz=class java.lang.Boolean, values=[true, false]}, PropertyBool{name=sw, clazz=class java.lang.Boolean, values=[true, false]}
rusticbopwoods:table_ethereal: PropertyBool{name=ne, clazz=class java.lang.Boolean, values=[true, false]}, PropertyBool{name=nw, clazz=class java.lang.Boolean, values=[true, false]}, PropertyBool{name=se, clazz=class java.lang.Boolean, values=[true, false]}, PropertyBool{name=sw, clazz=class java.lang.Boolean, values=[true, false]}
rusticbopwoods:table_eucalyptus: PropertyBool{name=ne, clazz=class java.lang.Boolean, values=[true, false]}, PropertyBool{name=nw, clazz=class java.lang.Boolean, values=[true, false]}, PropertyBool{name=se, clazz=class java.lang.Boolean, values=[true, false]}, PropertyBool{name=sw, clazz=class java.lang.Boolean, values=[true, false]}
rusticbopwoods:table_fir: PropertyBool{name=ne, clazz=class java.lang.Boolean, values=[true, false]}, PropertyBool{name=nw, clazz=class java.lang.Boolean, values=[true, false]}, PropertyBool{name=se, clazz=class java.lang.Boolean, values=[true, false]}, PropertyBool{name=sw, clazz=class java.lang.Boolean, values=[true, false]}
rusticbopwoods:table_hellbark: PropertyBool{name=ne, clazz=class java.lang.Boolean, values=[true, false]}, PropertyBool{name=nw, clazz=class java.lang.Boolean, values=[true, false]}, PropertyBool{name=se, clazz=class java.lang.Boolean, values=[true, false]}, PropertyBool{name=sw, clazz=class java.lang.Boolean, values=[true, false]}
rusticbopwoods:table_jacaranda: PropertyBool{name=ne, clazz=class java.lang.Boolean, values=[true, false]}, PropertyBool{name=nw, clazz=class java.lang.Boolean, values=[true, false]}, PropertyBool{name=se, clazz=class java.lang.Boolean, values=[true, false]}, PropertyBool{name=sw, clazz=class java.lang.Boolean, values=[true, false]}
rusticbopwoods:table_magic: PropertyBool{name=ne, clazz=class java.lang.Boolean, values=[true, false]}, PropertyBool{name=nw, clazz=class java.lang.Boolean, values=[true, false]}, PropertyBool{name=se, clazz=class java.lang.Boolean, values=[true, false]}, PropertyBool{name=sw, clazz=class java.lang.Boolean, values=[true, false]}
rusticbopwoods:table_mahogany: PropertyBool{name=ne, clazz=class java.lang.Boolean, values=[true, false]}, PropertyBool{name=nw, clazz=class java.lang.Boolean, values=[true, false]}, PropertyBool{name=se, clazz=class java.lang.Boolean, values=[true, false]}, PropertyBool{name=sw, clazz=class java.lang.Boolean, values=[true, false]}
rusticbopwoods:table_mangrove: PropertyBool{name=ne, clazz=class java.lang.Boolean, values=[true, false]}, PropertyBool{name=nw, clazz=class java.lang.Boolean, values=[true, false]}, PropertyBool{name=se, clazz=class java.lang.Boolean, values=[true, false]}, PropertyBool{name=sw, clazz=class java.lang.Boolean, values=[true, false]}
rusticbopwoods:table_palm: PropertyBool{name=ne, clazz=class java.lang.Boolean, values=[true, false]}, PropertyBool{name=nw, clazz=class java.lang.Boolean, values=[true, false]}, PropertyBool{name=se, clazz=class java.lang.Boolean, values=[true, false]}, PropertyBool{name=sw, clazz=class java.lang.Boolean, values=[true, false]}
rusticbopwoods:table_pine: PropertyBool{name=ne, clazz=class java.lang.Boolean, values=[true, false]}, PropertyBool{name=nw, clazz=class java.lang.Boolean, values=[true, false]}, PropertyBool{name=se, clazz=class java.lang.Boolean, values=[true, false]}, PropertyBool{name=sw, clazz=class java.lang.Boolean, values=[true, false]}
rusticbopwoods:table_redwood: PropertyBool{name=ne, clazz=class java.lang.Boolean, values=[true, false]}, PropertyBool{name=nw, clazz=class java.lang.Boolean, values=[true, false]}, PropertyBool{name=se, clazz=class java.lang.Boolean, values=[true, false]}, PropertyBool{name=sw, clazz=class java.lang.Boolean, values=[true, false]}
rusticbopwoods:table_sacred_oak: PropertyBool{name=ne, clazz=class java.lang.Boolean, values=[true, false]}, PropertyBool{name=nw, clazz=class java.lang.Boolean, values=[true, false]}, PropertyBool{name=se, clazz=class java.lang.Boolean, values=[true, false]}, PropertyBool{name=sw, clazz=class java.lang.Boolean, values=[true, false]}
rusticbopwoods:table_umbran: PropertyBool{name=ne, clazz=class java.lang.Boolean, values=[true, false]}, PropertyBool{name=nw, clazz=class java.lang.Boolean, values=[true, false]}, PropertyBool{name=se, clazz=class java.lang.Boolean, values=[true, false]}, PropertyBool{name=sw, clazz=class java.lang.Boolean, values=[true, false]}
rusticbopwoods:table_willow: PropertyBool{name=ne, clazz=class java.lang.Boolean, values=[true, false]}, PropertyBool{name=nw, clazz=class java.lang.Boolean, values=[true, false]}, PropertyBool{name=se, clazz=class java.lang.Boolean, values=[true, false]}, PropertyBool{name=sw, clazz=class java.lang.Boolean, values=[true, false]}
rusticcompat:chair_black_painted: PropertyDirection{name=facing, clazz=class net.minecraft.util.EnumFacing, values=[north, south, west, east]}
rusticcompat:chair_black_stained: PropertyDirection{name=facing, clazz=class net.minecraft.util.EnumFacing, values=[north, south, west, east]}
rusticcompat:chair_blue_painted: PropertyDirection{name=facing, clazz=class net.minecraft.util.EnumFacing, values=[north, south, west, east]}
rusticcompat:chair_blue_stained: PropertyDirection{name=facing, clazz=class net.minecraft.util.EnumFacing, values=[north, south, west, east]}
rusticcompat:chair_brown_painted: PropertyDirection{name=facing, clazz=class net.minecraft.util.EnumFacing, values=[north, south, west, east]}
rusticcompat:chair_brown_stained: PropertyDirection{name=facing, clazz=class net.minecraft.util.EnumFacing, values=[north, south, west, east]}
rusticcompat:chair_cyan_painted: PropertyDirection{name=facing, clazz=class net.minecraft.util.EnumFacing, values=[north, south, west, east]}
rusticcompat:chair_cyan_stained: PropertyDirection{name=facing, clazz=class net.minecraft.util.EnumFacing, values=[north, south, west, east]}
rusticcompat:chair_fir: PropertyDirection{name=facing, clazz=class net.minecraft.util.EnumFacing, values=[north, south, west, east]}
rusticcompat:chair_gray_painted: PropertyDirection{name=facing, clazz=class net.minecraft.util.EnumFacing, values=[north, south, west, east]}
rusticcompat:chair_gray_stained: PropertyDirection{name=facing, clazz=class net.minecraft.util.EnumFacing, values=[north, south, west, east]}
rusticcompat:chair_green_painted: PropertyDirection{name=facing, clazz=class net.minecraft.util.EnumFacing, values=[north, south, west, east]}
rusticcompat:chair_green_stained: PropertyDirection{name=facing, clazz=class net.minecraft.util.EnumFacing, values=[north, south, west, east]}
rusticcompat:chair_light_blue_painted: PropertyDirection{name=facing, clazz=class net.minecraft.util.EnumFacing, values=[north, south, west, east]}
rusticcompat:chair_light_blue_stained: PropertyDirection{name=facing, clazz=class net.minecraft.util.EnumFacing, values=[north, south, west, east]}
rusticcompat:chair_light_gray_stained: PropertyDirection{name=facing, clazz=class net.minecraft.util.EnumFacing, values=[north, south, west, east]}
rusticcompat:chair_lime_painted: PropertyDirection{name=facing, clazz=class net.minecraft.util.EnumFacing, values=[north, south, west, east]}
rusticcompat:chair_lime_stained: PropertyDirection{name=facing, clazz=class net.minecraft.util.EnumFacing, values=[north, south, west, east]}
rusticcompat:chair_magenta_painted: PropertyDirection{name=facing, clazz=class net.minecraft.util.EnumFacing, values=[north, south, west, east]}
rusticcompat:chair_magenta_stained: PropertyDirection{name=facing, clazz=class net.minecraft.util.EnumFacing, values=[north, south, west, east]}
rusticcompat:chair_orange_painted: PropertyDirection{name=facing, clazz=class net.minecraft.util.EnumFacing, values=[north, south, west, east]}
rusticcompat:chair_orange_stained: PropertyDirection{name=facing, clazz=class net.minecraft.util.EnumFacing, values=[north, south, west, east]}
rusticcompat:chair_pink_painted: PropertyDirection{name=facing, clazz=class net.minecraft.util.EnumFacing, values=[north, south, west, east]}
rusticcompat:chair_pink_stained: PropertyDirection{name=facing, clazz=class net.minecraft.util.EnumFacing, values=[north, south, west, east]}
rusticcompat:chair_purple_painted: PropertyDirection{name=facing, clazz=class net.minecraft.util.EnumFacing, values=[north, south, west, east]}
rusticcompat:chair_purple_stained: PropertyDirection{name=facing, clazz=class net.minecraft.util.EnumFacing, values=[north, south, west, east]}
rusticcompat:chair_red_painted: PropertyDirection{name=facing, clazz=class net.minecraft.util.EnumFacing, values=[north, south, west, east]}
rusticcompat:chair_red_stained: PropertyDirection{name=facing, clazz=class net.minecraft.util.EnumFacing, values=[north, south, west, east]}
rusticcompat:chair_reed: PropertyDirection{name=facing, clazz=class net.minecraft.util.EnumFacing, values=[north, south, west, east]}
rusticcompat:chair_silver_painted: PropertyDirection{name=facing, clazz=class net.minecraft.util.EnumFacing, values=[north, south, west, east]}
rusticcompat:chair_skyroot: PropertyDirection{name=facing, clazz=class net.minecraft.util.EnumFacing, values=[north, south, west, east]}
rusticcompat:chair_stalagnate: PropertyDirection{name=facing, clazz=class net.minecraft.util.EnumFacing, values=[north, south, west, east]}
rusticcompat:chair_tenebra: PropertyDirection{name=facing, clazz=class net.minecraft.util.EnumFacing, values=[north, south, west, east]}
rusticcompat:chair_white_painted: PropertyDirection{name=facing, clazz=class net.minecraft.util.EnumFacing, values=[north, south, west, east]}
rusticcompat:chair_white_stained: PropertyDirection{name=facing, clazz=class net.minecraft.util.EnumFacing, values=[north, south, west, east]}
rusticcompat:chair_wyrmwood: PropertyDirection{name=facing, clazz=class net.minecraft.util.EnumFacing, values=[north, south, west, east]}
rusticcompat:chair_yellow_painted: PropertyDirection{name=facing, clazz=class net.minecraft.util.EnumFacing, values=[north, south, west, east]}
rusticcompat:chair_yellow_stained: PropertyDirection{name=facing, clazz=class net.minecraft.util.EnumFacing, values=[north, south, west, east]}
rusticcompat:table_black_painted: PropertyBool{name=ne, clazz=class java.lang.Boolean, values=[true, false]}, PropertyBool{name=nw, clazz=class java.lang.Boolean, values=[true, false]}, PropertyBool{name=se, clazz=class java.lang.Boolean, values=[true, false]}, PropertyBool{name=sw, clazz=class java.lang.Boolean, values=[true, false]}
rusticcompat:table_black_stained: PropertyBool{name=ne, clazz=class java.lang.Boolean, values=[true, false]}, PropertyBool{name=nw, clazz=class java.lang.Boolean, values=[true, false]}, PropertyBool{name=se, clazz=class java.lang.Boolean, values=[true, false]}, PropertyBool{name=sw, clazz=class java.lang.Boolean, values=[true, false]}
rusticcompat:table_blue_painted: PropertyBool{name=ne, clazz=class java.lang.Boolean, values=[true, false]}, PropertyBool{name=nw, clazz=class java.lang.Boolean, values=[true, false]}, PropertyBool{name=se, clazz=class java.lang.Boolean, values=[true, false]}, PropertyBool{name=sw, clazz=class java.lang.Boolean, values=[true, false]}
rusticcompat:table_blue_stained: PropertyBool{name=ne, clazz=class java.lang.Boolean, values=[true, false]}, PropertyBool{name=nw, clazz=class java.lang.Boolean, values=[true, false]}, PropertyBool{name=se, clazz=class java.lang.Boolean, values=[true, false]}, PropertyBool{name=sw, clazz=class java.lang.Boolean, values=[true, false]}
rusticcompat:table_brown_painted: PropertyBool{name=ne, clazz=class java.lang.Boolean, values=[true, false]}, PropertyBool{name=nw, clazz=class java.lang.Boolean, values=[true, false]}, PropertyBool{name=se, clazz=class java.lang.Boolean, values=[true, false]}, PropertyBool{name=sw, clazz=class java.lang.Boolean, values=[true, false]}
rusticcompat:table_brown_stained: PropertyBool{name=ne, clazz=class java.lang.Boolean, values=[true, false]}, PropertyBool{name=nw, clazz=class java.lang.Boolean, values=[true, false]}, PropertyBool{name=se, clazz=class java.lang.Boolean, values=[true, false]}, PropertyBool{name=sw, clazz=class java.lang.Boolean, values=[true, false]}
rusticcompat:table_cyan_painted: PropertyBool{name=ne, clazz=class java.lang.Boolean, values=[true, false]}, PropertyBool{name=nw, clazz=class java.lang.Boolean, values=[true, false]}, PropertyBool{name=se, clazz=class java.lang.Boolean, values=[true, false]}, PropertyBool{name=sw, clazz=class java.lang.Boolean, values=[true, false]}
rusticcompat:table_cyan_stained: PropertyBool{name=ne, clazz=class java.lang.Boolean, values=[true, false]}, PropertyBool{name=nw, clazz=class java.lang.Boolean, values=[true, false]}, PropertyBool{name=se, clazz=class java.lang.Boolean, values=[true, false]}, PropertyBool{name=sw, clazz=class java.lang.Boolean, values=[true, false]}
rusticcompat:table_fir: PropertyBool{name=ne, clazz=class java.lang.Boolean, values=[true, false]}, PropertyBool{name=nw, clazz=class java.lang.Boolean, values=[true, false]}, PropertyBool{name=se, clazz=class java.lang.Boolean, values=[true, false]}, PropertyBool{name=sw, clazz=class java.lang.Boolean, values=[true, false]}
rusticcompat:table_gray_painted: PropertyBool{name=ne, clazz=class java.lang.Boolean, values=[true, false]}, PropertyBool{name=nw, clazz=class java.lang.Boolean, values=[true, false]}, PropertyBool{name=se, clazz=class java.lang.Boolean, values=[true, false]}, PropertyBool{name=sw, clazz=class java.lang.Boolean, values=[true, false]}
rusticcompat:table_gray_stained: PropertyBool{name=ne, clazz=class java.lang.Boolean, values=[true, false]}, PropertyBool{name=nw, clazz=class java.lang.Boolean, values=[true, false]}, PropertyBool{name=se, clazz=class java.lang.Boolean, values=[true, false]}, PropertyBool{name=sw, clazz=class java.lang.Boolean, values=[true, false]}
rusticcompat:table_green_painted: PropertyBool{name=ne, clazz=class java.lang.Boolean, values=[true, false]}, PropertyBool{name=nw, clazz=class java.lang.Boolean, values=[true, false]}, PropertyBool{name=se, clazz=class java.lang.Boolean, values=[true, false]}, PropertyBool{name=sw, clazz=class java.lang.Boolean, values=[true, false]}
rusticcompat:table_green_stained: PropertyBool{name=ne, clazz=class java.lang.Boolean, values=[true, false]}, PropertyBool{name=nw, clazz=class java.lang.Boolean, values=[true, false]}, PropertyBool{name=se, clazz=class java.lang.Boolean, values=[true, false]}, PropertyBool{name=sw, clazz=class java.lang.Boolean, values=[true, false]}
rusticcompat:table_light_blue_painted: PropertyBool{name=ne, clazz=class java.lang.Boolean, values=[true, false]}, PropertyBool{name=nw, clazz=class java.lang.Boolean, values=[true, false]}, PropertyBool{name=se, clazz=class java.lang.Boolean, values=[true, false]}, PropertyBool{name=sw, clazz=class java.lang.Boolean, values=[true, false]}
rusticcompat:table_light_blue_stained: PropertyBool{name=ne, clazz=class java.lang.Boolean, values=[true, false]}, PropertyBool{name=nw, clazz=class java.lang.Boolean, values=[true, false]}, PropertyBool{name=se, clazz=class java.lang.Boolean, values=[true, false]}, PropertyBool{name=sw, clazz=class java.lang.Boolean, values=[true, false]}
rusticcompat:table_light_gray_stained: PropertyBool{name=ne, clazz=class java.lang.Boolean, values=[true, false]}, PropertyBool{name=nw, clazz=class java.lang.Boolean, values=[true, false]}, PropertyBool{name=se, clazz=class java.lang.Boolean, values=[true, false]}, PropertyBool{name=sw, clazz=class java.lang.Boolean, values=[true, false]}
rusticcompat:table_lime_painted: PropertyBool{name=ne, clazz=class java.lang.Boolean, values=[true, false]}, PropertyBool{name=nw, clazz=class java.lang.Boolean, values=[true, false]}, PropertyBool{name=se, clazz=class java.lang.Boolean, values=[true, false]}, PropertyBool{name=sw, clazz=class java.lang.Boolean, values=[true, false]}
rusticcompat:table_lime_stained: PropertyBool{name=ne, clazz=class java.lang.Boolean, values=[true, false]}, PropertyBool{name=nw, clazz=class java.lang.Boolean, values=[true, false]}, PropertyBool{name=se, clazz=class java.lang.Boolean, values=[true, false]}, PropertyBool{name=sw, clazz=class java.lang.Boolean, values=[true, false]}
rusticcompat:table_magenta_painted: PropertyBool{name=ne, clazz=class java.lang.Boolean, values=[true, false]}, PropertyBool{name=nw, clazz=class java.lang.Boolean, values=[true, false]}, PropertyBool{name=se, clazz=class java.lang.Boolean, values=[true, false]}, PropertyBool{name=sw, clazz=class java.lang.Boolean, values=[true, false]}
rusticcompat:table_magenta_stained: PropertyBool{name=ne, clazz=class java.lang.Boolean, values=[true, false]}, PropertyBool{name=nw, clazz=class java.lang.Boolean, values=[true, false]}, PropertyBool{name=se, clazz=class java.lang.Boolean, values=[true, false]}, PropertyBool{name=sw, clazz=class java.lang.Boolean, values=[true, false]}
rusticcompat:table_orange_painted: PropertyBool{name=ne, clazz=class java.lang.Boolean, values=[true, false]}, PropertyBool{name=nw, clazz=class java.lang.Boolean, values=[true, false]}, PropertyBool{name=se, clazz=class java.lang.Boolean, values=[true, false]}, PropertyBool{name=sw, clazz=class java.lang.Boolean, values=[true, false]}
rusticcompat:table_orange_stained: PropertyBool{name=ne, clazz=class java.lang.Boolean, values=[true, false]}, PropertyBool{name=nw, clazz=class java.lang.Boolean, values=[true, false]}, PropertyBool{name=se, clazz=class java.lang.Boolean, values=[true, false]}, PropertyBool{name=sw, clazz=class java.lang.Boolean, values=[true, false]}
rusticcompat:table_pink_painted: PropertyBool{name=ne, clazz=class java.lang.Boolean, values=[true, false]}, PropertyBool{name=nw, clazz=class java.lang.Boolean, values=[true, false]}, PropertyBool{name=se, clazz=class java.lang.Boolean, values=[true, false]}, PropertyBool{name=sw, clazz=class java.lang.Boolean, values=[true, false]}
rusticcompat:table_pink_stained: PropertyBool{name=ne, clazz=class java.lang.Boolean, values=[true, false]}, PropertyBool{name=nw, clazz=class java.lang.Boolean, values=[true, false]}, PropertyBool{name=se, clazz=class java.lang.Boolean, values=[true, false]}, PropertyBool{name=sw, clazz=class java.lang.Boolean, values=[true, false]}
rusticcompat:table_purple_painted: PropertyBool{name=ne, clazz=class java.lang.Boolean, values=[true, false]}, PropertyBool{name=nw, clazz=class java.lang.Boolean, values=[true, false]}, PropertyBool{name=se, clazz=class java.lang.Boolean, values=[true, false]}, PropertyBool{name=sw, clazz=class java.lang.Boolean, values=[true, false]}
rusticcompat:table_purple_stained: PropertyBool{name=ne, clazz=class java.lang.Boolean, values=[true, false]}, PropertyBool{name=nw, clazz=class java.lang.Boolean, values=[true, false]}, PropertyBool{name=se, clazz=class java.lang.Boolean, values=[true, false]}, PropertyBool{name=sw, clazz=class java.lang.Boolean, values=[true, false]}
rusticcompat:table_red_painted: PropertyBool{name=ne, clazz=class java.lang.Boolean, values=[true, false]}, PropertyBool{name=nw, clazz=class java.lang.Boolean, values=[true, false]}, PropertyBool{name=se, clazz=class java.lang.Boolean, values=[true, false]}, PropertyBool{name=sw, clazz=class java.lang.Boolean, values=[true, false]}
rusticcompat:table_red_stained: PropertyBool{name=ne, clazz=class java.lang.Boolean, values=[true, false]}, PropertyBool{name=nw, clazz=class java.lang.Boolean, values=[true, false]}, PropertyBool{name=se, clazz=class java.lang.Boolean, values=[true, false]}, PropertyBool{name=sw, clazz=class java.lang.Boolean, values=[true, false]}
rusticcompat:table_reed: PropertyBool{name=ne, clazz=class java.lang.Boolean, values=[true, false]}, PropertyBool{name=nw, clazz=class java.lang.Boolean, values=[true, false]}, PropertyBool{name=se, clazz=class java.lang.Boolean, values=[true, false]}, PropertyBool{name=sw, clazz=class java.lang.Boolean, values=[true, false]}
rusticcompat:table_silver_painted: PropertyBool{name=ne, clazz=class java.lang.Boolean, values=[true, false]}, PropertyBool{name=nw, clazz=class java.lang.Boolean, values=[true, false]}, PropertyBool{name=se, clazz=class java.lang.Boolean, values=[true, false]}, PropertyBool{name=sw, clazz=class java.lang.Boolean, values=[true, false]}
rusticcompat:table_skyroot: PropertyBool{name=ne, clazz=class java.lang.Boolean, values=[true, false]}, PropertyBool{name=nw, clazz=class java.lang.Boolean, values=[true, false]}, PropertyBool{name=se, clazz=class java.lang.Boolean, values=[true, false]}, PropertyBool{name=sw, clazz=class java.lang.Boolean, values=[true, false]}
rusticcompat:table_stalagnate: PropertyBool{name=ne, clazz=class java.lang.Boolean, values=[true, false]}, PropertyBool{name=nw, clazz=class java.lang.Boolean, values=[true, false]}, PropertyBool{name=se, clazz=class java.lang.Boolean, values=[true, false]}, PropertyBool{name=sw, clazz=class java.lang.Boolean, values=[true, false]}
rusticcompat:table_tenebra: PropertyBool{name=ne, clazz=class java.lang.Boolean, values=[true, false]}, PropertyBool{name=nw, clazz=class java.lang.Boolean, values=[true, false]}, PropertyBool{name=se, clazz=class java.lang.Boolean, values=[true, false]}, PropertyBool{name=sw, clazz=class java.lang.Boolean, values=[true, false]}
rusticcompat:table_white_painted: PropertyBool{name=ne, clazz=class java.lang.Boolean, values=[true, false]}, PropertyBool{name=nw, clazz=class java.lang.Boolean, values=[true, false]}, PropertyBool{name=se, clazz=class java.lang.Boolean, values=[true, false]}, PropertyBool{name=sw, clazz=class java.lang.Boolean, values=[true, false]}
rusticcompat:table_white_stained: PropertyBool{name=ne, clazz=class java.lang.Boolean, values=[true, false]}, PropertyBool{name=nw, clazz=class java.lang.Boolean, values=[true, false]}, PropertyBool{name=se, clazz=class java.lang.Boolean, values=[true, false]}, PropertyBool{name=sw, clazz=class java.lang.Boolean, values=[true, false]}
rusticcompat:table_wyrmwood: PropertyBool{name=ne, clazz=class java.lang.Boolean, values=[true, false]}, PropertyBool{name=nw, clazz=class java.lang.Boolean, values=[true, false]}, PropertyBool{name=se, clazz=class java.lang.Boolean, values=[true, false]}, PropertyBool{name=sw, clazz=class java.lang.Boolean, values=[true, false]}
rusticcompat:table_yellow_painted: PropertyBool{name=ne, clazz=class java.lang.Boolean, values=[true, false]}, PropertyBool{name=nw, clazz=class java.lang.Boolean, values=[true, false]}, PropertyBool{name=se, clazz=class java.lang.Boolean, values=[true, false]}, PropertyBool{name=sw, clazz=class java.lang.Boolean, values=[true, false]}
rusticcompat:table_yellow_stained: PropertyBool{name=ne, clazz=class java.lang.Boolean, values=[true, false]}, PropertyBool{name=nw, clazz=class java.lang.Boolean, values=[true, false]}, PropertyBool{name=se, clazz=class java.lang.Boolean, values=[true, false]}, PropertyBool{name=sw, clazz=class java.lang.Boolean, values=[true, false]}
scalinghealth:crystalore: 
somanyenchantments:frostedicetemp: PropertyInteger{name=age, clazz=class java.lang.Integer, values=[0, 1, 2, 3]}
somanyenchantments:magmatemp: PropertyInteger{name=age, clazz=class java.lang.Integer, values=[0, 1, 2, 3]}
spellarchives:spell_archive: PropertyInteger{name=books, clazz=class java.lang.Integer, values=[0, 1, 2, 3, 4, 5, 6, 7, 8, 9, 10, 11, 12, 13, 14]}, PropertyDirection{name=facing, clazz=class net.minecraft.util.EnumFacing, values=[north, south, west, east]}
spellbundle:conjured_bramble: PropertyBool{name=down, clazz=class java.lang.Boolean, values=[true, false]}, PropertyBool{name=east, clazz=class java.lang.Boolean, values=[true, false]}, PropertyBool{name=north, clazz=class java.lang.Boolean, values=[true, false]}, PropertyBool{name=south, clazz=class java.lang.Boolean, values=[true, false]}, PropertyBool{name=up, clazz=class java.lang.Boolean, values=[true, false]}, PropertyBool{name=west, clazz=class java.lang.Boolean, values=[true, false]}
spookybiomes:bloodied_dirt: 
spookybiomes:bloodied_grass: PropertyBool{name=snowy, clazz=class java.lang.Boolean, values=[true, false]}
spookybiomes:bloodwood_door: PropertyDirection{name=facing, clazz=class net.minecraft.util.EnumFacing, values=[north, south, west, east]}, PropertyEnum{name=half, clazz=class net.minecraft.block.BlockDoor$EnumDoorHalf, values=[upper, lower]}, PropertyEnum{name=hinge, clazz=class net.minecraft.block.BlockDoor$EnumHingePosition, values=[left, right]}, PropertyBool{name=open, clazz=class java.lang.Boolean, values=[true, false]}, PropertyBool{name=powered, clazz=class java.lang.Boolean, values=[true, false]}
spookybiomes:bloodwood_double_slab: PropertyEnum{name=variant, clazz=class com.mcmoddev.proxyslib.blocks.BaseSlab$Variant, values=[DEFAULT]}
spookybiomes:bloodwood_fence: PropertyBool{name=east, clazz=class java.lang.Boolean, values=[true, false]}, PropertyBool{name=north, clazz=class java.lang.Boolean, values=[true, false]}, PropertyBool{name=south, clazz=class java.lang.Boolean, values=[true, false]}, PropertyBool{name=west, clazz=class java.lang.Boolean, values=[true, false]}
spookybiomes:bloodwood_gate: PropertyDirection{name=facing, clazz=class net.minecraft.util.EnumFacing, values=[north, south, west, east]}, PropertyBool{name=in_wall, clazz=class java.lang.Boolean, values=[true, false]}, PropertyBool{name=open, clazz=class java.lang.Boolean, values=[true, false]}, PropertyBool{name=powered, clazz=class java.lang.Boolean, values=[true, false]}
spookybiomes:bloodwood_leaves: PropertyBool{name=check_decay, clazz=class java.lang.Boolean, values=[true, false]}, PropertyBool{name=decayable, clazz=class java.lang.Boolean, values=[true, false]}
spookybiomes:bloodwood_log: PropertyEnum{name=axis, clazz=class net.minecraft.block.BlockLog$EnumAxis, values=[x, y, z, none]}
spookybiomes:bloodwood_planks: 
spookybiomes:bloodwood_sapling: PropertyInteger{name=stage, clazz=class java.lang.Integer, values=[0, 1]}, PropertyEnum{name=type, clazz=class net.minecraft.block.BlockPlanks$EnumType, values=[oak, spruce, birch, jungle, acacia, dark_oak]}
spookybiomes:bloodwood_slab: PropertyEnum{name=half, clazz=class net.minecraft.block.BlockSlab$EnumBlockHalf, values=[top, bottom]}, PropertyEnum{name=variant, clazz=class com.mcmoddev.proxyslib.blocks.BaseSlab$Variant, values=[DEFAULT]}
spookybiomes:bloodwood_stairs: PropertyDirection{name=facing, clazz=class net.minecraft.util.EnumFacing, values=[north, south, west, east]}, PropertyEnum{name=half, clazz=class net.minecraft.block.BlockStairs$EnumHalf, values=[top, bottom]}, PropertyEnum{name=shape, clazz=class net.minecraft.block.BlockStairs$EnumShape, values=[straight, inner_left, inner_right, outer_left, outer_right]}
spookybiomes:bloodwood_trapdoor: PropertyDirection{name=facing, clazz=class net.minecraft.util.EnumFacing, values=[north, south, west, east]}, PropertyEnum{name=half, clazz=class net.minecraft.block.BlockTrapDoor$DoorHalf, values=[top, bottom]}, PropertyBool{name=open, clazz=class java.lang.Boolean, values=[true, false]}
spookybiomes:ghostly_door: PropertyDirection{name=facing, clazz=class net.minecraft.util.EnumFacing, values=[north, south, west, east]}, PropertyEnum{name=half, clazz=class net.minecraft.block.BlockDoor$EnumDoorHalf, values=[upper, lower]}, PropertyEnum{name=hinge, clazz=class net.minecraft.block.BlockDoor$EnumHingePosition, values=[left, right]}, PropertyBool{name=open, clazz=class java.lang.Boolean, values=[true, false]}, PropertyBool{name=powered, clazz=class java.lang.Boolean, values=[true, false]}
spookybiomes:ghostly_double_slab: PropertyEnum{name=variant, clazz=class com.mcmoddev.proxyslib.blocks.BaseSlab$Variant, values=[DEFAULT]}
spookybiomes:ghostly_fence: PropertyBool{name=east, clazz=class java.lang.Boolean, values=[true, false]}, PropertyBool{name=north, clazz=class java.lang.Boolean, values=[true, false]}, PropertyBool{name=south, clazz=class java.lang.Boolean, values=[true, false]}, PropertyBool{name=west, clazz=class java.lang.Boolean, values=[true, false]}
spookybiomes:ghostly_gate: PropertyDirection{name=facing, clazz=class net.minecraft.util.EnumFacing, values=[north, south, west, east]}, PropertyBool{name=in_wall, clazz=class java.lang.Boolean, values=[true, false]}, PropertyBool{name=open, clazz=class java.lang.Boolean, values=[true, false]}, PropertyBool{name=powered, clazz=class java.lang.Boolean, values=[true, false]}
spookybiomes:ghostly_leaves: PropertyBool{name=check_decay, clazz=class java.lang.Boolean, values=[true, false]}, PropertyBool{name=decayable, clazz=class java.lang.Boolean, values=[true, false]}
spookybiomes:ghostly_log: PropertyEnum{name=axis, clazz=class net.minecraft.block.BlockLog$EnumAxis, values=[x, y, z, none]}
spookybiomes:ghostly_planks: 
spookybiomes:ghostly_sapling: PropertyInteger{name=stage, clazz=class java.lang.Integer, values=[0, 1]}, PropertyEnum{name=type, clazz=class net.minecraft.block.BlockPlanks$EnumType, values=[oak, spruce, birch, jungle, acacia, dark_oak]}
spookybiomes:ghostly_slab: PropertyEnum{name=half, clazz=class net.minecraft.block.BlockSlab$EnumBlockHalf, values=[top, bottom]}, PropertyEnum{name=variant, clazz=class com.mcmoddev.proxyslib.blocks.BaseSlab$Variant, values=[DEFAULT]}
spookybiomes:ghostly_stairs: PropertyDirection{name=facing, clazz=class net.minecraft.util.EnumFacing, values=[north, south, west, east]}, PropertyEnum{name=half, clazz=class net.minecraft.block.BlockStairs$EnumHalf, values=[top, bottom]}, PropertyEnum{name=shape, clazz=class net.minecraft.block.BlockStairs$EnumShape, values=[straight, inner_left, inner_right, outer_left, outer_right]}
spookybiomes:ghostly_trapdoor: PropertyDirection{name=facing, clazz=class net.minecraft.util.EnumFacing, values=[north, south, west, east]}, PropertyEnum{name=half, clazz=class net.minecraft.block.BlockTrapDoor$DoorHalf, values=[top, bottom]}, PropertyBool{name=open, clazz=class java.lang.Boolean, values=[true, false]}
spookybiomes:seeping_door: PropertyDirection{name=facing, clazz=class net.minecraft.util.EnumFacing, values=[north, south, west, east]}, PropertyEnum{name=half, clazz=class net.minecraft.block.BlockDoor$EnumDoorHalf, values=[upper, lower]}, PropertyEnum{name=hinge, clazz=class net.minecraft.block.BlockDoor$EnumHingePosition, values=[left, right]}, PropertyBool{name=open, clazz=class java.lang.Boolean, values=[true, false]}, PropertyBool{name=powered, clazz=class java.lang.Boolean, values=[true, false]}
spookybiomes:seeping_double_slab: PropertyEnum{name=variant, clazz=class com.mcmoddev.proxyslib.blocks.BaseSlab$Variant, values=[DEFAULT]}
spookybiomes:seeping_fence: PropertyBool{name=east, clazz=class java.lang.Boolean, values=[true, false]}, PropertyBool{name=north, clazz=class java.lang.Boolean, values=[true, false]}, PropertyBool{name=south, clazz=class java.lang.Boolean, values=[true, false]}, PropertyBool{name=west, clazz=class java.lang.Boolean, values=[true, false]}
spookybiomes:seeping_gate: PropertyDirection{name=facing, clazz=class net.minecraft.util.EnumFacing, values=[north, south, west, east]}, PropertyBool{name=in_wall, clazz=class java.lang.Boolean, values=[true, false]}, PropertyBool{name=open, clazz=class java.lang.Boolean, values=[true, false]}, PropertyBool{name=powered, clazz=class java.lang.Boolean, values=[true, false]}
spookybiomes:seeping_leaves: PropertyBool{name=check_decay, clazz=class java.lang.Boolean, values=[true, false]}, PropertyBool{name=decayable, clazz=class java.lang.Boolean, values=[true, false]}
spookybiomes:seeping_log: PropertyEnum{name=axis, clazz=class net.minecraft.block.BlockLog$EnumAxis, values=[x, y, z, none]}
spookybiomes:seeping_planks: 
spookybiomes:seeping_sapling: PropertyInteger{name=stage, clazz=class java.lang.Integer, values=[0, 1]}, PropertyEnum{name=type, clazz=class net.minecraft.block.BlockPlanks$EnumType, values=[oak, spruce, birch, jungle, acacia, dark_oak]}
spookybiomes:seeping_slab: PropertyEnum{name=half, clazz=class net.minecraft.block.BlockSlab$EnumBlockHalf, values=[top, bottom]}, PropertyEnum{name=variant, clazz=class com.mcmoddev.proxyslib.blocks.BaseSlab$Variant, values=[DEFAULT]}
spookybiomes:seeping_stairs: PropertyDirection{name=facing, clazz=class net.minecraft.util.EnumFacing, values=[north, south, west, east]}, PropertyEnum{name=half, clazz=class net.minecraft.block.BlockStairs$EnumHalf, values=[top, bottom]}, PropertyEnum{name=shape, clazz=class net.minecraft.block.BlockStairs$EnumShape, values=[straight, inner_left, inner_right, outer_left, outer_right]}
spookybiomes:seeping_trapdoor: PropertyDirection{name=facing, clazz=class net.minecraft.util.EnumFacing, values=[north, south, west, east]}, PropertyEnum{name=half, clazz=class net.minecraft.block.BlockTrapDoor$DoorHalf, values=[top, bottom]}, PropertyBool{name=open, clazz=class java.lang.Boolean, values=[true, false]}
spookybiomes:sorbus_door: PropertyDirection{name=facing, clazz=class net.minecraft.util.EnumFacing, values=[north, south, west, east]}, PropertyEnum{name=half, clazz=class net.minecraft.block.BlockDoor$EnumDoorHalf, values=[upper, lower]}, PropertyEnum{name=hinge, clazz=class net.minecraft.block.BlockDoor$EnumHingePosition, values=[left, right]}, PropertyBool{name=open, clazz=class java.lang.Boolean, values=[true, false]}, PropertyBool{name=powered, clazz=class java.lang.Boolean, values=[true, false]}
spookybiomes:sorbus_double_slab: PropertyEnum{name=variant, clazz=class com.mcmoddev.proxyslib.blocks.BaseSlab$Variant, values=[DEFAULT]}
spookybiomes:sorbus_fence: PropertyBool{name=east, clazz=class java.lang.Boolean, values=[true, false]}, PropertyBool{name=north, clazz=class java.lang.Boolean, values=[true, false]}, PropertyBool{name=south, clazz=class java.lang.Boolean, values=[true, false]}, PropertyBool{name=west, clazz=class java.lang.Boolean, values=[true, false]}
spookybiomes:sorbus_gate: PropertyDirection{name=facing, clazz=class net.minecraft.util.EnumFacing, values=[north, south, west, east]}, PropertyBool{name=in_wall, clazz=class java.lang.Boolean, values=[true, false]}, PropertyBool{name=open, clazz=class java.lang.Boolean, values=[true, false]}, PropertyBool{name=powered, clazz=class java.lang.Boolean, values=[true, false]}
spookybiomes:sorbus_leaves: PropertyBool{name=check_decay, clazz=class java.lang.Boolean, values=[true, false]}, PropertyBool{name=decayable, clazz=class java.lang.Boolean, values=[true, false]}
spookybiomes:sorbus_log: PropertyEnum{name=axis, clazz=class net.minecraft.block.BlockLog$EnumAxis, values=[x, y, z, none]}
spookybiomes:sorbus_planks: 
spookybiomes:sorbus_sapling: PropertyInteger{name=stage, clazz=class java.lang.Integer, values=[0, 1]}, PropertyEnum{name=type, clazz=class net.minecraft.block.BlockPlanks$EnumType, values=[oak, spruce, birch, jungle, acacia, dark_oak]}
spookybiomes:sorbus_slab: PropertyEnum{name=half, clazz=class net.minecraft.block.BlockSlab$EnumBlockHalf, values=[top, bottom]}, PropertyEnum{name=variant, clazz=class com.mcmoddev.proxyslib.blocks.BaseSlab$Variant, values=[DEFAULT]}
spookybiomes:sorbus_stairs: PropertyDirection{name=facing, clazz=class net.minecraft.util.EnumFacing, values=[north, south, west, east]}, PropertyEnum{name=half, clazz=class net.minecraft.block.BlockStairs$EnumHalf, values=[top, bottom]}, PropertyEnum{name=shape, clazz=class net.minecraft.block.BlockStairs$EnumShape, values=[straight, inner_left, inner_right, outer_left, outer_right]}
spookybiomes:sorbus_trapdoor: PropertyDirection{name=facing, clazz=class net.minecraft.util.EnumFacing, values=[north, south, west, east]}, PropertyEnum{name=half, clazz=class net.minecraft.block.BlockTrapDoor$DoorHalf, values=[top, bottom]}, PropertyBool{name=open, clazz=class java.lang.Boolean, values=[true, false]}
storagenetwork:controller: PropertyDirection{name=facing, clazz=class net.minecraft.util.EnumFacing, values=[down, up, north, south, west, east]}
storagenetwork:ex_kabel: 
storagenetwork:im_kabel: 
storagenetwork:inventory: 
storagenetwork:kabel: 
storagenetwork:master: 
storagenetwork:process_kabel: 
storagenetwork:request: PropertyDirection{name=facing, clazz=class net.minecraft.util.EnumFacing, values=[down, up, north, south, west, east]}
storagenetwork:simple_kabel: 
storagenetwork:storage_kabel: 
structurize:blockcactusdoor: PropertyDirection{name=facing, clazz=class net.minecraft.util.EnumFacing, values=[north, south, west, east]}, PropertyEnum{name=half, clazz=class net.minecraft.block.BlockDoor$EnumDoorHalf, values=[upper, lower]}, PropertyEnum{name=hinge, clazz=class net.minecraft.block.BlockDoor$EnumHingePosition, values=[left, right]}, PropertyBool{name=open, clazz=class java.lang.Boolean, values=[true, false]}, PropertyBool{name=powered, clazz=class java.lang.Boolean, values=[true, false]}
structurize:blockcactusfence: PropertyBool{name=east, clazz=class java.lang.Boolean, values=[true, false]}, PropertyBool{name=north, clazz=class java.lang.Boolean, values=[true, false]}, PropertyBool{name=south, clazz=class java.lang.Boolean, values=[true, false]}, PropertyBool{name=west, clazz=class java.lang.Boolean, values=[true, false]}
structurize:blockcactusfencegate: PropertyDirection{name=facing, clazz=class net.minecraft.util.EnumFacing, values=[north, south, west, east]}, PropertyBool{name=in_wall, clazz=class java.lang.Boolean, values=[true, false]}, PropertyBool{name=open, clazz=class java.lang.Boolean, values=[true, false]}, PropertyBool{name=powered, clazz=class java.lang.Boolean, values=[true, false]}
structurize:blockcactusplank: 
structurize:blockcactusslab_double: PropertyBool{name=ugh, clazz=class java.lang.Boolean, values=[true, false]}
structurize:blockcactusslab_half: PropertyEnum{name=half, clazz=class net.minecraft.block.BlockSlab$EnumBlockHalf, values=[top, bottom]}, PropertyBool{name=ugh, clazz=class java.lang.Boolean, values=[true, false]}
structurize:blockcactusstair: PropertyDirection{name=facing, clazz=class net.minecraft.util.EnumFacing, values=[north, south, west, east]}, PropertyEnum{name=half, clazz=class net.minecraft.block.BlockStairs$EnumHalf, values=[top, bottom]}, PropertyEnum{name=shape, clazz=class net.minecraft.block.BlockStairs$EnumShape, values=[straight, inner_left, inner_right, outer_left, outer_right]}
structurize:blockcactustrapdoor: PropertyDirection{name=facing, clazz=class net.minecraft.util.EnumFacing, values=[north, south, west, east]}, PropertyEnum{name=half, clazz=class net.minecraft.block.BlockTrapDoor$DoorHalf, values=[top, bottom]}, PropertyBool{name=open, clazz=class java.lang.Boolean, values=[true, false]}
structurize:blockpaperwall: PropertyBool{name=east, clazz=class java.lang.Boolean, values=[true, false]}, PropertyBool{name=north, clazz=class java.lang.Boolean, values=[true, false]}, PropertyBool{name=south, clazz=class java.lang.Boolean, values=[true, false]}, PropertyEnum{name=variant, clazz=class com.ldtteam.structurize.blocks.types.PaperwallType, values=[oak, spruce, birch, jungle]}, PropertyBool{name=west, clazz=class java.lang.Boolean, values=[true, false]}
structurize:blockshingle_acacia: PropertyDirection{name=facing, clazz=class net.minecraft.util.EnumFacing, values=[north, south, west, east]}, PropertyEnum{name=half, clazz=class net.minecraft.block.BlockStairs$EnumHalf, values=[top, bottom]}, PropertyEnum{name=shape, clazz=class net.minecraft.block.BlockStairs$EnumShape, values=[straight, inner_left, inner_right, outer_left, outer_right]}
structurize:blockshingle_birch: PropertyDirection{name=facing, clazz=class net.minecraft.util.EnumFacing, values=[north, south, west, east]}, PropertyEnum{name=half, clazz=class net.minecraft.block.BlockStairs$EnumHalf, values=[top, bottom]}, PropertyEnum{name=shape, clazz=class net.minecraft.block.BlockStairs$EnumShape, values=[straight, inner_left, inner_right, outer_left, outer_right]}
structurize:blockshingle_dark_oak: PropertyDirection{name=facing, clazz=class net.minecraft.util.EnumFacing, values=[north, south, west, east]}, PropertyEnum{name=half, clazz=class net.minecraft.block.BlockStairs$EnumHalf, values=[top, bottom]}, PropertyEnum{name=shape, clazz=class net.minecraft.block.BlockStairs$EnumShape, values=[straight, inner_left, inner_right, outer_left, outer_right]}
structurize:blockshingle_jungle: PropertyDirection{name=facing, clazz=class net.minecraft.util.EnumFacing, values=[north, south, west, east]}, PropertyEnum{name=half, clazz=class net.minecraft.block.BlockStairs$EnumHalf, values=[top, bottom]}, PropertyEnum{name=shape, clazz=class net.minecraft.block.BlockStairs$EnumShape, values=[straight, inner_left, inner_right, outer_left, outer_right]}
structurize:blockshingle_oak: PropertyDirection{name=facing, clazz=class net.minecraft.util.EnumFacing, values=[north, south, west, east]}, PropertyEnum{name=half, clazz=class net.minecraft.block.BlockStairs$EnumHalf, values=[top, bottom]}, PropertyEnum{name=shape, clazz=class net.minecraft.block.BlockStairs$EnumShape, values=[straight, inner_left, inner_right, outer_left, outer_right]}
structurize:blockshingle_spruce: PropertyDirection{name=facing, clazz=class net.minecraft.util.EnumFacing, values=[north, south, west, east]}, PropertyEnum{name=half, clazz=class net.minecraft.block.BlockStairs$EnumHalf, values=[top, bottom]}, PropertyEnum{name=shape, clazz=class net.minecraft.block.BlockStairs$EnumShape, values=[straight, inner_left, inner_right, outer_left, outer_right]}
structurize:blockshingleslab: PropertyDirection{name=facing, clazz=class net.minecraft.util.EnumFacing, values=[north, south, west, east]}, PropertyEnum{name=variant, clazz=class com.ldtteam.structurize.blocks.types.ShingleSlabType, values=[top, oneway, twoway, threeway, fourway, curved]}
structurize:blocksolidsubstitution: 
structurize:blocksubstitution: 
structurize:blocktimberframe_acacia_doublecrossed: PropertyEnum{name=axis, clazz=class net.minecraft.util.EnumFacing$Axis, values=[x, y, z]}
structurize:blocktimberframe_acacia_downgated: PropertyEnum{name=axis, clazz=class net.minecraft.util.EnumFacing$Axis, values=[x, y, z]}
structurize:blocktimberframe_acacia_framed: PropertyEnum{name=axis, clazz=class net.minecraft.util.EnumFacing$Axis, values=[x, y, z]}
structurize:blocktimberframe_acacia_gateframed: PropertyEnum{name=axis, clazz=class net.minecraft.util.EnumFacing$Axis, values=[x, y, z]}
structurize:blocktimberframe_acacia_horizontalnocap: PropertyEnum{name=axis, clazz=class net.minecraft.util.EnumFacing$Axis, values=[x, y, z]}
structurize:blocktimberframe_acacia_horizontalplain: PropertyEnum{name=axis, clazz=class net.minecraft.util.EnumFacing$Axis, values=[x, y, z]}
structurize:blocktimberframe_acacia_onecrossedlr: PropertyEnum{name=axis, clazz=class net.minecraft.util.EnumFacing$Axis, values=[x, y, z]}
structurize:blocktimberframe_acacia_onecrossedrl: PropertyEnum{name=axis, clazz=class net.minecraft.util.EnumFacing$Axis, values=[x, y, z]}
structurize:blocktimberframe_acacia_plain: PropertyEnum{name=axis, clazz=class net.minecraft.util.EnumFacing$Axis, values=[x, y, z]}
structurize:blocktimberframe_acacia_sideframed: PropertyEnum{name=axis, clazz=class net.minecraft.util.EnumFacing$Axis, values=[x, y, z]}
structurize:blocktimberframe_birch_doublecrossed: PropertyEnum{name=axis, clazz=class net.minecraft.util.EnumFacing$Axis, values=[x, y, z]}
structurize:blocktimberframe_birch_downgated: PropertyEnum{name=axis, clazz=class net.minecraft.util.EnumFacing$Axis, values=[x, y, z]}
structurize:blocktimberframe_birch_framed: PropertyEnum{name=axis, clazz=class net.minecraft.util.EnumFacing$Axis, values=[x, y, z]}
structurize:blocktimberframe_birch_gateframed: PropertyEnum{name=axis, clazz=class net.minecraft.util.EnumFacing$Axis, values=[x, y, z]}
structurize:blocktimberframe_birch_horizontalnocap: PropertyEnum{name=axis, clazz=class net.minecraft.util.EnumFacing$Axis, values=[x, y, z]}
structurize:blocktimberframe_birch_horizontalplain: PropertyEnum{name=axis, clazz=class net.minecraft.util.EnumFacing$Axis, values=[x, y, z]}
structurize:blocktimberframe_birch_onecrossedlr: PropertyEnum{name=axis, clazz=class net.minecraft.util.EnumFacing$Axis, values=[x, y, z]}
structurize:blocktimberframe_birch_onecrossedrl: PropertyEnum{name=axis, clazz=class net.minecraft.util.EnumFacing$Axis, values=[x, y, z]}
structurize:blocktimberframe_birch_plain: PropertyEnum{name=axis, clazz=class net.minecraft.util.EnumFacing$Axis, values=[x, y, z]}
structurize:blocktimberframe_birch_sideframed: PropertyEnum{name=axis, clazz=class net.minecraft.util.EnumFacing$Axis, values=[x, y, z]}
structurize:blocktimberframe_dark_oak_doublecrossed: PropertyEnum{name=axis, clazz=class net.minecraft.util.EnumFacing$Axis, values=[x, y, z]}
structurize:blocktimberframe_dark_oak_downgated: PropertyEnum{name=axis, clazz=class net.minecraft.util.EnumFacing$Axis, values=[x, y, z]}
structurize:blocktimberframe_dark_oak_framed: PropertyEnum{name=axis, clazz=class net.minecraft.util.EnumFacing$Axis, values=[x, y, z]}
structurize:blocktimberframe_dark_oak_gateframed: PropertyEnum{name=axis, clazz=class net.minecraft.util.EnumFacing$Axis, values=[x, y, z]}
structurize:blocktimberframe_dark_oak_horizontalnocap: PropertyEnum{name=axis, clazz=class net.minecraft.util.EnumFacing$Axis, values=[x, y, z]}
structurize:blocktimberframe_dark_oak_horizontalplain: PropertyEnum{name=axis, clazz=class net.minecraft.util.EnumFacing$Axis, values=[x, y, z]}
structurize:blocktimberframe_dark_oak_onecrossedlr: PropertyEnum{name=axis, clazz=class net.minecraft.util.EnumFacing$Axis, values=[x, y, z]}
structurize:blocktimberframe_dark_oak_onecrossedrl: PropertyEnum{name=axis, clazz=class net.minecraft.util.EnumFacing$Axis, values=[x, y, z]}
structurize:blocktimberframe_dark_oak_plain: PropertyEnum{name=axis, clazz=class net.minecraft.util.EnumFacing$Axis, values=[x, y, z]}
structurize:blocktimberframe_dark_oak_sideframed: PropertyEnum{name=axis, clazz=class net.minecraft.util.EnumFacing$Axis, values=[x, y, z]}
structurize:blocktimberframe_jungle_doublecrossed: PropertyEnum{name=axis, clazz=class net.minecraft.util.EnumFacing$Axis, values=[x, y, z]}
structurize:blocktimberframe_jungle_downgated: PropertyEnum{name=axis, clazz=class net.minecraft.util.EnumFacing$Axis, values=[x, y, z]}
structurize:blocktimberframe_jungle_framed: PropertyEnum{name=axis, clazz=class net.minecraft.util.EnumFacing$Axis, values=[x, y, z]}
structurize:blocktimberframe_jungle_gateframed: PropertyEnum{name=axis, clazz=class net.minecraft.util.EnumFacing$Axis, values=[x, y, z]}
structurize:blocktimberframe_jungle_horizontalnocap: PropertyEnum{name=axis, clazz=class net.minecraft.util.EnumFacing$Axis, values=[x, y, z]}
structurize:blocktimberframe_jungle_horizontalplain: PropertyEnum{name=axis, clazz=class net.minecraft.util.EnumFacing$Axis, values=[x, y, z]}
structurize:blocktimberframe_jungle_onecrossedlr: PropertyEnum{name=axis, clazz=class net.minecraft.util.EnumFacing$Axis, values=[x, y, z]}
structurize:blocktimberframe_jungle_onecrossedrl: PropertyEnum{name=axis, clazz=class net.minecraft.util.EnumFacing$Axis, values=[x, y, z]}
structurize:blocktimberframe_jungle_plain: PropertyEnum{name=axis, clazz=class net.minecraft.util.EnumFacing$Axis, values=[x, y, z]}
structurize:blocktimberframe_jungle_sideframed: PropertyEnum{name=axis, clazz=class net.minecraft.util.EnumFacing$Axis, values=[x, y, z]}
structurize:blocktimberframe_oak_doublecrossed: PropertyEnum{name=axis, clazz=class net.minecraft.util.EnumFacing$Axis, values=[x, y, z]}
structurize:blocktimberframe_oak_downgated: PropertyEnum{name=axis, clazz=class net.minecraft.util.EnumFacing$Axis, values=[x, y, z]}
structurize:blocktimberframe_oak_framed: PropertyEnum{name=axis, clazz=class net.minecraft.util.EnumFacing$Axis, values=[x, y, z]}
structurize:blocktimberframe_oak_gateframed: PropertyEnum{name=axis, clazz=class net.minecraft.util.EnumFacing$Axis, values=[x, y, z]}
structurize:blocktimberframe_oak_horizontalnocap: PropertyEnum{name=axis, clazz=class net.minecraft.util.EnumFacing$Axis, values=[x, y, z]}
structurize:blocktimberframe_oak_horizontalplain: PropertyEnum{name=axis, clazz=class net.minecraft.util.EnumFacing$Axis, values=[x, y, z]}
structurize:blocktimberframe_oak_onecrossedlr: PropertyEnum{name=axis, clazz=class net.minecraft.util.EnumFacing$Axis, values=[x, y, z]}
structurize:blocktimberframe_oak_onecrossedrl: PropertyEnum{name=axis, clazz=class net.minecraft.util.EnumFacing$Axis, values=[x, y, z]}
structurize:blocktimberframe_oak_plain: PropertyEnum{name=axis, clazz=class net.minecraft.util.EnumFacing$Axis, values=[x, y, z]}
structurize:blocktimberframe_oak_sideframed: PropertyEnum{name=axis, clazz=class net.minecraft.util.EnumFacing$Axis, values=[x, y, z]}
structurize:blocktimberframe_spruce_doublecrossed: PropertyEnum{name=axis, clazz=class net.minecraft.util.EnumFacing$Axis, values=[x, y, z]}
structurize:blocktimberframe_spruce_downgated: PropertyEnum{name=axis, clazz=class net.minecraft.util.EnumFacing$Axis, values=[x, y, z]}
structurize:blocktimberframe_spruce_framed: PropertyEnum{name=axis, clazz=class net.minecraft.util.EnumFacing$Axis, values=[x, y, z]}
structurize:blocktimberframe_spruce_gateframed: PropertyEnum{name=axis, clazz=class net.minecraft.util.EnumFacing$Axis, values=[x, y, z]}
structurize:blocktimberframe_spruce_horizontalnocap: PropertyEnum{name=axis, clazz=class net.minecraft.util.EnumFacing$Axis, values=[x, y, z]}
structurize:blocktimberframe_spruce_horizontalplain: PropertyEnum{name=axis, clazz=class net.minecraft.util.EnumFacing$Axis, values=[x, y, z]}
structurize:blocktimberframe_spruce_onecrossedlr: PropertyEnum{name=axis, clazz=class net.minecraft.util.EnumFacing$Axis, values=[x, y, z]}
structurize:blocktimberframe_spruce_onecrossedrl: PropertyEnum{name=axis, clazz=class net.minecraft.util.EnumFacing$Axis, values=[x, y, z]}
structurize:blocktimberframe_spruce_plain: PropertyEnum{name=axis, clazz=class net.minecraft.util.EnumFacing$Axis, values=[x, y, z]}
structurize:blocktimberframe_spruce_sideframed: PropertyEnum{name=axis, clazz=class net.minecraft.util.EnumFacing$Axis, values=[x, y, z]}
structurize:multiblock: 
stygian:endacid: PropertyInteger{name=level, clazz=class java.lang.Integer, values=[0, 1, 2, 3, 4, 5, 6, 7, 8, 9, 10, 11, 12, 13, 14, 15]}
stygian:endaciddeadbush: 
stygian:endastrodoor: PropertyDirection{name=facing, clazz=class net.minecraft.util.EnumFacing, values=[north, south, west, east]}, PropertyEnum{name=half, clazz=class net.minecraft.block.BlockDoor$EnumDoorHalf, values=[upper, lower]}, PropertyEnum{name=hinge, clazz=class net.minecraft.block.BlockDoor$EnumHingePosition, values=[left, right]}, PropertyBool{name=open, clazz=class java.lang.Boolean, values=[true, false]}, PropertyBool{name=powered, clazz=class java.lang.Boolean, values=[true, false]}
stygian:endastrofence: PropertyBool{name=east, clazz=class java.lang.Boolean, values=[true, false]}, PropertyBool{name=north, clazz=class java.lang.Boolean, values=[true, false]}, PropertyBool{name=south, clazz=class java.lang.Boolean, values=[true, false]}, PropertyBool{name=west, clazz=class java.lang.Boolean, values=[true, false]}
stygian:endastrofencegate: PropertyDirection{name=facing, clazz=class net.minecraft.util.EnumFacing, values=[north, south, west, east]}, PropertyBool{name=in_wall, clazz=class java.lang.Boolean, values=[true, false]}, PropertyBool{name=open, clazz=class java.lang.Boolean, values=[true, false]}, PropertyBool{name=powered, clazz=class java.lang.Boolean, values=[true, false]}
stygian:endastroleaves: PropertyBool{name=check_decay, clazz=class java.lang.Boolean, values=[true, false]}, PropertyBool{name=decayable, clazz=class java.lang.Boolean, values=[true, false]}
stygian:endastrolog: PropertyEnum{name=axis, clazz=class net.minecraft.util.EnumFacing$Axis, values=[x, y, z]}
stygian:endastroplanks: 
stygian:endastroplanksslab: PropertyEnum{name=half, clazz=class net.minecraft.block.BlockSlab$EnumBlockHalf, values=[top, bottom]}, PropertyEnum{name=variant, clazz=class fluke.stygian.block.BlockEndAstroPlanksSlab$Variant, values=[DEFAULT]}
stygian:endastroplanksslab_double: PropertyEnum{name=variant, clazz=class fluke.stygian.block.BlockEndAstroPlanksSlab$Variant, values=[DEFAULT]}
stygian:endastrosapling: PropertyInteger{name=stage, clazz=class java.lang.Integer, values=[0, 1]}
stygian:endastrostairs: PropertyDirection{name=facing, clazz=class net.minecraft.util.EnumFacing, values=[north, south, west, east]}, PropertyEnum{name=half, clazz=class net.minecraft.block.BlockStairs$EnumHalf, values=[top, bottom]}, PropertyEnum{name=shape, clazz=class net.minecraft.block.BlockStairs$EnumShape, values=[straight, inner_left, inner_right, outer_left, outer_right]}
stygian:endbluecactus: PropertyInteger{name=age, clazz=class java.lang.Integer, values=[0, 1, 2, 3, 4, 5, 6, 7, 8, 9, 10, 11, 12, 13, 14, 15]}
stygian:endcactus: PropertyInteger{name=age, clazz=class java.lang.Integer, values=[0, 1, 2, 3, 4, 5, 6, 7, 8, 9, 10, 11, 12, 13, 14, 15]}
stygian:endcanopysapling: PropertyInteger{name=stage, clazz=class java.lang.Integer, values=[0, 1]}
stygian:endcell: 
stygian:enddeadbush: 
stygian:enddeadcoalore: 
stygian:enddeadcobblestone: 
stygian:enddeaddirt: 
stygian:enddeadgrass: 
stygian:enddeadhangingroot: 
stygian:enddeadstone: 
stygian:enddeadstonebrick: 
stygian:enddoor: PropertyDirection{name=facing, clazz=class net.minecraft.util.EnumFacing, values=[north, south, west, east]}, PropertyEnum{name=half, clazz=class net.minecraft.block.BlockDoor$EnumDoorHalf, values=[upper, lower]}, PropertyEnum{name=hinge, clazz=class net.minecraft.block.BlockDoor$EnumHingePosition, values=[left, right]}, PropertyBool{name=open, clazz=class java.lang.Boolean, values=[true, false]}, PropertyBool{name=powered, clazz=class java.lang.Boolean, values=[true, false]}
stygian:enddragonorchid: 
stygian:endfence: PropertyBool{name=east, clazz=class java.lang.Boolean, values=[true, false]}, PropertyBool{name=north, clazz=class java.lang.Boolean, values=[true, false]}, PropertyBool{name=south, clazz=class java.lang.Boolean, values=[true, false]}, PropertyBool{name=west, clazz=class java.lang.Boolean, values=[true, false]}
stygian:endfencegate: PropertyDirection{name=facing, clazz=class net.minecraft.util.EnumFacing, values=[north, south, west, east]}, PropertyBool{name=in_wall, clazz=class java.lang.Boolean, values=[true, false]}, PropertyBool{name=open, clazz=class java.lang.Boolean, values=[true, false]}, PropertyBool{name=powered, clazz=class java.lang.Boolean, values=[true, false]}
stygian:endglow: 
stygian:endgrass: 
stygian:endleaves: PropertyBool{name=check_decay, clazz=class java.lang.Boolean, values=[true, false]}, PropertyBool{name=decayable, clazz=class java.lang.Boolean, values=[true, false]}
stygian:endlightflower: 
stygian:endlog: 
stygian:endlogstairs: PropertyDirection{name=facing, clazz=class net.minecraft.util.EnumFacing, values=[north, south, west, east]}, PropertyEnum{name=half, clazz=class net.minecraft.block.BlockStairs$EnumHalf, values=[top, bottom]}, PropertyEnum{name=shape, clazz=class net.minecraft.block.BlockStairs$EnumShape, values=[straight, inner_left, inner_right, outer_left, outer_right]}
stygian:endlunargrass: 
stygian:endlunartallgrass: 
stygian:endmagma: 
stygian:endmoonrock: 
stygian:endmoonshine: 
stygian:endobsidian: 
stygian:endobsidianbrick: 
stygian:endplanks: 
stygian:endplanksslab: PropertyEnum{name=half, clazz=class net.minecraft.block.BlockSlab$EnumBlockHalf, values=[top, bottom]}, PropertyEnum{name=variant, clazz=class fluke.stygian.block.BlockEndPlanksSlab$Variant, values=[DEFAULT]}
stygian:endplanksslab_double: PropertyEnum{name=variant, clazz=class fluke.stygian.block.BlockEndPlanksSlab$Variant, values=[DEFAULT]}
stygian:endpolishedmoonrock: 
stygian:endsand: 
stygian:endshiren: 
stygian:endsmallcanopysapling: PropertyInteger{name=stage, clazz=class java.lang.Integer, values=[0, 1]}
stygian:endsnarebells: 
stygian:endsnaregrass: 
stygian:endsnaretallgrass: 
stygian:endtallgrass: 
stygian:endvine: PropertyBool{name=east, clazz=class java.lang.Boolean, values=[true, false]}, PropertyBool{name=north, clazz=class java.lang.Boolean, values=[true, false]}, PropertyBool{name=south, clazz=class java.lang.Boolean, values=[true, false]}, PropertyBool{name=up, clazz=class java.lang.Boolean, values=[true, false]}, PropertyBool{name=west, clazz=class java.lang.Boolean, values=[true, false]}
stygian:endviscousdoor: PropertyDirection{name=facing, clazz=class net.minecraft.util.EnumFacing, values=[north, south, west, east]}, PropertyEnum{name=half, clazz=class net.minecraft.block.BlockDoor$EnumDoorHalf, values=[upper, lower]}, PropertyEnum{name=hinge, clazz=class net.minecraft.block.BlockDoor$EnumHingePosition, values=[left, right]}, PropertyBool{name=open, clazz=class java.lang.Boolean, values=[true, false]}, PropertyBool{name=powered, clazz=class java.lang.Boolean, values=[true, false]}
stygian:endviscousfence: PropertyBool{name=east, clazz=class java.lang.Boolean, values=[true, false]}, PropertyBool{name=north, clazz=class java.lang.Boolean, values=[true, false]}, PropertyBool{name=south, clazz=class java.lang.Boolean, values=[true, false]}, PropertyBool{name=west, clazz=class java.lang.Boolean, values=[true, false]}
stygian:endviscousfencegate: PropertyDirection{name=facing, clazz=class net.minecraft.util.EnumFacing, values=[north, south, west, east]}, PropertyBool{name=in_wall, clazz=class java.lang.Boolean, values=[true, false]}, PropertyBool{name=open, clazz=class java.lang.Boolean, values=[true, false]}, PropertyBool{name=powered, clazz=class java.lang.Boolean, values=[true, false]}
stygian:endviscousleaves: PropertyBool{name=check_decay, clazz=class java.lang.Boolean, values=[true, false]}, PropertyBool{name=decayable, clazz=class java.lang.Boolean, values=[true, false]}
stygian:endviscouslog: PropertyEnum{name=axis, clazz=class net.minecraft.util.EnumFacing$Axis, values=[x, y, z]}
stygian:endviscousplanks: 
stygian:endviscousplanksslab: PropertyEnum{name=half, clazz=class net.minecraft.block.BlockSlab$EnumBlockHalf, values=[top, bottom]}, PropertyEnum{name=variant, clazz=class fluke.stygian.block.BlockEndViscousPlanksSlab$Variant, values=[DEFAULT]}
stygian:endviscousplanksslab_double: PropertyEnum{name=variant, clazz=class fluke.stygian.block.BlockEndViscousPlanksSlab$Variant, values=[DEFAULT]}
stygian:endviscoussapling: PropertyInteger{name=stage, clazz=class java.lang.Integer, values=[0, 1]}
stygian:endviscousstairs: PropertyDirection{name=facing, clazz=class net.minecraft.util.EnumFacing, values=[north, south, west, east]}, PropertyEnum{name=half, clazz=class net.minecraft.block.BlockStairs$EnumHalf, values=[top, bottom]}, PropertyEnum{name=shape, clazz=class net.minecraft.block.BlockStairs$EnumShape, values=[straight, inner_left, inner_right, outer_left, outer_right]}
stygian:endwyrmroots: 
suikehappyghast:dried_ghast: PropertyDirection{name=facing, clazz=class net.minecraft.util.EnumFacing, values=[north, south, west, east]}, PropertyInteger{name=hydration, clazz=class java.lang.Integer, values=[0, 1, 2, 3]}
switchbow:arrowdispenser: PropertyDirection{name=facing, clazz=class net.minecraft.util.EnumFacing, values=[north, south, west, east]}, PropertyBool{name=triggered, clazz=class java.lang.Boolean, values=[true, false]}
switchbow:minilight: 
switchbow:podest: 
switchbow:redstonepiece: 
t3s4ebw:crystal_crop: PropertyInteger{name=age, clazz=class java.lang.Integer, values=[0, 1, 2, 3, 4, 5, 6, 7]}
torchmaster:dread_lamp: 
torchmaster:feral_flare_lantern: PropertyEnum{name=facing, clazz=class net.minecraft.util.EnumFacing, values=[down, up, north, south, west, east]}
torchmaster:invisible_light: PropertyBool{name=decay, clazz=class java.lang.Boolean, values=[true, false]}
torchmaster:mega_torch: PropertyBool{name=burning, clazz=class java.lang.Boolean, values=[true, false]}
torchmaster:terrain_lighter: 
toroquest:royalblock: 
toroquest:torospawnerblock: 
totf:armillary: PropertyDirection{name=facing, clazz=class net.minecraft.util.EnumFacing, values=[north, south, west, east]}
totf:bush_crate: PropertyDirection{name=facing, clazz=class net.minecraft.util.EnumFacing, values=[north, south, west, east]}, PropertyBool{name=snowy, clazz=class java.lang.Boolean, values=[true, false]}
totf:grave_marker: PropertyDirection{name=facing, clazz=class net.minecraft.util.EnumFacing, values=[north, south, west, east]}, PropertyBool{name=snowy, clazz=class java.lang.Boolean, values=[true, false]}
totf:grave_rose: 
totf:lost_cargo: PropertyDirection{name=facing, clazz=class net.minecraft.util.EnumFacing, values=[north, south, west, east]}, PropertyBool{name=snowy, clazz=class java.lang.Boolean, values=[true, false]}
totf:lost_crate_potions: PropertyDirection{name=facing, clazz=class net.minecraft.util.EnumFacing, values=[north, south, west, east]}, PropertyBool{name=snowy, clazz=class java.lang.Boolean, values=[true, false]}
totf:rose: 
totf:skeleton_crate: PropertyDirection{name=facing, clazz=class net.minecraft.util.EnumFacing, values=[north, south, west, east]}, PropertyBool{name=snowy, clazz=class java.lang.Boolean, values=[true, false]}
totf:stone_circle: PropertyDirection{name=facing, clazz=class net.minecraft.util.EnumFacing, values=[north, south, west, east]}, PropertyBool{name=snowy, clazz=class java.lang.Boolean, values=[true, false]}
totf:tent: PropertyDirection{name=facing, clazz=class net.minecraft.util.EnumFacing, values=[north, south, west, east]}, PropertyBool{name=snowy, clazz=class java.lang.Boolean, values=[true, false]}
totf:tent_abandoned: PropertyDirection{name=facing, clazz=class net.minecraft.util.EnumFacing, values=[north, south, west, east]}, PropertyBool{name=snowy, clazz=class java.lang.Boolean, values=[true, false]}
totf:tent_abandoned_idol: PropertyDirection{name=facing, clazz=class net.minecraft.util.EnumFacing, values=[north, south, west, east]}, PropertyBool{name=snowy, clazz=class java.lang.Boolean, values=[true, false]}
traverse:blue_rock: 
traverse:blue_rock_bricks: 
traverse:blue_rock_bricks_chiseled: 
traverse:blue_rock_bricks_double_slab: PropertyEnum{name=variant, clazz=class prospector.traverse.blocks.base.BlockTraverseSlab$Variant, values=[DEFAULT]}
traverse:blue_rock_bricks_slab: PropertyEnum{name=half, clazz=class net.minecraft.block.BlockSlab$EnumBlockHalf, values=[top, bottom]}, PropertyEnum{name=variant, clazz=class prospector.traverse.blocks.base.BlockTraverseSlab$Variant, values=[DEFAULT]}
traverse:blue_rock_bricks_stairs: PropertyDirection{name=facing, clazz=class net.minecraft.util.EnumFacing, values=[north, south, west, east]}, PropertyEnum{name=half, clazz=class net.minecraft.block.BlockStairs$EnumHalf, values=[top, bottom]}, PropertyEnum{name=shape, clazz=class net.minecraft.block.BlockStairs$EnumShape, values=[straight, inner_left, inner_right, outer_left, outer_right]}
traverse:blue_rock_cobblestone: 
traverse:blue_rock_cobblestone_double_slab: PropertyEnum{name=variant, clazz=class prospector.traverse.blocks.base.BlockTraverseSlab$Variant, values=[DEFAULT]}
traverse:blue_rock_cobblestone_slab: PropertyEnum{name=half, clazz=class net.minecraft.block.BlockSlab$EnumBlockHalf, values=[top, bottom]}, PropertyEnum{name=variant, clazz=class prospector.traverse.blocks.base.BlockTraverseSlab$Variant, values=[DEFAULT]}
traverse:blue_rock_cobblestone_stairs: PropertyDirection{name=facing, clazz=class net.minecraft.util.EnumFacing, values=[north, south, west, east]}, PropertyEnum{name=half, clazz=class net.minecraft.block.BlockStairs$EnumHalf, values=[top, bottom]}, PropertyEnum{name=shape, clazz=class net.minecraft.block.BlockStairs$EnumShape, values=[straight, inner_left, inner_right, outer_left, outer_right]}
traverse:blue_rock_cobblestone_wall: PropertyBool{name=east, clazz=class java.lang.Boolean, values=[true, false]}, PropertyBool{name=north, clazz=class java.lang.Boolean, values=[true, false]}, PropertyBool{name=south, clazz=class java.lang.Boolean, values=[true, false]}, PropertyBool{name=up, clazz=class java.lang.Boolean, values=[true, false]}, PropertyEnum{name=variant, clazz=class net.minecraft.block.BlockWall$EnumType, values=[cobblestone, mossy_cobblestone]}, PropertyBool{name=west, clazz=class java.lang.Boolean, values=[true, false]}
traverse:blue_rock_double_slab: PropertyEnum{name=variant, clazz=class prospector.traverse.blocks.base.BlockTraverseSlab$Variant, values=[DEFAULT]}
traverse:blue_rock_slab: PropertyEnum{name=half, clazz=class net.minecraft.block.BlockSlab$EnumBlockHalf, values=[top, bottom]}, PropertyEnum{name=variant, clazz=class prospector.traverse.blocks.base.BlockTraverseSlab$Variant, values=[DEFAULT]}
traverse:brown_autumnal_leaves: PropertyBool{name=check_decay, clazz=class java.lang.Boolean, values=[true, false]}, PropertyBool{name=decayable, clazz=class java.lang.Boolean, values=[true, false]}
traverse:brown_autumnal_sapling: PropertyInteger{name=stage, clazz=class java.lang.Integer, values=[0, 1]}, PropertyEnum{name=type, clazz=class net.minecraft.block.BlockPlanks$EnumType, values=[oak, spruce, birch, jungle, acacia, dark_oak]}
traverse:cold_grass: PropertyEnum{name=type, clazz=class net.minecraft.block.BlockTallGrass$EnumType, values=[dead_bush, tall_grass, fern]}
traverse:dead_grass: PropertyEnum{name=type, clazz=class net.minecraft.block.BlockTallGrass$EnumType, values=[dead_bush, tall_grass, fern]}
traverse:fir_door: PropertyDirection{name=facing, clazz=class net.minecraft.util.EnumFacing, values=[north, south, west, east]}, PropertyEnum{name=half, clazz=class net.minecraft.block.BlockDoor$EnumDoorHalf, values=[upper, lower]}, PropertyEnum{name=hinge, clazz=class net.minecraft.block.BlockDoor$EnumHingePosition, values=[left, right]}, PropertyBool{name=open, clazz=class java.lang.Boolean, values=[true, false]}, PropertyBool{name=powered, clazz=class java.lang.Boolean, values=[true, false]}
traverse:fir_double_slab: PropertyEnum{name=variant, clazz=class prospector.traverse.blocks.base.BlockTraverseSlab$Variant, values=[DEFAULT]}
traverse:fir_fence: PropertyBool{name=east, clazz=class java.lang.Boolean, values=[true, false]}, PropertyBool{name=north, clazz=class java.lang.Boolean, values=[true, false]}, PropertyBool{name=south, clazz=class java.lang.Boolean, values=[true, false]}, PropertyBool{name=west, clazz=class java.lang.Boolean, values=[true, false]}
traverse:fir_fence_gate: PropertyDirection{name=facing, clazz=class net.minecraft.util.EnumFacing, values=[north, south, west, east]}, PropertyBool{name=in_wall, clazz=class java.lang.Boolean, values=[true, false]}, PropertyBool{name=open, clazz=class java.lang.Boolean, values=[true, false]}, PropertyBool{name=powered, clazz=class java.lang.Boolean, values=[true, false]}
traverse:fir_leaves: PropertyBool{name=check_decay, clazz=class java.lang.Boolean, values=[true, false]}, PropertyBool{name=decayable, clazz=class java.lang.Boolean, values=[true, false]}
traverse:fir_log: PropertyEnum{name=axis, clazz=class net.minecraft.block.BlockLog$EnumAxis, values=[x, y, z, none]}
traverse:fir_planks: 
traverse:fir_sapling: PropertyInteger{name=stage, clazz=class java.lang.Integer, values=[0, 1]}, PropertyEnum{name=type, clazz=class net.minecraft.block.BlockPlanks$EnumType, values=[oak, spruce, birch, jungle, acacia, dark_oak]}
traverse:fir_slab: PropertyEnum{name=half, clazz=class net.minecraft.block.BlockSlab$EnumBlockHalf, values=[top, bottom]}, PropertyEnum{name=variant, clazz=class prospector.traverse.blocks.base.BlockTraverseSlab$Variant, values=[DEFAULT]}
traverse:fir_stairs: PropertyDirection{name=facing, clazz=class net.minecraft.util.EnumFacing, values=[north, south, west, east]}, PropertyEnum{name=half, clazz=class net.minecraft.block.BlockStairs$EnumHalf, values=[top, bottom]}, PropertyEnum{name=shape, clazz=class net.minecraft.block.BlockStairs$EnumShape, values=[straight, inner_left, inner_right, outer_left, outer_right]}
traverse:orange_autumnal_leaves: PropertyBool{name=check_decay, clazz=class java.lang.Boolean, values=[true, false]}, PropertyBool{name=decayable, clazz=class java.lang.Boolean, values=[true, false]}
traverse:orange_autumnal_sapling: PropertyInteger{name=stage, clazz=class java.lang.Integer, values=[0, 1]}, PropertyEnum{name=type, clazz=class net.minecraft.block.BlockPlanks$EnumType, values=[oak, spruce, birch, jungle, acacia, dark_oak]}
traverse:red_autumnal_leaves: PropertyBool{name=check_decay, clazz=class java.lang.Boolean, values=[true, false]}, PropertyBool{name=decayable, clazz=class java.lang.Boolean, values=[true, false]}
traverse:red_autumnal_sapling: PropertyInteger{name=stage, clazz=class java.lang.Integer, values=[0, 1]}, PropertyEnum{name=type, clazz=class net.minecraft.block.BlockPlanks$EnumType, values=[oak, spruce, birch, jungle, acacia, dark_oak]}
traverse:red_rock: 
traverse:red_rock_bricks: 
traverse:red_rock_bricks_chiseled: 
traverse:red_rock_bricks_double_slab: PropertyEnum{name=variant, clazz=class prospector.traverse.blocks.base.BlockTraverseSlab$Variant, values=[DEFAULT]}
traverse:red_rock_bricks_slab: PropertyEnum{name=half, clazz=class net.minecraft.block.BlockSlab$EnumBlockHalf, values=[top, bottom]}, PropertyEnum{name=variant, clazz=class prospector.traverse.blocks.base.BlockTraverseSlab$Variant, values=[DEFAULT]}
traverse:red_rock_bricks_stairs: PropertyDirection{name=facing, clazz=class net.minecraft.util.EnumFacing, values=[north, south, west, east]}, PropertyEnum{name=half, clazz=class net.minecraft.block.BlockStairs$EnumHalf, values=[top, bottom]}, PropertyEnum{name=shape, clazz=class net.minecraft.block.BlockStairs$EnumShape, values=[straight, inner_left, inner_right, outer_left, outer_right]}
traverse:red_rock_cobblestone: 
traverse:red_rock_cobblestone_double_slab: PropertyEnum{name=variant, clazz=class prospector.traverse.blocks.base.BlockTraverseSlab$Variant, values=[DEFAULT]}
traverse:red_rock_cobblestone_slab: PropertyEnum{name=half, clazz=class net.minecraft.block.BlockSlab$EnumBlockHalf, values=[top, bottom]}, PropertyEnum{name=variant, clazz=class prospector.traverse.blocks.base.BlockTraverseSlab$Variant, values=[DEFAULT]}
traverse:red_rock_cobblestone_stairs: PropertyDirection{name=facing, clazz=class net.minecraft.util.EnumFacing, values=[north, south, west, east]}, PropertyEnum{name=half, clazz=class net.minecraft.block.BlockStairs$EnumHalf, values=[top, bottom]}, PropertyEnum{name=shape, clazz=class net.minecraft.block.BlockStairs$EnumShape, values=[straight, inner_left, inner_right, outer_left, outer_right]}
traverse:red_rock_cobblestone_wall: PropertyBool{name=east, clazz=class java.lang.Boolean, values=[true, false]}, PropertyBool{name=north, clazz=class java.lang.Boolean, values=[true, false]}, PropertyBool{name=south, clazz=class java.lang.Boolean, values=[true, false]}, PropertyBool{name=up, clazz=class java.lang.Boolean, values=[true, false]}, PropertyEnum{name=variant, clazz=class net.minecraft.block.BlockWall$EnumType, values=[cobblestone, mossy_cobblestone]}, PropertyBool{name=west, clazz=class java.lang.Boolean, values=[true, false]}
traverse:red_rock_double_slab: PropertyEnum{name=variant, clazz=class prospector.traverse.blocks.base.BlockTraverseSlab$Variant, values=[DEFAULT]}
traverse:red_rock_slab: PropertyEnum{name=half, clazz=class net.minecraft.block.BlockSlab$EnumBlockHalf, values=[top, bottom]}, PropertyEnum{name=variant, clazz=class prospector.traverse.blocks.base.BlockTraverseSlab$Variant, values=[DEFAULT]}
traverse:yellow_autumnal_leaves: PropertyBool{name=check_decay, clazz=class java.lang.Boolean, values=[true, false]}, PropertyBool{name=decayable, clazz=class java.lang.Boolean, values=[true, false]}
traverse:yellow_autumnal_sapling: PropertyInteger{name=stage, clazz=class java.lang.Integer, values=[0, 1]}, PropertyEnum{name=type, clazz=class net.minecraft.block.BlockPlanks$EnumType, values=[oak, spruce, birch, jungle, acacia, dark_oak]}
uppers:upper: PropertyBool{name=enabled, clazz=class java.lang.Boolean, values=[true, false]}, PropertyDirection{name=facing, clazz=class net.minecraft.util.EnumFacing, values=[down, up, north, south, west, east]}
villagenames:lunaringoldbrick: 
villagenames:lunarinironbrick: 
waystones:waystone: PropertyBool{name=base, clazz=class java.lang.Boolean, values=[true, false]}, PropertyDirection{name=facing, clazz=class net.minecraft.util.EnumFacing, values=[north, south, west, east]}
wizardry_tales:blooming_flower: 
wizardry_tales:conjured_air: 
wizardrygolems:living_snow: PropertyInteger{name=layers, clazz=class java.lang.Integer, values=[1, 2, 3, 4, 5, 6, 7, 8]}
wizardrygolems:permafrost_custom: PropertyInteger{name=age, clazz=class java.lang.Integer, values=[0, 1, 2, 3]}
xat:cooled_magma: PropertyInteger{name=age, clazz=class java.lang.Integer, values=[0, 1, 2, 3]}
xat:moon_rose: PropertyDirection{name=facing, clazz=class net.minecraft.util.EnumFacing, values=[north, south, west, east]}
xat:teddy_bear: PropertyDirection{name=facing, clazz=class net.minecraft.util.EnumFacing, values=[north, south, west, east]}
xat:teddy_bear_artsy: PropertyDirection{name=facing, clazz=class net.minecraft.util.EnumFacing, values=[north, south, west, east]}
xat:teddy_bear_bee: PropertyDirection{name=facing, clazz=class net.minecraft.util.EnumFacing, values=[north, south, west, east]}
xat:teddy_bear_boom: PropertyDirection{name=facing, clazz=class net.minecraft.util.EnumFacing, values=[north, south, west, east]}
xat:teddy_bear_ken: PropertyDirection{name=facing, clazz=class net.minecraft.util.EnumFacing, values=[north, south, west, east]}
xat:teddy_bear_nyan: PropertyDirection{name=facing, clazz=class net.minecraft.util.EnumFacing, values=[north, south, west, east]}
xat:teddy_bear_nyan_old: PropertyDirection{name=facing, clazz=class net.minecraft.util.EnumFacing, values=[north, south, west, east]}
xat:teddy_bear_panda: PropertyDirection{name=facing, clazz=class net.minecraft.util.EnumFacing, values=[north, south, west, east]}
xat:teddy_bear_rembo: PropertyDirection{name=facing, clazz=class net.minecraft.util.EnumFacing, values=[north, south, west, east]}
xat:teddy_bear_rixxi: PropertyDirection{name=facing, clazz=class net.minecraft.util.EnumFacing, values=[north, south, west, east]}
xat:teddy_bear_ryu: PropertyDirection{name=facing, clazz=class net.minecraft.util.EnumFacing, values=[north, south, west, east]}
xat:teddy_bear_scary: PropertyDirection{name=facing, clazz=class net.minecraft.util.EnumFacing, values=[north, south, west, east]}
xat:teddy_bear_shivaxi: PropertyDirection{name=facing, clazz=class net.minecraft.util.EnumFacing, values=[north, south, west, east]}
xat:teddy_bear_snowie: PropertyDirection{name=facing, clazz=class net.minecraft.util.EnumFacing, values=[north, south, west, east]}
xat:teddy_bear_twilight: PropertyDirection{name=facing, clazz=class net.minecraft.util.EnumFacing, values=[north, south, west, east]}
xreliquary:altar: PropertyBool{name=active, clazz=class java.lang.Boolean, values=[true, false]}
xreliquary:apothecary_cauldron: PropertyInteger{name=level, clazz=class java.lang.Integer, values=[0, 1, 2, 3]}
xreliquary:apothecary_mortar: PropertyDirection{name=facing, clazz=class net.minecraft.util.EnumFacing, values=[north, south, west, east]}
xreliquary:fertile_lilypad: 
xreliquary:interdiction_torch: PropertyDirection{name=facing, clazz=class net.minecraft.util.EnumFacing, values=[up, north, south, west, east]}
xreliquary:pedestal: PropertyEnum{name=color, clazz=class net.minecraft.item.EnumDyeColor, values=[white, orange, magenta, lightBlue, yellow, lime, pink, gray, silver, cyan, purple, blue, brown, green, red, black]}, PropertyBool{name=enabled, clazz=class java.lang.Boolean, values=[true, false]}, PropertyDirection{name=facing, clazz=class net.minecraft.util.EnumFacing, values=[north, south, west, east]}
xreliquary:pedestal_passive: PropertyEnum{name=color, clazz=class net.minecraft.item.EnumDyeColor, values=[white, orange, magenta, lightBlue, yellow, lime, pink, gray, silver, cyan, purple, blue, brown, green, red, black]}, PropertyDirection{name=facing, clazz=class net.minecraft.util.EnumFacing, values=[north, south, west, east]}
xreliquary:wraith_node: 
zawa:agavoid: 
zawa:amazon_sword: PropertyInteger{name=level, clazz=class java.lang.Integer, values=[0, 1, 2, 3, 4, 5, 6, 7, 8, 9, 10, 11, 12, 13, 14, 15]}
zawa:arctic_moss: 
zawa:bald_eagle_plush: PropertyDirection{name=facing, clazz=class net.minecraft.util.EnumFacing, values=[north, south, west, east]}
zawa:bamboo: PropertyInteger{name=age, clazz=class java.lang.Integer, values=[0, 1, 2, 3, 4, 5, 6, 7, 8, 9, 10, 11, 12, 13, 14, 15]}
zawa:bamboo_decortation: 
zawa:bamboo_fence: PropertyBool{name=east, clazz=class java.lang.Boolean, values=[true, false]}, PropertyBool{name=north, clazz=class java.lang.Boolean, values=[true, false]}, PropertyBool{name=south, clazz=class java.lang.Boolean, values=[true, false]}, PropertyBool{name=west, clazz=class java.lang.Boolean, values=[true, false]}
zawa:bar_fence: PropertyBool{name=east, clazz=class java.lang.Boolean, values=[true, false]}, PropertyBool{name=north, clazz=class java.lang.Boolean, values=[true, false]}, PropertyBool{name=south, clazz=class java.lang.Boolean, values=[true, false]}, PropertyBool{name=west, clazz=class java.lang.Boolean, values=[true, false]}
zawa:bar_grate: PropertyEnum{name=half, clazz=class net.minecraft.block.BlockSlab$EnumBlockHalf, values=[top, bottom]}, PropertyEnum{name=variant, clazz=class org.zawamod.init.blocks.BlockGrateSlab$Variant, values=[DEFAULT]}
zawa:bar_grate_double: PropertyEnum{name=variant, clazz=class org.zawamod.init.blocks.BlockGrateSlab$Variant, values=[DEFAULT]}
zawa:barfence_door: PropertyDirection{name=facing, clazz=class net.minecraft.util.EnumFacing, values=[north, south, west, east]}, PropertyEnum{name=half, clazz=class net.minecraft.block.BlockDoor$EnumDoorHalf, values=[upper, lower]}, PropertyEnum{name=hinge, clazz=class net.minecraft.block.BlockDoor$EnumHingePosition, values=[left, right]}, PropertyBool{name=open, clazz=class java.lang.Boolean, values=[true, false]}, PropertyBool{name=powered, clazz=class java.lang.Boolean, values=[true, false]}
zawa:barrel: PropertyDirection{name=facing, clazz=class net.minecraft.util.EnumFacing, values=[north, south, west, east]}
zawa:bassia: 
zawa:beeplant: 
zawa:bellflowers: 
zawa:bench: PropertyDirection{name=facing, clazz=class net.minecraft.util.EnumFacing, values=[north, south, west, east]}
zawa:binoculars: PropertyDirection{name=facing, clazz=class net.minecraft.util.EnumFacing, values=[north, south, west, east]}, PropertyBool{name=top, clazz=class java.lang.Boolean, values=[true, false]}
zawa:bird_perch: PropertyDirection{name=facing, clazz=class net.minecraft.util.EnumFacing, values=[north, south, west, east]}
zawa:bladderwrack: PropertyInteger{name=level, clazz=class java.lang.Integer, values=[0, 1, 2, 3, 4, 5, 6, 7, 8, 9, 10, 11, 12, 13, 14, 15]}
zawa:brain_coral: PropertyInteger{name=level, clazz=class java.lang.Integer, values=[0, 1, 2, 3, 4, 5, 6, 7, 8, 9, 10, 11, 12, 13, 14, 15]}
zawa:bromeliad: 
zawa:campfire: PropertyDirection{name=facing, clazz=class net.minecraft.util.EnumFacing, values=[north, south, west, east]}
zawa:chiltepin: 
zawa:cinnamon_fern: 
zawa:cockatoo_plush: PropertyDirection{name=facing, clazz=class net.minecraft.util.EnumFacing, values=[north, south, west, east]}
zawa:coralberry: 
zawa:creeping_tick_trefoil: 
zawa:dolphin_plush: PropertyDirection{name=facing, clazz=class net.minecraft.util.EnumFacing, values=[north, south, west, east]}
zawa:dried_bamboo: PropertyInteger{name=age, clazz=class java.lang.Integer, values=[0, 1, 2, 3, 4, 5, 6, 7, 8, 9, 10, 11, 12, 13, 14, 15]}
zawa:dried_bamboo_decortation: 
zawa:electric_fence: PropertyBool{name=east, clazz=class java.lang.Boolean, values=[true, false]}, PropertyBool{name=north, clazz=class java.lang.Boolean, values=[true, false]}, PropertyBool{name=south, clazz=class java.lang.Boolean, values=[true, false]}, PropertyBool{name=west, clazz=class java.lang.Boolean, values=[true, false]}
zawa:elegance_coral: PropertyInteger{name=level, clazz=class java.lang.Integer, values=[0, 1, 2, 3, 4, 5, 6, 7, 8, 9, 10, 11, 12, 13, 14, 15]}
zawa:elephant_plush: PropertyDirection{name=facing, clazz=class net.minecraft.util.EnumFacing, values=[north, south, west, east]}
zawa:enrichment_ball: PropertyDirection{name=facing, clazz=class net.minecraft.util.EnumFacing, values=[north, south, west, east]}
zawa:eucalyptus_bottom: 
zawa:eucalyptus_top: 
zawa:eugenia_bottom: 
zawa:eugenia_top: 
zawa:exhibit_glass: 
zawa:exhibit_glass_pane: PropertyBool{name=east, clazz=class java.lang.Boolean, values=[true, false]}, PropertyBool{name=north, clazz=class java.lang.Boolean, values=[true, false]}, PropertyBool{name=south, clazz=class java.lang.Boolean, values=[true, false]}, PropertyBool{name=west, clazz=class java.lang.Boolean, values=[true, false]}
zawa:fan_palm_bottom: 
zawa:fan_palm_top: 
zawa:fire_coral: PropertyInteger{name=level, clazz=class java.lang.Integer, values=[0, 1, 2, 3, 4, 5, 6, 7, 8, 9, 10, 11, 12, 13, 14, 15]}
zawa:giraffe_plush: PropertyDirection{name=facing, clazz=class net.minecraft.util.EnumFacing, values=[north, south, west, east]}
zawa:gold_wall_lamp: PropertyDirection{name=facing, clazz=class net.minecraft.util.EnumFacing, values=[up, north, south, west, east]}
zawa:golden_barrel_cactus: 
zawa:golden_sparks: 
zawa:gorilla_plush: PropertyDirection{name=facing, clazz=class net.minecraft.util.EnumFacing, values=[north, south, west, east]}
zawa:gracilaria: PropertyInteger{name=level, clazz=class java.lang.Integer, values=[0, 1, 2, 3, 4, 5, 6, 7, 8, 9, 10, 11, 12, 13, 14, 15]}
zawa:grizzly_plush: PropertyDirection{name=facing, clazz=class net.minecraft.util.EnumFacing, values=[north, south, west, east]}
zawa:hanging_ball: PropertyDirection{name=facing, clazz=class net.minecraft.util.EnumFacing, values=[north, south, west, east]}
zawa:heat_lamp: PropertyDirection{name=facing, clazz=class net.minecraft.util.EnumFacing, values=[north, south, west, east]}
zawa:iron_wall_lamp: PropertyDirection{name=facing, clazz=class net.minecraft.util.EnumFacing, values=[up, north, south, west, east]}
zawa:jinns_tongue: 
zawa:kangaroo_plush: PropertyDirection{name=facing, clazz=class net.minecraft.util.EnumFacing, values=[north, south, west, east]}
zawa:karvy_bottom: 
zawa:karvy_top: 
zawa:kelp: PropertyInteger{name=age, clazz=class java.lang.Integer, values=[0, 1, 2, 3, 4, 5]}, PropertyInteger{name=level, clazz=class java.lang.Integer, values=[0, 1, 2, 3, 4, 5, 6, 7, 8, 9, 10, 11, 12, 13, 14, 15]}
zawa:koala_plush: PropertyDirection{name=facing, clazz=class net.minecraft.util.EnumFacing, values=[north, south, west, east]}
zawa:lamp_base: 
zawa:lamp_middle: 
zawa:lamp_top: 
zawa:large_sea_anemone: PropertyInteger{name=level, clazz=class java.lang.Integer, values=[0, 1, 2, 3, 4, 5, 6, 7, 8, 9, 10, 11, 12, 13, 14, 15]}
zawa:large_sea_urchin: PropertyInteger{name=level, clazz=class java.lang.Integer, values=[0, 1, 2, 3, 4, 5, 6, 7, 8, 9, 10, 11, 12, 13, 14, 15]}
zawa:legume: 
zawa:lettuce_coral: PropertyInteger{name=level, clazz=class java.lang.Integer, values=[0, 1, 2, 3, 4, 5, 6, 7, 8, 9, 10, 11, 12, 13, 14, 15]}
zawa:light: PropertyDirection{name=facing, clazz=class net.minecraft.util.EnumFacing, values=[north, south, west, east]}
zawa:lion_plush: PropertyDirection{name=facing, clazz=class net.minecraft.util.EnumFacing, values=[north, south, west, east]}
zawa:macaw_plush: PropertyDirection{name=facing, clazz=class net.minecraft.util.EnumFacing, values=[north, south, west, east]}
zawa:macaw_plush_red: PropertyDirection{name=facing, clazz=class net.minecraft.util.EnumFacing, values=[north, south, west, east]}
zawa:maireana: 
zawa:mimosa_pudica: 
zawa:mixed_coral_plates: PropertyInteger{name=level, clazz=class java.lang.Integer, values=[0, 1, 2, 3, 4, 5, 6, 7, 8, 9, 10, 11, 12, 13, 14, 15]}
zawa:mixed_coral_rocks: PropertyInteger{name=level, clazz=class java.lang.Integer, values=[0, 1, 2, 3, 4, 5, 6, 7, 8, 9, 10, 11, 12, 13, 14, 15]}
zawa:mixed_stone: 
zawa:mixed_stone_mossy: 
zawa:monkey_plush: PropertyDirection{name=facing, clazz=class net.minecraft.util.EnumFacing, values=[north, south, west, east]}
zawa:moose_plush: PropertyDirection{name=facing, clazz=class net.minecraft.util.EnumFacing, values=[north, south, west, east]}
zawa:octopus_plush: PropertyDirection{name=facing, clazz=class net.minecraft.util.EnumFacing, values=[north, south, west, east]}
zawa:okapi_plush: PropertyDirection{name=facing, clazz=class net.minecraft.util.EnumFacing, values=[north, south, west, east]}
zawa:onion_grass: 
zawa:orca_plush: PropertyDirection{name=facing, clazz=class net.minecraft.util.EnumFacing, values=[north, south, west, east]}
zawa:ostritch_fern: 
zawa:paving_stone: 
zawa:peach_flower: 
zawa:platypus_plush: PropertyDirection{name=facing, clazz=class net.minecraft.util.EnumFacing, values=[north, south, west, east]}
zawa:powder_fence: PropertyBool{name=east, clazz=class java.lang.Boolean, values=[true, false]}, PropertyBool{name=north, clazz=class java.lang.Boolean, values=[true, false]}, PropertyBool{name=south, clazz=class java.lang.Boolean, values=[true, false]}, PropertyBool{name=west, clazz=class java.lang.Boolean, values=[true, false]}
zawa:powder_fence_door: PropertyDirection{name=facing, clazz=class net.minecraft.util.EnumFacing, values=[north, south, west, east]}, PropertyEnum{name=half, clazz=class net.minecraft.block.BlockDoor$EnumDoorHalf, values=[upper, lower]}, PropertyEnum{name=hinge, clazz=class net.minecraft.block.BlockDoor$EnumHingePosition, values=[left, right]}, PropertyBool{name=open, clazz=class java.lang.Boolean, values=[true, false]}, PropertyBool{name=powered, clazz=class java.lang.Boolean, values=[true, false]}
zawa:powder_grate: PropertyEnum{name=half, clazz=class net.minecraft.block.BlockSlab$EnumBlockHalf, values=[top, bottom]}, PropertyEnum{name=variant, clazz=class org.zawamod.init.blocks.BlockGrateSlab$Variant, values=[DEFAULT]}
zawa:powder_grate_double: PropertyEnum{name=variant, clazz=class org.zawamod.init.blocks.BlockGrateSlab$Variant, values=[DEFAULT]}
zawa:pyropia: PropertyInteger{name=level, clazz=class java.lang.Integer, values=[0, 1, 2, 3, 4, 5, 6, 7, 8, 9, 10, 11, 12, 13, 14, 15]}
zawa:recycle_bin: 
zawa:red_panda_plush: PropertyDirection{name=facing, clazz=class net.minecraft.util.EnumFacing, values=[north, south, west, east]}
zawa:rhino_plush: PropertyDirection{name=facing, clazz=class net.minecraft.util.EnumFacing, values=[north, south, west, east]}
zawa:river_stone: 
zawa:rope: PropertyDirection{name=facing, clazz=class net.minecraft.util.EnumFacing, values=[north, south, west, east]}
zawa:scratching_post: 
zawa:sea_grass: PropertyInteger{name=level, clazz=class java.lang.Integer, values=[0, 1, 2, 3, 4, 5, 6, 7, 8, 9, 10, 11, 12, 13, 14, 15]}
zawa:sea_urchin_tropical: PropertyInteger{name=level, clazz=class java.lang.Integer, values=[0, 1, 2, 3, 4, 5, 6, 7, 8, 9, 10, 11, 12, 13, 14, 15]}
zawa:shark_plush: PropertyDirection{name=facing, clazz=class net.minecraft.util.EnumFacing, values=[north, south, west, east]}
zawa:small_sea_anemone: PropertyInteger{name=level, clazz=class java.lang.Integer, values=[0, 1, 2, 3, 4, 5, 6, 7, 8, 9, 10, 11, 12, 13, 14, 15]}
zawa:small_sea_urchin: PropertyInteger{name=level, clazz=class java.lang.Integer, values=[0, 1, 2, 3, 4, 5, 6, 7, 8, 9, 10, 11, 12, 13, 14, 15]}
zawa:spleenwort: 
zawa:staghorn_coral: PropertyInteger{name=level, clazz=class java.lang.Integer, values=[0, 1, 2, 3, 4, 5, 6, 7, 8, 9, 10, 11, 12, 13, 14, 15]}
zawa:steel_bars: PropertyBool{name=east, clazz=class java.lang.Boolean, values=[true, false]}, PropertyBool{name=north, clazz=class java.lang.Boolean, values=[true, false]}, PropertyBool{name=south, clazz=class java.lang.Boolean, values=[true, false]}, PropertyBool{name=west, clazz=class java.lang.Boolean, values=[true, false]}
zawa:steel_grate: PropertyEnum{name=half, clazz=class net.minecraft.block.BlockSlab$EnumBlockHalf, values=[top, bottom]}, PropertyEnum{name=variant, clazz=class org.zawamod.init.blocks.BlockGrateSlab$Variant, values=[DEFAULT]}
zawa:steel_grate_double: PropertyEnum{name=variant, clazz=class org.zawamod.init.blocks.BlockGrateSlab$Variant, values=[DEFAULT]}
zawa:steelbar_door: PropertyDirection{name=facing, clazz=class net.minecraft.util.EnumFacing, values=[north, south, west, east]}, PropertyEnum{name=half, clazz=class net.minecraft.block.BlockDoor$EnumDoorHalf, values=[upper, lower]}, PropertyEnum{name=hinge, clazz=class net.minecraft.block.BlockDoor$EnumHingePosition, values=[left, right]}, PropertyBool{name=open, clazz=class java.lang.Boolean, values=[true, false]}, PropertyBool{name=powered, clazz=class java.lang.Boolean, values=[true, false]}
zawa:stonecrop: 
zawa:swing_wheel: PropertyDirection{name=facing, clazz=class net.minecraft.util.EnumFacing, values=[north, south, west, east]}
zawa:temple_bells: 
zawa:thin_rope: PropertyDirection{name=facing, clazz=class net.minecraft.util.EnumFacing, values=[north, south, west, east]}
zawa:tiger_plush: PropertyDirection{name=facing, clazz=class net.minecraft.util.EnumFacing, values=[north, south, west, east]}
zawa:turtle_plush: PropertyDirection{name=facing, clazz=class net.minecraft.util.EnumFacing, values=[north, south, west, east]}
zawa:underwater_feeder: PropertyDirection{name=facing, clazz=class net.minecraft.util.EnumFacing, values=[north, south, west, east]}
zawa:vine: 
zawa:violet: 
zawa:wall_lamp: PropertyDirection{name=facing, clazz=class net.minecraft.util.EnumFacing, values=[up, north, south, west, east]}
zawa:waste_bin: 
zawa:water_bowl: PropertyInteger{name=level, clazz=class java.lang.Integer, values=[0, 1, 2, 3, 4, 5]}
zawa:wild_celery: 
zawa:wired_fence: PropertyBool{name=east, clazz=class java.lang.Boolean, values=[true, false]}, PropertyBool{name=north, clazz=class java.lang.Boolean, values=[true, false]}, PropertyBool{name=south, clazz=class java.lang.Boolean, values=[true, false]}, PropertyBool{name=west, clazz=class java.lang.Boolean, values=[true, false]}
zawa:wired_grate: PropertyEnum{name=half, clazz=class net.minecraft.block.BlockSlab$EnumBlockHalf, values=[top, bottom]}, PropertyEnum{name=variant, clazz=class org.zawamod.init.blocks.BlockGrateSlab$Variant, values=[DEFAULT]}
zawa:wired_grate_double: PropertyEnum{name=variant, clazz=class org.zawamod.init.blocks.BlockGrateSlab$Variant, values=[DEFAULT]}
zawa:wirefence_door: PropertyDirection{name=facing, clazz=class net.minecraft.util.EnumFacing, values=[north, south, west, east]}, PropertyEnum{name=half, clazz=class net.minecraft.block.BlockDoor$EnumDoorHalf, values=[upper, lower]}, PropertyEnum{name=hinge, clazz=class net.minecraft.block.BlockDoor$EnumHingePosition, values=[left, right]}, PropertyBool{name=open, clazz=class java.lang.Boolean, values=[true, false]}, PropertyBool{name=powered, clazz=class java.lang.Boolean, values=[true, false]}
zawa:zebra_plush: PropertyDirection{name=facing, clazz=class net.minecraft.util.EnumFacing, values=[north, south, west, east]}
zawa:zebra_rainbow_plush: PropertyDirection{name=facing, clazz=class net.minecraft.util.EnumFacing, values=[north, south, west, east]}
