"Mod name","Registry name","BlockID","Subtypes","Item ID","Item meta","Display name","Exists","Ore Dict keys","NBT"
"Abyssal Depths","abyssaldepths:seaweed",754,"false",4738,0,"Seaweed","true","",""
"Ancient Warfare Automation","ancientwarfareautomation:animal_farm",761,"false",4774,0,"Animal Farm","true","",""
"Ancient Warfare Automation","ancientwarfareautomation:auto_crafting",769,"false",4782,0,"Auto Crafting Table","true","",""
"Ancient Warfare Automation","ancientwarfareautomation:chunk_loader_deluxe",782,"false",4795,0,"Deluxe Chunk Loader","true","",""
"Ancient Warfare Automation","ancientwarfareautomation:chunk_loader_simple",781,"false",4794,0,"Simple Chunk Loader","true","",""
"Ancient Warfare Automation","ancientwarfareautomation:crop_farm",759,"false",4772,0,"Crop Farm","true","",""
"Ancient Warfare Automation","ancientwarfareautomation:fish_farm",762,"false",4775,0,"Fish Farm","true","",""
"Ancient Warfare Automation","ancientwarfareautomation:flywheel_controller",771,"true",4784,0,"Light Flywheel Controller","true","",""
"Ancient Warfare Automation","ancientwarfareautomation:flywheel_controller",771,"true",4784,1,"Medium Flywheel Controller","true","",""
"Ancient Warfare Automation","ancientwarfareautomation:flywheel_controller",771,"true",4784,2,"Heavy Flywheel Controller","true","",""
"Ancient Warfare Automation","ancientwarfareautomation:flywheel_storage",772,"true",4785,0,"Light Flywheel Energy Storage","true","",""
"Ancient Warfare Automation","ancientwarfareautomation:flywheel_storage",772,"true",4785,1,"Medium Flywheel Energy Storage","true","",""
"Ancient Warfare Automation","ancientwarfareautomation:flywheel_storage",772,"true",4785,2,"Heavy Flywheel Energy Storage","true","",""
"Ancient Warfare Automation","ancientwarfareautomation:fruit_farm",760,"false",4773,0,"Fruit Farm","true","",""
"Ancient Warfare Automation","ancientwarfareautomation:hand_cranked_generator",778,"false",4791,0,"Hand Cranked Torque Generator","true","",""
"Ancient Warfare Automation","ancientwarfareautomation:mailbox",770,"false",4783,0,"Mailbox","true","",""
"Ancient Warfare Automation","ancientwarfareautomation:quarry",757,"false",4770,0,"Quarry","true","",""
"Ancient Warfare Automation","ancientwarfareautomation:stirling_generator",776,"false",4789,0,"Stirling Generator","true","",""
"Ancient Warfare Automation","ancientwarfareautomation:torque_distributor",775,"true",4788,0,"Light Torque Distributor","true","",""
"Ancient Warfare Automation","ancientwarfareautomation:torque_distributor",775,"true",4788,1,"Medium Torque Distributor","true","",""
"Ancient Warfare Automation","ancientwarfareautomation:torque_distributor",775,"true",4788,2,"Heavy Torque Distributor","true","",""
"Ancient Warfare Automation","ancientwarfareautomation:torque_junction",773,"true",4786,0,"Light Torque Junction","true","",""
"Ancient Warfare Automation","ancientwarfareautomation:torque_junction",773,"true",4786,1,"Medium Torque Junction","true","",""
"Ancient Warfare Automation","ancientwarfareautomation:torque_junction",773,"true",4786,2,"Heavy Torque Junction","true","",""
"Ancient Warfare Automation","ancientwarfareautomation:torque_shaft",774,"true",4787,0,"Light Torque Shaft","true","",""
"Ancient Warfare Automation","ancientwarfareautomation:torque_shaft",774,"true",4787,1,"Medium Torque Shaft","true","",""
"Ancient Warfare Automation","ancientwarfareautomation:torque_shaft",774,"true",4787,2,"Heavy Torque Shaft","true","",""
"Ancient Warfare Automation","ancientwarfareautomation:tree_farm",758,"false",4771,0,"Tree Farm","true","",""
"Ancient Warfare Automation","ancientwarfareautomation:warehouse_control",763,"false",4776,0,"Warehouse Control Block","true","",""
"Ancient Warfare Automation","ancientwarfareautomation:warehouse_crafting",766,"false",4779,0,"Warehouse Crafting Table","true","",""
"Ancient Warfare Automation","ancientwarfareautomation:warehouse_interface",765,"false",4778,0,"Warehouse Interface","true","",""
"Ancient Warfare Automation","ancientwarfareautomation:warehouse_stock_linker",768,"false",4781,0,"Warehouse Stock Linker","true","",""
"Ancient Warfare Automation","ancientwarfareautomation:warehouse_stock_viewer",767,"false",4780,0,"Warehouse Stock Viewer","true","",""
"Ancient Warfare Automation","ancientwarfareautomation:warehouse_storage",764,"true",4777,0,"Small Warehouse Storage","true","",""
"Ancient Warfare Automation","ancientwarfareautomation:warehouse_storage",764,"true",4777,1,"Medium Warehouse Storage","true","",""
"Ancient Warfare Automation","ancientwarfareautomation:warehouse_storage",764,"true",4777,2,"Large Warehouse Storage","true","",""
"Ancient Warfare Automation","ancientwarfareautomation:waterwheel_generator",777,"false",4790,0,"Waterwheel Generator","true","",""
"Ancient Warfare Automation","ancientwarfareautomation:windmill_blade",779,"false",4792,0,"Windmill Blade","true","",""
"Ancient Warfare Automation","ancientwarfareautomation:windmill_generator",780,"false",4793,0,"Windmill Controller","true","",""
"Ancient Warfare Core","ancientwarfare:engineering_station",755,"false",4751,0,"Engineering Bench","true","",""
"Ancient Warfare Core","ancientwarfare:research_station",756,"false",4752,0,"Research Bench","true","",""
"Ancient Warfare NPCs","ancientwarfarenpc:town_hall",783,"false",4855,0,"Town Hall","true","",""
"Ancient Warfare Structures","ancientwarfarestructure:advanced_loot_chest",790,"false",4872,0,"Advanced Loot Chest","true","",""
"Ancient Warfare Structures","ancientwarfarestructure:advanced_spawner",784,"false",4866,0,"Advanced Monster Spawner","true","","{spawnerSettings:{inventory:{Items:[],Size:9},transparent:0b,maxDelay:400,minDelay:200,maxNearbyMonsters:8,spawnRange:4,spawnYOffset:0,debugMode:0b,xpToDrop:0,mobRange:4,playerRange:16,lightSensitive:0b,spawnDelay:400,spawnGroups:[{groupWeight:1,settingsList:[{hostile:1b,entityId:""minecraft:pig"",minToSpawn:2,maxToSpawn:4,remainingSpawnCount:-1}]}],respondToRedstone:0b}}"
"Ancient Warfare Structures","ancientwarfarestructure:altar_candle",797,"false",4879,0,"tile.altar_candle","true","",""
"Ancient Warfare Structures","ancientwarfarestructure:altar_lectern",798,"false",4880,0,"Altar Lectern","true","",""
"Ancient Warfare Structures","ancientwarfarestructure:altar_long_cloth",796,"false",4878,0,"tile.altar_long_cloth","true","",""
"Ancient Warfare Structures","ancientwarfarestructure:altar_short_cloth",795,"false",4877,0,"tile.altar_short_cloth","true","",""
"Ancient Warfare Structures","ancientwarfarestructure:altar_sun",799,"false",4881,0,"Altar Sun","true","",""
"Ancient Warfare Structures","ancientwarfarestructure:bench",824,"true",4906,0,"Acacia Wood Bench","true","","{variant:""acacia""}"
"Ancient Warfare Structures","ancientwarfarestructure:bench",824,"true",4906,0,"Birch Wood Bench","true","","{variant:""birch""}"
"Ancient Warfare Structures","ancientwarfarestructure:bench",824,"true",4906,0,"Dark Oak Wood Bench","true","","{variant:""dark_oak""}"
"Ancient Warfare Structures","ancientwarfarestructure:bench",824,"true",4906,0,"Jungle Wood Bench","true","","{variant:""jungle""}"
"Ancient Warfare Structures","ancientwarfarestructure:bench",824,"true",4906,0,"Oak Wood Bench","true","","{variant:""oak""}"
"Ancient Warfare Structures","ancientwarfarestructure:bench",824,"true",4906,0,"Spruce Wood Bench","true","","{variant:""spruce""}"
"Ancient Warfare Structures","ancientwarfarestructure:brazier_ember",794,"true",4875,0,"Ember Brazier Lit","true","","{lit:1b}"
"Ancient Warfare Structures","ancientwarfarestructure:brazier_ember",794,"true",4875,0,"Ember Brazier Unlit","true","","{lit:0b}"
"Ancient Warfare Structures","ancientwarfarestructure:brazier_flame",793,"true",4876,0,"Flame Brazier Lit","true","","{lit:1b}"
"Ancient Warfare Structures","ancientwarfarestructure:brazier_flame",793,"true",4876,0,"Flame Brazier Unlit","true","","{lit:0b}"
"Ancient Warfare Structures","ancientwarfarestructure:chair",815,"true",4897,0,"Acacia Wood Chair","true","","{variant:""acacia""}"
"Ancient Warfare Structures","ancientwarfarestructure:chair",815,"true",4897,0,"Birch Wood Chair","true","","{variant:""birch""}"
"Ancient Warfare Structures","ancientwarfarestructure:chair",815,"true",4897,0,"Dark Oak Wood Chair","true","","{variant:""dark_oak""}"
"Ancient Warfare Structures","ancientwarfarestructure:chair",815,"true",4897,0,"Jungle Wood Chair","true","","{variant:""jungle""}"
"Ancient Warfare Structures","ancientwarfarestructure:chair",815,"true",4897,0,"Oak Wood Chair","true","","{variant:""oak""}"
"Ancient Warfare Structures","ancientwarfarestructure:chair",815,"true",4897,0,"Spruce Wood Chair","true","","{variant:""spruce""}"
"Ancient Warfare Structures","ancientwarfarestructure:coin_stack_ancient",831,"true",4913,0,"Ancient Coin Stack","true","","{size:16}"
"Ancient Warfare Structures","ancientwarfarestructure:coin_stack_ancient",831,"true",4913,0,"Ancient Coin Stack","true","","{size:24}"
"Ancient Warfare Structures","ancientwarfarestructure:coin_stack_ancient",831,"true",4913,0,"Ancient Coin Stack","true","","{size:32}"
"Ancient Warfare Structures","ancientwarfarestructure:coin_stack_ancient",831,"true",4913,0,"Ancient Coin Stack","true","","{size:40}"
"Ancient Warfare Structures","ancientwarfarestructure:coin_stack_ancient",831,"true",4913,0,"Ancient Coin Stack","true","","{size:48}"
"Ancient Warfare Structures","ancientwarfarestructure:coin_stack_ancient",831,"true",4913,0,"Ancient Coin Stack","true","","{size:56}"
"Ancient Warfare Structures","ancientwarfarestructure:coin_stack_ancient",831,"true",4913,0,"Ancient Coin Stack","true","","{size:64}"
"Ancient Warfare Structures","ancientwarfarestructure:coin_stack_ancient",831,"true",4913,0,"Ancient Coin Stack","true","","{size:8}"
"Ancient Warfare Structures","ancientwarfarestructure:coin_stack_copper",828,"true",4910,0,"Copper Owl Stack","true","","{size:16}"
"Ancient Warfare Structures","ancientwarfarestructure:coin_stack_copper",828,"true",4910,0,"Copper Owl Stack","true","","{size:24}"
"Ancient Warfare Structures","ancientwarfarestructure:coin_stack_copper",828,"true",4910,0,"Copper Owl Stack","true","","{size:32}"
"Ancient Warfare Structures","ancientwarfarestructure:coin_stack_copper",828,"true",4910,0,"Copper Owl Stack","true","","{size:40}"
"Ancient Warfare Structures","ancientwarfarestructure:coin_stack_copper",828,"true",4910,0,"Copper Owl Stack","true","","{size:48}"
"Ancient Warfare Structures","ancientwarfarestructure:coin_stack_copper",828,"true",4910,0,"Copper Owl Stack","true","","{size:56}"
"Ancient Warfare Structures","ancientwarfarestructure:coin_stack_copper",828,"true",4910,0,"Copper Owl Stack","true","","{size:64}"
"Ancient Warfare Structures","ancientwarfarestructure:coin_stack_copper",828,"true",4910,0,"Copper Owl Stack","true","","{size:8}"
"Ancient Warfare Structures","ancientwarfarestructure:coin_stack_gold",830,"true",4912,0,"Gold Dragon Stack","true","","{size:16}"
"Ancient Warfare Structures","ancientwarfarestructure:coin_stack_gold",830,"true",4912,0,"Gold Dragon Stack","true","","{size:24}"
"Ancient Warfare Structures","ancientwarfarestructure:coin_stack_gold",830,"true",4912,0,"Gold Dragon Stack","true","","{size:32}"
"Ancient Warfare Structures","ancientwarfarestructure:coin_stack_gold",830,"true",4912,0,"Gold Dragon Stack","true","","{size:40}"
"Ancient Warfare Structures","ancientwarfarestructure:coin_stack_gold",830,"true",4912,0,"Gold Dragon Stack","true","","{size:48}"
"Ancient Warfare Structures","ancientwarfarestructure:coin_stack_gold",830,"true",4912,0,"Gold Dragon Stack","true","","{size:56}"
"Ancient Warfare Structures","ancientwarfarestructure:coin_stack_gold",830,"true",4912,0,"Gold Dragon Stack","true","","{size:64}"
"Ancient Warfare Structures","ancientwarfarestructure:coin_stack_gold",830,"true",4912,0,"Gold Dragon Stack","true","","{size:8}"
"Ancient Warfare Structures","ancientwarfarestructure:coin_stack_silver",829,"true",4911,0,"Silver Stag Stack","true","","{size:16}"
"Ancient Warfare Structures","ancientwarfarestructure:coin_stack_silver",829,"true",4911,0,"Silver Stag Stack","true","","{size:24}"
"Ancient Warfare Structures","ancientwarfarestructure:coin_stack_silver",829,"true",4911,0,"Silver Stag Stack","true","","{size:32}"
"Ancient Warfare Structures","ancientwarfarestructure:coin_stack_silver",829,"true",4911,0,"Silver Stag Stack","true","","{size:40}"
"Ancient Warfare Structures","ancientwarfarestructure:coin_stack_silver",829,"true",4911,0,"Silver Stag Stack","true","","{size:48}"
"Ancient Warfare Structures","ancientwarfarestructure:coin_stack_silver",829,"true",4911,0,"Silver Stag Stack","true","","{size:56}"
"Ancient Warfare Structures","ancientwarfarestructure:coin_stack_silver",829,"true",4911,0,"Silver Stag Stack","true","","{size:64}"
"Ancient Warfare Structures","ancientwarfarestructure:coin_stack_silver",829,"true",4911,0,"Silver Stag Stack","true","","{size:8}"
"Ancient Warfare Structures","ancientwarfarestructure:decorative_flag",801,"true",4883,0,"Amazon Banner","true","","{name:""amazon""}"
"Ancient Warfare Structures","ancientwarfarestructure:decorative_flag",801,"true",4883,0,"Barbarian Banner","true","","{name:""barbarian""}"
"Ancient Warfare Structures","ancientwarfarestructure:decorative_flag",801,"true",4883,0,"Beast Banner","true","","{name:""beast""}"
"Ancient Warfare Structures","ancientwarfarestructure:decorative_flag",801,"true",4883,0,"Brigand Banner","true","","{name:""brigand""}"
"Ancient Warfare Structures","ancientwarfarestructure:decorative_flag",801,"true",4883,0,"Buffloka Banner","true","","{name:""buffloka""}"
"Ancient Warfare Structures","ancientwarfarestructure:decorative_flag",801,"true",4883,0,"Coven Banner","true","","{name:""coven""}"
"Ancient Warfare Structures","ancientwarfarestructure:decorative_flag",801,"true",4883,0,"Demon Banner","true","","{name:""demon""}"
"Ancient Warfare Structures","ancientwarfarestructure:decorative_flag",801,"true",4883,0,"Dwarf Banner","true","","{name:""dwarf""}"
"Ancient Warfare Structures","ancientwarfarestructure:decorative_flag",801,"true",4883,0,"Elf Banner","true","","{name:""elf""}"
"Ancient Warfare Structures","ancientwarfarestructure:decorative_flag",801,"true",4883,0,"Empire Banner","true","","{name:""empire""}"
"Ancient Warfare Structures","ancientwarfarestructure:decorative_flag",801,"true",4883,0,"Ent Banner","true","","{name:""ent""}"
"Ancient Warfare Structures","ancientwarfarestructure:decorative_flag",801,"true",4883,0,"Evil Banner","true","","{name:""evil""}"
"Ancient Warfare Structures","ancientwarfarestructure:decorative_flag",801,"true",4883,0,"Giant Banner","true","","{name:""giant""}"
"Ancient Warfare Structures","ancientwarfarestructure:decorative_flag",801,"true",4883,0,"Gnome Banner","true","","{name:""gnome""}"
"Ancient Warfare Structures","ancientwarfarestructure:decorative_flag",801,"true",4883,0,"Good Banner","true","","{name:""good""}"
"Ancient Warfare Structures","ancientwarfarestructure:decorative_flag",801,"true",4883,0,"Gremlin Banner","true","","{name:""gremlin""}"
"Ancient Warfare Structures","ancientwarfarestructure:decorative_flag",801,"true",4883,0,"Guild Banner","true","","{name:""guild""}"
"Ancient Warfare Structures","ancientwarfarestructure:decorative_flag",801,"true",4883,0,"Hobbit Banner","true","","{name:""hobbit""}"
"Ancient Warfare Structures","ancientwarfarestructure:decorative_flag",801,"true",4883,0,"Icelord Banner","true","","{name:""icelord""}"
"Ancient Warfare Structures","ancientwarfarestructure:decorative_flag",801,"true",4883,0,"Ishtari Banner","true","","{name:""ishtari""}"
"Ancient Warfare Structures","ancientwarfarestructure:decorative_flag",801,"true",4883,0,"Klown Banner","true","","{name:""klown""}"
"Ancient Warfare Structures","ancientwarfarestructure:decorative_flag",801,"true",4883,0,"Kong Banner","true","","{name:""kong""}"
"Ancient Warfare Structures","ancientwarfarestructure:decorative_flag",801,"true",4883,0,"Lizardman Banner","true","","{name:""lizardman""}"
"Ancient Warfare Structures","ancientwarfarestructure:decorative_flag",801,"true",4883,0,"Mindflayer Banner","true","","{name:""mindflayer""}"
"Ancient Warfare Structures","ancientwarfarestructure:decorative_flag",801,"true",4883,0,"Minossian Banner","true","","{name:""minossian""}"
"Ancient Warfare Structures","ancientwarfarestructure:decorative_flag",801,"true",4883,0,"Monster Banner","true","","{name:""monster""}"
"Ancient Warfare Structures","ancientwarfarestructure:decorative_flag",801,"true",4883,0,"Nogg Banner","true","","{name:""nogg""}"
"Ancient Warfare Structures","ancientwarfarestructure:decorative_flag",801,"true",4883,0,"Norska Banner","true","","{name:""norska""}"
"Ancient Warfare Structures","ancientwarfarestructure:decorative_flag",801,"true",4883,0,"Orc Banner","true","","{name:""orc""}"
"Ancient Warfare Structures","ancientwarfarestructure:decorative_flag",801,"true",4883,0,"Pirate Banner","true","","{name:""pirate""}"
"Ancient Warfare Structures","ancientwarfarestructure:decorative_flag",801,"true",4883,0,"Rakshasa Banner","true","","{name:""rakshasa""}"
"Ancient Warfare Structures","ancientwarfarestructure:decorative_flag",801,"true",4883,0,"Reiksgard Banner","true","","{name:""reiksgard""}"
"Ancient Warfare Structures","ancientwarfarestructure:decorative_flag",801,"true",4883,0,"Sarkonid Banner","true","","{name:""sarkonid""}"
"Ancient Warfare Structures","ancientwarfarestructure:decorative_flag",801,"true",4883,0,"Sealsker Banner","true","","{name:""sealsker""}"
"Ancient Warfare Structures","ancientwarfarestructure:decorative_flag",801,"true",4883,0,"Shakayana Banner","true","","{name:""shakayana""}"
"Ancient Warfare Structures","ancientwarfarestructure:decorative_flag",801,"true",4883,0,"Smingol Banner","true","","{name:""smingol""}"
"Ancient Warfare Structures","ancientwarfarestructure:decorative_flag",801,"true",4883,0,"Undead Banner","true","","{name:""undead""}"
"Ancient Warfare Structures","ancientwarfarestructure:decorative_flag",801,"true",4883,0,"Vampire Banner","true","","{name:""vampire""}"
"Ancient Warfare Structures","ancientwarfarestructure:decorative_flag",801,"true",4883,0,"Vyncan Banner","true","","{name:""vyncan""}"
"Ancient Warfare Structures","ancientwarfarestructure:decorative_flag",801,"true",4883,0,"Witchbane Banner","true","","{name:""witchbane""}"
"Ancient Warfare Structures","ancientwarfarestructure:decorative_flag",801,"true",4883,0,"Wizardly Banner","true","","{name:""wizardly""}"
"Ancient Warfare Structures","ancientwarfarestructure:decorative_flag",801,"true",4883,0,"Xoltec Banner","true","","{name:""xoltec""}"
"Ancient Warfare Structures","ancientwarfarestructure:decorative_flag",801,"true",4883,0,"Zamurai Banner","true","","{name:""zamurai""}"
"Ancient Warfare Structures","ancientwarfarestructure:decorative_flag",801,"true",4883,0,"Zimba Banner","true","","{name:""zimba""}"
"Ancient Warfare Structures","ancientwarfarestructure:drafting_station",786,"false",4868,0,"Drafting Bench","true","",""
"Ancient Warfare Structures","ancientwarfarestructure:fire_pit",792,"true",4873,0,"Fire Pit Lit","true","","{variant:""default"",lit:1b}"
"Ancient Warfare Structures","ancientwarfarestructure:fire_pit",792,"true",4873,0,"Fire Pit Unlit","true","","{variant:""default"",lit:0b}"
"Ancient Warfare Structures","ancientwarfarestructure:fire_pit",792,"true",4873,0,"Square Fire Pit Lit","true","","{variant:""square"",lit:1b}"
"Ancient Warfare Structures","ancientwarfarestructure:fire_pit",792,"true",4873,0,"Square Fire Pit Unlit","true","","{variant:""square"",lit:0b}"
"Ancient Warfare Structures","ancientwarfarestructure:fire_pit",792,"true",4873,0,"Wood only Fire Pit Lit","true","","{variant:""log"",lit:1b}"
"Ancient Warfare Structures","ancientwarfarestructure:fire_pit",792,"true",4873,0,"Wood only Fire Pit Unlit","true","","{variant:""log"",lit:0b}"
"Ancient Warfare Structures","ancientwarfarestructure:gate_proxy",785,"false",4867,0,"Gate Proxy Block","true","",""
"Ancient Warfare Structures","ancientwarfarestructure:gibbet",821,"false",4903,0,"Gibbet","true","",""
"Ancient Warfare Structures","ancientwarfarestructure:goblin_totem_1",803,"false",4888,0,"Goblin Totem 1","true","",""
"Ancient Warfare Structures","ancientwarfarestructure:goblin_totem_2",804,"false",4889,0,"Goblin Totem 2","true","",""
"Ancient Warfare Structures","ancientwarfarestructure:goblin_totem_2_lit",805,"false",4890,0,"Goblin Totem 2 Lit","true","",""
"Ancient Warfare Structures","ancientwarfarestructure:golden_idol",802,"false",4884,0,"Golden Idol","true","",""
"Ancient Warfare Structures","ancientwarfarestructure:golden_throne",818,"false",4900,0,"Golden Throne","true","",""
"Ancient Warfare Structures","ancientwarfarestructure:gravestone",832,"true",4914,0,"Gravestone","true","","{variant:1}"
"Ancient Warfare Structures","ancientwarfarestructure:gravestone",832,"true",4914,0,"Gravestone","true","","{variant:3}"
"Ancient Warfare Structures","ancientwarfarestructure:gravestone",832,"true",4914,0,"Mossy Gravestone","true","","{variant:2}"
"Ancient Warfare Structures","ancientwarfarestructure:gravestone",832,"true",4914,0,"Mossy Gravestone","true","","{variant:4}"
"Ancient Warfare Structures","ancientwarfarestructure:gravestone",832,"true",4914,0,"Runestone","true","","{variant:6}"
"Ancient Warfare Structures","ancientwarfarestructure:gravestone",832,"true",4914,0,"Runestone","true","","{variant:7}"
"Ancient Warfare Structures","ancientwarfarestructure:gravestone",832,"true",4914,0,"Runestone","true","","{variant:8}"
"Ancient Warfare Structures","ancientwarfarestructure:gravestone",832,"true",4914,0,"Sandstone Gravestone","true","","{variant:5}"
"Ancient Warfare Structures","ancientwarfarestructure:iron_cage",820,"false",4902,0,"Iron Cage","true","",""
"Ancient Warfare Structures","ancientwarfarestructure:loot_basket",809,"false",4891,0,"Basket","true","",""
"Ancient Warfare Structures","ancientwarfarestructure:orc_totem_1",806,"false",4885,0,"Orc Totem 1","true","",""
"Ancient Warfare Structures","ancientwarfarestructure:orc_totem_2",807,"false",4886,0,"Orc Totem 2","true","",""
"Ancient Warfare Structures","ancientwarfarestructure:orc_totem_2_lit",808,"false",4887,0,"Orc Totem 2 Lit","true","",""
"Ancient Warfare Structures","ancientwarfarestructure:protection_flag",800,"true",4882,0,"Amazon Protection Flag","true","","{name:""amazon""}"
"Ancient Warfare Structures","ancientwarfarestructure:protection_flag",800,"true",4882,0,"Barbarian Protection Flag","true","","{name:""barbarian""}"
"Ancient Warfare Structures","ancientwarfarestructure:protection_flag",800,"true",4882,0,"Beast Protection Flag","true","","{name:""beast""}"
"Ancient Warfare Structures","ancientwarfarestructure:protection_flag",800,"true",4882,0,"Brigand Protection Flag","true","","{name:""brigand""}"
"Ancient Warfare Structures","ancientwarfarestructure:protection_flag",800,"true",4882,0,"Buffloka Protection Flag","true","","{name:""buffloka""}"
"Ancient Warfare Structures","ancientwarfarestructure:protection_flag",800,"true",4882,0,"Coven Protection Flag","true","","{name:""coven""}"
"Ancient Warfare Structures","ancientwarfarestructure:protection_flag",800,"true",4882,0,"Demon Protection Flag","true","","{name:""demon""}"
"Ancient Warfare Structures","ancientwarfarestructure:protection_flag",800,"true",4882,0,"Dwarf Protection Flag","true","","{name:""dwarf""}"
"Ancient Warfare Structures","ancientwarfarestructure:protection_flag",800,"true",4882,0,"Elf Protection Flag","true","","{name:""elf""}"
"Ancient Warfare Structures","ancientwarfarestructure:protection_flag",800,"true",4882,0,"Empire Protection Flag","true","","{name:""empire""}"
"Ancient Warfare Structures","ancientwarfarestructure:protection_flag",800,"true",4882,0,"Ent Protection Flag","true","","{name:""ent""}"
"Ancient Warfare Structures","ancientwarfarestructure:protection_flag",800,"true",4882,0,"Evil Protection Flag","true","","{name:""evil""}"
"Ancient Warfare Structures","ancientwarfarestructure:protection_flag",800,"true",4882,0,"Giant Protection Flag","true","","{name:""giant""}"
"Ancient Warfare Structures","ancientwarfarestructure:protection_flag",800,"true",4882,0,"Gnome Protection Flag","true","","{name:""gnome""}"
"Ancient Warfare Structures","ancientwarfarestructure:protection_flag",800,"true",4882,0,"Good Protection Flag","true","","{name:""good""}"
"Ancient Warfare Structures","ancientwarfarestructure:protection_flag",800,"true",4882,0,"Gremlin Protection Flag","true","","{name:""gremlin""}"
"Ancient Warfare Structures","ancientwarfarestructure:protection_flag",800,"true",4882,0,"Guild Protection Flag","true","","{name:""guild""}"
"Ancient Warfare Structures","ancientwarfarestructure:protection_flag",800,"true",4882,0,"Hobbit Protection Flag","true","","{name:""hobbit""}"
"Ancient Warfare Structures","ancientwarfarestructure:protection_flag",800,"true",4882,0,"Icelord Protection Flag","true","","{name:""icelord""}"
"Ancient Warfare Structures","ancientwarfarestructure:protection_flag",800,"true",4882,0,"Ishtari Protection Flag","true","","{name:""ishtari""}"
"Ancient Warfare Structures","ancientwarfarestructure:protection_flag",800,"true",4882,0,"Klown Protection Flag","true","","{name:""klown""}"
"Ancient Warfare Structures","ancientwarfarestructure:protection_flag",800,"true",4882,0,"Kong Protection Flag","true","","{name:""kong""}"
"Ancient Warfare Structures","ancientwarfarestructure:protection_flag",800,"true",4882,0,"Lizardman Protection Flag","true","","{name:""lizardman""}"
"Ancient Warfare Structures","ancientwarfarestructure:protection_flag",800,"true",4882,0,"Mindflayer Protection Flag","true","","{name:""mindflayer""}"
"Ancient Warfare Structures","ancientwarfarestructure:protection_flag",800,"true",4882,0,"Minossian Protection Flag","true","","{name:""minossian""}"
"Ancient Warfare Structures","ancientwarfarestructure:protection_flag",800,"true",4882,0,"Monster Protection Flag","true","","{name:""monster""}"
"Ancient Warfare Structures","ancientwarfarestructure:protection_flag",800,"true",4882,0,"Nogg Protection Flag","true","","{name:""nogg""}"
"Ancient Warfare Structures","ancientwarfarestructure:protection_flag",800,"true",4882,0,"Norska Protection Flag","true","","{name:""norska""}"
"Ancient Warfare Structures","ancientwarfarestructure:protection_flag",800,"true",4882,0,"Orc Protection Flag","true","","{name:""orc""}"
"Ancient Warfare Structures","ancientwarfarestructure:protection_flag",800,"true",4882,0,"Pirate Protection Flag","true","","{name:""pirate""}"
"Ancient Warfare Structures","ancientwarfarestructure:protection_flag",800,"true",4882,0,"Rakshasa Protection Flag","true","","{name:""rakshasa""}"
"Ancient Warfare Structures","ancientwarfarestructure:protection_flag",800,"true",4882,0,"Reiksgard Protection Flag","true","","{name:""reiksgard""}"
"Ancient Warfare Structures","ancientwarfarestructure:protection_flag",800,"true",4882,0,"Sarkonid Protection Flag","true","","{name:""sarkonid""}"
"Ancient Warfare Structures","ancientwarfarestructure:protection_flag",800,"true",4882,0,"Sealsker Protection Flag","true","","{name:""sealsker""}"
"Ancient Warfare Structures","ancientwarfarestructure:protection_flag",800,"true",4882,0,"Shakayana Protection Flag","true","","{name:""shakayana""}"
"Ancient Warfare Structures","ancientwarfarestructure:protection_flag",800,"true",4882,0,"Smingol Protection Flag","true","","{name:""smingol""}"
"Ancient Warfare Structures","ancientwarfarestructure:protection_flag",800,"true",4882,0,"Undead Protection Flag","true","","{name:""undead""}"
"Ancient Warfare Structures","ancientwarfarestructure:protection_flag",800,"true",4882,0,"Vampire Protection Flag","true","","{name:""vampire""}"
"Ancient Warfare Structures","ancientwarfarestructure:protection_flag",800,"true",4882,0,"Vyncan Protection Flag","true","","{name:""vyncan""}"
"Ancient Warfare Structures","ancientwarfarestructure:protection_flag",800,"true",4882,0,"Witchbane Protection Flag","true","","{name:""witchbane""}"
"Ancient Warfare Structures","ancientwarfarestructure:protection_flag",800,"true",4882,0,"Wizardly Protection Flag","true","","{name:""wizardly""}"
"Ancient Warfare Structures","ancientwarfarestructure:protection_flag",800,"true",4882,0,"Xoltec Protection Flag","true","","{name:""xoltec""}"
"Ancient Warfare Structures","ancientwarfarestructure:protection_flag",800,"true",4882,0,"Zamurai Protection Flag","true","","{name:""zamurai""}"
"Ancient Warfare Structures","ancientwarfarestructure:protection_flag",800,"true",4882,0,"Zimba Protection Flag","true","","{name:""zimba""}"
"Ancient Warfare Structures","ancientwarfarestructure:scissor_seat",826,"false",4908,0,"Scissor Seat","true","",""
"Ancient Warfare Structures","ancientwarfarestructure:sound_block",788,"false",4870,0,"Sound Block","true","",""
"Ancient Warfare Structures","ancientwarfarestructure:stake",823,"false",4905,0,"tile.stake.name","true","",""
"Ancient Warfare Structures","ancientwarfarestructure:statue",827,"false",4909,0,"tile.statue.name","true","",""
"Ancient Warfare Structures","ancientwarfarestructure:stone_coffin",811,"true",4893,0,"Demonic Coffin","true","","{variant:""demonic""}"
"Ancient Warfare Structures","ancientwarfarestructure:stone_coffin",811,"true",4893,0,"Prismarine Coffin","true","","{variant:""prismarine""}"
"Ancient Warfare Structures","ancientwarfarestructure:stone_coffin",811,"true",4893,0,"Sandstone Sarcophagus","true","","{variant:""sandstone""}"
"Ancient Warfare Structures","ancientwarfarestructure:stone_coffin",811,"true",4893,0,"Stone Coffin","true","","{variant:""stone""}"
"Ancient Warfare Structures","ancientwarfarestructure:stool",812,"true",4894,0,"Acacia Wood Stool","true","","{variant:""acacia""}"
"Ancient Warfare Structures","ancientwarfarestructure:stool",812,"true",4894,0,"Birch Wood Stool","true","","{variant:""birch""}"
"Ancient Warfare Structures","ancientwarfarestructure:stool",812,"true",4894,0,"Dark Oak Wood Stool","true","","{variant:""dark_oak""}"
"Ancient Warfare Structures","ancientwarfarestructure:stool",812,"true",4894,0,"Jungle Wood Stool","true","","{variant:""jungle""}"
"Ancient Warfare Structures","ancientwarfarestructure:stool",812,"true",4894,0,"Oak Wood Stool","true","","{variant:""oak""}"
"Ancient Warfare Structures","ancientwarfarestructure:stool",812,"true",4894,0,"Spruce Wood Stool","true","","{variant:""spruce""}"
"Ancient Warfare Structures","ancientwarfarestructure:stretching_rack",822,"false",4904,0,"Stretching Rack","true","",""
"Ancient Warfare Structures","ancientwarfarestructure:structure_builder_ticked",787,"true",4869,0,"Survival Structure Builder","true","","{structureName:""Airship1Small""}"
"Ancient Warfare Structures","ancientwarfarestructure:structure_builder_ticked",787,"true",4869,0,"Survival Structure Builder","true","","{structureName:""Airship2Small""}"
"Ancient Warfare Structures","ancientwarfarestructure:structure_builder_ticked",787,"true",4869,0,"Survival Structure Builder","true","","{structureName:""Airship3Small""}"
"Ancient Warfare Structures","ancientwarfarestructure:structure_builder_ticked",787,"true",4869,0,"Survival Structure Builder","true","","{structureName:""Airship4Small""}"
"Ancient Warfare Structures","ancientwarfarestructure:structure_builder_ticked",787,"true",4869,0,"Survival Structure Builder","true","","{structureName:""Airship5Small""}"
"Ancient Warfare Structures","ancientwarfarestructure:structure_builder_ticked",787,"true",4869,0,"Survival Structure Builder","true","","{structureName:""Airship6Small""}"
"Ancient Warfare Structures","ancientwarfarestructure:structure_builder_ticked",787,"true",4869,0,"Survival Structure Builder","true","","{structureName:""Airship9Medium""}"
"Ancient Warfare Structures","ancientwarfarestructure:structure_builder_ticked",787,"true",4869,0,"Survival Structure Builder","true","","{structureName:""AirshipFlightTowerSmall""}"
"Ancient Warfare Structures","ancientwarfarestructure:structure_builder_ticked",787,"true",4869,0,"Survival Structure Builder","true","","{structureName:""Aqueduct33blocks""}"
"Ancient Warfare Structures","ancientwarfarestructure:structure_builder_ticked",787,"true",4869,0,"Survival Structure Builder","true","","{structureName:""BallloonSmallBlueWhite""}"
"Ancient Warfare Structures","ancientwarfarestructure:structure_builder_ticked",787,"true",4869,0,"Survival Structure Builder","true","","{structureName:""BalloonGondolaRed""}"
"Ancient Warfare Structures","ancientwarfarestructure:structure_builder_ticked",787,"true",4869,0,"Survival Structure Builder","true","","{structureName:""BalloonLargeRed""}"
"Ancient Warfare Structures","ancientwarfarestructure:structure_builder_ticked",787,"true",4869,0,"Survival Structure Builder","true","","{structureName:""BalloonLargeWhite""}"
"Ancient Warfare Structures","ancientwarfarestructure:structure_builder_ticked",787,"true",4869,0,"Survival Structure Builder","true","","{structureName:""BalloonMediumBrownWhite""}"
"Ancient Warfare Structures","ancientwarfarestructure:structure_builder_ticked",787,"true",4869,0,"Survival Structure Builder","true","","{structureName:""BalloonMediumRedWhite""}"
"Ancient Warfare Structures","ancientwarfarestructure:structure_builder_ticked",787,"true",4869,0,"Survival Structure Builder","true","","{structureName:""BalloonSmallMulticoloured""}"
"Ancient Warfare Structures","ancientwarfarestructure:structure_builder_ticked",787,"true",4869,0,"Survival Structure Builder","true","","{structureName:""BalloonSmallYellowBlack""}"
"Ancient Warfare Structures","ancientwarfarestructure:structure_builder_ticked",787,"true",4869,0,"Survival Structure Builder","true","","{structureName:""BalloonStationLarge""}"
"Ancient Warfare Structures","ancientwarfarestructure:structure_builder_ticked",787,"true",4869,0,"Survival Structure Builder","true","","{structureName:""BalloonStationSmallDesert""}"
"Ancient Warfare Structures","ancientwarfarestructure:structure_builder_ticked",787,"true",4869,0,"Survival Structure Builder","true","","{structureName:""BalloonStationSmallOakWood""}"
"Ancient Warfare Structures","ancientwarfarestructure:structure_builder_ticked",787,"true",4869,0,"Survival Structure Builder","true","","{structureName:""Bridge16spanLong""}"
"Ancient Warfare Structures","ancientwarfarestructure:structure_builder_ticked",787,"true",4869,0,"Survival Structure Builder","true","","{structureName:""Bridge35spanLong""}"
"Ancient Warfare Structures","ancientwarfarestructure:structure_builder_ticked",787,"true",4869,0,"Survival Structure Builder","true","","{structureName:""BridgeChasmFoot54blockspan""}"
"Ancient Warfare Structures","ancientwarfarestructure:structure_builder_ticked",787,"true",4869,0,"Survival Structure Builder","true","","{structureName:""BridgeEmpireCoveredChasm83blockspan""}"
"Ancient Warfare Structures","ancientwarfarestructure:structure_builder_ticked",787,"true",4869,0,"Survival Structure Builder","true","","{structureName:""BridgeEmpireFortified50blockspan""}"
"Ancient Warfare Structures","ancientwarfarestructure:structure_builder_ticked",787,"true",4869,0,"Survival Structure Builder","true","","{structureName:""BridgeEmpireLarge43Blockspan""}"
"Ancient Warfare Structures","ancientwarfarestructure:structure_builder_ticked",787,"true",4869,0,"Survival Structure Builder","true","","{structureName:""BridgeEmpireMedium29blockspan""}"
"Ancient Warfare Structures","ancientwarfarestructure:structure_builder_ticked",787,"true",4869,0,"Survival Structure Builder","true","","{structureName:""BridgeEmpireMediumFoot33Blockspan""}"
"Ancient Warfare Structures","ancientwarfarestructure:structure_builder_ticked",787,"true",4869,0,"Survival Structure Builder","true","","{structureName:""BridgeEmpireSmall16blockspan""}"
"Ancient Warfare Structures","ancientwarfarestructure:structure_builder_ticked",787,"true",4869,0,"Survival Structure Builder","true","","{structureName:""BridgeFortifiedCentralKeep128blockspan""}"
"Ancient Warfare Structures","ancientwarfarestructure:structure_builder_ticked",787,"true",4869,0,"Survival Structure Builder","true","","{structureName:""BridgeMajestic122spanLong""}"
"Ancient Warfare Structures","ancientwarfarestructure:structure_builder_ticked",787,"true",4869,0,"Survival Structure Builder","true","","{structureName:""BridgeNogg59blockspan""}"
"Ancient Warfare Structures","ancientwarfarestructure:structure_builder_ticked",787,"true",4869,0,"Survival Structure Builder","true","","{structureName:""BridgeNorska31blockspan""}"
"Ancient Warfare Structures","ancientwarfarestructure:structure_builder_ticked",787,"true",4869,0,"Survival Structure Builder","true","","{structureName:""BridgeTwoTowersChasm157blockspan""}"
"Ancient Warfare Structures","ancientwarfarestructure:structure_builder_ticked",787,"true",4869,0,"Survival Structure Builder","true","","{structureName:""BridgeWithTownOnIt207blockspan""}"
"Ancient Warfare Structures","ancientwarfarestructure:structure_builder_ticked",787,"true",4869,0,"Survival Structure Builder","true","","{structureName:""FillCobble1X16X16""}"
"Ancient Warfare Structures","ancientwarfarestructure:structure_builder_ticked",787,"true",4869,0,"Survival Structure Builder","true","","{structureName:""FillCobble2X16X16""}"
"Ancient Warfare Structures","ancientwarfarestructure:structure_builder_ticked",787,"true",4869,0,"Survival Structure Builder","true","","{structureName:""FillCobble3X16X16""}"
"Ancient Warfare Structures","ancientwarfarestructure:structure_builder_ticked",787,"true",4869,0,"Survival Structure Builder","true","","{structureName:""FillCobble4X16X16""}"
"Ancient Warfare Structures","ancientwarfarestructure:structure_builder_ticked",787,"true",4869,0,"Survival Structure Builder","true","","{structureName:""FillCobble5X16X16""}"
"Ancient Warfare Structures","ancientwarfarestructure:structure_builder_ticked",787,"true",4869,0,"Survival Structure Builder","true","","{structureName:""FillCobble6X16X16""}"
"Ancient Warfare Structures","ancientwarfarestructure:structure_builder_ticked",787,"true",4869,0,"Survival Structure Builder","true","","{structureName:""FillDirt1X16X16""}"
"Ancient Warfare Structures","ancientwarfarestructure:structure_builder_ticked",787,"true",4869,0,"Survival Structure Builder","true","","{structureName:""FillDirt2X16X16""}"
"Ancient Warfare Structures","ancientwarfarestructure:structure_builder_ticked",787,"true",4869,0,"Survival Structure Builder","true","","{structureName:""FillDirt3X16X16""}"
"Ancient Warfare Structures","ancientwarfarestructure:structure_builder_ticked",787,"true",4869,0,"Survival Structure Builder","true","","{structureName:""FillDirt4X16X16""}"
"Ancient Warfare Structures","ancientwarfarestructure:structure_builder_ticked",787,"true",4869,0,"Survival Structure Builder","true","","{structureName:""FillDirt5X16X16""}"
"Ancient Warfare Structures","ancientwarfarestructure:structure_builder_ticked",787,"true",4869,0,"Survival Structure Builder","true","","{structureName:""FillDirt6X16X16""}"
"Ancient Warfare Structures","ancientwarfarestructure:structure_builder_ticked",787,"true",4869,0,"Survival Structure Builder","true","","{structureName:""SealskerIgloo""}"
"Ancient Warfare Structures","ancientwarfarestructure:structure_builder_ticked",787,"true",4869,0,"Survival Structure Builder","true","","{structureName:""SurvivalBuildBlacksmiths""}"
"Ancient Warfare Structures","ancientwarfarestructure:structure_builder_ticked",787,"true",4869,0,"Survival Structure Builder","true","","{structureName:""SurvivalBuildBridgeStatues""}"
"Ancient Warfare Structures","ancientwarfarestructure:structure_builder_ticked",787,"true",4869,0,"Survival Structure Builder","true","","{structureName:""SurvivalBuildChurchLarge""}"
"Ancient Warfare Structures","ancientwarfarestructure:structure_builder_ticked",787,"true",4869,0,"Survival Structure Builder","true","","{structureName:""SurvivalBuildClocktowerTownHall""}"
"Ancient Warfare Structures","ancientwarfarestructure:structure_builder_ticked",787,"true",4869,0,"Survival Structure Builder","true","","{structureName:""SurvivalBuildCrane""}"
"Ancient Warfare Structures","ancientwarfarestructure:structure_builder_ticked",787,"true",4869,0,"Survival Structure Builder","true","","{structureName:""SurvivalBuildFarmAnimalBarn""}"
"Ancient Warfare Structures","ancientwarfarestructure:structure_builder_ticked",787,"true",4869,0,"Survival Structure Builder","true","","{structureName:""SurvivalBuildFarmHouse""}"
"Ancient Warfare Structures","ancientwarfarestructure:structure_builder_ticked",787,"true",4869,0,"Survival Structure Builder","true","","{structureName:""SurvivalBuildFarmSimpleWatchtower""}"
"Ancient Warfare Structures","ancientwarfarestructure:structure_builder_ticked",787,"true",4869,0,"Survival Structure Builder","true","","{structureName:""SurvivalBuildFarmStables""}"
"Ancient Warfare Structures","ancientwarfarestructure:structure_builder_ticked",787,"true",4869,0,"Survival Structure Builder","true","","{structureName:""SurvivalBuildFarmWaterWheelMill""}"
"Ancient Warfare Structures","ancientwarfarestructure:structure_builder_ticked",787,"true",4869,0,"Survival Structure Builder","true","","{structureName:""SurvivalBuildFieldMixedMedium""}"
"Ancient Warfare Structures","ancientwarfarestructure:structure_builder_ticked",787,"true",4869,0,"Survival Structure Builder","true","","{structureName:""SurvivalBuildFieldMixedSmall""}"
"Ancient Warfare Structures","ancientwarfarestructure:structure_builder_ticked",787,"true",4869,0,"Survival Structure Builder","true","","{structureName:""SurvivalBuildFieldSugarCane""}"
"Ancient Warfare Structures","ancientwarfarestructure:structure_builder_ticked",787,"true",4869,0,"Survival Structure Builder","true","","{structureName:""SurvivalBuildGrainStore""}"
"Ancient Warfare Structures","ancientwarfarestructure:structure_builder_ticked",787,"true",4869,0,"Survival Structure Builder","true","","{structureName:""SurvivalBuildHouseMedium1""}"
"Ancient Warfare Structures","ancientwarfarestructure:structure_builder_ticked",787,"true",4869,0,"Survival Structure Builder","true","","{structureName:""SurvivalBuildHouseMedium2""}"
"Ancient Warfare Structures","ancientwarfarestructure:structure_builder_ticked",787,"true",4869,0,"Survival Structure Builder","true","","{structureName:""SurvivalBuildHouseSmall1""}"
"Ancient Warfare Structures","ancientwarfarestructure:structure_builder_ticked",787,"true",4869,0,"Survival Structure Builder","true","","{structureName:""SurvivalBuildHouseSmall2""}"
"Ancient Warfare Structures","ancientwarfarestructure:structure_builder_ticked",787,"true",4869,0,"Survival Structure Builder","true","","{structureName:""SurvivalBuildLargeTownHall""}"
"Ancient Warfare Structures","ancientwarfarestructure:structure_builder_ticked",787,"true",4869,0,"Survival Structure Builder","true","","{structureName:""SurvivalBuildManorCastle""}"
"Ancient Warfare Structures","ancientwarfarestructure:structure_builder_ticked",787,"true",4869,0,"Survival Structure Builder","true","","{structureName:""SurvivalBuildManufactory1""}"
"Ancient Warfare Structures","ancientwarfarestructure:structure_builder_ticked",787,"true",4869,0,"Survival Structure Builder","true","","{structureName:""SurvivalBuildManufactory2""}"
"Ancient Warfare Structures","ancientwarfarestructure:structure_builder_ticked",787,"true",4869,0,"Survival Structure Builder","true","","{structureName:""SurvivalBuildManufactory3""}"
"Ancient Warfare Structures","ancientwarfarestructure:structure_builder_ticked",787,"true",4869,0,"Survival Structure Builder","true","","{structureName:""SurvivalBuildManufactory4""}"
"Ancient Warfare Structures","ancientwarfarestructure:structure_builder_ticked",787,"true",4869,0,"Survival Structure Builder","true","","{structureName:""SurvivalBuildSpecialCastlePepperfly""}"
"Ancient Warfare Structures","ancientwarfarestructure:structure_builder_ticked",787,"true",4869,0,"Survival Structure Builder","true","","{structureName:""SurvivalBuildStoreBarn""}"
"Ancient Warfare Structures","ancientwarfarestructure:structure_builder_ticked",787,"true",4869,0,"Survival Structure Builder","true","","{structureName:""SurvivalBuildTavern""}"
"Ancient Warfare Structures","ancientwarfarestructure:structure_builder_ticked",787,"true",4869,0,"Survival Structure Builder","true","","{structureName:""SurvivalBuildTownCakeShop""}"
"Ancient Warfare Structures","ancientwarfarestructure:structure_builder_ticked",787,"true",4869,0,"Survival Structure Builder","true","","{structureName:""SurvivalBuildTownCourtsAndPrison""}"
"Ancient Warfare Structures","ancientwarfarestructure:structure_builder_ticked",787,"true",4869,0,"Survival Structure Builder","true","","{structureName:""SurvivalBuildTownInn""}"
"Ancient Warfare Structures","ancientwarfarestructure:structure_builder_ticked",787,"true",4869,0,"Survival Structure Builder","true","","{structureName:""SurvivalBuildTownLampMaker""}"
"Ancient Warfare Structures","ancientwarfarestructure:structure_builder_ticked",787,"true",4869,0,"Survival Structure Builder","true","","{structureName:""SurvivalBuildTownLibrary""}"
"Ancient Warfare Structures","ancientwarfarestructure:structure_builder_ticked",787,"true",4869,0,"Survival Structure Builder","true","","{structureName:""SurvivalBuildTownManufactory""}"
"Ancient Warfare Structures","ancientwarfarestructure:structure_builder_ticked",787,"true",4869,0,"Survival Structure Builder","true","","{structureName:""SurvivalBuildTownMetalWorker""}"
"Ancient Warfare Structures","ancientwarfarestructure:structure_builder_ticked",787,"true",4869,0,"Survival Structure Builder","true","","{structureName:""SurvivalBuildTownPottery""}"
"Ancient Warfare Structures","ancientwarfarestructure:structure_builder_ticked",787,"true",4869,0,"Survival Structure Builder","true","","{structureName:""SurvivalBuildTownSawmill""}"
"Ancient Warfare Structures","ancientwarfarestructure:structure_builder_ticked",787,"true",4869,0,"Survival Structure Builder","true","","{structureName:""SurvivalBuildTownWell""}"
"Ancient Warfare Structures","ancientwarfarestructure:structure_builder_ticked",787,"true",4869,0,"Survival Structure Builder","true","","{structureName:""SurvivalBuildWalledTownSmall""}"
"Ancient Warfare Structures","ancientwarfarestructure:structure_builder_ticked",787,"true",4869,0,"Survival Structure Builder","true","","{structureName:""SurvivalBuildWatchTowerLarge""}"
"Ancient Warfare Structures","ancientwarfarestructure:structure_builder_ticked",787,"true",4869,0,"Survival Structure Builder","true","","{structureName:""SurvivalBuildWatchtowerSmall""}"
"Ancient Warfare Structures","ancientwarfarestructure:structure_builder_ticked",787,"true",4869,0,"Survival Structure Builder","true","","{structureName:""SurvivalBuildWaterMillManufactory""}"
"Ancient Warfare Structures","ancientwarfarestructure:structure_builder_ticked",787,"true",4869,0,"Survival Structure Builder","true","","{structureName:""SurvivalBuildWell""}"
"Ancient Warfare Structures","ancientwarfarestructure:structure_builder_ticked",787,"true",4869,0,"Survival Structure Builder","true","","{structureName:""SurvivalBuildWindmill""}"
"Ancient Warfare Structures","ancientwarfarestructure:structure_scanner_block",789,"false",4871,0,"Structure Scanner","true","",""
"Ancient Warfare Structures","ancientwarfarestructure:table",814,"true",4896,0,"Acacia Table","true","","{variant:""acacia""}"
"Ancient Warfare Structures","ancientwarfarestructure:table",814,"true",4896,0,"Birch Table","true","","{variant:""birch""}"
"Ancient Warfare Structures","ancientwarfarestructure:table",814,"true",4896,0,"Dark Oak Wood Table","true","","{variant:""dark_oak""}"
"Ancient Warfare Structures","ancientwarfarestructure:table",814,"true",4896,0,"Jungle Table","true","","{variant:""jungle""}"
"Ancient Warfare Structures","ancientwarfarestructure:table",814,"true",4896,0,"Oak Table","true","","{variant:""oak""}"
"Ancient Warfare Structures","ancientwarfarestructure:table",814,"true",4896,0,"Spruce Table","true","","{variant:""spruce""}"
"Ancient Warfare Structures","ancientwarfarestructure:totem_part",791,"true",4874,0,"Elephant Statue Body","true","","{variant:11b}"
"Ancient Warfare Structures","ancientwarfarestructure:totem_part",791,"true",4874,0,"Irminsul Base","true","","{variant:5b}"
"Ancient Warfare Structures","ancientwarfarestructure:totem_part",791,"true",4874,0,"Irminsul Middle","true","","{variant:6b}"
"Ancient Warfare Structures","ancientwarfarestructure:totem_part",791,"true",4874,0,"Irminsul Side","true","","{variant:8b}"
"Ancient Warfare Structures","ancientwarfarestructure:totem_part",791,"true",4874,0,"Irminsul Top","true","","{variant:7b}"
"Ancient Warfare Structures","ancientwarfarestructure:totem_part",791,"true",4874,0,"Totem Alternate Middle","true","","{variant:2b}"
"Ancient Warfare Structures","ancientwarfarestructure:totem_part",791,"true",4874,0,"Totem Base","true","","{variant:0b}"
"Ancient Warfare Structures","ancientwarfarestructure:totem_part",791,"true",4874,0,"Totem Middle","true","","{variant:1b}"
"Ancient Warfare Structures","ancientwarfarestructure:totem_part",791,"true",4874,0,"Totem Top","true","","{variant:3b}"
"Ancient Warfare Structures","ancientwarfarestructure:totem_part",791,"true",4874,0,"Totem Wings","true","","{variant:4b}"
"Ancient Warfare Structures","ancientwarfarestructure:totem_part",791,"true",4874,0,"Xoltec Idol Body Left","true","","{variant:12b}"
"Ancient Warfare Structures","ancientwarfarestructure:tribal_chair",825,"false",4907,0,"Tribal Chair","true","",""
"Ancient Warfare Structures","ancientwarfarestructure:tribal_stool",816,"false",4898,0,"Tribal Stool","true","",""
"Ancient Warfare Structures","ancientwarfarestructure:urn",813,"false",4895,0,"Urn","true","",""
"Ancient Warfare Structures","ancientwarfarestructure:wooden_coffin",810,"true",4892,0,"Acacia Coffin","true","","{variant:""acacia""}"
"Ancient Warfare Structures","ancientwarfarestructure:wooden_coffin",810,"true",4892,0,"Birch Coffin","true","","{variant:""birch""}"
"Ancient Warfare Structures","ancientwarfarestructure:wooden_coffin",810,"true",4892,0,"Dark Oak Coffin","true","","{variant:""dark_oak""}"
"Ancient Warfare Structures","ancientwarfarestructure:wooden_coffin",810,"true",4892,0,"Jungle Coffin","true","","{variant:""jungle""}"
"Ancient Warfare Structures","ancientwarfarestructure:wooden_coffin",810,"true",4892,0,"Oak Coffin","true","","{variant:""oak""}"
"Ancient Warfare Structures","ancientwarfarestructure:wooden_coffin",810,"true",4892,0,"Spruce Coffin","true","","{variant:""spruce""}"
"Ancient Warfare Structures","ancientwarfarestructure:wooden_post",819,"false",4901,0,"Wooden Post","true","",""
"Ancient Warfare Structures","ancientwarfarestructure:wooden_throne",817,"false",4899,0,"Wooden Throne","true","",""
"AncientSpellcraft","ancientspellcraft:arcane_anvil",4463,"false",11939,0,"Arcane Anvil","true","",""
"AncientSpellcraft","ancientspellcraft:arcane_flame",4478,"false",,,"tile.ancientspellcraft:arcane_flame.name","true","",""
"AncientSpellcraft","ancientspellcraft:arcane_wall",4474,"false",,,"tile.ancientspellcraft:arcane_wall.name","true","",""
"AncientSpellcraft","ancientspellcraft:artefact_pensive",4409,"false",12133,0,"Pensive","true","",""
"AncientSpellcraft","ancientspellcraft:astral_diamond_ore",4440,"false",11930,0,"Astral Diamond Ore","true","",""
"AncientSpellcraft","ancientspellcraft:candlelight",4419,"false",,,"tile.ancientspellcraft:candlelight.name","true","",""
"AncientSpellcraft","ancientspellcraft:concealed_block",4473,"false",,,"tile.ancientspellcraft:concealed_block.name","true","",""
"AncientSpellcraft","ancientspellcraft:conjured_dirt",4469,"false",,,"tile.ancientspellcraft:conjured_dirt.name","true","",""
"AncientSpellcraft","ancientspellcraft:conjured_magma",4468,"false",,,"tile.ancientspellcraft:conjured_magma.name","true","",""
"AncientSpellcraft","ancientspellcraft:conjured_snow",4470,"false",,,"tile.ancientspellcraft:conjured_snow.name","true","",""
"AncientSpellcraft","ancientspellcraft:crystal_mine",4446,"false",,,"tile.ancientspellcraft:crystal_mine.name","true","",""
"AncientSpellcraft","ancientspellcraft:crystal_ore_earth",4433,"false",11923,0,"Verdant Crystal Ore","true","",""
"AncientSpellcraft","ancientspellcraft:crystal_ore_fire",4432,"false",11922,0,"Fiery Crystal Ore","true","",""
"AncientSpellcraft","ancientspellcraft:crystal_ore_healing",4434,"false",11924,0,"Radiant Crystal Ore","true","",""
"AncientSpellcraft","ancientspellcraft:crystal_ore_ice",4435,"false",11925,0,"Icy Crystal Ore","true","",""
"AncientSpellcraft","ancientspellcraft:crystal_ore_lightning",4436,"false",11926,0,"Stormy Crystal Ore","true","",""
"AncientSpellcraft","ancientspellcraft:crystal_ore_necromancy",4437,"false",11927,0,"Dark Crystal Ore","true","",""
"AncientSpellcraft","ancientspellcraft:crystal_ore_sorcery",4438,"false",11928,0,"Mystical Crystal Ore","true","",""
"AncientSpellcraft","ancientspellcraft:crystal_silver_ore",4439,"false",11929,0,"Crystal Silver Ore","true","",""
"AncientSpellcraft","ancientspellcraft:devoritium_bars",4445,"false",11934,0,"Devoritium Bars","true","",""
"AncientSpellcraft","ancientspellcraft:devoritium_block",4441,"false",11932,0,"Devoritium Block","true","",""
"AncientSpellcraft","ancientspellcraft:devoritium_door",4443,"false",,,"Devoritium Door","true","",""
"AncientSpellcraft","ancientspellcraft:devoritium_gilded_stone",4442,"false",11933,0,"Devoritium Gilded Stone","true","",""
"AncientSpellcraft","ancientspellcraft:devoritium_ore",4444,"false",11931,0,"Devoritium Ore","true","",""
"AncientSpellcraft","ancientspellcraft:dimension_boundary",4420,"false",11937,0,"Pocket Dimension Boundary","true","",""
"AncientSpellcraft","ancientspellcraft:dimension_boundary_earth",4426,"false",,,"tile.ancientspellcraft:dimension_boundary_earth.name","true","",""
"AncientSpellcraft","ancientspellcraft:dimension_boundary_fire",4422,"false",,,"tile.ancientspellcraft:dimension_boundary_fire.name","true","",""
"AncientSpellcraft","ancientspellcraft:dimension_boundary_healing",4428,"false",,,"tile.ancientspellcraft:dimension_boundary_healing.name","true","",""
"AncientSpellcraft","ancientspellcraft:dimension_boundary_ice",4423,"false",,,"tile.ancientspellcraft:dimension_boundary_ice.name","true","",""
"AncientSpellcraft","ancientspellcraft:dimension_boundary_lightning",4424,"false",,,"tile.ancientspellcraft:dimension_boundary_lightning.name","true","",""
"AncientSpellcraft","ancientspellcraft:dimension_boundary_magic",4421,"false",,,"tile.ancientspellcraft:dimension_boundary_magic.name","true","",""
"AncientSpellcraft","ancientspellcraft:dimension_boundary_necromancy",4425,"false",,,"tile.ancientspellcraft:dimension_boundary_necromancy.name","true","",""
"AncientSpellcraft","ancientspellcraft:dimension_boundary_sorcery",4427,"false",,,"tile.ancientspellcraft:dimension_boundary_sorcery.name","true","",""
"AncientSpellcraft","ancientspellcraft:dimension_focus",4429,"false",11938,0,"Pocket Dimension Focus","true","",""
"AncientSpellcraft","ancientspellcraft:dimension_focus_gold",4430,"false",,,"tile.ancientspellcraft:dimension_focus_gold.name","true","",""
"AncientSpellcraft","ancientspellcraft:hard_frosted_ice",4408,"false",,,"tile.ancientspellcraft:hard_frosted_ice.name","true","",""
"AncientSpellcraft","ancientspellcraft:ice_crafting_table",4407,"false",,,"tile.ancientspellcraft:ice_crafting_table.name","true","",""
"AncientSpellcraft","ancientspellcraft:ice_door",4406,"false",,,"item.ancientspellcraft:ice_door.name","true","",""
"AncientSpellcraft","ancientspellcraft:imbuement_altar_ruined",4449,"false",11914,0,"Ruined Imbuement Altar","true","",""
"AncientSpellcraft","ancientspellcraft:leaves_crystal_tree",4448,"false",11936,0,"Crystal Tree Leaves","true","",""
"AncientSpellcraft","ancientspellcraft:lightning_block",4472,"false",,,"tile.ancientspellcraft:lightning_block.name","true","",""
"AncientSpellcraft","ancientspellcraft:log_crystal_tree",4447,"false",11935,0,"Crystal Tree","true","",""
"AncientSpellcraft","ancientspellcraft:magelight",4418,"false",,,"tile.ancientspellcraft:magelight.name","true","",""
"AncientSpellcraft","ancientspellcraft:master_bolt",4471,"false",11941,0,"Master Bolt","true","",""
"AncientSpellcraft","ancientspellcraft:mushroom_cleansing",4460,"false",,,"tile.ancientspellcraft:mushroom_cleansing.name","true","",""
"AncientSpellcraft","ancientspellcraft:mushroom_empowering",4462,"false",,,"tile.ancientspellcraft:mushroom_empowering.name","true","",""
"AncientSpellcraft","ancientspellcraft:mushroom_explosive",4461,"false",,,"tile.ancientspellcraft:mushroom_explosive.name","true","",""
"AncientSpellcraft","ancientspellcraft:mushroom_fire",4452,"false",,,"tile.ancientspellcraft:mushroom_fire.name","true","",""
"AncientSpellcraft","ancientspellcraft:mushroom_force",4456,"false",,,"tile.ancientspellcraft:mushroom_force.name","true","",""
"AncientSpellcraft","ancientspellcraft:mushroom_healing",4457,"false",,,"tile.ancientspellcraft:mushroom_healing.name","true","",""
"AncientSpellcraft","ancientspellcraft:mushroom_ice",4454,"false",,,"tile.ancientspellcraft:mushroom_ice.name","true","",""
"AncientSpellcraft","ancientspellcraft:mushroom_mind",4459,"false",,,"tile.ancientspellcraft:mushroom_mind.name","true","",""
"AncientSpellcraft","ancientspellcraft:mushroom_poison",4453,"false",,,"tile.ancientspellcraft:mushroom_poison.name","true","",""
"AncientSpellcraft","ancientspellcraft:mushroom_shocking",4458,"false",,,"tile.ancientspellcraft:mushroom_shocking.name","true","",""
"AncientSpellcraft","ancientspellcraft:mushroom_wither",4455,"false",,,"tile.ancientspellcraft:mushroom_wither.name","true","",""
"AncientSpellcraft","ancientspellcraft:nether_fire",4403,"false",,,"tile.ancientspellcraft:nether_fire.name","true","",""
"AncientSpellcraft","ancientspellcraft:placed_rune",4450,"false",,,"tile.ancientspellcraft:placed_rune.name","true","",""
"AncientSpellcraft","ancientspellcraft:quicksand",4467,"false",,,"Quicksand","true","",""
"AncientSpellcraft","ancientspellcraft:rune_used",4451,"false",,,"tile.ancientspellcraft:rune_used.name","true","",""
"AncientSpellcraft","ancientspellcraft:sage_flax",4466,"false",11945,0,"Lunar Flax","true","",""
"AncientSpellcraft","ancientspellcraft:sage_flax_day",4465,"false",,,"tile.ancientspellcraft:sage_flax_day.name","true","",""
"AncientSpellcraft","ancientspellcraft:sage_lectern",4464,"false",11940,0,"Mystic Lectern","true","",""
"AncientSpellcraft","ancientspellcraft:scribing_desk",4431,"false",11913,0,"Scribing Desk","true","",""
"AncientSpellcraft","ancientspellcraft:sealed_stone",4475,"false",11942,0,"Magically Sealed Stone","true","",""
"AncientSpellcraft","ancientspellcraft:sentinel_block_diamond",4413,"false",11918,0,"Diamond Sentinel","true","",""
"AncientSpellcraft","ancientspellcraft:sentinel_block_gold",4412,"false",11917,0,"Gold Sentinel","true","",""
"AncientSpellcraft","ancientspellcraft:sentinel_block_iron",4411,"false",11916,0,"Iron Sentinel","true","",""
"AncientSpellcraft","ancientspellcraft:sentinel_block_large_diamond",4416,"false",11921,0,"Greater Diamond Sentinel","true","",""
"AncientSpellcraft","ancientspellcraft:sentinel_block_large_gold",4415,"false",11920,0,"Greater Gold Sentinel","true","",""
"AncientSpellcraft","ancientspellcraft:sentinel_block_large_iron",4414,"false",11919,0,"Greater Iron Sentinel","true","",""
"AncientSpellcraft","ancientspellcraft:skull_watch",4417,"false",11912,0,"Skull Watch","true","",""
"AncientSpellcraft","ancientspellcraft:snow_double_slab",4404,"false",,,"tile.ancientspellcraft:snow_double_slab.name","true","",""
"AncientSpellcraft","ancientspellcraft:snow_slab",4405,"false",,,"tile.ancientspellcraft:snow_slab.name","true","",""
"AncientSpellcraft","ancientspellcraft:sphere_cognizance",4410,"false",11915,0,"Sphere of Cognizance","true","",""
"AncientSpellcraft","ancientspellcraft:teleportation_flame",4479,"false",,,"tile.ancientspellcraft:teleportation_flame.name","true","",""
"AncientSpellcraft","ancientspellcraft:unseal_button",4477,"false",11944,0,"Unseal Glyph","true","",""
"AncientSpellcraft","ancientspellcraft:unsealed_stone",4476,"false",11943,0,"Unsealed Stone","true","",""
"AncientSpellcraft","ancientspellcraft:wildfire_flame",4480,"false",,,"tile.ancientspellcraft:wildfire_flame.name","true","",""
"Beast Slayer","ancientbeasts:cursed_door",1324,"false",5712,0,"Weeping Door","true","doorWood",""
"Beast Slayer","ancientbeasts:cursed_fence",1322,"false",5710,0,"Weeping Fence","true","fenceWood",""
"Beast Slayer","ancientbeasts:cursed_gate",1323,"false",5711,0,"Weeping Fence Gate","true","fenceGateWood",""
"Beast Slayer","ancientbeasts:cursed_leaves",1325,"false",5713,0,"Weeping Leaves","true","treeLeaves",""
"Beast Slayer","ancientbeasts:cursed_log",1317,"false",5706,0,"Weeping Log","true","logWood",""
"Beast Slayer","ancientbeasts:cursed_plank",1318,"false",5707,0,"Weeping Planks","true","plankWood",""
"Beast Slayer","ancientbeasts:cursed_sapling",1327,"false",5715,0,"Weeping Sapling","true","treeSapling",""
"Beast Slayer","ancientbeasts:cursed_slab_double",1320,"false",,,"tile.cursed_slab_double.name","true","",""
"Beast Slayer","ancientbeasts:cursed_slab_half",1321,"false",5709,0,"Weeping Slab","true","slabWood",""
"Beast Slayer","ancientbeasts:cursed_stairs",1319,"false",5708,0,"Weeping Stairs","true","stairWood",""
"Beast Slayer","ancientbeasts:green_torch",1328,"false",5716,0,"Weeping Torch","true","",""
"Beast Slayer","ancientbeasts:hanging_leaves",1326,"false",5714,0,"Strange Fruit","true","",""
"Beast Slayer","ancientbeasts:moving_light_source",1314,"false",5703,0,"tile.moving_light_source.name","true","",""
"Beast Slayer","ancientbeasts:pokey",1311,"false",5700,0,"Pokey","true","",""
"Beast Slayer","ancientbeasts:skewer",1312,"false",5701,0,"Skewer","true","",""
"Beast Slayer","ancientbeasts:spiky",1313,"false",5702,0,"Spike","true","",""
"Beast Slayer","ancientbeasts:stick_wall",1315,"false",5704,0,"Block of Sticks","true","",""
"Beast Slayer","ancientbeasts:thatch",1316,"false",5705,0,"Thatch","true","",""
"Better Animals Plus","betteranimalsplus:bearhead",1354,"false",,,"tile.null.name","true","",""
"Better Animals Plus","betteranimalsplus:bearhead_1",1355,"false",5810,0,"Bear Head","true","",""
"Better Animals Plus","betteranimalsplus:bearhead_2",1356,"false",5811,0,"Bear Head","true","",""
"Better Animals Plus","betteranimalsplus:bearhead_3",1357,"false",5812,0,"Bear Head","true","",""
"Better Animals Plus","betteranimalsplus:boarhead",1349,"false",,,"tile.null.name","true","",""
"Better Animals Plus","betteranimalsplus:boarhead_1",1350,"false",5805,0,"Boar Head","true","",""
"Better Animals Plus","betteranimalsplus:boarhead_2",1351,"false",5806,0,"Boar Head","true","",""
"Better Animals Plus","betteranimalsplus:boarhead_3",1352,"false",5807,0,"Boar Head","true","",""
"Better Animals Plus","betteranimalsplus:boarhead_4",1353,"false",5808,0,"Boar Head","true","",""
"Better Animals Plus","betteranimalsplus:coyotehead",1342,"false",,,"tile.null.name","true","",""
"Better Animals Plus","betteranimalsplus:coyotehead_1",1343,"false",5798,0,"Coyote Head","true","",""
"Better Animals Plus","betteranimalsplus:deerhead",1358,"false",,,"tile.null.name","true","",""
"Better Animals Plus","betteranimalsplus:deerhead_1",1359,"false",5814,0,"Deer Head","true","",""
"Better Animals Plus","betteranimalsplus:deerhead_2",1360,"false",5815,0,"Deer Head","true","",""
"Better Animals Plus","betteranimalsplus:deerhead_3",1361,"false",5816,0,"Deer Head","true","",""
"Better Animals Plus","betteranimalsplus:deerhead_4",1362,"false",5817,0,"Deer Head","true","",""
"Better Animals Plus","betteranimalsplus:foxhead",1344,"false",,,"tile.null.name","true","",""
"Better Animals Plus","betteranimalsplus:foxhead_1",1345,"false",5800,0,"Fox Head","true","",""
"Better Animals Plus","betteranimalsplus:foxhead_2",1346,"false",5801,0,"Fox Head","true","",""
"Better Animals Plus","betteranimalsplus:foxhead_3",1347,"false",5802,0,"Fox Head","true","",""
"Better Animals Plus","betteranimalsplus:foxhead_4",1348,"false",5803,0,"Fox Head","true","",""
"Better Animals Plus","betteranimalsplus:handoffate",1330,"false",5880,0,"Hand Of Fate","true","",""
"Better Animals Plus","betteranimalsplus:hirschgeistskull",1373,"false",,,"tile.null.name","true","",""
"Better Animals Plus","betteranimalsplus:hirschgeistskull_1",1374,"false",5829,0,"Hirschgeist Skull","true","",""
"Better Animals Plus","betteranimalsplus:moosehead",1368,"false",,,"tile.null.name","true","",""
"Better Animals Plus","betteranimalsplus:moosehead_1",1369,"false",5824,0,"Moose Head","true","",""
"Better Animals Plus","betteranimalsplus:moosehead_2",1370,"false",5825,0,"Moose Head","true","",""
"Better Animals Plus","betteranimalsplus:moosehead_3",1371,"false",5826,0,"Moose Head","true","",""
"Better Animals Plus","betteranimalsplus:moosehead_4",1372,"false",5827,0,"Moose Head","true","",""
"Better Animals Plus","betteranimalsplus:reindeerhead",1363,"false",,,"tile.null.name","true","",""
"Better Animals Plus","betteranimalsplus:reindeerhead_1",1364,"false",5819,0,"Reindeer Head","true","",""
"Better Animals Plus","betteranimalsplus:reindeerhead_2",1365,"false",5820,0,"Reindeer Head","true","",""
"Better Animals Plus","betteranimalsplus:reindeerhead_3",1366,"false",5821,0,"Reindeer Head","true","",""
"Better Animals Plus","betteranimalsplus:reindeerhead_4",1367,"false",5822,0,"Reindeer Head","true","",""
"Better Animals Plus","betteranimalsplus:trillium",1329,"false",5879,0,"Trillium","true","",""
"Better Animals Plus","betteranimalsplus:turkey_cooked",1332,"false",5882,0,"Cooked Turkey","true","listAllmeatcooked",""
"Better Animals Plus","betteranimalsplus:turkey_eaten_cooked",1334,"false",,,"Cooked Half Eaten Turkey","true","",""
"Better Animals Plus","betteranimalsplus:turkey_eaten_raw",1333,"false",,,"Raw Half Eaten Turkey","true","",""
"Better Animals Plus","betteranimalsplus:turkey_raw",1331,"false",5881,0,"Raw Turkey","true","listAllmeatraw",""
"Better Animals Plus","betteranimalsplus:wolfhead",1335,"false",,,"tile.null.name","true","",""
"Better Animals Plus","betteranimalsplus:wolfhead_1",1336,"false",5791,0,"Wolf Head","true","",""
"Better Animals Plus","betteranimalsplus:wolfhead_2",1337,"false",5792,0,"Wolf Head","true","",""
"Better Animals Plus","betteranimalsplus:wolfhead_3",1338,"false",5793,0,"Wolf Head","true","",""
"Better Animals Plus","betteranimalsplus:wolfhead_4",1339,"false",5794,0,"Wolf Head","true","",""
"Better Animals Plus","betteranimalsplus:wolfhead_5",1340,"false",5795,0,"Wolf Head","true","",""
"Better Animals Plus","betteranimalsplus:wolfhead_6",1341,"false",5796,0,"Wolf Head","true","",""
"Better End","betterendforge:aeridium",1689,"false",6303,0,"Aeridium","true","",""
"Better End","betterendforge:aeternium_block",1641,"false",6256,0,"Aeternium Block","true","blockAeternium",""
"Better End","betterendforge:amaranita_cap",1782,"false",6386,0,"Amaranita Cap","true","",""
"Better End","betterendforge:amaranita_fur",1781,"false",6385,0,"Amaranita Fur","true","",""
"Better End","betterendforge:amaranita_hymenophore",1779,"false",6383,0,"Amaranita Hymenophore","true","",""
"Better End","betterendforge:amaranita_hyphae",1778,"false",6382,0,"Amaranita Hyphae","true","",""
"Better End","betterendforge:amaranita_lantern",1780,"false",6384,0,"Amaranita Lantern","true","",""
"Better End","betterendforge:amaranita_stem",1777,"false",6381,0,"Amaranita Stem","true","",""
"Better End","betterendforge:amber_block",1644,"false",6259,0,"Amber Block","true","",""
"Better End","betterendforge:amber_grass",1678,"false",6292,0,"Amber Grass","true","",""
"Better End","betterendforge:amber_moss",1614,"false",6229,0,"Amber Moss","true","",""
"Better End","betterendforge:amber_moss_path",1632,"false",6247,0,"Amber Moss Path","true","",""
"Better End","betterendforge:amber_ore",1658,"false",6273,0,"Amber Ore","true","",""
"Better End","betterendforge:amber_root_seed",1737,"false",6342,0,"Amber Root Seed","true","",""
"Better End","betterendforge:ancient_emerald_ice",1792,"false",6395,0,"Ancient Emerald Ice","true","",""
"Better End","betterendforge:andesite_lantern",1647,"false",6262,0,"Andesite Lantern","true","",""
"Better End","betterendforge:andesite_pedestal",1666,"false",6281,0,"Andesite Pedestal","true","",""
"Better End","betterendforge:aurant_polypore",1740,"false",6345,0,"Aurant Polypore","true","",""
"Better End","betterendforge:aurora_crystal",1643,"false",6258,0,"Aurora Crystal","true","",""
"Better End","betterendforge:azure_jadestone",2033,"false",6624,0,"Azure Jadestone","true","",""
"Better End","betterendforge:azure_jadestone_bricks",2043,"false",6634,0,"Azure Jadestone Bricks","true","",""
"Better End","betterendforge:azure_jadestone_bricks_slab",2045,"false",6636,0,"Azure Jadestone Brick Slab","true","",""
"Better End","betterendforge:azure_jadestone_bricks_stairs",2044,"false",6635,0,"Azure Jadestone Brick Stairs","true","",""
"Better End","betterendforge:azure_jadestone_bricks_wall",2046,"false",6637,0,"Azure Jadestone Brick Wall","true","",""
"Better End","betterendforge:azure_jadestone_furnace",2047,"false",6638,0,"Azure Jadestone Furnace","true","",""
"Better End","betterendforge:azure_jadestone_lantern",2042,"false",6633,0,"Azure Jadestone Lantern","true","",""
"Better End","betterendforge:azure_jadestone_pedestal",2041,"false",6632,0,"Azure Jadestone Pedestal","true","",""
"Better End","betterendforge:azure_jadestone_pillar",2036,"false",6627,0,"Azure Jadestone Pillar","true","",""
"Better End","betterendforge:azure_jadestone_polished",2034,"false",6625,0,"Azure Jadestone Polished","true","",""
"Better End","betterendforge:azure_jadestone_pressure_plate",2040,"false",6631,0,"Azure Jadestone Pressure Plate","true","",""
"Better End","betterendforge:azure_jadestone_slab",2038,"false",6629,0,"Azure Jadestone Slab","true","",""
"Better End","betterendforge:azure_jadestone_stairs",2037,"false",6628,0,"Azure Jadestone Stairs","true","",""
"Better End","betterendforge:azure_jadestone_tiles",2035,"false",6626,0,"Azure Jadestone Tiles","true","",""
"Better End","betterendforge:azure_jadestone_wall",2039,"false",6630,0,"Azure Jadestone Wall","true","",""
"Better End","betterendforge:blackstone_lantern",1653,"false",6268,0,"Blackstone Lantern","true","",""
"Better End","betterendforge:blooming_cooksonia",1682,"false",6296,0,"Blooming Cooksonia","true","",""
"Better End","betterendforge:blossom_berry_seed",1736,"false",6341,0,"Blossom Berry Seed","true","",""
"Better End","betterendforge:blue_vine",1695,"false",,,"Blue Vine","true","",""
"Better End","betterendforge:blue_vine_fur",1697,"false",6310,0,"Blue Vine Fur","true","",""
"Better End","betterendforge:blue_vine_lantern",1696,"false",6309,0,"Blue Vine Lantern","true","",""
"Better End","betterendforge:blue_vine_seed",1694,"false",6308,0,"Blue Vine Seed","true","",""
"Better End","betterendforge:bolux_mushroom",1693,"false",6307,0,"Bolux Mushroom","true","",""
"Better End","betterendforge:brimstone",1659,"false",6274,0,"Brimstone","true","",""
"Better End","betterendforge:bubble_coral",1705,"false",6315,0,"Bubble Coral","true","",""
"Better End","betterendforge:bulb_moss",1744,"false",6349,0,"Bulb Moss","true","",""
"Better End","betterendforge:bulb_vine",1751,"false",6356,0,"Bulb Vine","true","",""
"Better End","betterendforge:bulb_vine_seed",1752,"false",6357,0,"Bulb Vine Seed","true","",""
"Better End","betterendforge:bushy_grass",1680,"false",6294,0,"Bushy Grass","true","",""
"Better End","betterendforge:cave_bush",1698,"false",6311,0,"Cave Bush","true","",""
"Better End","betterendforge:cave_grass",1676,"false",6290,0,"Cave Grass","true","",""
"Better End","betterendforge:cave_moss",1611,"false",6226,0,"Cave Moss","true","",""
"Better End","betterendforge:cave_moss_path",1629,"false",6244,0,"Cave Moss Path","true","",""
"Better End","betterendforge:charcoal_block",1675,"false",6789,0,"Charcoal Block","true","",""
"Better End","betterendforge:charnia_cyan",1714,"false",6324,0,"Cyan Charnia","true","",""
"Better End","betterendforge:charnia_green",1715,"false",6325,0,"Green Charnia","true","",""
"Better End","betterendforge:charnia_light_blue",1713,"false",6323,0,"Light Blue Charnia","true","",""
"Better End","betterendforge:charnia_orange",1712,"false",6322,0,"Orange Charnia","true","",""
"Better End","betterendforge:charnia_purple",1711,"false",6321,0,"Purple Charnia","true","",""
"Better End","betterendforge:charnia_red",1710,"false",6320,0,"Red Charnia","true","",""
"Better End","betterendforge:chorus_grass",1674,"false",6289,0,"Chorus Grass","true","",""
"Better End","betterendforge:chorus_mushroom_seed",1738,"false",6343,0,"Chorus Mushroom Seed","true","",""
"Better End","betterendforge:chorus_nylium",1610,"false",6225,0,"Chorus Nylium","true","",""
"Better End","betterendforge:chorus_nylium_path",1628,"false",6243,0,"Chorus Nylium Path","true","",""
"Better End","betterendforge:clawfern",1688,"false",6302,0,"Clawfern","true","",""
"Better End","betterendforge:creeping_moss",1673,"false",6288,0,"Creeping Moss","true","",""
"Better End","betterendforge:crystal_grass",1677,"false",6291,0,"Crystal Grass","true","",""
"Better End","betterendforge:crystal_moss",1607,"false",6222,0,"Crystal Moss","true","",""
"Better End","betterendforge:crystal_moss_path",1625,"false",6240,0,"Crystal Moss Path","true","",""
"Better End","betterendforge:cyan_moss",1742,"false",6347,0,"Cyan Moss","true","",""
"Better End","betterendforge:dense_emerald_ice",1791,"false",6394,0,"Dense Emerald Ice","true","",""
"Better End","betterendforge:dense_snow",1789,"false",6392,0,"Dense Snow","true","",""
"Better End","betterendforge:dense_vine",1749,"false",6354,0,"Dense Vine","true","",""
"Better End","betterendforge:diorite_lantern",1648,"false",6263,0,"Diorite Lantern","true","",""
"Better End","betterendforge:diorite_pedestal",1667,"false",6282,0,"Diorite Pedestal","true","",""
"Better End","betterendforge:dragon_bone_block",1637,"false",6252,0,"Dragon Bone Block","true","",""
"Better End","betterendforge:dragon_bone_slab",1639,"false",6254,0,"Dragon Bone Slab","true","",""
"Better End","betterendforge:dragon_bone_stairs",1638,"false",6253,0,"Dragon Bone Stairs","true","",""
"Better End","betterendforge:dragon_tree_bark",1868,"false",6465,0,"Dragon Tree Bark","true","logWood",""
"Better End","betterendforge:dragon_tree_bookshelf",1881,"false",6477,0,"Dragon Tree Bookshelf","true","bookshelf,bookshelfDragonTree",""
"Better End","betterendforge:dragon_tree_chest",1878,"false",6475,0,"Dragon Tree Chest","true","",""
"Better End","betterendforge:dragon_tree_crafting_table",1876,"false",6473,0,"Dragon Tree Crafting Table","true","",""
"Better End","betterendforge:dragon_tree_door",1875,"false",,,"Dragon Tree Door","true","",""
"Better End","betterendforge:dragon_tree_fence",1872,"false",6469,0,"Dragon Tree Fence","true","",""
"Better End","betterendforge:dragon_tree_ladder",1877,"false",6474,0,"Dragon Tree Ladder","true","",""
"Better End","betterendforge:dragon_tree_leaves",1764,"false",6369,0,"Dragon Tree Leaves","true","",""
"Better End","betterendforge:dragon_tree_log",1867,"false",6464,0,"Dragon Tree Log","true","logWood",""
"Better End","betterendforge:dragon_tree_planks",1869,"false",6466,0,"Dragon Tree Planks","true","",""
"Better End","betterendforge:dragon_tree_pressure_plate",1873,"false",6470,0,"Dragon Tree Pressure Plate","true","",""
"Better End","betterendforge:dragon_tree_sapling",1763,"false",6368,0,"Dragon Tree Sapling","true","",""
"Better End","betterendforge:dragon_tree_sign_standing",1879,"false",,,"tile.betterendforge.dragon_tree_sign_standing.name","true","",""
"Better End","betterendforge:dragon_tree_sign_wall",1880,"false",,,"tile.betterendforge.dragon_tree_sign_wall.name","true","",""
"Better End","betterendforge:dragon_tree_slab",1871,"false",6468,0,"Dragon Tree Slab","true","slabWood",""
"Better End","betterendforge:dragon_tree_stairs",1870,"false",6467,0,"Dragon Tree Stairs","true","stairWood",""
"Better End","betterendforge:dragon_tree_stripped_bark",1866,"false",6463,0,"Dragon Tree Stripped Bark","true","logWood",""
"Better End","betterendforge:dragon_tree_stripped_log",1865,"false",6462,0,"Dragon Tree Stripped Log","true","logWood",""
"Better End","betterendforge:dragon_tree_trapdoor",1874,"false",6471,0,"Dragon Tree Trapdoor","true","",""
"Better End","betterendforge:emerald_ice",1790,"false",6393,0,"Emerald Ice","true","",""
"Better End","betterendforge:end_lily",1700,"false",,,"End Lily","true","",""
"Better End","betterendforge:end_lily_seed",1699,"false",6312,0,"End Lily Seed","true","",""
"Better End","betterendforge:end_lotus_bark",1834,"false",6433,0,"End Lotus Bark","true","logWood",""
"Better End","betterendforge:end_lotus_bookshelf",1847,"false",6445,0,"End Lotus Bookshelf","true","bookshelf,bookshelfEndLotus",""
"Better End","betterendforge:end_lotus_chest",1844,"false",6443,0,"End Lotus Chest","true","",""
"Better End","betterendforge:end_lotus_crafting_table",1842,"false",6441,0,"End Lotus Crafting Table","true","",""
"Better End","betterendforge:end_lotus_door",1841,"false",,,"End Lotus Door","true","",""
"Better End","betterendforge:end_lotus_fence",1838,"false",6437,0,"End Lotus Fence","true","",""
"Better End","betterendforge:end_lotus_flower",1704,"false",,,"End Lotus Flower","true","",""
"Better End","betterendforge:end_lotus_ladder",1843,"false",6442,0,"End Lotus Ladder","true","",""
"Better End","betterendforge:end_lotus_leaf",1703,"false",,,"End Lotus Leaf","true","",""
"Better End","betterendforge:end_lotus_log",1833,"false",6432,0,"End Lotus Log","true","logWood",""
"Better End","betterendforge:end_lotus_planks",1835,"false",6434,0,"End Lotus Planks","true","",""
"Better End","betterendforge:end_lotus_pressure_plate",1839,"false",6438,0,"End Lotus Pressure Plate","true","",""
"Better End","betterendforge:end_lotus_seed",1701,"false",6313,0,"End Lotus Seed","true","",""
"Better End","betterendforge:end_lotus_sign_standing",1845,"false",,,"tile.betterendforge.end_lotus_sign_standing.name","true","",""
"Better End","betterendforge:end_lotus_sign_wall",1846,"false",,,"tile.betterendforge.end_lotus_sign_wall.name","true","",""
"Better End","betterendforge:end_lotus_slab",1837,"false",6436,0,"End Lotus Slab","true","slabWood",""
"Better End","betterendforge:end_lotus_stairs",1836,"false",6435,0,"End Lotus Stairs","true","stairWood",""
"Better End","betterendforge:end_lotus_stem",1702,"false",6314,0,"End Lotus Stem","true","",""
"Better End","betterendforge:end_lotus_stripped_bark",1832,"false",6431,0,"End Lotus Stripped Bark","true","logWood",""
"Better End","betterendforge:end_lotus_stripped_log",1831,"false",6430,0,"End Lotus Stripped Log","true","logWood",""
"Better End","betterendforge:end_lotus_trapdoor",1840,"false",6439,0,"End Lotus Trapdoor","true","",""
"Better End","betterendforge:end_moss",1609,"false",6224,0,"End Moss","true","",""
"Better End","betterendforge:end_moss_path",1627,"false",6242,0,"End Moss Path","true","",""
"Better End","betterendforge:end_mycelium",1608,"false",6223,0,"End Mycelium","true","",""
"Better End","betterendforge:end_mycelium_path",1626,"false",6241,0,"End Mycelium Path","true","",""
"Better End","betterendforge:end_portal_block",1793,"false",,,"tile.betterendforge.end_portal_block.name","true","",""
"Better End","betterendforge:end_stone_furnace",1787,"false",6391,0,"End Stone Furnace","true","",""
"Better End","betterendforge:end_stone_furnace_lit",1788,"false",,,"tile.betterendforge.end_stone_furnace_lit.name","true","",""
"Better End","betterendforge:end_stone_lantern",1652,"false",6267,0,"End Stone Lantern","true","",""
"Better End","betterendforge:end_stone_smelter",1786,"false",6390,0,"End Stone Smelter","true","",""
"Better End","betterendforge:end_stone_stalactite",1669,"false",6284,0,"End Stone Stalactite","true","",""
"Better End","betterendforge:end_stone_stalactite_cavemoss",1670,"false",6285,0,"Cave Moss Endstone Stalactite","true","",""
"Better End","betterendforge:ender_block",1642,"false",6257,0,"Ender Block","true","",""
"Better End","betterendforge:ender_ore",1657,"false",6272,0,"Ender Ore","true","",""
"Better End","betterendforge:endstone_dust",1623,"false",6238,0,"End Stone Dust","true","",""
"Better End","betterendforge:eternal_pedestal",1784,"false",6388,0,"Eternal Pedestal","true","",""
"Better End","betterendforge:filalux",1970,"false",6561,0,"Filalux","true","",""
"Better End","betterendforge:filalux_lantern",1972,"false",6563,0,"Filalux Lantern","true","",""
"Better End","betterendforge:filalux_wings",1971,"false",6562,0,"Filalux Wings","true","",""
"Better End","betterendforge:flamaea",1716,"false",6788,0,"Flamaea","true","",""
"Better End","betterendforge:flammalix",1622,"false",6237,0,"Flammalix","true","",""
"Better End","betterendforge:flavolite",1973,"false",6564,0,"Flavolite","true","",""
"Better End","betterendforge:flavolite_bricks",1983,"false",6574,0,"Flavolite Bricks","true","",""
"Better End","betterendforge:flavolite_bricks_slab",1985,"false",6576,0,"Flavolite Brick Slab","true","",""
"Better End","betterendforge:flavolite_bricks_stairs",1984,"false",6575,0,"Flavolite Brick Stairs","true","",""
"Better End","betterendforge:flavolite_bricks_wall",1986,"false",6577,0,"Flavolite Brick Wall","true","",""
"Better End","betterendforge:flavolite_furnace",1987,"false",6578,0,"Flavolite Furnace","true","",""
"Better End","betterendforge:flavolite_lantern",1982,"false",6573,0,"Flavolite Lantern","true","",""
"Better End","betterendforge:flavolite_pedestal",1981,"false",6572,0,"Flavolite Pedestal","true","",""
"Better End","betterendforge:flavolite_pillar",1976,"false",6567,0,"Flavolite Pillar","true","",""
"Better End","betterendforge:flavolite_polished",1974,"false",6565,0,"Polished Flavolite","true","",""
"Better End","betterendforge:flavolite_pressure_plate",1980,"false",6571,0,"Flavolite Pressure Plate","true","",""
"Better End","betterendforge:flavolite_runed",1662,"false",6277,0,"Runed Flavolite","true","",""
"Better End","betterendforge:flavolite_runed_eternal",1663,"false",6278,0,"Eternal Runed Flavolite","true","",""
"Better End","betterendforge:flavolite_slab",1978,"false",6569,0,"Flavolite Slab","true","",""
"Better End","betterendforge:flavolite_stairs",1977,"false",6568,0,"Flavolite Stairs","true","",""
"Better End","betterendforge:flavolite_tiles",1975,"false",6566,0,"Flavolite Tiles","true","",""
"Better End","betterendforge:flavolite_wall",1979,"false",6570,0,"Flavolite Wall","true","",""
"Better End","betterendforge:fracturn",1685,"false",6299,0,"Fracturn","true","",""
"Better End","betterendforge:globulagus",1686,"false",6300,0,"Globulagus","true","",""
"Better End","betterendforge:glowing_pillar_leaves",1727,"false",6332,0,"Glowing Pillar Leaves","true","",""
"Better End","betterendforge:glowing_pillar_luminophor",1726,"false",6331,0,"Glowing Pillar Luminophor","true","",""
"Better End","betterendforge:glowing_pillar_roots",1725,"false",,,"Glowing Pillar Roots","true","",""
"Better End","betterendforge:glowing_pillar_seed",1724,"false",6330,0,"Glowing Pillar Seed","true","",""
"Better End","betterendforge:gold_chandelier",1656,"false",6271,0,"Gold Chandelier","true","",""
"Better End","betterendforge:granite_lantern",1649,"false",6264,0,"Granite Lantern","true","",""
"Better End","betterendforge:granite_pedestal",1668,"false",6283,0,"Granite Pedestal","true","",""
"Better End","betterendforge:helix_tree_bark",1902,"false",6497,0,"Helix Tree Bark","true","logWood",""
"Better End","betterendforge:helix_tree_bookshelf",1915,"false",6509,0,"Helix Tree Bookshelf","true","bookshelf,bookshelfHelixTree",""
"Better End","betterendforge:helix_tree_chest",1912,"false",6507,0,"Helix Tree Chest","true","",""
"Better End","betterendforge:helix_tree_crafting_table",1910,"false",6505,0,"Helix Tree Crafting Table","true","",""
"Better End","betterendforge:helix_tree_door",1909,"false",,,"Helix Tree Door","true","",""
"Better End","betterendforge:helix_tree_fence",1906,"false",6501,0,"Helix Tree Fence","true","",""
"Better End","betterendforge:helix_tree_ladder",1911,"false",6506,0,"Helix Tree Ladder","true","",""
"Better End","betterendforge:helix_tree_leaves",1770,"false",6375,0,"Helix Tree Leaves","true","",""
"Better End","betterendforge:helix_tree_log",1901,"false",6496,0,"Helix Tree Log","true","logWood",""
"Better End","betterendforge:helix_tree_planks",1903,"false",6498,0,"Helix Tree Planks","true","",""
"Better End","betterendforge:helix_tree_pressure_plate",1907,"false",6502,0,"Helix Tree Pressure Plate","true","",""
"Better End","betterendforge:helix_tree_sapling",1769,"false",6374,0,"Helix Tree Sapling","true","",""
"Better End","betterendforge:helix_tree_sign_standing",1913,"false",,,"tile.betterendforge.helix_tree_sign_standing.name","true","",""
"Better End","betterendforge:helix_tree_sign_wall",1914,"false",,,"tile.betterendforge.helix_tree_sign_wall.name","true","",""
"Better End","betterendforge:helix_tree_slab",1905,"false",6500,0,"Helix Tree Slab","true","slabWood",""
"Better End","betterendforge:helix_tree_stairs",1904,"false",6499,0,"Helix Tree Stairs","true","stairWood",""
"Better End","betterendforge:helix_tree_stripped_bark",1900,"false",6495,0,"Stripped Helix Tree Bark","true","logWood",""
"Better End","betterendforge:helix_tree_stripped_log",1899,"false",6494,0,"Stripped Helix Tree Log","true","logWood",""
"Better End","betterendforge:helix_tree_trapdoor",1908,"false",6503,0,"Helix Tree Trapdoor","true","",""
"Better End","betterendforge:hydralux",1718,"false",,,"tile.betterendforge.hydralux.name","true","",""
"Better End","betterendforge:hydralux_petal_block",1719,"false",6327,0,"Hydralux Petal Block","true","",""
"Better End","betterendforge:hydralux_petal_block_black",2144,"false",6771,0,"Black Petal Block","true","",""
"Better End","betterendforge:hydralux_petal_block_blue",2140,"false",6767,0,"Blue Petal Block","true","",""
"Better End","betterendforge:hydralux_petal_block_brown",2141,"false",6768,0,"Brown Petal Block","true","",""
"Better End","betterendforge:hydralux_petal_block_cyan",2138,"false",6765,0,"Cyan Petal Block","true","",""
"Better End","betterendforge:hydralux_petal_block_gray",2136,"false",6763,0,"Gray Petal Block","true","",""
"Better End","betterendforge:hydralux_petal_block_green",2142,"false",6769,0,"Green Petal Block","true","",""
"Better End","betterendforge:hydralux_petal_block_light_blue",2132,"false",6759,0,"Light Blue Petal Block","true","",""
"Better End","betterendforge:hydralux_petal_block_lime",2134,"false",6761,0,"Lime Petal Block","true","",""
"Better End","betterendforge:hydralux_petal_block_magenta",2131,"false",6758,0,"Magenta Petal Block","true","",""
"Better End","betterendforge:hydralux_petal_block_orange",2130,"false",6757,0,"Orange Petal Block","true","",""
"Better End","betterendforge:hydralux_petal_block_pink",2135,"false",6762,0,"Pink Petal Block","true","",""
"Better End","betterendforge:hydralux_petal_block_purple",2139,"false",6766,0,"Purple Petal Block","true","",""
"Better End","betterendforge:hydralux_petal_block_red",2143,"false",6770,0,"Red Petal Block","true","",""
"Better End","betterendforge:hydralux_petal_block_silver",2137,"false",6764,0,"Light Gray Petal Block","true","",""
"Better End","betterendforge:hydralux_petal_block_white",2129,"false",6756,0,"White Petal Block","true","",""
"Better End","betterendforge:hydralux_petal_block_yellow",2133,"false",6760,0,"Yellow Petal Block","true","",""
"Better End","betterendforge:hydralux_sapling",1717,"false",6326,0,"Hydralux Sapling","true","",""
"Better End","betterendforge:hydrothermal_vent",1661,"false",6276,0,"Hydrothermal Vent","true","",""
"Better End","betterendforge:inflexia",1687,"false",6301,0,"Inflexia","true","",""
"Better End","betterendforge:infusion_pedestal",1785,"false",6389,0,"Infusion Pedestal","true","",""
"Better End","betterendforge:iron_bulb_lantern",1654,"false",6269,0,"Iron Bulb Lantern","true","",""
"Better End","betterendforge:iron_bulb_lantern_black",2160,"false",6787,0,"Black Iron Bulb Lantern","true","",""
"Better End","betterendforge:iron_bulb_lantern_blue",2156,"false",6783,0,"Blue Iron Bulb Lantern","true","",""
"Better End","betterendforge:iron_bulb_lantern_brown",2157,"false",6784,0,"Brown Iron Bulb Lantern","true","",""
"Better End","betterendforge:iron_bulb_lantern_cyan",2154,"false",6781,0,"Cyan Iron Bulb Lantern","true","",""
"Better End","betterendforge:iron_bulb_lantern_gray",2152,"false",6779,0,"Gray Iron Bulb Lantern","true","",""
"Better End","betterendforge:iron_bulb_lantern_green",2158,"false",6785,0,"Green Iron Bulb Lantern","true","",""
"Better End","betterendforge:iron_bulb_lantern_light_blue",2148,"false",6775,0,"Light Blue Iron Bulb Lantern","true","",""
"Better End","betterendforge:iron_bulb_lantern_lime",2150,"false",6777,0,"Lime Iron Bulb Lantern","true","",""
"Better End","betterendforge:iron_bulb_lantern_magenta",2147,"false",6774,0,"Magenta Iron Bulb Lantern","true","",""
"Better End","betterendforge:iron_bulb_lantern_orange",2146,"false",6773,0,"Orange Iron Bulb Lantern","true","",""
"Better End","betterendforge:iron_bulb_lantern_pink",2151,"false",6778,0,"Pink Iron Bulb Lantern","true","",""
"Better End","betterendforge:iron_bulb_lantern_purple",2155,"false",6782,0,"Purple Iron Bulb Lantern","true","",""
"Better End","betterendforge:iron_bulb_lantern_red",2159,"false",6786,0,"Red Iron Bulb Lantern","true","",""
"Better End","betterendforge:iron_bulb_lantern_silver",2153,"false",6780,0,"Light Gray Iron Bulb Lantern","true","",""
"Better End","betterendforge:iron_bulb_lantern_white",2145,"false",6772,0,"White Iron Bulb Lantern","true","",""
"Better End","betterendforge:iron_bulb_lantern_yellow",2149,"false",6776,0,"Yellow Iron Bulb Lantern","true","",""
"Better End","betterendforge:iron_chandelier",1655,"false",6270,0,"Iron Chandelier","true","",""
"Better End","betterendforge:jellyshroom_bark",1936,"false",6529,0,"Jellyshroom Bark","true","logWood",""
"Better End","betterendforge:jellyshroom_bookshelf",1949,"false",6541,0,"Jellyshroom Bookshelf","true","bookshelf,bookshelfJellyshroom",""
"Better End","betterendforge:jellyshroom_cap_purple",1783,"false",6387,0,"Purple Jellyshroom Cap","true","",""
"Better End","betterendforge:jellyshroom_chest",1946,"false",6539,0,"Jellyshroom Chest","true","",""
"Better End","betterendforge:jellyshroom_crafting_table",1944,"false",6537,0,"Jellyshroom Crafting Table","true","",""
"Better End","betterendforge:jellyshroom_door",1943,"false",,,"Jellyshroom Door","true","",""
"Better End","betterendforge:jellyshroom_fence",1940,"false",6533,0,"Jellyshroom Fence","true","",""
"Better End","betterendforge:jellyshroom_ladder",1945,"false",6538,0,"Jellyshroom Ladder","true","",""
"Better End","betterendforge:jellyshroom_log",1935,"false",6528,0,"Jellyshroom Log","true","logWood",""
"Better End","betterendforge:jellyshroom_planks",1937,"false",6530,0,"Jellyshroom Planks","true","",""
"Better End","betterendforge:jellyshroom_pressure_plate",1941,"false",6534,0,"Jellyshroom Pressure Plate","true","",""
"Better End","betterendforge:jellyshroom_sign_standing",1947,"false",,,"tile.betterendforge.jellyshroom_sign_standing.name","true","",""
"Better End","betterendforge:jellyshroom_sign_wall",1948,"false",,,"tile.betterendforge.jellyshroom_sign_wall.name","true","",""
"Better End","betterendforge:jellyshroom_slab",1939,"false",6532,0,"Jellyshroom Slab","true","slabWood",""
"Better End","betterendforge:jellyshroom_stairs",1938,"false",6531,0,"Jellyshroom Stairs","true","stairWood",""
"Better End","betterendforge:jellyshroom_stripped_bark",1934,"false",6527,0,"Stripped Jellyshroom Bark","true","logWood",""
"Better End","betterendforge:jellyshroom_stripped_log",1933,"false",6526,0,"Stripped Jellyshroom Log","true","logWood",""
"Better End","betterendforge:jellyshroom_trapdoor",1942,"false",6535,0,"Jellyshroom Trapdoor","true","",""
"Better End","betterendforge:jungle_fern",1746,"false",6351,0,"Jungle Fern","true","",""
"Better End","betterendforge:jungle_grass",1681,"false",6295,0,"Jungle Grass","true","",""
"Better End","betterendforge:jungle_moss",1615,"false",6230,0,"Jungle Moss","true","",""
"Better End","betterendforge:jungle_moss_path",1633,"false",6248,0,"Jungle Moss Path","true","",""
"Better End","betterendforge:jungle_vine",1753,"false",6358,0,"Jungle Vine","true","",""
"Better End","betterendforge:lacugrove_bark",1817,"false",6417,0,"Lacugrove Bark","true","logWood",""
"Better End","betterendforge:lacugrove_bookshelf",1830,"false",6429,0,"Lacugrove Bookshelf","true","bookshelf,bookshelfLacugrove",""
"Better End","betterendforge:lacugrove_chest",1827,"false",6427,0,"Lacugrove Chest","true","",""
"Better End","betterendforge:lacugrove_crafting_table",1825,"false",6425,0,"Lacugrove Crafting Table","true","",""
"Better End","betterendforge:lacugrove_door",1824,"false",,,"Lacugrove Door","true","",""
"Better End","betterendforge:lacugrove_fence",1821,"false",6421,0,"Lacugrove Fence","true","",""
"Better End","betterendforge:lacugrove_ladder",1826,"false",6426,0,"Lacugrove Ladder","true","",""
"Better End","betterendforge:lacugrove_leaves",1760,"false",6365,0,"Lacugrove Leaves","true","",""
"Better End","betterendforge:lacugrove_log",1816,"false",6416,0,"Lacugrove Log","true","logWood",""
"Better End","betterendforge:lacugrove_planks",1818,"false",6418,0,"Lacugrove Planks","true","",""
"Better End","betterendforge:lacugrove_pressure_plate",1822,"false",6422,0,"Lacugrove Pressure Plate","true","",""
"Better End","betterendforge:lacugrove_sapling",1759,"false",6364,0,"Lacugrove Sapling","true","",""
"Better End","betterendforge:lacugrove_sign_standing",1828,"false",,,"tile.betterendforge.lacugrove_sign_standing.name","true","",""
"Better End","betterendforge:lacugrove_sign_wall",1829,"false",,,"tile.betterendforge.lacugrove_sign_wall.name","true","",""
"Better End","betterendforge:lacugrove_slab",1820,"false",6420,0,"Lacugrove Slab","true","slabWood",""
"Better End","betterendforge:lacugrove_stairs",1819,"false",6419,0,"Lacugrove Stairs","true","stairWood",""
"Better End","betterendforge:lacugrove_stripped_bark",1815,"false",6415,0,"Lacugrove Stripped Bark","true","logWood",""
"Better End","betterendforge:lacugrove_stripped_log",1814,"false",6414,0,"Lacugrove Stripped Log","true","logWood",""
"Better End","betterendforge:lacugrove_trapdoor",1823,"false",6423,0,"Lacugrove Trapdoor","true","",""
"Better End","betterendforge:lamellarium",1692,"false",6306,0,"Lamellarium","true","",""
"Better End","betterendforge:lanceleaf",1721,"false",,,"Lanceleaf","true","",""
"Better End","betterendforge:lanceleaf_seed",1720,"false",6328,0,"Lanceleaf Seed","true","",""
"Better End","betterendforge:large_amaranita_mushroom",1776,"false",,,"Large Amaranita Mushroom","true","",""
"Better End","betterendforge:lucernia_bark",1953,"false",6545,0,"Lucernia Bark","true","logWood",""
"Better End","betterendforge:lucernia_bookshelf",1966,"false",6557,0,"Lucernia Bookshelf","true","bookshelf,bookshelfLucernia",""
"Better End","betterendforge:lucernia_chest",1963,"false",6555,0,"Lucernia Chest","true","",""
"Better End","betterendforge:lucernia_crafting_table",1961,"false",6553,0,"Lucernia Crafting Table","true","",""
"Better End","betterendforge:lucernia_door",1960,"false",,,"Lucernia Door","true","",""
"Better End","betterendforge:lucernia_fence",1957,"false",6549,0,"Lucernia Fence","true","",""
"Better End","betterendforge:lucernia_ladder",1962,"false",6554,0,"Lucernia Ladder","true","",""
"Better End","betterendforge:lucernia_leaves",1968,"false",6559,0,"Lucernia Leaves","true","",""
"Better End","betterendforge:lucernia_log",1952,"false",6544,0,"Lucernia Log","true","logWood",""
"Better End","betterendforge:lucernia_outer_leaves",1969,"false",6560,0,"Lucernia Outer Leaves","true","",""
"Better End","betterendforge:lucernia_planks",1954,"false",6546,0,"Lucernia Planks","true","",""
"Better End","betterendforge:lucernia_pressure_plate",1958,"false",6550,0,"Lucernia Pressure Plate","true","",""
"Better End","betterendforge:lucernia_sapling",1967,"false",6558,0,"Lucernia Sapling","true","",""
"Better End","betterendforge:lucernia_sign_standing",1964,"false",,,"tile.betterendforge.lucernia_sign_standing.name","true","",""
"Better End","betterendforge:lucernia_sign_wall",1965,"false",,,"tile.betterendforge.lucernia_sign_wall.name","true","",""
"Better End","betterendforge:lucernia_slab",1956,"false",6548,0,"Lucernia Slab","true","slabWood",""
"Better End","betterendforge:lucernia_stairs",1955,"false",6547,0,"Lucernia Stairs","true","stairWood",""
"Better End","betterendforge:lucernia_stripped_bark",1951,"false",6543,0,"Stripped Lucernia Bark","true","logWood",""
"Better End","betterendforge:lucernia_stripped_log",1950,"false",6542,0,"Stripped Lucernia Log","true","logWood",""
"Better End","betterendforge:lucernia_trapdoor",1959,"false",6551,0,"Lucernia Trapdoor","true","",""
"Better End","betterendforge:lumecorn",1723,"false",,,"Lumecorn","true","",""
"Better End","betterendforge:lumecorn_seed",1722,"false",6329,0,"Lumecorn Seed","true","",""
"Better End","betterendforge:lutebus",1691,"false",6305,0,"Lutebus","true","",""
"Better End","betterendforge:menger_sponge",1708,"false",6318,0,"Menger Sponge","true","",""
"Better End","betterendforge:menger_sponge_wet",1709,"false",6319,0,"Wet Menger Sponge","true","",""
"Better End","betterendforge:missing_tile",1796,"false",6397,0,"Missing Tile","true","",""
"Better End","betterendforge:mossy_dragon_bone",1640,"false",6255,0,"Mossy Dragon Bone","true","",""
"Better End","betterendforge:mossy_glowshroom_bark",1800,"false",6401,0,"Mossy Glowshroom Bark","true","logWood",""
"Better End","betterendforge:mossy_glowshroom_bookshelf",1813,"false",6413,0,"Mossy Glowshroom Bookshelf","true","bookshelf,bookshelfMossyGlowshroom",""
"Better End","betterendforge:mossy_glowshroom_cap",1756,"false",6361,0,"Mossy Glowshroom Cap","true","",""
"Better End","betterendforge:mossy_glowshroom_chest",1810,"false",6411,0,"Mossy Glowshroom Chest","true","",""
"Better End","betterendforge:mossy_glowshroom_crafting_table",1808,"false",6409,0,"Mossy Glowshroom Crafting Table","true","",""
"Better End","betterendforge:mossy_glowshroom_door",1807,"false",,,"Mossy Glowshroom Door","true","",""
"Better End","betterendforge:mossy_glowshroom_fence",1804,"false",6405,0,"Mossy Glowshroom Fence","true","",""
"Better End","betterendforge:mossy_glowshroom_fur",1758,"false",6363,0,"Mossy Glowshroom Fur","true","",""
"Better End","betterendforge:mossy_glowshroom_hymenophore",1757,"false",6362,0,"Mossy Glowshroom Hymenophore","true","",""
"Better End","betterendforge:mossy_glowshroom_ladder",1809,"false",6410,0,"Mossy Glowshroom Ladder","true","",""
"Better End","betterendforge:mossy_glowshroom_log",1799,"false",6400,0,"Mossy Glowshroom Log","true","logWood",""
"Better End","betterendforge:mossy_glowshroom_planks",1801,"false",6402,0,"Mossy Glowshroom Planks","true","",""
"Better End","betterendforge:mossy_glowshroom_pressure_plate",1805,"false",6406,0,"Mossy Glowshroom Pressure Plate","true","",""
"Better End","betterendforge:mossy_glowshroom_sapling",1755,"false",6360,0,"Mossy Glowshroom Sapling","true","",""
"Better End","betterendforge:mossy_glowshroom_sign_standing",1811,"false",,,"tile.betterendforge.mossy_glowshroom_sign_standing.name","true","",""
"Better End","betterendforge:mossy_glowshroom_sign_wall",1812,"false",,,"tile.betterendforge.mossy_glowshroom_sign_wall.name","true","",""
"Better End","betterendforge:mossy_glowshroom_slab",1803,"false",6404,0,"Mossy Glowshroom Slab","true","slabWood",""
"Better End","betterendforge:mossy_glowshroom_stairs",1802,"false",6403,0,"Mossy Glowshroom Stairs","true","stairWood",""
"Better End","betterendforge:mossy_glowshroom_stripped_bark",1798,"false",6399,0,"Mossy Glowshroom Stripped Bark","true","logWood",""
"Better End","betterendforge:mossy_glowshroom_stripped_log",1797,"false",6398,0,"Mossy Glowshroom Stripped Log","true","logWood",""
"Better End","betterendforge:mossy_glowshroom_trapdoor",1806,"false",6407,0,"Mossy Glowshroom Trapdoor","true","",""
"Better End","betterendforge:mossy_obsidian",1636,"false",6251,0,"Mossy Obsidian","true","",""
"Better End","betterendforge:murkweed",1706,"false",6316,0,"Murkweed","true","",""
"Better End","betterendforge:needlegrass",1707,"false",6317,0,"Needlegrass","true","",""
"Better End","betterendforge:neon_cactus",1731,"false",6336,0,"Neon Cactus","true","",""
"Better End","betterendforge:neon_cactus_block",1732,"false",6337,0,"Neon Cactus Block","true","",""
"Better End","betterendforge:neon_cactus_slab",1734,"false",6339,0,"Neon Cactus Slab","true","",""
"Better End","betterendforge:neon_cactus_stairs",1733,"false",6338,0,"Neon Cactus Stairs","true","",""
"Better End","betterendforge:orango",1690,"false",6304,0,"Orango","true","",""
"Better End","betterendforge:pallidium_full",1618,"false",6233,0,"Full Pallidium Cover","true","",""
"Better End","betterendforge:pallidium_heavy",1619,"false",6234,0,"Heavy Pallidium Cover","true","",""
"Better End","betterendforge:pallidium_thin",1620,"false",6235,0,"Thin Pallidium Cover","true","",""
"Better End","betterendforge:pallidium_tiny",1621,"false",6236,0,"Tiny Pallidium Cover","true","",""
"Better End","betterendforge:pink_moss",1613,"false",6228,0,"Pink Moss","true","",""
"Better End","betterendforge:pink_moss_path",1631,"false",6246,0,"Pink Moss Path","true","",""
"Better End","betterendforge:pond_anemone",1748,"false",6353,0,"Pond Anemone","true","",""
"Better End","betterendforge:purple_polypore",1739,"false",6344,0,"Purple Polypore","true","",""
"Better End","betterendforge:purpur_lantern",1651,"false",6266,0,"Purpur Lantern","true","",""
"Better End","betterendforge:purpur_pedestal",1665,"false",6280,0,"Purpur Pedestal","true","",""
"Better End","betterendforge:pythadendron_bark",1851,"false",6449,0,"Pythadendron Bark","true","logWood",""
"Better End","betterendforge:pythadendron_bookshelf",1864,"false",6461,0,"Pythadendron Bookshelf","true","bookshelf,bookshelfPythadendron",""
"Better End","betterendforge:pythadendron_chest",1861,"false",6459,0,"Pythadendron Chest","true","",""
"Better End","betterendforge:pythadendron_crafting_table",1859,"false",6457,0,"Pythadendron Crafting Table","true","",""
"Better End","betterendforge:pythadendron_door",1858,"false",,,"Pythadendron Door","true","",""
"Better End","betterendforge:pythadendron_fence",1855,"false",6453,0,"Pythadendron Fence","true","",""
"Better End","betterendforge:pythadendron_ladder",1860,"false",6458,0,"Pythadendron Ladder","true","",""
"Better End","betterendforge:pythadendron_leaves",1762,"false",6367,0,"Pythadendron Leaves","true","",""
"Better End","betterendforge:pythadendron_log",1850,"false",6448,0,"Pythadendron Log","true","logWood",""
"Better End","betterendforge:pythadendron_planks",1852,"false",6450,0,"Pythadendron Planks","true","",""
"Better End","betterendforge:pythadendron_pressure_plate",1856,"false",6454,0,"Pythadendron Pressure Plate","true","",""
"Better End","betterendforge:pythadendron_sapling",1761,"false",6366,0,"Pythadendron Sapling","true","",""
"Better End","betterendforge:pythadendron_sign_standing",1862,"false",,,"tile.betterendforge.pythadendron_sign_standing.name","true","",""
"Better End","betterendforge:pythadendron_sign_wall",1863,"false",,,"tile.betterendforge.pythadendron_sign_wall.name","true","",""
"Better End","betterendforge:pythadendron_slab",1854,"false",6452,0,"Pythadendron Slab","true","slabWood",""
"Better End","betterendforge:pythadendron_stairs",1853,"false",6451,0,"Pythadendron Stairs","true","stairWood",""
"Better End","betterendforge:pythadendron_stripped_bark",1849,"false",6447,0,"Pythadendron Stripped Bark","true","logWood",""
"Better End","betterendforge:pythadendron_stripped_log",1848,"false",6446,0,"Pythadendron Stripped Log","true","logWood",""
"Better End","betterendforge:pythadendron_trapdoor",1857,"false",6455,0,"Pythadendron Trapdoor","true","",""
"Better End","betterendforge:quartz_lantern",1650,"false",6265,0,"Quartz Lantern","true","",""
"Better End","betterendforge:quartz_pedestal",1664,"false",6279,0,"Quartz Pedestal","true","",""
"Better End","betterendforge:respawn_obelisk",1794,"false",6396,0,"Respawn Obelisk (WIP)","true","",""
"Better End","betterendforge:rubinea",1754,"false",6359,0,"Rubinea","true","",""
"Better End","betterendforge:ruscus",1747,"false",6352,0,"Ruscus","true","",""
"Better End","betterendforge:rutiscus",1617,"false",6232,0,"Rutiscus","true","",""
"Better End","betterendforge:rutiscus_path",1635,"false",6250,0,"Rutiscus Path","true","",""
"Better End","betterendforge:salteago",1683,"false",6297,0,"Salteago","true","",""
"Better End","betterendforge:sandy_jadestone",2048,"false",6639,0,"Sandy Jadestone","true","",""
"Better End","betterendforge:sandy_jadestone_bricks",2058,"false",6649,0,"Sandy Jadestone Bricks","true","",""
"Better End","betterendforge:sandy_jadestone_bricks_slab",2060,"false",6651,0,"Sandy Jadestone Brick Slab","true","",""
"Better End","betterendforge:sandy_jadestone_bricks_stairs",2059,"false",6650,0,"Sandy Jadestone Brick Stairs","true","",""
"Better End","betterendforge:sandy_jadestone_bricks_wall",2061,"false",6652,0,"Sandy Jadestone Brick Wall","true","",""
"Better End","betterendforge:sandy_jadestone_furnace",2062,"false",6653,0,"Sandy Jadestone Furnace","true","",""
"Better End","betterendforge:sandy_jadestone_lantern",2057,"false",6648,0,"Sandy Jadestone Lantern","true","",""
"Better End","betterendforge:sandy_jadestone_pedestal",2056,"false",6647,0,"Sandy Jadestone Pedestal","true","",""
"Better End","betterendforge:sandy_jadestone_pillar",2051,"false",6642,0,"Sandy Jadestone Pillar","true","",""
"Better End","betterendforge:sandy_jadestone_polished",2049,"false",6640,0,"Sandy Jadestone Polished","true","",""
"Better End","betterendforge:sandy_jadestone_pressure_plate",2055,"false",6646,0,"Sandy Jadestone Pressure Plate","true","",""
"Better End","betterendforge:sandy_jadestone_slab",2053,"false",6644,0,"Sandy Jadestone Slab","true","",""
"Better End","betterendforge:sandy_jadestone_stairs",2052,"false",6643,0,"Sandy Jadestone Stairs","true","",""
"Better End","betterendforge:sandy_jadestone_tiles",2050,"false",6641,0,"Sandy Jadestone Tiles","true","",""
"Better End","betterendforge:sandy_jadestone_wall",2054,"false",6645,0,"Sandy Jadestone Wall","true","",""
"Better End","betterendforge:sangnum",1616,"false",6231,0,"Sangnum","true","",""
"Better End","betterendforge:sangnum_path",1634,"false",6249,0,"Sangnum Path","true","",""
"Better End","betterendforge:shadow_berry",1735,"false",6340,0,"Shadow Berry Seeds","true","",""
"Better End","betterendforge:shadow_grass",1612,"false",6227,0,"Shadow Grass","true","",""
"Better End","betterendforge:shadow_grass_path",1630,"false",6245,0,"Shadow Grass Path","true","",""
"Better End","betterendforge:shadow_plant",1679,"false",6293,0,"Shadow Plant","true","",""
"Better End","betterendforge:silk_moth_nest",1624,"false",6239,0,"Silk Moth Nest","true","",""
"Better End","betterendforge:small_amaranita_mushroom",1775,"false",6380,0,"Small Amaranita Mushroom","true","",""
"Better End","betterendforge:small_jellyshroom",1730,"false",6335,0,"Small Jellyshroom","true","",""
"Better End","betterendforge:smaragdant_crystal",1645,"false",6260,0,"Smaragdant Crystal","true","",""
"Better End","betterendforge:smaragdant_crystal_shard",1646,"false",6261,0,"Smaragdant Crystal Shard","true","",""
"Better End","betterendforge:sulphur_crystal",1660,"false",6275,0,"Sulfur Crystal","true","",""
"Better End","betterendforge:sulphuric_rock",2003,"false",6594,0,"Sulfuric Rock","true","",""
"Better End","betterendforge:sulphuric_rock_bricks",2013,"false",6604,0,"Sulfuric Rock Bricks","true","",""
"Better End","betterendforge:sulphuric_rock_bricks_slab",2015,"false",6606,0,"Sulfuric Rock Bricks Slab","true","",""
"Better End","betterendforge:sulphuric_rock_bricks_stairs",2014,"false",6605,0,"Sulfuric Rock Bricks Stairs","true","",""
"Better End","betterendforge:sulphuric_rock_bricks_wall",2016,"false",6607,0,"Sulfuric Rock Bricks Wall","true","",""
"Better End","betterendforge:sulphuric_rock_furnace",2017,"false",6608,0,"Sulfuric Rock Furnace","true","",""
"Better End","betterendforge:sulphuric_rock_lantern",2012,"false",6603,0,"Sulfuric Rock Lantern","true","",""
"Better End","betterendforge:sulphuric_rock_pedestal",2011,"false",6602,0,"Sulfuric Rock Pedestal","true","",""
"Better End","betterendforge:sulphuric_rock_pillar",2006,"false",6597,0,"Sulfuric Rock Pillar","true","",""
"Better End","betterendforge:sulphuric_rock_polished",2004,"false",6595,0,"Polished Sulfuric Rock","true","",""
"Better End","betterendforge:sulphuric_rock_pressure_plate",2010,"false",6601,0,"Sulfuric Rock Pressure Plate","true","",""
"Better End","betterendforge:sulphuric_rock_slab",2008,"false",6599,0,"Sulfuric Rock Slab","true","",""
"Better End","betterendforge:sulphuric_rock_stairs",2007,"false",6598,0,"Sulfuric Rock Stairs","true","",""
"Better End","betterendforge:sulphuric_rock_tiles",2005,"false",6596,0,"Sulfuric Rock Tiles","true","",""
"Better End","betterendforge:sulphuric_rock_wall",2009,"false",6600,0,"Sulfuric Rock Wall","true","",""
"Better End","betterendforge:tail_moss",1741,"false",6346,0,"Tail Moss","true","",""
"Better End","betterendforge:tenanea_bark",1885,"false",6481,0,"Tenanea Bark","true","logWood",""
"Better End","betterendforge:tenanea_bookshelf",1898,"false",6493,0,"Tenanea Bookshelf","true","bookshelf,bookshelfTenanea",""
"Better End","betterendforge:tenanea_chest",1895,"false",6491,0,"Tenanea Chest","true","",""
"Better End","betterendforge:tenanea_crafting_table",1893,"false",6489,0,"Tenanea Crafting Table","true","",""
"Better End","betterendforge:tenanea_door",1892,"false",,,"Tenanea Door","true","",""
"Better End","betterendforge:tenanea_fence",1889,"false",6485,0,"Tenanea Fence","true","",""
"Better End","betterendforge:tenanea_flowers",1767,"false",6372,0,"Tenanea Flowers","true","",""
"Better End","betterendforge:tenanea_ladder",1894,"false",6490,0,"Tenanea Ladder","true","",""
"Better End","betterendforge:tenanea_leaves",1766,"false",6371,0,"Tenanea Leaves","true","",""
"Better End","betterendforge:tenanea_log",1884,"false",6480,0,"Tenanea Log","true","logWood",""
"Better End","betterendforge:tenanea_outer_leaves",1768,"false",6373,0,"Tenanea Outer Leaves","true","",""
"Better End","betterendforge:tenanea_planks",1886,"false",6482,0,"Tenanea Planks","true","",""
"Better End","betterendforge:tenanea_pressure_plate",1890,"false",6486,0,"Tenanea Pressure Plate","true","",""
"Better End","betterendforge:tenanea_sapling",1765,"false",6370,0,"Tenanea Sapling","true","",""
"Better End","betterendforge:tenanea_sign_standing",1896,"false",,,"tile.betterendforge.tenanea_sign_standing.name","true","",""
"Better End","betterendforge:tenanea_sign_wall",1897,"false",,,"tile.betterendforge.tenanea_sign_wall.name","true","",""
"Better End","betterendforge:tenanea_slab",1888,"false",6484,0,"Tenanea Slab","true","slabWood",""
"Better End","betterendforge:tenanea_stairs",1887,"false",6483,0,"Tenanea Stairs","true","stairWood",""
"Better End","betterendforge:tenanea_stripped_bark",1883,"false",6479,0,"Stripped Tenanea Bark","true","logWood",""
"Better End","betterendforge:tenanea_stripped_log",1882,"false",6478,0,"Stripped Tenanea Log","true","logWood",""
"Better End","betterendforge:tenanea_trapdoor",1891,"false",6487,0,"Tenanea Trapdoor","true","",""
"Better End","betterendforge:terminite_bars",2124,"false",6733,0,"Terminite Bars","true","",""
"Better End","betterendforge:terminite_block",2120,"false",6729,0,"Terminite Block","true","blockTerminite",""
"Better End","betterendforge:terminite_bulb_lantern",2128,"false",6737,0,"Terminite Bulb Lantern","true","",""
"Better End","betterendforge:terminite_bulb_lantern_black",2119,"false",6728,0,"Black Terminite Bulb Lantern","true","",""
"Better End","betterendforge:terminite_bulb_lantern_blue",2115,"false",6724,0,"Blue Terminite Bulb Lantern","true","",""
"Better End","betterendforge:terminite_bulb_lantern_brown",2116,"false",6725,0,"Brown Terminite Bulb Lantern","true","",""
"Better End","betterendforge:terminite_bulb_lantern_cyan",2113,"false",6722,0,"Cyan Terminite Bulb Lantern","true","",""
"Better End","betterendforge:terminite_bulb_lantern_gray",2111,"false",6720,0,"Gray Terminite Bulb Lantern","true","",""
"Better End","betterendforge:terminite_bulb_lantern_green",2117,"false",6726,0,"Green Terminite Bulb Lantern","true","",""
"Better End","betterendforge:terminite_bulb_lantern_light_blue",2107,"false",6716,0,"Light Blue Terminite Bulb Lantern","true","",""
"Better End","betterendforge:terminite_bulb_lantern_lime",2109,"false",6718,0,"Lime Terminite Bulb Lantern","true","",""
"Better End","betterendforge:terminite_bulb_lantern_magenta",2106,"false",6715,0,"Magenta Terminite Bulb Lantern","true","",""
"Better End","betterendforge:terminite_bulb_lantern_orange",2105,"false",6714,0,"Orange Terminite Bulb Lantern","true","",""
"Better End","betterendforge:terminite_bulb_lantern_pink",2110,"false",6719,0,"Pink Terminite Bulb Lantern","true","",""
"Better End","betterendforge:terminite_bulb_lantern_purple",2114,"false",6723,0,"Purple Terminite Bulb Lantern","true","",""
"Better End","betterendforge:terminite_bulb_lantern_red",2118,"false",6727,0,"Red Terminite Bulb Lantern","true","",""
"Better End","betterendforge:terminite_bulb_lantern_silver",2112,"false",6721,0,"Light Gray Terminite Bulb Lantern","true","",""
"Better End","betterendforge:terminite_bulb_lantern_white",2104,"false",6713,0,"White Terminite Bulb Lantern","true","",""
"Better End","betterendforge:terminite_bulb_lantern_yellow",2108,"false",6717,0,"Yellow Terminite Bulb Lantern","true","",""
"Better End","betterendforge:terminite_chain",2125,"false",6734,0,"Terminite Chain","true","",""
"Better End","betterendforge:terminite_chandelier",2127,"false",6736,0,"Terminite Chandelier","true","",""
"Better End","betterendforge:terminite_pressure_plate",2126,"false",6735,0,"Terminite Pressure Plate","true","",""
"Better End","betterendforge:terminite_stairs",2122,"false",6731,0,"Terminite Stairs","true","",""
"Better End","betterendforge:terminite_tile",2121,"false",6730,0,"Terminite Tile","true","",""
"Better End","betterendforge:terminite_trapdoor",2123,"false",6732,0,"Terminite Trapdoor","true","",""
"Better End","betterendforge:thallasium_bars",2099,"false",6690,0,"Thallasium Bars","true","",""
"Better End","betterendforge:thallasium_block",2095,"false",6686,0,"Thallasium Block","true","blockThallasium",""
"Better End","betterendforge:thallasium_bulb_lantern",2103,"false",6694,0,"Thallasium Bulb Lantern","true","",""
"Better End","betterendforge:thallasium_bulb_lantern_black",2093,"false",6684,0,"Black Thallasium Bulb Lantern","true","",""
"Better End","betterendforge:thallasium_bulb_lantern_blue",2089,"false",6680,0,"Blue Thallasium Bulb Lantern","true","",""
"Better End","betterendforge:thallasium_bulb_lantern_brown",2090,"false",6681,0,"Brown Thallasium Bulb Lantern","true","",""
"Better End","betterendforge:thallasium_bulb_lantern_cyan",2087,"false",6678,0,"Cyan Thallasium Bulb Lantern","true","",""
"Better End","betterendforge:thallasium_bulb_lantern_gray",2085,"false",6676,0,"Gray Thallasium Bulb Lantern","true","",""
"Better End","betterendforge:thallasium_bulb_lantern_green",2091,"false",6682,0,"Green Thallasium Bulb Lantern","true","",""
"Better End","betterendforge:thallasium_bulb_lantern_light_blue",2081,"false",6672,0,"Light Blue Thallasium Bulb Lantern","true","",""
"Better End","betterendforge:thallasium_bulb_lantern_lime",2083,"false",6674,0,"Lime Thallasium Bulb Lantern","true","",""
"Better End","betterendforge:thallasium_bulb_lantern_magenta",2080,"false",6671,0,"Magenta Thallasium Bulb Lantern","true","",""
"Better End","betterendforge:thallasium_bulb_lantern_orange",2079,"false",6670,0,"Orange Thallasium Bulb Lantern","true","",""
"Better End","betterendforge:thallasium_bulb_lantern_pink",2084,"false",6675,0,"Pink Thallasium Bulb Lantern","true","",""
"Better End","betterendforge:thallasium_bulb_lantern_purple",2088,"false",6679,0,"Purple Thallasium Bulb Lantern","true","",""
"Better End","betterendforge:thallasium_bulb_lantern_red",2092,"false",6683,0,"Red Thallasium Bulb Lantern","true","",""
"Better End","betterendforge:thallasium_bulb_lantern_silver",2086,"false",6677,0,"Light Gray Thallasium Bulb Lantern","true","",""
"Better End","betterendforge:thallasium_bulb_lantern_white",2078,"false",6669,0,"White Thallasium Bulb Lantern","true","",""
"Better End","betterendforge:thallasium_bulb_lantern_yellow",2082,"false",6673,0,"Yellow Thallasium Bulb Lantern","true","",""
"Better End","betterendforge:thallasium_chain",2100,"false",6691,0,"Thallasium Chain","true","",""
"Better End","betterendforge:thallasium_chandelier",2102,"false",6693,0,"Thallasium Chandelier","true","",""
"Better End","betterendforge:thallasium_ore",2094,"false",6685,0,"Thallasium Ore","true","oreThallasium",""
"Better End","betterendforge:thallasium_pressure_plate",2101,"false",6692,0,"Thallasium Pressure Plate","true","",""
"Better End","betterendforge:thallasium_stairs",2097,"false",6688,0,"Thallasium Stairs","true","",""
"Better End","betterendforge:thallasium_tile",2096,"false",6687,0,"Thallasium Tile","true","",""
"Better End","betterendforge:thallasium_trapdoor",2098,"false",6689,0,"Thallasium Trapdoor","true","",""
"Better End","betterendforge:tube_worm",1745,"false",6350,0,"Tube Worm","true","",""
"Better End","betterendforge:twisted_moss",1743,"false",6348,0,"Twisted Moss","true","",""
"Better End","betterendforge:twisted_umbrella_moss",1728,"false",6333,0,"Twisted Umbrella Moss","true","",""
"Better End","betterendforge:twisted_umbrella_moss_tall",1729,"false",6334,0,"Twisted Umbrella Moss Tall","true","",""
"Better End","betterendforge:twisted_vine",1750,"false",6355,0,"Twisted Vine","true","",""
"Better End","betterendforge:umbralith",2063,"false",6654,0,"Umbralith","true","",""
"Better End","betterendforge:umbralith_bricks",2073,"false",6664,0,"Umbralith Bricks","true","",""
"Better End","betterendforge:umbralith_bricks_slab",2075,"false",6666,0,"Umbralith Bricks Slab","true","",""
"Better End","betterendforge:umbralith_bricks_stairs",2074,"false",6665,0,"Umbralith Bricks Stairs","true","",""
"Better End","betterendforge:umbralith_bricks_wall",2076,"false",6667,0,"Umbralith Bricks Wall","true","",""
"Better End","betterendforge:umbralith_furnace",2077,"false",6668,0,"Umbralith Furnace","true","",""
"Better End","betterendforge:umbralith_lantern",2072,"false",6663,0,"Umbralith Lantern","true","",""
"Better End","betterendforge:umbralith_pedestal",2071,"false",6662,0,"Umbralith Pedestal","true","",""
"Better End","betterendforge:umbralith_pillar",2066,"false",6657,0,"Umbralith Pillar","true","",""
"Better End","betterendforge:umbralith_polished",2064,"false",6655,0,"Umbralith Polished","true","",""
"Better End","betterendforge:umbralith_pressure_plate",2070,"false",6661,0,"Umbralith Pressure Plate","true","",""
"Better End","betterendforge:umbralith_slab",2068,"false",6659,0,"Umbralith Slab","true","",""
"Better End","betterendforge:umbralith_stairs",2067,"false",6658,0,"Umbralith Stairs","true","",""
"Better End","betterendforge:umbralith_tiles",2065,"false",6656,0,"Umbralith Tiles","true","",""
"Better End","betterendforge:umbralith_wall",2069,"false",6660,0,"Umbralith Wall","true","",""
"Better End","betterendforge:umbrella_moss",1671,"false",6286,0,"Umbrella Moss","true","",""
"Better End","betterendforge:umbrella_moss_tall",1672,"false",6287,0,"Tall Umbrella Moss","true","",""
"Better End","betterendforge:umbrella_tree_bark",1919,"false",6513,0,"Umbrella Tree Bark","true","logWood",""
"Better End","betterendforge:umbrella_tree_bookshelf",1932,"false",6525,0,"Umbrella Tree Bookshelf","true","bookshelf,bookshelfUmbrellaTree",""
"Better End","betterendforge:umbrella_tree_chest",1929,"false",6523,0,"Umbrella Tree Chest","true","",""
"Better End","betterendforge:umbrella_tree_cluster",1773,"false",6378,0,"Umbrella Tree Cluster","true","",""
"Better End","betterendforge:umbrella_tree_cluster_empty",1774,"false",6379,0,"Empty Umbrella Tree Cluster","true","",""
"Better End","betterendforge:umbrella_tree_crafting_table",1927,"false",6521,0,"Umbrella Tree Crafting Table","true","",""
"Better End","betterendforge:umbrella_tree_door",1926,"false",,,"Umbrella Tree Door","true","",""
"Better End","betterendforge:umbrella_tree_fence",1923,"false",6517,0,"Umbrella Tree Fence","true","",""
"Better End","betterendforge:umbrella_tree_ladder",1928,"false",6522,0,"Umbrella Tree Ladder","true","",""
"Better End","betterendforge:umbrella_tree_log",1918,"false",6512,0,"Umbrella Tree Log","true","logWood",""
"Better End","betterendforge:umbrella_tree_membrane",1772,"false",6377,0,"Umbrella Tree Membrane","true","",""
"Better End","betterendforge:umbrella_tree_planks",1920,"false",6514,0,"Umbrella Tree Planks","true","",""
"Better End","betterendforge:umbrella_tree_pressure_plate",1924,"false",6518,0,"Umbrella Tree Pressure Plate","true","",""
"Better End","betterendforge:umbrella_tree_sapling",1771,"false",6376,0,"Umbrella Tree Sapling","true","",""
"Better End","betterendforge:umbrella_tree_sign_standing",1930,"false",,,"tile.betterendforge.umbrella_tree_sign_standing.name","true","",""
"Better End","betterendforge:umbrella_tree_sign_wall",1931,"false",,,"tile.betterendforge.umbrella_tree_sign_wall.name","true","",""
"Better End","betterendforge:umbrella_tree_slab",1922,"false",6516,0,"Umbrella Tree Slab","true","slabWood",""
"Better End","betterendforge:umbrella_tree_stairs",1921,"false",6515,0,"Umbrella Tree Stairs","true","stairWood",""
"Better End","betterendforge:umbrella_tree_stripped_bark",1917,"false",6511,0,"Stripped Umbrella Tree Bark","true","logWood",""
"Better End","betterendforge:umbrella_tree_stripped_log",1916,"false",6510,0,"Stripped Umbrella Tree Log","true","logWood",""
"Better End","betterendforge:umbrella_tree_trapdoor",1925,"false",6519,0,"Umbrella Tree Trapdoor","true","",""
"Better End","betterendforge:vaiolush_fern",1684,"false",6298,0,"Vaiolush Fern","true","",""
"Better End","betterendforge:vent_bubble_column",1795,"false",,,"Vent Bubble Column","true","",""
"Better End","betterendforge:violecite",1988,"false",6579,0,"Violecite","true","",""
"Better End","betterendforge:violecite_bricks",1998,"false",6589,0,"Violecite Bricks","true","",""
"Better End","betterendforge:violecite_bricks_slab",2000,"false",6591,0,"Violecite Brick Slab","true","",""
"Better End","betterendforge:violecite_bricks_stairs",1999,"false",6590,0,"Violecite Brick Stairs","true","",""
"Better End","betterendforge:violecite_bricks_wall",2001,"false",6592,0,"Violecite Brick Wall","true","",""
"Better End","betterendforge:violecite_furnace",2002,"false",6593,0,"Violecite Furnace","true","",""
"Better End","betterendforge:violecite_lantern",1997,"false",6588,0,"Violecite Lantern","true","",""
"Better End","betterendforge:violecite_pedestal",1996,"false",6587,0,"Violecite Pedestal","true","",""
"Better End","betterendforge:violecite_pillar",1991,"false",6582,0,"Violecite Pillar","true","",""
"Better End","betterendforge:violecite_polished",1989,"false",6580,0,"Polished Violecite","true","",""
"Better End","betterendforge:violecite_pressure_plate",1995,"false",6586,0,"Violecite Pressure Plate","true","",""
"Better End","betterendforge:violecite_slab",1993,"false",6584,0,"Violecite Slab","true","",""
"Better End","betterendforge:violecite_stairs",1992,"false",6583,0,"Violecite Stairs","true","",""
"Better End","betterendforge:violecite_tiles",1990,"false",6581,0,"Violecite Tiles","true","",""
"Better End","betterendforge:violecite_wall",1994,"false",6585,0,"Violecite Wall","true","",""
"Better End","betterendforge:virid_jadestone",2018,"false",6609,0,"Virid Jadestone","true","",""
"Better End","betterendforge:virid_jadestone_bricks",2028,"false",6619,0,"Virid Jadestone Bricks","true","",""
"Better End","betterendforge:virid_jadestone_bricks_slab",2030,"false",6621,0,"Virid Jadestone Brick Slab","true","",""
"Better End","betterendforge:virid_jadestone_bricks_stairs",2029,"false",6620,0,"Virid Jadestone Brick Stairs","true","",""
"Better End","betterendforge:virid_jadestone_bricks_wall",2031,"false",6622,0,"Virid Jadestone Brick Wall","true","",""
"Better End","betterendforge:virid_jadestone_furnace",2032,"false",6623,0,"Virid Jadestone Furnace","true","",""
"Better End","betterendforge:virid_jadestone_lantern",2027,"false",6618,0,"Virid Jadestone Lantern","true","",""
"Better End","betterendforge:virid_jadestone_pedestal",2026,"false",6617,0,"Virid Jadestone Pedestal","true","",""
"Better End","betterendforge:virid_jadestone_pillar",2021,"false",6612,0,"Virid Jadestone Pillar","true","",""
"Better End","betterendforge:virid_jadestone_polished",2019,"false",6610,0,"Polished Virid Jadestone","true","",""
"Better End","betterendforge:virid_jadestone_pressure_plate",2025,"false",6616,0,"Virid Jadestone Pressure Plate","true","",""
"Better End","betterendforge:virid_jadestone_slab",2023,"false",6614,0,"Virid Jadestone Slab","true","",""
"Better End","betterendforge:virid_jadestone_stairs",2022,"false",6613,0,"Virid Jadestone Stairs","true","",""
"Better End","betterendforge:virid_jadestone_tiles",2020,"false",6611,0,"Virid Jadestone Tiles","true","",""
"Better End","betterendforge:virid_jadestone_wall",2024,"false",6615,0,"Virid Jadestone Wall","true","",""
"BetterNether: RotN Edition","betternether:agave",289,"false",4140,0,"Agave","true","",""
"BetterNether: RotN Edition","betternether:barrel_cactus",288,"false",4139,0,"Barrel Cactus","true","",""
"BetterNether: RotN Edition","betternether:black_apple",295,"false",,,"tile.black_apple.name","true","",""
"BetterNether: RotN Edition","betternether:black_apple_seed",296,"false",4145,0,"Black Apple Seed","true","",""
"BetterNether: RotN Edition","betternether:black_bush",290,"false",4141,0,"Black Bush","true","",""
"BetterNether: RotN Edition","betternether:block_eyeball",253,"false",4113,0,"Eyeball Block","true","",""
"BetterNether: RotN Edition","betternether:block_eyeball_small",254,"false",4114,0,"Small Eyeball Block","true","",""
"BetterNether: RotN Edition","betternether:bone_block",322,"false",4168,0,"Bone Block","true","",""
"BetterNether: RotN Edition","betternether:bone_button",326,"false",4171,0,"Bone Button","true","",""
"BetterNether: RotN Edition","betternether:bone_cincinnasite_door",352,"false",4195,0,"Bone-Cincinnasite Door","true","",""
"BetterNether: RotN Edition","betternether:bone_mushroom",334,"false",4178,0,"Bone Mushroom Spores","true","",""
"BetterNether: RotN Edition","betternether:bone_plate",327,"false",4172,0,"Bone Pressure Plate","true","",""
"BetterNether: RotN Edition","betternether:bone_reed_door",351,"false",4194,0,"Bone-Reed Door","true","",""
"BetterNether: RotN Edition","betternether:bone_slab_double",325,"false",,,"tile.bone_slab_double.name","true","",""
"BetterNether: RotN Edition","betternether:bone_slab_half",324,"false",4170,0,"Bone Slab","true","",""
"BetterNether: RotN Edition","betternether:bone_stairs",323,"false",4169,0,"Bone Stairs","true","",""
"BetterNether: RotN Edition","betternether:bone_tile",337,"false",4181,0,"Bone Tile","true","",""
"BetterNether: RotN Edition","betternether:bone_wall",329,"false",4174,0,"Bone Wall","true","",""
"BetterNether: RotN Edition","betternether:brown_large_mushroom",300,"false",,,"tile.brown_large_mushroom.name","true","",""
"BetterNether: RotN Edition","betternether:chest_of_drawers",356,"false",4198,0,"tile.chest_of_drawers.name","true","",""
"BetterNether: RotN Edition","betternether:cincinnasite_bars",346,"false",4189,0,"Cincinnasite Bars","true","",""
"BetterNether: RotN Edition","betternether:cincinnasite_block",305,"false",4152,0,"Cincinnasite Block","true","",""
"BetterNether: RotN Edition","betternether:cincinnasite_brick_plate",309,"false",4156,0,"Cincinnasite Brick Plate","true","",""
"BetterNether: RotN Edition","betternether:cincinnasite_bricks",308,"false",4155,0,"Cincinnasite Bricks","true","",""
"BetterNether: RotN Edition","betternether:cincinnasite_bricks_pillar",336,"false",4180,0,"Cincinnasite Brick Pillar","true","",""
"BetterNether: RotN Edition","betternether:cincinnasite_button",313,"false",4159,0,"Cincinnasite Button","true","",""
"BetterNether: RotN Edition","betternether:cincinnasite_carved",318,"false",4164,0,"Cincinnasite Carved","true","",""
"BetterNether: RotN Edition","betternether:cincinnasite_fire_bowl",328,"false",4173,0,"Cincinnasite Fire Bowl","true","",""
"BetterNether: RotN Edition","betternether:cincinnasite_forge",349,"false",4192,0,"Cincinnasite Forge","true","",""
"BetterNether: RotN Edition","betternether:cincinnasite_forged",306,"false",4153,0,"Forged Cincinnasite Block","true","blockCincinnasite",""
"BetterNether: RotN Edition","betternether:cincinnasite_frame",342,"false",4185,0,"Cincinnasite Frame","true","",""
"BetterNether: RotN Edition","betternether:cincinnasite_lantern",315,"false",4161,0,"Cincinnasite Lantern","true","",""
"BetterNether: RotN Edition","betternether:cincinnasite_ore",304,"false",4151,0,"Cincinnasite Ore","true","oreCincinnasite",""
"BetterNether: RotN Edition","betternether:cincinnasite_pedestal",338,"false",4182,0,"Cincinnasite Pedestal","true","",""
"BetterNether: RotN Edition","betternether:cincinnasite_pillar",307,"false",4154,0,"Cincinnasite Pillar","true","blockCincinnasite",""
"BetterNether: RotN Edition","betternether:cincinnasite_plate",314,"false",4160,0,"Cincinnasite Plate","true","",""
"BetterNether: RotN Edition","betternether:cincinnasite_pot",340,"false",4184,0,"Cincinnasite Pot","true","",""
"BetterNether: RotN Edition","betternether:cincinnasite_slab_double",312,"false",,,"tile.cincinnasite_slab_double.name","true","",""
"BetterNether: RotN Edition","betternether:cincinnasite_slab_half",311,"false",4158,0,"Cincinnasite Slab","true","",""
"BetterNether: RotN Edition","betternether:cincinnasite_stairs",310,"false",4157,0,"Cincinnasite Stairs","true","",""
"BetterNether: RotN Edition","betternether:cincinnasite_tile_large",316,"false",4162,0,"Large Cincinnasite Tile","true","blockCincinnasite",""
"BetterNether: RotN Edition","betternether:cincinnasite_tile_small",317,"false",4163,0,"Small Cincinnasite Tile","true","blockCincinnasite",""
"BetterNether: RotN Edition","betternether:cincinnasite_wall",321,"false",4167,0,"Cincinnasite Wall","true","",""
"BetterNether: RotN Edition","betternether:egg_plant",294,"false",4144,0,"Egg Plant","true","",""
"BetterNether: RotN Edition","betternether:eye_seed",257,"false",4115,0,"Eye Seed","true","",""
"BetterNether: RotN Edition","betternether:eye_vine",256,"false",,,"tile.eye_vine.name","true","",""
"BetterNether: RotN Edition","betternether:gray_mold",303,"false",4150,0,"Gray Mold","true","",""
"BetterNether: RotN Edition","betternether:ink_bush",291,"false",,,"Ink Bush","true","",""
"BetterNether: RotN Edition","betternether:ink_bush_seed",292,"false",4142,0,"Ink Bush Seed","true","",""
"BetterNether: RotN Edition","betternether:lucis_mushroom",284,"false",,,"tile.lucis_mushroom.name","true","",""
"BetterNether: RotN Edition","betternether:lucis_spore",285,"false",4136,0,"Lucis Spore","true","",""
"BetterNether: RotN Edition","betternether:magma_flower",297,"false",4146,0,"Magma flower seed","true","",""
"BetterNether: RotN Edition","betternether:nether_brick_tile_large",319,"false",4165,0,"Large Nether Brick Tile","true","",""
"BetterNether: RotN Edition","betternether:nether_brick_tile_slab_double",332,"false",,,"tile.nether_brick_tile_slab_double.name","true","",""
"BetterNether: RotN Edition","betternether:nether_brick_tile_slab_half",331,"false",4176,0,"Small Nether Brick Tile Slab","true","",""
"BetterNether: RotN Edition","betternether:nether_brick_tile_small",320,"false",4166,0,"Small Nether Brick Tile","true","",""
"BetterNether: RotN Edition","betternether:nether_brick_tile_stairs",333,"false",4177,0,"Small Nether Brick Tile Stairs","true","",""
"BetterNether: RotN Edition","betternether:nether_brick_wall",330,"false",4175,0,"Nether Brick Wall","true","",""
"BetterNether: RotN Edition","betternether:nether_cactus",286,"false",4137,0,"Nether Cactus","true","",""
"BetterNether: RotN Edition","betternether:nether_grass",259,"false",4117,0,"Nether Grass","true","",""
"BetterNether: RotN Edition","betternether:nether_mycelium",298,"false",4147,0,"Nether Mycelium","true","",""
"BetterNether: RotN Edition","betternether:nether_reed",260,"false",4118,0,"Nether Reed","true","sugarcane",""
"BetterNether: RotN Edition","betternether:netherrack_furnace",350,"false",4193,0,"Netherrack Furnace","true","",""
"BetterNether: RotN Edition","betternether:netherrack_moss",258,"false",4116,0,"Nether Moss","true","",""
"BetterNether: RotN Edition","betternether:orange_mushroom",301,"false",4148,0,"Jack O' Lantern Mushroom","true","",""
"BetterNether: RotN Edition","betternether:pig_statue_01",339,"false",4183,0,"Respawner Statue","true","",""
"BetterNether: RotN Edition","betternether:potted_plant_1",341,"false",,,"Potted Plant","true","",""
"BetterNether: RotN Edition","betternether:quartz_glass",343,"false",4186,0,"Quartz Glass","true","blockQuartzGlass",""
"BetterNether: RotN Edition","betternether:quartz_glass_framed",344,"false",4187,0,"Framed Quartz Glass","true","",""
"BetterNether: RotN Edition","betternether:quartz_glass_framed_pane",348,"false",4191,0,"Framed Quartz Glass Pane","true","",""
"BetterNether: RotN Edition","betternether:quartz_glass_pane",347,"false",4190,0,"Quartz Glass Pane","true","paneQuartzGlass",""
"BetterNether: RotN Edition","betternether:quartz_stained_glass",345,"true",4188,0,"Quartz Stained Glass White","true","",""
"BetterNether: RotN Edition","betternether:quartz_stained_glass",345,"true",4188,1,"Quartz Stained Glass Orange","true","",""
"BetterNether: RotN Edition","betternether:quartz_stained_glass",345,"true",4188,2,"Quartz Stained Glass Magenta","true","",""
"BetterNether: RotN Edition","betternether:quartz_stained_glass",345,"true",4188,3,"Quartz Stained Glass Light Blue","true","",""
"BetterNether: RotN Edition","betternether:quartz_stained_glass",345,"true",4188,4,"Quartz Stained Glass Yellow","true","",""
"BetterNether: RotN Edition","betternether:quartz_stained_glass",345,"true",4188,5,"Quartz Stained Glass Lime","true","",""
"BetterNether: RotN Edition","betternether:quartz_stained_glass",345,"true",4188,6,"Quartz Stained Glass Pink","true","",""
"BetterNether: RotN Edition","betternether:quartz_stained_glass",345,"true",4188,7,"Quartz Stained Glass Gray","true","",""
"BetterNether: RotN Edition","betternether:quartz_stained_glass",345,"true",4188,8,"Quartz Stained Glass Silver","true","",""
"BetterNether: RotN Edition","betternether:quartz_stained_glass",345,"true",4188,9,"Quartz Stained Glass Cyan","true","",""
"BetterNether: RotN Edition","betternether:quartz_stained_glass",345,"true",4188,10,"Quartz Stained Glass Purple","true","",""
"BetterNether: RotN Edition","betternether:quartz_stained_glass",345,"true",4188,11,"Quartz Stained Glass Blue","true","",""
"BetterNether: RotN Edition","betternether:quartz_stained_glass",345,"true",4188,12,"Quartz Stained Glass Brown","true","",""
"BetterNether: RotN Edition","betternether:quartz_stained_glass",345,"true",4188,13,"Quartz Stained Glass Green","true","",""
"BetterNether: RotN Edition","betternether:quartz_stained_glass",345,"true",4188,14,"Quartz Stained Glass Red","true","",""
"BetterNether: RotN Edition","betternether:quartz_stained_glass",345,"true",4188,15,"Quartz Stained Glass Black","true","",""
"BetterNether: RotN Edition","betternether:quartz_stained_glass_framed",353,"true",4196,0,"Framed Quartz Stained Glass White","true","",""
"BetterNether: RotN Edition","betternether:quartz_stained_glass_framed",353,"true",4196,1,"Framed Quartz Stained Glass Orange","true","",""
"BetterNether: RotN Edition","betternether:quartz_stained_glass_framed",353,"true",4196,2,"Framed Quartz Stained Glass Magenta","true","",""
"BetterNether: RotN Edition","betternether:quartz_stained_glass_framed",353,"true",4196,3,"Framed Quartz Stained Glass Light Blue","true","",""
"BetterNether: RotN Edition","betternether:quartz_stained_glass_framed",353,"true",4196,4,"Framed Quartz Stained Glass Yellow","true","",""
"BetterNether: RotN Edition","betternether:quartz_stained_glass_framed",353,"true",4196,5,"Framed Quartz Stained Glass Lime","true","",""
"BetterNether: RotN Edition","betternether:quartz_stained_glass_framed",353,"true",4196,6,"Framed Quartz Stained Glass Pink","true","",""
"BetterNether: RotN Edition","betternether:quartz_stained_glass_framed",353,"true",4196,7,"Framed Quartz Stained Glass Gray","true","",""
"BetterNether: RotN Edition","betternether:quartz_stained_glass_framed",353,"true",4196,8,"Framed Quartz Stained Glass Silver","true","",""
"BetterNether: RotN Edition","betternether:quartz_stained_glass_framed",353,"true",4196,9,"Framed Quartz Stained Glass Cyan","true","",""
"BetterNether: RotN Edition","betternether:quartz_stained_glass_framed",353,"true",4196,10,"Framed Quartz Stained Glass Purple","true","",""
"BetterNether: RotN Edition","betternether:quartz_stained_glass_framed",353,"true",4196,11,"Framed Quartz Stained Glass Blue","true","",""
"BetterNether: RotN Edition","betternether:quartz_stained_glass_framed",353,"true",4196,12,"Framed Quartz Stained Glass Brown","true","",""
"BetterNether: RotN Edition","betternether:quartz_stained_glass_framed",353,"true",4196,13,"Framed Quartz Stained Glass Green","true","",""
"BetterNether: RotN Edition","betternether:quartz_stained_glass_framed",353,"true",4196,14,"Framed Quartz Stained Glass Red","true","",""
"BetterNether: RotN Edition","betternether:quartz_stained_glass_framed",353,"true",4196,15,"Framed Quartz Stained Glass Black","true","",""
"BetterNether: RotN Edition","betternether:quartz_stained_glass_pane",354,"true",4197,0,"tile.quartz_stained_glass_pane.white.name","true","",""
"BetterNether: RotN Edition","betternether:quartz_stained_glass_pane",354,"true",4197,1,"tile.quartz_stained_glass_pane.orange.name","true","",""
"BetterNether: RotN Edition","betternether:quartz_stained_glass_pane",354,"true",4197,2,"tile.quartz_stained_glass_pane.magenta.name","true","",""
"BetterNether: RotN Edition","betternether:quartz_stained_glass_pane",354,"true",4197,3,"tile.quartz_stained_glass_pane.lightBlue.name","true","",""
"BetterNether: RotN Edition","betternether:quartz_stained_glass_pane",354,"true",4197,4,"tile.quartz_stained_glass_pane.yellow.name","true","",""
"BetterNether: RotN Edition","betternether:quartz_stained_glass_pane",354,"true",4197,5,"tile.quartz_stained_glass_pane.lime.name","true","",""
"BetterNether: RotN Edition","betternether:quartz_stained_glass_pane",354,"true",4197,6,"tile.quartz_stained_glass_pane.pink.name","true","",""
"BetterNether: RotN Edition","betternether:quartz_stained_glass_pane",354,"true",4197,7,"tile.quartz_stained_glass_pane.gray.name","true","",""
"BetterNether: RotN Edition","betternether:quartz_stained_glass_pane",354,"true",4197,8,"tile.quartz_stained_glass_pane.silver.name","true","",""
"BetterNether: RotN Edition","betternether:quartz_stained_glass_pane",354,"true",4197,9,"tile.quartz_stained_glass_pane.cyan.name","true","",""
"BetterNether: RotN Edition","betternether:quartz_stained_glass_pane",354,"true",4197,10,"tile.quartz_stained_glass_pane.purple.name","true","",""
"BetterNether: RotN Edition","betternether:quartz_stained_glass_pane",354,"true",4197,11,"tile.quartz_stained_glass_pane.blue.name","true","",""
"BetterNether: RotN Edition","betternether:quartz_stained_glass_pane",354,"true",4197,12,"tile.quartz_stained_glass_pane.brown.name","true","",""
"BetterNether: RotN Edition","betternether:quartz_stained_glass_pane",354,"true",4197,13,"tile.quartz_stained_glass_pane.green.name","true","",""
"BetterNether: RotN Edition","betternether:quartz_stained_glass_pane",354,"true",4197,14,"tile.quartz_stained_glass_pane.red.name","true","",""
"BetterNether: RotN Edition","betternether:quartz_stained_glass_pane",354,"true",4197,15,"tile.quartz_stained_glass_pane.black.name","true","",""
"BetterNether: RotN Edition","betternether:red_large_mushroom",299,"false",,,"tile.red_large_mushroom.name","true","",""
"BetterNether: RotN Edition","betternether:red_mold",302,"false",4149,0,"Red Mold","true","",""
"BetterNether: RotN Edition","betternether:reeds_block",276,"false",4129,0,"Reeds Block","true","plankWood",""
"BetterNether: RotN Edition","betternether:reeds_button",282,"false",4134,0,"Reeds Button","true","",""
"BetterNether: RotN Edition","betternether:reeds_fence",280,"false",4132,0,"Reeds Fence","true","",""
"BetterNether: RotN Edition","betternether:reeds_gate",281,"false",4133,0,"Reeds Gate","true","",""
"BetterNether: RotN Edition","betternether:reeds_ladder",335,"false",4179,0,"Reeds Ladder","true","",""
"BetterNether: RotN Edition","betternether:reeds_plate",283,"false",4135,0,"Reeds Pressure Plate","true","",""
"BetterNether: RotN Edition","betternether:reeds_slab_double",279,"false",,,"tile.reeds_slab_double.name","true","",""
"BetterNether: RotN Edition","betternether:reeds_slab_half",278,"false",4131,0,"Reeds Slab","true","slabWood",""
"BetterNether: RotN Edition","betternether:reeds_stairs",277,"false",4130,0,"Reeds Stairs","true","",""
"BetterNether: RotN Edition","betternether:smoker",293,"false",4143,0,"Smoker","true","",""
"BetterNether: RotN Edition","betternether:stalagnate_bark",267,"false",4121,0,"Stalagnate Bark","true","",""
"BetterNether: RotN Edition","betternether:stalagnate_bottom",262,"false",,,"tile.stalagnate_bottom.name","true","",""
"BetterNether: RotN Edition","betternether:stalagnate_bowl_placed",355,"false",,,"Stalagnate Bowl","true","",""
"BetterNether: RotN Edition","betternether:stalagnate_middle",263,"false",,,"Stalagnate","true","",""
"BetterNether: RotN Edition","betternether:stalagnate_planks",268,"false",4122,0,"Stalagnate Planks","true","plankWood",""
"BetterNether: RotN Edition","betternether:stalagnate_planks_button",274,"false",4127,0,"Stalagnate Button","true","",""
"BetterNether: RotN Edition","betternether:stalagnate_planks_fence",272,"false",4125,0,"Stalagnate Fence","true","",""
"BetterNether: RotN Edition","betternether:stalagnate_planks_gate",273,"false",4126,0,"Stalagnate Gate","true","",""
"BetterNether: RotN Edition","betternether:stalagnate_planks_plate",275,"false",4128,0,"Stalagnate Pressure Plate","true","",""
"BetterNether: RotN Edition","betternether:stalagnate_planks_slab_double",271,"false",,,"tile.stalagnate_planks_slab_double.name","true","",""
"BetterNether: RotN Edition","betternether:stalagnate_planks_slab_half",270,"false",4124,0,"Stalagnate Slab","true","slabWood",""
"BetterNether: RotN Edition","betternether:stalagnate_planks_stairs",269,"false",4123,0,"Stalagnate Stairs","true","",""
"BetterNether: RotN Edition","betternether:stalagnate_seed",265,"false",4120,0,"Stalagnate Seed","true","",""
"BetterNether: RotN Edition","betternether:stalagnate_seed_bottom",266,"false",,,"Stalagnate Seed","true","",""
"BetterNether: RotN Edition","betternether:stalagnate_stem",261,"false",4119,0,"Stalagnate","true","logWood",""
"BetterNether: RotN Edition","betternether:stalagnate_top",264,"false",,,"Stalagnate","true","",""
"BetterNether: RotN Edition","betternether:wart_seed",287,"false",4138,0,"Wart Seed","true","",""
"BiblioCraft","bibliocraft:armorstand",2319,"true",7529,0,"Oak Armor Stand","true","",""
"BiblioCraft","bibliocraft:armorstand",2319,"true",7529,1,"Spruce Armor Stand","true","",""
"BiblioCraft","bibliocraft:armorstand",2319,"true",7529,2,"Birch Armor Stand","true","",""
"BiblioCraft","bibliocraft:armorstand",2319,"true",7529,3,"Jungle Armor Stand","true","",""
"BiblioCraft","bibliocraft:armorstand",2319,"true",7529,4,"Acacia Armor Stand","true","",""
"BiblioCraft","bibliocraft:armorstand",2319,"true",7529,5,"Dark Oak Armor Stand","true","",""
"BiblioCraft","bibliocraft:armorstand",2319,"true",7529,6,"Framed Armor Stand","true","",""
"BiblioCraft","bibliocraft:bell",2320,"false",7530,0,"Desk Bell","true","",""
"BiblioCraft","bibliocraft:bookcase",2289,"true",7499,0,"Oak Bookcase","true","",""
"BiblioCraft","bibliocraft:bookcase",2289,"true",7499,1,"Spruce Bookcase","true","",""
"BiblioCraft","bibliocraft:bookcase",2289,"true",7499,2,"Birch Bookcase","true","",""
"BiblioCraft","bibliocraft:bookcase",2289,"true",7499,3,"Jungle Bookcase","true","",""
"BiblioCraft","bibliocraft:bookcase",2289,"true",7499,4,"Acacia Bookcase","true","",""
"BiblioCraft","bibliocraft:bookcase",2289,"true",7499,5,"Dark Oak Bookcase","true","",""
"BiblioCraft","bibliocraft:bookcase",2289,"true",7499,6,"Framed Bookcase","true","",""
"BiblioCraft","bibliocraft:bookcasecreative",2290,"true",7500,0,"Oak Creative Bookcase","true","",""
"BiblioCraft","bibliocraft:bookcasecreative",2290,"true",7500,1,"Spruce Creative Bookcase","true","",""
"BiblioCraft","bibliocraft:bookcasecreative",2290,"true",7500,2,"Birch Creative Bookcase","true","",""
"BiblioCraft","bibliocraft:bookcasecreative",2290,"true",7500,3,"Jungle Creative Bookcase","true","",""
"BiblioCraft","bibliocraft:bookcasecreative",2290,"true",7500,4,"Acacia Creative Bookcase","true","",""
"BiblioCraft","bibliocraft:bookcasecreative",2290,"true",7500,5,"Dark Oak Creative Bookcase","true","",""
"BiblioCraft","bibliocraft:bookcasecreative",2290,"true",7500,6,"Framed Creative Bookcase","true","",""
"BiblioCraft","bibliocraft:case",2309,"true",7519,0,"Oak Case","true","",""
"BiblioCraft","bibliocraft:case",2309,"true",7519,1,"Spruce Case","true","",""
"BiblioCraft","bibliocraft:case",2309,"true",7519,2,"Birch Case","true","",""
"BiblioCraft","bibliocraft:case",2309,"true",7519,3,"Jungle Case","true","",""
"BiblioCraft","bibliocraft:case",2309,"true",7519,4,"Acacia Case","true","",""
"BiblioCraft","bibliocraft:case",2309,"true",7519,5,"Dark Oak Case","true","",""
"BiblioCraft","bibliocraft:case",2309,"true",7519,6,"Framed Case","true","",""
"BiblioCraft","bibliocraft:clipboard",2293,"false",7503,0,"tile.BiblioCraft:Clipboard.name","true","",""
"BiblioCraft","bibliocraft:clock",2308,"true",7518,0,"Oak Clock","true","",""
"BiblioCraft","bibliocraft:clock",2308,"true",7518,1,"Spruce Clock","true","",""
"BiblioCraft","bibliocraft:clock",2308,"true",7518,2,"Birch Clock","true","",""
"BiblioCraft","bibliocraft:clock",2308,"true",7518,3,"Jungle Clock","true","",""
"BiblioCraft","bibliocraft:clock",2308,"true",7518,4,"Acacia Clock","true","",""
"BiblioCraft","bibliocraft:clock",2308,"true",7518,5,"Dark Oak Clock","true","",""
"BiblioCraft","bibliocraft:clock",2308,"true",7518,6,"Framed Clock","true","",""
"BiblioCraft","bibliocraft:cookiejar",2323,"false",7533,0,"Cookie Jar","true","",""
"BiblioCraft","bibliocraft:desk",2305,"true",7515,0,"Oak Desk","true","",""
"BiblioCraft","bibliocraft:desk",2305,"true",7515,1,"Spruce Desk","true","",""
"BiblioCraft","bibliocraft:desk",2305,"true",7515,2,"Birch Desk","true","",""
"BiblioCraft","bibliocraft:desk",2305,"true",7515,3,"Jungle Desk","true","",""
"BiblioCraft","bibliocraft:desk",2305,"true",7515,4,"Acacia Desk","true","",""
"BiblioCraft","bibliocraft:desk",2305,"true",7515,5,"Dark Oak Desk","true","",""
"BiblioCraft","bibliocraft:desk",2305,"true",7515,6,"Framed Desk","true","",""
"BiblioCraft","bibliocraft:dinnerplate",2324,"false",7534,0,"Dinner Plate","true","",""
"BiblioCraft","bibliocraft:discrack",2325,"false",7535,0,"Disc Rack","true","",""
"BiblioCraft","bibliocraft:fancysign",2300,"true",7510,0,"Oak Fancy Sign","true","",""
"BiblioCraft","bibliocraft:fancysign",2300,"true",7510,1,"Spruce Fancy Sign","true","",""
"BiblioCraft","bibliocraft:fancysign",2300,"true",7510,2,"Birch Fancy Sign","true","",""
"BiblioCraft","bibliocraft:fancysign",2300,"true",7510,3,"Jungle Fancy Sign","true","",""
"BiblioCraft","bibliocraft:fancysign",2300,"true",7510,4,"Acacia Fancy Sign","true","",""
"BiblioCraft","bibliocraft:fancysign",2300,"true",7510,5,"Dark Oak Fancy Sign","true","",""
"BiblioCraft","bibliocraft:fancysign",2300,"true",7510,6,"Framed Fancy Sign","true","",""
"BiblioCraft","bibliocraft:fancyworkbench",2301,"true",7511,0,"Oak Fancy Workbench","true","",""
"BiblioCraft","bibliocraft:fancyworkbench",2301,"true",7511,1,"Spruce Fancy Workbench","true","",""
"BiblioCraft","bibliocraft:fancyworkbench",2301,"true",7511,2,"Birch Fancy Workbench","true","",""
"BiblioCraft","bibliocraft:fancyworkbench",2301,"true",7511,3,"Jungle Fancy Workbench","true","",""
"BiblioCraft","bibliocraft:fancyworkbench",2301,"true",7511,4,"Acacia Fancy Workbench","true","",""
"BiblioCraft","bibliocraft:fancyworkbench",2301,"true",7511,5,"Dark Oak Workbench","true","",""
"BiblioCraft","bibliocraft:fancyworkbench",2301,"true",7511,6,"Framed Fancy Workbench","true","",""
"BiblioCraft","bibliocraft:framedchest",2299,"true",7509,0,"Oak Framed Chest","true","",""
"BiblioCraft","bibliocraft:framedchest",2299,"true",7509,1,"Spruce Framed Chest","true","",""
"BiblioCraft","bibliocraft:framedchest",2299,"true",7509,2,"Birch Framed Chest","true","",""
"BiblioCraft","bibliocraft:framedchest",2299,"true",7509,3,"Jungle Framed Chest","true","",""
"BiblioCraft","bibliocraft:framedchest",2299,"true",7509,4,"Acacia Framed Chest","true","",""
"BiblioCraft","bibliocraft:framedchest",2299,"true",7509,5,"Dark Oak Framed Chest","true","",""
"BiblioCraft","bibliocraft:framedchest",2299,"true",7509,6,"Framed Framed Chest","true","",""
"BiblioCraft","bibliocraft:furniturepaneler",2298,"true",7508,0,"Oak Furniture Paneler","true","",""
"BiblioCraft","bibliocraft:furniturepaneler",2298,"true",7508,1,"Spruce Furniture Paneler","true","",""
"BiblioCraft","bibliocraft:furniturepaneler",2298,"true",7508,2,"Birch Furniture Paneler","true","",""
"BiblioCraft","bibliocraft:furniturepaneler",2298,"true",7508,3,"Jungle Furniture Paneler","true","",""
"BiblioCraft","bibliocraft:furniturepaneler",2298,"true",7508,4,"Acacia Furniture Paneler","true","",""
"BiblioCraft","bibliocraft:furniturepaneler",2298,"true",7508,5,"Dark Oak Furniture Paneler","true","",""
"BiblioCraft","bibliocraft:furniturepaneler",2298,"true",7508,6,"Framed Furniture Paneler","true","",""
"BiblioCraft","bibliocraft:label",2304,"true",7514,0,"Oak Wood Label","true","",""
"BiblioCraft","bibliocraft:label",2304,"true",7514,1,"Spruce Wood Label","true","",""
"BiblioCraft","bibliocraft:label",2304,"true",7514,2,"Birch Wood Label","true","",""
"BiblioCraft","bibliocraft:label",2304,"true",7514,3,"Jungle Wood Label","true","",""
"BiblioCraft","bibliocraft:label",2304,"true",7514,4,"Acacia Label","true","",""
"BiblioCraft","bibliocraft:label",2304,"true",7514,5,"Dark Oak Label","true","",""
"BiblioCraft","bibliocraft:label",2304,"true",7514,6,"Framed Label","true","",""
"BiblioCraft","bibliocraft:lampgold",2296,"true",7506,0,"Fancy Lamp","true","",""
"BiblioCraft","bibliocraft:lampgold",2296,"true",7506,1,"Fancy Lamp","true","",""
"BiblioCraft","bibliocraft:lampgold",2296,"true",7506,2,"Fancy Lamp","true","",""
"BiblioCraft","bibliocraft:lampgold",2296,"true",7506,3,"Fancy Lamp","true","",""
"BiblioCraft","bibliocraft:lampgold",2296,"true",7506,4,"Fancy Lamp","true","",""
"BiblioCraft","bibliocraft:lampgold",2296,"true",7506,5,"Fancy Lamp","true","",""
"BiblioCraft","bibliocraft:lampgold",2296,"true",7506,6,"Fancy Lamp","true","",""
"BiblioCraft","bibliocraft:lampgold",2296,"true",7506,7,"Fancy Lamp","true","",""
"BiblioCraft","bibliocraft:lampgold",2296,"true",7506,8,"Fancy Lamp","true","",""
"BiblioCraft","bibliocraft:lampgold",2296,"true",7506,9,"Fancy Lamp","true","",""
"BiblioCraft","bibliocraft:lampgold",2296,"true",7506,10,"Fancy Lamp","true","",""
"BiblioCraft","bibliocraft:lampgold",2296,"true",7506,11,"Fancy Lamp","true","",""
"BiblioCraft","bibliocraft:lampgold",2296,"true",7506,12,"Fancy Lamp","true","",""
"BiblioCraft","bibliocraft:lampgold",2296,"true",7506,13,"Fancy Lamp","true","",""
"BiblioCraft","bibliocraft:lampgold",2296,"true",7506,14,"Fancy Lamp","true","",""
"BiblioCraft","bibliocraft:lampgold",2296,"true",7506,15,"Fancy Lamp","true","",""
"BiblioCraft","bibliocraft:lampiron",2297,"true",7507,0,"Fancy Lamp","true","",""
"BiblioCraft","bibliocraft:lampiron",2297,"true",7507,1,"Fancy Lamp","true","",""
"BiblioCraft","bibliocraft:lampiron",2297,"true",7507,2,"Fancy Lamp","true","",""
"BiblioCraft","bibliocraft:lampiron",2297,"true",7507,3,"Fancy Lamp","true","",""
"BiblioCraft","bibliocraft:lampiron",2297,"true",7507,4,"Fancy Lamp","true","",""
"BiblioCraft","bibliocraft:lampiron",2297,"true",7507,5,"Fancy Lamp","true","",""
"BiblioCraft","bibliocraft:lampiron",2297,"true",7507,6,"Fancy Lamp","true","",""
"BiblioCraft","bibliocraft:lampiron",2297,"true",7507,7,"Fancy Lamp","true","",""
"BiblioCraft","bibliocraft:lampiron",2297,"true",7507,8,"Fancy Lamp","true","",""
"BiblioCraft","bibliocraft:lampiron",2297,"true",7507,9,"Fancy Lamp","true","",""
"BiblioCraft","bibliocraft:lampiron",2297,"true",7507,10,"Fancy Lamp","true","",""
"BiblioCraft","bibliocraft:lampiron",2297,"true",7507,11,"Fancy Lamp","true","",""
"BiblioCraft","bibliocraft:lampiron",2297,"true",7507,12,"Fancy Lamp","true","",""
"BiblioCraft","bibliocraft:lampiron",2297,"true",7507,13,"Fancy Lamp","true","",""
"BiblioCraft","bibliocraft:lampiron",2297,"true",7507,14,"Fancy Lamp","true","",""
"BiblioCraft","bibliocraft:lampiron",2297,"true",7507,15,"Fancy Lamp","true","",""
"BiblioCraft","bibliocraft:lanterngold",2294,"true",7504,0,"Fancy Lantern","true","",""
"BiblioCraft","bibliocraft:lanterngold",2294,"true",7504,1,"Fancy Lantern","true","",""
"BiblioCraft","bibliocraft:lanterngold",2294,"true",7504,2,"Fancy Lantern","true","",""
"BiblioCraft","bibliocraft:lanterngold",2294,"true",7504,3,"Fancy Lantern","true","",""
"BiblioCraft","bibliocraft:lanterngold",2294,"true",7504,4,"Fancy Lantern","true","",""
"BiblioCraft","bibliocraft:lanterngold",2294,"true",7504,5,"Fancy Lantern","true","",""
"BiblioCraft","bibliocraft:lanterngold",2294,"true",7504,6,"Fancy Lantern","true","",""
"BiblioCraft","bibliocraft:lanterngold",2294,"true",7504,7,"Fancy Lantern","true","",""
"BiblioCraft","bibliocraft:lanterngold",2294,"true",7504,8,"Fancy Lantern","true","",""
"BiblioCraft","bibliocraft:lanterngold",2294,"true",7504,9,"Fancy Lantern","true","",""
"BiblioCraft","bibliocraft:lanterngold",2294,"true",7504,10,"Fancy Lantern","true","",""
"BiblioCraft","bibliocraft:lanterngold",2294,"true",7504,11,"Fancy Lantern","true","",""
"BiblioCraft","bibliocraft:lanterngold",2294,"true",7504,12,"Fancy Lantern","true","",""
"BiblioCraft","bibliocraft:lanterngold",2294,"true",7504,13,"Fancy Lantern","true","",""
"BiblioCraft","bibliocraft:lanterngold",2294,"true",7504,14,"Fancy Lantern","true","",""
"BiblioCraft","bibliocraft:lanterngold",2294,"true",7504,15,"Fancy Lantern","true","",""
"BiblioCraft","bibliocraft:lanterniron",2295,"true",7505,0,"Fancy Lantern","true","",""
"BiblioCraft","bibliocraft:lanterniron",2295,"true",7505,1,"Fancy Lantern","true","",""
"BiblioCraft","bibliocraft:lanterniron",2295,"true",7505,2,"Fancy Lantern","true","",""
"BiblioCraft","bibliocraft:lanterniron",2295,"true",7505,3,"Fancy Lantern","true","",""
"BiblioCraft","bibliocraft:lanterniron",2295,"true",7505,4,"Fancy Lantern","true","",""
"BiblioCraft","bibliocraft:lanterniron",2295,"true",7505,5,"Fancy Lantern","true","",""
"BiblioCraft","bibliocraft:lanterniron",2295,"true",7505,6,"Fancy Lantern","true","",""
"BiblioCraft","bibliocraft:lanterniron",2295,"true",7505,7,"Fancy Lantern","true","",""
"BiblioCraft","bibliocraft:lanterniron",2295,"true",7505,8,"Fancy Lantern","true","",""
"BiblioCraft","bibliocraft:lanterniron",2295,"true",7505,9,"Fancy Lantern","true","",""
"BiblioCraft","bibliocraft:lanterniron",2295,"true",7505,10,"Fancy Lantern","true","",""
"BiblioCraft","bibliocraft:lanterniron",2295,"true",7505,11,"Fancy Lantern","true","",""
"BiblioCraft","bibliocraft:lanterniron",2295,"true",7505,12,"Fancy Lantern","true","",""
"BiblioCraft","bibliocraft:lanterniron",2295,"true",7505,13,"Fancy Lantern","true","",""
"BiblioCraft","bibliocraft:lanterniron",2295,"true",7505,14,"Fancy Lantern","true","",""
"BiblioCraft","bibliocraft:lanterniron",2295,"true",7505,15,"Fancy Lantern","true","",""
"BiblioCraft","bibliocraft:mapframe",2310,"true",7520,0,"Oak Map Frame","true","",""
"BiblioCraft","bibliocraft:mapframe",2310,"true",7520,1,"Spruce Map Frame","true","",""
"BiblioCraft","bibliocraft:mapframe",2310,"true",7520,2,"Birch Map Frame","true","",""
"BiblioCraft","bibliocraft:mapframe",2310,"true",7520,3,"Jungle Map Frame","true","",""
"BiblioCraft","bibliocraft:mapframe",2310,"true",7520,4,"Acacia Map Frame","true","",""
"BiblioCraft","bibliocraft:mapframe",2310,"true",7520,5,"Dark Oak Map Frame","true","",""
"BiblioCraft","bibliocraft:mapframe",2310,"true",7520,6,"Framed Map Frame","true","",""
"BiblioCraft","bibliocraft:markerpole",2292,"false",7502,0,"tile.BiblioCraft:MarkerPole.name","true","",""
"BiblioCraft","bibliocraft:paintingframeborderless",2315,"true",7525,0,"Oak Painting Frame","true","",""
"BiblioCraft","bibliocraft:paintingframeborderless",2315,"true",7525,1,"Spruce Painting Frame","true","",""
"BiblioCraft","bibliocraft:paintingframeborderless",2315,"true",7525,2,"Birch Painting Frame","true","",""
"BiblioCraft","bibliocraft:paintingframeborderless",2315,"true",7525,3,"Jungle Painting Frame","true","",""
"BiblioCraft","bibliocraft:paintingframeborderless",2315,"true",7525,4,"Acacia Painting Frame","true","",""
"BiblioCraft","bibliocraft:paintingframeborderless",2315,"true",7525,5,"Dark Oak Painting Frame","true","",""
"BiblioCraft","bibliocraft:paintingframeborderless",2315,"true",7525,6,"Framed Painting Frame","true","",""
"BiblioCraft","bibliocraft:paintingframefancy",2314,"true",7524,0,"Oak Painting Frame","true","",""
"BiblioCraft","bibliocraft:paintingframefancy",2314,"true",7524,1,"Spruce Painting Frame","true","",""
"BiblioCraft","bibliocraft:paintingframefancy",2314,"true",7524,2,"Birch Painting Frame","true","",""
"BiblioCraft","bibliocraft:paintingframefancy",2314,"true",7524,3,"Jungle Painting Frame","true","",""
"BiblioCraft","bibliocraft:paintingframefancy",2314,"true",7524,4,"Acacia Painting Frame","true","",""
"BiblioCraft","bibliocraft:paintingframefancy",2314,"true",7524,5,"Dark Oak Painting Frame","true","",""
"BiblioCraft","bibliocraft:paintingframefancy",2314,"true",7524,6,"Framed Painting Frame","true","",""
"BiblioCraft","bibliocraft:paintingframeflat",2311,"true",7521,0,"Oak Painting Frame","true","",""
"BiblioCraft","bibliocraft:paintingframeflat",2311,"true",7521,1,"Spruce Painting Frame","true","",""
"BiblioCraft","bibliocraft:paintingframeflat",2311,"true",7521,2,"Birch Painting Frame","true","",""
"BiblioCraft","bibliocraft:paintingframeflat",2311,"true",7521,3,"Jungle Painting Frame","true","",""
"BiblioCraft","bibliocraft:paintingframeflat",2311,"true",7521,4,"Acacia Painting Frame","true","",""
"BiblioCraft","bibliocraft:paintingframeflat",2311,"true",7521,5,"Dark Oak Painting Frame","true","",""
"BiblioCraft","bibliocraft:paintingframeflat",2311,"true",7521,6,"Framed Painting Frame","true","",""
"BiblioCraft","bibliocraft:paintingframemiddle",2313,"true",7523,0,"Oak Painting Frame","true","",""
"BiblioCraft","bibliocraft:paintingframemiddle",2313,"true",7523,1,"Spruce Painting Frame","true","",""
"BiblioCraft","bibliocraft:paintingframemiddle",2313,"true",7523,2,"Birch Painting Frame","true","",""
"BiblioCraft","bibliocraft:paintingframemiddle",2313,"true",7523,3,"Jungle Painting Frame","true","",""
"BiblioCraft","bibliocraft:paintingframemiddle",2313,"true",7523,4,"Acacia Painting Frame","true","",""
"BiblioCraft","bibliocraft:paintingframemiddle",2313,"true",7523,5,"Dark Oak Painting Frame","true","",""
"BiblioCraft","bibliocraft:paintingframemiddle",2313,"true",7523,6,"Framed Painting Frame","true","",""
"BiblioCraft","bibliocraft:paintingframesimple",2312,"true",7522,0,"Oak Painting Frame","true","",""
"BiblioCraft","bibliocraft:paintingframesimple",2312,"true",7522,1,"Spruce Painting Frame","true","",""
"BiblioCraft","bibliocraft:paintingframesimple",2312,"true",7522,2,"Birch Painting Frame","true","",""
"BiblioCraft","bibliocraft:paintingframesimple",2312,"true",7522,3,"Jungle Painting Frame","true","",""
"BiblioCraft","bibliocraft:paintingframesimple",2312,"true",7522,4,"Acacia Painting Frame","true","",""
"BiblioCraft","bibliocraft:paintingframesimple",2312,"true",7522,5,"Dark Oak Painting Frame","true","",""
"BiblioCraft","bibliocraft:paintingframesimple",2312,"true",7522,6,"Framed Painting Frame","true","",""
"BiblioCraft","bibliocraft:paintingpress",2316,"false",7526,0,"Painting Press","true","",""
"BiblioCraft","bibliocraft:potionshelf",2302,"true",7512,0,"Oak Potion Shelf","true","",""
"BiblioCraft","bibliocraft:potionshelf",2302,"true",7512,1,"Spruce Potion Shelf","true","",""
"BiblioCraft","bibliocraft:potionshelf",2302,"true",7512,2,"Birch Potion Shelf","true","",""
"BiblioCraft","bibliocraft:potionshelf",2302,"true",7512,3,"Jungle Potion Shelf","true","",""
"BiblioCraft","bibliocraft:potionshelf",2302,"true",7512,4,"Acacia Potion Shelf","true","",""
"BiblioCraft","bibliocraft:potionshelf",2302,"true",7512,5,"Dark Oak Potion Shelf","true","",""
"BiblioCraft","bibliocraft:potionshelf",2302,"true",7512,6,"Framed Potion Shelf","true","",""
"BiblioCraft","bibliocraft:printingpress",2322,"false",7532,0,"Printing Press","true","",""
"BiblioCraft","bibliocraft:seat",2307,"true",7517,0,"Oak Seat","true","",""
"BiblioCraft","bibliocraft:seat",2307,"true",7517,1,"Spruce Seat","true","",""
"BiblioCraft","bibliocraft:seat",2307,"true",7517,2,"Birch Seat","true","",""
"BiblioCraft","bibliocraft:seat",2307,"true",7517,3,"Jungle Seat","true","",""
"BiblioCraft","bibliocraft:seat",2307,"true",7517,4,"Acacia Seat","true","",""
"BiblioCraft","bibliocraft:seat",2307,"true",7517,5,"Dark Oak Seat","true","",""
"BiblioCraft","bibliocraft:seat",2307,"true",7517,6,"Framed Seat","true","",""
"BiblioCraft","bibliocraft:shelf",2291,"true",7501,0,"Oak Shelf","true","",""
"BiblioCraft","bibliocraft:shelf",2291,"true",7501,1,"Spruce Shelf","true","",""
"BiblioCraft","bibliocraft:shelf",2291,"true",7501,2,"Birch Shelf","true","",""
"BiblioCraft","bibliocraft:shelf",2291,"true",7501,3,"Jungle Shelf","true","",""
"BiblioCraft","bibliocraft:shelf",2291,"true",7501,4,"Acacia Shelf","true","",""
"BiblioCraft","bibliocraft:shelf",2291,"true",7501,5,"Dark Oak Shelf","true","",""
"BiblioCraft","bibliocraft:shelf",2291,"true",7501,6,"Framed Shelf","true","",""
"BiblioCraft","bibliocraft:swordpedestal",2318,"true",7528,0,"Sword Pedestal","true","",""
"BiblioCraft","bibliocraft:swordpedestal",2318,"true",7528,1,"Sword Pedestal","true","",""
"BiblioCraft","bibliocraft:swordpedestal",2318,"true",7528,2,"Sword Pedestal","true","",""
"BiblioCraft","bibliocraft:swordpedestal",2318,"true",7528,3,"Sword Pedestal","true","",""
"BiblioCraft","bibliocraft:swordpedestal",2318,"true",7528,4,"Sword Pedestal","true","",""
"BiblioCraft","bibliocraft:swordpedestal",2318,"true",7528,5,"Sword Pedestal","true","",""
"BiblioCraft","bibliocraft:swordpedestal",2318,"true",7528,6,"Sword Pedestal","true","",""
"BiblioCraft","bibliocraft:swordpedestal",2318,"true",7528,7,"Sword Pedestal","true","",""
"BiblioCraft","bibliocraft:swordpedestal",2318,"true",7528,8,"Sword Pedestal","true","",""
"BiblioCraft","bibliocraft:swordpedestal",2318,"true",7528,9,"Sword Pedestal","true","",""
"BiblioCraft","bibliocraft:swordpedestal",2318,"true",7528,10,"Sword Pedestal","true","",""
"BiblioCraft","bibliocraft:swordpedestal",2318,"true",7528,11,"Sword Pedestal","true","",""
"BiblioCraft","bibliocraft:swordpedestal",2318,"true",7528,12,"Sword Pedestal","true","",""
"BiblioCraft","bibliocraft:swordpedestal",2318,"true",7528,13,"Sword Pedestal","true","",""
"BiblioCraft","bibliocraft:swordpedestal",2318,"true",7528,14,"Sword Pedestal","true","",""
"BiblioCraft","bibliocraft:swordpedestal",2318,"true",7528,15,"Sword Pedestal","true","",""
"BiblioCraft","bibliocraft:table",2306,"true",7516,0,"Oak Table","true","",""
"BiblioCraft","bibliocraft:table",2306,"true",7516,1,"Spruce Table","true","",""
"BiblioCraft","bibliocraft:table",2306,"true",7516,2,"Birch Table","true","",""
"BiblioCraft","bibliocraft:table",2306,"true",7516,3,"Jungle Table","true","",""
"BiblioCraft","bibliocraft:table",2306,"true",7516,4,"Acacia Table","true","",""
"BiblioCraft","bibliocraft:table",2306,"true",7516,5,"Dark Oak Table","true","",""
"BiblioCraft","bibliocraft:table",2306,"true",7516,6,"Framed Table","true","",""
"BiblioCraft","bibliocraft:toolrack",2303,"true",7513,0,"Oak Tool Rack","true","",""
"BiblioCraft","bibliocraft:toolrack",2303,"true",7513,1,"Spruce Tool Rack","true","",""
"BiblioCraft","bibliocraft:toolrack",2303,"true",7513,2,"Birch Tool Rack","true","",""
"BiblioCraft","bibliocraft:toolrack",2303,"true",7513,3,"Jungle Tool Rack","true","",""
"BiblioCraft","bibliocraft:toolrack",2303,"true",7513,4,"Acacia Tool Rack","true","",""
"BiblioCraft","bibliocraft:toolrack",2303,"true",7513,5,"Dark Oak Tool Rack","true","",""
"BiblioCraft","bibliocraft:toolrack",2303,"true",7513,6,"Framed Tool Rack","true","",""
"BiblioCraft","bibliocraft:typesettingtable",2321,"false",7531,0,"Typesetting Table","true","",""
"BiblioCraft","bibliocraft:typewriter",2317,"true",7527,0,"White Typewriter","true","",""
"BiblioCraft","bibliocraft:typewriter",2317,"true",7527,1,"Light Gray Typewriter","true","",""
"BiblioCraft","bibliocraft:typewriter",2317,"true",7527,2,"Gray Typewriter","true","",""
"BiblioCraft","bibliocraft:typewriter",2317,"true",7527,3,"Black Typewriter","true","",""
"BiblioCraft","bibliocraft:typewriter",2317,"true",7527,4,"Red Typewriter","true","",""
"BiblioCraft","bibliocraft:typewriter",2317,"true",7527,5,"Orange Typewriter","true","",""
"BiblioCraft","bibliocraft:typewriter",2317,"true",7527,6,"Yellow Typewriter","true","",""
"BiblioCraft","bibliocraft:typewriter",2317,"true",7527,7,"Lime Typewriter","true","",""
"BiblioCraft","bibliocraft:typewriter",2317,"true",7527,8,"Green Typewriter","true","",""
"BiblioCraft","bibliocraft:typewriter",2317,"true",7527,9,"Cyan Typewriter","true","",""
"BiblioCraft","bibliocraft:typewriter",2317,"true",7527,10,"Light Blue Typewriter","true","",""
"BiblioCraft","bibliocraft:typewriter",2317,"true",7527,11,"Blue Typewriter","true","",""
"BiblioCraft","bibliocraft:typewriter",2317,"true",7527,12,"Purple Typewriter","true","",""
"BiblioCraft","bibliocraft:typewriter",2317,"true",7527,13,"Magenta Typewriter","true","",""
"BiblioCraft","bibliocraft:typewriter",2317,"true",7527,14,"Pink Typewriter","true","",""
"BiblioCraft","bibliocraft:typewriter",2317,"true",7527,15,"Brown Typewriter","true","",""
"Biomes O' Plenty","biomesoplenty:ash_block",367,"false",4219,0,"Ash Block","true","",""
"Biomes O' Plenty","biomesoplenty:bamboo",466,"false",4315,0,"Bamboo","true","cropBamboo,stickWood",""
"Biomes O' Plenty","biomesoplenty:bamboo_thatching",377,"false",4229,0,"Bamboo Thatching","true","",""
"Biomes O' Plenty","biomesoplenty:biome_block",371,"false",4223,0,"Biome Essence Ore","true","",""
"Biomes O' Plenty","biomesoplenty:blood",482,"false",,,"tile.null.name","true","",""
"Biomes O' Plenty","biomesoplenty:blue_fire",376,"false",4228,0,"Blue Fire","true","",""
"Biomes O' Plenty","biomesoplenty:bramble_plant",474,"false",4323,0,"Bramble","true","",""
"Biomes O' Plenty","biomesoplenty:cherry_door_block",448,"false",,,"item.cherry_door_block.name","true","",""
"Biomes O' Plenty","biomesoplenty:cherry_fence",416,"false",4265,0,"Cherry Fence","true","fenceWood",""
"Biomes O' Plenty","biomesoplenty:cherry_fence_gate",432,"false",4281,0,"Cherry Fence Gate","true","fenceGateWood",""
"Biomes O' Plenty","biomesoplenty:cherry_stairs",396,"false",4247,0,"Cherry Wood Stairs","true","stairWood",""
"Biomes O' Plenty","biomesoplenty:coral",463,"false",4312,0,"Pink Coral","true","",""
"Biomes O' Plenty","biomesoplenty:crystal",370,"false",4222,0,"Celestial Crystal","true","",""
"Biomes O' Plenty","biomesoplenty:dirt",358,"false",4210,0,"Loamy Dirt","true","dirt",""
"Biomes O' Plenty","biomesoplenty:double_other_slab",381,"true",,,"tile.double_other_slab.name","true","",""
"Biomes O' Plenty","biomesoplenty:double_other_slab",381,"true",,,"tile.double_other_slab.name","true","",""
"Biomes O' Plenty","biomesoplenty:double_plant",472,"true",4321,0,"Flax","true","plantFlax",""
"Biomes O' Plenty","biomesoplenty:double_plant",472,"true",4321,2,"Eyebulb","true","",""
"Biomes O' Plenty","biomesoplenty:double_plant",472,"true",4321,3,"Sea Oats","true","",""
"Biomes O' Plenty","biomesoplenty:double_wood_slab_0",412,"true",,,"tile.double_wood_slab_0.name","true","",""
"Biomes O' Plenty","biomesoplenty:double_wood_slab_0",412,"true",,,"tile.double_wood_slab_0.name","true","",""
"Biomes O' Plenty","biomesoplenty:double_wood_slab_0",412,"true",,,"tile.double_wood_slab_0.name","true","",""
"Biomes O' Plenty","biomesoplenty:double_wood_slab_0",412,"true",,,"tile.double_wood_slab_0.name","true","",""
"Biomes O' Plenty","biomesoplenty:double_wood_slab_0",412,"true",,,"tile.double_wood_slab_0.name","true","",""
"Biomes O' Plenty","biomesoplenty:double_wood_slab_0",412,"true",,,"tile.double_wood_slab_0.name","true","",""
"Biomes O' Plenty","biomesoplenty:double_wood_slab_0",412,"true",,,"tile.double_wood_slab_0.name","true","",""
"Biomes O' Plenty","biomesoplenty:double_wood_slab_0",412,"true",,,"tile.double_wood_slab_0.name","true","",""
"Biomes O' Plenty","biomesoplenty:double_wood_slab_1",414,"true",,,"tile.double_wood_slab_1.name","true","",""
"Biomes O' Plenty","biomesoplenty:double_wood_slab_1",414,"true",,,"tile.double_wood_slab_1.name","true","",""
"Biomes O' Plenty","biomesoplenty:double_wood_slab_1",414,"true",,,"tile.double_wood_slab_1.name","true","",""
"Biomes O' Plenty","biomesoplenty:double_wood_slab_1",414,"true",,,"tile.double_wood_slab_1.name","true","",""
"Biomes O' Plenty","biomesoplenty:double_wood_slab_1",414,"true",,,"tile.double_wood_slab_1.name","true","",""
"Biomes O' Plenty","biomesoplenty:double_wood_slab_1",414,"true",,,"tile.double_wood_slab_1.name","true","",""
"Biomes O' Plenty","biomesoplenty:double_wood_slab_1",414,"true",,,"tile.double_wood_slab_1.name","true","",""
"Biomes O' Plenty","biomesoplenty:double_wood_slab_1",414,"true",,,"tile.double_wood_slab_1.name","true","",""
"Biomes O' Plenty","biomesoplenty:dried_sand",365,"false",4217,0,"Dried Sand","true","",""
"Biomes O' Plenty","biomesoplenty:ebony_door_block",461,"false",,,"item.ebony_door_block.name","true","",""
"Biomes O' Plenty","biomesoplenty:ebony_fence",429,"false",4278,0,"Ebony Fence","true","fenceWood",""
"Biomes O' Plenty","biomesoplenty:ebony_fence_gate",445,"false",4294,0,"Ebony Fence Gate","true","fenceGateWood",""
"Biomes O' Plenty","biomesoplenty:ebony_stairs",409,"false",4260,0,"Ebony Wood Stairs","true","stairWood",""
"Biomes O' Plenty","biomesoplenty:ethereal_door_block",451,"false",,,"item.ethereal_door_block.name","true","",""
"Biomes O' Plenty","biomesoplenty:ethereal_fence",419,"false",4268,0,"Ethereal Fence","true","fenceWood",""
"Biomes O' Plenty","biomesoplenty:ethereal_fence_gate",435,"false",4284,0,"Ethereal Fence Gate","true","fenceGateWood",""
"Biomes O' Plenty","biomesoplenty:ethereal_stairs",399,"false",4250,0,"Ethereal Wood Stairs","true","stairWood",""
"Biomes O' Plenty","biomesoplenty:eucalyptus_door_block",462,"false",,,"item.eucalyptus_door_block.name","true","",""
"Biomes O' Plenty","biomesoplenty:eucalyptus_fence",430,"false",4279,0,"Eucalyptus Fence","true","fenceWood",""
"Biomes O' Plenty","biomesoplenty:eucalyptus_fence_gate",446,"false",4295,0,"Eucalyptus Fence Gate","true","fenceGateWood",""
"Biomes O' Plenty","biomesoplenty:eucalyptus_stairs",410,"false",4261,0,"Eucalyptus Wood Stairs","true","stairWood",""
"Biomes O' Plenty","biomesoplenty:farmland_0",360,"false",4212,0,"Loamy Farmland","true","",""
"Biomes O' Plenty","biomesoplenty:farmland_1",361,"false",4213,0,"Silty Farmland","true","",""
"Biomes O' Plenty","biomesoplenty:fir_door_block",450,"false",,,"item.fir_door_block.name","true","",""
"Biomes O' Plenty","biomesoplenty:fir_fence",418,"false",4267,0,"Fir Fence","true","fenceWood",""
"Biomes O' Plenty","biomesoplenty:fir_fence_gate",434,"false",4283,0,"Fir Fence Gate","true","fenceGateWood",""
"Biomes O' Plenty","biomesoplenty:fir_stairs",398,"false",4249,0,"Fir Stairs","true","stairWood",""
"Biomes O' Plenty","biomesoplenty:flesh",369,"false",4221,0,"Flesh","true","blockMeatRaw",""
"Biomes O' Plenty","biomesoplenty:flower_0",475,"false",4324,0,"Clover","true","flowerClover",""
"Biomes O' Plenty","biomesoplenty:flower_1",476,"false",4325,0,"Lavender","true","flowerLavender",""
"Biomes O' Plenty","biomesoplenty:gem_block",373,"false",4225,0,"Block of Amethyst","true","blockAmethyst",""
"Biomes O' Plenty","biomesoplenty:gem_ore",372,"false",4224,0,"Ender Amethyst Ore","true","oreAmethyst",""
"Biomes O' Plenty","biomesoplenty:grass",357,"false",4209,0,"Spectral Moss","true","grass",""
"Biomes O' Plenty","biomesoplenty:grass_path",359,"false",4211,0,"Loamy Grass Path","true","",""
"Biomes O' Plenty","biomesoplenty:hard_ice",366,"false",4218,0,"Hardened Ice","true","",""
"Biomes O' Plenty","biomesoplenty:hellbark_door_block",458,"false",,,"item.hellbark_door_block.name","true","",""
"Biomes O' Plenty","biomesoplenty:hellbark_fence",426,"false",4275,0,"Hellbark Fence","true","fenceWood",""
"Biomes O' Plenty","biomesoplenty:hellbark_fence_gate",442,"false",4291,0,"Hellbark Fence Gate","true","fenceGateWood",""
"Biomes O' Plenty","biomesoplenty:hellbark_stairs",406,"false",4257,0,"Hellbark Wood Stairs","true","stairWood",""
"Biomes O' Plenty","biomesoplenty:hive",374,"false",4226,0,"Hive Block","true","",""
"Biomes O' Plenty","biomesoplenty:honey",481,"false",,,"tile.null.name","true","",""
"Biomes O' Plenty","biomesoplenty:honey_block",375,"false",4227,0,"Honey Block","true","",""
"Biomes O' Plenty","biomesoplenty:hot_spring_water",484,"false",,,"tile.null.name","true","",""
"Biomes O' Plenty","biomesoplenty:ivy",477,"false",4326,0,"Ivy","true","",""
"Biomes O' Plenty","biomesoplenty:jacaranda_door_block",459,"false",,,"item.jacaranda_door_block.name","true","",""
"Biomes O' Plenty","biomesoplenty:jacaranda_fence",427,"false",4276,0,"Jacaranda Fence","true","fenceWood",""
"Biomes O' Plenty","biomesoplenty:jacaranda_fence_gate",443,"false",4292,0,"Jacaranda Fence Gate","true","fenceGateWood",""
"Biomes O' Plenty","biomesoplenty:jacaranda_stairs",407,"false",4258,0,"Jacaranda Stairs","true","stairWood",""
"Biomes O' Plenty","biomesoplenty:leaves_0",387,"?",4238,,"tile.leaves_0.name","true","",""
"Biomes O' Plenty","biomesoplenty:leaves_1",388,"?",4239,,"tile.leaves_1.name","true","",""
"Biomes O' Plenty","biomesoplenty:leaves_2",389,"?",4240,,"tile.leaves_2.name","true","",""
"Biomes O' Plenty","biomesoplenty:leaves_3",390,"?",4241,,"tile.leaves_3.name","true","",""
"Biomes O' Plenty","biomesoplenty:leaves_4",391,"?",4242,,"tile.leaves_4.name","true","",""
"Biomes O' Plenty","biomesoplenty:leaves_5",392,"?",4243,,"tile.leaves_5.name","true","",""
"Biomes O' Plenty","biomesoplenty:leaves_6",393,"?",4244,,"tile.leaves_6.name","true","",""
"Biomes O' Plenty","biomesoplenty:log_0",382,"?",4233,,"tile.log_0.name","true","",""
"Biomes O' Plenty","biomesoplenty:log_1",383,"?",4234,,"tile.log_1.name","true","",""
"Biomes O' Plenty","biomesoplenty:log_2",384,"?",4235,,"tile.log_2.name","true","",""
"Biomes O' Plenty","biomesoplenty:log_3",385,"?",4236,,"tile.log_3.name","true","",""
"Biomes O' Plenty","biomesoplenty:log_4",386,"?",4237,,"tile.log_4.name","true","",""
"Biomes O' Plenty","biomesoplenty:magic_door_block",452,"false",,,"item.magic_door_block.name","true","",""
"Biomes O' Plenty","biomesoplenty:magic_fence",420,"false",4269,0,"Magic Fence","true","fenceWood",""
"Biomes O' Plenty","biomesoplenty:magic_fence_gate",436,"false",4285,0,"Magic Fence Gate","true","fenceGateWood",""
"Biomes O' Plenty","biomesoplenty:magic_stairs",400,"false",4251,0,"Magic Wood Stairs","true","stairWood",""
"Biomes O' Plenty","biomesoplenty:mahogany_door_block",460,"false",,,"item.mahogany_door_block.name","true","",""
"Biomes O' Plenty","biomesoplenty:mahogany_fence",428,"false",4277,0,"Mahogany Fence","true","fenceWood",""
"Biomes O' Plenty","biomesoplenty:mahogany_fence_gate",444,"false",4293,0,"Mahogany Fence Gate","true","fenceGateWood",""
"Biomes O' Plenty","biomesoplenty:mahogany_stairs",408,"false",4259,0,"Mahogany Wood Stairs","true","stairWood",""
"Biomes O' Plenty","biomesoplenty:mangrove_door_block",453,"false",,,"item.mangrove_door_block.name","true","",""
"Biomes O' Plenty","biomesoplenty:mangrove_fence",421,"false",4270,0,"Mangrove Fence","true","fenceWood",""
"Biomes O' Plenty","biomesoplenty:mangrove_fence_gate",437,"false",4286,0,"Mangrove Fence Gate","true","fenceGateWood",""
"Biomes O' Plenty","biomesoplenty:mangrove_stairs",401,"false",4252,0,"Mangrove Stairs","true","stairWood",""
"Biomes O' Plenty","biomesoplenty:mud",368,"false",4220,0,"Mud","true","blockMud",""
"Biomes O' Plenty","biomesoplenty:mud_brick_block",378,"false",4230,0,"Mud Bricks","true","",""
"Biomes O' Plenty","biomesoplenty:mud_brick_stairs",379,"false",4231,0,"Mud Brick Stairs","true","",""
"Biomes O' Plenty","biomesoplenty:mushroom",473,"false",4322,0,"Toadstool","true","",""
"Biomes O' Plenty","biomesoplenty:other_slab",380,"true",4232,0,"Mud Brick Slab","true","",""
"Biomes O' Plenty","biomesoplenty:other_slab",380,"true",4232,1,"White Sandstone Slab","true","",""
"Biomes O' Plenty","biomesoplenty:palm_door_block",454,"false",,,"item.palm_door_block.name","true","",""
"Biomes O' Plenty","biomesoplenty:palm_fence",422,"false",4271,0,"Palm Fence","true","fenceWood",""
"Biomes O' Plenty","biomesoplenty:palm_fence_gate",438,"false",4287,0,"Palm Fence Gate","true","fenceGateWood",""
"Biomes O' Plenty","biomesoplenty:palm_stairs",402,"false",4253,0,"Palm Stairs","true","stairWood",""
"Biomes O' Plenty","biomesoplenty:pine_door_block",457,"false",,,"item.pine_door_block.name","true","",""
"Biomes O' Plenty","biomesoplenty:pine_fence",425,"false",4274,0,"Pine Fence","true","fenceWood",""
"Biomes O' Plenty","biomesoplenty:pine_fence_gate",441,"false",4290,0,"Pine Fence Gate","true","fenceGateWood",""
"Biomes O' Plenty","biomesoplenty:pine_stairs",405,"false",4256,0,"Pine Stairs","true","stairWood",""
"Biomes O' Plenty","biomesoplenty:planks_0",394,"false",4245,0,"Sacred Oak Wood Planks","true","plankWood",""
"Biomes O' Plenty","biomesoplenty:plant_0",470,"false",4319,0,"Short Grass","true","plantShortgrass",""
"Biomes O' Plenty","biomesoplenty:plant_1",471,"false",4320,0,"Dune Grass","true","plantDunegrass",""
"Biomes O' Plenty","biomesoplenty:poison",483,"false",,,"tile.null.name","true","",""
"Biomes O' Plenty","biomesoplenty:redwood_door_block",455,"false",,,"item.redwood_door_block.name","true","",""
"Biomes O' Plenty","biomesoplenty:redwood_fence",423,"false",4272,0,"Redwood Fence","true","fenceWood",""
"Biomes O' Plenty","biomesoplenty:redwood_fence_gate",439,"false",4288,0,"Redwood Fence Gate","true","fenceGateWood",""
"Biomes O' Plenty","biomesoplenty:redwood_stairs",403,"false",4254,0,"Redwood Stairs","true","stairWood",""
"Biomes O' Plenty","biomesoplenty:sacred_oak_door_block",447,"false",,,"item.sacred_oak_door_block.name","true","",""
"Biomes O' Plenty","biomesoplenty:sacred_oak_fence",415,"false",4264,0,"Sacred Oak Fence","true","fenceWood",""
"Biomes O' Plenty","biomesoplenty:sacred_oak_fence_gate",431,"false",4280,0,"Sacred Oak Fence Gate","true","fenceGateWood",""
"Biomes O' Plenty","biomesoplenty:sacred_oak_stairs",395,"false",4246,0,"Sacred Oak Wood Stairs","true","stairWood",""
"Biomes O' Plenty","biomesoplenty:sand",480,"false",,,"tile.null.name","true","",""
"Biomes O' Plenty","biomesoplenty:sapling_0",467,"false",4316,0,"Yellow Autumn Sapling","true","treeSapling",""
"Biomes O' Plenty","biomesoplenty:sapling_1",468,"false",4317,0,"Origin Sapling","true","treeSapling",""
"Biomes O' Plenty","biomesoplenty:sapling_2",469,"false",4318,0,"Mangrove Sapling","true","treeSapling",""
"Biomes O' Plenty","biomesoplenty:seaweed",464,"false",4313,0,"Kelp","true","",""
"Biomes O' Plenty","biomesoplenty:terrarium",479,"false",4328,0,"Fern Terrarium","true","",""
"Biomes O' Plenty","biomesoplenty:umbran_door_block",449,"false",,,"item.umbran_door_block.name","true","",""
"Biomes O' Plenty","biomesoplenty:umbran_fence",417,"false",4266,0,"Umbran Fence","true","fenceWood",""
"Biomes O' Plenty","biomesoplenty:umbran_fence_gate",433,"false",4282,0,"Umbran Fence Gate","true","fenceGateWood",""
"Biomes O' Plenty","biomesoplenty:umbran_stairs",397,"false",4248,0,"Umbran Wood Stairs","true","stairWood",""
"Biomes O' Plenty","biomesoplenty:waterlily",465,"false",4314,0,"Medium Lily Pad","true","",""
"Biomes O' Plenty","biomesoplenty:white_sand",362,"false",4214,0,"Sand","true","sand",""
"Biomes O' Plenty","biomesoplenty:white_sandstone",363,"false",4215,0,"White Sandstone","true","sandstone",""
"Biomes O' Plenty","biomesoplenty:white_sandstone_stairs",364,"false",4216,0,"White Sandstone Stairs","true","",""
"Biomes O' Plenty","biomesoplenty:willow_door_block",456,"false",,,"item.willow_door_block.name","true","",""
"Biomes O' Plenty","biomesoplenty:willow_fence",424,"false",4273,0,"Willow Fence","true","fenceWood",""
"Biomes O' Plenty","biomesoplenty:willow_fence_gate",440,"false",4289,0,"Willow Fence Gate","true","fenceGateWood",""
"Biomes O' Plenty","biomesoplenty:willow_stairs",404,"false",4255,0,"Willow Stairs","true","stairWood",""
"Biomes O' Plenty","biomesoplenty:willow_vine",478,"false",4327,0,"Willow Vine","true","",""
"Biomes O' Plenty","biomesoplenty:wood_slab_0",411,"true",4262,0,"Sacred Oak Wood Slab","true","slabWood",""
"Biomes O' Plenty","biomesoplenty:wood_slab_0",411,"true",4262,1,"Cherry Wood Slab","true","slabWood",""
"Biomes O' Plenty","biomesoplenty:wood_slab_0",411,"true",4262,2,"Umbran Wood Slab","true","slabWood",""
"Biomes O' Plenty","biomesoplenty:wood_slab_0",411,"true",4262,3,"Fir Wood Slab","true","slabWood",""
"Biomes O' Plenty","biomesoplenty:wood_slab_0",411,"true",4262,4,"Ethereal Wood Slab","true","slabWood",""
"Biomes O' Plenty","biomesoplenty:wood_slab_0",411,"true",4262,5,"Magic Wood Slab","true","slabWood",""
"Biomes O' Plenty","biomesoplenty:wood_slab_0",411,"true",4262,6,"Mangrove Wood Slab","true","slabWood",""
"Biomes O' Plenty","biomesoplenty:wood_slab_0",411,"true",4262,7,"Palm Wood Slab","true","slabWood",""
"Biomes O' Plenty","biomesoplenty:wood_slab_1",413,"true",4263,0,"Redwood Wood Slab","true","slabWood",""
"Biomes O' Plenty","biomesoplenty:wood_slab_1",413,"true",4263,1,"Willow Wood Slab","true","slabWood",""
"Biomes O' Plenty","biomesoplenty:wood_slab_1",413,"true",4263,2,"Pine Wood Slab","true","slabWood",""
"Biomes O' Plenty","biomesoplenty:wood_slab_1",413,"true",4263,3,"Hellbark Wood Slab","true","slabWood",""
"Biomes O' Plenty","biomesoplenty:wood_slab_1",413,"true",4263,4,"Jacaranda Wood Slab","true","slabWood",""
"Biomes O' Plenty","biomesoplenty:wood_slab_1",413,"true",4263,5,"Mahogany Wood Slab","true","slabWood",""
"Biomes O' Plenty","biomesoplenty:wood_slab_1",413,"true",4263,6,"Ebony Wood Slab","true","slabWood",""
"Biomes O' Plenty","biomesoplenty:wood_slab_1",413,"true",4263,7,"Eucalyptus Wood Slab","true","slabWood",""
"Bonsai Trees","bonsaitrees:bonsaipot",2326,"true",7567,0,"Bonsai Pot","true","",""
"Bonsai Trees","bonsaitrees:bonsaipot",2326,"true",7567,1,"Hopping Bonsai Pot","true","",""
"Bountiful Baubles","bountifulbaubles:reforger",2327,"false",7568,0,"Reforging Station","true","",""
"Campfire","campfire:brazier",2328,"false",7607,0,"Brazier","true","campfire",""
"Campfire","campfire:campfire",2329,"true",7608,0,"Acacia Log Campfire","true","campfire",""
"Campfire","campfire:campfire",2329,"true",7608,0,"Amaranth Log Campfire","true","campfire",""
"Campfire","campfire:campfire",2329,"true",7608,0,"Apple Log Campfire","true","campfire",""
"Campfire","campfire:campfire",2329,"true",7608,0,"Birch Log Campfire","true","campfire",""
"Campfire","campfire:campfire",2329,"true",7608,0,"Bloodwood Log Campfire","true","campfire",""
"Campfire","campfire:campfire",2329,"true",7608,0,"Bloodwood Log Campfire","true","campfire",""
"Campfire","campfire:campfire",2329,"true",7608,0,"Charred Log Campfire","true","campfire",""
"Campfire","campfire:campfire",2329,"true",7608,0,"Cherry Wood Campfire","true","campfire",""
"Campfire","campfire:campfire",2329,"true",7608,0,"Dark Oak Log Campfire","true","campfire",""
"Campfire","campfire:campfire",2329,"true",7608,0,"Darkwood Log Campfire","true","campfire",""
"Campfire","campfire:campfire",2329,"true",7608,0,"Dead Wood Campfire","true","campfire",""
"Campfire","campfire:campfire",2329,"true",7608,0,"Dreadwood Log Campfire","true","campfire",""
"Campfire","campfire:campfire",2329,"true",7608,0,"Ebony Wood Campfire","true","campfire",""
"Campfire","campfire:campfire",2329,"true",7608,0,"Ethereal Wood Campfire","true","campfire",""
"Campfire","campfire:campfire",2329,"true",7608,0,"Eucalyptus Log Campfire","true","campfire",""
"Campfire","campfire:campfire",2329,"true",7608,0,"Eucalyptus Wood Campfire","true","campfire",""
"Campfire","campfire:campfire",2329,"true",7608,0,"Fir Wood Campfire","true","campfire",""
"Campfire","campfire:campfire",2329,"true",7608,0,"Fusewood Log Campfire","true","campfire",""
"Campfire","campfire:campfire",2329,"true",7608,0,"Ghostwood Log Campfire","true","campfire",""
"Campfire","campfire:campfire",2329,"true",7608,0,"Hellbark Wood Campfire","true","campfire",""
"Campfire","campfire:campfire",2329,"true",7608,0,"Hopseed Log Campfire","true","campfire",""
"Campfire","campfire:campfire",2329,"true",7608,0,"Ironwood Campfire","true","campfire",""
"Campfire","campfire:campfire",2329,"true",7608,0,"Jacaranda Wood Campfire","true","campfire",""
"Campfire","campfire:campfire",2329,"true",7608,0,"Jungle Log Campfire","true","campfire",""
"Campfire","campfire:campfire",2329,"true",7608,0,"Magic Wood Campfire","true","campfire",""
"Campfire","campfire:campfire",2329,"true",7608,0,"Mahogany Wood Campfire","true","campfire",""
"Campfire","campfire:campfire",2329,"true",7608,0,"Mangrove Wood Campfire","true","campfire",""
"Campfire","campfire:campfire",2329,"true",7608,0,"Maple Log Campfire","true","campfire",""
"Campfire","campfire:campfire",2329,"true",7608,0,"Oak Log Campfire","true","campfire",""
"Campfire","campfire:campfire",2329,"true",7608,0,"Olive Wood Campfire","true","campfire",""
"Campfire","campfire:campfire",2329,"true",7608,0,"Palm Wood Campfire","true","campfire",""
"Campfire","campfire:campfire",2329,"true",7608,0,"Pine Wood Campfire","true","campfire",""
"Campfire","campfire:campfire",2329,"true",7608,0,"Redwood Wood Campfire","true","campfire",""
"Campfire","campfire:campfire",2329,"true",7608,0,"Sacred Oak Wood Campfire","true","campfire",""
"Campfire","campfire:campfire",2329,"true",7608,0,"Sakura Log Campfire","true","campfire",""
"Campfire","campfire:campfire",2329,"true",7608,0,"Silverbell Log Campfire","true","campfire",""
"Campfire","campfire:campfire",2329,"true",7608,0,"Spruce Log Campfire","true","campfire",""
"Campfire","campfire:campfire",2329,"true",7608,0,"Stalagnate Campfire","true","campfire",""
"Campfire","campfire:campfire",2329,"true",7608,0,"Tenebra Wood Campfire","true","campfire",""
"Campfire","campfire:campfire",2329,"true",7608,0,"Tigerwood Log Campfire","true","campfire",""
"Campfire","campfire:campfire",2329,"true",7608,0,"Umbran Wood Campfire","true","campfire",""
"Campfire","campfire:campfire",2329,"true",7608,0,"Willow Log Campfire","true","campfire",""
"Campfire","campfire:campfire",2329,"true",7608,0,"Willow Wood Campfire","true","campfire",""
"Campfire","campfire:campfire_ash",2330,"false",7609,0,"Layer of Ashes","true","",""
"Charm","charm:cake_danger_sight",4716,"false",12763,0,"Cake of Danger Sight","true","",""
"Charm","charm:cake_fire_resistance",4712,"false",12759,0,"Cake of Fire Resistance","true","",""
"Charm","charm:cake_haste",4717,"false",12764,0,"Cake of Haste","true","",""
"Charm","charm:cake_invisibility",4714,"false",12761,0,"Cake of Invisibility","true","",""
"Charm","charm:cake_leaping",4710,"false",12757,0,"Cake of Leaping","true","",""
"Charm","charm:cake_night_vision",4715,"false",12762,0,"Cake of Night Vision","true","",""
"Charm","charm:cake_regeneration",4711,"false",12758,0,"Cake of Regeneration","true","",""
"Charm","charm:cake_resilience",4719,"false",12766,0,"Cake of Resilience","true","",""
"Charm","charm:cake_resistance",4718,"false",12765,0,"Cake of Resistance","true","",""
"Charm","charm:cake_strength",4709,"false",12756,0,"Cake of Strength","true","",""
"Charm","charm:cake_swiftness",4708,"false",12755,0,"Cake of Swiftness","true","",""
"Charm","charm:cake_water_breathing",4713,"false",12760,0,"Cake of Water Breathing","true","",""
"Charm","charm:crate",4720,"false",12767,0,"Oak Crate","true","",""
"Charm","charm:crate_sealed",4721,"false",12768,0,"Oak Sealed Crate","true","",""
"Charm","charm:ender_pearl_block",4722,"false",12769,0,"Ender Pearl Block","true","",""
"Charm","charm:gold_lantern",4723,"false",12770,0,"Gold Lantern","true","",""
"Charm","charm:gunpowder_block",4705,"false",12752,0,"Gunpowder Block","true","",""
"Charm","charm:redstone_sand",4706,"false",12753,0,"Redstone Sand","true","",""
"Charm","charm:rotten_flesh_block",4724,"false",12771,0,"Rotten Flesh Block","true","",""
"Charm","charm:rune_portal",4726,"false",12801,0,"Portal","true","",""
"Charm","charm:rune_portal_frame",4727,"false",12802,0,"End Portal White Rune","true","",""
"Charm","charm:smooth_glowstone",4725,"false",12772,0,"Smooth Glowstone","true","",""
"Charm","charm:variable_redstone_lamp",4707,"false",12754,0,"Variable Redstone Lamp","true","",""
"ChocoCraft Plus","chococraftplus:gysahlgardenblock",486,"false",4374,0,"Wild Gysahl Garden","true","",""
"ChocoCraft Plus","chococraftplus:gysahlstemblock",485,"false",4373,0,"Gysahl Garden","true","",""
"ChocoCraft Plus","chococraftplus:strawblock",487,"false",4375,0,"Straw Bedding","true","",""
"Chocolate Quest Repoured","cqrepoured:andesite_carved",2331,"false",7857,0,"Carved Andesite","true","",""
"Chocolate Quest Repoured","cqrepoured:andesite_cube",2333,"false",7859,0,"Andesite Cube","true","",""
"Chocolate Quest Repoured","cqrepoured:andesite_large",2337,"false",7863,0,"Large Andesite Bricks","true","",""
"Chocolate Quest Repoured","cqrepoured:andesite_pillar",2332,"false",7858,0,"Andesite Pillar","true","",""
"Chocolate Quest Repoured","cqrepoured:andesite_scale",2334,"false",7860,0,"Andesite Scale","true","",""
"Chocolate Quest Repoured","cqrepoured:andesite_small",2336,"false",7862,0,"Small Andesite Bricks","true","",""
"Chocolate Quest Repoured","cqrepoured:andesite_square",2335,"false",7861,0,"Andesite Square","true","",""
"Chocolate Quest Repoured","cqrepoured:boss_block",2390,"false",7916,0,"Boss Block","true","",""
"Chocolate Quest Repoured","cqrepoured:diorite_carved",2338,"false",7864,0,"Carved Diorite","true","",""
"Chocolate Quest Repoured","cqrepoured:diorite_cube",2340,"false",7866,0,"Diorite Cube","true","",""
"Chocolate Quest Repoured","cqrepoured:diorite_large",2344,"false",7870,0,"Large Diorite Bricks","true","",""
"Chocolate Quest Repoured","cqrepoured:diorite_pillar",2339,"false",7865,0,"Diorite Pillar","true","",""
"Chocolate Quest Repoured","cqrepoured:diorite_scale",2341,"false",7867,0,"Diorite Scale","true","",""
"Chocolate Quest Repoured","cqrepoured:diorite_small",2343,"false",7869,0,"Small Diorite Bricks","true","",""
"Chocolate Quest Repoured","cqrepoured:diorite_square",2342,"false",7868,0,"Diorite Square","true","",""
"Chocolate Quest Repoured","cqrepoured:endstone_carved",2358,"false",7884,0,"Carved Endstone","true","",""
"Chocolate Quest Repoured","cqrepoured:endstone_cube",2360,"false",7886,0,"Endstone Cube","true","",""
"Chocolate Quest Repoured","cqrepoured:endstone_pillar",2359,"false",7885,0,"Endstone Pillar","true","",""
"Chocolate Quest Repoured","cqrepoured:endstone_scale",2361,"false",7887,0,"Endstone Scale","true","",""
"Chocolate Quest Repoured","cqrepoured:endstone_small",2363,"false",7889,0,"Small Endstone Bricks","true","",""
"Chocolate Quest Repoured","cqrepoured:endstone_square",2362,"false",7888,0,"Endstone Square","true","",""
"Chocolate Quest Repoured","cqrepoured:exporter",2387,"false",7913,0,"Exporter Block","true","",""
"Chocolate Quest Repoured","cqrepoured:exporter_chest_clutter",2398,"false",7924,0,"Exporter Chest Clutter","true","",""
"Chocolate Quest Repoured","cqrepoured:exporter_chest_custom",2399,"false",7925,0,"Exporter Chest - Custom","true","",""
"Chocolate Quest Repoured","cqrepoured:exporter_chest_equipment",2396,"false",7922,0,"Exporter Chest Equipment","true","",""
"Chocolate Quest Repoured","cqrepoured:exporter_chest_food",2395,"false",7921,0,"Exporter Chest Food","true","",""
"Chocolate Quest Repoured","cqrepoured:exporter_chest_utility",2397,"false",7923,0,"Exporter Chest Utility","true","",""
"Chocolate Quest Repoured","cqrepoured:exporter_chest_valuable",2394,"false",7920,0,"Exporter Chest Treasure","true","",""
"Chocolate Quest Repoured","cqrepoured:exporter_chest_vanilla_blacksmith",2400,"false",7926,0,"Exporter Chest - Village Blacksmith","true","",""
"Chocolate Quest Repoured","cqrepoured:exporter_chest_vanilla_bonus",2401,"false",7927,0,"Exporter Chest - Bonus Chest","true","",""
"Chocolate Quest Repoured","cqrepoured:exporter_chest_vanilla_dungeon",2402,"false",7928,0,"Exporter Chest - Dungeon","true","",""
"Chocolate Quest Repoured","cqrepoured:exporter_chest_vanilla_end_city",2403,"false",7929,0,"Exporter Chest - End City","true","",""
"Chocolate Quest Repoured","cqrepoured:exporter_chest_vanilla_igloo",2404,"false",7930,0,"Exporter Chest - Igloo","true","",""
"Chocolate Quest Repoured","cqrepoured:exporter_chest_vanilla_jungle",2405,"false",7931,0,"Exporter Chest - Jungle Chest","true","",""
"Chocolate Quest Repoured","cqrepoured:exporter_chest_vanilla_jungle_dispenser",2406,"false",7932,0,"Exporter Chest - Jungle Temple Dispenser","true","",""
"Chocolate Quest Repoured","cqrepoured:exporter_chest_vanilla_mansion",2407,"false",7933,0,"Exporter Chest - Woodland Mansion","true","",""
"Chocolate Quest Repoured","cqrepoured:exporter_chest_vanilla_mineshaft",2408,"false",7934,0,"Exporter Chest - Mineshaft","true","",""
"Chocolate Quest Repoured","cqrepoured:exporter_chest_vanilla_nether",2409,"false",7935,0,"Exporter Chest - Nether Fortress","true","",""
"Chocolate Quest Repoured","cqrepoured:exporter_chest_vanilla_pyramid",2410,"false",7936,0,"Exporter Chest - Pyramid","true","",""
"Chocolate Quest Repoured","cqrepoured:exporter_chest_vanilla_stronghold",2411,"false",7937,0,"Exporter Chest - Stronghold Corridor","true","",""
"Chocolate Quest Repoured","cqrepoured:exporter_chest_vanilla_stronghold_library",2412,"false",7938,0,"Exporter Chest - Stronghold Library","true","",""
"Chocolate Quest Repoured","cqrepoured:exporter_chest_vanilla_stronghold_storeroom",2413,"false",7939,0,"Exporter Chest - Stronghold Mine","true","",""
"Chocolate Quest Repoured","cqrepoured:force_field_nexus",2391,"false",7917,0,"Force Field Nexus","true","",""
"Chocolate Quest Repoured","cqrepoured:granite_carved",2345,"false",7871,0,"Carved Granite","true","",""
"Chocolate Quest Repoured","cqrepoured:granite_cube",2347,"false",7873,0,"Granite Cube","true","",""
"Chocolate Quest Repoured","cqrepoured:granite_large",2351,"false",7877,0,"Large Granite Bricks","true","",""
"Chocolate Quest Repoured","cqrepoured:granite_pillar",2346,"false",7872,0,"Granite Pillar","true","",""
"Chocolate Quest Repoured","cqrepoured:granite_scale",2348,"false",7874,0,"Granite Scale","true","",""
"Chocolate Quest Repoured","cqrepoured:granite_small",2350,"false",7876,0,"Small Granite Bricks","true","",""
"Chocolate Quest Repoured","cqrepoured:granite_square",2349,"false",7875,0,"Granite Square","true","",""
"Chocolate Quest Repoured","cqrepoured:map_placeholder",2392,"false",7918,0,"Map Placeholder","true","",""
"Chocolate Quest Repoured","cqrepoured:null_block",2388,"false",7914,0,"Null Block","true","",""
"Chocolate Quest Repoured","cqrepoured:phylactery",2414,"false",7940,0,"Lich Phylactery","true","",""
"Chocolate Quest Repoured","cqrepoured:prismarine_carved",2352,"false",7878,0,"Carved Prismarine","true","",""
"Chocolate Quest Repoured","cqrepoured:prismarine_cube",2354,"false",7880,0,"Prismarine Cube","true","",""
"Chocolate Quest Repoured","cqrepoured:prismarine_large",2357,"false",7883,0,"Large Prismarine Bricks","true","",""
"Chocolate Quest Repoured","cqrepoured:prismarine_pillar",2353,"false",7879,0,"Prismarine Pillar","true","",""
"Chocolate Quest Repoured","cqrepoured:prismarine_small",2356,"false",7882,0,"Small Prismarine Bricks","true","",""
"Chocolate Quest Repoured","cqrepoured:prismarine_square",2355,"false",7881,0,"Prismarine Square","true","",""
"Chocolate Quest Repoured","cqrepoured:purpur_carved",2364,"false",7890,0,"Carved Purpur","true","",""
"Chocolate Quest Repoured","cqrepoured:purpur_cube",2365,"false",7891,0,"Purpur Cube","true","",""
"Chocolate Quest Repoured","cqrepoured:purpur_large",2368,"false",7894,0,"Large Purpur Bricks","true","",""
"Chocolate Quest Repoured","cqrepoured:purpur_scale",2366,"false",7892,0,"Purpur Scale","true","",""
"Chocolate Quest Repoured","cqrepoured:purpur_small",2367,"false",7893,0,"Small Purpur Bricks","true","",""
"Chocolate Quest Repoured","cqrepoured:red_netherbrick_carved",2369,"false",7895,0,"Carved Red Netherbrick","true","",""
"Chocolate Quest Repoured","cqrepoured:red_netherbrick_cube",2371,"false",7897,0,"Red Netherbrick Cube","true","",""
"Chocolate Quest Repoured","cqrepoured:red_netherbrick_large",2374,"false",7900,0,"Large Red Netherbricks","true","",""
"Chocolate Quest Repoured","cqrepoured:red_netherbrick_pillar",2370,"false",7896,0,"Red Netherbrick Pillar","true","",""
"Chocolate Quest Repoured","cqrepoured:red_netherbrick_scale",2372,"false",7898,0,"Red Netherbrick Scale","true","",""
"Chocolate Quest Repoured","cqrepoured:red_netherbrick_square",2373,"false",7899,0,"Red Netherbrick Square","true","",""
"Chocolate Quest Repoured","cqrepoured:spawner",2389,"false",7915,0,"Spawner","true","",""
"Chocolate Quest Repoured","cqrepoured:stone_cube",2376,"false",7902,0,"Stone Cube","true","",""
"Chocolate Quest Repoured","cqrepoured:stone_pillar",2375,"false",7901,0,"Stone Pillar","true","",""
"Chocolate Quest Repoured","cqrepoured:stone_scale",2377,"false",7903,0,"Stone Scale","true","",""
"Chocolate Quest Repoured","cqrepoured:stone_small",2379,"false",7905,0,"Small Stone Bricks","true","",""
"Chocolate Quest Repoured","cqrepoured:stone_square",2378,"false",7904,0,"Stone Square","true","",""
"Chocolate Quest Repoured","cqrepoured:table_acacia",2384,"false",7910,0,"Acacia Table","true","",""
"Chocolate Quest Repoured","cqrepoured:table_birch",2382,"false",7908,0,"Birch Table","true","",""
"Chocolate Quest Repoured","cqrepoured:table_dark",2385,"false",7911,0,"Dark Oak Table","true","",""
"Chocolate Quest Repoured","cqrepoured:table_jungle",2383,"false",7909,0,"Jungle Table","true","",""
"Chocolate Quest Repoured","cqrepoured:table_oak",2380,"false",7906,0,"Oak Table","true","",""
"Chocolate Quest Repoured","cqrepoured:table_spruce",2381,"false",7907,0,"Spruce Table","true","",""
"Chocolate Quest Repoured","cqrepoured:temporary_web",2415,"false",,,"Decaying Web","true","",""
"Chocolate Quest Repoured","cqrepoured:tnt",2393,"false",7919,0,"TNT","true","",""
"Chocolate Quest Repoured","cqrepoured:unlit_torch",2386,"false",7912,0,"Unlit Torch","true","",""
"Classy Hats","classyhats:hat_stand",2288,"false",7498,0,"Oak Wood Hat Stand","true","",""
"Comforts","comforts:hammock_black",2448,"false",,,"tile.comforts.hammock.black.name","true","",""
"Comforts","comforts:hammock_blue",2444,"false",,,"tile.comforts.hammock.blue.name","true","",""
"Comforts","comforts:hammock_brown",2445,"false",,,"tile.comforts.hammock.brown.name","true","",""
"Comforts","comforts:hammock_cyan",2442,"false",,,"tile.comforts.hammock.cyan.name","true","",""
"Comforts","comforts:hammock_gray",2440,"false",,,"tile.comforts.hammock.gray.name","true","",""
"Comforts","comforts:hammock_green",2446,"false",,,"tile.comforts.hammock.green.name","true","",""
"Comforts","comforts:hammock_light_blue",2436,"false",,,"tile.comforts.hammock.light_blue.name","true","",""
"Comforts","comforts:hammock_lime",2438,"false",,,"tile.comforts.hammock.lime.name","true","",""
"Comforts","comforts:hammock_magenta",2435,"false",,,"tile.comforts.hammock.magenta.name","true","",""
"Comforts","comforts:hammock_orange",2434,"false",,,"tile.comforts.hammock.orange.name","true","",""
"Comforts","comforts:hammock_pink",2439,"false",,,"tile.comforts.hammock.pink.name","true","",""
"Comforts","comforts:hammock_purple",2443,"false",,,"tile.comforts.hammock.purple.name","true","",""
"Comforts","comforts:hammock_red",2447,"false",,,"tile.comforts.hammock.red.name","true","",""
"Comforts","comforts:hammock_silver",2441,"false",,,"tile.comforts.hammock.silver.name","true","",""
"Comforts","comforts:hammock_white",2433,"false",,,"tile.comforts.hammock.white.name","true","",""
"Comforts","comforts:hammock_yellow",2437,"false",,,"tile.comforts.hammock.yellow.name","true","",""
"Comforts","comforts:rope",2416,"false",7943,0,"Rope and Nail","true","",""
"Comforts","comforts:sleeping_bag_black",2432,"false",,,"tile.comforts.sleeping_bag.black.name","true","",""
"Comforts","comforts:sleeping_bag_blue",2428,"false",,,"tile.comforts.sleeping_bag.blue.name","true","",""
"Comforts","comforts:sleeping_bag_brown",2429,"false",,,"tile.comforts.sleeping_bag.brown.name","true","",""
"Comforts","comforts:sleeping_bag_cyan",2426,"false",,,"tile.comforts.sleeping_bag.cyan.name","true","",""
"Comforts","comforts:sleeping_bag_gray",2424,"false",,,"tile.comforts.sleeping_bag.gray.name","true","",""
"Comforts","comforts:sleeping_bag_green",2430,"false",,,"tile.comforts.sleeping_bag.green.name","true","",""
"Comforts","comforts:sleeping_bag_light_blue",2420,"false",,,"tile.comforts.sleeping_bag.light_blue.name","true","",""
"Comforts","comforts:sleeping_bag_lime",2422,"false",,,"tile.comforts.sleeping_bag.lime.name","true","",""
"Comforts","comforts:sleeping_bag_magenta",2419,"false",,,"tile.comforts.sleeping_bag.magenta.name","true","",""
"Comforts","comforts:sleeping_bag_orange",2418,"false",,,"tile.comforts.sleeping_bag.orange.name","true","",""
"Comforts","comforts:sleeping_bag_pink",2423,"false",,,"tile.comforts.sleeping_bag.pink.name","true","",""
"Comforts","comforts:sleeping_bag_purple",2427,"false",,,"tile.comforts.sleeping_bag.purple.name","true","",""
"Comforts","comforts:sleeping_bag_red",2431,"false",,,"tile.comforts.sleeping_bag.red.name","true","",""
"Comforts","comforts:sleeping_bag_silver",2425,"false",,,"tile.comforts.sleeping_bag.silver.name","true","",""
"Comforts","comforts:sleeping_bag_white",2417,"false",,,"tile.comforts.sleeping_bag.white.name","true","",""
"Comforts","comforts:sleeping_bag_yellow",2421,"false",,,"tile.comforts.sleeping_bag.yellow.name","true","",""
"Coralreef","coralreef:coral",2449,"true",7944,0,"Orange Coral","true","dyeOrange",""
"Coralreef","coralreef:coral",2449,"true",7944,1,"Magenta Coral","true","dyeMagenta",""
"Coralreef","coralreef:coral",2449,"true",7944,2,"Pink Coral","true","dyePink",""
"Coralreef","coralreef:coral",2449,"true",7944,3,"Cyan Coral","true","dyeCyan",""
"Coralreef","coralreef:coral",2449,"true",7944,4,"Green Coral","true","dyeGreen",""
"Coralreef","coralreef:coral",2449,"true",7944,5,"Gray Coral","true","dyeGray",""
"Coralreef","coralreef:reef",2450,"true",7945,0,"Coral Reef","true","",""
"Coralreef","coralreef:reef",2450,"true",7945,1,"Dry Reef","true","",""
"CyclopsTek","cyclopstek:beacon_eye",4481,"false",12347,0,"Beacon Eye","true","",""
"Davinci's Vessels","davincisvessels:anchorpoint",4737,"false",12814,0,"Anchor Point","true","",""
"Davinci's Vessels","davincisvessels:balloon",4730,"true",12807,0,"Air Balloon","true","",""
"Davinci's Vessels","davincisvessels:balloon",4730,"true",12807,1,"Orange Air Balloon","true","",""
"Davinci's Vessels","davincisvessels:balloon",4730,"true",12807,2,"Magenta Air Balloon","true","",""
"Davinci's Vessels","davincisvessels:balloon",4730,"true",12807,3,"Light Blue Air Balloon","true","",""
"Davinci's Vessels","davincisvessels:balloon",4730,"true",12807,4,"Yellow Air Balloon","true","",""
"Davinci's Vessels","davincisvessels:balloon",4730,"true",12807,5,"Lime Air Balloon","true","",""
"Davinci's Vessels","davincisvessels:balloon",4730,"true",12807,6,"Pink Air Balloon","true","",""
"Davinci's Vessels","davincisvessels:balloon",4730,"true",12807,7,"Gray Air Balloon","true","",""
"Davinci's Vessels","davincisvessels:balloon",4730,"true",12807,8,"Silver Air Balloon","true","",""
"Davinci's Vessels","davincisvessels:balloon",4730,"true",12807,9,"Cyan Air Balloon","true","",""
"Davinci's Vessels","davincisvessels:balloon",4730,"true",12807,10,"Purple Air Balloon","true","",""
"Davinci's Vessels","davincisvessels:balloon",4730,"true",12807,11,"Blue Air Balloon","true","",""
"Davinci's Vessels","davincisvessels:balloon",4730,"true",12807,12,"Brown Air Balloon","true","",""
"Davinci's Vessels","davincisvessels:balloon",4730,"true",12807,13,"Green Air Balloon","true","",""
"Davinci's Vessels","davincisvessels:balloon",4730,"true",12807,14,"Red Air Balloon","true","",""
"Davinci's Vessels","davincisvessels:balloon",4730,"true",12807,15,"Black Air Balloon","true","",""
"Davinci's Vessels","davincisvessels:buffer",4733,"false",12810,0,"Shore Buffer","true","",""
"Davinci's Vessels","davincisvessels:crate_wood",4736,"false",12813,0,"Wooden Crate","true","",""
"Davinci's Vessels","davincisvessels:engine",4735,"false",12812,0,"Steam Engine","true","",""
"Davinci's Vessels","davincisvessels:floater",4729,"false",12806,0,"Floater","true","",""
"Davinci's Vessels","davincisvessels:gauge",4731,"true",12808,0,"Measurement Gauges","true","",""
"Davinci's Vessels","davincisvessels:gauge",4731,"true",12808,1,"Extended Measurement Gauges","true","",""
"Davinci's Vessels","davincisvessels:marker",4728,"false",12805,0,"Ship's Helm","true","",""
"Davinci's Vessels","davincisvessels:seat",4732,"false",12809,0,"Passenger Seat","true","",""
"Davinci's Vessels","davincisvessels:securedbed",4738,"false",,,"tile.davincis.securedBed.name","true","",""
"Davinci's Vessels","davincisvessels:stickybuffer",4734,"false",12811,0,"Sticky Buffer","true","",""
"Deeper Depths","deeperdepths:amethyst_block",2518,"false",8013,0,"Amethyst Block","true","",""
"Deeper Depths","deeperdepths:amethyst_cluster",2523,"false",8018,0,"Amethyst Cluster","true","",""
"Deeper Depths","deeperdepths:black_candle",2541,"false",8036,0,"Black Candle","true","",""
"Deeper Depths","deeperdepths:blue_candle",2537,"false",8032,0,"Blue Candle","true","",""
"Deeper Depths","deeperdepths:brown_candle",2538,"false",8033,0,"Brown Candle","true","",""
"Deeper Depths","deeperdepths:budding_amethyst",2519,"false",8014,0,"Budding Amethyst","true","",""
"Deeper Depths","deeperdepths:candle",2525,"false",8020,0,"Candle","true","",""
"Deeper Depths","deeperdepths:chiseled_copper",2469,"true",7964,0,"Chiseled Copper","true","blockCopperChiseled",""
"Deeper Depths","deeperdepths:chiseled_copper",2469,"true",7964,1,"Exposed Chiseled Copper","true","blockCopperChiseled",""
"Deeper Depths","deeperdepths:chiseled_copper",2469,"true",7964,2,"Weathered Chiseled Copper","true","blockCopperChiseled",""
"Deeper Depths","deeperdepths:chiseled_copper",2469,"true",7964,3,"Oxidized Chiseled Copper","true","blockCopperChiseled",""
"Deeper Depths","deeperdepths:chiseled_copper",2469,"true",7964,4,"Waxed Chiseled Copper","true","blockCopperChiseled",""
"Deeper Depths","deeperdepths:chiseled_copper",2469,"true",7964,5,"Waxed Exposed Chiseled Copper","true","blockCopperChiseled",""
"Deeper Depths","deeperdepths:chiseled_copper",2469,"true",7964,6,"Waxed Weathered Chiseled Copper","true","blockCopperChiseled",""
"Deeper Depths","deeperdepths:chiseled_copper",2469,"true",7964,7,"Waxed Oxidized Chiseled Copper","true","blockCopperChiseled",""
"Deeper Depths","deeperdepths:cobbled_deepslate_stairs",2458,"false",7954,0,"Cobbled Deepslate Stairs","true","",""
"Deeper Depths","deeperdepths:copper_bars",2505,"false",8000,0,"Copper Bars","true","",""
"Deeper Depths","deeperdepths:copper_block",2465,"true",7961,0,"Block of Copper","true","blockCopper",""
"Deeper Depths","deeperdepths:copper_block",2465,"true",7961,1,"Exposed Copper","true","blockCopper",""
"Deeper Depths","deeperdepths:copper_block",2465,"true",7961,2,"Weathered Copper","true","blockCopper",""
"Deeper Depths","deeperdepths:copper_block",2465,"true",7961,3,"Oxidized Copper","true","blockCopper",""
"Deeper Depths","deeperdepths:copper_block",2465,"true",7961,4,"Waxed Block of Copper","true","blockCopper",""
"Deeper Depths","deeperdepths:copper_block",2465,"true",7961,5,"Waxed Exposed Copper","true","blockCopper",""
"Deeper Depths","deeperdepths:copper_block",2465,"true",7961,6,"Waxed Weathered Copper","true","blockCopper",""
"Deeper Depths","deeperdepths:copper_block",2465,"true",7961,7,"Waxed Oxidized Copper","true","blockCopper",""
"Deeper Depths","deeperdepths:copper_bulb",2471,"true",7966,0,"Copper Bulb","true","",""
"Deeper Depths","deeperdepths:copper_bulb",2471,"true",7966,1,"Exposed Copper Bulb","true","",""
"Deeper Depths","deeperdepths:copper_bulb",2471,"true",7966,2,"Weathered Copper Bulb","true","",""
"Deeper Depths","deeperdepths:copper_bulb",2471,"true",7966,3,"Oxidized Copper Bulb","true","",""
"Deeper Depths","deeperdepths:copper_chain",2515,"true",8010,0,"Copper Chain","true","",""
"Deeper Depths","deeperdepths:copper_chain",2515,"true",8010,1,"Exposed Copper Chain","true","",""
"Deeper Depths","deeperdepths:copper_chain",2515,"true",8010,2,"Weathered Copper Chain","true","",""
"Deeper Depths","deeperdepths:copper_chain",2515,"true",8010,3,"Oxidized Copper Chain","true","",""
"Deeper Depths","deeperdepths:copper_chest",2513,"true",8008,0,"Copper Chest","true","",""
"Deeper Depths","deeperdepths:copper_chest",2513,"true",8008,1,"Exposed Copper Chest","true","",""
"Deeper Depths","deeperdepths:copper_chest",2513,"true",8008,2,"Weathered Copper Chest","true","",""
"Deeper Depths","deeperdepths:copper_chest",2513,"true",8008,3,"Oxidized Copper Chest","true","",""
"Deeper Depths","deeperdepths:copper_door",2489,"false",,,"Copper Door","true","",""
"Deeper Depths","deeperdepths:copper_grate",2470,"true",7965,0,"Copper Grate","true","",""
"Deeper Depths","deeperdepths:copper_grate",2470,"true",7965,1,"Exposed Copper Grate","true","",""
"Deeper Depths","deeperdepths:copper_grate",2470,"true",7965,2,"Weathered Copper Grate","true","",""
"Deeper Depths","deeperdepths:copper_grate",2470,"true",7965,3,"Oxidized Copper Grate","true","",""
"Deeper Depths","deeperdepths:copper_grate",2470,"true",7965,4,"Waxed Copper Grate","true","",""
"Deeper Depths","deeperdepths:copper_grate",2470,"true",7965,5,"Waxed Exposed Copper Grate","true","",""
"Deeper Depths","deeperdepths:copper_grate",2470,"true",7965,6,"Waxed Weathered Copper Grate","true","",""
"Deeper Depths","deeperdepths:copper_grate",2470,"true",7965,7,"Waxed Oxidized Copper Grate","true","",""
"Deeper Depths","deeperdepths:copper_lantern",2517,"true",8012,0,"Copper Lantern","true","",""
"Deeper Depths","deeperdepths:copper_lantern",2517,"true",8012,1,"Exposed Copper Lantern","true","",""
"Deeper Depths","deeperdepths:copper_lantern",2517,"true",8012,2,"Weathered Copper Lantern","true","",""
"Deeper Depths","deeperdepths:copper_lantern",2517,"true",8012,3,"Oxidized Copper Lantern","true","",""
"Deeper Depths","deeperdepths:copper_lantern",2517,"true",8012,4,"Waxed Copper Lantern","true","",""
"Deeper Depths","deeperdepths:copper_lantern",2517,"true",8012,5,"Waxed Exposed Copper Lantern","true","",""
"Deeper Depths","deeperdepths:copper_lantern",2517,"true",8012,6,"Waxed Weathered Copper Lantern","true","",""
"Deeper Depths","deeperdepths:copper_lantern",2517,"true",8012,7,"Waxed Oxidized Copper Lantern","true","",""
"Deeper Depths","deeperdepths:copper_ore",2464,"false",7960,0,"Copper Ore","true","oreCopper",""
"Deeper Depths","deeperdepths:copper_torch",2546,"false",8041,0,"Copper Torch","true","",""
"Deeper Depths","deeperdepths:copper_trapdoor",2481,"false",7976,0,"Copper Trapdoor","true","",""
"Deeper Depths","deeperdepths:cut_copper",2466,"true",7962,0,"Cut Copper","true","blockCopperCut",""
"Deeper Depths","deeperdepths:cut_copper",2466,"true",7962,1,"Exposed Cut Copper","true","blockCopperCut",""
"Deeper Depths","deeperdepths:cut_copper",2466,"true",7962,2,"Weathered Cut Copper","true","blockCopperCut",""
"Deeper Depths","deeperdepths:cut_copper",2466,"true",7962,3,"Oxidized Cut Copper","true","blockCopperCut",""
"Deeper Depths","deeperdepths:cut_copper",2466,"true",7962,4,"Waxed Cut Copper","true","blockCopperCut",""
"Deeper Depths","deeperdepths:cut_copper",2466,"true",7962,5,"Waxed Exposed Cut Copper","true","blockCopperCut",""
"Deeper Depths","deeperdepths:cut_copper",2466,"true",7962,6,"Waxed Weathered Cut Copper","true","blockCopperCut",""
"Deeper Depths","deeperdepths:cut_copper",2466,"true",7962,7,"Waxed Oxidized Cut Copper","true","blockCopperCut",""
"Deeper Depths","deeperdepths:cut_copper_slab",2467,"true",7963,0,"Cut Copper Slab","true","",""
"Deeper Depths","deeperdepths:cut_copper_slab",2467,"true",7963,1,"Exposed Cut Copper Slab","true","",""
"Deeper Depths","deeperdepths:cut_copper_slab",2467,"true",7963,2,"Weathered Cut Copper Slab","true","",""
"Deeper Depths","deeperdepths:cut_copper_slab",2467,"true",7963,3,"Oxidized Cut Copper Slab","true","",""
"Deeper Depths","deeperdepths:cut_copper_slab",2467,"true",7963,4,"Waxed Cut Copper Slab","true","",""
"Deeper Depths","deeperdepths:cut_copper_slab",2467,"true",7963,5,"Waxed Exposed Cut Copper Slab","true","",""
"Deeper Depths","deeperdepths:cut_copper_slab",2467,"true",7963,6,"Waxed Weathered Cut Copper Slab","true","",""
"Deeper Depths","deeperdepths:cut_copper_slab",2467,"true",7963,7,"Waxed Oxidized Cut Copper Slab","true","",""
"Deeper Depths","deeperdepths:cut_copper_stairs",2473,"false",7968,0,"Cut Copper Stairs","true","",""
"Deeper Depths","deeperdepths:cyan_candle",2535,"false",8030,0,"Cyan Candle","true","",""
"Deeper Depths","deeperdepths:deepslate",2451,"true",7948,0,"Deepslate","true","stone,stoneDeepslate",""
"Deeper Depths","deeperdepths:deepslate",2451,"true",7948,1,"Infested Deepslate","true","",""
"Deeper Depths","deeperdepths:deepslate_brick_stairs",2460,"false",7956,0,"Deepslate Brick Stairs","true","",""
"Deeper Depths","deeperdepths:deepslate_tile_stairs",2461,"false",7957,0,"Deepslate Tile Stairs","true","",""
"Deeper Depths","deeperdepths:double_cut_copper_slab",2468,"true",,,"tile.deeperdepths.double_cut_copper_slab.name","true","",""
"Deeper Depths","deeperdepths:double_cut_copper_slab",2468,"true",,,"tile.deeperdepths.double_cut_copper_slab.name","true","",""
"Deeper Depths","deeperdepths:double_cut_copper_slab",2468,"true",,,"tile.deeperdepths.double_cut_copper_slab.name","true","",""
"Deeper Depths","deeperdepths:double_cut_copper_slab",2468,"true",,,"tile.deeperdepths.double_cut_copper_slab.name","true","",""
"Deeper Depths","deeperdepths:double_cut_copper_slab",2468,"true",,,"tile.deeperdepths.double_cut_copper_slab.name","true","",""
"Deeper Depths","deeperdepths:double_cut_copper_slab",2468,"true",,,"tile.deeperdepths.double_cut_copper_slab.name","true","",""
"Deeper Depths","deeperdepths:double_cut_copper_slab",2468,"true",,,"tile.deeperdepths.double_cut_copper_slab.name","true","",""
"Deeper Depths","deeperdepths:double_cut_copper_slab",2468,"true",,,"tile.deeperdepths.double_cut_copper_slab.name","true","",""
"Deeper Depths","deeperdepths:double_stone_slab",2454,"true",,,"tile.deeperdepths.double_stone_slab.name","true","",""
"Deeper Depths","deeperdepths:double_stone_slab",2454,"true",,,"tile.deeperdepths.double_stone_slab.name","true","",""
"Deeper Depths","deeperdepths:double_stone_slab",2454,"true",,,"tile.deeperdepths.double_stone_slab.name","true","",""
"Deeper Depths","deeperdepths:double_stone_slab",2454,"true",,,"tile.deeperdepths.double_stone_slab.name","true","",""
"Deeper Depths","deeperdepths:double_stone_slab",2454,"true",,,"tile.deeperdepths.double_stone_slab.name","true","",""
"Deeper Depths","deeperdepths:double_stone_slab",2454,"true",,,"tile.deeperdepths.double_stone_slab.name","true","",""
"Deeper Depths","deeperdepths:double_stone_slab",2454,"true",,,"tile.deeperdepths.double_stone_slab.name","true","",""
"Deeper Depths","deeperdepths:exposed_copper_bars",2506,"false",8001,0,"Exposed Copper Bars","true","",""
"Deeper Depths","deeperdepths:exposed_copper_door",2490,"false",,,"Exposed Copper Door","true","",""
"Deeper Depths","deeperdepths:exposed_copper_trapdoor",2482,"false",7977,0,"Exposed Copper Trapdoor","true","",""
"Deeper Depths","deeperdepths:exposed_cut_copper_stairs",2474,"false",7969,0,"Exposed Cut Copper Stairs","true","",""
"Deeper Depths","deeperdepths:exposed_lightning_rod",2498,"false",7993,0,"Exposed Lightning Rod","true","",""
"Deeper Depths","deeperdepths:gray_candle",2533,"false",8028,0,"Gray Candle","true","",""
"Deeper Depths","deeperdepths:green_candle",2539,"false",8034,0,"Green Candle","true","",""
"Deeper Depths","deeperdepths:heavy_core",2545,"false",8040,0,"Heavy Core","true","",""
"Deeper Depths","deeperdepths:large_amethyst_bud",2522,"false",8017,0,"Large Amethyst Bud","true","",""
"Deeper Depths","deeperdepths:light_blue_candle",2529,"false",8024,0,"Light Blue Candle","true","",""
"Deeper Depths","deeperdepths:light_gray_candle",2534,"false",8029,0,"Light Gray Candle","true","",""
"Deeper Depths","deeperdepths:lightning_rod",2497,"false",7992,0,"Lightning Rod","true","",""
"Deeper Depths","deeperdepths:lime_candle",2531,"false",8026,0,"Lime Candle","true","",""
"Deeper Depths","deeperdepths:magenta_candle",2528,"false",8023,0,"Magenta Candle","true","",""
"Deeper Depths","deeperdepths:medium_amethyst_bud",2521,"false",8016,0,"Medium Amethyst Bud","true","",""
"Deeper Depths","deeperdepths:orange_candle",2527,"false",8022,0,"Orange Candle","true","",""
"Deeper Depths","deeperdepths:oxidized_copper_bars",2508,"false",8003,0,"Oxidized Copper Bars","true","",""
"Deeper Depths","deeperdepths:oxidized_copper_door",2492,"false",,,"Oxidized Copper Door","true","",""
"Deeper Depths","deeperdepths:oxidized_copper_trapdoor",2484,"false",7979,0,"Oxidized Copper Trapdoor","true","",""
"Deeper Depths","deeperdepths:oxidized_cut_copper_stairs",2476,"false",7971,0,"Oxidized Cut Copper Stairs","true","",""
"Deeper Depths","deeperdepths:oxidized_lightning_rod",2500,"false",7995,0,"Oxidized Lightning Rod","true","",""
"Deeper Depths","deeperdepths:pink_candle",2532,"false",8027,0,"Pink Candle","true","",""
"Deeper Depths","deeperdepths:polished_deepslate_stairs",2459,"false",7955,0,"Polished Deepslate Stairs","true","",""
"Deeper Depths","deeperdepths:polished_tuff_stairs",2456,"false",7952,0,"Polished Tuff Stairs","true","",""
"Deeper Depths","deeperdepths:purple_candle",2536,"false",8031,0,"Purple Candle","true","",""
"Deeper Depths","deeperdepths:red_candle",2540,"false",8035,0,"Red Candle","true","",""
"Deeper Depths","deeperdepths:reinforced_deepslate",2463,"false",7959,0,"Reinforced Deepslate","true","",""
"Deeper Depths","deeperdepths:small_amethyst_bud",2520,"false",8015,0,"Small Amethyst Bud","true","",""
"Deeper Depths","deeperdepths:stone",2452,"true",7949,0,"Tuff","true","stone,stoneTuff",""
"Deeper Depths","deeperdepths:stone",2452,"true",7949,1,"Polished Tuff","true","",""
"Deeper Depths","deeperdepths:stone",2452,"true",7949,2,"Chiseled Tuff","true","",""
"Deeper Depths","deeperdepths:stone",2452,"true",7949,3,"Tuff Bricks","true","",""
"Deeper Depths","deeperdepths:stone",2452,"true",7949,4,"Chiseled Tuff Bricks","true","",""
"Deeper Depths","deeperdepths:stone",2452,"true",7949,5,"Calcite","true","stoneCalcite",""
"Deeper Depths","deeperdepths:stone",2452,"true",7949,6,"Cobbled Deepslate","true","cobblestone,cobblestoneDeepslate",""
"Deeper Depths","deeperdepths:stone",2452,"true",7949,7,"Chiseled Deepslate","true","",""
"Deeper Depths","deeperdepths:stone",2452,"true",7949,8,"Polished Deepslate","true","",""
"Deeper Depths","deeperdepths:stone",2452,"true",7949,9,"Deepslate Bricks","true","",""
"Deeper Depths","deeperdepths:stone",2452,"true",7949,10,"Cracked Deepslate Bricks","true","",""
"Deeper Depths","deeperdepths:stone",2452,"true",7949,11,"Deepslate Tiles","true","",""
"Deeper Depths","deeperdepths:stone",2452,"true",7949,12,"Cracked Deepslate Tiles","true","",""
"Deeper Depths","deeperdepths:stone_slab",2453,"true",7950,0,"Tuff Slab","true","",""
"Deeper Depths","deeperdepths:stone_slab",2453,"true",7950,1,"Polished Tuff Slab","true","",""
"Deeper Depths","deeperdepths:stone_slab",2453,"true",7950,2,"Tuff Brick Slab","true","",""
"Deeper Depths","deeperdepths:stone_slab",2453,"true",7950,3,"Cobbled Deepslate Slab","true","",""
"Deeper Depths","deeperdepths:stone_slab",2453,"true",7950,4,"Polished Deepslate Slab","true","",""
"Deeper Depths","deeperdepths:stone_slab",2453,"true",7950,5,"Deepslate Brick Slab","true","",""
"Deeper Depths","deeperdepths:stone_slab",2453,"true",7950,6,"Deepslate Tile Slab","true","",""
"Deeper Depths","deeperdepths:stone_wall",2462,"true",7958,0,"Tuff Wall","true","",""
"Deeper Depths","deeperdepths:stone_wall",2462,"true",7958,1,"Polished Tuff Wall","true","",""
"Deeper Depths","deeperdepths:stone_wall",2462,"true",7958,2,"Tuff Brick Wall","true","",""
"Deeper Depths","deeperdepths:stone_wall",2462,"true",7958,3,"Cobbled Deepslate Wall","true","",""
"Deeper Depths","deeperdepths:stone_wall",2462,"true",7958,4,"Polished Deepslate Wall","true","",""
"Deeper Depths","deeperdepths:stone_wall",2462,"true",7958,5,"Deepslate Brick Wall","true","",""
"Deeper Depths","deeperdepths:stone_wall",2462,"true",7958,6,"Deepslate Tile Wall","true","",""
"Deeper Depths","deeperdepths:tinted_glass",2524,"false",8019,0,"Tinted Glass","true","blockGlass",""
"Deeper Depths","deeperdepths:trial_pot",2544,"false",8039,0,"Trial Pot","true","",""
"Deeper Depths","deeperdepths:trial_spawner",2542,"false",8037,0,"Trial Spawner","true","",""
"Deeper Depths","deeperdepths:tuff_brick_stairs",2457,"false",7953,0,"Tuff Brick Stairs","true","",""
"Deeper Depths","deeperdepths:tuff_stairs",2455,"false",7951,0,"Tuff Stairs","true","",""
"Deeper Depths","deeperdepths:vault",2543,"true",8038,0,"Vault","true","",""
"Deeper Depths","deeperdepths:vault",2543,"true",8038,1,"Ominous Vault","true","",""
"Deeper Depths","deeperdepths:waxed_copper_bars",2509,"false",8004,0,"Waxed Copper Bars","true","",""
"Deeper Depths","deeperdepths:waxed_copper_bulb",2472,"true",7967,0,"Waxed Copper Bulb","true","",""
"Deeper Depths","deeperdepths:waxed_copper_bulb",2472,"true",7967,1,"Waxed Exposed Copper Bulb","true","",""
"Deeper Depths","deeperdepths:waxed_copper_bulb",2472,"true",7967,2,"Waxed Weathered Copper Bulb","true","",""
"Deeper Depths","deeperdepths:waxed_copper_bulb",2472,"true",7967,3,"Waxed Oxidized Copper Bulb","true","",""
"Deeper Depths","deeperdepths:waxed_copper_chain",2516,"true",8011,0,"Waxed Copper Chain","true","",""
"Deeper Depths","deeperdepths:waxed_copper_chain",2516,"true",8011,1,"Waxed Exposed Copper Chain","true","",""
"Deeper Depths","deeperdepths:waxed_copper_chain",2516,"true",8011,2,"Waxed Weathered Copper Chain","true","",""
"Deeper Depths","deeperdepths:waxed_copper_chain",2516,"true",8011,3,"Waxed Oxidized Copper Chain","true","",""
"Deeper Depths","deeperdepths:waxed_copper_chest",2514,"true",8009,0,"Waxed Copper Chest","true","",""
"Deeper Depths","deeperdepths:waxed_copper_chest",2514,"true",8009,1,"Waxed Exposed Copper Chest","true","",""
"Deeper Depths","deeperdepths:waxed_copper_chest",2514,"true",8009,2,"Waxed Weathered Copper Chest","true","",""
"Deeper Depths","deeperdepths:waxed_copper_chest",2514,"true",8009,3,"Waxed Oxidized Copper Chest","true","",""
"Deeper Depths","deeperdepths:waxed_copper_door",2493,"false",,,"Waxed Copper Door","true","",""
"Deeper Depths","deeperdepths:waxed_copper_trapdoor",2485,"false",7980,0,"Waxed Copper Trapdoor","true","",""
"Deeper Depths","deeperdepths:waxed_cut_copper_stairs",2477,"false",7972,0,"Waxed Cut Copper Stairs","true","",""
"Deeper Depths","deeperdepths:waxed_exposed_copper_bars",2510,"false",8005,0,"Waxed Exposed Copper Bars","true","",""
"Deeper Depths","deeperdepths:waxed_exposed_copper_door",2494,"false",,,"Waxed Exposed Copper Door","true","",""
"Deeper Depths","deeperdepths:waxed_exposed_copper_trapdoor",2486,"false",7981,0,"Waxed Exposed Copper Trapdoor","true","",""
"Deeper Depths","deeperdepths:waxed_exposed_cut_copper_stairs",2478,"false",7973,0,"Waxed Exposed Cut Copper Stairs","true","",""
"Deeper Depths","deeperdepths:waxed_exposed_lightning_rod",2502,"false",7997,0,"Waxed Exposed Lightning Rod","true","",""
"Deeper Depths","deeperdepths:waxed_lightning_rod",2501,"false",7996,0,"Waxed Lightning Rod","true","",""
"Deeper Depths","deeperdepths:waxed_oxidized_copper_bars",2512,"false",8007,0,"Waxed Oxidized Copper Bars","true","",""
"Deeper Depths","deeperdepths:waxed_oxidized_copper_door",2496,"false",,,"Waxed Oxidized Copper Door","true","",""
"Deeper Depths","deeperdepths:waxed_oxidized_copper_trapdoor",2488,"false",7983,0,"Waxed Oxidized Copper Trapdoor","true","",""
"Deeper Depths","deeperdepths:waxed_oxidized_cut_copper_stairs",2480,"false",7975,0,"Waxed Oxidized Cut Copper Stairs","true","",""
"Deeper Depths","deeperdepths:waxed_oxidized_lightning_rod",2504,"false",7999,0,"Waxed Oxidized Lightning Rod","true","",""
"Deeper Depths","deeperdepths:waxed_weathered_copper_bars",2511,"false",8006,0,"Waxed Weathered Copper Bars","true","",""
"Deeper Depths","deeperdepths:waxed_weathered_copper_door",2495,"false",,,"Waxed Weathered Copper Door","true","",""
"Deeper Depths","deeperdepths:waxed_weathered_copper_trapdoor",2487,"false",7982,0,"Waxed Weathered Copper Trapdoor","true","",""
"Deeper Depths","deeperdepths:waxed_weathered_cut_copper_stairs",2479,"false",7974,0,"Waxed Weathered Cut Copper Stairs","true","",""
"Deeper Depths","deeperdepths:waxed_weathered_lightning_rod",2503,"false",7998,0,"Waxed Weathered Lightning Rod","true","",""
"Deeper Depths","deeperdepths:weathered_copper_bars",2507,"false",8002,0,"Weathered Copper Bars","true","",""
"Deeper Depths","deeperdepths:weathered_copper_door",2491,"false",,,"Weathered Copper Door","true","",""
"Deeper Depths","deeperdepths:weathered_copper_trapdoor",2483,"false",7978,0,"Weathered Copper Trapdoor","true","",""
"Deeper Depths","deeperdepths:weathered_cut_copper_stairs",2475,"false",7970,0,"Weathered Cut Copper Stairs","true","",""
"Deeper Depths","deeperdepths:weathered_lightning_rod",2499,"false",7994,0,"Weathered Lightning Rod","true","",""
"Deeper Depths","deeperdepths:white_candle",2526,"false",8021,0,"White Candle","true","",""
"Deeper Depths","deeperdepths:yellow_candle",2530,"false",8025,0,"Yellow Candle","true","",""
"Defiled Lands","defiledlands:blastem",2576,"false",,,"Blastem","true","",""
"Defiled Lands","defiledlands:conjuring_altar",2579,"false",8088,0,"Conjuring Altar","true","",""
"Defiled Lands","defiledlands:dirt_defiled",2550,"false",8063,0,"Defiled Dirt","true","dirtDefiled",""
"Defiled Lands","defiledlands:glass_obscure",2568,"false",8078,0,"Obscure Glass","true","",""
"Defiled Lands","defiledlands:grass_defiled",2551,"false",8064,0,"Defiled Grass","true","",""
"Defiled Lands","defiledlands:gravel_defiled",2552,"false",8065,0,"Defiled Gravel","true","gravelDefiled",""
"Defiled Lands","defiledlands:healing_pad",2578,"false",8087,0,"Healing Pad","true","",""
"Defiled Lands","defiledlands:hephaestite_block",2570,"false",8080,0,"Block of Hephaestite","true","blockHephaestite",""
"Defiled Lands","defiledlands:hephaestite_ore",2569,"false",8079,0,"Hephaestite Ore","true","oreHephaestite",""
"Defiled Lands","defiledlands:ravaging_decoration",2567,"true",8077,0,"Ravaging Stone","true","",""
"Defiled Lands","defiledlands:ravaging_decoration",2567,"true",8077,1,"Ravaging Bricks","true","",""
"Defiled Lands","defiledlands:sand_defiled",2548,"false",8061,0,"Defiled Sand","true","sandDefiled",""
"Defiled Lands","defiledlands:sandstone_defiled",2549,"false",8062,0,"Defiled Sandstone","true","sandstoneDefiled",""
"Defiled Lands","defiledlands:sandstone_defiled_stairs",2564,"false",8074,0,"Defiled Sandstone Stairs","true","",""
"Defiled Lands","defiledlands:scarlite_block",2574,"false",8084,0,"Block of Scarlite","true","blockScarlite",""
"Defiled Lands","defiledlands:scarlite_ore",2573,"false",8083,0,"Scarlite Ore","true","oreScarlite",""
"Defiled Lands","defiledlands:scuronotte",2577,"false",8086,0,"Scuronotte","true","listAllmushroom",""
"Defiled Lands","defiledlands:stone_defiled",2547,"false",8060,0,"Defiled Stone","true","stoneDefiled",""
"Defiled Lands","defiledlands:stone_defiled_bricks_stairs",2565,"false",8075,0,"Defiled Stone Bricks Stairs","true","",""
"Defiled Lands","defiledlands:stone_defiled_decoration",2557,"true",8070,0,"Defiled Stone Bricks","true","stoneDefiled",""
"Defiled Lands","defiledlands:stone_defiled_decoration",2557,"true",8070,1,"Cracked Defiled Stone Bricks","true","stoneDefiled",""
"Defiled Lands","defiledlands:stone_defiled_decoration",2557,"true",8070,2,"Mossy Defiled Stone Bricks","true","stoneDefiled",""
"Defiled Lands","defiledlands:stone_defiled_decoration",2557,"true",8070,3,"Mossy Defiled Stone","true","stoneDefiled",""
"Defiled Lands","defiledlands:stone_defiled_slab",2560,"true",8071,0,"Defiled Stone Slab","true","",""
"Defiled Lands","defiledlands:stone_defiled_slab",2560,"true",8071,1,"Defiled Sandstone Slab","true","",""
"Defiled Lands","defiledlands:stone_defiled_slab",2560,"true",8071,2,"Defiled Stone Bricks Slab","true","",""
"Defiled Lands","defiledlands:stone_defiled_slab_double",2559,"true",,,"tile.defiledlands.stone_defiled_slab_double.name","true","",""
"Defiled Lands","defiledlands:stone_defiled_slab_double",2559,"true",,,"tile.defiledlands.stone_defiled_slab_double.name","true","",""
"Defiled Lands","defiledlands:stone_defiled_slab_double",2559,"true",,,"tile.defiledlands.stone_defiled_slab_double.name","true","",""
"Defiled Lands","defiledlands:stone_defiled_stairs",2563,"false",8073,0,"Defiled Stone Stairs","true","",""
"Defiled Lands","defiledlands:tenebra_door",2558,"false",,,"Tenebra Door","true","",""
"Defiled Lands","defiledlands:tenebra_leaves",2554,"false",8067,0,"Tenebra Leaves","true","treeLeaves",""
"Defiled Lands","defiledlands:tenebra_log",2553,"false",8066,0,"Tenebra Wood","true","logWood",""
"Defiled Lands","defiledlands:tenebra_planks",2556,"false",8069,0,"Tenebra Wood Planks","true","plankWood",""
"Defiled Lands","defiledlands:tenebra_sapling",2555,"false",8068,0,"Tenebra Sapling","true","treeSapling",""
"Defiled Lands","defiledlands:tenebra_stairs",2566,"false",8076,0,"Tenebra Wood Stairs","true","",""
"Defiled Lands","defiledlands:umbrium_block",2572,"false",8082,0,"Block of Umbrium","true","blockUmbrium",""
"Defiled Lands","defiledlands:umbrium_ore",2571,"false",8081,0,"Umbrium Ore","true","oreUmbrium",""
"Defiled Lands","defiledlands:vilespine",2575,"false",8085,0,"Vilespine","true","",""
"Defiled Lands","defiledlands:wood_defiled_slab",2562,"false",8072,0,"Tenebra Wood Slab","true","",""
"Defiled Lands","defiledlands:wood_defiled_slab_double",2561,"false",,,"tile.defiledlands.wood_defiled_slab_double.name","true","",""
"Depths of Madness","db:disappearing_spawner",4055,"false",10977,0,"Disappearing Spawner","true","",""
"Depths of Madness","db:gold_chisle_brick",4062,"false",10984,0,"Golden Chiseled Brick","true","",""
"Depths of Madness","db:lighting_updater",4057,"false",10979,0,"tile.lighting_updater.name","true","",""
"Depths of Madness","db:mega_structure_block",4056,"false",10978,0,"Mega Structure Block","true","",""
"Depths of Madness","db:temple_brick",4058,"false",10980,0,"Temple Brick","true","",""
"Depths of Madness","db:temple_brick_slab_double",4066,"false",,,"Double Temple Brick Slab","true","",""
"Depths of Madness","db:temple_brick_slab_half",4067,"false",10988,0,"Temple Brick Slab","true","",""
"Depths of Madness","db:temple_brick_stairs",4065,"false",10987,0,"Temple Brick Stairs","true","",""
"Depths of Madness","db:temple_chisle_brick",4061,"false",10983,0,"Temple Chiseled Brick","true","",""
"Depths of Madness","db:temple_cobble",4060,"false",10982,0,"Temple Cobblestone","true","",""
"Depths of Madness","db:temple_cobble_slab_double",4069,"false",,,"Double Temple Cobblestone Slab","true","",""
"Depths of Madness","db:temple_cobble_slab_half",4070,"false",10990,0,"Temple Cobblestone Slab","true","",""
"Depths of Madness","db:temple_gold_brick",4063,"false",10985,0,"Golden Temple Brick","true","",""
"Depths of Madness","db:temple_lamp",4064,"false",10986,0,"Temple Lamp","true","",""
"Depths of Madness","db:temple_pillar",4068,"false",10989,0,"Temple Pillar","true","",""
"Depths of Madness","db:temple_polish",4059,"false",10981,0,"Polished Temple Brick","true","",""
"Disenchanter","disenchanter:disenchantmenttable",2580,"true",8146,0,"Disenchantment Table","true","",""
"Disenchanter","disenchanter:disenchantmenttable",2580,"true",8146,1,"Disenchantment Table","true","",""
"Disenchanter","disenchanter:disenchantmenttable",2580,"true",8146,2,"Disenchantment Table","true","",""
"Disenchanter","disenchanter:disenchantmenttable",2580,"true",8146,3,"Disenchantment Table","true","",""
"Disenchanter","disenchanter:disenchantmenttable",2580,"true",8146,4,"Disenchantment Table","true","",""
"Disenchanter","disenchanter:disenchantmenttable",2580,"true",8146,5,"Disenchantment Table","true","",""
"Disenchanter","disenchanter:disenchantmenttable",2580,"true",8146,6,"Disenchantment Table","true","",""
"Disenchanter","disenchanter:disenchantmenttable",2580,"true",8146,7,"Disenchantment Table","true","",""
"Disenchanter","disenchanter:disenchantmenttable",2580,"true",8146,8,"Disenchantment Table","true","",""
"Disenchanter","disenchanter:disenchantmenttable",2580,"true",8146,9,"Disenchantment Table","true","",""
"Doggy Talents","doggytalents:dog_bath",2582,"false",8148,0,"Dog Bath","true","",""
"Doggy Talents","doggytalents:dog_bed",2581,"true",8147,0,"Dog Bed","true","","{doggytalents:{casingId:""biomesoplenty:bamboo_thatching.0"",beddingId:""minecraft:wool.0""}}"
"Doggy Talents","doggytalents:dog_bed",2581,"true",8147,0,"Dog Bed","true","","{doggytalents:{casingId:""biomesoplenty:bamboo_thatching.0"",beddingId:""minecraft:wool.1""}}"
"Doggy Talents","doggytalents:dog_bed",2581,"true",8147,0,"Dog Bed","true","","{doggytalents:{casingId:""biomesoplenty:bamboo_thatching.0"",beddingId:""minecraft:wool.10""}}"
"Doggy Talents","doggytalents:dog_bed",2581,"true",8147,0,"Dog Bed","true","","{doggytalents:{casingId:""biomesoplenty:bamboo_thatching.0"",beddingId:""minecraft:wool.11""}}"
"Doggy Talents","doggytalents:dog_bed",2581,"true",8147,0,"Dog Bed","true","","{doggytalents:{casingId:""biomesoplenty:bamboo_thatching.0"",beddingId:""minecraft:wool.12""}}"
"Doggy Talents","doggytalents:dog_bed",2581,"true",8147,0,"Dog Bed","true","","{doggytalents:{casingId:""biomesoplenty:bamboo_thatching.0"",beddingId:""minecraft:wool.13""}}"
"Doggy Talents","doggytalents:dog_bed",2581,"true",8147,0,"Dog Bed","true","","{doggytalents:{casingId:""biomesoplenty:bamboo_thatching.0"",beddingId:""minecraft:wool.14""}}"
"Doggy Talents","doggytalents:dog_bed",2581,"true",8147,0,"Dog Bed","true","","{doggytalents:{casingId:""biomesoplenty:bamboo_thatching.0"",beddingId:""minecraft:wool.15""}}"
"Doggy Talents","doggytalents:dog_bed",2581,"true",8147,0,"Dog Bed","true","","{doggytalents:{casingId:""biomesoplenty:bamboo_thatching.0"",beddingId:""minecraft:wool.2""}}"
"Doggy Talents","doggytalents:dog_bed",2581,"true",8147,0,"Dog Bed","true","","{doggytalents:{casingId:""biomesoplenty:bamboo_thatching.0"",beddingId:""minecraft:wool.3""}}"
"Doggy Talents","doggytalents:dog_bed",2581,"true",8147,0,"Dog Bed","true","","{doggytalents:{casingId:""biomesoplenty:bamboo_thatching.0"",beddingId:""minecraft:wool.4""}}"
"Doggy Talents","doggytalents:dog_bed",2581,"true",8147,0,"Dog Bed","true","","{doggytalents:{casingId:""biomesoplenty:bamboo_thatching.0"",beddingId:""minecraft:wool.5""}}"
"Doggy Talents","doggytalents:dog_bed",2581,"true",8147,0,"Dog Bed","true","","{doggytalents:{casingId:""biomesoplenty:bamboo_thatching.0"",beddingId:""minecraft:wool.6""}}"
"Doggy Talents","doggytalents:dog_bed",2581,"true",8147,0,"Dog Bed","true","","{doggytalents:{casingId:""biomesoplenty:bamboo_thatching.0"",beddingId:""minecraft:wool.7""}}"
"Doggy Talents","doggytalents:dog_bed",2581,"true",8147,0,"Dog Bed","true","","{doggytalents:{casingId:""biomesoplenty:bamboo_thatching.0"",beddingId:""minecraft:wool.8""}}"
"Doggy Talents","doggytalents:dog_bed",2581,"true",8147,0,"Dog Bed","true","","{doggytalents:{casingId:""biomesoplenty:bamboo_thatching.0"",beddingId:""minecraft:wool.9""}}"
"Doggy Talents","doggytalents:dog_bed",2581,"true",8147,0,"Dog Bed","true","","{doggytalents:{casingId:""biomesoplenty:planks_0.0"",beddingId:""minecraft:wool.0""}}"
"Doggy Talents","doggytalents:dog_bed",2581,"true",8147,0,"Dog Bed","true","","{doggytalents:{casingId:""biomesoplenty:planks_0.0"",beddingId:""minecraft:wool.1""}}"
"Doggy Talents","doggytalents:dog_bed",2581,"true",8147,0,"Dog Bed","true","","{doggytalents:{casingId:""biomesoplenty:planks_0.0"",beddingId:""minecraft:wool.10""}}"
"Doggy Talents","doggytalents:dog_bed",2581,"true",8147,0,"Dog Bed","true","","{doggytalents:{casingId:""biomesoplenty:planks_0.0"",beddingId:""minecraft:wool.11""}}"
"Doggy Talents","doggytalents:dog_bed",2581,"true",8147,0,"Dog Bed","true","","{doggytalents:{casingId:""biomesoplenty:planks_0.0"",beddingId:""minecraft:wool.12""}}"
"Doggy Talents","doggytalents:dog_bed",2581,"true",8147,0,"Dog Bed","true","","{doggytalents:{casingId:""biomesoplenty:planks_0.0"",beddingId:""minecraft:wool.13""}}"
"Doggy Talents","doggytalents:dog_bed",2581,"true",8147,0,"Dog Bed","true","","{doggytalents:{casingId:""biomesoplenty:planks_0.0"",beddingId:""minecraft:wool.14""}}"
"Doggy Talents","doggytalents:dog_bed",2581,"true",8147,0,"Dog Bed","true","","{doggytalents:{casingId:""biomesoplenty:planks_0.0"",beddingId:""minecraft:wool.15""}}"
"Doggy Talents","doggytalents:dog_bed",2581,"true",8147,0,"Dog Bed","true","","{doggytalents:{casingId:""biomesoplenty:planks_0.0"",beddingId:""minecraft:wool.2""}}"
"Doggy Talents","doggytalents:dog_bed",2581,"true",8147,0,"Dog Bed","true","","{doggytalents:{casingId:""biomesoplenty:planks_0.0"",beddingId:""minecraft:wool.3""}}"
"Doggy Talents","doggytalents:dog_bed",2581,"true",8147,0,"Dog Bed","true","","{doggytalents:{casingId:""biomesoplenty:planks_0.0"",beddingId:""minecraft:wool.4""}}"
"Doggy Talents","doggytalents:dog_bed",2581,"true",8147,0,"Dog Bed","true","","{doggytalents:{casingId:""biomesoplenty:planks_0.0"",beddingId:""minecraft:wool.5""}}"
"Doggy Talents","doggytalents:dog_bed",2581,"true",8147,0,"Dog Bed","true","","{doggytalents:{casingId:""biomesoplenty:planks_0.0"",beddingId:""minecraft:wool.6""}}"
"Doggy Talents","doggytalents:dog_bed",2581,"true",8147,0,"Dog Bed","true","","{doggytalents:{casingId:""biomesoplenty:planks_0.0"",beddingId:""minecraft:wool.7""}}"
"Doggy Talents","doggytalents:dog_bed",2581,"true",8147,0,"Dog Bed","true","","{doggytalents:{casingId:""biomesoplenty:planks_0.0"",beddingId:""minecraft:wool.8""}}"
"Doggy Talents","doggytalents:dog_bed",2581,"true",8147,0,"Dog Bed","true","","{doggytalents:{casingId:""biomesoplenty:planks_0.0"",beddingId:""minecraft:wool.9""}}"
"Doggy Talents","doggytalents:dog_bed",2581,"true",8147,0,"Dog Bed","true","","{doggytalents:{casingId:""biomesoplenty:planks_0.1"",beddingId:""minecraft:wool.0""}}"
"Doggy Talents","doggytalents:dog_bed",2581,"true",8147,0,"Dog Bed","true","","{doggytalents:{casingId:""biomesoplenty:planks_0.1"",beddingId:""minecraft:wool.1""}}"
"Doggy Talents","doggytalents:dog_bed",2581,"true",8147,0,"Dog Bed","true","","{doggytalents:{casingId:""biomesoplenty:planks_0.1"",beddingId:""minecraft:wool.10""}}"
"Doggy Talents","doggytalents:dog_bed",2581,"true",8147,0,"Dog Bed","true","","{doggytalents:{casingId:""biomesoplenty:planks_0.1"",beddingId:""minecraft:wool.11""}}"
"Doggy Talents","doggytalents:dog_bed",2581,"true",8147,0,"Dog Bed","true","","{doggytalents:{casingId:""biomesoplenty:planks_0.1"",beddingId:""minecraft:wool.12""}}"
"Doggy Talents","doggytalents:dog_bed",2581,"true",8147,0,"Dog Bed","true","","{doggytalents:{casingId:""biomesoplenty:planks_0.1"",beddingId:""minecraft:wool.13""}}"
"Doggy Talents","doggytalents:dog_bed",2581,"true",8147,0,"Dog Bed","true","","{doggytalents:{casingId:""biomesoplenty:planks_0.1"",beddingId:""minecraft:wool.14""}}"
"Doggy Talents","doggytalents:dog_bed",2581,"true",8147,0,"Dog Bed","true","","{doggytalents:{casingId:""biomesoplenty:planks_0.1"",beddingId:""minecraft:wool.15""}}"
"Doggy Talents","doggytalents:dog_bed",2581,"true",8147,0,"Dog Bed","true","","{doggytalents:{casingId:""biomesoplenty:planks_0.1"",beddingId:""minecraft:wool.2""}}"
"Doggy Talents","doggytalents:dog_bed",2581,"true",8147,0,"Dog Bed","true","","{doggytalents:{casingId:""biomesoplenty:planks_0.1"",beddingId:""minecraft:wool.3""}}"
"Doggy Talents","doggytalents:dog_bed",2581,"true",8147,0,"Dog Bed","true","","{doggytalents:{casingId:""biomesoplenty:planks_0.1"",beddingId:""minecraft:wool.4""}}"
"Doggy Talents","doggytalents:dog_bed",2581,"true",8147,0,"Dog Bed","true","","{doggytalents:{casingId:""biomesoplenty:planks_0.1"",beddingId:""minecraft:wool.5""}}"
"Doggy Talents","doggytalents:dog_bed",2581,"true",8147,0,"Dog Bed","true","","{doggytalents:{casingId:""biomesoplenty:planks_0.1"",beddingId:""minecraft:wool.6""}}"
"Doggy Talents","doggytalents:dog_bed",2581,"true",8147,0,"Dog Bed","true","","{doggytalents:{casingId:""biomesoplenty:planks_0.1"",beddingId:""minecraft:wool.7""}}"
"Doggy Talents","doggytalents:dog_bed",2581,"true",8147,0,"Dog Bed","true","","{doggytalents:{casingId:""biomesoplenty:planks_0.1"",beddingId:""minecraft:wool.8""}}"
"Doggy Talents","doggytalents:dog_bed",2581,"true",8147,0,"Dog Bed","true","","{doggytalents:{casingId:""biomesoplenty:planks_0.1"",beddingId:""minecraft:wool.9""}}"
"Doggy Talents","doggytalents:dog_bed",2581,"true",8147,0,"Dog Bed","true","","{doggytalents:{casingId:""biomesoplenty:planks_0.10"",beddingId:""minecraft:wool.0""}}"
"Doggy Talents","doggytalents:dog_bed",2581,"true",8147,0,"Dog Bed","true","","{doggytalents:{casingId:""biomesoplenty:planks_0.10"",beddingId:""minecraft:wool.1""}}"
"Doggy Talents","doggytalents:dog_bed",2581,"true",8147,0,"Dog Bed","true","","{doggytalents:{casingId:""biomesoplenty:planks_0.10"",beddingId:""minecraft:wool.10""}}"
"Doggy Talents","doggytalents:dog_bed",2581,"true",8147,0,"Dog Bed","true","","{doggytalents:{casingId:""biomesoplenty:planks_0.10"",beddingId:""minecraft:wool.11""}}"
"Doggy Talents","doggytalents:dog_bed",2581,"true",8147,0,"Dog Bed","true","","{doggytalents:{casingId:""biomesoplenty:planks_0.10"",beddingId:""minecraft:wool.12""}}"
"Doggy Talents","doggytalents:dog_bed",2581,"true",8147,0,"Dog Bed","true","","{doggytalents:{casingId:""biomesoplenty:planks_0.10"",beddingId:""minecraft:wool.13""}}"
"Doggy Talents","doggytalents:dog_bed",2581,"true",8147,0,"Dog Bed","true","","{doggytalents:{casingId:""biomesoplenty:planks_0.10"",beddingId:""minecraft:wool.14""}}"
"Doggy Talents","doggytalents:dog_bed",2581,"true",8147,0,"Dog Bed","true","","{doggytalents:{casingId:""biomesoplenty:planks_0.10"",beddingId:""minecraft:wool.15""}}"
"Doggy Talents","doggytalents:dog_bed",2581,"true",8147,0,"Dog Bed","true","","{doggytalents:{casingId:""biomesoplenty:planks_0.10"",beddingId:""minecraft:wool.2""}}"
"Doggy Talents","doggytalents:dog_bed",2581,"true",8147,0,"Dog Bed","true","","{doggytalents:{casingId:""biomesoplenty:planks_0.10"",beddingId:""minecraft:wool.3""}}"
"Doggy Talents","doggytalents:dog_bed",2581,"true",8147,0,"Dog Bed","true","","{doggytalents:{casingId:""biomesoplenty:planks_0.10"",beddingId:""minecraft:wool.4""}}"
"Doggy Talents","doggytalents:dog_bed",2581,"true",8147,0,"Dog Bed","true","","{doggytalents:{casingId:""biomesoplenty:planks_0.10"",beddingId:""minecraft:wool.5""}}"
"Doggy Talents","doggytalents:dog_bed",2581,"true",8147,0,"Dog Bed","true","","{doggytalents:{casingId:""biomesoplenty:planks_0.10"",beddingId:""minecraft:wool.6""}}"
"Doggy Talents","doggytalents:dog_bed",2581,"true",8147,0,"Dog Bed","true","","{doggytalents:{casingId:""biomesoplenty:planks_0.10"",beddingId:""minecraft:wool.7""}}"
"Doggy Talents","doggytalents:dog_bed",2581,"true",8147,0,"Dog Bed","true","","{doggytalents:{casingId:""biomesoplenty:planks_0.10"",beddingId:""minecraft:wool.8""}}"
"Doggy Talents","doggytalents:dog_bed",2581,"true",8147,0,"Dog Bed","true","","{doggytalents:{casingId:""biomesoplenty:planks_0.10"",beddingId:""minecraft:wool.9""}}"
"Doggy Talents","doggytalents:dog_bed",2581,"true",8147,0,"Dog Bed","true","","{doggytalents:{casingId:""biomesoplenty:planks_0.11"",beddingId:""minecraft:wool.0""}}"
"Doggy Talents","doggytalents:dog_bed",2581,"true",8147,0,"Dog Bed","true","","{doggytalents:{casingId:""biomesoplenty:planks_0.11"",beddingId:""minecraft:wool.1""}}"
"Doggy Talents","doggytalents:dog_bed",2581,"true",8147,0,"Dog Bed","true","","{doggytalents:{casingId:""biomesoplenty:planks_0.11"",beddingId:""minecraft:wool.10""}}"
"Doggy Talents","doggytalents:dog_bed",2581,"true",8147,0,"Dog Bed","true","","{doggytalents:{casingId:""biomesoplenty:planks_0.11"",beddingId:""minecraft:wool.11""}}"
"Doggy Talents","doggytalents:dog_bed",2581,"true",8147,0,"Dog Bed","true","","{doggytalents:{casingId:""biomesoplenty:planks_0.11"",beddingId:""minecraft:wool.12""}}"
"Doggy Talents","doggytalents:dog_bed",2581,"true",8147,0,"Dog Bed","true","","{doggytalents:{casingId:""biomesoplenty:planks_0.11"",beddingId:""minecraft:wool.13""}}"
"Doggy Talents","doggytalents:dog_bed",2581,"true",8147,0,"Dog Bed","true","","{doggytalents:{casingId:""biomesoplenty:planks_0.11"",beddingId:""minecraft:wool.14""}}"
"Doggy Talents","doggytalents:dog_bed",2581,"true",8147,0,"Dog Bed","true","","{doggytalents:{casingId:""biomesoplenty:planks_0.11"",beddingId:""minecraft:wool.15""}}"
"Doggy Talents","doggytalents:dog_bed",2581,"true",8147,0,"Dog Bed","true","","{doggytalents:{casingId:""biomesoplenty:planks_0.11"",beddingId:""minecraft:wool.2""}}"
"Doggy Talents","doggytalents:dog_bed",2581,"true",8147,0,"Dog Bed","true","","{doggytalents:{casingId:""biomesoplenty:planks_0.11"",beddingId:""minecraft:wool.3""}}"
"Doggy Talents","doggytalents:dog_bed",2581,"true",8147,0,"Dog Bed","true","","{doggytalents:{casingId:""biomesoplenty:planks_0.11"",beddingId:""minecraft:wool.4""}}"
"Doggy Talents","doggytalents:dog_bed",2581,"true",8147,0,"Dog Bed","true","","{doggytalents:{casingId:""biomesoplenty:planks_0.11"",beddingId:""minecraft:wool.5""}}"
"Doggy Talents","doggytalents:dog_bed",2581,"true",8147,0,"Dog Bed","true","","{doggytalents:{casingId:""biomesoplenty:planks_0.11"",beddingId:""minecraft:wool.6""}}"
"Doggy Talents","doggytalents:dog_bed",2581,"true",8147,0,"Dog Bed","true","","{doggytalents:{casingId:""biomesoplenty:planks_0.11"",beddingId:""minecraft:wool.7""}}"
"Doggy Talents","doggytalents:dog_bed",2581,"true",8147,0,"Dog Bed","true","","{doggytalents:{casingId:""biomesoplenty:planks_0.11"",beddingId:""minecraft:wool.8""}}"
"Doggy Talents","doggytalents:dog_bed",2581,"true",8147,0,"Dog Bed","true","","{doggytalents:{casingId:""biomesoplenty:planks_0.11"",beddingId:""minecraft:wool.9""}}"
"Doggy Talents","doggytalents:dog_bed",2581,"true",8147,0,"Dog Bed","true","","{doggytalents:{casingId:""biomesoplenty:planks_0.12"",beddingId:""minecraft:wool.0""}}"
"Doggy Talents","doggytalents:dog_bed",2581,"true",8147,0,"Dog Bed","true","","{doggytalents:{casingId:""biomesoplenty:planks_0.12"",beddingId:""minecraft:wool.1""}}"
"Doggy Talents","doggytalents:dog_bed",2581,"true",8147,0,"Dog Bed","true","","{doggytalents:{casingId:""biomesoplenty:planks_0.12"",beddingId:""minecraft:wool.10""}}"
"Doggy Talents","doggytalents:dog_bed",2581,"true",8147,0,"Dog Bed","true","","{doggytalents:{casingId:""biomesoplenty:planks_0.12"",beddingId:""minecraft:wool.11""}}"
"Doggy Talents","doggytalents:dog_bed",2581,"true",8147,0,"Dog Bed","true","","{doggytalents:{casingId:""biomesoplenty:planks_0.12"",beddingId:""minecraft:wool.12""}}"
"Doggy Talents","doggytalents:dog_bed",2581,"true",8147,0,"Dog Bed","true","","{doggytalents:{casingId:""biomesoplenty:planks_0.12"",beddingId:""minecraft:wool.13""}}"
"Doggy Talents","doggytalents:dog_bed",2581,"true",8147,0,"Dog Bed","true","","{doggytalents:{casingId:""biomesoplenty:planks_0.12"",beddingId:""minecraft:wool.14""}}"
"Doggy Talents","doggytalents:dog_bed",2581,"true",8147,0,"Dog Bed","true","","{doggytalents:{casingId:""biomesoplenty:planks_0.12"",beddingId:""minecraft:wool.15""}}"
"Doggy Talents","doggytalents:dog_bed",2581,"true",8147,0,"Dog Bed","true","","{doggytalents:{casingId:""biomesoplenty:planks_0.12"",beddingId:""minecraft:wool.2""}}"
"Doggy Talents","doggytalents:dog_bed",2581,"true",8147,0,"Dog Bed","true","","{doggytalents:{casingId:""biomesoplenty:planks_0.12"",beddingId:""minecraft:wool.3""}}"
"Doggy Talents","doggytalents:dog_bed",2581,"true",8147,0,"Dog Bed","true","","{doggytalents:{casingId:""biomesoplenty:planks_0.12"",beddingId:""minecraft:wool.4""}}"
"Doggy Talents","doggytalents:dog_bed",2581,"true",8147,0,"Dog Bed","true","","{doggytalents:{casingId:""biomesoplenty:planks_0.12"",beddingId:""minecraft:wool.5""}}"
"Doggy Talents","doggytalents:dog_bed",2581,"true",8147,0,"Dog Bed","true","","{doggytalents:{casingId:""biomesoplenty:planks_0.12"",beddingId:""minecraft:wool.6""}}"
"Doggy Talents","doggytalents:dog_bed",2581,"true",8147,0,"Dog Bed","true","","{doggytalents:{casingId:""biomesoplenty:planks_0.12"",beddingId:""minecraft:wool.7""}}"
"Doggy Talents","doggytalents:dog_bed",2581,"true",8147,0,"Dog Bed","true","","{doggytalents:{casingId:""biomesoplenty:planks_0.12"",beddingId:""minecraft:wool.8""}}"
"Doggy Talents","doggytalents:dog_bed",2581,"true",8147,0,"Dog Bed","true","","{doggytalents:{casingId:""biomesoplenty:planks_0.12"",beddingId:""minecraft:wool.9""}}"
"Doggy Talents","doggytalents:dog_bed",2581,"true",8147,0,"Dog Bed","true","","{doggytalents:{casingId:""biomesoplenty:planks_0.13"",beddingId:""minecraft:wool.0""}}"
"Doggy Talents","doggytalents:dog_bed",2581,"true",8147,0,"Dog Bed","true","","{doggytalents:{casingId:""biomesoplenty:planks_0.13"",beddingId:""minecraft:wool.1""}}"
"Doggy Talents","doggytalents:dog_bed",2581,"true",8147,0,"Dog Bed","true","","{doggytalents:{casingId:""biomesoplenty:planks_0.13"",beddingId:""minecraft:wool.10""}}"
"Doggy Talents","doggytalents:dog_bed",2581,"true",8147,0,"Dog Bed","true","","{doggytalents:{casingId:""biomesoplenty:planks_0.13"",beddingId:""minecraft:wool.11""}}"
"Doggy Talents","doggytalents:dog_bed",2581,"true",8147,0,"Dog Bed","true","","{doggytalents:{casingId:""biomesoplenty:planks_0.13"",beddingId:""minecraft:wool.12""}}"
"Doggy Talents","doggytalents:dog_bed",2581,"true",8147,0,"Dog Bed","true","","{doggytalents:{casingId:""biomesoplenty:planks_0.13"",beddingId:""minecraft:wool.13""}}"
"Doggy Talents","doggytalents:dog_bed",2581,"true",8147,0,"Dog Bed","true","","{doggytalents:{casingId:""biomesoplenty:planks_0.13"",beddingId:""minecraft:wool.14""}}"
"Doggy Talents","doggytalents:dog_bed",2581,"true",8147,0,"Dog Bed","true","","{doggytalents:{casingId:""biomesoplenty:planks_0.13"",beddingId:""minecraft:wool.15""}}"
"Doggy Talents","doggytalents:dog_bed",2581,"true",8147,0,"Dog Bed","true","","{doggytalents:{casingId:""biomesoplenty:planks_0.13"",beddingId:""minecraft:wool.2""}}"
"Doggy Talents","doggytalents:dog_bed",2581,"true",8147,0,"Dog Bed","true","","{doggytalents:{casingId:""biomesoplenty:planks_0.13"",beddingId:""minecraft:wool.3""}}"
"Doggy Talents","doggytalents:dog_bed",2581,"true",8147,0,"Dog Bed","true","","{doggytalents:{casingId:""biomesoplenty:planks_0.13"",beddingId:""minecraft:wool.4""}}"
"Doggy Talents","doggytalents:dog_bed",2581,"true",8147,0,"Dog Bed","true","","{doggytalents:{casingId:""biomesoplenty:planks_0.13"",beddingId:""minecraft:wool.5""}}"
"Doggy Talents","doggytalents:dog_bed",2581,"true",8147,0,"Dog Bed","true","","{doggytalents:{casingId:""biomesoplenty:planks_0.13"",beddingId:""minecraft:wool.6""}}"
"Doggy Talents","doggytalents:dog_bed",2581,"true",8147,0,"Dog Bed","true","","{doggytalents:{casingId:""biomesoplenty:planks_0.13"",beddingId:""minecraft:wool.7""}}"
"Doggy Talents","doggytalents:dog_bed",2581,"true",8147,0,"Dog Bed","true","","{doggytalents:{casingId:""biomesoplenty:planks_0.13"",beddingId:""minecraft:wool.8""}}"
"Doggy Talents","doggytalents:dog_bed",2581,"true",8147,0,"Dog Bed","true","","{doggytalents:{casingId:""biomesoplenty:planks_0.13"",beddingId:""minecraft:wool.9""}}"
"Doggy Talents","doggytalents:dog_bed",2581,"true",8147,0,"Dog Bed","true","","{doggytalents:{casingId:""biomesoplenty:planks_0.14"",beddingId:""minecraft:wool.0""}}"
"Doggy Talents","doggytalents:dog_bed",2581,"true",8147,0,"Dog Bed","true","","{doggytalents:{casingId:""biomesoplenty:planks_0.14"",beddingId:""minecraft:wool.1""}}"
"Doggy Talents","doggytalents:dog_bed",2581,"true",8147,0,"Dog Bed","true","","{doggytalents:{casingId:""biomesoplenty:planks_0.14"",beddingId:""minecraft:wool.10""}}"
"Doggy Talents","doggytalents:dog_bed",2581,"true",8147,0,"Dog Bed","true","","{doggytalents:{casingId:""biomesoplenty:planks_0.14"",beddingId:""minecraft:wool.11""}}"
"Doggy Talents","doggytalents:dog_bed",2581,"true",8147,0,"Dog Bed","true","","{doggytalents:{casingId:""biomesoplenty:planks_0.14"",beddingId:""minecraft:wool.12""}}"
"Doggy Talents","doggytalents:dog_bed",2581,"true",8147,0,"Dog Bed","true","","{doggytalents:{casingId:""biomesoplenty:planks_0.14"",beddingId:""minecraft:wool.13""}}"
"Doggy Talents","doggytalents:dog_bed",2581,"true",8147,0,"Dog Bed","true","","{doggytalents:{casingId:""biomesoplenty:planks_0.14"",beddingId:""minecraft:wool.14""}}"
"Doggy Talents","doggytalents:dog_bed",2581,"true",8147,0,"Dog Bed","true","","{doggytalents:{casingId:""biomesoplenty:planks_0.14"",beddingId:""minecraft:wool.15""}}"
"Doggy Talents","doggytalents:dog_bed",2581,"true",8147,0,"Dog Bed","true","","{doggytalents:{casingId:""biomesoplenty:planks_0.14"",beddingId:""minecraft:wool.2""}}"
"Doggy Talents","doggytalents:dog_bed",2581,"true",8147,0,"Dog Bed","true","","{doggytalents:{casingId:""biomesoplenty:planks_0.14"",beddingId:""minecraft:wool.3""}}"
"Doggy Talents","doggytalents:dog_bed",2581,"true",8147,0,"Dog Bed","true","","{doggytalents:{casingId:""biomesoplenty:planks_0.14"",beddingId:""minecraft:wool.4""}}"
"Doggy Talents","doggytalents:dog_bed",2581,"true",8147,0,"Dog Bed","true","","{doggytalents:{casingId:""biomesoplenty:planks_0.14"",beddingId:""minecraft:wool.5""}}"
"Doggy Talents","doggytalents:dog_bed",2581,"true",8147,0,"Dog Bed","true","","{doggytalents:{casingId:""biomesoplenty:planks_0.14"",beddingId:""minecraft:wool.6""}}"
"Doggy Talents","doggytalents:dog_bed",2581,"true",8147,0,"Dog Bed","true","","{doggytalents:{casingId:""biomesoplenty:planks_0.14"",beddingId:""minecraft:wool.7""}}"
"Doggy Talents","doggytalents:dog_bed",2581,"true",8147,0,"Dog Bed","true","","{doggytalents:{casingId:""biomesoplenty:planks_0.14"",beddingId:""minecraft:wool.8""}}"
"Doggy Talents","doggytalents:dog_bed",2581,"true",8147,0,"Dog Bed","true","","{doggytalents:{casingId:""biomesoplenty:planks_0.14"",beddingId:""minecraft:wool.9""}}"
"Doggy Talents","doggytalents:dog_bed",2581,"true",8147,0,"Dog Bed","true","","{doggytalents:{casingId:""biomesoplenty:planks_0.15"",beddingId:""minecraft:wool.0""}}"
"Doggy Talents","doggytalents:dog_bed",2581,"true",8147,0,"Dog Bed","true","","{doggytalents:{casingId:""biomesoplenty:planks_0.15"",beddingId:""minecraft:wool.1""}}"
"Doggy Talents","doggytalents:dog_bed",2581,"true",8147,0,"Dog Bed","true","","{doggytalents:{casingId:""biomesoplenty:planks_0.15"",beddingId:""minecraft:wool.10""}}"
"Doggy Talents","doggytalents:dog_bed",2581,"true",8147,0,"Dog Bed","true","","{doggytalents:{casingId:""biomesoplenty:planks_0.15"",beddingId:""minecraft:wool.11""}}"
"Doggy Talents","doggytalents:dog_bed",2581,"true",8147,0,"Dog Bed","true","","{doggytalents:{casingId:""biomesoplenty:planks_0.15"",beddingId:""minecraft:wool.12""}}"
"Doggy Talents","doggytalents:dog_bed",2581,"true",8147,0,"Dog Bed","true","","{doggytalents:{casingId:""biomesoplenty:planks_0.15"",beddingId:""minecraft:wool.13""}}"
"Doggy Talents","doggytalents:dog_bed",2581,"true",8147,0,"Dog Bed","true","","{doggytalents:{casingId:""biomesoplenty:planks_0.15"",beddingId:""minecraft:wool.14""}}"
"Doggy Talents","doggytalents:dog_bed",2581,"true",8147,0,"Dog Bed","true","","{doggytalents:{casingId:""biomesoplenty:planks_0.15"",beddingId:""minecraft:wool.15""}}"
"Doggy Talents","doggytalents:dog_bed",2581,"true",8147,0,"Dog Bed","true","","{doggytalents:{casingId:""biomesoplenty:planks_0.15"",beddingId:""minecraft:wool.2""}}"
"Doggy Talents","doggytalents:dog_bed",2581,"true",8147,0,"Dog Bed","true","","{doggytalents:{casingId:""biomesoplenty:planks_0.15"",beddingId:""minecraft:wool.3""}}"
"Doggy Talents","doggytalents:dog_bed",2581,"true",8147,0,"Dog Bed","true","","{doggytalents:{casingId:""biomesoplenty:planks_0.15"",beddingId:""minecraft:wool.4""}}"
"Doggy Talents","doggytalents:dog_bed",2581,"true",8147,0,"Dog Bed","true","","{doggytalents:{casingId:""biomesoplenty:planks_0.15"",beddingId:""minecraft:wool.5""}}"
"Doggy Talents","doggytalents:dog_bed",2581,"true",8147,0,"Dog Bed","true","","{doggytalents:{casingId:""biomesoplenty:planks_0.15"",beddingId:""minecraft:wool.6""}}"
"Doggy Talents","doggytalents:dog_bed",2581,"true",8147,0,"Dog Bed","true","","{doggytalents:{casingId:""biomesoplenty:planks_0.15"",beddingId:""minecraft:wool.7""}}"
"Doggy Talents","doggytalents:dog_bed",2581,"true",8147,0,"Dog Bed","true","","{doggytalents:{casingId:""biomesoplenty:planks_0.15"",beddingId:""minecraft:wool.8""}}"
"Doggy Talents","doggytalents:dog_bed",2581,"true",8147,0,"Dog Bed","true","","{doggytalents:{casingId:""biomesoplenty:planks_0.15"",beddingId:""minecraft:wool.9""}}"
"Doggy Talents","doggytalents:dog_bed",2581,"true",8147,0,"Dog Bed","true","","{doggytalents:{casingId:""biomesoplenty:planks_0.2"",beddingId:""minecraft:wool.0""}}"
"Doggy Talents","doggytalents:dog_bed",2581,"true",8147,0,"Dog Bed","true","","{doggytalents:{casingId:""biomesoplenty:planks_0.2"",beddingId:""minecraft:wool.1""}}"
"Doggy Talents","doggytalents:dog_bed",2581,"true",8147,0,"Dog Bed","true","","{doggytalents:{casingId:""biomesoplenty:planks_0.2"",beddingId:""minecraft:wool.10""}}"
"Doggy Talents","doggytalents:dog_bed",2581,"true",8147,0,"Dog Bed","true","","{doggytalents:{casingId:""biomesoplenty:planks_0.2"",beddingId:""minecraft:wool.11""}}"
"Doggy Talents","doggytalents:dog_bed",2581,"true",8147,0,"Dog Bed","true","","{doggytalents:{casingId:""biomesoplenty:planks_0.2"",beddingId:""minecraft:wool.12""}}"
"Doggy Talents","doggytalents:dog_bed",2581,"true",8147,0,"Dog Bed","true","","{doggytalents:{casingId:""biomesoplenty:planks_0.2"",beddingId:""minecraft:wool.13""}}"
"Doggy Talents","doggytalents:dog_bed",2581,"true",8147,0,"Dog Bed","true","","{doggytalents:{casingId:""biomesoplenty:planks_0.2"",beddingId:""minecraft:wool.14""}}"
"Doggy Talents","doggytalents:dog_bed",2581,"true",8147,0,"Dog Bed","true","","{doggytalents:{casingId:""biomesoplenty:planks_0.2"",beddingId:""minecraft:wool.15""}}"
"Doggy Talents","doggytalents:dog_bed",2581,"true",8147,0,"Dog Bed","true","","{doggytalents:{casingId:""biomesoplenty:planks_0.2"",beddingId:""minecraft:wool.2""}}"
"Doggy Talents","doggytalents:dog_bed",2581,"true",8147,0,"Dog Bed","true","","{doggytalents:{casingId:""biomesoplenty:planks_0.2"",beddingId:""minecraft:wool.3""}}"
"Doggy Talents","doggytalents:dog_bed",2581,"true",8147,0,"Dog Bed","true","","{doggytalents:{casingId:""biomesoplenty:planks_0.2"",beddingId:""minecraft:wool.4""}}"
"Doggy Talents","doggytalents:dog_bed",2581,"true",8147,0,"Dog Bed","true","","{doggytalents:{casingId:""biomesoplenty:planks_0.2"",beddingId:""minecraft:wool.5""}}"
"Doggy Talents","doggytalents:dog_bed",2581,"true",8147,0,"Dog Bed","true","","{doggytalents:{casingId:""biomesoplenty:planks_0.2"",beddingId:""minecraft:wool.6""}}"
"Doggy Talents","doggytalents:dog_bed",2581,"true",8147,0,"Dog Bed","true","","{doggytalents:{casingId:""biomesoplenty:planks_0.2"",beddingId:""minecraft:wool.7""}}"
"Doggy Talents","doggytalents:dog_bed",2581,"true",8147,0,"Dog Bed","true","","{doggytalents:{casingId:""biomesoplenty:planks_0.2"",beddingId:""minecraft:wool.8""}}"
"Doggy Talents","doggytalents:dog_bed",2581,"true",8147,0,"Dog Bed","true","","{doggytalents:{casingId:""biomesoplenty:planks_0.2"",beddingId:""minecraft:wool.9""}}"
"Doggy Talents","doggytalents:dog_bed",2581,"true",8147,0,"Dog Bed","true","","{doggytalents:{casingId:""biomesoplenty:planks_0.3"",beddingId:""minecraft:wool.0""}}"
"Doggy Talents","doggytalents:dog_bed",2581,"true",8147,0,"Dog Bed","true","","{doggytalents:{casingId:""biomesoplenty:planks_0.3"",beddingId:""minecraft:wool.1""}}"
"Doggy Talents","doggytalents:dog_bed",2581,"true",8147,0,"Dog Bed","true","","{doggytalents:{casingId:""biomesoplenty:planks_0.3"",beddingId:""minecraft:wool.10""}}"
"Doggy Talents","doggytalents:dog_bed",2581,"true",8147,0,"Dog Bed","true","","{doggytalents:{casingId:""biomesoplenty:planks_0.3"",beddingId:""minecraft:wool.11""}}"
"Doggy Talents","doggytalents:dog_bed",2581,"true",8147,0,"Dog Bed","true","","{doggytalents:{casingId:""biomesoplenty:planks_0.3"",beddingId:""minecraft:wool.12""}}"
"Doggy Talents","doggytalents:dog_bed",2581,"true",8147,0,"Dog Bed","true","","{doggytalents:{casingId:""biomesoplenty:planks_0.3"",beddingId:""minecraft:wool.13""}}"
"Doggy Talents","doggytalents:dog_bed",2581,"true",8147,0,"Dog Bed","true","","{doggytalents:{casingId:""biomesoplenty:planks_0.3"",beddingId:""minecraft:wool.14""}}"
"Doggy Talents","doggytalents:dog_bed",2581,"true",8147,0,"Dog Bed","true","","{doggytalents:{casingId:""biomesoplenty:planks_0.3"",beddingId:""minecraft:wool.15""}}"
"Doggy Talents","doggytalents:dog_bed",2581,"true",8147,0,"Dog Bed","true","","{doggytalents:{casingId:""biomesoplenty:planks_0.3"",beddingId:""minecraft:wool.2""}}"
"Doggy Talents","doggytalents:dog_bed",2581,"true",8147,0,"Dog Bed","true","","{doggytalents:{casingId:""biomesoplenty:planks_0.3"",beddingId:""minecraft:wool.3""}}"
"Doggy Talents","doggytalents:dog_bed",2581,"true",8147,0,"Dog Bed","true","","{doggytalents:{casingId:""biomesoplenty:planks_0.3"",beddingId:""minecraft:wool.4""}}"
"Doggy Talents","doggytalents:dog_bed",2581,"true",8147,0,"Dog Bed","true","","{doggytalents:{casingId:""biomesoplenty:planks_0.3"",beddingId:""minecraft:wool.5""}}"
"Doggy Talents","doggytalents:dog_bed",2581,"true",8147,0,"Dog Bed","true","","{doggytalents:{casingId:""biomesoplenty:planks_0.3"",beddingId:""minecraft:wool.6""}}"
"Doggy Talents","doggytalents:dog_bed",2581,"true",8147,0,"Dog Bed","true","","{doggytalents:{casingId:""biomesoplenty:planks_0.3"",beddingId:""minecraft:wool.7""}}"
"Doggy Talents","doggytalents:dog_bed",2581,"true",8147,0,"Dog Bed","true","","{doggytalents:{casingId:""biomesoplenty:planks_0.3"",beddingId:""minecraft:wool.8""}}"
"Doggy Talents","doggytalents:dog_bed",2581,"true",8147,0,"Dog Bed","true","","{doggytalents:{casingId:""biomesoplenty:planks_0.3"",beddingId:""minecraft:wool.9""}}"
"Doggy Talents","doggytalents:dog_bed",2581,"true",8147,0,"Dog Bed","true","","{doggytalents:{casingId:""biomesoplenty:planks_0.4"",beddingId:""minecraft:wool.0""}}"
"Doggy Talents","doggytalents:dog_bed",2581,"true",8147,0,"Dog Bed","true","","{doggytalents:{casingId:""biomesoplenty:planks_0.4"",beddingId:""minecraft:wool.1""}}"
"Doggy Talents","doggytalents:dog_bed",2581,"true",8147,0,"Dog Bed","true","","{doggytalents:{casingId:""biomesoplenty:planks_0.4"",beddingId:""minecraft:wool.10""}}"
"Doggy Talents","doggytalents:dog_bed",2581,"true",8147,0,"Dog Bed","true","","{doggytalents:{casingId:""biomesoplenty:planks_0.4"",beddingId:""minecraft:wool.11""}}"
"Doggy Talents","doggytalents:dog_bed",2581,"true",8147,0,"Dog Bed","true","","{doggytalents:{casingId:""biomesoplenty:planks_0.4"",beddingId:""minecraft:wool.12""}}"
"Doggy Talents","doggytalents:dog_bed",2581,"true",8147,0,"Dog Bed","true","","{doggytalents:{casingId:""biomesoplenty:planks_0.4"",beddingId:""minecraft:wool.13""}}"
"Doggy Talents","doggytalents:dog_bed",2581,"true",8147,0,"Dog Bed","true","","{doggytalents:{casingId:""biomesoplenty:planks_0.4"",beddingId:""minecraft:wool.14""}}"
"Doggy Talents","doggytalents:dog_bed",2581,"true",8147,0,"Dog Bed","true","","{doggytalents:{casingId:""biomesoplenty:planks_0.4"",beddingId:""minecraft:wool.15""}}"
"Doggy Talents","doggytalents:dog_bed",2581,"true",8147,0,"Dog Bed","true","","{doggytalents:{casingId:""biomesoplenty:planks_0.4"",beddingId:""minecraft:wool.2""}}"
"Doggy Talents","doggytalents:dog_bed",2581,"true",8147,0,"Dog Bed","true","","{doggytalents:{casingId:""biomesoplenty:planks_0.4"",beddingId:""minecraft:wool.3""}}"
"Doggy Talents","doggytalents:dog_bed",2581,"true",8147,0,"Dog Bed","true","","{doggytalents:{casingId:""biomesoplenty:planks_0.4"",beddingId:""minecraft:wool.4""}}"
"Doggy Talents","doggytalents:dog_bed",2581,"true",8147,0,"Dog Bed","true","","{doggytalents:{casingId:""biomesoplenty:planks_0.4"",beddingId:""minecraft:wool.5""}}"
"Doggy Talents","doggytalents:dog_bed",2581,"true",8147,0,"Dog Bed","true","","{doggytalents:{casingId:""biomesoplenty:planks_0.4"",beddingId:""minecraft:wool.6""}}"
"Doggy Talents","doggytalents:dog_bed",2581,"true",8147,0,"Dog Bed","true","","{doggytalents:{casingId:""biomesoplenty:planks_0.4"",beddingId:""minecraft:wool.7""}}"
"Doggy Talents","doggytalents:dog_bed",2581,"true",8147,0,"Dog Bed","true","","{doggytalents:{casingId:""biomesoplenty:planks_0.4"",beddingId:""minecraft:wool.8""}}"
"Doggy Talents","doggytalents:dog_bed",2581,"true",8147,0,"Dog Bed","true","","{doggytalents:{casingId:""biomesoplenty:planks_0.4"",beddingId:""minecraft:wool.9""}}"
"Doggy Talents","doggytalents:dog_bed",2581,"true",8147,0,"Dog Bed","true","","{doggytalents:{casingId:""biomesoplenty:planks_0.5"",beddingId:""minecraft:wool.0""}}"
"Doggy Talents","doggytalents:dog_bed",2581,"true",8147,0,"Dog Bed","true","","{doggytalents:{casingId:""biomesoplenty:planks_0.5"",beddingId:""minecraft:wool.1""}}"
"Doggy Talents","doggytalents:dog_bed",2581,"true",8147,0,"Dog Bed","true","","{doggytalents:{casingId:""biomesoplenty:planks_0.5"",beddingId:""minecraft:wool.10""}}"
"Doggy Talents","doggytalents:dog_bed",2581,"true",8147,0,"Dog Bed","true","","{doggytalents:{casingId:""biomesoplenty:planks_0.5"",beddingId:""minecraft:wool.11""}}"
"Doggy Talents","doggytalents:dog_bed",2581,"true",8147,0,"Dog Bed","true","","{doggytalents:{casingId:""biomesoplenty:planks_0.5"",beddingId:""minecraft:wool.12""}}"
"Doggy Talents","doggytalents:dog_bed",2581,"true",8147,0,"Dog Bed","true","","{doggytalents:{casingId:""biomesoplenty:planks_0.5"",beddingId:""minecraft:wool.13""}}"
"Doggy Talents","doggytalents:dog_bed",2581,"true",8147,0,"Dog Bed","true","","{doggytalents:{casingId:""biomesoplenty:planks_0.5"",beddingId:""minecraft:wool.14""}}"
"Doggy Talents","doggytalents:dog_bed",2581,"true",8147,0,"Dog Bed","true","","{doggytalents:{casingId:""biomesoplenty:planks_0.5"",beddingId:""minecraft:wool.15""}}"
"Doggy Talents","doggytalents:dog_bed",2581,"true",8147,0,"Dog Bed","true","","{doggytalents:{casingId:""biomesoplenty:planks_0.5"",beddingId:""minecraft:wool.2""}}"
"Doggy Talents","doggytalents:dog_bed",2581,"true",8147,0,"Dog Bed","true","","{doggytalents:{casingId:""biomesoplenty:planks_0.5"",beddingId:""minecraft:wool.3""}}"
"Doggy Talents","doggytalents:dog_bed",2581,"true",8147,0,"Dog Bed","true","","{doggytalents:{casingId:""biomesoplenty:planks_0.5"",beddingId:""minecraft:wool.4""}}"
"Doggy Talents","doggytalents:dog_bed",2581,"true",8147,0,"Dog Bed","true","","{doggytalents:{casingId:""biomesoplenty:planks_0.5"",beddingId:""minecraft:wool.5""}}"
"Doggy Talents","doggytalents:dog_bed",2581,"true",8147,0,"Dog Bed","true","","{doggytalents:{casingId:""biomesoplenty:planks_0.5"",beddingId:""minecraft:wool.6""}}"
"Doggy Talents","doggytalents:dog_bed",2581,"true",8147,0,"Dog Bed","true","","{doggytalents:{casingId:""biomesoplenty:planks_0.5"",beddingId:""minecraft:wool.7""}}"
"Doggy Talents","doggytalents:dog_bed",2581,"true",8147,0,"Dog Bed","true","","{doggytalents:{casingId:""biomesoplenty:planks_0.5"",beddingId:""minecraft:wool.8""}}"
"Doggy Talents","doggytalents:dog_bed",2581,"true",8147,0,"Dog Bed","true","","{doggytalents:{casingId:""biomesoplenty:planks_0.5"",beddingId:""minecraft:wool.9""}}"
"Doggy Talents","doggytalents:dog_bed",2581,"true",8147,0,"Dog Bed","true","","{doggytalents:{casingId:""biomesoplenty:planks_0.6"",beddingId:""minecraft:wool.0""}}"
"Doggy Talents","doggytalents:dog_bed",2581,"true",8147,0,"Dog Bed","true","","{doggytalents:{casingId:""biomesoplenty:planks_0.6"",beddingId:""minecraft:wool.1""}}"
"Doggy Talents","doggytalents:dog_bed",2581,"true",8147,0,"Dog Bed","true","","{doggytalents:{casingId:""biomesoplenty:planks_0.6"",beddingId:""minecraft:wool.10""}}"
"Doggy Talents","doggytalents:dog_bed",2581,"true",8147,0,"Dog Bed","true","","{doggytalents:{casingId:""biomesoplenty:planks_0.6"",beddingId:""minecraft:wool.11""}}"
"Doggy Talents","doggytalents:dog_bed",2581,"true",8147,0,"Dog Bed","true","","{doggytalents:{casingId:""biomesoplenty:planks_0.6"",beddingId:""minecraft:wool.12""}}"
"Doggy Talents","doggytalents:dog_bed",2581,"true",8147,0,"Dog Bed","true","","{doggytalents:{casingId:""biomesoplenty:planks_0.6"",beddingId:""minecraft:wool.13""}}"
"Doggy Talents","doggytalents:dog_bed",2581,"true",8147,0,"Dog Bed","true","","{doggytalents:{casingId:""biomesoplenty:planks_0.6"",beddingId:""minecraft:wool.14""}}"
"Doggy Talents","doggytalents:dog_bed",2581,"true",8147,0,"Dog Bed","true","","{doggytalents:{casingId:""biomesoplenty:planks_0.6"",beddingId:""minecraft:wool.15""}}"
"Doggy Talents","doggytalents:dog_bed",2581,"true",8147,0,"Dog Bed","true","","{doggytalents:{casingId:""biomesoplenty:planks_0.6"",beddingId:""minecraft:wool.2""}}"
"Doggy Talents","doggytalents:dog_bed",2581,"true",8147,0,"Dog Bed","true","","{doggytalents:{casingId:""biomesoplenty:planks_0.6"",beddingId:""minecraft:wool.3""}}"
"Doggy Talents","doggytalents:dog_bed",2581,"true",8147,0,"Dog Bed","true","","{doggytalents:{casingId:""biomesoplenty:planks_0.6"",beddingId:""minecraft:wool.4""}}"
"Doggy Talents","doggytalents:dog_bed",2581,"true",8147,0,"Dog Bed","true","","{doggytalents:{casingId:""biomesoplenty:planks_0.6"",beddingId:""minecraft:wool.5""}}"
"Doggy Talents","doggytalents:dog_bed",2581,"true",8147,0,"Dog Bed","true","","{doggytalents:{casingId:""biomesoplenty:planks_0.6"",beddingId:""minecraft:wool.6""}}"
"Doggy Talents","doggytalents:dog_bed",2581,"true",8147,0,"Dog Bed","true","","{doggytalents:{casingId:""biomesoplenty:planks_0.6"",beddingId:""minecraft:wool.7""}}"
"Doggy Talents","doggytalents:dog_bed",2581,"true",8147,0,"Dog Bed","true","","{doggytalents:{casingId:""biomesoplenty:planks_0.6"",beddingId:""minecraft:wool.8""}}"
"Doggy Talents","doggytalents:dog_bed",2581,"true",8147,0,"Dog Bed","true","","{doggytalents:{casingId:""biomesoplenty:planks_0.6"",beddingId:""minecraft:wool.9""}}"
"Doggy Talents","doggytalents:dog_bed",2581,"true",8147,0,"Dog Bed","true","","{doggytalents:{casingId:""biomesoplenty:planks_0.7"",beddingId:""minecraft:wool.0""}}"
"Doggy Talents","doggytalents:dog_bed",2581,"true",8147,0,"Dog Bed","true","","{doggytalents:{casingId:""biomesoplenty:planks_0.7"",beddingId:""minecraft:wool.1""}}"
"Doggy Talents","doggytalents:dog_bed",2581,"true",8147,0,"Dog Bed","true","","{doggytalents:{casingId:""biomesoplenty:planks_0.7"",beddingId:""minecraft:wool.10""}}"
"Doggy Talents","doggytalents:dog_bed",2581,"true",8147,0,"Dog Bed","true","","{doggytalents:{casingId:""biomesoplenty:planks_0.7"",beddingId:""minecraft:wool.11""}}"
"Doggy Talents","doggytalents:dog_bed",2581,"true",8147,0,"Dog Bed","true","","{doggytalents:{casingId:""biomesoplenty:planks_0.7"",beddingId:""minecraft:wool.12""}}"
"Doggy Talents","doggytalents:dog_bed",2581,"true",8147,0,"Dog Bed","true","","{doggytalents:{casingId:""biomesoplenty:planks_0.7"",beddingId:""minecraft:wool.13""}}"
"Doggy Talents","doggytalents:dog_bed",2581,"true",8147,0,"Dog Bed","true","","{doggytalents:{casingId:""biomesoplenty:planks_0.7"",beddingId:""minecraft:wool.14""}}"
"Doggy Talents","doggytalents:dog_bed",2581,"true",8147,0,"Dog Bed","true","","{doggytalents:{casingId:""biomesoplenty:planks_0.7"",beddingId:""minecraft:wool.15""}}"
"Doggy Talents","doggytalents:dog_bed",2581,"true",8147,0,"Dog Bed","true","","{doggytalents:{casingId:""biomesoplenty:planks_0.7"",beddingId:""minecraft:wool.2""}}"
"Doggy Talents","doggytalents:dog_bed",2581,"true",8147,0,"Dog Bed","true","","{doggytalents:{casingId:""biomesoplenty:planks_0.7"",beddingId:""minecraft:wool.3""}}"
"Doggy Talents","doggytalents:dog_bed",2581,"true",8147,0,"Dog Bed","true","","{doggytalents:{casingId:""biomesoplenty:planks_0.7"",beddingId:""minecraft:wool.4""}}"
"Doggy Talents","doggytalents:dog_bed",2581,"true",8147,0,"Dog Bed","true","","{doggytalents:{casingId:""biomesoplenty:planks_0.7"",beddingId:""minecraft:wool.5""}}"
"Doggy Talents","doggytalents:dog_bed",2581,"true",8147,0,"Dog Bed","true","","{doggytalents:{casingId:""biomesoplenty:planks_0.7"",beddingId:""minecraft:wool.6""}}"
"Doggy Talents","doggytalents:dog_bed",2581,"true",8147,0,"Dog Bed","true","","{doggytalents:{casingId:""biomesoplenty:planks_0.7"",beddingId:""minecraft:wool.7""}}"
"Doggy Talents","doggytalents:dog_bed",2581,"true",8147,0,"Dog Bed","true","","{doggytalents:{casingId:""biomesoplenty:planks_0.7"",beddingId:""minecraft:wool.8""}}"
"Doggy Talents","doggytalents:dog_bed",2581,"true",8147,0,"Dog Bed","true","","{doggytalents:{casingId:""biomesoplenty:planks_0.7"",beddingId:""minecraft:wool.9""}}"
"Doggy Talents","doggytalents:dog_bed",2581,"true",8147,0,"Dog Bed","true","","{doggytalents:{casingId:""biomesoplenty:planks_0.8"",beddingId:""minecraft:wool.0""}}"
"Doggy Talents","doggytalents:dog_bed",2581,"true",8147,0,"Dog Bed","true","","{doggytalents:{casingId:""biomesoplenty:planks_0.8"",beddingId:""minecraft:wool.1""}}"
"Doggy Talents","doggytalents:dog_bed",2581,"true",8147,0,"Dog Bed","true","","{doggytalents:{casingId:""biomesoplenty:planks_0.8"",beddingId:""minecraft:wool.10""}}"
"Doggy Talents","doggytalents:dog_bed",2581,"true",8147,0,"Dog Bed","true","","{doggytalents:{casingId:""biomesoplenty:planks_0.8"",beddingId:""minecraft:wool.11""}}"
"Doggy Talents","doggytalents:dog_bed",2581,"true",8147,0,"Dog Bed","true","","{doggytalents:{casingId:""biomesoplenty:planks_0.8"",beddingId:""minecraft:wool.12""}}"
"Doggy Talents","doggytalents:dog_bed",2581,"true",8147,0,"Dog Bed","true","","{doggytalents:{casingId:""biomesoplenty:planks_0.8"",beddingId:""minecraft:wool.13""}}"
"Doggy Talents","doggytalents:dog_bed",2581,"true",8147,0,"Dog Bed","true","","{doggytalents:{casingId:""biomesoplenty:planks_0.8"",beddingId:""minecraft:wool.14""}}"
"Doggy Talents","doggytalents:dog_bed",2581,"true",8147,0,"Dog Bed","true","","{doggytalents:{casingId:""biomesoplenty:planks_0.8"",beddingId:""minecraft:wool.15""}}"
"Doggy Talents","doggytalents:dog_bed",2581,"true",8147,0,"Dog Bed","true","","{doggytalents:{casingId:""biomesoplenty:planks_0.8"",beddingId:""minecraft:wool.2""}}"
"Doggy Talents","doggytalents:dog_bed",2581,"true",8147,0,"Dog Bed","true","","{doggytalents:{casingId:""biomesoplenty:planks_0.8"",beddingId:""minecraft:wool.3""}}"
"Doggy Talents","doggytalents:dog_bed",2581,"true",8147,0,"Dog Bed","true","","{doggytalents:{casingId:""biomesoplenty:planks_0.8"",beddingId:""minecraft:wool.4""}}"
"Doggy Talents","doggytalents:dog_bed",2581,"true",8147,0,"Dog Bed","true","","{doggytalents:{casingId:""biomesoplenty:planks_0.8"",beddingId:""minecraft:wool.5""}}"
"Doggy Talents","doggytalents:dog_bed",2581,"true",8147,0,"Dog Bed","true","","{doggytalents:{casingId:""biomesoplenty:planks_0.8"",beddingId:""minecraft:wool.6""}}"
"Doggy Talents","doggytalents:dog_bed",2581,"true",8147,0,"Dog Bed","true","","{doggytalents:{casingId:""biomesoplenty:planks_0.8"",beddingId:""minecraft:wool.7""}}"
"Doggy Talents","doggytalents:dog_bed",2581,"true",8147,0,"Dog Bed","true","","{doggytalents:{casingId:""biomesoplenty:planks_0.8"",beddingId:""minecraft:wool.8""}}"
"Doggy Talents","doggytalents:dog_bed",2581,"true",8147,0,"Dog Bed","true","","{doggytalents:{casingId:""biomesoplenty:planks_0.8"",beddingId:""minecraft:wool.9""}}"
"Doggy Talents","doggytalents:dog_bed",2581,"true",8147,0,"Dog Bed","true","","{doggytalents:{casingId:""biomesoplenty:planks_0.9"",beddingId:""minecraft:wool.0""}}"
"Doggy Talents","doggytalents:dog_bed",2581,"true",8147,0,"Dog Bed","true","","{doggytalents:{casingId:""biomesoplenty:planks_0.9"",beddingId:""minecraft:wool.1""}}"
"Doggy Talents","doggytalents:dog_bed",2581,"true",8147,0,"Dog Bed","true","","{doggytalents:{casingId:""biomesoplenty:planks_0.9"",beddingId:""minecraft:wool.10""}}"
"Doggy Talents","doggytalents:dog_bed",2581,"true",8147,0,"Dog Bed","true","","{doggytalents:{casingId:""biomesoplenty:planks_0.9"",beddingId:""minecraft:wool.11""}}"
"Doggy Talents","doggytalents:dog_bed",2581,"true",8147,0,"Dog Bed","true","","{doggytalents:{casingId:""biomesoplenty:planks_0.9"",beddingId:""minecraft:wool.12""}}"
"Doggy Talents","doggytalents:dog_bed",2581,"true",8147,0,"Dog Bed","true","","{doggytalents:{casingId:""biomesoplenty:planks_0.9"",beddingId:""minecraft:wool.13""}}"
"Doggy Talents","doggytalents:dog_bed",2581,"true",8147,0,"Dog Bed","true","","{doggytalents:{casingId:""biomesoplenty:planks_0.9"",beddingId:""minecraft:wool.14""}}"
"Doggy Talents","doggytalents:dog_bed",2581,"true",8147,0,"Dog Bed","true","","{doggytalents:{casingId:""biomesoplenty:planks_0.9"",beddingId:""minecraft:wool.15""}}"
"Doggy Talents","doggytalents:dog_bed",2581,"true",8147,0,"Dog Bed","true","","{doggytalents:{casingId:""biomesoplenty:planks_0.9"",beddingId:""minecraft:wool.2""}}"
"Doggy Talents","doggytalents:dog_bed",2581,"true",8147,0,"Dog Bed","true","","{doggytalents:{casingId:""biomesoplenty:planks_0.9"",beddingId:""minecraft:wool.3""}}"
"Doggy Talents","doggytalents:dog_bed",2581,"true",8147,0,"Dog Bed","true","","{doggytalents:{casingId:""biomesoplenty:planks_0.9"",beddingId:""minecraft:wool.4""}}"
"Doggy Talents","doggytalents:dog_bed",2581,"true",8147,0,"Dog Bed","true","","{doggytalents:{casingId:""biomesoplenty:planks_0.9"",beddingId:""minecraft:wool.5""}}"
"Doggy Talents","doggytalents:dog_bed",2581,"true",8147,0,"Dog Bed","true","","{doggytalents:{casingId:""biomesoplenty:planks_0.9"",beddingId:""minecraft:wool.6""}}"
"Doggy Talents","doggytalents:dog_bed",2581,"true",8147,0,"Dog Bed","true","","{doggytalents:{casingId:""biomesoplenty:planks_0.9"",beddingId:""minecraft:wool.7""}}"
"Doggy Talents","doggytalents:dog_bed",2581,"true",8147,0,"Dog Bed","true","","{doggytalents:{casingId:""biomesoplenty:planks_0.9"",beddingId:""minecraft:wool.8""}}"
"Doggy Talents","doggytalents:dog_bed",2581,"true",8147,0,"Dog Bed","true","","{doggytalents:{casingId:""biomesoplenty:planks_0.9"",beddingId:""minecraft:wool.9""}}"
"Doggy Talents","doggytalents:dog_bed",2581,"true",8147,0,"Dog Bed","true","","{doggytalents:{casingId:""minecraft:planks.0"",beddingId:""minecraft:wool.0""}}"
"Doggy Talents","doggytalents:dog_bed",2581,"true",8147,0,"Dog Bed","true","","{doggytalents:{casingId:""minecraft:planks.0"",beddingId:""minecraft:wool.1""}}"
"Doggy Talents","doggytalents:dog_bed",2581,"true",8147,0,"Dog Bed","true","","{doggytalents:{casingId:""minecraft:planks.0"",beddingId:""minecraft:wool.10""}}"
"Doggy Talents","doggytalents:dog_bed",2581,"true",8147,0,"Dog Bed","true","","{doggytalents:{casingId:""minecraft:planks.0"",beddingId:""minecraft:wool.11""}}"
"Doggy Talents","doggytalents:dog_bed",2581,"true",8147,0,"Dog Bed","true","","{doggytalents:{casingId:""minecraft:planks.0"",beddingId:""minecraft:wool.12""}}"
"Doggy Talents","doggytalents:dog_bed",2581,"true",8147,0,"Dog Bed","true","","{doggytalents:{casingId:""minecraft:planks.0"",beddingId:""minecraft:wool.13""}}"
"Doggy Talents","doggytalents:dog_bed",2581,"true",8147,0,"Dog Bed","true","","{doggytalents:{casingId:""minecraft:planks.0"",beddingId:""minecraft:wool.14""}}"
"Doggy Talents","doggytalents:dog_bed",2581,"true",8147,0,"Dog Bed","true","","{doggytalents:{casingId:""minecraft:planks.0"",beddingId:""minecraft:wool.15""}}"
"Doggy Talents","doggytalents:dog_bed",2581,"true",8147,0,"Dog Bed","true","","{doggytalents:{casingId:""minecraft:planks.0"",beddingId:""minecraft:wool.2""}}"
"Doggy Talents","doggytalents:dog_bed",2581,"true",8147,0,"Dog Bed","true","","{doggytalents:{casingId:""minecraft:planks.0"",beddingId:""minecraft:wool.3""}}"
"Doggy Talents","doggytalents:dog_bed",2581,"true",8147,0,"Dog Bed","true","","{doggytalents:{casingId:""minecraft:planks.0"",beddingId:""minecraft:wool.4""}}"
"Doggy Talents","doggytalents:dog_bed",2581,"true",8147,0,"Dog Bed","true","","{doggytalents:{casingId:""minecraft:planks.0"",beddingId:""minecraft:wool.5""}}"
"Doggy Talents","doggytalents:dog_bed",2581,"true",8147,0,"Dog Bed","true","","{doggytalents:{casingId:""minecraft:planks.0"",beddingId:""minecraft:wool.6""}}"
"Doggy Talents","doggytalents:dog_bed",2581,"true",8147,0,"Dog Bed","true","","{doggytalents:{casingId:""minecraft:planks.0"",beddingId:""minecraft:wool.7""}}"
"Doggy Talents","doggytalents:dog_bed",2581,"true",8147,0,"Dog Bed","true","","{doggytalents:{casingId:""minecraft:planks.0"",beddingId:""minecraft:wool.8""}}"
"Doggy Talents","doggytalents:dog_bed",2581,"true",8147,0,"Dog Bed","true","","{doggytalents:{casingId:""minecraft:planks.0"",beddingId:""minecraft:wool.9""}}"
"Doggy Talents","doggytalents:dog_bed",2581,"true",8147,0,"Dog Bed","true","","{doggytalents:{casingId:""minecraft:planks.1"",beddingId:""minecraft:wool.0""}}"
"Doggy Talents","doggytalents:dog_bed",2581,"true",8147,0,"Dog Bed","true","","{doggytalents:{casingId:""minecraft:planks.1"",beddingId:""minecraft:wool.1""}}"
"Doggy Talents","doggytalents:dog_bed",2581,"true",8147,0,"Dog Bed","true","","{doggytalents:{casingId:""minecraft:planks.1"",beddingId:""minecraft:wool.10""}}"
"Doggy Talents","doggytalents:dog_bed",2581,"true",8147,0,"Dog Bed","true","","{doggytalents:{casingId:""minecraft:planks.1"",beddingId:""minecraft:wool.11""}}"
"Doggy Talents","doggytalents:dog_bed",2581,"true",8147,0,"Dog Bed","true","","{doggytalents:{casingId:""minecraft:planks.1"",beddingId:""minecraft:wool.12""}}"
"Doggy Talents","doggytalents:dog_bed",2581,"true",8147,0,"Dog Bed","true","","{doggytalents:{casingId:""minecraft:planks.1"",beddingId:""minecraft:wool.13""}}"
"Doggy Talents","doggytalents:dog_bed",2581,"true",8147,0,"Dog Bed","true","","{doggytalents:{casingId:""minecraft:planks.1"",beddingId:""minecraft:wool.14""}}"
"Doggy Talents","doggytalents:dog_bed",2581,"true",8147,0,"Dog Bed","true","","{doggytalents:{casingId:""minecraft:planks.1"",beddingId:""minecraft:wool.15""}}"
"Doggy Talents","doggytalents:dog_bed",2581,"true",8147,0,"Dog Bed","true","","{doggytalents:{casingId:""minecraft:planks.1"",beddingId:""minecraft:wool.2""}}"
"Doggy Talents","doggytalents:dog_bed",2581,"true",8147,0,"Dog Bed","true","","{doggytalents:{casingId:""minecraft:planks.1"",beddingId:""minecraft:wool.3""}}"
"Doggy Talents","doggytalents:dog_bed",2581,"true",8147,0,"Dog Bed","true","","{doggytalents:{casingId:""minecraft:planks.1"",beddingId:""minecraft:wool.4""}}"
"Doggy Talents","doggytalents:dog_bed",2581,"true",8147,0,"Dog Bed","true","","{doggytalents:{casingId:""minecraft:planks.1"",beddingId:""minecraft:wool.5""}}"
"Doggy Talents","doggytalents:dog_bed",2581,"true",8147,0,"Dog Bed","true","","{doggytalents:{casingId:""minecraft:planks.1"",beddingId:""minecraft:wool.6""}}"
"Doggy Talents","doggytalents:dog_bed",2581,"true",8147,0,"Dog Bed","true","","{doggytalents:{casingId:""minecraft:planks.1"",beddingId:""minecraft:wool.7""}}"
"Doggy Talents","doggytalents:dog_bed",2581,"true",8147,0,"Dog Bed","true","","{doggytalents:{casingId:""minecraft:planks.1"",beddingId:""minecraft:wool.8""}}"
"Doggy Talents","doggytalents:dog_bed",2581,"true",8147,0,"Dog Bed","true","","{doggytalents:{casingId:""minecraft:planks.1"",beddingId:""minecraft:wool.9""}}"
"Doggy Talents","doggytalents:dog_bed",2581,"true",8147,0,"Dog Bed","true","","{doggytalents:{casingId:""minecraft:planks.2"",beddingId:""minecraft:wool.0""}}"
"Doggy Talents","doggytalents:dog_bed",2581,"true",8147,0,"Dog Bed","true","","{doggytalents:{casingId:""minecraft:planks.2"",beddingId:""minecraft:wool.1""}}"
"Doggy Talents","doggytalents:dog_bed",2581,"true",8147,0,"Dog Bed","true","","{doggytalents:{casingId:""minecraft:planks.2"",beddingId:""minecraft:wool.10""}}"
"Doggy Talents","doggytalents:dog_bed",2581,"true",8147,0,"Dog Bed","true","","{doggytalents:{casingId:""minecraft:planks.2"",beddingId:""minecraft:wool.11""}}"
"Doggy Talents","doggytalents:dog_bed",2581,"true",8147,0,"Dog Bed","true","","{doggytalents:{casingId:""minecraft:planks.2"",beddingId:""minecraft:wool.12""}}"
"Doggy Talents","doggytalents:dog_bed",2581,"true",8147,0,"Dog Bed","true","","{doggytalents:{casingId:""minecraft:planks.2"",beddingId:""minecraft:wool.13""}}"
"Doggy Talents","doggytalents:dog_bed",2581,"true",8147,0,"Dog Bed","true","","{doggytalents:{casingId:""minecraft:planks.2"",beddingId:""minecraft:wool.14""}}"
"Doggy Talents","doggytalents:dog_bed",2581,"true",8147,0,"Dog Bed","true","","{doggytalents:{casingId:""minecraft:planks.2"",beddingId:""minecraft:wool.15""}}"
"Doggy Talents","doggytalents:dog_bed",2581,"true",8147,0,"Dog Bed","true","","{doggytalents:{casingId:""minecraft:planks.2"",beddingId:""minecraft:wool.2""}}"
"Doggy Talents","doggytalents:dog_bed",2581,"true",8147,0,"Dog Bed","true","","{doggytalents:{casingId:""minecraft:planks.2"",beddingId:""minecraft:wool.3""}}"
"Doggy Talents","doggytalents:dog_bed",2581,"true",8147,0,"Dog Bed","true","","{doggytalents:{casingId:""minecraft:planks.2"",beddingId:""minecraft:wool.4""}}"
"Doggy Talents","doggytalents:dog_bed",2581,"true",8147,0,"Dog Bed","true","","{doggytalents:{casingId:""minecraft:planks.2"",beddingId:""minecraft:wool.5""}}"
"Doggy Talents","doggytalents:dog_bed",2581,"true",8147,0,"Dog Bed","true","","{doggytalents:{casingId:""minecraft:planks.2"",beddingId:""minecraft:wool.6""}}"
"Doggy Talents","doggytalents:dog_bed",2581,"true",8147,0,"Dog Bed","true","","{doggytalents:{casingId:""minecraft:planks.2"",beddingId:""minecraft:wool.7""}}"
"Doggy Talents","doggytalents:dog_bed",2581,"true",8147,0,"Dog Bed","true","","{doggytalents:{casingId:""minecraft:planks.2"",beddingId:""minecraft:wool.8""}}"
"Doggy Talents","doggytalents:dog_bed",2581,"true",8147,0,"Dog Bed","true","","{doggytalents:{casingId:""minecraft:planks.2"",beddingId:""minecraft:wool.9""}}"
"Doggy Talents","doggytalents:dog_bed",2581,"true",8147,0,"Dog Bed","true","","{doggytalents:{casingId:""minecraft:planks.3"",beddingId:""minecraft:wool.0""}}"
"Doggy Talents","doggytalents:dog_bed",2581,"true",8147,0,"Dog Bed","true","","{doggytalents:{casingId:""minecraft:planks.3"",beddingId:""minecraft:wool.1""}}"
"Doggy Talents","doggytalents:dog_bed",2581,"true",8147,0,"Dog Bed","true","","{doggytalents:{casingId:""minecraft:planks.3"",beddingId:""minecraft:wool.10""}}"
"Doggy Talents","doggytalents:dog_bed",2581,"true",8147,0,"Dog Bed","true","","{doggytalents:{casingId:""minecraft:planks.3"",beddingId:""minecraft:wool.11""}}"
"Doggy Talents","doggytalents:dog_bed",2581,"true",8147,0,"Dog Bed","true","","{doggytalents:{casingId:""minecraft:planks.3"",beddingId:""minecraft:wool.12""}}"
"Doggy Talents","doggytalents:dog_bed",2581,"true",8147,0,"Dog Bed","true","","{doggytalents:{casingId:""minecraft:planks.3"",beddingId:""minecraft:wool.13""}}"
"Doggy Talents","doggytalents:dog_bed",2581,"true",8147,0,"Dog Bed","true","","{doggytalents:{casingId:""minecraft:planks.3"",beddingId:""minecraft:wool.14""}}"
"Doggy Talents","doggytalents:dog_bed",2581,"true",8147,0,"Dog Bed","true","","{doggytalents:{casingId:""minecraft:planks.3"",beddingId:""minecraft:wool.15""}}"
"Doggy Talents","doggytalents:dog_bed",2581,"true",8147,0,"Dog Bed","true","","{doggytalents:{casingId:""minecraft:planks.3"",beddingId:""minecraft:wool.2""}}"
"Doggy Talents","doggytalents:dog_bed",2581,"true",8147,0,"Dog Bed","true","","{doggytalents:{casingId:""minecraft:planks.3"",beddingId:""minecraft:wool.3""}}"
"Doggy Talents","doggytalents:dog_bed",2581,"true",8147,0,"Dog Bed","true","","{doggytalents:{casingId:""minecraft:planks.3"",beddingId:""minecraft:wool.4""}}"
"Doggy Talents","doggytalents:dog_bed",2581,"true",8147,0,"Dog Bed","true","","{doggytalents:{casingId:""minecraft:planks.3"",beddingId:""minecraft:wool.5""}}"
"Doggy Talents","doggytalents:dog_bed",2581,"true",8147,0,"Dog Bed","true","","{doggytalents:{casingId:""minecraft:planks.3"",beddingId:""minecraft:wool.6""}}"
"Doggy Talents","doggytalents:dog_bed",2581,"true",8147,0,"Dog Bed","true","","{doggytalents:{casingId:""minecraft:planks.3"",beddingId:""minecraft:wool.7""}}"
"Doggy Talents","doggytalents:dog_bed",2581,"true",8147,0,"Dog Bed","true","","{doggytalents:{casingId:""minecraft:planks.3"",beddingId:""minecraft:wool.8""}}"
"Doggy Talents","doggytalents:dog_bed",2581,"true",8147,0,"Dog Bed","true","","{doggytalents:{casingId:""minecraft:planks.3"",beddingId:""minecraft:wool.9""}}"
"Doggy Talents","doggytalents:dog_bed",2581,"true",8147,0,"Dog Bed","true","","{doggytalents:{casingId:""minecraft:planks.4"",beddingId:""minecraft:wool.0""}}"
"Doggy Talents","doggytalents:dog_bed",2581,"true",8147,0,"Dog Bed","true","","{doggytalents:{casingId:""minecraft:planks.4"",beddingId:""minecraft:wool.1""}}"
"Doggy Talents","doggytalents:dog_bed",2581,"true",8147,0,"Dog Bed","true","","{doggytalents:{casingId:""minecraft:planks.4"",beddingId:""minecraft:wool.10""}}"
"Doggy Talents","doggytalents:dog_bed",2581,"true",8147,0,"Dog Bed","true","","{doggytalents:{casingId:""minecraft:planks.4"",beddingId:""minecraft:wool.11""}}"
"Doggy Talents","doggytalents:dog_bed",2581,"true",8147,0,"Dog Bed","true","","{doggytalents:{casingId:""minecraft:planks.4"",beddingId:""minecraft:wool.12""}}"
"Doggy Talents","doggytalents:dog_bed",2581,"true",8147,0,"Dog Bed","true","","{doggytalents:{casingId:""minecraft:planks.4"",beddingId:""minecraft:wool.13""}}"
"Doggy Talents","doggytalents:dog_bed",2581,"true",8147,0,"Dog Bed","true","","{doggytalents:{casingId:""minecraft:planks.4"",beddingId:""minecraft:wool.14""}}"
"Doggy Talents","doggytalents:dog_bed",2581,"true",8147,0,"Dog Bed","true","","{doggytalents:{casingId:""minecraft:planks.4"",beddingId:""minecraft:wool.15""}}"
"Doggy Talents","doggytalents:dog_bed",2581,"true",8147,0,"Dog Bed","true","","{doggytalents:{casingId:""minecraft:planks.4"",beddingId:""minecraft:wool.2""}}"
"Doggy Talents","doggytalents:dog_bed",2581,"true",8147,0,"Dog Bed","true","","{doggytalents:{casingId:""minecraft:planks.4"",beddingId:""minecraft:wool.3""}}"
"Doggy Talents","doggytalents:dog_bed",2581,"true",8147,0,"Dog Bed","true","","{doggytalents:{casingId:""minecraft:planks.4"",beddingId:""minecraft:wool.4""}}"
"Doggy Talents","doggytalents:dog_bed",2581,"true",8147,0,"Dog Bed","true","","{doggytalents:{casingId:""minecraft:planks.4"",beddingId:""minecraft:wool.5""}}"
"Doggy Talents","doggytalents:dog_bed",2581,"true",8147,0,"Dog Bed","true","","{doggytalents:{casingId:""minecraft:planks.4"",beddingId:""minecraft:wool.6""}}"
"Doggy Talents","doggytalents:dog_bed",2581,"true",8147,0,"Dog Bed","true","","{doggytalents:{casingId:""minecraft:planks.4"",beddingId:""minecraft:wool.7""}}"
"Doggy Talents","doggytalents:dog_bed",2581,"true",8147,0,"Dog Bed","true","","{doggytalents:{casingId:""minecraft:planks.4"",beddingId:""minecraft:wool.8""}}"
"Doggy Talents","doggytalents:dog_bed",2581,"true",8147,0,"Dog Bed","true","","{doggytalents:{casingId:""minecraft:planks.4"",beddingId:""minecraft:wool.9""}}"
"Doggy Talents","doggytalents:dog_bed",2581,"true",8147,0,"Dog Bed","true","","{doggytalents:{casingId:""minecraft:planks.5"",beddingId:""minecraft:wool.0""}}"
"Doggy Talents","doggytalents:dog_bed",2581,"true",8147,0,"Dog Bed","true","","{doggytalents:{casingId:""minecraft:planks.5"",beddingId:""minecraft:wool.1""}}"
"Doggy Talents","doggytalents:dog_bed",2581,"true",8147,0,"Dog Bed","true","","{doggytalents:{casingId:""minecraft:planks.5"",beddingId:""minecraft:wool.10""}}"
"Doggy Talents","doggytalents:dog_bed",2581,"true",8147,0,"Dog Bed","true","","{doggytalents:{casingId:""minecraft:planks.5"",beddingId:""minecraft:wool.11""}}"
"Doggy Talents","doggytalents:dog_bed",2581,"true",8147,0,"Dog Bed","true","","{doggytalents:{casingId:""minecraft:planks.5"",beddingId:""minecraft:wool.12""}}"
"Doggy Talents","doggytalents:dog_bed",2581,"true",8147,0,"Dog Bed","true","","{doggytalents:{casingId:""minecraft:planks.5"",beddingId:""minecraft:wool.13""}}"
"Doggy Talents","doggytalents:dog_bed",2581,"true",8147,0,"Dog Bed","true","","{doggytalents:{casingId:""minecraft:planks.5"",beddingId:""minecraft:wool.14""}}"
"Doggy Talents","doggytalents:dog_bed",2581,"true",8147,0,"Dog Bed","true","","{doggytalents:{casingId:""minecraft:planks.5"",beddingId:""minecraft:wool.15""}}"
"Doggy Talents","doggytalents:dog_bed",2581,"true",8147,0,"Dog Bed","true","","{doggytalents:{casingId:""minecraft:planks.5"",beddingId:""minecraft:wool.2""}}"
"Doggy Talents","doggytalents:dog_bed",2581,"true",8147,0,"Dog Bed","true","","{doggytalents:{casingId:""minecraft:planks.5"",beddingId:""minecraft:wool.3""}}"
"Doggy Talents","doggytalents:dog_bed",2581,"true",8147,0,"Dog Bed","true","","{doggytalents:{casingId:""minecraft:planks.5"",beddingId:""minecraft:wool.4""}}"
"Doggy Talents","doggytalents:dog_bed",2581,"true",8147,0,"Dog Bed","true","","{doggytalents:{casingId:""minecraft:planks.5"",beddingId:""minecraft:wool.5""}}"
"Doggy Talents","doggytalents:dog_bed",2581,"true",8147,0,"Dog Bed","true","","{doggytalents:{casingId:""minecraft:planks.5"",beddingId:""minecraft:wool.6""}}"
"Doggy Talents","doggytalents:dog_bed",2581,"true",8147,0,"Dog Bed","true","","{doggytalents:{casingId:""minecraft:planks.5"",beddingId:""minecraft:wool.7""}}"
"Doggy Talents","doggytalents:dog_bed",2581,"true",8147,0,"Dog Bed","true","","{doggytalents:{casingId:""minecraft:planks.5"",beddingId:""minecraft:wool.8""}}"
"Doggy Talents","doggytalents:dog_bed",2581,"true",8147,0,"Dog Bed","true","","{doggytalents:{casingId:""minecraft:planks.5"",beddingId:""minecraft:wool.9""}}"
"Doggy Talents","doggytalents:dog_bed",2581,"true",8147,0,"Dog Bed","true","","{doggytalents:{casingId:""natura:nether_planks.0"",beddingId:""minecraft:wool.0""}}"
"Doggy Talents","doggytalents:dog_bed",2581,"true",8147,0,"Dog Bed","true","","{doggytalents:{casingId:""natura:nether_planks.0"",beddingId:""minecraft:wool.1""}}"
"Doggy Talents","doggytalents:dog_bed",2581,"true",8147,0,"Dog Bed","true","","{doggytalents:{casingId:""natura:nether_planks.0"",beddingId:""minecraft:wool.10""}}"
"Doggy Talents","doggytalents:dog_bed",2581,"true",8147,0,"Dog Bed","true","","{doggytalents:{casingId:""natura:nether_planks.0"",beddingId:""minecraft:wool.11""}}"
"Doggy Talents","doggytalents:dog_bed",2581,"true",8147,0,"Dog Bed","true","","{doggytalents:{casingId:""natura:nether_planks.0"",beddingId:""minecraft:wool.12""}}"
"Doggy Talents","doggytalents:dog_bed",2581,"true",8147,0,"Dog Bed","true","","{doggytalents:{casingId:""natura:nether_planks.0"",beddingId:""minecraft:wool.13""}}"
"Doggy Talents","doggytalents:dog_bed",2581,"true",8147,0,"Dog Bed","true","","{doggytalents:{casingId:""natura:nether_planks.0"",beddingId:""minecraft:wool.14""}}"
"Doggy Talents","doggytalents:dog_bed",2581,"true",8147,0,"Dog Bed","true","","{doggytalents:{casingId:""natura:nether_planks.0"",beddingId:""minecraft:wool.15""}}"
"Doggy Talents","doggytalents:dog_bed",2581,"true",8147,0,"Dog Bed","true","","{doggytalents:{casingId:""natura:nether_planks.0"",beddingId:""minecraft:wool.2""}}"
"Doggy Talents","doggytalents:dog_bed",2581,"true",8147,0,"Dog Bed","true","","{doggytalents:{casingId:""natura:nether_planks.0"",beddingId:""minecraft:wool.3""}}"
"Doggy Talents","doggytalents:dog_bed",2581,"true",8147,0,"Dog Bed","true","","{doggytalents:{casingId:""natura:nether_planks.0"",beddingId:""minecraft:wool.4""}}"
"Doggy Talents","doggytalents:dog_bed",2581,"true",8147,0,"Dog Bed","true","","{doggytalents:{casingId:""natura:nether_planks.0"",beddingId:""minecraft:wool.5""}}"
"Doggy Talents","doggytalents:dog_bed",2581,"true",8147,0,"Dog Bed","true","","{doggytalents:{casingId:""natura:nether_planks.0"",beddingId:""minecraft:wool.6""}}"
"Doggy Talents","doggytalents:dog_bed",2581,"true",8147,0,"Dog Bed","true","","{doggytalents:{casingId:""natura:nether_planks.0"",beddingId:""minecraft:wool.7""}}"
"Doggy Talents","doggytalents:dog_bed",2581,"true",8147,0,"Dog Bed","true","","{doggytalents:{casingId:""natura:nether_planks.0"",beddingId:""minecraft:wool.8""}}"
"Doggy Talents","doggytalents:dog_bed",2581,"true",8147,0,"Dog Bed","true","","{doggytalents:{casingId:""natura:nether_planks.0"",beddingId:""minecraft:wool.9""}}"
"Doggy Talents","doggytalents:dog_bed",2581,"true",8147,0,"Dog Bed","true","","{doggytalents:{casingId:""natura:nether_planks.1"",beddingId:""minecraft:wool.0""}}"
"Doggy Talents","doggytalents:dog_bed",2581,"true",8147,0,"Dog Bed","true","","{doggytalents:{casingId:""natura:nether_planks.1"",beddingId:""minecraft:wool.1""}}"
"Doggy Talents","doggytalents:dog_bed",2581,"true",8147,0,"Dog Bed","true","","{doggytalents:{casingId:""natura:nether_planks.1"",beddingId:""minecraft:wool.10""}}"
"Doggy Talents","doggytalents:dog_bed",2581,"true",8147,0,"Dog Bed","true","","{doggytalents:{casingId:""natura:nether_planks.1"",beddingId:""minecraft:wool.11""}}"
"Doggy Talents","doggytalents:dog_bed",2581,"true",8147,0,"Dog Bed","true","","{doggytalents:{casingId:""natura:nether_planks.1"",beddingId:""minecraft:wool.12""}}"
"Doggy Talents","doggytalents:dog_bed",2581,"true",8147,0,"Dog Bed","true","","{doggytalents:{casingId:""natura:nether_planks.1"",beddingId:""minecraft:wool.13""}}"
"Doggy Talents","doggytalents:dog_bed",2581,"true",8147,0,"Dog Bed","true","","{doggytalents:{casingId:""natura:nether_planks.1"",beddingId:""minecraft:wool.14""}}"
"Doggy Talents","doggytalents:dog_bed",2581,"true",8147,0,"Dog Bed","true","","{doggytalents:{casingId:""natura:nether_planks.1"",beddingId:""minecraft:wool.15""}}"
"Doggy Talents","doggytalents:dog_bed",2581,"true",8147,0,"Dog Bed","true","","{doggytalents:{casingId:""natura:nether_planks.1"",beddingId:""minecraft:wool.2""}}"
"Doggy Talents","doggytalents:dog_bed",2581,"true",8147,0,"Dog Bed","true","","{doggytalents:{casingId:""natura:nether_planks.1"",beddingId:""minecraft:wool.3""}}"
"Doggy Talents","doggytalents:dog_bed",2581,"true",8147,0,"Dog Bed","true","","{doggytalents:{casingId:""natura:nether_planks.1"",beddingId:""minecraft:wool.4""}}"
"Doggy Talents","doggytalents:dog_bed",2581,"true",8147,0,"Dog Bed","true","","{doggytalents:{casingId:""natura:nether_planks.1"",beddingId:""minecraft:wool.5""}}"
"Doggy Talents","doggytalents:dog_bed",2581,"true",8147,0,"Dog Bed","true","","{doggytalents:{casingId:""natura:nether_planks.1"",beddingId:""minecraft:wool.6""}}"
"Doggy Talents","doggytalents:dog_bed",2581,"true",8147,0,"Dog Bed","true","","{doggytalents:{casingId:""natura:nether_planks.1"",beddingId:""minecraft:wool.7""}}"
"Doggy Talents","doggytalents:dog_bed",2581,"true",8147,0,"Dog Bed","true","","{doggytalents:{casingId:""natura:nether_planks.1"",beddingId:""minecraft:wool.8""}}"
"Doggy Talents","doggytalents:dog_bed",2581,"true",8147,0,"Dog Bed","true","","{doggytalents:{casingId:""natura:nether_planks.1"",beddingId:""minecraft:wool.9""}}"
"Doggy Talents","doggytalents:dog_bed",2581,"true",8147,0,"Dog Bed","true","","{doggytalents:{casingId:""natura:nether_planks.2"",beddingId:""minecraft:wool.0""}}"
"Doggy Talents","doggytalents:dog_bed",2581,"true",8147,0,"Dog Bed","true","","{doggytalents:{casingId:""natura:nether_planks.2"",beddingId:""minecraft:wool.1""}}"
"Doggy Talents","doggytalents:dog_bed",2581,"true",8147,0,"Dog Bed","true","","{doggytalents:{casingId:""natura:nether_planks.2"",beddingId:""minecraft:wool.10""}}"
"Doggy Talents","doggytalents:dog_bed",2581,"true",8147,0,"Dog Bed","true","","{doggytalents:{casingId:""natura:nether_planks.2"",beddingId:""minecraft:wool.11""}}"
"Doggy Talents","doggytalents:dog_bed",2581,"true",8147,0,"Dog Bed","true","","{doggytalents:{casingId:""natura:nether_planks.2"",beddingId:""minecraft:wool.12""}}"
"Doggy Talents","doggytalents:dog_bed",2581,"true",8147,0,"Dog Bed","true","","{doggytalents:{casingId:""natura:nether_planks.2"",beddingId:""minecraft:wool.13""}}"
"Doggy Talents","doggytalents:dog_bed",2581,"true",8147,0,"Dog Bed","true","","{doggytalents:{casingId:""natura:nether_planks.2"",beddingId:""minecraft:wool.14""}}"
"Doggy Talents","doggytalents:dog_bed",2581,"true",8147,0,"Dog Bed","true","","{doggytalents:{casingId:""natura:nether_planks.2"",beddingId:""minecraft:wool.15""}}"
"Doggy Talents","doggytalents:dog_bed",2581,"true",8147,0,"Dog Bed","true","","{doggytalents:{casingId:""natura:nether_planks.2"",beddingId:""minecraft:wool.2""}}"
"Doggy Talents","doggytalents:dog_bed",2581,"true",8147,0,"Dog Bed","true","","{doggytalents:{casingId:""natura:nether_planks.2"",beddingId:""minecraft:wool.3""}}"
"Doggy Talents","doggytalents:dog_bed",2581,"true",8147,0,"Dog Bed","true","","{doggytalents:{casingId:""natura:nether_planks.2"",beddingId:""minecraft:wool.4""}}"
"Doggy Talents","doggytalents:dog_bed",2581,"true",8147,0,"Dog Bed","true","","{doggytalents:{casingId:""natura:nether_planks.2"",beddingId:""minecraft:wool.5""}}"
"Doggy Talents","doggytalents:dog_bed",2581,"true",8147,0,"Dog Bed","true","","{doggytalents:{casingId:""natura:nether_planks.2"",beddingId:""minecraft:wool.6""}}"
"Doggy Talents","doggytalents:dog_bed",2581,"true",8147,0,"Dog Bed","true","","{doggytalents:{casingId:""natura:nether_planks.2"",beddingId:""minecraft:wool.7""}}"
"Doggy Talents","doggytalents:dog_bed",2581,"true",8147,0,"Dog Bed","true","","{doggytalents:{casingId:""natura:nether_planks.2"",beddingId:""minecraft:wool.8""}}"
"Doggy Talents","doggytalents:dog_bed",2581,"true",8147,0,"Dog Bed","true","","{doggytalents:{casingId:""natura:nether_planks.2"",beddingId:""minecraft:wool.9""}}"
"Doggy Talents","doggytalents:dog_bed",2581,"true",8147,0,"Dog Bed","true","","{doggytalents:{casingId:""natura:nether_planks.3"",beddingId:""minecraft:wool.0""}}"
"Doggy Talents","doggytalents:dog_bed",2581,"true",8147,0,"Dog Bed","true","","{doggytalents:{casingId:""natura:nether_planks.3"",beddingId:""minecraft:wool.1""}}"
"Doggy Talents","doggytalents:dog_bed",2581,"true",8147,0,"Dog Bed","true","","{doggytalents:{casingId:""natura:nether_planks.3"",beddingId:""minecraft:wool.10""}}"
"Doggy Talents","doggytalents:dog_bed",2581,"true",8147,0,"Dog Bed","true","","{doggytalents:{casingId:""natura:nether_planks.3"",beddingId:""minecraft:wool.11""}}"
"Doggy Talents","doggytalents:dog_bed",2581,"true",8147,0,"Dog Bed","true","","{doggytalents:{casingId:""natura:nether_planks.3"",beddingId:""minecraft:wool.12""}}"
"Doggy Talents","doggytalents:dog_bed",2581,"true",8147,0,"Dog Bed","true","","{doggytalents:{casingId:""natura:nether_planks.3"",beddingId:""minecraft:wool.13""}}"
"Doggy Talents","doggytalents:dog_bed",2581,"true",8147,0,"Dog Bed","true","","{doggytalents:{casingId:""natura:nether_planks.3"",beddingId:""minecraft:wool.14""}}"
"Doggy Talents","doggytalents:dog_bed",2581,"true",8147,0,"Dog Bed","true","","{doggytalents:{casingId:""natura:nether_planks.3"",beddingId:""minecraft:wool.15""}}"
"Doggy Talents","doggytalents:dog_bed",2581,"true",8147,0,"Dog Bed","true","","{doggytalents:{casingId:""natura:nether_planks.3"",beddingId:""minecraft:wool.2""}}"
"Doggy Talents","doggytalents:dog_bed",2581,"true",8147,0,"Dog Bed","true","","{doggytalents:{casingId:""natura:nether_planks.3"",beddingId:""minecraft:wool.3""}}"
"Doggy Talents","doggytalents:dog_bed",2581,"true",8147,0,"Dog Bed","true","","{doggytalents:{casingId:""natura:nether_planks.3"",beddingId:""minecraft:wool.4""}}"
"Doggy Talents","doggytalents:dog_bed",2581,"true",8147,0,"Dog Bed","true","","{doggytalents:{casingId:""natura:nether_planks.3"",beddingId:""minecraft:wool.5""}}"
"Doggy Talents","doggytalents:dog_bed",2581,"true",8147,0,"Dog Bed","true","","{doggytalents:{casingId:""natura:nether_planks.3"",beddingId:""minecraft:wool.6""}}"
"Doggy Talents","doggytalents:dog_bed",2581,"true",8147,0,"Dog Bed","true","","{doggytalents:{casingId:""natura:nether_planks.3"",beddingId:""minecraft:wool.7""}}"
"Doggy Talents","doggytalents:dog_bed",2581,"true",8147,0,"Dog Bed","true","","{doggytalents:{casingId:""natura:nether_planks.3"",beddingId:""minecraft:wool.8""}}"
"Doggy Talents","doggytalents:dog_bed",2581,"true",8147,0,"Dog Bed","true","","{doggytalents:{casingId:""natura:nether_planks.3"",beddingId:""minecraft:wool.9""}}"
"Doggy Talents","doggytalents:dog_bed",2581,"true",8147,0,"Dog Bed","true","","{doggytalents:{casingId:""natura:overworld_planks.0"",beddingId:""minecraft:wool.0""}}"
"Doggy Talents","doggytalents:dog_bed",2581,"true",8147,0,"Dog Bed","true","","{doggytalents:{casingId:""natura:overworld_planks.0"",beddingId:""minecraft:wool.1""}}"
"Doggy Talents","doggytalents:dog_bed",2581,"true",8147,0,"Dog Bed","true","","{doggytalents:{casingId:""natura:overworld_planks.0"",beddingId:""minecraft:wool.10""}}"
"Doggy Talents","doggytalents:dog_bed",2581,"true",8147,0,"Dog Bed","true","","{doggytalents:{casingId:""natura:overworld_planks.0"",beddingId:""minecraft:wool.11""}}"
"Doggy Talents","doggytalents:dog_bed",2581,"true",8147,0,"Dog Bed","true","","{doggytalents:{casingId:""natura:overworld_planks.0"",beddingId:""minecraft:wool.12""}}"
"Doggy Talents","doggytalents:dog_bed",2581,"true",8147,0,"Dog Bed","true","","{doggytalents:{casingId:""natura:overworld_planks.0"",beddingId:""minecraft:wool.13""}}"
"Doggy Talents","doggytalents:dog_bed",2581,"true",8147,0,"Dog Bed","true","","{doggytalents:{casingId:""natura:overworld_planks.0"",beddingId:""minecraft:wool.14""}}"
"Doggy Talents","doggytalents:dog_bed",2581,"true",8147,0,"Dog Bed","true","","{doggytalents:{casingId:""natura:overworld_planks.0"",beddingId:""minecraft:wool.15""}}"
"Doggy Talents","doggytalents:dog_bed",2581,"true",8147,0,"Dog Bed","true","","{doggytalents:{casingId:""natura:overworld_planks.0"",beddingId:""minecraft:wool.2""}}"
"Doggy Talents","doggytalents:dog_bed",2581,"true",8147,0,"Dog Bed","true","","{doggytalents:{casingId:""natura:overworld_planks.0"",beddingId:""minecraft:wool.3""}}"
"Doggy Talents","doggytalents:dog_bed",2581,"true",8147,0,"Dog Bed","true","","{doggytalents:{casingId:""natura:overworld_planks.0"",beddingId:""minecraft:wool.4""}}"
"Doggy Talents","doggytalents:dog_bed",2581,"true",8147,0,"Dog Bed","true","","{doggytalents:{casingId:""natura:overworld_planks.0"",beddingId:""minecraft:wool.5""}}"
"Doggy Talents","doggytalents:dog_bed",2581,"true",8147,0,"Dog Bed","true","","{doggytalents:{casingId:""natura:overworld_planks.0"",beddingId:""minecraft:wool.6""}}"
"Doggy Talents","doggytalents:dog_bed",2581,"true",8147,0,"Dog Bed","true","","{doggytalents:{casingId:""natura:overworld_planks.0"",beddingId:""minecraft:wool.7""}}"
"Doggy Talents","doggytalents:dog_bed",2581,"true",8147,0,"Dog Bed","true","","{doggytalents:{casingId:""natura:overworld_planks.0"",beddingId:""minecraft:wool.8""}}"
"Doggy Talents","doggytalents:dog_bed",2581,"true",8147,0,"Dog Bed","true","","{doggytalents:{casingId:""natura:overworld_planks.0"",beddingId:""minecraft:wool.9""}}"
"Doggy Talents","doggytalents:dog_bed",2581,"true",8147,0,"Dog Bed","true","","{doggytalents:{casingId:""natura:overworld_planks.1"",beddingId:""minecraft:wool.0""}}"
"Doggy Talents","doggytalents:dog_bed",2581,"true",8147,0,"Dog Bed","true","","{doggytalents:{casingId:""natura:overworld_planks.1"",beddingId:""minecraft:wool.1""}}"
"Doggy Talents","doggytalents:dog_bed",2581,"true",8147,0,"Dog Bed","true","","{doggytalents:{casingId:""natura:overworld_planks.1"",beddingId:""minecraft:wool.10""}}"
"Doggy Talents","doggytalents:dog_bed",2581,"true",8147,0,"Dog Bed","true","","{doggytalents:{casingId:""natura:overworld_planks.1"",beddingId:""minecraft:wool.11""}}"
"Doggy Talents","doggytalents:dog_bed",2581,"true",8147,0,"Dog Bed","true","","{doggytalents:{casingId:""natura:overworld_planks.1"",beddingId:""minecraft:wool.12""}}"
"Doggy Talents","doggytalents:dog_bed",2581,"true",8147,0,"Dog Bed","true","","{doggytalents:{casingId:""natura:overworld_planks.1"",beddingId:""minecraft:wool.13""}}"
"Doggy Talents","doggytalents:dog_bed",2581,"true",8147,0,"Dog Bed","true","","{doggytalents:{casingId:""natura:overworld_planks.1"",beddingId:""minecraft:wool.14""}}"
"Doggy Talents","doggytalents:dog_bed",2581,"true",8147,0,"Dog Bed","true","","{doggytalents:{casingId:""natura:overworld_planks.1"",beddingId:""minecraft:wool.15""}}"
"Doggy Talents","doggytalents:dog_bed",2581,"true",8147,0,"Dog Bed","true","","{doggytalents:{casingId:""natura:overworld_planks.1"",beddingId:""minecraft:wool.2""}}"
"Doggy Talents","doggytalents:dog_bed",2581,"true",8147,0,"Dog Bed","true","","{doggytalents:{casingId:""natura:overworld_planks.1"",beddingId:""minecraft:wool.3""}}"
"Doggy Talents","doggytalents:dog_bed",2581,"true",8147,0,"Dog Bed","true","","{doggytalents:{casingId:""natura:overworld_planks.1"",beddingId:""minecraft:wool.4""}}"
"Doggy Talents","doggytalents:dog_bed",2581,"true",8147,0,"Dog Bed","true","","{doggytalents:{casingId:""natura:overworld_planks.1"",beddingId:""minecraft:wool.5""}}"
"Doggy Talents","doggytalents:dog_bed",2581,"true",8147,0,"Dog Bed","true","","{doggytalents:{casingId:""natura:overworld_planks.1"",beddingId:""minecraft:wool.6""}}"
"Doggy Talents","doggytalents:dog_bed",2581,"true",8147,0,"Dog Bed","true","","{doggytalents:{casingId:""natura:overworld_planks.1"",beddingId:""minecraft:wool.7""}}"
"Doggy Talents","doggytalents:dog_bed",2581,"true",8147,0,"Dog Bed","true","","{doggytalents:{casingId:""natura:overworld_planks.1"",beddingId:""minecraft:wool.8""}}"
"Doggy Talents","doggytalents:dog_bed",2581,"true",8147,0,"Dog Bed","true","","{doggytalents:{casingId:""natura:overworld_planks.1"",beddingId:""minecraft:wool.9""}}"
"Doggy Talents","doggytalents:dog_bed",2581,"true",8147,0,"Dog Bed","true","","{doggytalents:{casingId:""natura:overworld_planks.2"",beddingId:""minecraft:wool.0""}}"
"Doggy Talents","doggytalents:dog_bed",2581,"true",8147,0,"Dog Bed","true","","{doggytalents:{casingId:""natura:overworld_planks.2"",beddingId:""minecraft:wool.1""}}"
"Doggy Talents","doggytalents:dog_bed",2581,"true",8147,0,"Dog Bed","true","","{doggytalents:{casingId:""natura:overworld_planks.2"",beddingId:""minecraft:wool.10""}}"
"Doggy Talents","doggytalents:dog_bed",2581,"true",8147,0,"Dog Bed","true","","{doggytalents:{casingId:""natura:overworld_planks.2"",beddingId:""minecraft:wool.11""}}"
"Doggy Talents","doggytalents:dog_bed",2581,"true",8147,0,"Dog Bed","true","","{doggytalents:{casingId:""natura:overworld_planks.2"",beddingId:""minecraft:wool.12""}}"
"Doggy Talents","doggytalents:dog_bed",2581,"true",8147,0,"Dog Bed","true","","{doggytalents:{casingId:""natura:overworld_planks.2"",beddingId:""minecraft:wool.13""}}"
"Doggy Talents","doggytalents:dog_bed",2581,"true",8147,0,"Dog Bed","true","","{doggytalents:{casingId:""natura:overworld_planks.2"",beddingId:""minecraft:wool.14""}}"
"Doggy Talents","doggytalents:dog_bed",2581,"true",8147,0,"Dog Bed","true","","{doggytalents:{casingId:""natura:overworld_planks.2"",beddingId:""minecraft:wool.15""}}"
"Doggy Talents","doggytalents:dog_bed",2581,"true",8147,0,"Dog Bed","true","","{doggytalents:{casingId:""natura:overworld_planks.2"",beddingId:""minecraft:wool.2""}}"
"Doggy Talents","doggytalents:dog_bed",2581,"true",8147,0,"Dog Bed","true","","{doggytalents:{casingId:""natura:overworld_planks.2"",beddingId:""minecraft:wool.3""}}"
"Doggy Talents","doggytalents:dog_bed",2581,"true",8147,0,"Dog Bed","true","","{doggytalents:{casingId:""natura:overworld_planks.2"",beddingId:""minecraft:wool.4""}}"
"Doggy Talents","doggytalents:dog_bed",2581,"true",8147,0,"Dog Bed","true","","{doggytalents:{casingId:""natura:overworld_planks.2"",beddingId:""minecraft:wool.5""}}"
"Doggy Talents","doggytalents:dog_bed",2581,"true",8147,0,"Dog Bed","true","","{doggytalents:{casingId:""natura:overworld_planks.2"",beddingId:""minecraft:wool.6""}}"
"Doggy Talents","doggytalents:dog_bed",2581,"true",8147,0,"Dog Bed","true","","{doggytalents:{casingId:""natura:overworld_planks.2"",beddingId:""minecraft:wool.7""}}"
"Doggy Talents","doggytalents:dog_bed",2581,"true",8147,0,"Dog Bed","true","","{doggytalents:{casingId:""natura:overworld_planks.2"",beddingId:""minecraft:wool.8""}}"
"Doggy Talents","doggytalents:dog_bed",2581,"true",8147,0,"Dog Bed","true","","{doggytalents:{casingId:""natura:overworld_planks.2"",beddingId:""minecraft:wool.9""}}"
"Doggy Talents","doggytalents:dog_bed",2581,"true",8147,0,"Dog Bed","true","","{doggytalents:{casingId:""natura:overworld_planks.3"",beddingId:""minecraft:wool.0""}}"
"Doggy Talents","doggytalents:dog_bed",2581,"true",8147,0,"Dog Bed","true","","{doggytalents:{casingId:""natura:overworld_planks.3"",beddingId:""minecraft:wool.1""}}"
"Doggy Talents","doggytalents:dog_bed",2581,"true",8147,0,"Dog Bed","true","","{doggytalents:{casingId:""natura:overworld_planks.3"",beddingId:""minecraft:wool.10""}}"
"Doggy Talents","doggytalents:dog_bed",2581,"true",8147,0,"Dog Bed","true","","{doggytalents:{casingId:""natura:overworld_planks.3"",beddingId:""minecraft:wool.11""}}"
"Doggy Talents","doggytalents:dog_bed",2581,"true",8147,0,"Dog Bed","true","","{doggytalents:{casingId:""natura:overworld_planks.3"",beddingId:""minecraft:wool.12""}}"
"Doggy Talents","doggytalents:dog_bed",2581,"true",8147,0,"Dog Bed","true","","{doggytalents:{casingId:""natura:overworld_planks.3"",beddingId:""minecraft:wool.13""}}"
"Doggy Talents","doggytalents:dog_bed",2581,"true",8147,0,"Dog Bed","true","","{doggytalents:{casingId:""natura:overworld_planks.3"",beddingId:""minecraft:wool.14""}}"
"Doggy Talents","doggytalents:dog_bed",2581,"true",8147,0,"Dog Bed","true","","{doggytalents:{casingId:""natura:overworld_planks.3"",beddingId:""minecraft:wool.15""}}"
"Doggy Talents","doggytalents:dog_bed",2581,"true",8147,0,"Dog Bed","true","","{doggytalents:{casingId:""natura:overworld_planks.3"",beddingId:""minecraft:wool.2""}}"
"Doggy Talents","doggytalents:dog_bed",2581,"true",8147,0,"Dog Bed","true","","{doggytalents:{casingId:""natura:overworld_planks.3"",beddingId:""minecraft:wool.3""}}"
"Doggy Talents","doggytalents:dog_bed",2581,"true",8147,0,"Dog Bed","true","","{doggytalents:{casingId:""natura:overworld_planks.3"",beddingId:""minecraft:wool.4""}}"
"Doggy Talents","doggytalents:dog_bed",2581,"true",8147,0,"Dog Bed","true","","{doggytalents:{casingId:""natura:overworld_planks.3"",beddingId:""minecraft:wool.5""}}"
"Doggy Talents","doggytalents:dog_bed",2581,"true",8147,0,"Dog Bed","true","","{doggytalents:{casingId:""natura:overworld_planks.3"",beddingId:""minecraft:wool.6""}}"
"Doggy Talents","doggytalents:dog_bed",2581,"true",8147,0,"Dog Bed","true","","{doggytalents:{casingId:""natura:overworld_planks.3"",beddingId:""minecraft:wool.7""}}"
"Doggy Talents","doggytalents:dog_bed",2581,"true",8147,0,"Dog Bed","true","","{doggytalents:{casingId:""natura:overworld_planks.3"",beddingId:""minecraft:wool.8""}}"
"Doggy Talents","doggytalents:dog_bed",2581,"true",8147,0,"Dog Bed","true","","{doggytalents:{casingId:""natura:overworld_planks.3"",beddingId:""minecraft:wool.9""}}"
"Doggy Talents","doggytalents:dog_bed",2581,"true",8147,0,"Dog Bed","true","","{doggytalents:{casingId:""natura:overworld_planks.4"",beddingId:""minecraft:wool.0""}}"
"Doggy Talents","doggytalents:dog_bed",2581,"true",8147,0,"Dog Bed","true","","{doggytalents:{casingId:""natura:overworld_planks.4"",beddingId:""minecraft:wool.1""}}"
"Doggy Talents","doggytalents:dog_bed",2581,"true",8147,0,"Dog Bed","true","","{doggytalents:{casingId:""natura:overworld_planks.4"",beddingId:""minecraft:wool.10""}}"
"Doggy Talents","doggytalents:dog_bed",2581,"true",8147,0,"Dog Bed","true","","{doggytalents:{casingId:""natura:overworld_planks.4"",beddingId:""minecraft:wool.11""}}"
"Doggy Talents","doggytalents:dog_bed",2581,"true",8147,0,"Dog Bed","true","","{doggytalents:{casingId:""natura:overworld_planks.4"",beddingId:""minecraft:wool.12""}}"
"Doggy Talents","doggytalents:dog_bed",2581,"true",8147,0,"Dog Bed","true","","{doggytalents:{casingId:""natura:overworld_planks.4"",beddingId:""minecraft:wool.13""}}"
"Doggy Talents","doggytalents:dog_bed",2581,"true",8147,0,"Dog Bed","true","","{doggytalents:{casingId:""natura:overworld_planks.4"",beddingId:""minecraft:wool.14""}}"
"Doggy Talents","doggytalents:dog_bed",2581,"true",8147,0,"Dog Bed","true","","{doggytalents:{casingId:""natura:overworld_planks.4"",beddingId:""minecraft:wool.15""}}"
"Doggy Talents","doggytalents:dog_bed",2581,"true",8147,0,"Dog Bed","true","","{doggytalents:{casingId:""natura:overworld_planks.4"",beddingId:""minecraft:wool.2""}}"
"Doggy Talents","doggytalents:dog_bed",2581,"true",8147,0,"Dog Bed","true","","{doggytalents:{casingId:""natura:overworld_planks.4"",beddingId:""minecraft:wool.3""}}"
"Doggy Talents","doggytalents:dog_bed",2581,"true",8147,0,"Dog Bed","true","","{doggytalents:{casingId:""natura:overworld_planks.4"",beddingId:""minecraft:wool.4""}}"
"Doggy Talents","doggytalents:dog_bed",2581,"true",8147,0,"Dog Bed","true","","{doggytalents:{casingId:""natura:overworld_planks.4"",beddingId:""minecraft:wool.5""}}"
"Doggy Talents","doggytalents:dog_bed",2581,"true",8147,0,"Dog Bed","true","","{doggytalents:{casingId:""natura:overworld_planks.4"",beddingId:""minecraft:wool.6""}}"
"Doggy Talents","doggytalents:dog_bed",2581,"true",8147,0,"Dog Bed","true","","{doggytalents:{casingId:""natura:overworld_planks.4"",beddingId:""minecraft:wool.7""}}"
"Doggy Talents","doggytalents:dog_bed",2581,"true",8147,0,"Dog Bed","true","","{doggytalents:{casingId:""natura:overworld_planks.4"",beddingId:""minecraft:wool.8""}}"
"Doggy Talents","doggytalents:dog_bed",2581,"true",8147,0,"Dog Bed","true","","{doggytalents:{casingId:""natura:overworld_planks.4"",beddingId:""minecraft:wool.9""}}"
"Doggy Talents","doggytalents:dog_bed",2581,"true",8147,0,"Dog Bed","true","","{doggytalents:{casingId:""natura:overworld_planks.5"",beddingId:""minecraft:wool.0""}}"
"Doggy Talents","doggytalents:dog_bed",2581,"true",8147,0,"Dog Bed","true","","{doggytalents:{casingId:""natura:overworld_planks.5"",beddingId:""minecraft:wool.1""}}"
"Doggy Talents","doggytalents:dog_bed",2581,"true",8147,0,"Dog Bed","true","","{doggytalents:{casingId:""natura:overworld_planks.5"",beddingId:""minecraft:wool.10""}}"
"Doggy Talents","doggytalents:dog_bed",2581,"true",8147,0,"Dog Bed","true","","{doggytalents:{casingId:""natura:overworld_planks.5"",beddingId:""minecraft:wool.11""}}"
"Doggy Talents","doggytalents:dog_bed",2581,"true",8147,0,"Dog Bed","true","","{doggytalents:{casingId:""natura:overworld_planks.5"",beddingId:""minecraft:wool.12""}}"
"Doggy Talents","doggytalents:dog_bed",2581,"true",8147,0,"Dog Bed","true","","{doggytalents:{casingId:""natura:overworld_planks.5"",beddingId:""minecraft:wool.13""}}"
"Doggy Talents","doggytalents:dog_bed",2581,"true",8147,0,"Dog Bed","true","","{doggytalents:{casingId:""natura:overworld_planks.5"",beddingId:""minecraft:wool.14""}}"
"Doggy Talents","doggytalents:dog_bed",2581,"true",8147,0,"Dog Bed","true","","{doggytalents:{casingId:""natura:overworld_planks.5"",beddingId:""minecraft:wool.15""}}"
"Doggy Talents","doggytalents:dog_bed",2581,"true",8147,0,"Dog Bed","true","","{doggytalents:{casingId:""natura:overworld_planks.5"",beddingId:""minecraft:wool.2""}}"
"Doggy Talents","doggytalents:dog_bed",2581,"true",8147,0,"Dog Bed","true","","{doggytalents:{casingId:""natura:overworld_planks.5"",beddingId:""minecraft:wool.3""}}"
"Doggy Talents","doggytalents:dog_bed",2581,"true",8147,0,"Dog Bed","true","","{doggytalents:{casingId:""natura:overworld_planks.5"",beddingId:""minecraft:wool.4""}}"
"Doggy Talents","doggytalents:dog_bed",2581,"true",8147,0,"Dog Bed","true","","{doggytalents:{casingId:""natura:overworld_planks.5"",beddingId:""minecraft:wool.5""}}"
"Doggy Talents","doggytalents:dog_bed",2581,"true",8147,0,"Dog Bed","true","","{doggytalents:{casingId:""natura:overworld_planks.5"",beddingId:""minecraft:wool.6""}}"
"Doggy Talents","doggytalents:dog_bed",2581,"true",8147,0,"Dog Bed","true","","{doggytalents:{casingId:""natura:overworld_planks.5"",beddingId:""minecraft:wool.7""}}"
"Doggy Talents","doggytalents:dog_bed",2581,"true",8147,0,"Dog Bed","true","","{doggytalents:{casingId:""natura:overworld_planks.5"",beddingId:""minecraft:wool.8""}}"
"Doggy Talents","doggytalents:dog_bed",2581,"true",8147,0,"Dog Bed","true","","{doggytalents:{casingId:""natura:overworld_planks.5"",beddingId:""minecraft:wool.9""}}"
"Doggy Talents","doggytalents:dog_bed",2581,"true",8147,0,"Dog Bed","true","","{doggytalents:{casingId:""natura:overworld_planks.6"",beddingId:""minecraft:wool.0""}}"
"Doggy Talents","doggytalents:dog_bed",2581,"true",8147,0,"Dog Bed","true","","{doggytalents:{casingId:""natura:overworld_planks.6"",beddingId:""minecraft:wool.1""}}"
"Doggy Talents","doggytalents:dog_bed",2581,"true",8147,0,"Dog Bed","true","","{doggytalents:{casingId:""natura:overworld_planks.6"",beddingId:""minecraft:wool.10""}}"
"Doggy Talents","doggytalents:dog_bed",2581,"true",8147,0,"Dog Bed","true","","{doggytalents:{casingId:""natura:overworld_planks.6"",beddingId:""minecraft:wool.11""}}"
"Doggy Talents","doggytalents:dog_bed",2581,"true",8147,0,"Dog Bed","true","","{doggytalents:{casingId:""natura:overworld_planks.6"",beddingId:""minecraft:wool.12""}}"
"Doggy Talents","doggytalents:dog_bed",2581,"true",8147,0,"Dog Bed","true","","{doggytalents:{casingId:""natura:overworld_planks.6"",beddingId:""minecraft:wool.13""}}"
"Doggy Talents","doggytalents:dog_bed",2581,"true",8147,0,"Dog Bed","true","","{doggytalents:{casingId:""natura:overworld_planks.6"",beddingId:""minecraft:wool.14""}}"
"Doggy Talents","doggytalents:dog_bed",2581,"true",8147,0,"Dog Bed","true","","{doggytalents:{casingId:""natura:overworld_planks.6"",beddingId:""minecraft:wool.15""}}"
"Doggy Talents","doggytalents:dog_bed",2581,"true",8147,0,"Dog Bed","true","","{doggytalents:{casingId:""natura:overworld_planks.6"",beddingId:""minecraft:wool.2""}}"
"Doggy Talents","doggytalents:dog_bed",2581,"true",8147,0,"Dog Bed","true","","{doggytalents:{casingId:""natura:overworld_planks.6"",beddingId:""minecraft:wool.3""}}"
"Doggy Talents","doggytalents:dog_bed",2581,"true",8147,0,"Dog Bed","true","","{doggytalents:{casingId:""natura:overworld_planks.6"",beddingId:""minecraft:wool.4""}}"
"Doggy Talents","doggytalents:dog_bed",2581,"true",8147,0,"Dog Bed","true","","{doggytalents:{casingId:""natura:overworld_planks.6"",beddingId:""minecraft:wool.5""}}"
"Doggy Talents","doggytalents:dog_bed",2581,"true",8147,0,"Dog Bed","true","","{doggytalents:{casingId:""natura:overworld_planks.6"",beddingId:""minecraft:wool.6""}}"
"Doggy Talents","doggytalents:dog_bed",2581,"true",8147,0,"Dog Bed","true","","{doggytalents:{casingId:""natura:overworld_planks.6"",beddingId:""minecraft:wool.7""}}"
"Doggy Talents","doggytalents:dog_bed",2581,"true",8147,0,"Dog Bed","true","","{doggytalents:{casingId:""natura:overworld_planks.6"",beddingId:""minecraft:wool.8""}}"
"Doggy Talents","doggytalents:dog_bed",2581,"true",8147,0,"Dog Bed","true","","{doggytalents:{casingId:""natura:overworld_planks.6"",beddingId:""minecraft:wool.9""}}"
"Doggy Talents","doggytalents:dog_bed",2581,"true",8147,0,"Dog Bed","true","","{doggytalents:{casingId:""natura:overworld_planks.7"",beddingId:""minecraft:wool.0""}}"
"Doggy Talents","doggytalents:dog_bed",2581,"true",8147,0,"Dog Bed","true","","{doggytalents:{casingId:""natura:overworld_planks.7"",beddingId:""minecraft:wool.1""}}"
"Doggy Talents","doggytalents:dog_bed",2581,"true",8147,0,"Dog Bed","true","","{doggytalents:{casingId:""natura:overworld_planks.7"",beddingId:""minecraft:wool.10""}}"
"Doggy Talents","doggytalents:dog_bed",2581,"true",8147,0,"Dog Bed","true","","{doggytalents:{casingId:""natura:overworld_planks.7"",beddingId:""minecraft:wool.11""}}"
"Doggy Talents","doggytalents:dog_bed",2581,"true",8147,0,"Dog Bed","true","","{doggytalents:{casingId:""natura:overworld_planks.7"",beddingId:""minecraft:wool.12""}}"
"Doggy Talents","doggytalents:dog_bed",2581,"true",8147,0,"Dog Bed","true","","{doggytalents:{casingId:""natura:overworld_planks.7"",beddingId:""minecraft:wool.13""}}"
"Doggy Talents","doggytalents:dog_bed",2581,"true",8147,0,"Dog Bed","true","","{doggytalents:{casingId:""natura:overworld_planks.7"",beddingId:""minecraft:wool.14""}}"
"Doggy Talents","doggytalents:dog_bed",2581,"true",8147,0,"Dog Bed","true","","{doggytalents:{casingId:""natura:overworld_planks.7"",beddingId:""minecraft:wool.15""}}"
"Doggy Talents","doggytalents:dog_bed",2581,"true",8147,0,"Dog Bed","true","","{doggytalents:{casingId:""natura:overworld_planks.7"",beddingId:""minecraft:wool.2""}}"
"Doggy Talents","doggytalents:dog_bed",2581,"true",8147,0,"Dog Bed","true","","{doggytalents:{casingId:""natura:overworld_planks.7"",beddingId:""minecraft:wool.3""}}"
"Doggy Talents","doggytalents:dog_bed",2581,"true",8147,0,"Dog Bed","true","","{doggytalents:{casingId:""natura:overworld_planks.7"",beddingId:""minecraft:wool.4""}}"
"Doggy Talents","doggytalents:dog_bed",2581,"true",8147,0,"Dog Bed","true","","{doggytalents:{casingId:""natura:overworld_planks.7"",beddingId:""minecraft:wool.5""}}"
"Doggy Talents","doggytalents:dog_bed",2581,"true",8147,0,"Dog Bed","true","","{doggytalents:{casingId:""natura:overworld_planks.7"",beddingId:""minecraft:wool.6""}}"
"Doggy Talents","doggytalents:dog_bed",2581,"true",8147,0,"Dog Bed","true","","{doggytalents:{casingId:""natura:overworld_planks.7"",beddingId:""minecraft:wool.7""}}"
"Doggy Talents","doggytalents:dog_bed",2581,"true",8147,0,"Dog Bed","true","","{doggytalents:{casingId:""natura:overworld_planks.7"",beddingId:""minecraft:wool.8""}}"
"Doggy Talents","doggytalents:dog_bed",2581,"true",8147,0,"Dog Bed","true","","{doggytalents:{casingId:""natura:overworld_planks.7"",beddingId:""minecraft:wool.9""}}"
"Doggy Talents","doggytalents:dog_bed",2581,"true",8147,0,"Dog Bed","true","","{doggytalents:{casingId:""natura:overworld_planks.8"",beddingId:""minecraft:wool.0""}}"
"Doggy Talents","doggytalents:dog_bed",2581,"true",8147,0,"Dog Bed","true","","{doggytalents:{casingId:""natura:overworld_planks.8"",beddingId:""minecraft:wool.1""}}"
"Doggy Talents","doggytalents:dog_bed",2581,"true",8147,0,"Dog Bed","true","","{doggytalents:{casingId:""natura:overworld_planks.8"",beddingId:""minecraft:wool.10""}}"
"Doggy Talents","doggytalents:dog_bed",2581,"true",8147,0,"Dog Bed","true","","{doggytalents:{casingId:""natura:overworld_planks.8"",beddingId:""minecraft:wool.11""}}"
"Doggy Talents","doggytalents:dog_bed",2581,"true",8147,0,"Dog Bed","true","","{doggytalents:{casingId:""natura:overworld_planks.8"",beddingId:""minecraft:wool.12""}}"
"Doggy Talents","doggytalents:dog_bed",2581,"true",8147,0,"Dog Bed","true","","{doggytalents:{casingId:""natura:overworld_planks.8"",beddingId:""minecraft:wool.13""}}"
"Doggy Talents","doggytalents:dog_bed",2581,"true",8147,0,"Dog Bed","true","","{doggytalents:{casingId:""natura:overworld_planks.8"",beddingId:""minecraft:wool.14""}}"
"Doggy Talents","doggytalents:dog_bed",2581,"true",8147,0,"Dog Bed","true","","{doggytalents:{casingId:""natura:overworld_planks.8"",beddingId:""minecraft:wool.15""}}"
"Doggy Talents","doggytalents:dog_bed",2581,"true",8147,0,"Dog Bed","true","","{doggytalents:{casingId:""natura:overworld_planks.8"",beddingId:""minecraft:wool.2""}}"
"Doggy Talents","doggytalents:dog_bed",2581,"true",8147,0,"Dog Bed","true","","{doggytalents:{casingId:""natura:overworld_planks.8"",beddingId:""minecraft:wool.3""}}"
"Doggy Talents","doggytalents:dog_bed",2581,"true",8147,0,"Dog Bed","true","","{doggytalents:{casingId:""natura:overworld_planks.8"",beddingId:""minecraft:wool.4""}}"
"Doggy Talents","doggytalents:dog_bed",2581,"true",8147,0,"Dog Bed","true","","{doggytalents:{casingId:""natura:overworld_planks.8"",beddingId:""minecraft:wool.5""}}"
"Doggy Talents","doggytalents:dog_bed",2581,"true",8147,0,"Dog Bed","true","","{doggytalents:{casingId:""natura:overworld_planks.8"",beddingId:""minecraft:wool.6""}}"
"Doggy Talents","doggytalents:dog_bed",2581,"true",8147,0,"Dog Bed","true","","{doggytalents:{casingId:""natura:overworld_planks.8"",beddingId:""minecraft:wool.7""}}"
"Doggy Talents","doggytalents:dog_bed",2581,"true",8147,0,"Dog Bed","true","","{doggytalents:{casingId:""natura:overworld_planks.8"",beddingId:""minecraft:wool.8""}}"
"Doggy Talents","doggytalents:dog_bed",2581,"true",8147,0,"Dog Bed","true","","{doggytalents:{casingId:""natura:overworld_planks.8"",beddingId:""minecraft:wool.9""}}"
"Doggy Talents","doggytalents:food_bowl",2583,"false",8149,0,"Food Bowl","true","",""
"Dungeon Mobs","dungeonmobs:bladetrap",2585,"false",8179,0,"Blade Trap","true","",""
"Dungeon Mobs","dungeonmobs:lavarock",2584,"false",8178,0,"tile.dungeonmobs.lavarock.name","true","",""
"Dungeons2!","dungeons2:basic_facade_cobblestone",2587,"false",8181,0,"Basic Cobblestone Facade","true","",""
"Dungeons2!","dungeons2:basic_facade_cobblestone_mossy",2588,"false",8182,0,"Basic Mossy Cobblestone Facade","true","",""
"Dungeons2!","dungeons2:basic_facade_obsidianbrick",2593,"false",8187,0,"Basic Obsidanbrick Facade","true","",""
"Dungeons2!","dungeons2:basic_facade_sandstone",2595,"false",8189,0,"Basic Sandstone Facade","true","",""
"Dungeons2!","dungeons2:basic_facade_smooth_sandstone",2594,"false",8188,0,"Basic Smooth Sandstone Facade","true","",""
"Dungeons2!","dungeons2:basic_facade_stone",2586,"false",8180,0,"Basic Stone Facade","true","",""
"Dungeons2!","dungeons2:basic_facade_stonebrick",2589,"false",8183,0,"Basic Stonebrick Facade","true","",""
"Dungeons2!","dungeons2:basic_facade_stonebrick_chiseled",2592,"false",8186,0,"Basic Chiseled Stonebrick Facade","true","",""
"Dungeons2!","dungeons2:basic_facade_stonebrick_cracked",2591,"false",8185,0,"Basic Cracked Stonebrick Facade","true","",""
"Dungeons2!","dungeons2:basic_facade_stonebrick_mossy",2590,"false",8184,0,"Basic Mossy Stonebrick Facade","true","",""
"Dungeons2!","dungeons2:coffer_cobblestone",2715,"false",8309,0,"Cobblestone Coffer","true","",""
"Dungeons2!","dungeons2:coffer_cobblestone_mossy",2716,"false",8310,0,"Mossy Cobblestone Coffer","true","",""
"Dungeons2!","dungeons2:coffer_middle_cobblestone",2706,"false",8300,0,"Cobblestone Middle Coffer","true","",""
"Dungeons2!","dungeons2:coffer_middle_cobblestone_mossy",2707,"false",8301,0,"Mossy Cobblestone Middle Coffer","true","",""
"Dungeons2!","dungeons2:coffer_middle_obsidianbrick",2711,"false",8305,0,"Obsidanbrick Middle Coffer","true","",""
"Dungeons2!","dungeons2:coffer_middle_sandstone",2712,"false",8306,0,"Sandstone Middle Coffer","true","",""
"Dungeons2!","dungeons2:coffer_middle_smooth_sandstone",2713,"false",8307,0,"Smooth Sandstone Middle Coffer","true","",""
"Dungeons2!","dungeons2:coffer_middle_stone",2705,"false",8299,0,"Stone Middle Coffer","true","",""
"Dungeons2!","dungeons2:coffer_middle_stonebrick",2708,"false",8302,0,"Stonebrick Middle Coffer","true","",""
"Dungeons2!","dungeons2:coffer_middle_stonebrick_cracked",2710,"false",8304,0,"Cracked Stonebrick Middle Coffer","true","",""
"Dungeons2!","dungeons2:coffer_middle_stonebrick_mossy",2709,"false",8303,0,"Mossy Stonebrick Middle Coffer","true","",""
"Dungeons2!","dungeons2:coffer_obsidianbrick",2720,"false",8314,0,"Obsidanbrick Coffer","true","",""
"Dungeons2!","dungeons2:coffer_sandstone",2721,"false",8315,0,"Sandstone Coffer","true","",""
"Dungeons2!","dungeons2:coffer_smooth_sandstone",2722,"false",8316,0,"Smooth Sandstone Coffer","true","",""
"Dungeons2!","dungeons2:coffer_stone",2714,"false",8308,0,"Stone Coffer","true","",""
"Dungeons2!","dungeons2:coffer_stonebrick",2717,"false",8311,0,"Stonebrick Coffer","true","",""
"Dungeons2!","dungeons2:coffer_stonebrick_cracked",2719,"false",8313,0,"Cracked Stonebrick Coffer","true","",""
"Dungeons2!","dungeons2:coffer_stonebrick_mossy",2718,"false",8312,0,"Mossy Stonebrick Coffer","true","",""
"Dungeons2!","dungeons2:cornice_cobblestone",2643,"false",8237,0,"Cobblestone Cornice","true","",""
"Dungeons2!","dungeons2:cornice_cobblestone_mossy",2644,"false",8238,0,"Mossy Cobblestone Cornice","true","",""
"Dungeons2!","dungeons2:cornice_obsidianbrick",2648,"false",8242,0,"Obsidanbrick Cornice","true","",""
"Dungeons2!","dungeons2:cornice_sandstone",2649,"false",8243,0,"Sandstone Cornice","true","",""
"Dungeons2!","dungeons2:cornice_smooth_sandstone",2650,"false",8244,0,"Smooth Sandstone Cornice","true","",""
"Dungeons2!","dungeons2:cornice_stone",2642,"false",8236,0,"Stone Cornice","true","",""
"Dungeons2!","dungeons2:cornice_stonebrick",2645,"false",8239,0,"Stonebrick Cornice","true","",""
"Dungeons2!","dungeons2:cornice_stonebrick_cracked",2647,"false",8241,0,"Cracked Stonebrick Cornice","true","",""
"Dungeons2!","dungeons2:cornice_stonebrick_mossy",2646,"false",8240,0,"Mossy Stonebrick Cornice","true","",""
"Dungeons2!","dungeons2:crown_molding_cobblestone",2652,"false",8246,0,"Cobblestone Crown Molding","true","",""
"Dungeons2!","dungeons2:crown_molding_cobblestone_mossy",2653,"false",8247,0,"Mossy Cobblestone Crown Molding","true","",""
"Dungeons2!","dungeons2:crown_molding_obsidianbrick",2657,"false",8251,0,"Obsidanbrick Crown Molding","true","",""
"Dungeons2!","dungeons2:crown_molding_sandstone",2658,"false",8252,0,"Sandstone Crown Molding","true","",""
"Dungeons2!","dungeons2:crown_molding_smooth_sandstone",2659,"false",8253,0,"Smooth Sandstone Crown Molding","true","",""
"Dungeons2!","dungeons2:crown_molding_stone",2651,"false",8245,0,"Stone Crown Molding","true","",""
"Dungeons2!","dungeons2:crown_molding_stonebrick",2654,"false",8248,0,"Stonebrick Crown Molding","true","",""
"Dungeons2!","dungeons2:crown_molding_stonebrick_cracked",2656,"false",8250,0,"Cracked Stonebrick Crown Molding","true","",""
"Dungeons2!","dungeons2:crown_molding_stonebrick_mossy",2655,"false",8249,0,"Mossy Stonebrick Crown Molding","true","",""
"Dungeons2!","dungeons2:deferred_dungeon_generator",2734,"false",,,"tile.dungeons2:deferred_dungeon_generator.name","true","",""
"Dungeons2!","dungeons2:double_sill_cobblestone",2679,"false",8273,0,"Cobblestone Double Sill","true","",""
"Dungeons2!","dungeons2:double_sill_cobblestone_mossy",2680,"false",8274,0,"Mossy Cobblestone Double Sill","true","",""
"Dungeons2!","dungeons2:double_sill_obsidianbrick",2684,"false",8278,0,"Obsidanbrick Double Sill","true","",""
"Dungeons2!","dungeons2:double_sill_sandstone",2685,"false",8279,0,"Sandstone Double Sill","true","",""
"Dungeons2!","dungeons2:double_sill_smooth_sandstone",2686,"false",8280,0,"Smooth Sandstone Double Sill","true","",""
"Dungeons2!","dungeons2:double_sill_stone",2678,"false",8272,0,"Stone Double Sill","true","",""
"Dungeons2!","dungeons2:double_sill_stonebrick",2681,"false",8275,0,"Stonebrick Double Sill","true","",""
"Dungeons2!","dungeons2:double_sill_stonebrick_cracked",2683,"false",8277,0,"Cracked Stonebrick Double Sill","true","",""
"Dungeons2!","dungeons2:double_sill_stonebrick_mossy",2682,"false",8276,0,"Mossy Stonebrick Double Sill","true","",""
"Dungeons2!","dungeons2:flute_pillar_cobblestone",2625,"false",8219,0,"Cobblestone Fluted Pillar","true","",""
"Dungeons2!","dungeons2:flute_pillar_cobblestone_mossy",2626,"false",8220,0,"Mossy Cobblestone Fluted Pillar","true","",""
"Dungeons2!","dungeons2:flute_pillar_obsidianbrick",2630,"false",8224,0,"Obsidanbrick Fluted Pillar","true","",""
"Dungeons2!","dungeons2:flute_pillar_sandstone",2631,"false",8225,0,"Sandstone Fluted Pillar","true","",""
"Dungeons2!","dungeons2:flute_pillar_smooth_sandstone",2632,"false",8226,0,"Smooth Sandstone Fluted Pillar","true","",""
"Dungeons2!","dungeons2:flute_pillar_stone",2624,"false",8218,0,"Stone Fluted Pillar","true","",""
"Dungeons2!","dungeons2:flute_pillar_stonebrick",2627,"false",8221,0,"Stonebrick Fluted Pillar","true","",""
"Dungeons2!","dungeons2:flute_pillar_stonebrick_cracked",2629,"false",8223,0,"Cracked Stonebrick Fluted Pillar","true","",""
"Dungeons2!","dungeons2:flute_pillar_stonebrick_mossy",2628,"false",8222,0,"Mossy Stonebrick Fluted Pillar","true","",""
"Dungeons2!","dungeons2:flute_thin_pillar_cobblestone",2634,"false",8228,0,"Cobblestone Fluted Facade","true","",""
"Dungeons2!","dungeons2:flute_thin_pillar_cobblestone_mossy",2635,"false",8229,0,"Mossy Cobblestone Fluted Facade","true","",""
"Dungeons2!","dungeons2:flute_thin_pillar_obsidianbrick",2639,"false",8233,0,"Obsidanbrick Fluted Facade","true","",""
"Dungeons2!","dungeons2:flute_thin_pillar_sandstone",2640,"false",8234,0,"Sandstone Fluted Facade","true","",""
"Dungeons2!","dungeons2:flute_thin_pillar_smooth_sandstone",2641,"false",8235,0,"Smooth Sandstone Fluted Facade","true","",""
"Dungeons2!","dungeons2:flute_thin_pillar_stone",2633,"false",8227,0,"Stone Fluted Facade","true","",""
"Dungeons2!","dungeons2:flute_thin_pillar_stonebrick",2636,"false",8230,0,"Stonebrick Fluted Facade","true","",""
"Dungeons2!","dungeons2:flute_thin_pillar_stonebrick_cracked",2638,"false",8232,0,"Cracked Stonebrick Fluted Facade","true","",""
"Dungeons2!","dungeons2:flute_thin_pillar_stonebrick_mossy",2637,"false",8231,0,"Mossy Stonebrick Fluted Facade","true","",""
"Dungeons2!","dungeons2:grate",2732,"false",8326,0,"Grate","true","",""
"Dungeons2!","dungeons2:half_pillar_base_cobblestone",2688,"false",8282,0,"Cobblestone Middle Pillar Base","true","",""
"Dungeons2!","dungeons2:half_pillar_base_cobblestone_mossy",2689,"false",8283,0,"Mossy Cobblestone Middle Pillar Base","true","",""
"Dungeons2!","dungeons2:half_pillar_base_obsidianbrick",2693,"false",8287,0,"Obsidanbrick Middle Pillar Base","true","",""
"Dungeons2!","dungeons2:half_pillar_base_sandstone",2694,"false",8288,0,"Sandstone Middle Pillar Base","true","",""
"Dungeons2!","dungeons2:half_pillar_base_smooth_sandstone",2695,"false",8289,0,"Smooth Sandstone Middle Pillar Base","true","",""
"Dungeons2!","dungeons2:half_pillar_base_stone",2687,"false",8281,0,"Stone Middle Pillar Base","true","",""
"Dungeons2!","dungeons2:half_pillar_base_stonebrick",2690,"false",8284,0,"Stonebrick Middle Pillar Base","true","",""
"Dungeons2!","dungeons2:half_pillar_base_stonebrick_cracked",2692,"false",8286,0,"Cracked Stonebrick Middle Pillar Base","true","",""
"Dungeons2!","dungeons2:half_pillar_base_stonebrick_mossy",2691,"false",8285,0,"Mossy Stonebrick Middle Pillar Base","true","",""
"Dungeons2!","dungeons2:half_pillar_cobblestone",2697,"false",8291,0,"Cobblestone Middle Pillar","true","",""
"Dungeons2!","dungeons2:half_pillar_cobblestone_mossy",2698,"false",8292,0,"Mossy Cobblestone Middle Pillar","true","",""
"Dungeons2!","dungeons2:half_pillar_obsidianbrick",2702,"false",8296,0,"Obsidanbrick Middle Pillar","true","",""
"Dungeons2!","dungeons2:half_pillar_sandstone",2703,"false",8297,0,"Sandstone Middle Pillar","true","",""
"Dungeons2!","dungeons2:half_pillar_smooth_sandstone",2704,"false",8298,0,"Smooth Sandstone Middle Pillar","true","",""
"Dungeons2!","dungeons2:half_pillar_stone",2696,"false",8290,0,"Stone Middle Pillar","true","",""
"Dungeons2!","dungeons2:half_pillar_stonebrick",2699,"false",8293,0,"Stonebrick Middle Pillar","true","",""
"Dungeons2!","dungeons2:half_pillar_stonebrick_cracked",2701,"false",8295,0,"Cracked Stonebrick Middle Pillar","true","",""
"Dungeons2!","dungeons2:half_pillar_stonebrick_mossy",2700,"false",8294,0,"Mossy Stonebrick Middle Pillar","true","",""
"Dungeons2!","dungeons2:quarter_facade_cobblestone",2597,"false",8191,0,"Quarter Cobblestone Facade","true","",""
"Dungeons2!","dungeons2:quarter_facade_cobblestone_mossy",2598,"false",8192,0,"Quarter Mossy Cobblestone Facade","true","",""
"Dungeons2!","dungeons2:quarter_facade_obsidianbrick",2603,"false",8197,0,"Quarter Obsidanbrick Facade","true","",""
"Dungeons2!","dungeons2:quarter_facade_sandstone",2604,"false",8198,0,"Quarter Sandstone Facade","true","",""
"Dungeons2!","dungeons2:quarter_facade_smooth_sandstone",2605,"false",8199,0,"Quarter Smooth Sandstone Facade","true","",""
"Dungeons2!","dungeons2:quarter_facade_stone",2596,"false",8190,0,"Quarter Stone Facade","true","",""
"Dungeons2!","dungeons2:quarter_facade_stonebrick",2599,"false",8193,0,"Quarter Stonebrick Facade","true","",""
"Dungeons2!","dungeons2:quarter_facade_stonebrick_chiseled",2602,"false",8196,0,"Quarter Chiseled Stonebrick Facade","true","",""
"Dungeons2!","dungeons2:quarter_facade_stonebrick_cracked",2601,"false",8195,0,"Quarter Cracked Stonebrick Facade","true","",""
"Dungeons2!","dungeons2:quarter_facade_stonebrick_mossy",2600,"false",8194,0,"Quarter Mossy Stonebrick Facade","true","",""
"Dungeons2!","dungeons2:sandstone_gravel",2733,"false",8327,0,"Sandstone Gravel","true","gravel",""
"Dungeons2!","dungeons2:seven_eights_pillar_cobblestone",2661,"false",8255,0,"Cobblestone Seven-Eights Pillar","true","",""
"Dungeons2!","dungeons2:seven_eights_pillar_cobblestone_mossy",2662,"false",8256,0,"Mossy Cobblestone Seven-Eights Pillar","true","",""
"Dungeons2!","dungeons2:seven_eights_pillar_obsidianbrick",2666,"false",8260,0,"Obsidanbrick Seven-Eights Pillar","true","",""
"Dungeons2!","dungeons2:seven_eights_pillar_sandstone",2667,"false",8261,0,"Sandstone Seven-Eights Pillar","true","",""
"Dungeons2!","dungeons2:seven_eights_pillar_smooth_sandstone",2668,"false",8262,0,"Smooth Sandstone Seven-Eights Pillar","true","",""
"Dungeons2!","dungeons2:seven_eights_pillar_stone",2660,"false",8254,0,"Stone Seven-Eights Pillar","true","",""
"Dungeons2!","dungeons2:seven_eights_pillar_stonebrick",2663,"false",8257,0,"Stonebrick Seven-Eights Pillar","true","",""
"Dungeons2!","dungeons2:seven_eights_pillar_stonebrick_cracked",2665,"false",8259,0,"Cracked Stonebrick Seven-Eights Pillar","true","",""
"Dungeons2!","dungeons2:seven_eights_pillar_stonebrick_mossy",2664,"false",8258,0,"Mossy Stonebrick Seven-Eights Pillar","true","",""
"Dungeons2!","dungeons2:sill_cobblestone",2670,"false",8264,0,"Cobblestone Sill","true","",""
"Dungeons2!","dungeons2:sill_cobblestone_mossy",2671,"false",8265,0,"Mossy Cobblestone Sill","true","",""
"Dungeons2!","dungeons2:sill_obsidianbrick",2675,"false",8269,0,"Obsidanbrick Sill","true","",""
"Dungeons2!","dungeons2:sill_sandstone",2676,"false",8270,0,"Sandstone Sill","true","",""
"Dungeons2!","dungeons2:sill_smooth_sandstone",2677,"false",8271,0,"Smooth Sandstone Sill","true","",""
"Dungeons2!","dungeons2:sill_stone",2669,"false",8263,0,"Stone Sill","true","",""
"Dungeons2!","dungeons2:sill_stonebrick",2672,"false",8266,0,"Stonebrick Sill","true","",""
"Dungeons2!","dungeons2:sill_stonebrick_cracked",2674,"false",8268,0,"Cracked Stonebrick Sill","true","",""
"Dungeons2!","dungeons2:sill_stonebrick_mossy",2673,"false",8267,0,"Mossy Stonebrick Sill","true","",""
"Dungeons2!","dungeons2:tee_pillar_cobblestone",2607,"false",8201,0,"Cobblestone ""T"" Pillar","true","",""
"Dungeons2!","dungeons2:tee_pillar_cobblestone_mossy",2608,"false",8202,0,"Mossy Cobblestone ""T"" Pillar","true","",""
"Dungeons2!","dungeons2:tee_pillar_obsidianbrick",2612,"false",8206,0,"Obsidanbrick ""T"" Pillar","true","",""
"Dungeons2!","dungeons2:tee_pillar_sandstone",2614,"false",8208,0,"Sandstone ""T"" Pillar","true","",""
"Dungeons2!","dungeons2:tee_pillar_smooth_sandstone",2613,"false",8207,0,"Smooth Sandstone ""T"" Pillar","true","",""
"Dungeons2!","dungeons2:tee_pillar_stone",2606,"false",8200,0,"Stone ""T"" Pillar","true","",""
"Dungeons2!","dungeons2:tee_pillar_stonebrick",2609,"false",8203,0,"Stonebrick ""T"" Pillar","true","",""
"Dungeons2!","dungeons2:tee_pillar_stonebrick_cracked",2611,"false",8205,0,"Cracked Stonebrick ""T"" Pillar","true","",""
"Dungeons2!","dungeons2:tee_pillar_stonebrick_mossy",2610,"false",8204,0,"Mossy Stonebrick ""T"" Pillar","true","",""
"Dungeons2!","dungeons2:tee_thin_pillar_cobblestone",2616,"false",8210,0,"Cobblestone Thin ""T"" Pillar","true","",""
"Dungeons2!","dungeons2:tee_thin_pillar_cobblestone_mossy",2617,"false",8211,0,"Mossy Cobblestone Thin ""T"" Pillar","true","",""
"Dungeons2!","dungeons2:tee_thin_pillar_obsidianbrick",2621,"false",8215,0,"Obsidanbrick Thin ""T"" Pillar","true","",""
"Dungeons2!","dungeons2:tee_thin_pillar_sandstone",2623,"false",8217,0,"Sandstone Thin ""T"" Pillar","true","",""
"Dungeons2!","dungeons2:tee_thin_pillar_smooth_sandstone",2622,"false",8216,0,"Smooth Sandstone Thin ""T"" Pillar","true","",""
"Dungeons2!","dungeons2:tee_thin_pillar_stone",2615,"false",8209,0,"Stone Thin ""T"" Pillar","true","",""
"Dungeons2!","dungeons2:tee_thin_pillar_stonebrick",2618,"false",8212,0,"Stonebrick Thin ""T"" Pillar","true","",""
"Dungeons2!","dungeons2:tee_thin_pillar_stonebrick_cracked",2620,"false",8214,0,"Cracked Stonebrick Thin ""T"" Pillar","true","",""
"Dungeons2!","dungeons2:tee_thin_pillar_stonebrick_mossy",2619,"false",8213,0,"Mossy Stonebrick Thin ""T"" Pillar","true","",""
"Dungeons2!","dungeons2:wall_sconce_cobblestone",2724,"false",8318,0,"Cobblestone Wall Sconce","true","",""
"Dungeons2!","dungeons2:wall_sconce_cobblestone_mossy",2725,"false",8319,0,"Mossy Cobblestone Wall Sconce","true","",""
"Dungeons2!","dungeons2:wall_sconce_obsidianbrick",2729,"false",8323,0,"Obsidianbrick Wall Sconce","true","",""
"Dungeons2!","dungeons2:wall_sconce_sandstone",2730,"false",8324,0,"Sandstone Wall Sconce","true","",""
"Dungeons2!","dungeons2:wall_sconce_smooth_sandstone",2731,"false",8325,0,"Smooth Sandstone Wall Sconce","true","",""
"Dungeons2!","dungeons2:wall_sconce_stone",2723,"false",8317,0,"Stone Wall Sconce","true","",""
"Dungeons2!","dungeons2:wall_sconce_stonebrick",2726,"false",8320,0,"Stonebrick Wall Sconce","true","",""
"Dungeons2!","dungeons2:wall_sconce_stonebrick_cracked",2728,"false",8322,0,"Cracked Stonebrick Wall Sconce","true","",""
"Dungeons2!","dungeons2:wall_sconce_stonebrick_mossy",2727,"false",8321,0,"Mossy Stonebrick Wall Sconce","true","",""
"Eerie Entities","eerieentities:pumpkin_creeper",2735,"false",8330,0,"Pumpkin","true","",""
"Eerie Entities","eerieentities:pumpkin_cyclops",2741,"false",8336,0,"Pumpkin","true","",""
"Eerie Entities","eerieentities:pumpkin_lit_creeper",2736,"false",8331,0,"Jack o'Lantern","true","",""
"Eerie Entities","eerieentities:pumpkin_lit_cyclops",2742,"false",8337,0,"Jack o'Lantern","true","",""
"Eerie Entities","eerieentities:pumpkin_lit_owo",2738,"false",8333,0,"Jack o'Lantern","true","",""
"Eerie Entities","eerieentities:pumpkin_lit_rawr",2740,"false",8335,0,"Jack o'Lantern","true","",""
"Eerie Entities","eerieentities:pumpkin_lit_surprised",2744,"false",8339,0,"Jack o'Lantern","true","",""
"Eerie Entities","eerieentities:pumpkin_owo",2737,"false",8332,0,"Pumpkin","true","",""
"Eerie Entities","eerieentities:pumpkin_rawr",2739,"false",8334,0,"Pumpkin","true","",""
"Eerie Entities","eerieentities:pumpkin_surprised",2743,"false",8338,0,"Pumpkin","true","",""
"Electroblob's Wizardry","ebwizardry:acacia_bookshelf",857,"false",5012,0,"Acacia Bookshelf","true","",""
"Electroblob's Wizardry","ebwizardry:acacia_lectern",863,"false",5018,0,"Acacia Lectern","true","",""
"Electroblob's Wizardry","ebwizardry:arcane_workbench",833,"false",5000,0,"Arcane Workbench","true","",""
"Electroblob's Wizardry","ebwizardry:birch_bookshelf",855,"false",5010,0,"Birch Bookshelf","true","",""
"Electroblob's Wizardry","ebwizardry:birch_lectern",860,"false",5016,0,"Birch Lectern","true","",""
"Electroblob's Wizardry","ebwizardry:crystal_block",837,"true",5004,0,"Block of Crystal","true","",""
"Electroblob's Wizardry","ebwizardry:crystal_block",837,"true",5004,1,"Block of Fiery Crystal","true","",""
"Electroblob's Wizardry","ebwizardry:crystal_block",837,"true",5004,2,"Block of Icy Crystal","true","",""
"Electroblob's Wizardry","ebwizardry:crystal_block",837,"true",5004,3,"Block of Stormy Crystal","true","",""
"Electroblob's Wizardry","ebwizardry:crystal_block",837,"true",5004,4,"Block of Dark Crystal","true","",""
"Electroblob's Wizardry","ebwizardry:crystal_block",837,"true",5004,5,"Block of Verdant Crystal","true","",""
"Electroblob's Wizardry","ebwizardry:crystal_block",837,"true",5004,6,"Block of Mystical Crystal","true","",""
"Electroblob's Wizardry","ebwizardry:crystal_block",837,"true",5004,7,"Block of Radiant Crystal","true","",""
"Electroblob's Wizardry","ebwizardry:crystal_flower",835,"false",5002,0,"Crystal Flower","true","",""
"Electroblob's Wizardry","ebwizardry:crystal_flower_pot",848,"false",,,"Flower Pot","true","",""
"Electroblob's Wizardry","ebwizardry:crystal_ore",834,"false",5001,0,"Crystal Ore","true","",""
"Electroblob's Wizardry","ebwizardry:dark_oak_bookshelf",858,"false",5013,0,"Dark Oak Bookshelf","true","",""
"Electroblob's Wizardry","ebwizardry:dark_oak_lectern",864,"false",5019,0,"Dark Oak Lectern","true","",""
"Electroblob's Wizardry","ebwizardry:dry_frosted_ice",847,"false",,,"Dry Frosted Ice","true","",""
"Electroblob's Wizardry","ebwizardry:gilded_wood",852,"true",5007,0,"Gilded Oak Wood","true","",""
"Electroblob's Wizardry","ebwizardry:gilded_wood",852,"true",5007,1,"Gilded Spruce Wood","true","",""
"Electroblob's Wizardry","ebwizardry:gilded_wood",852,"true",5007,2,"Gilded Birch Wood","true","",""
"Electroblob's Wizardry","ebwizardry:gilded_wood",852,"true",5007,3,"Gilded Jungle Wood","true","",""
"Electroblob's Wizardry","ebwizardry:gilded_wood",852,"true",5007,4,"Gilded Acacia Wood","true","",""
"Electroblob's Wizardry","ebwizardry:gilded_wood",852,"true",5007,5,"Gilded Dark Oak Wood","true","",""
"Electroblob's Wizardry","ebwizardry:ice_statue",839,"false",,,"Ice Statue","true","",""
"Electroblob's Wizardry","ebwizardry:imbuement_altar",866,"false",5021,0,"Imbuement Altar","true","",""
"Electroblob's Wizardry","ebwizardry:jungle_bookshelf",856,"false",5011,0,"Jungle Bookshelf","true","",""
"Electroblob's Wizardry","ebwizardry:jungle_lectern",862,"false",5017,0,"Jungle Lectern","true","",""
"Electroblob's Wizardry","ebwizardry:magic_light",840,"false",,,"tile.ebwizardry:magic_light.name","true","",""
"Electroblob's Wizardry","ebwizardry:meteor",843,"false",,,"tile.ebwizardry:meteor.name","true","",""
"Electroblob's Wizardry","ebwizardry:oak_bookshelf",853,"false",5008,0,"Oak Bookshelf","true","",""
"Electroblob's Wizardry","ebwizardry:oak_lectern",859,"false",5014,0,"Oak Lectern","true","",""
"Electroblob's Wizardry","ebwizardry:obsidian_crust",846,"false",,,"Obsidian Crust","true","",""
"Electroblob's Wizardry","ebwizardry:permafrost",849,"false",,,"Permafrost","true","",""
"Electroblob's Wizardry","ebwizardry:petrified_stone",838,"false",,,"Petrified Stone","true","",""
"Electroblob's Wizardry","ebwizardry:receptacle",865,"false",5020,0,"Receptacle","true","",""
"Electroblob's Wizardry","ebwizardry:runestone",850,"true",5005,1,"Runestone","true","",""
"Electroblob's Wizardry","ebwizardry:runestone",850,"true",5005,2,"Runestone","true","",""
"Electroblob's Wizardry","ebwizardry:runestone",850,"true",5005,3,"Runestone","true","",""
"Electroblob's Wizardry","ebwizardry:runestone",850,"true",5005,4,"Runestone","true","",""
"Electroblob's Wizardry","ebwizardry:runestone",850,"true",5005,5,"Runestone","true","",""
"Electroblob's Wizardry","ebwizardry:runestone",850,"true",5005,6,"Runestone","true","",""
"Electroblob's Wizardry","ebwizardry:runestone",850,"true",5005,7,"Runestone","true","",""
"Electroblob's Wizardry","ebwizardry:runestone_pedestal",851,"true",5006,1,"Runestone Pedestal","true","",""
"Electroblob's Wizardry","ebwizardry:runestone_pedestal",851,"true",5006,2,"Runestone Pedestal","true","",""
"Electroblob's Wizardry","ebwizardry:runestone_pedestal",851,"true",5006,3,"Runestone Pedestal","true","",""
"Electroblob's Wizardry","ebwizardry:runestone_pedestal",851,"true",5006,4,"Runestone Pedestal","true","",""
"Electroblob's Wizardry","ebwizardry:runestone_pedestal",851,"true",5006,5,"Runestone Pedestal","true","",""
"Electroblob's Wizardry","ebwizardry:runestone_pedestal",851,"true",5006,6,"Runestone Pedestal","true","",""
"Electroblob's Wizardry","ebwizardry:runestone_pedestal",851,"true",5006,7,"Runestone Pedestal","true","",""
"Electroblob's Wizardry","ebwizardry:snare",841,"false",,,"Snare","true","",""
"Electroblob's Wizardry","ebwizardry:spectral_block",842,"false",,,"Spectral Block","true","",""
"Electroblob's Wizardry","ebwizardry:spruce_bookshelf",854,"false",5009,0,"Spruce Bookshelf","true","",""
"Electroblob's Wizardry","ebwizardry:spruce_lectern",861,"false",5015,0,"Spruce Lectern","true","",""
"Electroblob's Wizardry","ebwizardry:thorns",845,"false",,,"Thorns","true","",""
"Electroblob's Wizardry","ebwizardry:transportation_stone",836,"false",5003,0,"Stone of Transportation","true","",""
"Electroblob's Wizardry","ebwizardry:vanishing_cobweb",844,"false",,,"tile.ebwizardry:vanishing_cobweb.name","true","",""
"End Expansion","ee:amber_ore",3300,"false",9483,0,"Cordium Ore","true","",""
"End Expansion","ee:amber_torch",3301,"false",9484,0,"Cordium Torch","true","",""
"End Expansion","ee:ash_brick",3278,"false",9463,0,"Ashed Brick","true","",""
"End Expansion","ee:ash_brick_double",3281,"false",,,"Ashed Brick Double Slab","true","",""
"End Expansion","ee:ash_brick_half",3282,"false",9466,0,"Ashed Brick Slab","true","",""
"End Expansion","ee:ash_brick_pillar",3288,"false",9471,0,"Ashed Pillar","true","",""
"End Expansion","ee:ash_brick_stairs",3279,"false",9464,0,"Ashed Brick Stairs","true","",""
"End Expansion","ee:ash_brick_wall",3285,"false",9468,0,"Ashed Brick Wall","true","",""
"End Expansion","ee:ash_chisle",3289,"false",9472,0,"Chiseled Ashed Brick","true","",""
"End Expansion","ee:ash_chute",3314,"false",9497,0,"Ashed Geyser","true","",""
"End Expansion","ee:ash_door",3294,"false",9477,0,"Ashed Keyhole","true","",""
"End Expansion","ee:ash_key_block",3270,"false",9455,0,"Ashed Key Block","true","",""
"End Expansion","ee:ash_skull",3290,"false",9473,0,"Chiseled Ashed Skull Brick","true","",""
"End Expansion","ee:ash_spawner",3349,"false",9530,0,"Disappearing Spawner Ash","true","",""
"End Expansion","ee:ash_trap_floor",3292,"false",9475,0,"Ash Trap Block","true","",""
"End Expansion","ee:bare_acid",3340,"false",9521,0,"Barrend Goop","true","",""
"End Expansion","ee:bare_bark",3342,"false",9523,0,"Barrend Log","true","",""
"End Expansion","ee:bare_bark_hole",3343,"false",9524,0,"Barrend Log Hole","true","",""
"End Expansion","ee:bare_bricks",3330,"false",9512,0,"Barrend Dungeon Bricks","true","",""
"End Expansion","ee:bare_bricks_crack",3332,"false",9514,0,"Cracked Barrend Dungeon Bricks","true","",""
"End Expansion","ee:bare_bricks_hole",3331,"false",9513,0,"Worn Barrend Dungeon Bricks","true","",""
"End Expansion","ee:bare_door",3334,"false",9516,0,"Barrend Gate","true","",""
"End Expansion","ee:bare_door_connect",3335,"false",9517,0,"Barrend Gate Connector","true","",""
"End Expansion","ee:bare_grass",3339,"false",9520,0,"Barrend Grass","true","",""
"End Expansion","ee:bare_leaves",3341,"false",9522,0,"Barrend Leaves","true","",""
"End Expansion","ee:bare_planks",3323,"false",9506,0,"Barrend Wood Planks","true","",""
"End Expansion","ee:bare_planks_double",3325,"false",,,"Double Barrend Wood Slab","true","",""
"End Expansion","ee:bare_planks_half",3326,"false",9508,0,"Barrend Wood Slab","true","",""
"End Expansion","ee:bare_planks_stairs",3324,"false",9507,0,"Barrend Wood Stairs","true","",""
"End Expansion","ee:bare_plant",3338,"false",9519,0,"Barrend Blood Weed","true","",""
"End Expansion","ee:bare_sand",3317,"false",9500,0,"Barrend Essand","true","",""
"End Expansion","ee:bare_small_pot",3333,"false",9515,0,"Small Crypt Pot","true","",""
"End Expansion","ee:bare_stairs",3320,"false",9503,0,"Barrend Stone Stairs","true","",""
"End Expansion","ee:bare_stone",3318,"false",9501,0,"Barrend Stone","true","",""
"End Expansion","ee:bare_stone_cobble",3319,"false",9502,0,"Barrend Cobblestone","true","",""
"End Expansion","ee:bare_stone_double",3336,"false",,,"Double Barrend Stone Slab","true","",""
"End Expansion","ee:bare_stone_half",3337,"false",9518,0,"Barrend Stone Slab","true","",""
"End Expansion","ee:bare_stone_smooth",3328,"false",9510,0,"Barrend Smooth Stone","true","",""
"End Expansion","ee:bare_stone_wall",3329,"false",9511,0,"Smooth Barrend Stone Wall","true","",""
"End Expansion","ee:bare_vine",3309,"false",9492,0,"Barrend Blood Vine","true","",""
"End Expansion","ee:bark_hole_filled",3344,"false",9525,0,"Barrend Filled Log","true","",""
"End Expansion","ee:brown_brick",3305,"false",9488,0,"Burnt End Brick","true","",""
"End Expansion","ee:brown_smooth",3306,"false",9489,0,"Burnt Smooth End Stone","true","",""
"End Expansion","ee:brown_stone",3299,"false",9482,0,"Burnt End Stone","true","",""
"End Expansion","ee:compulsor",3313,"false",9496,0,"End Compulsor","true","",""
"End Expansion","ee:disappearing_spawner",3348,"false",9529,0,"Disappearing Spawner","true","",""
"End Expansion","ee:door_on",3346,"false",9527,0,"Ashed Key Activated","true","",""
"End Expansion","ee:end_ash",3277,"false",9462,0,"Ashed End Stone","true","",""
"End Expansion","ee:end_barrier",3316,"false",9499,0,"Lustrian Barrier","true","",""
"End Expansion","ee:end_brick_double",3283,"false",,,"End Stone Brick Double Slab","true","",""
"End Expansion","ee:end_brick_half",3284,"false",9467,0,"End Stone Brick Slab","true","",""
"End Expansion","ee:end_door",3293,"false",9476,0,"Ashed Door Creator","true","",""
"End Expansion","ee:end_h_plant",3315,"false",9498,0,"Turium Plant","true","",""
"End Expansion","ee:end_pillar",3312,"false",9495,0,"End Stone Brick Alternative","true","",""
"End Expansion","ee:end_stone_stairs",3280,"false",9465,0,"End Stone Brick Stairs","true","",""
"End Expansion","ee:end_stone_wall",3287,"false",9470,0,"End Stone Brick Wall","true","",""
"End Expansion","ee:eye_stone",3321,"false",9504,0,"Barrend Decoration Stone","true","",""
"End Expansion","ee:eye_stone_lit",3322,"false",9505,0,"Barrend Madness Stone","true","",""
"End Expansion","ee:eyed_obi",3302,"false",9485,0,"Ancient Eyed Obsidian","true","",""
"End Expansion","ee:green_crystal",3273,"false",9458,0,"Vacuian Crystal Block","true","",""
"End Expansion","ee:green_crystal_top",3274,"false",9459,0,"Small Vacuian Crystal Block","true","",""
"End Expansion","ee:key_block",3269,"false",9454,0,"End Dungeon Key Block","true","",""
"End Expansion","ee:lamented_end_stone",3268,"false",9453,0,"Lamented End Stone","true","",""
"End Expansion","ee:lighting_updater",3347,"false",9528,0,"tile.lighting_updater.name","true","",""
"End Expansion","ee:mega_structure_block",3345,"false",9526,0,"Mega Structure Block","true","",""
"End Expansion","ee:mini_nuke",3311,"false",9494,0,"Mini-Nuke","true","",""
"End Expansion","ee:obi_health",3304,"false",9487,0,"Avalon's Health Orb","true","",""
"End Expansion","ee:purple_crystal",3271,"false",9456,0,"Pure Crystal Block","true","",""
"End Expansion","ee:purple_crystal_top",3272,"false",9457,0,"Small Pure Crystal Block","true","",""
"End Expansion","ee:red_crystal",3275,"false",9460,0,"Lustrian Crystal Block","true","",""
"End Expansion","ee:red_crystal_top",3276,"false",9461,0,"Small Lustrian Crystal Block","true","",""
"End Expansion","ee:red_lamp",3291,"false",9474,0,"Red Lamp","true","",""
"End Expansion","ee:reverse_off",3295,"false",9478,0,"Reverse Block","true","",""
"End Expansion","ee:reverse_on",3296,"false",9479,0,"Reverse Block Activated","true","",""
"End Expansion","ee:smooth_obi",3303,"false",9486,0,"Ancient Smooth Obsidian","true","",""
"End Expansion","ee:source_off",3297,"false",9480,0,"Source Block","true","",""
"End Expansion","ee:source_on",3298,"false",9481,0,"Source Block Activated","true","",""
"End Expansion","ee:sprout_plant",3307,"false",9490,0,"Depths Sprout","true","",""
"End Expansion","ee:sprout_stone",3310,"false",9493,0,"Depths Covered Stone","true","",""
"End Expansion","ee:sprout_vine",3308,"false",9491,0,"Depths Vine","true","",""
"End Expansion","ee:stone_brick_wall",3286,"false",9469,0,"Stone Brick Wall","true","",""
"End Expansion","ee:unending_arena",3327,"false",9509,0,"Barrend Arena Spawner","true","",""
"Environs++","environs:coarse_dried_dirt",2768,"false",8364,0,"Coarse Dried Dirt","true","",""
"Environs++","environs:coarse_end_dirt",2774,"false",8370,0,"Coarse End Dirt","true","",""
"Environs++","environs:coarse_frozen_dirt",2777,"false",8373,0,"Coarse Frozen Dirt","true","",""
"Environs++","environs:cyan_mushroom",2783,"false",8379,0,"Mushroom","true","mushroom",""
"Environs++","environs:cyan_mushroom_block",2781,"false",8377,0,"Mushroom","true","",""
"Environs++","environs:cyan_mushroom_stem",2782,"false",8378,0,"Mushroom","true","",""
"Environs++","environs:cypress_bark",2755,"false",8351,0,"Cypress Bark","true","",""
"Environs++","environs:cypress_door",2825,"false",8407,0,"Cypress Door","true","",""
"Environs++","environs:cypress_fence",2815,"false",8397,0,"Cypress Fence","true","",""
"Environs++","environs:cypress_fence_gate",2820,"false",8402,0,"Cypress Fence Gate","true","",""
"Environs++","environs:cypress_leaves",2745,"false",8341,0,"Cypress Leaves","true","",""
"Environs++","environs:cypress_log",2750,"false",8346,0,"Cypress Wood","true","logWood",""
"Environs++","environs:cypress_planks",2789,"false",8385,0,"Cypress Wood Planks","true","plankWood",""
"Environs++","environs:cypress_sapling",2760,"false",8356,0,"Cypress Sapling","true","",""
"Environs++","environs:cypress_slab",2794,"false",8412,0,"Cypress Wood Slab","true","slabWood",""
"Environs++","environs:cypress_slab_double",2795,"false",,,"tile.cypress_slab_double.name","true","",""
"Environs++","environs:cypress_stairs",2808,"false",8390,0,"Cypress Wood Stairs","true","stairWood",""
"Environs++","environs:dried_cobblestone",2766,"false",8362,0,"Dried Cobblestone","true","cobblestone",""
"Environs++","environs:dried_cobblestone_slab",2804,"false",8417,0,"Dried Cobblestone Slab","true","",""
"Environs++","environs:dried_cobblestone_slab_double",2805,"false",,,"tile.dried_cobblestone_slab_double.name","true","",""
"Environs++","environs:dried_cobblestone_stairs",2813,"false",8395,0,"Dried Cobblestone Stairs","true","",""
"Environs++","environs:dried_dirt",2767,"false",8363,0,"Dried Dirt","true","dryDirt",""
"Environs++","environs:dried_meteorite",2771,"false",8367,0,"Dried Stone Meteorite","true","",""
"Environs++","environs:dried_stone",2765,"false",8361,0,"Dried Stone","true","stone",""
"Environs++","environs:dried_stone_slab",2806,"false",8418,0,"Dried Stone Slab","true","",""
"Environs++","environs:dried_stone_slab_double",2807,"false",,,"tile.dried_stone_slab_double.name","true","",""
"Environs++","environs:dried_stone_stairs",2814,"false",8396,0,"Dried Stone Stairs","true","",""
"Environs++","environs:end_bark",2759,"false",8355,0,"End Bark","true","",""
"Environs++","environs:end_dirt",2773,"false",8369,0,"End Dirt","true","endDirt",""
"Environs++","environs:end_door",2826,"false",8408,0,"Ashed Door Creator","true","",""
"Environs++","environs:end_farmland",2784,"false",8380,0,"End Farmland","true","",""
"Environs++","environs:end_fence",2816,"false",8398,0,"End Fence","true","",""
"Environs++","environs:end_fence_gate",2821,"false",8403,0,"End Fence Gate","true","",""
"Environs++","environs:end_grass",2772,"false",8368,0,"End Grass Block","true","grass",""
"Environs++","environs:end_grass_path",2787,"false",8383,0,"End Grass Path","true","",""
"Environs++","environs:end_leaves",2749,"false",8345,0,"End Leaves","true","",""
"Environs++","environs:end_log",2754,"false",8350,0,"End Wood","true","logWood",""
"Environs++","environs:end_planks",2790,"false",8386,0,"End Wood Planks","true","plankWood",""
"Environs++","environs:end_sapling",2764,"false",8360,0,"End Sapling","true","",""
"Environs++","environs:end_slab",2796,"false",8413,0,"End Wood Slab","true","slabWood",""
"Environs++","environs:end_slab_double",2797,"false",,,"tile.end_slab_double.name","true","",""
"Environs++","environs:end_stairs",2809,"false",8391,0,"End Wood Stairs","true","stairWood",""
"Environs++","environs:eucalyptus_bark",2758,"false",8354,0,"Eucalyptus Bark","true","",""
"Environs++","environs:eucalyptus_door",2827,"false",8409,0,"Eucalyptus Door","true","",""
"Environs++","environs:eucalyptus_fence",2817,"false",8399,0,"Eucalyptus Fence","true","",""
"Environs++","environs:eucalyptus_fence_gate",2822,"false",8404,0,"Eucalyptus Fence Gate","true","",""
"Environs++","environs:eucalyptus_leaves",2748,"false",8344,0,"Eucalyptus Leaves","true","",""
"Environs++","environs:eucalyptus_log",2753,"false",8349,0,"Eucalyptus Wood","true","logWood",""
"Environs++","environs:eucalyptus_planks",2791,"false",8387,0,"Eucalyptus Wood Planks","true","plankWood",""
"Environs++","environs:eucalyptus_sapling",2762,"false",8358,0,"Eucalyptus Sapling","true","",""
"Environs++","environs:eucalyptus_slab",2798,"false",8414,0,"Eucalyptus Wood Slab","true","slabWood",""
"Environs++","environs:eucalyptus_slab_double",2799,"false",,,"tile.eucalyptus_slab_double.name","true","",""
"Environs++","environs:eucalyptus_stairs",2810,"false",8392,0,"Eucalyptus Wood Stairs","true","stairWood",""
"Environs++","environs:frozen_bark",2757,"false",8353,0,"Frozen Bark","true","",""
"Environs++","environs:frozen_dirt",2776,"false",8372,0,"Frozen Dirt","true","frozenDirt",""
"Environs++","environs:frozen_door",2828,"false",8410,0,"Frozen Door","true","",""
"Environs++","environs:frozen_farmland",2785,"false",8381,0,"Frozen Farmland","true","",""
"Environs++","environs:frozen_fence",2818,"false",8400,0,"Frozen Fence","true","",""
"Environs++","environs:frozen_fence_gate",2823,"false",8405,0,"Frozen Fence Gate","true","",""
"Environs++","environs:frozen_grass",2775,"false",8371,0,"Frozen Grass Block","true","grass",""
"Environs++","environs:frozen_grass_path",2788,"false",8384,0,"Frozen Grass Path","true","",""
"Environs++","environs:frozen_leaves",2747,"false",8343,0,"Frozen Leaves","true","",""
"Environs++","environs:frozen_log",2752,"false",8348,0,"Frozen Wood","true","logWood",""
"Environs++","environs:frozen_planks",2792,"false",8388,0,"Frozen Wood Planks","true","plankWood",""
"Environs++","environs:frozen_sapling",2763,"false",8359,0,"Frozen Sapling","true","",""
"Environs++","environs:frozen_slab",2800,"false",8415,0,"Frozen Wood Slab","true","slabWood",""
"Environs++","environs:frozen_slab_double",2801,"false",,,"tile.frozen_slab_double.name","true","",""
"Environs++","environs:frozen_stairs",2811,"false",8393,0,"Frozen Wood Stairs","true","stairWood",""
"Environs++","environs:meteorite",2770,"false",8366,0,"Stone Meteorite","true","",""
"Environs++","environs:pine_bark",2756,"false",8352,0,"Pine Bark","true","",""
"Environs++","environs:pine_door",2829,"false",8411,0,"Pine Door","true","",""
"Environs++","environs:pine_fence",2819,"false",8401,0,"Pine Fence","true","",""
"Environs++","environs:pine_fence_gate",2824,"false",8406,0,"Pine Fence Gate","true","",""
"Environs++","environs:pine_leaves",2746,"false",8342,0,"Pine Leaves","true","",""
"Environs++","environs:pine_log",2751,"false",8347,0,"Pine Wood","true","logWood",""
"Environs++","environs:pine_planks",2793,"false",8389,0,"Pine Wood Planks","true","plankWood",""
"Environs++","environs:pine_sapling",2761,"false",8357,0,"Pine Sapling","true","",""
"Environs++","environs:pine_slab",2802,"false",8416,0,"Pine Slab","true","slabWood",""
"Environs++","environs:pine_slab_double",2803,"false",,,"tile.pine_slab_double.name","true","",""
"Environs++","environs:pine_stairs",2812,"false",8394,0,"Pine Stairs","true","stairWood",""
"Environs++","environs:purple_mushroom",2780,"false",8376,0,"Mushroom","true","mushroom",""
"Environs++","environs:purple_mushroom_block",2778,"false",8374,0,"Mushroom","true","",""
"Environs++","environs:purple_mushroom_stem",2779,"false",8375,0,"Mushroom","true","",""
"Environs++","environs:ranges_dirt",2769,"false",8365,0,"Ranges Dirt","true","sandyDirt",""
"Environs++","environs:ranges_farmland",2786,"false",8382,0,"Ranges Farmland","true","",""
"Exotic Birds","exoticbirds:birdcage_acacia",2842,"false",8467,0,"Acacia Birdcage","true","",""
"Exotic Birds","exoticbirds:birdcage_birch",2840,"false",8465,0,"Birch Birdcage","true","",""
"Exotic Birds","exoticbirds:birdcage_dark_oak",2843,"false",8468,0,"Dark Oak Birdcage","true","",""
"Exotic Birds","exoticbirds:birdcage_gold",2837,"false",8461,0,"Gold Birdcage","true","",""
"Exotic Birds","exoticbirds:birdcage_iron",2836,"false",8462,0,"Iron Birdcage","true","",""
"Exotic Birds","exoticbirds:birdcage_jungle",2841,"false",8466,0,"Jungle Birdcage","true","",""
"Exotic Birds","exoticbirds:birdcage_oak",2838,"false",8463,0,"Oak Birdcage","true","",""
"Exotic Birds","exoticbirds:birdcage_spruce",2839,"false",8464,0,"Spruce Birdcage","true","",""
"Exotic Birds","exoticbirds:egg_incubator",2831,"false",8458,0,"Egg Incubator","true","",""
"Exotic Birds","exoticbirds:egg_sorter",2830,"false",8457,0,"Egg Identifier","true","",""
"Exotic Birds","exoticbirds:lit_egg_incubator",2835,"false",,,"Egg Incubator","true","",""
"Exotic Birds","exoticbirds:lit_egg_sorter",2834,"false",,,"Egg Identifier","true","",""
"Exotic Birds","exoticbirds:nest",2832,"false",8459,0,"Nest","true","",""
"Exotic Birds","exoticbirds:phoenix_egg",2833,"false",8460,0,"Phoenix Egg","true","",""
"ExplorerCraft","explorercraft:amethyst_block",2848,"false",8536,0,"Amethyst Block","true","blockAmethyst",""
"ExplorerCraft","explorercraft:amethyst_ore",2845,"false",8533,0,"Amethyst Ore","true","oreAmethyst",""
"ExplorerCraft","explorercraft:ash_door",2912,"false",,,"Ash Door","true","",""
"ExplorerCraft","explorercraft:ash_double_slab",2903,"false",,,"tile.explorercraft.ash_double_slab.name","true","",""
"ExplorerCraft","explorercraft:ash_fence",2904,"false",8578,0,"Ash Fence","true","fenceWood",""
"ExplorerCraft","explorercraft:ash_fence_gate",2908,"false",8582,0,"Ash Fence Gate","true","fenceGateWood",""
"ExplorerCraft","explorercraft:ash_leaves",2873,"false",8561,0,"Ash Leaves","true","treeLeaves",""
"ExplorerCraft","explorercraft:ash_log",2877,"false",8565,0,"Ash Wood","true","logWood",""
"ExplorerCraft","explorercraft:ash_planks",2881,"false",8569,0,"Ash Wood Planks","true","plankWood",""
"ExplorerCraft","explorercraft:ash_sapling",2886,"false",8574,0,"Ash Sapling","true","treeSapling",""
"ExplorerCraft","explorercraft:ash_slab",2902,"false",8528,0,"Ash Wood Slab","true","slabWood",""
"ExplorerCraft","explorercraft:ash_stairs",5194,"false",8597,0,"Ash Wood Stairs","true","stairWood",""
"ExplorerCraft","explorercraft:bamboo_door",2913,"false",,,"Bamboo Door","true","",""
"ExplorerCraft","explorercraft:bamboo_double_slab",2897,"false",,,"tile.explorercraft.bamboo_double_slab.name","true","",""
"ExplorerCraft","explorercraft:bamboo_fence",2905,"false",8579,0,"Bamboo Fence","true","fenceWood",""
"ExplorerCraft","explorercraft:bamboo_fence_gate",2909,"false",8583,0,"Bamboo Fence Gate","true","fenceGateWood",""
"ExplorerCraft","explorercraft:bamboo_leaves",2874,"false",8562,0,"Bamboo Leaves","true","treeLeaves",""
"ExplorerCraft","explorercraft:bamboo_log",2878,"false",8566,0,"Bamboo","true","stickWood",""
"ExplorerCraft","explorercraft:bamboo_planks",2882,"false",8570,0,"Bamboo Planks","true","plankWood",""
"ExplorerCraft","explorercraft:bamboo_planks_vertical",2883,"false",8571,0,"Bamboo Wall","true","",""
"ExplorerCraft","explorercraft:bamboo_sapling",2887,"false",8575,0,"Bamboo Sapling","true","treeSapling",""
"ExplorerCraft","explorercraft:bamboo_slab",2896,"false",8529,0,"Bamboo Slab","true","slabWood",""
"ExplorerCraft","explorercraft:bamboo_stairs",5195,"false",8598,0,"Bamboo Stairs","true","stairWood",""
"ExplorerCraft","explorercraft:basalt",2850,"false",8538,0,"Basalt","true","stoneBasalt",""
"ExplorerCraft","explorercraft:basalt_brick_double_slab",2891,"false",,,"tile.explorercraft.basalt_brick_double_slab.name","true","",""
"ExplorerCraft","explorercraft:basalt_brick_slab",2890,"false",8525,0,"Basalt Brick Slab","true","stoneBasaltSlab",""
"ExplorerCraft","explorercraft:basalt_brick_stairs",5190,"false",8593,0,"Basalt Brick Stairs","true","stoneBasaltStairs",""
"ExplorerCraft","explorercraft:basalt_brick_wall",2916,"false",8586,0,"Basalt Brick Wall","true","stoneBasaltWall",""
"ExplorerCraft","explorercraft:basalt_bricks",2853,"false",8541,0,"Basalt Bricks","true","stoneBasaltBricks",""
"ExplorerCraft","explorercraft:basalt_chiseled",2856,"false",8544,0,"Chiselled Basalt Bricks","true","stoneBasaltChiseled",""
"ExplorerCraft","explorercraft:basalt_cobblestone",2851,"false",8539,0,"Basalt Cobblestone","true","stoneBasaltCobblestone",""
"ExplorerCraft","explorercraft:basalt_cracked",2855,"false",8543,0,"Cracked Basalt Bricks","true","stoneBasaltCracked",""
"ExplorerCraft","explorercraft:basalt_mossy",2854,"false",8542,0,"Mossy Basalt Bricks","true","stoneBasaltMossy",""
"ExplorerCraft","explorercraft:basalt_pillar",2857,"false",8545,0,"Basalt Pillar","true","stoneBasaltPillar",""
"ExplorerCraft","explorercraft:basalt_polished",2852,"false",8540,0,"Polished Basalt","true","stoneBasaltPolished",""
"ExplorerCraft","explorercraft:cherry_door",2914,"false",,,"Sakura Door","true","",""
"ExplorerCraft","explorercraft:cherry_double_slab",2899,"false",,,"tile.explorercraft.cherry_double_slab.name","true","",""
"ExplorerCraft","explorercraft:cherry_fence",2906,"false",8580,0,"Sakura Fence","true","fenceWood",""
"ExplorerCraft","explorercraft:cherry_fence_gate",2910,"false",8584,0,"Sakura Fence Gate","true","fenceGateWood",""
"ExplorerCraft","explorercraft:cherry_leaves",2875,"false",8563,0,"Cherry Blossom Leaves","true","treeLeaves",""
"ExplorerCraft","explorercraft:cherry_log",2879,"false",8567,0,"Cherry Blossom Wood","true","logWood",""
"ExplorerCraft","explorercraft:cherry_planks",2884,"false",8572,0,"Sakura Wood Planks","true","plankWood",""
"ExplorerCraft","explorercraft:cherry_sapling",2888,"false",8576,0,"Cherry Blossom Sapling","true","treeSapling",""
"ExplorerCraft","explorercraft:cherry_slab",2898,"false",8530,0,"Sakura Wood Slab","true","slabWood",""
"ExplorerCraft","explorercraft:cherry_stairs",5196,"false",8599,0,"Sakura Wood Stairs","true","stairWood",""
"ExplorerCraft","explorercraft:daffodil",2925,"false",8590,0,"Daffodils","true","",""
"ExplorerCraft","explorercraft:dragon_heart",2928,"false",8592,0,"Heart of Y Ddraig Goch","true","",""
"ExplorerCraft","explorercraft:jade_block",2849,"false",8537,0,"Jade Block","true","blockJade",""
"ExplorerCraft","explorercraft:jade_ore",2846,"false",8534,0,"Jade Ore","true","oreJade",""
"ExplorerCraft","explorercraft:leek_crop",2923,"false",,,"Leek Crops","true","",""
"ExplorerCraft","explorercraft:leek_wild",2924,"false",8589,0,"Wild Leeks","true","",""
"ExplorerCraft","explorercraft:maple_door",2915,"false",,,"Maple Door","true","",""
"ExplorerCraft","explorercraft:maple_double_slab",2901,"false",,,"tile.explorercraft.maple_double_slab.name","true","",""
"ExplorerCraft","explorercraft:maple_fence",2907,"false",8581,0,"Maple Fence","true","fenceWood",""
"ExplorerCraft","explorercraft:maple_fence_gate",2911,"false",8585,0,"Maple Fence Gate","true","fenceGateWood",""
"ExplorerCraft","explorercraft:maple_leaves",2876,"false",8564,0,"Maple Leaves","true","treeLeaves",""
"ExplorerCraft","explorercraft:maple_log",2880,"false",8568,0,"Maple Wood","true","logWood",""
"ExplorerCraft","explorercraft:maple_planks",2885,"false",8573,0,"Maple Wood Planks","true","plankWood",""
"ExplorerCraft","explorercraft:maple_sapling",2889,"false",8577,0,"Maple Sapling","true","treeSapling",""
"ExplorerCraft","explorercraft:maple_slab",2900,"false",8531,0,"Maple Wood Slab","true","slabWood",""
"ExplorerCraft","explorercraft:maple_stairs",5197,"false",8600,0,"Maple Wood Stairs","true","stairWood",""
"ExplorerCraft","explorercraft:marble",2858,"false",8546,0,"Marble","true","stoneMarble",""
"ExplorerCraft","explorercraft:marble_brick_double_slab",2893,"false",,,"tile.explorercraft.marble_brick_double_slab.name","true","",""
"ExplorerCraft","explorercraft:marble_brick_slab",2892,"false",8526,0,"Marble Brick Slab","true","stoneMarbleSlab",""
"ExplorerCraft","explorercraft:marble_brick_stairs",5191,"false",8594,0,"Marble Brick Stairs","true","stoneMarbleStairs",""
"ExplorerCraft","explorercraft:marble_brick_wall",2917,"false",8587,0,"Marble Brick Wall","true","stoneMarbleWall",""
"ExplorerCraft","explorercraft:marble_bricks",2860,"false",8548,0,"Marble Bricks","true","stoneMarbleBricks",""
"ExplorerCraft","explorercraft:marble_chiseled",2863,"false",8551,0,"Chiselled Marble Bricks","true","stoneMarbleChiseled",""
"ExplorerCraft","explorercraft:marble_cracked",2862,"false",8550,0,"Cracked Marble Bricks","true","stoneMarbleCracked",""
"ExplorerCraft","explorercraft:marble_mossy",2861,"false",8549,0,"Mossy Marble Bricks","true","stoneMarbleMossy",""
"ExplorerCraft","explorercraft:marble_pillar",2864,"false",8552,0,"Marble Pillar","true","stoneMarblePillar",""
"ExplorerCraft","explorercraft:marble_polished",2859,"false",8547,0,"Polished Marble","true","stoneMarblePolished",""
"ExplorerCraft","explorercraft:noctiluca_plant",2927,"false",,,"tile.explorercraft.noctiluca_plant.name","true","",""
"ExplorerCraft","explorercraft:rice_base",2921,"false",,,"tile.explorercraft.rice_base.name","true","",""
"ExplorerCraft","explorercraft:rice_top",2922,"false",,,"tile.explorercraft.rice_top.name","true","",""
"ExplorerCraft","explorercraft:ruby_block",2847,"false",8535,0,"Ruby Block","true","blockRuby",""
"ExplorerCraft","explorercraft:ruby_ore",2844,"false",8532,0,"Ruby Ore","true","oreRuby",""
"ExplorerCraft","explorercraft:slate",2865,"false",8553,0,"Slate","true","stoneSlate",""
"ExplorerCraft","explorercraft:slate_brick_double_slab",2895,"false",,,"tile.explorercraft.slate_brick_double_slab.name","true","",""
"ExplorerCraft","explorercraft:slate_brick_slab",2894,"false",8527,0,"Slate Brick Slab","true","stoneSlateSlab",""
"ExplorerCraft","explorercraft:slate_brick_stairs",5192,"false",8595,0,"Slate Brick Stairs","true","stoneSlateStairs",""
"ExplorerCraft","explorercraft:slate_brick_wall",2918,"false",8588,0,"Slate Brick Wall","true","stoneSlateWall",""
"ExplorerCraft","explorercraft:slate_bricks",2867,"false",8555,0,"Slate Bricks","true","stoneSlateBricks",""
"ExplorerCraft","explorercraft:slate_chiseled",2870,"false",8558,0,"Chiselled Slate","true","stoneSlateChiseled",""
"ExplorerCraft","explorercraft:slate_mossy",2868,"false",8556,0,"Mossy Slate Bricks","true","stoneSlateMossy",""
"ExplorerCraft","explorercraft:slate_pillar",2872,"false",8560,0,"Slate Pillar","true","stoneSlatePillar",""
"ExplorerCraft","explorercraft:slate_polished",2866,"false",8554,0,"Polished Slate","true","stoneSlatePolished",""
"ExplorerCraft","explorercraft:slate_tile",2869,"false",8557,0,"Slate Tiles","true","stoneSlateTile",""
"ExplorerCraft","explorercraft:slate_tile_stairs",5193,"false",8596,0,"Slate Tile Stairs","true","",""
"ExplorerCraft","explorercraft:slate_welsh",2871,"false",8559,0,"Welsh Slate","true","",""
"ExplorerCraft","explorercraft:tatami",2919,"false",,,"tile.explorercraft.tatami.name","true","",""
"ExplorerCraft","explorercraft:tatami_half",2920,"false",,,"Tatami Half Mat","true","",""
"ExplorerCraft","explorercraft:water_grass",2926,"false",8591,0,"Water Grass","true","",""
"Extra Alchemy","extraalchemy:encasing_ice",2929,"false",,,"tile.encasing_ice.name","true","",""
"Extra Golems","golems:golem_head",2930,"false",8607,0,"Golem Head","true","",""
"Extra Golems","golems:light_provider_full",2931,"false",,,"Dynamic Golem Light (Air)","true","",""
"Extra Golems","golems:power_provider_all",2933,"false",,,"tile.power_provider_all.name","true","",""
"Extra Golems","golems:water_light_provider_full",2932,"false",,,"Dynamic Golem Light (Water)","true","",""
"Fairy Lights","fairylights:fastener",2934,"false",,,"tile.fastener.name","true","",""
"Farmer's Delight Legacy","farmersdelight:acacia_cabinet",3027,"false",8734,0,"Acacia Cabinet","true","",""
"Farmer's Delight Legacy","farmersdelight:apple_pie",3048,"false",8755,0,"Apple Pie","true","",""
"Farmer's Delight Legacy","farmersdelight:bamboo_cabinet",3028,"false",8735,0,"Bamboo Cabinet","true","",""
"Farmer's Delight Legacy","farmersdelight:basket",3016,"false",8723,0,"Basket","true","",""
"Farmer's Delight Legacy","farmersdelight:beetroot_crate",3019,"false",8726,0,"Beetroot Crate","true","",""
"Farmer's Delight Legacy","farmersdelight:birch_cabinet",3029,"false",8736,0,"Birch Cabinet","true","",""
"Farmer's Delight Legacy","farmersdelight:black_canvas_sign",3131,"false",8805,0,"Black Canvas Sign","true","fdCanvasSigns",""
"Farmer's Delight Legacy","farmersdelight:black_canvas_wall_sign",3130,"false",,,"Black Canvas Wall Sign","true","",""
"Farmer's Delight Legacy","farmersdelight:black_hanging_canvas_sign",3133,"false",8806,0,"Black Hanging Canvas Sign","true","fdHangingCanvasSigns",""
"Farmer's Delight Legacy","farmersdelight:black_wall_hanging_canvas_sign",3132,"false",,,"Black Wall Hanging Canvas Sign","true","",""
"Farmer's Delight Legacy","farmersdelight:blue_canvas_sign",3115,"false",8797,0,"Blue Canvas Sign","true","fdCanvasSigns",""
"Farmer's Delight Legacy","farmersdelight:blue_canvas_wall_sign",3114,"false",,,"Blue Canvas Wall Sign","true","",""
"Farmer's Delight Legacy","farmersdelight:blue_hanging_canvas_sign",3117,"false",8798,0,"Blue Hanging Canvas Sign","true","fdHangingCanvasSigns",""
"Farmer's Delight Legacy","farmersdelight:blue_wall_hanging_canvas_sign",3116,"false",,,"Blue Wall Hanging Canvas Sign","true","",""
"Farmer's Delight Legacy","farmersdelight:brown_canvas_sign",3119,"false",8799,0,"Brown Canvas Sign","true","fdCanvasSigns",""
"Farmer's Delight Legacy","farmersdelight:brown_canvas_wall_sign",3118,"false",,,"Brown Canvas Wall Sign","true","",""
"Farmer's Delight Legacy","farmersdelight:brown_hanging_canvas_sign",3121,"false",8800,0,"Brown Hanging Canvas Sign","true","fdHangingCanvasSigns",""
"Farmer's Delight Legacy","farmersdelight:brown_mushroom_colony",3059,"false",8766,0,"Brown Mushroom Colony","true","",""
"Farmer's Delight Legacy","farmersdelight:brown_wall_hanging_canvas_sign",3120,"false",,,"Brown Wall Hanging Canvas Sign","true","",""
"Farmer's Delight Legacy","farmersdelight:budding_tomatoes",3012,"false",,,"Budding Tomato Vine","true","",""
"Farmer's Delight Legacy","farmersdelight:cabbage_crate",3020,"false",8727,0,"Cabbage Crate","true","",""
"Farmer's Delight Legacy","farmersdelight:cabbages",3010,"false",,,"Cabbage","true","",""
"Farmer's Delight Legacy","farmersdelight:canvas_rug",3062,"false",8769,0,"Canvas Rug","true","",""
"Farmer's Delight Legacy","farmersdelight:canvas_sign",3067,"false",8773,0,"Canvas Sign","true","fdCanvasSigns",""
"Farmer's Delight Legacy","farmersdelight:canvas_wall_sign",3066,"false",,,"Canvas Wall Sign","true","",""
"Farmer's Delight Legacy","farmersdelight:carrot_crate",3017,"false",8724,0,"Carrot Crate","true","",""
"Farmer's Delight Legacy","farmersdelight:cherry_cabinet",3030,"false",8737,0,"Cherry Cabinet","true","",""
"Farmer's Delight Legacy","farmersdelight:chocolate_pie",3050,"false",8757,0,"Chocolate Pie","true","",""
"Farmer's Delight Legacy","farmersdelight:cooking_pot",3014,"false",8721,0,"Cooking Pot","true","",""
"Farmer's Delight Legacy","farmersdelight:crimson_cabinet",3031,"false",8738,0,"Crimson Cabinet","true","",""
"Farmer's Delight Legacy","farmersdelight:cutting_board",3015,"false",8722,0,"Cutting Board","true","",""
"Farmer's Delight Legacy","farmersdelight:cyan_canvas_sign",3107,"false",8793,0,"Cyan Canvas Sign","true","fdCanvasSigns",""
"Farmer's Delight Legacy","farmersdelight:cyan_canvas_wall_sign",3106,"false",,,"Cyan Canvas Wall Sign","true","",""
"Farmer's Delight Legacy","farmersdelight:cyan_hanging_canvas_sign",3109,"false",8794,0,"Cyan Hanging Canvas Sign","true","fdHangingCanvasSigns",""
"Farmer's Delight Legacy","farmersdelight:cyan_wall_hanging_canvas_sign",3108,"false",,,"Cyan Wall Hanging Canvas Sign","true","",""
"Farmer's Delight Legacy","farmersdelight:dark_oak_cabinet",3032,"false",8739,0,"Dark Oak Cabinet","true","",""
"Farmer's Delight Legacy","farmersdelight:full_tatami_mat",3064,"false",8771,0,"Full Tatami Mat","true","",""
"Farmer's Delight Legacy","farmersdelight:gray_canvas_sign",3099,"false",8789,0,"Gray Canvas Sign","true","fdCanvasSigns",""
"Farmer's Delight Legacy","farmersdelight:gray_canvas_wall_sign",3098,"false",,,"Gray Canvas Wall Sign","true","",""
"Farmer's Delight Legacy","farmersdelight:gray_hanging_canvas_sign",3101,"false",8790,0,"Gray Hanging Canvas Sign","true","fdHangingCanvasSigns",""
"Farmer's Delight Legacy","farmersdelight:gray_wall_hanging_canvas_sign",3100,"false",,,"Gray Wall Hanging Canvas Sign","true","",""
"Farmer's Delight Legacy","farmersdelight:green_canvas_sign",3123,"false",8801,0,"Green Canvas Sign","true","fdCanvasSigns",""
"Farmer's Delight Legacy","farmersdelight:green_canvas_wall_sign",3122,"false",,,"Green Canvas Wall Sign","true","",""
"Farmer's Delight Legacy","farmersdelight:green_hanging_canvas_sign",3125,"false",8802,0,"Green Hanging Canvas Sign","true","fdHangingCanvasSigns",""
"Farmer's Delight Legacy","farmersdelight:green_wall_hanging_canvas_sign",3124,"false",,,"Green Wall Hanging Canvas Sign","true","",""
"Farmer's Delight Legacy","farmersdelight:half_tatami_mat",3065,"false",8772,0,"Half Tatami Mat","true","",""
"Farmer's Delight Legacy","farmersdelight:hanging_canvas_sign",3069,"false",8774,0,"Hanging Canvas Sign","true","fdHangingCanvasSigns",""
"Farmer's Delight Legacy","farmersdelight:honey_glazed_ham_block",3041,"false",8748,0,"Honey Glazed Ham","true","",""
"Farmer's Delight Legacy","farmersdelight:jungle_cabinet",3033,"false",8740,0,"Jungle Cabinet","true","",""
"Farmer's Delight Legacy","farmersdelight:light_blue_canvas_sign",3083,"false",8781,0,"Light Blue Canvas Sign","true","fdCanvasSigns",""
"Farmer's Delight Legacy","farmersdelight:light_blue_canvas_wall_sign",3082,"false",,,"Light Blue Canvas Wall Sign","true","",""
"Farmer's Delight Legacy","farmersdelight:light_blue_hanging_canvas_sign",3085,"false",8782,0,"Light Blue Hanging Canvas Sign","true","fdHangingCanvasSigns",""
"Farmer's Delight Legacy","farmersdelight:light_blue_wall_hanging_canvas_sign",3084,"false",,,"Light Blue Wall Hanging Canvas Sign","true","",""
"Farmer's Delight Legacy","farmersdelight:light_gray_canvas_sign",3103,"false",8791,0,"Light Gray Canvas Sign","true","fdCanvasSigns",""
"Farmer's Delight Legacy","farmersdelight:light_gray_canvas_wall_sign",3102,"false",,,"Light Gray Canvas Wall Sign","true","",""
"Farmer's Delight Legacy","farmersdelight:light_gray_hanging_canvas_sign",3105,"false",8792,0,"Light Gray Hanging Canvas Sign","true","fdHangingCanvasSigns",""
"Farmer's Delight Legacy","farmersdelight:light_gray_wall_hanging_canvas_sign",3104,"false",,,"Light Gray Wall Hanging Canvas Sign","true","",""
"Farmer's Delight Legacy","farmersdelight:lime_canvas_sign",3091,"false",8785,0,"Lime Canvas Sign","true","fdCanvasSigns",""
"Farmer's Delight Legacy","farmersdelight:lime_canvas_wall_sign",3090,"false",,,"Lime Canvas Wall Sign","true","",""
"Farmer's Delight Legacy","farmersdelight:lime_hanging_canvas_sign",3093,"false",8786,0,"Lime Hanging Canvas Sign","true","fdHangingCanvasSigns",""
"Farmer's Delight Legacy","farmersdelight:lime_wall_hanging_canvas_sign",3092,"false",,,"Lime Wall Hanging Canvas Sign","true","",""
"Farmer's Delight Legacy","farmersdelight:magenta_canvas_sign",3079,"false",8779,0,"Magenta Canvas Sign","true","fdCanvasSigns",""
"Farmer's Delight Legacy","farmersdelight:magenta_canvas_wall_sign",3078,"false",,,"Magenta Canvas Wall Sign","true","",""
"Farmer's Delight Legacy","farmersdelight:magenta_hanging_canvas_sign",3081,"false",8780,0,"Magenta Hanging Canvas Sign","true","fdHangingCanvasSigns",""
"Farmer's Delight Legacy","farmersdelight:magenta_wall_hanging_canvas_sign",3080,"false",,,"Magenta Wall Hanging Canvas Sign","true","",""
"Farmer's Delight Legacy","farmersdelight:mangrove_cabinet",3034,"false",8741,0,"Mangrove Cabinet","true","",""
"Farmer's Delight Legacy","farmersdelight:oak_cabinet",3035,"false",8742,0,"Oak Cabinet","true","",""
"Farmer's Delight Legacy","farmersdelight:onion_crate",3022,"false",8729,0,"Onion Crate","true","",""
"Farmer's Delight Legacy","farmersdelight:onions",3011,"false",,,"Onions","true","",""
"Farmer's Delight Legacy","farmersdelight:orange_canvas_sign",3075,"false",8777,0,"Orange Canvas Sign","true","fdCanvasSigns",""
"Farmer's Delight Legacy","farmersdelight:orange_canvas_wall_sign",3074,"false",,,"Orange Canvas Wall Sign","true","",""
"Farmer's Delight Legacy","farmersdelight:orange_hanging_canvas_sign",3077,"false",8778,0,"Orange Hanging Canvas Sign","true","fdHangingCanvasSigns",""
"Farmer's Delight Legacy","farmersdelight:orange_wall_hanging_canvas_sign",3076,"false",,,"Orange Wall Hanging Canvas Sign","true","",""
"Farmer's Delight Legacy","farmersdelight:organic_compost",3045,"false",8752,0,"Organic Compost","true","",""
"Farmer's Delight Legacy","farmersdelight:pink_canvas_sign",3095,"false",8787,0,"Pink Canvas Sign","true","fdCanvasSigns",""
"Farmer's Delight Legacy","farmersdelight:pink_canvas_wall_sign",3094,"false",,,"Pink Canvas Wall Sign","true","",""
"Farmer's Delight Legacy","farmersdelight:pink_hanging_canvas_sign",3097,"false",8788,0,"Pink Hanging Canvas Sign","true","fdHangingCanvasSigns",""
"Farmer's Delight Legacy","farmersdelight:pink_wall_hanging_canvas_sign",3096,"false",,,"Pink Wall Hanging Canvas Sign","true","",""
"Farmer's Delight Legacy","farmersdelight:potato_crate",3018,"false",8725,0,"Potato Crate","true","",""
"Farmer's Delight Legacy","farmersdelight:purple_canvas_sign",3111,"false",8795,0,"Purple Canvas Sign","true","fdCanvasSigns",""
"Farmer's Delight Legacy","farmersdelight:purple_canvas_wall_sign",3110,"false",,,"Purple Canvas Wall Sign","true","",""
"Farmer's Delight Legacy","farmersdelight:purple_hanging_canvas_sign",3113,"false",8796,0,"Purple Hanging Canvas Sign","true","fdHangingCanvasSigns",""
"Farmer's Delight Legacy","farmersdelight:purple_wall_hanging_canvas_sign",3112,"false",,,"Purple Wall Hanging Canvas Sign","true","",""
"Farmer's Delight Legacy","farmersdelight:red_canvas_sign",3127,"false",8803,0,"Red Canvas Sign","true","fdCanvasSigns",""
"Farmer's Delight Legacy","farmersdelight:red_canvas_wall_sign",3126,"false",,,"Red Canvas Wall Sign","true","",""
"Farmer's Delight Legacy","farmersdelight:red_hanging_canvas_sign",3129,"false",8804,0,"Red Hanging Canvas Sign","true","fdHangingCanvasSigns",""
"Farmer's Delight Legacy","farmersdelight:red_mushroom_colony",3060,"false",8767,0,"Red Mushroom Colony","true","",""
"Farmer's Delight Legacy","farmersdelight:red_wall_hanging_canvas_sign",3128,"false",,,"Red Wall Hanging Canvas Sign","true","",""
"Farmer's Delight Legacy","farmersdelight:rice",3009,"false",,,"Rice Crops","true","",""
"Farmer's Delight Legacy","farmersdelight:rice_bag",3024,"false",8731,0,"Bag of Rice","true","",""
"Farmer's Delight Legacy","farmersdelight:rice_bale",3023,"false",8730,0,"Rice Bale","true","",""
"Farmer's Delight Legacy","farmersdelight:rice_panicles",3013,"false",,,"Rice Crops","true","",""
"Farmer's Delight Legacy","farmersdelight:rice_roll_medley_block",3044,"false",8751,0,"Rice Roll Medley","true","",""
"Farmer's Delight Legacy","farmersdelight:rich_soil",3046,"false",8753,0,"Rich Soil","true","",""
"Farmer's Delight Legacy","farmersdelight:rich_soil_farmland",3047,"false",8754,0,"Rich Soil Farmland","true","",""
"Farmer's Delight Legacy","farmersdelight:roast_chicken_block",3040,"false",8747,0,"Roast Chicken","true","",""
"Farmer's Delight Legacy","farmersdelight:rope",3061,"false",8768,0,"Rope","true","blockRope,fdRopes,rope",""
"Farmer's Delight Legacy","farmersdelight:safety_net",3026,"false",8733,0,"Safety Net","true","",""
"Farmer's Delight Legacy","farmersdelight:sandy_shrub",3051,"false",8758,0,"Sandy Shrub","true","",""
"Farmer's Delight Legacy","farmersdelight:shepherds_pie_block",3042,"false",8749,0,"Shepherd's Pie","true","",""
"Farmer's Delight Legacy","farmersdelight:skillet",3039,"false",8746,0,"Skillet","true","",""
"Farmer's Delight Legacy","farmersdelight:spruce_cabinet",3036,"false",8743,0,"Spruce Cabinet","true","",""
"Farmer's Delight Legacy","farmersdelight:stove",3038,"false",8745,0,"Stove","true","",""
"Farmer's Delight Legacy","farmersdelight:straw_bale",3025,"false",8732,0,"Straw Bale","true","",""
"Farmer's Delight Legacy","farmersdelight:stuffed_pumpkin_block",3043,"false",8750,0,"Stuffed Pumpkin","true","",""
"Farmer's Delight Legacy","farmersdelight:sweet_berry_cheesecake",3049,"false",8756,0,"Sweet Berry Cheesecake","true","",""
"Farmer's Delight Legacy","farmersdelight:tatami",3063,"false",8770,0,"Tatami Block","true","",""
"Farmer's Delight Legacy","farmersdelight:tomato_crate",3021,"false",8728,0,"Tomato Crate","true","",""
"Farmer's Delight Legacy","farmersdelight:tomatoes",3008,"false",,,"Tomato Vine","true","",""
"Farmer's Delight Legacy","farmersdelight:wall_hanging_canvas_sign",3068,"false",,,"Wall Hanging Canvas Sign","true","",""
"Farmer's Delight Legacy","farmersdelight:warped_cabinet",3037,"false",8744,0,"Warped Cabinet","true","",""
"Farmer's Delight Legacy","farmersdelight:white_canvas_sign",3071,"false",8775,0,"White Canvas Sign","true","fdCanvasSigns",""
"Farmer's Delight Legacy","farmersdelight:white_canvas_wall_sign",3070,"false",,,"White Canvas Wall Sign","true","",""
"Farmer's Delight Legacy","farmersdelight:white_hanging_canvas_sign",3073,"false",8776,0,"White Hanging Canvas Sign","true","fdHangingCanvasSigns",""
"Farmer's Delight Legacy","farmersdelight:white_wall_hanging_canvas_sign",3072,"false",,,"White Wall Hanging Canvas Sign","true","",""
"Farmer's Delight Legacy","farmersdelight:wild_beetroots",3057,"false",8764,0,"Sea Beet","true","",""
"Farmer's Delight Legacy","farmersdelight:wild_cabbages",3052,"false",8759,0,"Wild Cabbage","true","",""
"Farmer's Delight Legacy","farmersdelight:wild_carrots",3055,"false",8762,0,"Wild Carrot","true","",""
"Farmer's Delight Legacy","farmersdelight:wild_onions",3053,"false",8760,0,"Wild Onion","true","",""
"Farmer's Delight Legacy","farmersdelight:wild_potatoes",3056,"false",8763,0,"Wild Potato","true","",""
"Farmer's Delight Legacy","farmersdelight:wild_rice",3058,"false",8765,0,"Wild Rice","true","",""
"Farmer's Delight Legacy","farmersdelight:wild_tomatoes",3054,"false",8761,0,"Tomato Shrub","true","",""
"Farmer's Delight Legacy","farmersdelight:yellow_canvas_sign",3087,"false",8783,0,"Yellow Canvas Sign","true","fdCanvasSigns",""
"Farmer's Delight Legacy","farmersdelight:yellow_canvas_wall_sign",3086,"false",,,"Yellow Canvas Wall Sign","true","",""
"Farmer's Delight Legacy","farmersdelight:yellow_hanging_canvas_sign",3089,"false",8784,0,"Yellow Hanging Canvas Sign","true","fdHangingCanvasSigns",""
"Farmer's Delight Legacy","farmersdelight:yellow_wall_hanging_canvas_sign",3088,"false",,,"Yellow Wall Hanging Canvas Sign","true","",""
"Fish's Undead Rising","mod_lavacow:bloodtooth_shroom",3138,"false",9049,0,"Bloodtooth","true","listAllmushroom",""
"Fish's Undead Rising","mod_lavacow:cactoid_sprout",3145,"false",9056,0,"Cactoid Sprout","true","",""
"Fish's Undead Rising","mod_lavacow:cordy_shroom",3139,"false",9050,0,"Cordyceps","true","listAllmushroom",""
"Fish's Undead Rising","mod_lavacow:diseased_hay_block",3146,"false",9057,0,"Diseased Hay Block","true","",""
"Fish's Undead Rising","mod_lavacow:ectoplasm_block",3147,"false",9058,0,"Block of Ectoplasm","true","",""
"Fish's Undead Rising","mod_lavacow:glowshroom",3134,"false",9045,0,"Glow Shroom","true","listAllmushroom",""
"Fish's Undead Rising","mod_lavacow:glowshroom_block_cap",3137,"false",9048,0,"Glow Shroom Cap","true","",""
"Fish's Undead Rising","mod_lavacow:glowshroom_block_stem",3136,"false",9047,0,"Glow Shroom Stem","true","",""
"Fish's Undead Rising","mod_lavacow:molten_alloy_block",3148,"false",9059,0,"Block of Molten Alloy","true","",""
"Fish's Undead Rising","mod_lavacow:molten_meat_block",3151,"false",9062,0,"Molten Meat Barrel","true","",""
"Fish's Undead Rising","mod_lavacow:pileofsludge",3135,"false",9046,0,"Sludge Pile","true","",""
"Fish's Undead Rising","mod_lavacow:scarecrowhead_common",3141,"false",9052,0,"Scarecrow Head","true","",""
"Fish's Undead Rising","mod_lavacow:scarecrowhead_plague",3143,"false",9054,0,"Scarecrow Head","true","",""
"Fish's Undead Rising","mod_lavacow:scarecrowhead_straw",3142,"false",9053,0,"Scarecrow Head","true","",""
"Fish's Undead Rising","mod_lavacow:scythe_claw_block",3149,"false",9060,0,"Scythe Claw Barrel","true","",""
"Fish's Undead Rising","mod_lavacow:tombstone",3144,"false",9055,0,"Tombstone","true","",""
"Fish's Undead Rising","mod_lavacow:veil_shroom",3140,"false",9051,0,"Veil Shroom","true","listAllmushroom",""
"Fish's Undead Rising","mod_lavacow:vespa_carapace_block",3150,"false",9061,0,"Vespa Carapace Barrel","true","",""
"Fishing Made Better","fishingmadebetter:baitbox",3152,"false",9063,0,"Bait Box","true","",""
"Future MC","futuremc:acacia_standing_sign",3201,"false",,,"tile.futuremc.acacia_standing_sign.name","true","",""
"Future MC","futuremc:acacia_trapdoor",3190,"false",9175,0,"Acacia Trapdoor","true","trapdoorWood",""
"Future MC","futuremc:acacia_wall_sign",3202,"false",,,"tile.futuremc.acacia_wall_sign.name","true","",""
"Future MC","futuremc:ancient_debris",3200,"false",9196,0,"Ancient Debris","true","oreAncientDebris",""
"Future MC","futuremc:andesite_wall",3176,"false",9161,0,"Andesite Wall","true","",""
"Future MC","futuremc:bamboo",3171,"false",9138,0,"Bamboo","true","cropBamboo",""
"Future MC","futuremc:barrel",3155,"false",9141,0,"Barrel","true","",""
"Future MC","futuremc:bee_nest",3172,"false",9157,0,"Bee Nest","true","",""
"Future MC","futuremc:beehive",3173,"false",9158,0,"Bee Hive","true","",""
"Future MC","futuremc:bell",3163,"false",9149,0,"Bell","true","",""
"Future MC","futuremc:birch_standing_sign",3203,"false",,,"tile.futuremc.birch_standing_sign.name","true","",""
"Future MC","futuremc:birch_trapdoor",3192,"false",9177,0,"Birch Trapdoor","true","trapdoorWood",""
"Future MC","futuremc:birch_wall_sign",3204,"false",,,"tile.futuremc.birch_wall_sign.name","true","",""
"Future MC","futuremc:blast_furnace",3157,"false",9143,0,"Blast Furnace","true","",""
"Future MC","futuremc:brick_wall",3174,"false",9159,0,"Brick Wall","true","",""
"Future MC","futuremc:campfire",3170,"false",9155,0,"Campfire","true","",""
"Future MC","futuremc:cartography_table",3161,"false",9147,0,"Cartography Table","true","",""
"Future MC","futuremc:chain",3198,"false",9194,0,"Chain","true","",""
"Future MC","futuremc:composter",3162,"false",9148,0,"Composter","true","",""
"Future MC","futuremc:cornflower",3168,"false",9153,0,"Cornflower","true","",""
"Future MC","futuremc:dark_oak_standing_sign",3205,"false",,,"tile.futuremc.dark_oak_standing_sign.name","true","",""
"Future MC","futuremc:dark_oak_trapdoor",3194,"false",9179,0,"Dark Oak Trapdoor","true","trapdoorWood",""
"Future MC","futuremc:dark_oak_wall_sign",3206,"false",,,"tile.futuremc.dark_oak_wall_sign.name","true","",""
"Future MC","futuremc:diorite_wall",3177,"false",9162,0,"Diorite Wall","true","",""
"Future MC","futuremc:end_stone_brick_wall",3184,"false",9169,0,"End Stone Brick Wall","true","",""
"Future MC","futuremc:fletching_table",3159,"false",9145,0,"Fletching Table","true","",""
"Future MC","futuremc:granite_wall",3175,"false",9160,0,"Granite Wall","true","",""
"Future MC","futuremc:honey_block",3165,"false",9150,0,"Honey Block","true","blockHoney",""
"Future MC","futuremc:honeycomb_block",3166,"false",9151,0,"Honeycomb Block","true","",""
"Future MC","futuremc:jungle_standing_sign",3207,"false",,,"tile.futuremc.jungle_standing_sign.name","true","",""
"Future MC","futuremc:jungle_trapdoor",3191,"false",9176,0,"Jungle Trapdoor","true","trapdoorWood",""
"Future MC","futuremc:jungle_wall_sign",3208,"false",,,"tile.futuremc.jungle_wall_sign.name","true","",""
"Future MC","futuremc:lantern",3153,"false",9139,0,"Lantern","true","",""
"Future MC","futuremc:lily_of_the_valley",3167,"false",9152,0,"Lily of the Valley","true","",""
"Future MC","futuremc:loom",3158,"false",9144,0,"Loom","true","",""
"Future MC","futuremc:mossy_stone_brick_wall",3181,"false",9166,0,"Mossy Stone Brick Wall","true","",""
"Future MC","futuremc:nether_brick_wall",3182,"false",9167,0,"Nether Brick Wall","true","",""
"Future MC","futuremc:netherite_block",3199,"false",9195,0,"Block of Netherite","true","blockNetherite",""
"Future MC","futuremc:prismarine_wall",3185,"false",9170,0,"Prismarine Wall","true","",""
"Future MC","futuremc:red_nether_brick_wall",3183,"false",9168,0,"Red Nether Brick Wall","true","",""
"Future MC","futuremc:red_sandstone_wall",3179,"false",9164,0,"Red Sandstone Wall","true","",""
"Future MC","futuremc:sandstone_wall",3178,"false",9163,0,"Sandstone Wall","true","",""
"Future MC","futuremc:scaffolding",3164,"false",9156,0,"Scaffolding","true","",""
"Future MC","futuremc:smithing_table",3160,"false",9146,0,"Smithing Table","true","",""
"Future MC","futuremc:smoker",3156,"false",9142,0,"Smoker","true","",""
"Future MC","futuremc:smooth_quartz",3188,"false",9173,0,"Smooth Quartz","true","",""
"Future MC","futuremc:smooth_red_sandstone",3189,"false",9174,0,"Smooth Red Sandstone","true","",""
"Future MC","futuremc:smooth_sandstone",3187,"false",9172,0,"Smooth Sandstone","true","",""
"Future MC","futuremc:smooth_stone",3186,"false",9171,0,"Smooth Stone","true","",""
"Future MC","futuremc:soul_fire_lantern",3195,"false",9180,0,"Soul Lantern","true","",""
"Future MC","futuremc:soul_fire_torch",3196,"false",9181,0,"Soul Torch","true","",""
"Future MC","futuremc:soul_soil",3197,"false",9182,0,"Soul Soil","true","",""
"Future MC","futuremc:spruce_standing_sign",3209,"false",,,"tile.futuremc.spruce_standing_sign.name","true","",""
"Future MC","futuremc:spruce_trapdoor",3193,"false",9178,0,"Spruce Trapdoor","true","trapdoorWood",""
"Future MC","futuremc:spruce_wall_sign",3210,"false",,,"tile.futuremc.spruce_wall_sign.name","true","",""
"Future MC","futuremc:stone_brick_wall",3180,"false",9165,0,"Stone Brick Wall","true","",""
"Future MC","futuremc:stonecutter",3154,"false",9140,0,"Stonecutter","true","",""
"Future MC","futuremc:wither_rose",3169,"false",9154,0,"Wither Rose","true","",""
"Grimoire of Gaia 3","grimoireofgaia:block_pearl",3211,"false",9199,0,"Pearl Block","true","",""
"Grimoire of Gaia 3","grimoireofgaia:bust_gorgon",3212,"false",9200,0,"The Gorgon","true","",""
"Grimoire of Gaia 3","grimoireofgaia:bust_sphinx",3213,"false",9201,0,"The Sphinx","true","",""
"Grimoire of Gaia 3","grimoireofgaia:bust_valkyrie",3214,"false",9202,0,"The Valkyrie","true","",""
"Grimoire of Gaia 3","grimoireofgaia:bust_vampire",3215,"false",9203,0,"The Vampire","true","",""
"Grimoire of Gaia 3","grimoireofgaia:deco_bust_minotaur",3226,"false",9214,0,"Minotaur Bust","true","",""
"Grimoire of Gaia 3","grimoireofgaia:deco_garden_gnome",3224,"false",9212,0,"Garden Gnome","true","",""
"Grimoire of Gaia 3","grimoireofgaia:deco_mandragora_pot",3225,"false",9213,0,"Mandragora Pot","true","",""
"Grimoire of Gaia 3","grimoireofgaia:deco_nest_harpy",3227,"false",9215,0,"Harpy Nest","true","",""
"Grimoire of Gaia 3","grimoireofgaia:doll_creeper_girl",3216,"false",9204,0,"Creeper Girl Doll","true","",""
"Grimoire of Gaia 3","grimoireofgaia:doll_dryad",3223,"false",9211,0,"Dryad Doll","true","",""
"Grimoire of Gaia 3","grimoireofgaia:doll_dullahan",3220,"false",9208,0,"Dullahan Doll","true","",""
"Grimoire of Gaia 3","grimoireofgaia:doll_ender_girl",3217,"false",9205,0,"Ender Girl Doll","true","",""
"Grimoire of Gaia 3","grimoireofgaia:doll_maid",3219,"false",9207,0,"Maid Doll","true","",""
"Grimoire of Gaia 3","grimoireofgaia:doll_mermaid",3221,"false",9209,0,"Mermaid Doll","true","",""
"Grimoire of Gaia 3","grimoireofgaia:doll_nine_tails",3222,"false",9210,0,"Nine Tails Doll","true","",""
"Grimoire of Gaia 3","grimoireofgaia:doll_slime_girl",3218,"false",9206,0,"Slime Girl Doll","true","",""
"Grimoire of Gaia 3","grimoireofgaia:fire_camp",3230,"false",9218,0,"Campfire","true","",""
"Grimoire of Gaia 3","grimoireofgaia:spawn_guard",3228,"false",9216,0,"Protection Talisman","true","",""
"Grimoire of Gaia 3","grimoireofgaia:web_temp",3229,"false",9217,0,"Decaying Cobweb","true","",""
"HappyGhast","suikehappyghast:dried_ghast",3231,"false",13668,0,"Dried Ghast","true","",""
"Ice and Fire: RotN Edition","iceandfire:amythest_block",2259,"false",6888,0,"Block of Amethyst","true","blockAmythest",""
"Ice and Fire: RotN Edition","iceandfire:amythest_ore",2257,"false",6886,0,"Amethyst Ore","true","oreAmythest",""
"Ice and Fire: RotN Edition","iceandfire:ash",2177,"false",6806,0,"Ash","true","",""
"Ice and Fire: RotN Edition","iceandfire:burnt_torch",2239,"false",6868,0,"Burnt Out Torch","true","",""
"Ice and Fire: RotN Edition","iceandfire:chared_cobblestone",2174,"false",6803,0,"Charred Cobblestone","true","charredBlock",""
"Ice and Fire: RotN Edition","iceandfire:chared_dirt",2171,"false",6800,0,"Charred Dirt","true","charredBlock",""
"Ice and Fire: RotN Edition","iceandfire:chared_grass",2172,"false",6801,0,"Charred Grass","true","charredBlock",""
"Ice and Fire: RotN Edition","iceandfire:chared_grass_path",2176,"false",6805,0,"Charred Grass Path","true","charredBlock",""
"Ice and Fire: RotN Edition","iceandfire:chared_gravel",2175,"false",6804,0,"Charred Gravel","true","charredBlock",""
"Ice and Fire: RotN Edition","iceandfire:chared_stone",2173,"false",6802,0,"Charred Stone","true","charredBlock",""
"Ice and Fire: RotN Edition","iceandfire:copper_block",2258,"false",6887,0,"Block of Copper","true","blockCopper",""
"Ice and Fire: RotN Edition","iceandfire:copper_ore",2256,"false",6885,0,"Copper Ore","true","oreCopper",""
"Ice and Fire: RotN Edition","iceandfire:copperpile",2250,"false",6879,0,"Pile of Copper","true","",""
"Ice and Fire: RotN Edition","iceandfire:crackled_cobblestone",2243,"false",6872,0,"Crackled Cobblestone","true","crackledBlock",""
"Ice and Fire: RotN Edition","iceandfire:crackled_dirt",2240,"false",6869,0,"Crackled Dirt","true","crackledBlock",""
"Ice and Fire: RotN Edition","iceandfire:crackled_grass",2241,"false",6870,0,"Crackled Grass","true","crackledBlock",""
"Ice and Fire: RotN Edition","iceandfire:crackled_grass_path",2245,"false",6874,0,"Crackled Grass Path","true","crackledBlock",""
"Ice and Fire: RotN Edition","iceandfire:crackled_gravel",2244,"false",6873,0,"Crackled Gravel","true","crackledBlock",""
"Ice and Fire: RotN Edition","iceandfire:crackled_stone",2242,"false",6871,0,"Crackled Stone","true","crackledBlock",""
"Ice and Fire: RotN Edition","iceandfire:desert_myrmex_cocoon",2213,"false",6842,0,"Desert Myrmex Cocoon","true","",""
"Ice and Fire: RotN Edition","iceandfire:dragon_bone_block",2196,"false",6825,0,"Block of Dragon Bones","true","",""
"Ice and Fire: RotN Edition","iceandfire:dragon_bone_wall",2197,"false",6826,0,"Dragon Bone Wall","true","",""
"Ice and Fire: RotN Edition","iceandfire:dragon_ice",2185,"false",6814,0,"Dragon Ice","true","",""
"Ice and Fire: RotN Edition","iceandfire:dragon_ice_spikes",2186,"false",6815,0,"Dragon Ice Spikes","true","",""
"Ice and Fire: RotN Edition","iceandfire:dragonforge_fire_brick",2198,"false",6827,0,"Dragonforge Fire Brick","true","",""
"Ice and Fire: RotN Edition","iceandfire:dragonforge_fire_core",2202,"false",6833,0,"Dragonforge Fire Core","true","",""
"Ice and Fire: RotN Edition","iceandfire:dragonforge_fire_core_disabled",2205,"false",6831,0,"Dragonforge Fire Core","true","",""
"Ice and Fire: RotN Edition","iceandfire:dragonforge_fire_input",2200,"false",6829,0,"Dragonforge Fire Aperture","true","",""
"Ice and Fire: RotN Edition","iceandfire:dragonforge_ice_brick",2199,"false",6828,0,"Dragonforge Ice Brick","true","",""
"Ice and Fire: RotN Edition","iceandfire:dragonforge_ice_core",2203,"false",6834,0,"Dragonforge Ice Core","true","",""
"Ice and Fire: RotN Edition","iceandfire:dragonforge_ice_core_disabled",2204,"false",6832,0,"Dragonforge Ice Core","true","",""
"Ice and Fire: RotN Edition","iceandfire:dragonforge_ice_input",2201,"false",6830,0,"Dragonforge Ice Aperture","true","",""
"Ice and Fire: RotN Edition","iceandfire:dragonforge_lightning_brick",2246,"false",6875,0,"Dragonforge Lightning Brick","true","",""
"Ice and Fire: RotN Edition","iceandfire:dragonforge_lightning_core",2248,"false",6878,0,"Dragonforge Lightning Core","true","",""
"Ice and Fire: RotN Edition","iceandfire:dragonforge_lightning_core_disabled",2249,"false",6877,0,"Dragonforge Lightning Core","true","",""
"Ice and Fire: RotN Edition","iceandfire:dragonforge_lightning_input",2247,"false",6876,0,"Dragonforge Lightning Aperture","true","",""
"Ice and Fire: RotN Edition","iceandfire:dragonscale_amythest",2253,"false",6882,0,"Block of Dragon Scales","true","lightningDragonScaleBlock",""
"Ice and Fire: RotN Edition","iceandfire:dragonscale_black",2255,"false",6884,0,"Block of Dragon Scales","true","lightningDragonScaleBlock",""
"Ice and Fire: RotN Edition","iceandfire:dragonscale_blue",2192,"false",6821,0,"Block of Dragon Scales","true","iceDragonScaleBlock",""
"Ice and Fire: RotN Edition","iceandfire:dragonscale_bronze",2190,"false",6819,0,"Block of Dragon Scales","true","fireDragonScaleBlock",""
"Ice and Fire: RotN Edition","iceandfire:dragonscale_copper",2254,"false",6883,0,"Block of Dragon Scales","true","lightningDragonScaleBlock",""
"Ice and Fire: RotN Edition","iceandfire:dragonscale_electric",2252,"false",6881,0,"Block of Dragon Scales","true","lightningDragonScaleBlock",""
"Ice and Fire: RotN Edition","iceandfire:dragonscale_gray",2191,"false",6820,0,"Block of Dragon Scales","true","fireDragonScaleBlock",""
"Ice and Fire: RotN Edition","iceandfire:dragonscale_green",2189,"false",6818,0,"Block of Dragon Scales","true","fireDragonScaleBlock",""
"Ice and Fire: RotN Edition","iceandfire:dragonscale_red",2188,"false",6817,0,"Block of Dragon Scales","true","fireDragonScaleBlock",""
"Ice and Fire: RotN Edition","iceandfire:dragonscale_sapphire",2194,"false",6823,0,"Block of Dragon Scales","true","iceDragonScaleBlock",""
"Ice and Fire: RotN Edition","iceandfire:dragonscale_silver",2195,"false",6824,0,"Block of Dragon Scales","true","iceDragonScaleBlock",""
"Ice and Fire: RotN Edition","iceandfire:dragonscale_white",2193,"false",6822,0,"Block of Dragon Scales","true","iceDragonScaleBlock",""
"Ice and Fire: RotN Edition","iceandfire:dragonsteel_fire_block",2221,"false",6850,0,"Block of Fire Dragonsteel","true","blockFireDragonsteel",""
"Ice and Fire: RotN Edition","iceandfire:dragonsteel_ice_block",2222,"false",6851,0,"Block of Ice Dragonsteel","true","blockIceDragonsteel",""
"Ice and Fire: RotN Edition","iceandfire:dragonsteel_lightning_block",2260,"false",6889,0,"Block of Lightning Dragonsteel","true","blockLightningDragonsteel",""
"Ice and Fire: RotN Edition","iceandfire:dread_portal",2237,"false",6866,0,"Dread Lands Portal","true","",""
"Ice and Fire: RotN Edition","iceandfire:dread_spawner",2238,"false",6867,0,"Dreadstone Mob Spawner","true","",""
"Ice and Fire: RotN Edition","iceandfire:dread_stone",2223,"false",6852,0,"Dreadstone","true","stoneDreastone",""
"Ice and Fire: RotN Edition","iceandfire:dread_stone_bricks",2224,"false",6853,0,"Dreadstone Bricks","true","brickDreadstone",""
"Ice and Fire: RotN Edition","iceandfire:dread_stone_bricks_chiseled",2225,"false",6854,0,"Chiseled Dreadstone Bricks","true","",""
"Ice and Fire: RotN Edition","iceandfire:dread_stone_bricks_cracked",2226,"false",6855,0,"Cracked Dreadstone Bricks","true","",""
"Ice and Fire: RotN Edition","iceandfire:dread_stone_bricks_mossy",2227,"false",6856,0,"Mossy Dreadstone Bricks","true","blockMossy",""
"Ice and Fire: RotN Edition","iceandfire:dread_stone_face",2229,"false",6858,0,"Dreadstone Chiseled Skull","true","",""
"Ice and Fire: RotN Edition","iceandfire:dread_stone_slab",2233,"false",6862,0,"Dreadstone Bricks Slab","true","",""
"Ice and Fire: RotN Edition","iceandfire:dread_stone_slab_double",2232,"false",6861,0,"Dreadstone Bricks Slab","true","",""
"Ice and Fire: RotN Edition","iceandfire:dread_stone_stairs",2231,"false",6860,0,"Dreadstone Bricks Stairs","true","",""
"Ice and Fire: RotN Edition","iceandfire:dread_stone_tile",2228,"false",6857,0,"Dreadstone Tile","true","stoneDreastonePolished",""
"Ice and Fire: RotN Edition","iceandfire:dread_torch",2230,"false",6859,0,"Dreadstone Torch","true","",""
"Ice and Fire: RotN Edition","iceandfire:dreadwood_log",2234,"false",6863,0,"Dreadwood Log","true","logWood",""
"Ice and Fire: RotN Edition","iceandfire:dreadwood_planks",2235,"false",6864,0,"Dreadwood Planks","true","plankWood",""
"Ice and Fire: RotN Edition","iceandfire:dreadwood_planks_lock",2236,"false",6865,0,"Dreadwood Keyhole","true","",""
"Ice and Fire: RotN Edition","iceandfire:egginice",2206,"false",6835,0,"Frozen Dragon Egg","true","",""
"Ice and Fire: RotN Edition","iceandfire:fire_lily",2163,"false",6792,0,"Fire Lily","true","",""
"Ice and Fire: RotN Edition","iceandfire:frost_lily",2164,"false",6793,0,"Frost Lily","true","",""
"Ice and Fire: RotN Edition","iceandfire:frozen_cobblestone",2181,"false",6810,0,"Frozen Cobblestone","true","frozenBlock",""
"Ice and Fire: RotN Edition","iceandfire:frozen_dirt",2178,"false",6807,0,"Frozen Dirt","true","frozenBlock",""
"Ice and Fire: RotN Edition","iceandfire:frozen_grass",2179,"false",6808,0,"Frozen Grass","true","frozenBlock",""
"Ice and Fire: RotN Edition","iceandfire:frozen_grass_path",2183,"false",6812,0,"Frozen Grass Path","true","frozenBlock",""
"Ice and Fire: RotN Edition","iceandfire:frozen_gravel",2182,"false",6811,0,"Frozen Gravel","true","frozenBlock",""
"Ice and Fire: RotN Edition","iceandfire:frozen_splinters",2184,"false",6813,0,"Frozen Splinters","true","",""
"Ice and Fire: RotN Edition","iceandfire:frozen_stone",2180,"false",6809,0,"Frozen Stone","true","frozenBlock",""
"Ice and Fire: RotN Edition","iceandfire:goldpile",2165,"false",6794,0,"Pile of Gold","true","",""
"Ice and Fire: RotN Edition","iceandfire:jar_empty",2209,"false",6838,0,"Jar","true","",""
"Ice and Fire: RotN Edition","iceandfire:jar_pixie",2210,"false",6839,0,"Pixie Jar","true","",""
"Ice and Fire: RotN Edition","iceandfire:jungle_myrmex_cocoon",2214,"false",6843,0,"Jungle Myrmex Cocoon","true","",""
"Ice and Fire: RotN Edition","iceandfire:lectern",2161,"false",6790,0,"Lectern","true","",""
"Ice and Fire: RotN Edition","iceandfire:lightning_lily",2251,"false",6880,0,"Lightning Lily","true","",""
"Ice and Fire: RotN Edition","iceandfire:myrmex_desert_biolight",2215,"false",6844,0,"Desert Myrmex Bioluminescence","true","",""
"Ice and Fire: RotN Edition","iceandfire:myrmex_desert_resin_block",2217,"false",6846,0,"Hardened Desert Myrmex Resin","true","",""
"Ice and Fire: RotN Edition","iceandfire:myrmex_desert_resin_glass",2219,"false",6848,0,"Desert Myrmex Resin Glass","true","",""
"Ice and Fire: RotN Edition","iceandfire:myrmex_jungle_biolight",2216,"false",6845,0,"Jungle Myrmex Bioluminescence","true","",""
"Ice and Fire: RotN Edition","iceandfire:myrmex_jungle_resin_block",2218,"false",6847,0,"Hardened Jungle Myrmex Resin","true","",""
"Ice and Fire: RotN Edition","iceandfire:myrmex_jungle_resin_glass",2220,"false",6849,0,"Jungle Myrmex Resin Glass","true","",""
"Ice and Fire: RotN Edition","iceandfire:myrmex_resin",2211,"true",6840,0,"Desert Myrmex Resin","true","",""
"Ice and Fire: RotN Edition","iceandfire:myrmex_resin",2211,"true",6840,1,"Jungle Myrmex Resin","true","",""
"Ice and Fire: RotN Edition","iceandfire:myrmex_resin_sticky",2212,"true",6841,0,"Sticky Desert Myrmex Resin","true","",""
"Ice and Fire: RotN Edition","iceandfire:myrmex_resin_sticky",2212,"true",6841,1,"Sticky Jungle Myrmex Resin","true","",""
"Ice and Fire: RotN Edition","iceandfire:nest",2187,"false",6816,0,"Dragon Nest","true","",""
"Ice and Fire: RotN Edition","iceandfire:pixie_house",2207,"true",6836,0,"Brown Mushroom Pixie Hovel","true","",""
"Ice and Fire: RotN Edition","iceandfire:pixie_house",2207,"true",6836,1,"Red Mushroom Pixie Hovel","true","",""
"Ice and Fire: RotN Edition","iceandfire:pixie_house",2207,"true",6836,2,"Birch Pixie Hovel","true","",""
"Ice and Fire: RotN Edition","iceandfire:pixie_house",2207,"true",6836,3,"Oak Pixie Hovel","true","",""
"Ice and Fire: RotN Edition","iceandfire:pixie_house",2207,"true",6836,4,"Dark Oak Pixie Hovel","true","",""
"Ice and Fire: RotN Edition","iceandfire:pixie_house",2207,"true",6836,5,"Spruce Pixie Hovel","true","",""
"Ice and Fire: RotN Edition","iceandfire:podium",2162,"true",6791,0,"Oak Podium","true","",""
"Ice and Fire: RotN Edition","iceandfire:podium",2162,"true",6791,1,"Spruce Podium","true","",""
"Ice and Fire: RotN Edition","iceandfire:podium",2162,"true",6791,2,"Birch Podium","true","",""
"Ice and Fire: RotN Edition","iceandfire:podium",2162,"true",6791,3,"Jungle Podium","true","",""
"Ice and Fire: RotN Edition","iceandfire:podium",2162,"true",6791,4,"Acacia Podium","true","",""
"Ice and Fire: RotN Edition","iceandfire:podium",2162,"true",6791,5,"Dark Oak Podium","true","",""
"Ice and Fire: RotN Edition","iceandfire:sapphire_block",2170,"false",6799,0,"Sapphire Block","true","blockSapphire",""
"Ice and Fire: RotN Edition","iceandfire:sapphire_ore",2168,"false",6797,0,"Sapphire Ore","true","oreSapphire",""
"Ice and Fire: RotN Edition","iceandfire:sea_serpent_scale_block_blue",2261,"false",6890,0,"Block of Sea Serpent Scales","true","",""
"Ice and Fire: RotN Edition","iceandfire:sea_serpent_scale_block_bronze",2262,"false",6891,0,"Block of Sea Serpent Scales","true","",""
"Ice and Fire: RotN Edition","iceandfire:sea_serpent_scale_block_deepblue",2263,"false",6892,0,"Block of Sea Serpent Scales","true","",""
"Ice and Fire: RotN Edition","iceandfire:sea_serpent_scale_block_green",2264,"false",6893,0,"Block of Sea Serpent Scales","true","",""
"Ice and Fire: RotN Edition","iceandfire:sea_serpent_scale_block_purple",2265,"false",6894,0,"Block of Sea Serpent Scales","true","",""
"Ice and Fire: RotN Edition","iceandfire:sea_serpent_scale_block_red",2266,"false",6895,0,"Block of Sea Serpent Scales","true","",""
"Ice and Fire: RotN Edition","iceandfire:sea_serpent_scale_block_teal",2267,"false",6896,0,"Block of Sea Serpent Scales","true","",""
"Ice and Fire: RotN Edition","iceandfire:silver_block",2169,"false",6798,0,"Silver Block","true","blockSilver",""
"Ice and Fire: RotN Edition","iceandfire:silver_ore",2167,"false",6796,0,"Silver Ore","true","oreSilver",""
"Ice and Fire: RotN Edition","iceandfire:silverpile",2166,"false",6795,0,"Pile of Silver","true","",""
"Ice and Fire: RotN Edition","iceandfire:venerable_stump",2208,"false",6837,0,"Venerable Stump","true","",""
"Inspirations","inspirations:bookshelf",3232,"true",9323,0,"Bookshelf","true","","{texture:{id:""aether_legacy:skyroot_slab"",Count:1,Damage:0s}}"
"Inspirations","inspirations:bookshelf",3232,"true",9323,0,"Bookshelf","true","","{texture:{id:""ancientbeasts:cursed_slab_half"",Count:1,Damage:0s}}"
"Inspirations","inspirations:bookshelf",3232,"true",9323,0,"Bookshelf","true","","{texture:{id:""betterendforge:dragon_tree_slab"",Count:1,Damage:0s}}"
"Inspirations","inspirations:bookshelf",3232,"true",9323,0,"Bookshelf","true","","{texture:{id:""betterendforge:end_lotus_slab"",Count:1,Damage:0s}}"
"Inspirations","inspirations:bookshelf",3232,"true",9323,0,"Bookshelf","true","","{texture:{id:""betterendforge:helix_tree_slab"",Count:1,Damage:0s}}"
"Inspirations","inspirations:bookshelf",3232,"true",9323,0,"Bookshelf","true","","{texture:{id:""betterendforge:jellyshroom_slab"",Count:1,Damage:0s}}"
"Inspirations","inspirations:bookshelf",3232,"true",9323,0,"Bookshelf","true","","{texture:{id:""betterendforge:lacugrove_slab"",Count:1,Damage:0s}}"
"Inspirations","inspirations:bookshelf",3232,"true",9323,0,"Bookshelf","true","","{texture:{id:""betterendforge:lucernia_slab"",Count:1,Damage:0s}}"
"Inspirations","inspirations:bookshelf",3232,"true",9323,0,"Bookshelf","true","","{texture:{id:""betterendforge:mossy_glowshroom_slab"",Count:1,Damage:0s}}"
"Inspirations","inspirations:bookshelf",3232,"true",9323,0,"Bookshelf","true","","{texture:{id:""betterendforge:pythadendron_slab"",Count:1,Damage:0s}}"
"Inspirations","inspirations:bookshelf",3232,"true",9323,0,"Bookshelf","true","","{texture:{id:""betterendforge:tenanea_slab"",Count:1,Damage:0s}}"
"Inspirations","inspirations:bookshelf",3232,"true",9323,0,"Bookshelf","true","","{texture:{id:""betterendforge:umbrella_tree_slab"",Count:1,Damage:0s}}"
"Inspirations","inspirations:bookshelf",3232,"true",9323,0,"Bookshelf","true","","{texture:{id:""betternether:reeds_slab_half"",Count:1,Damage:0s}}"
"Inspirations","inspirations:bookshelf",3232,"true",9323,0,"Bookshelf","true","","{texture:{id:""betternether:stalagnate_planks_slab_half"",Count:1,Damage:0s}}"
"Inspirations","inspirations:bookshelf",3232,"true",9323,0,"Bookshelf","true","","{texture:{id:""biomesoplenty:wood_slab_0"",Count:1,Damage:0s}}"
"Inspirations","inspirations:bookshelf",3232,"true",9323,0,"Bookshelf","true","","{texture:{id:""biomesoplenty:wood_slab_0"",Count:1,Damage:1s}}"
"Inspirations","inspirations:bookshelf",3232,"true",9323,0,"Bookshelf","true","","{texture:{id:""biomesoplenty:wood_slab_0"",Count:1,Damage:2s}}"
"Inspirations","inspirations:bookshelf",3232,"true",9323,0,"Bookshelf","true","","{texture:{id:""biomesoplenty:wood_slab_0"",Count:1,Damage:3s}}"
"Inspirations","inspirations:bookshelf",3232,"true",9323,0,"Bookshelf","true","","{texture:{id:""biomesoplenty:wood_slab_0"",Count:1,Damage:4s}}"
"Inspirations","inspirations:bookshelf",3232,"true",9323,0,"Bookshelf","true","","{texture:{id:""biomesoplenty:wood_slab_0"",Count:1,Damage:5s}}"
"Inspirations","inspirations:bookshelf",3232,"true",9323,0,"Bookshelf","true","","{texture:{id:""biomesoplenty:wood_slab_0"",Count:1,Damage:6s}}"
"Inspirations","inspirations:bookshelf",3232,"true",9323,0,"Bookshelf","true","","{texture:{id:""biomesoplenty:wood_slab_0"",Count:1,Damage:7s}}"
"Inspirations","inspirations:bookshelf",3232,"true",9323,0,"Bookshelf","true","","{texture:{id:""biomesoplenty:wood_slab_1"",Count:1,Damage:0s}}"
"Inspirations","inspirations:bookshelf",3232,"true",9323,0,"Bookshelf","true","","{texture:{id:""biomesoplenty:wood_slab_1"",Count:1,Damage:1s}}"
"Inspirations","inspirations:bookshelf",3232,"true",9323,0,"Bookshelf","true","","{texture:{id:""biomesoplenty:wood_slab_1"",Count:1,Damage:2s}}"
"Inspirations","inspirations:bookshelf",3232,"true",9323,0,"Bookshelf","true","","{texture:{id:""biomesoplenty:wood_slab_1"",Count:1,Damage:3s}}"
"Inspirations","inspirations:bookshelf",3232,"true",9323,0,"Bookshelf","true","","{texture:{id:""biomesoplenty:wood_slab_1"",Count:1,Damage:4s}}"
"Inspirations","inspirations:bookshelf",3232,"true",9323,0,"Bookshelf","true","","{texture:{id:""biomesoplenty:wood_slab_1"",Count:1,Damage:5s}}"
"Inspirations","inspirations:bookshelf",3232,"true",9323,0,"Bookshelf","true","","{texture:{id:""biomesoplenty:wood_slab_1"",Count:1,Damage:6s}}"
"Inspirations","inspirations:bookshelf",3232,"true",9323,0,"Bookshelf","true","","{texture:{id:""biomesoplenty:wood_slab_1"",Count:1,Damage:7s}}"
"Inspirations","inspirations:bookshelf",3232,"true",9323,0,"Bookshelf","true","","{texture:{id:""environs:cypress_slab"",Count:1,Damage:0s}}"
"Inspirations","inspirations:bookshelf",3232,"true",9323,0,"Bookshelf","true","","{texture:{id:""environs:end_slab"",Count:1,Damage:0s}}"
"Inspirations","inspirations:bookshelf",3232,"true",9323,0,"Bookshelf","true","","{texture:{id:""environs:eucalyptus_slab"",Count:1,Damage:0s}}"
"Inspirations","inspirations:bookshelf",3232,"true",9323,0,"Bookshelf","true","","{texture:{id:""environs:frozen_slab"",Count:1,Damage:0s}}"
"Inspirations","inspirations:bookshelf",3232,"true",9323,0,"Bookshelf","true","","{texture:{id:""environs:pine_slab"",Count:1,Damage:0s}}"
"Inspirations","inspirations:bookshelf",3232,"true",9323,0,"Bookshelf","true","","{texture:{id:""explorercraft:ash_slab"",Count:1,Damage:0s}}"
"Inspirations","inspirations:bookshelf",3232,"true",9323,0,"Bookshelf","true","","{texture:{id:""explorercraft:bamboo_slab"",Count:1,Damage:0s}}"
"Inspirations","inspirations:bookshelf",3232,"true",9323,0,"Bookshelf","true","","{texture:{id:""explorercraft:cherry_slab"",Count:1,Damage:0s}}"
"Inspirations","inspirations:bookshelf",3232,"true",9323,0,"Bookshelf","true","","{texture:{id:""explorercraft:maple_slab"",Count:1,Damage:0s}}"
"Inspirations","inspirations:bookshelf",3232,"true",9323,0,"Bookshelf","true","","{texture:{id:""minecraft:wooden_slab"",Count:1,Damage:0s}}"
"Inspirations","inspirations:bookshelf",3232,"true",9323,0,"Bookshelf","true","","{texture:{id:""minecraft:wooden_slab"",Count:1,Damage:1s}}"
"Inspirations","inspirations:bookshelf",3232,"true",9323,0,"Bookshelf","true","","{texture:{id:""minecraft:wooden_slab"",Count:1,Damage:2s}}"
"Inspirations","inspirations:bookshelf",3232,"true",9323,0,"Bookshelf","true","","{texture:{id:""minecraft:wooden_slab"",Count:1,Damage:3s}}"
"Inspirations","inspirations:bookshelf",3232,"true",9323,0,"Bookshelf","true","","{texture:{id:""minecraft:wooden_slab"",Count:1,Damage:4s}}"
"Inspirations","inspirations:bookshelf",3232,"true",9323,0,"Bookshelf","true","","{texture:{id:""minecraft:wooden_slab"",Count:1,Damage:5s}}"
"Inspirations","inspirations:bookshelf",3232,"true",9323,0,"Bookshelf","true","","{texture:{id:""mysticalworld:charred_slab"",Count:1,Damage:0s}}"
"Inspirations","inspirations:bookshelf",3232,"true",9323,0,"Bookshelf","true","","{texture:{id:""natura:nether_slab"",Count:1,Damage:0s}}"
"Inspirations","inspirations:bookshelf",3232,"true",9323,0,"Bookshelf","true","","{texture:{id:""natura:nether_slab"",Count:1,Damage:1s}}"
"Inspirations","inspirations:bookshelf",3232,"true",9323,0,"Bookshelf","true","","{texture:{id:""natura:nether_slab"",Count:1,Damage:2s}}"
"Inspirations","inspirations:bookshelf",3232,"true",9323,0,"Bookshelf","true","","{texture:{id:""natura:nether_slab"",Count:1,Damage:3s}}"
"Inspirations","inspirations:bookshelf",3232,"true",9323,0,"Bookshelf","true","","{texture:{id:""natura:overworld_slab"",Count:1,Damage:0s}}"
"Inspirations","inspirations:bookshelf",3232,"true",9323,0,"Bookshelf","true","","{texture:{id:""natura:overworld_slab"",Count:1,Damage:1s}}"
"Inspirations","inspirations:bookshelf",3232,"true",9323,0,"Bookshelf","true","","{texture:{id:""natura:overworld_slab"",Count:1,Damage:2s}}"
"Inspirations","inspirations:bookshelf",3232,"true",9323,0,"Bookshelf","true","","{texture:{id:""natura:overworld_slab"",Count:1,Damage:3s}}"
"Inspirations","inspirations:bookshelf",3232,"true",9323,0,"Bookshelf","true","","{texture:{id:""natura:overworld_slab"",Count:1,Damage:4s}}"
"Inspirations","inspirations:bookshelf",3232,"true",9323,0,"Bookshelf","true","","{texture:{id:""natura:overworld_slab2"",Count:1,Damage:0s}}"
"Inspirations","inspirations:bookshelf",3232,"true",9323,0,"Bookshelf","true","","{texture:{id:""natura:overworld_slab2"",Count:1,Damage:1s}}"
"Inspirations","inspirations:bookshelf",3232,"true",9323,0,"Bookshelf","true","","{texture:{id:""natura:overworld_slab2"",Count:1,Damage:2s}}"
"Inspirations","inspirations:bookshelf",3232,"true",9323,0,"Bookshelf","true","","{texture:{id:""natura:overworld_slab2"",Count:1,Damage:3s}}"
"Inspirations","inspirations:bookshelf",3232,"true",9323,0,"Bookshelf","true","","{texture:{id:""natura:overworld_slab2"",Count:1,Damage:4s}}"
"Inspirations","inspirations:bookshelf",3232,"true",9323,0,"Bookshelf","true","","{texture:{id:""oe:palm_slab"",Count:1,Damage:0s}}"
"Inspirations","inspirations:bookshelf",3232,"true",9323,0,"Bookshelf","true","","{texture:{id:""pvj:aspen_slab"",Count:1,Damage:0s}}"
"Inspirations","inspirations:bookshelf",3232,"true",9323,0,"Bookshelf","true","","{texture:{id:""pvj:baobab_slab"",Count:1,Damage:0s}}"
"Inspirations","inspirations:bookshelf",3232,"true",9323,0,"Bookshelf","true","","{texture:{id:""pvj:cherry_blossom_slab"",Count:1,Damage:0s}}"
"Inspirations","inspirations:bookshelf",3232,"true",9323,0,"Bookshelf","true","","{texture:{id:""pvj:cottonwood_slab"",Count:1,Damage:0s}}"
"Inspirations","inspirations:bookshelf",3232,"true",9323,0,"Bookshelf","true","","{texture:{id:""pvj:fir_slab"",Count:1,Damage:0s}}"
"Inspirations","inspirations:bookshelf",3232,"true",9323,0,"Bookshelf","true","","{texture:{id:""pvj:jacaranda_slab"",Count:1,Damage:0s}}"
"Inspirations","inspirations:bookshelf",3232,"true",9323,0,"Bookshelf","true","","{texture:{id:""pvj:juniper_slab"",Count:1,Damage:0s}}"
"Inspirations","inspirations:bookshelf",3232,"true",9323,0,"Bookshelf","true","","{texture:{id:""pvj:mangrove_slab"",Count:1,Damage:0s}}"
"Inspirations","inspirations:bookshelf",3232,"true",9323,0,"Bookshelf","true","","{texture:{id:""pvj:maple_slab"",Count:1,Damage:0s}}"
"Inspirations","inspirations:bookshelf",3232,"true",9323,0,"Bookshelf","true","","{texture:{id:""pvj:palm_slab"",Count:1,Damage:0s}}"
"Inspirations","inspirations:bookshelf",3232,"true",9323,0,"Bookshelf","true","","{texture:{id:""pvj:pine_slab"",Count:1,Damage:0s}}"
"Inspirations","inspirations:bookshelf",3232,"true",9323,0,"Bookshelf","true","","{texture:{id:""pvj:redwood_slab"",Count:1,Damage:0s}}"
"Inspirations","inspirations:bookshelf",3232,"true",9323,0,"Bookshelf","true","","{texture:{id:""pvj:willow_slab"",Count:1,Damage:0s}}"
"Inspirations","inspirations:bookshelf",3232,"true",9323,0,"Bookshelf","true","","{texture:{id:""rustic:ironwood_slab_item"",Count:1,Damage:0s}}"
"Inspirations","inspirations:bookshelf",3232,"true",9323,0,"Bookshelf","true","","{texture:{id:""rustic:olive_slab_item"",Count:1,Damage:0s}}"
"Inspirations","inspirations:bookshelf",3232,"true",9323,0,"Bookshelf","true","","{texture:{id:""structurize:blockcactusslab_half"",Count:1,Damage:0s}}"
"Inspirations","inspirations:bookshelf",3232,"true",9323,0,"Bookshelf","true","","{texture:{id:""traverse:fir_slab"",Count:1,Damage:0s}}"
"Inspirations","inspirations:bookshelf",3232,"true",9323,1,"Rainbow Bookshelf","true","","{texture:{id:""aether_legacy:skyroot_slab"",Count:1,Damage:0s}}"
"Inspirations","inspirations:bookshelf",3232,"true",9323,1,"Rainbow Bookshelf","true","","{texture:{id:""ancientbeasts:cursed_slab_half"",Count:1,Damage:0s}}"
"Inspirations","inspirations:bookshelf",3232,"true",9323,1,"Rainbow Bookshelf","true","","{texture:{id:""betterendforge:dragon_tree_slab"",Count:1,Damage:0s}}"
"Inspirations","inspirations:bookshelf",3232,"true",9323,1,"Rainbow Bookshelf","true","","{texture:{id:""betterendforge:end_lotus_slab"",Count:1,Damage:0s}}"
"Inspirations","inspirations:bookshelf",3232,"true",9323,1,"Rainbow Bookshelf","true","","{texture:{id:""betterendforge:helix_tree_slab"",Count:1,Damage:0s}}"
"Inspirations","inspirations:bookshelf",3232,"true",9323,1,"Rainbow Bookshelf","true","","{texture:{id:""betterendforge:jellyshroom_slab"",Count:1,Damage:0s}}"
"Inspirations","inspirations:bookshelf",3232,"true",9323,1,"Rainbow Bookshelf","true","","{texture:{id:""betterendforge:lacugrove_slab"",Count:1,Damage:0s}}"
"Inspirations","inspirations:bookshelf",3232,"true",9323,1,"Rainbow Bookshelf","true","","{texture:{id:""betterendforge:lucernia_slab"",Count:1,Damage:0s}}"
"Inspirations","inspirations:bookshelf",3232,"true",9323,1,"Rainbow Bookshelf","true","","{texture:{id:""betterendforge:mossy_glowshroom_slab"",Count:1,Damage:0s}}"
"Inspirations","inspirations:bookshelf",3232,"true",9323,1,"Rainbow Bookshelf","true","","{texture:{id:""betterendforge:pythadendron_slab"",Count:1,Damage:0s}}"
"Inspirations","inspirations:bookshelf",3232,"true",9323,1,"Rainbow Bookshelf","true","","{texture:{id:""betterendforge:tenanea_slab"",Count:1,Damage:0s}}"
"Inspirations","inspirations:bookshelf",3232,"true",9323,1,"Rainbow Bookshelf","true","","{texture:{id:""betterendforge:umbrella_tree_slab"",Count:1,Damage:0s}}"
"Inspirations","inspirations:bookshelf",3232,"true",9323,1,"Rainbow Bookshelf","true","","{texture:{id:""betternether:reeds_slab_half"",Count:1,Damage:0s}}"
"Inspirations","inspirations:bookshelf",3232,"true",9323,1,"Rainbow Bookshelf","true","","{texture:{id:""betternether:stalagnate_planks_slab_half"",Count:1,Damage:0s}}"
"Inspirations","inspirations:bookshelf",3232,"true",9323,1,"Rainbow Bookshelf","true","","{texture:{id:""biomesoplenty:wood_slab_0"",Count:1,Damage:0s}}"
"Inspirations","inspirations:bookshelf",3232,"true",9323,1,"Rainbow Bookshelf","true","","{texture:{id:""biomesoplenty:wood_slab_0"",Count:1,Damage:1s}}"
"Inspirations","inspirations:bookshelf",3232,"true",9323,1,"Rainbow Bookshelf","true","","{texture:{id:""biomesoplenty:wood_slab_0"",Count:1,Damage:2s}}"
"Inspirations","inspirations:bookshelf",3232,"true",9323,1,"Rainbow Bookshelf","true","","{texture:{id:""biomesoplenty:wood_slab_0"",Count:1,Damage:3s}}"
"Inspirations","inspirations:bookshelf",3232,"true",9323,1,"Rainbow Bookshelf","true","","{texture:{id:""biomesoplenty:wood_slab_0"",Count:1,Damage:4s}}"
"Inspirations","inspirations:bookshelf",3232,"true",9323,1,"Rainbow Bookshelf","true","","{texture:{id:""biomesoplenty:wood_slab_0"",Count:1,Damage:5s}}"
"Inspirations","inspirations:bookshelf",3232,"true",9323,1,"Rainbow Bookshelf","true","","{texture:{id:""biomesoplenty:wood_slab_0"",Count:1,Damage:6s}}"
"Inspirations","inspirations:bookshelf",3232,"true",9323,1,"Rainbow Bookshelf","true","","{texture:{id:""biomesoplenty:wood_slab_0"",Count:1,Damage:7s}}"
"Inspirations","inspirations:bookshelf",3232,"true",9323,1,"Rainbow Bookshelf","true","","{texture:{id:""biomesoplenty:wood_slab_1"",Count:1,Damage:0s}}"
"Inspirations","inspirations:bookshelf",3232,"true",9323,1,"Rainbow Bookshelf","true","","{texture:{id:""biomesoplenty:wood_slab_1"",Count:1,Damage:1s}}"
"Inspirations","inspirations:bookshelf",3232,"true",9323,1,"Rainbow Bookshelf","true","","{texture:{id:""biomesoplenty:wood_slab_1"",Count:1,Damage:2s}}"
"Inspirations","inspirations:bookshelf",3232,"true",9323,1,"Rainbow Bookshelf","true","","{texture:{id:""biomesoplenty:wood_slab_1"",Count:1,Damage:3s}}"
"Inspirations","inspirations:bookshelf",3232,"true",9323,1,"Rainbow Bookshelf","true","","{texture:{id:""biomesoplenty:wood_slab_1"",Count:1,Damage:4s}}"
"Inspirations","inspirations:bookshelf",3232,"true",9323,1,"Rainbow Bookshelf","true","","{texture:{id:""biomesoplenty:wood_slab_1"",Count:1,Damage:5s}}"
"Inspirations","inspirations:bookshelf",3232,"true",9323,1,"Rainbow Bookshelf","true","","{texture:{id:""biomesoplenty:wood_slab_1"",Count:1,Damage:6s}}"
"Inspirations","inspirations:bookshelf",3232,"true",9323,1,"Rainbow Bookshelf","true","","{texture:{id:""biomesoplenty:wood_slab_1"",Count:1,Damage:7s}}"
"Inspirations","inspirations:bookshelf",3232,"true",9323,1,"Rainbow Bookshelf","true","","{texture:{id:""environs:cypress_slab"",Count:1,Damage:0s}}"
"Inspirations","inspirations:bookshelf",3232,"true",9323,1,"Rainbow Bookshelf","true","","{texture:{id:""environs:end_slab"",Count:1,Damage:0s}}"
"Inspirations","inspirations:bookshelf",3232,"true",9323,1,"Rainbow Bookshelf","true","","{texture:{id:""environs:eucalyptus_slab"",Count:1,Damage:0s}}"
"Inspirations","inspirations:bookshelf",3232,"true",9323,1,"Rainbow Bookshelf","true","","{texture:{id:""environs:frozen_slab"",Count:1,Damage:0s}}"
"Inspirations","inspirations:bookshelf",3232,"true",9323,1,"Rainbow Bookshelf","true","","{texture:{id:""environs:pine_slab"",Count:1,Damage:0s}}"
"Inspirations","inspirations:bookshelf",3232,"true",9323,1,"Rainbow Bookshelf","true","","{texture:{id:""explorercraft:ash_slab"",Count:1,Damage:0s}}"
"Inspirations","inspirations:bookshelf",3232,"true",9323,1,"Rainbow Bookshelf","true","","{texture:{id:""explorercraft:bamboo_slab"",Count:1,Damage:0s}}"
"Inspirations","inspirations:bookshelf",3232,"true",9323,1,"Rainbow Bookshelf","true","","{texture:{id:""explorercraft:cherry_slab"",Count:1,Damage:0s}}"
"Inspirations","inspirations:bookshelf",3232,"true",9323,1,"Rainbow Bookshelf","true","","{texture:{id:""explorercraft:maple_slab"",Count:1,Damage:0s}}"
"Inspirations","inspirations:bookshelf",3232,"true",9323,1,"Rainbow Bookshelf","true","","{texture:{id:""minecraft:wooden_slab"",Count:1,Damage:0s}}"
"Inspirations","inspirations:bookshelf",3232,"true",9323,1,"Rainbow Bookshelf","true","","{texture:{id:""minecraft:wooden_slab"",Count:1,Damage:1s}}"
"Inspirations","inspirations:bookshelf",3232,"true",9323,1,"Rainbow Bookshelf","true","","{texture:{id:""minecraft:wooden_slab"",Count:1,Damage:2s}}"
"Inspirations","inspirations:bookshelf",3232,"true",9323,1,"Rainbow Bookshelf","true","","{texture:{id:""minecraft:wooden_slab"",Count:1,Damage:3s}}"
"Inspirations","inspirations:bookshelf",3232,"true",9323,1,"Rainbow Bookshelf","true","","{texture:{id:""minecraft:wooden_slab"",Count:1,Damage:4s}}"
"Inspirations","inspirations:bookshelf",3232,"true",9323,1,"Rainbow Bookshelf","true","","{texture:{id:""minecraft:wooden_slab"",Count:1,Damage:5s}}"
"Inspirations","inspirations:bookshelf",3232,"true",9323,1,"Rainbow Bookshelf","true","","{texture:{id:""mysticalworld:charred_slab"",Count:1,Damage:0s}}"
"Inspirations","inspirations:bookshelf",3232,"true",9323,1,"Rainbow Bookshelf","true","","{texture:{id:""natura:nether_slab"",Count:1,Damage:0s}}"
"Inspirations","inspirations:bookshelf",3232,"true",9323,1,"Rainbow Bookshelf","true","","{texture:{id:""natura:nether_slab"",Count:1,Damage:1s}}"
"Inspirations","inspirations:bookshelf",3232,"true",9323,1,"Rainbow Bookshelf","true","","{texture:{id:""natura:nether_slab"",Count:1,Damage:2s}}"
"Inspirations","inspirations:bookshelf",3232,"true",9323,1,"Rainbow Bookshelf","true","","{texture:{id:""natura:nether_slab"",Count:1,Damage:3s}}"
"Inspirations","inspirations:bookshelf",3232,"true",9323,1,"Rainbow Bookshelf","true","","{texture:{id:""natura:overworld_slab"",Count:1,Damage:0s}}"
"Inspirations","inspirations:bookshelf",3232,"true",9323,1,"Rainbow Bookshelf","true","","{texture:{id:""natura:overworld_slab"",Count:1,Damage:1s}}"
"Inspirations","inspirations:bookshelf",3232,"true",9323,1,"Rainbow Bookshelf","true","","{texture:{id:""natura:overworld_slab"",Count:1,Damage:2s}}"
"Inspirations","inspirations:bookshelf",3232,"true",9323,1,"Rainbow Bookshelf","true","","{texture:{id:""natura:overworld_slab"",Count:1,Damage:3s}}"
"Inspirations","inspirations:bookshelf",3232,"true",9323,1,"Rainbow Bookshelf","true","","{texture:{id:""natura:overworld_slab"",Count:1,Damage:4s}}"
"Inspirations","inspirations:bookshelf",3232,"true",9323,1,"Rainbow Bookshelf","true","","{texture:{id:""natura:overworld_slab2"",Count:1,Damage:0s}}"
"Inspirations","inspirations:bookshelf",3232,"true",9323,1,"Rainbow Bookshelf","true","","{texture:{id:""natura:overworld_slab2"",Count:1,Damage:1s}}"
"Inspirations","inspirations:bookshelf",3232,"true",9323,1,"Rainbow Bookshelf","true","","{texture:{id:""natura:overworld_slab2"",Count:1,Damage:2s}}"
"Inspirations","inspirations:bookshelf",3232,"true",9323,1,"Rainbow Bookshelf","true","","{texture:{id:""natura:overworld_slab2"",Count:1,Damage:3s}}"
"Inspirations","inspirations:bookshelf",3232,"true",9323,1,"Rainbow Bookshelf","true","","{texture:{id:""natura:overworld_slab2"",Count:1,Damage:4s}}"
"Inspirations","inspirations:bookshelf",3232,"true",9323,1,"Rainbow Bookshelf","true","","{texture:{id:""oe:palm_slab"",Count:1,Damage:0s}}"
"Inspirations","inspirations:bookshelf",3232,"true",9323,1,"Rainbow Bookshelf","true","","{texture:{id:""pvj:aspen_slab"",Count:1,Damage:0s}}"
"Inspirations","inspirations:bookshelf",3232,"true",9323,1,"Rainbow Bookshelf","true","","{texture:{id:""pvj:baobab_slab"",Count:1,Damage:0s}}"
"Inspirations","inspirations:bookshelf",3232,"true",9323,1,"Rainbow Bookshelf","true","","{texture:{id:""pvj:cherry_blossom_slab"",Count:1,Damage:0s}}"
"Inspirations","inspirations:bookshelf",3232,"true",9323,1,"Rainbow Bookshelf","true","","{texture:{id:""pvj:cottonwood_slab"",Count:1,Damage:0s}}"
"Inspirations","inspirations:bookshelf",3232,"true",9323,1,"Rainbow Bookshelf","true","","{texture:{id:""pvj:fir_slab"",Count:1,Damage:0s}}"
"Inspirations","inspirations:bookshelf",3232,"true",9323,1,"Rainbow Bookshelf","true","","{texture:{id:""pvj:jacaranda_slab"",Count:1,Damage:0s}}"
"Inspirations","inspirations:bookshelf",3232,"true",9323,1,"Rainbow Bookshelf","true","","{texture:{id:""pvj:juniper_slab"",Count:1,Damage:0s}}"
"Inspirations","inspirations:bookshelf",3232,"true",9323,1,"Rainbow Bookshelf","true","","{texture:{id:""pvj:mangrove_slab"",Count:1,Damage:0s}}"
"Inspirations","inspirations:bookshelf",3232,"true",9323,1,"Rainbow Bookshelf","true","","{texture:{id:""pvj:maple_slab"",Count:1,Damage:0s}}"
"Inspirations","inspirations:bookshelf",3232,"true",9323,1,"Rainbow Bookshelf","true","","{texture:{id:""pvj:palm_slab"",Count:1,Damage:0s}}"
"Inspirations","inspirations:bookshelf",3232,"true",9323,1,"Rainbow Bookshelf","true","","{texture:{id:""pvj:pine_slab"",Count:1,Damage:0s}}"
"Inspirations","inspirations:bookshelf",3232,"true",9323,1,"Rainbow Bookshelf","true","","{texture:{id:""pvj:redwood_slab"",Count:1,Damage:0s}}"
"Inspirations","inspirations:bookshelf",3232,"true",9323,1,"Rainbow Bookshelf","true","","{texture:{id:""pvj:willow_slab"",Count:1,Damage:0s}}"
"Inspirations","inspirations:bookshelf",3232,"true",9323,1,"Rainbow Bookshelf","true","","{texture:{id:""rustic:ironwood_slab_item"",Count:1,Damage:0s}}"
"Inspirations","inspirations:bookshelf",3232,"true",9323,1,"Rainbow Bookshelf","true","","{texture:{id:""rustic:olive_slab_item"",Count:1,Damage:0s}}"
"Inspirations","inspirations:bookshelf",3232,"true",9323,1,"Rainbow Bookshelf","true","","{texture:{id:""structurize:blockcactusslab_half"",Count:1,Damage:0s}}"
"Inspirations","inspirations:bookshelf",3232,"true",9323,1,"Rainbow Bookshelf","true","","{texture:{id:""traverse:fir_slab"",Count:1,Damage:0s}}"
"Inspirations","inspirations:bookshelf",3232,"true",9323,2,"Tomes Bookshelf","true","","{texture:{id:""aether_legacy:skyroot_slab"",Count:1,Damage:0s}}"
"Inspirations","inspirations:bookshelf",3232,"true",9323,2,"Tomes Bookshelf","true","","{texture:{id:""ancientbeasts:cursed_slab_half"",Count:1,Damage:0s}}"
"Inspirations","inspirations:bookshelf",3232,"true",9323,2,"Tomes Bookshelf","true","","{texture:{id:""betterendforge:dragon_tree_slab"",Count:1,Damage:0s}}"
"Inspirations","inspirations:bookshelf",3232,"true",9323,2,"Tomes Bookshelf","true","","{texture:{id:""betterendforge:end_lotus_slab"",Count:1,Damage:0s}}"
"Inspirations","inspirations:bookshelf",3232,"true",9323,2,"Tomes Bookshelf","true","","{texture:{id:""betterendforge:helix_tree_slab"",Count:1,Damage:0s}}"
"Inspirations","inspirations:bookshelf",3232,"true",9323,2,"Tomes Bookshelf","true","","{texture:{id:""betterendforge:jellyshroom_slab"",Count:1,Damage:0s}}"
"Inspirations","inspirations:bookshelf",3232,"true",9323,2,"Tomes Bookshelf","true","","{texture:{id:""betterendforge:lacugrove_slab"",Count:1,Damage:0s}}"
"Inspirations","inspirations:bookshelf",3232,"true",9323,2,"Tomes Bookshelf","true","","{texture:{id:""betterendforge:lucernia_slab"",Count:1,Damage:0s}}"
"Inspirations","inspirations:bookshelf",3232,"true",9323,2,"Tomes Bookshelf","true","","{texture:{id:""betterendforge:mossy_glowshroom_slab"",Count:1,Damage:0s}}"
"Inspirations","inspirations:bookshelf",3232,"true",9323,2,"Tomes Bookshelf","true","","{texture:{id:""betterendforge:pythadendron_slab"",Count:1,Damage:0s}}"
"Inspirations","inspirations:bookshelf",3232,"true",9323,2,"Tomes Bookshelf","true","","{texture:{id:""betterendforge:tenanea_slab"",Count:1,Damage:0s}}"
"Inspirations","inspirations:bookshelf",3232,"true",9323,2,"Tomes Bookshelf","true","","{texture:{id:""betterendforge:umbrella_tree_slab"",Count:1,Damage:0s}}"
"Inspirations","inspirations:bookshelf",3232,"true",9323,2,"Tomes Bookshelf","true","","{texture:{id:""betternether:reeds_slab_half"",Count:1,Damage:0s}}"
"Inspirations","inspirations:bookshelf",3232,"true",9323,2,"Tomes Bookshelf","true","","{texture:{id:""betternether:stalagnate_planks_slab_half"",Count:1,Damage:0s}}"
"Inspirations","inspirations:bookshelf",3232,"true",9323,2,"Tomes Bookshelf","true","","{texture:{id:""biomesoplenty:wood_slab_0"",Count:1,Damage:0s}}"
"Inspirations","inspirations:bookshelf",3232,"true",9323,2,"Tomes Bookshelf","true","","{texture:{id:""biomesoplenty:wood_slab_0"",Count:1,Damage:1s}}"
"Inspirations","inspirations:bookshelf",3232,"true",9323,2,"Tomes Bookshelf","true","","{texture:{id:""biomesoplenty:wood_slab_0"",Count:1,Damage:2s}}"
"Inspirations","inspirations:bookshelf",3232,"true",9323,2,"Tomes Bookshelf","true","","{texture:{id:""biomesoplenty:wood_slab_0"",Count:1,Damage:3s}}"
"Inspirations","inspirations:bookshelf",3232,"true",9323,2,"Tomes Bookshelf","true","","{texture:{id:""biomesoplenty:wood_slab_0"",Count:1,Damage:4s}}"
"Inspirations","inspirations:bookshelf",3232,"true",9323,2,"Tomes Bookshelf","true","","{texture:{id:""biomesoplenty:wood_slab_0"",Count:1,Damage:5s}}"
"Inspirations","inspirations:bookshelf",3232,"true",9323,2,"Tomes Bookshelf","true","","{texture:{id:""biomesoplenty:wood_slab_0"",Count:1,Damage:6s}}"
"Inspirations","inspirations:bookshelf",3232,"true",9323,2,"Tomes Bookshelf","true","","{texture:{id:""biomesoplenty:wood_slab_0"",Count:1,Damage:7s}}"
"Inspirations","inspirations:bookshelf",3232,"true",9323,2,"Tomes Bookshelf","true","","{texture:{id:""biomesoplenty:wood_slab_1"",Count:1,Damage:0s}}"
"Inspirations","inspirations:bookshelf",3232,"true",9323,2,"Tomes Bookshelf","true","","{texture:{id:""biomesoplenty:wood_slab_1"",Count:1,Damage:1s}}"
"Inspirations","inspirations:bookshelf",3232,"true",9323,2,"Tomes Bookshelf","true","","{texture:{id:""biomesoplenty:wood_slab_1"",Count:1,Damage:2s}}"
"Inspirations","inspirations:bookshelf",3232,"true",9323,2,"Tomes Bookshelf","true","","{texture:{id:""biomesoplenty:wood_slab_1"",Count:1,Damage:3s}}"
"Inspirations","inspirations:bookshelf",3232,"true",9323,2,"Tomes Bookshelf","true","","{texture:{id:""biomesoplenty:wood_slab_1"",Count:1,Damage:4s}}"
"Inspirations","inspirations:bookshelf",3232,"true",9323,2,"Tomes Bookshelf","true","","{texture:{id:""biomesoplenty:wood_slab_1"",Count:1,Damage:5s}}"
"Inspirations","inspirations:bookshelf",3232,"true",9323,2,"Tomes Bookshelf","true","","{texture:{id:""biomesoplenty:wood_slab_1"",Count:1,Damage:6s}}"
"Inspirations","inspirations:bookshelf",3232,"true",9323,2,"Tomes Bookshelf","true","","{texture:{id:""biomesoplenty:wood_slab_1"",Count:1,Damage:7s}}"
"Inspirations","inspirations:bookshelf",3232,"true",9323,2,"Tomes Bookshelf","true","","{texture:{id:""environs:cypress_slab"",Count:1,Damage:0s}}"
"Inspirations","inspirations:bookshelf",3232,"true",9323,2,"Tomes Bookshelf","true","","{texture:{id:""environs:end_slab"",Count:1,Damage:0s}}"
"Inspirations","inspirations:bookshelf",3232,"true",9323,2,"Tomes Bookshelf","true","","{texture:{id:""environs:eucalyptus_slab"",Count:1,Damage:0s}}"
"Inspirations","inspirations:bookshelf",3232,"true",9323,2,"Tomes Bookshelf","true","","{texture:{id:""environs:frozen_slab"",Count:1,Damage:0s}}"
"Inspirations","inspirations:bookshelf",3232,"true",9323,2,"Tomes Bookshelf","true","","{texture:{id:""environs:pine_slab"",Count:1,Damage:0s}}"
"Inspirations","inspirations:bookshelf",3232,"true",9323,2,"Tomes Bookshelf","true","","{texture:{id:""explorercraft:ash_slab"",Count:1,Damage:0s}}"
"Inspirations","inspirations:bookshelf",3232,"true",9323,2,"Tomes Bookshelf","true","","{texture:{id:""explorercraft:bamboo_slab"",Count:1,Damage:0s}}"
"Inspirations","inspirations:bookshelf",3232,"true",9323,2,"Tomes Bookshelf","true","","{texture:{id:""explorercraft:cherry_slab"",Count:1,Damage:0s}}"
"Inspirations","inspirations:bookshelf",3232,"true",9323,2,"Tomes Bookshelf","true","","{texture:{id:""explorercraft:maple_slab"",Count:1,Damage:0s}}"
"Inspirations","inspirations:bookshelf",3232,"true",9323,2,"Tomes Bookshelf","true","","{texture:{id:""minecraft:wooden_slab"",Count:1,Damage:0s}}"
"Inspirations","inspirations:bookshelf",3232,"true",9323,2,"Tomes Bookshelf","true","","{texture:{id:""minecraft:wooden_slab"",Count:1,Damage:1s}}"
"Inspirations","inspirations:bookshelf",3232,"true",9323,2,"Tomes Bookshelf","true","","{texture:{id:""minecraft:wooden_slab"",Count:1,Damage:2s}}"
"Inspirations","inspirations:bookshelf",3232,"true",9323,2,"Tomes Bookshelf","true","","{texture:{id:""minecraft:wooden_slab"",Count:1,Damage:3s}}"
"Inspirations","inspirations:bookshelf",3232,"true",9323,2,"Tomes Bookshelf","true","","{texture:{id:""minecraft:wooden_slab"",Count:1,Damage:4s}}"
"Inspirations","inspirations:bookshelf",3232,"true",9323,2,"Tomes Bookshelf","true","","{texture:{id:""minecraft:wooden_slab"",Count:1,Damage:5s}}"
"Inspirations","inspirations:bookshelf",3232,"true",9323,2,"Tomes Bookshelf","true","","{texture:{id:""mysticalworld:charred_slab"",Count:1,Damage:0s}}"
"Inspirations","inspirations:bookshelf",3232,"true",9323,2,"Tomes Bookshelf","true","","{texture:{id:""natura:nether_slab"",Count:1,Damage:0s}}"
"Inspirations","inspirations:bookshelf",3232,"true",9323,2,"Tomes Bookshelf","true","","{texture:{id:""natura:nether_slab"",Count:1,Damage:1s}}"
"Inspirations","inspirations:bookshelf",3232,"true",9323,2,"Tomes Bookshelf","true","","{texture:{id:""natura:nether_slab"",Count:1,Damage:2s}}"
"Inspirations","inspirations:bookshelf",3232,"true",9323,2,"Tomes Bookshelf","true","","{texture:{id:""natura:nether_slab"",Count:1,Damage:3s}}"
"Inspirations","inspirations:bookshelf",3232,"true",9323,2,"Tomes Bookshelf","true","","{texture:{id:""natura:overworld_slab"",Count:1,Damage:0s}}"
"Inspirations","inspirations:bookshelf",3232,"true",9323,2,"Tomes Bookshelf","true","","{texture:{id:""natura:overworld_slab"",Count:1,Damage:1s}}"
"Inspirations","inspirations:bookshelf",3232,"true",9323,2,"Tomes Bookshelf","true","","{texture:{id:""natura:overworld_slab"",Count:1,Damage:2s}}"
"Inspirations","inspirations:bookshelf",3232,"true",9323,2,"Tomes Bookshelf","true","","{texture:{id:""natura:overworld_slab"",Count:1,Damage:3s}}"
"Inspirations","inspirations:bookshelf",3232,"true",9323,2,"Tomes Bookshelf","true","","{texture:{id:""natura:overworld_slab"",Count:1,Damage:4s}}"
"Inspirations","inspirations:bookshelf",3232,"true",9323,2,"Tomes Bookshelf","true","","{texture:{id:""natura:overworld_slab2"",Count:1,Damage:0s}}"
"Inspirations","inspirations:bookshelf",3232,"true",9323,2,"Tomes Bookshelf","true","","{texture:{id:""natura:overworld_slab2"",Count:1,Damage:1s}}"
"Inspirations","inspirations:bookshelf",3232,"true",9323,2,"Tomes Bookshelf","true","","{texture:{id:""natura:overworld_slab2"",Count:1,Damage:2s}}"
"Inspirations","inspirations:bookshelf",3232,"true",9323,2,"Tomes Bookshelf","true","","{texture:{id:""natura:overworld_slab2"",Count:1,Damage:3s}}"
"Inspirations","inspirations:bookshelf",3232,"true",9323,2,"Tomes Bookshelf","true","","{texture:{id:""natura:overworld_slab2"",Count:1,Damage:4s}}"
"Inspirations","inspirations:bookshelf",3232,"true",9323,2,"Tomes Bookshelf","true","","{texture:{id:""oe:palm_slab"",Count:1,Damage:0s}}"
"Inspirations","inspirations:bookshelf",3232,"true",9323,2,"Tomes Bookshelf","true","","{texture:{id:""pvj:aspen_slab"",Count:1,Damage:0s}}"
"Inspirations","inspirations:bookshelf",3232,"true",9323,2,"Tomes Bookshelf","true","","{texture:{id:""pvj:baobab_slab"",Count:1,Damage:0s}}"
"Inspirations","inspirations:bookshelf",3232,"true",9323,2,"Tomes Bookshelf","true","","{texture:{id:""pvj:cherry_blossom_slab"",Count:1,Damage:0s}}"
"Inspirations","inspirations:bookshelf",3232,"true",9323,2,"Tomes Bookshelf","true","","{texture:{id:""pvj:cottonwood_slab"",Count:1,Damage:0s}}"
"Inspirations","inspirations:bookshelf",3232,"true",9323,2,"Tomes Bookshelf","true","","{texture:{id:""pvj:fir_slab"",Count:1,Damage:0s}}"
"Inspirations","inspirations:bookshelf",3232,"true",9323,2,"Tomes Bookshelf","true","","{texture:{id:""pvj:jacaranda_slab"",Count:1,Damage:0s}}"
"Inspirations","inspirations:bookshelf",3232,"true",9323,2,"Tomes Bookshelf","true","","{texture:{id:""pvj:juniper_slab"",Count:1,Damage:0s}}"
"Inspirations","inspirations:bookshelf",3232,"true",9323,2,"Tomes Bookshelf","true","","{texture:{id:""pvj:mangrove_slab"",Count:1,Damage:0s}}"
"Inspirations","inspirations:bookshelf",3232,"true",9323,2,"Tomes Bookshelf","true","","{texture:{id:""pvj:maple_slab"",Count:1,Damage:0s}}"
"Inspirations","inspirations:bookshelf",3232,"true",9323,2,"Tomes Bookshelf","true","","{texture:{id:""pvj:palm_slab"",Count:1,Damage:0s}}"
"Inspirations","inspirations:bookshelf",3232,"true",9323,2,"Tomes Bookshelf","true","","{texture:{id:""pvj:pine_slab"",Count:1,Damage:0s}}"
"Inspirations","inspirations:bookshelf",3232,"true",9323,2,"Tomes Bookshelf","true","","{texture:{id:""pvj:redwood_slab"",Count:1,Damage:0s}}"
"Inspirations","inspirations:bookshelf",3232,"true",9323,2,"Tomes Bookshelf","true","","{texture:{id:""pvj:willow_slab"",Count:1,Damage:0s}}"
"Inspirations","inspirations:bookshelf",3232,"true",9323,2,"Tomes Bookshelf","true","","{texture:{id:""rustic:ironwood_slab_item"",Count:1,Damage:0s}}"
"Inspirations","inspirations:bookshelf",3232,"true",9323,2,"Tomes Bookshelf","true","","{texture:{id:""rustic:olive_slab_item"",Count:1,Damage:0s}}"
"Inspirations","inspirations:bookshelf",3232,"true",9323,2,"Tomes Bookshelf","true","","{texture:{id:""structurize:blockcactusslab_half"",Count:1,Damage:0s}}"
"Inspirations","inspirations:bookshelf",3232,"true",9323,2,"Tomes Bookshelf","true","","{texture:{id:""traverse:fir_slab"",Count:1,Damage:0s}}"
"Inspirations","inspirations:bookshelf",3232,"true",9323,3,"Ancient Bookshelf","true","","{texture:{id:""aether_legacy:skyroot_slab"",Count:1,Damage:0s}}"
"Inspirations","inspirations:bookshelf",3232,"true",9323,3,"Ancient Bookshelf","true","","{texture:{id:""ancientbeasts:cursed_slab_half"",Count:1,Damage:0s}}"
"Inspirations","inspirations:bookshelf",3232,"true",9323,3,"Ancient Bookshelf","true","","{texture:{id:""betterendforge:dragon_tree_slab"",Count:1,Damage:0s}}"
"Inspirations","inspirations:bookshelf",3232,"true",9323,3,"Ancient Bookshelf","true","","{texture:{id:""betterendforge:end_lotus_slab"",Count:1,Damage:0s}}"
"Inspirations","inspirations:bookshelf",3232,"true",9323,3,"Ancient Bookshelf","true","","{texture:{id:""betterendforge:helix_tree_slab"",Count:1,Damage:0s}}"
"Inspirations","inspirations:bookshelf",3232,"true",9323,3,"Ancient Bookshelf","true","","{texture:{id:""betterendforge:jellyshroom_slab"",Count:1,Damage:0s}}"
"Inspirations","inspirations:bookshelf",3232,"true",9323,3,"Ancient Bookshelf","true","","{texture:{id:""betterendforge:lacugrove_slab"",Count:1,Damage:0s}}"
"Inspirations","inspirations:bookshelf",3232,"true",9323,3,"Ancient Bookshelf","true","","{texture:{id:""betterendforge:lucernia_slab"",Count:1,Damage:0s}}"
"Inspirations","inspirations:bookshelf",3232,"true",9323,3,"Ancient Bookshelf","true","","{texture:{id:""betterendforge:mossy_glowshroom_slab"",Count:1,Damage:0s}}"
"Inspirations","inspirations:bookshelf",3232,"true",9323,3,"Ancient Bookshelf","true","","{texture:{id:""betterendforge:pythadendron_slab"",Count:1,Damage:0s}}"
"Inspirations","inspirations:bookshelf",3232,"true",9323,3,"Ancient Bookshelf","true","","{texture:{id:""betterendforge:tenanea_slab"",Count:1,Damage:0s}}"
"Inspirations","inspirations:bookshelf",3232,"true",9323,3,"Ancient Bookshelf","true","","{texture:{id:""betterendforge:umbrella_tree_slab"",Count:1,Damage:0s}}"
"Inspirations","inspirations:bookshelf",3232,"true",9323,3,"Ancient Bookshelf","true","","{texture:{id:""betternether:reeds_slab_half"",Count:1,Damage:0s}}"
"Inspirations","inspirations:bookshelf",3232,"true",9323,3,"Ancient Bookshelf","true","","{texture:{id:""betternether:stalagnate_planks_slab_half"",Count:1,Damage:0s}}"
"Inspirations","inspirations:bookshelf",3232,"true",9323,3,"Ancient Bookshelf","true","","{texture:{id:""biomesoplenty:wood_slab_0"",Count:1,Damage:0s}}"
"Inspirations","inspirations:bookshelf",3232,"true",9323,3,"Ancient Bookshelf","true","","{texture:{id:""biomesoplenty:wood_slab_0"",Count:1,Damage:1s}}"
"Inspirations","inspirations:bookshelf",3232,"true",9323,3,"Ancient Bookshelf","true","","{texture:{id:""biomesoplenty:wood_slab_0"",Count:1,Damage:2s}}"
"Inspirations","inspirations:bookshelf",3232,"true",9323,3,"Ancient Bookshelf","true","","{texture:{id:""biomesoplenty:wood_slab_0"",Count:1,Damage:3s}}"
"Inspirations","inspirations:bookshelf",3232,"true",9323,3,"Ancient Bookshelf","true","","{texture:{id:""biomesoplenty:wood_slab_0"",Count:1,Damage:4s}}"
"Inspirations","inspirations:bookshelf",3232,"true",9323,3,"Ancient Bookshelf","true","","{texture:{id:""biomesoplenty:wood_slab_0"",Count:1,Damage:5s}}"
"Inspirations","inspirations:bookshelf",3232,"true",9323,3,"Ancient Bookshelf","true","","{texture:{id:""biomesoplenty:wood_slab_0"",Count:1,Damage:6s}}"
"Inspirations","inspirations:bookshelf",3232,"true",9323,3,"Ancient Bookshelf","true","","{texture:{id:""biomesoplenty:wood_slab_0"",Count:1,Damage:7s}}"
"Inspirations","inspirations:bookshelf",3232,"true",9323,3,"Ancient Bookshelf","true","","{texture:{id:""biomesoplenty:wood_slab_1"",Count:1,Damage:0s}}"
"Inspirations","inspirations:bookshelf",3232,"true",9323,3,"Ancient Bookshelf","true","","{texture:{id:""biomesoplenty:wood_slab_1"",Count:1,Damage:1s}}"
"Inspirations","inspirations:bookshelf",3232,"true",9323,3,"Ancient Bookshelf","true","","{texture:{id:""biomesoplenty:wood_slab_1"",Count:1,Damage:2s}}"
"Inspirations","inspirations:bookshelf",3232,"true",9323,3,"Ancient Bookshelf","true","","{texture:{id:""biomesoplenty:wood_slab_1"",Count:1,Damage:3s}}"
"Inspirations","inspirations:bookshelf",3232,"true",9323,3,"Ancient Bookshelf","true","","{texture:{id:""biomesoplenty:wood_slab_1"",Count:1,Damage:4s}}"
"Inspirations","inspirations:bookshelf",3232,"true",9323,3,"Ancient Bookshelf","true","","{texture:{id:""biomesoplenty:wood_slab_1"",Count:1,Damage:5s}}"
"Inspirations","inspirations:bookshelf",3232,"true",9323,3,"Ancient Bookshelf","true","","{texture:{id:""biomesoplenty:wood_slab_1"",Count:1,Damage:6s}}"
"Inspirations","inspirations:bookshelf",3232,"true",9323,3,"Ancient Bookshelf","true","","{texture:{id:""biomesoplenty:wood_slab_1"",Count:1,Damage:7s}}"
"Inspirations","inspirations:bookshelf",3232,"true",9323,3,"Ancient Bookshelf","true","","{texture:{id:""environs:cypress_slab"",Count:1,Damage:0s}}"
"Inspirations","inspirations:bookshelf",3232,"true",9323,3,"Ancient Bookshelf","true","","{texture:{id:""environs:end_slab"",Count:1,Damage:0s}}"
"Inspirations","inspirations:bookshelf",3232,"true",9323,3,"Ancient Bookshelf","true","","{texture:{id:""environs:eucalyptus_slab"",Count:1,Damage:0s}}"
"Inspirations","inspirations:bookshelf",3232,"true",9323,3,"Ancient Bookshelf","true","","{texture:{id:""environs:frozen_slab"",Count:1,Damage:0s}}"
"Inspirations","inspirations:bookshelf",3232,"true",9323,3,"Ancient Bookshelf","true","","{texture:{id:""environs:pine_slab"",Count:1,Damage:0s}}"
"Inspirations","inspirations:bookshelf",3232,"true",9323,3,"Ancient Bookshelf","true","","{texture:{id:""explorercraft:ash_slab"",Count:1,Damage:0s}}"
"Inspirations","inspirations:bookshelf",3232,"true",9323,3,"Ancient Bookshelf","true","","{texture:{id:""explorercraft:bamboo_slab"",Count:1,Damage:0s}}"
"Inspirations","inspirations:bookshelf",3232,"true",9323,3,"Ancient Bookshelf","true","","{texture:{id:""explorercraft:cherry_slab"",Count:1,Damage:0s}}"
"Inspirations","inspirations:bookshelf",3232,"true",9323,3,"Ancient Bookshelf","true","","{texture:{id:""explorercraft:maple_slab"",Count:1,Damage:0s}}"
"Inspirations","inspirations:bookshelf",3232,"true",9323,3,"Ancient Bookshelf","true","","{texture:{id:""minecraft:wooden_slab"",Count:1,Damage:0s}}"
"Inspirations","inspirations:bookshelf",3232,"true",9323,3,"Ancient Bookshelf","true","","{texture:{id:""minecraft:wooden_slab"",Count:1,Damage:1s}}"
"Inspirations","inspirations:bookshelf",3232,"true",9323,3,"Ancient Bookshelf","true","","{texture:{id:""minecraft:wooden_slab"",Count:1,Damage:2s}}"
"Inspirations","inspirations:bookshelf",3232,"true",9323,3,"Ancient Bookshelf","true","","{texture:{id:""minecraft:wooden_slab"",Count:1,Damage:3s}}"
"Inspirations","inspirations:bookshelf",3232,"true",9323,3,"Ancient Bookshelf","true","","{texture:{id:""minecraft:wooden_slab"",Count:1,Damage:4s}}"
"Inspirations","inspirations:bookshelf",3232,"true",9323,3,"Ancient Bookshelf","true","","{texture:{id:""minecraft:wooden_slab"",Count:1,Damage:5s}}"
"Inspirations","inspirations:bookshelf",3232,"true",9323,3,"Ancient Bookshelf","true","","{texture:{id:""mysticalworld:charred_slab"",Count:1,Damage:0s}}"
"Inspirations","inspirations:bookshelf",3232,"true",9323,3,"Ancient Bookshelf","true","","{texture:{id:""natura:nether_slab"",Count:1,Damage:0s}}"
"Inspirations","inspirations:bookshelf",3232,"true",9323,3,"Ancient Bookshelf","true","","{texture:{id:""natura:nether_slab"",Count:1,Damage:1s}}"
"Inspirations","inspirations:bookshelf",3232,"true",9323,3,"Ancient Bookshelf","true","","{texture:{id:""natura:nether_slab"",Count:1,Damage:2s}}"
"Inspirations","inspirations:bookshelf",3232,"true",9323,3,"Ancient Bookshelf","true","","{texture:{id:""natura:nether_slab"",Count:1,Damage:3s}}"
"Inspirations","inspirations:bookshelf",3232,"true",9323,3,"Ancient Bookshelf","true","","{texture:{id:""natura:overworld_slab"",Count:1,Damage:0s}}"
"Inspirations","inspirations:bookshelf",3232,"true",9323,3,"Ancient Bookshelf","true","","{texture:{id:""natura:overworld_slab"",Count:1,Damage:1s}}"
"Inspirations","inspirations:bookshelf",3232,"true",9323,3,"Ancient Bookshelf","true","","{texture:{id:""natura:overworld_slab"",Count:1,Damage:2s}}"
"Inspirations","inspirations:bookshelf",3232,"true",9323,3,"Ancient Bookshelf","true","","{texture:{id:""natura:overworld_slab"",Count:1,Damage:3s}}"
"Inspirations","inspirations:bookshelf",3232,"true",9323,3,"Ancient Bookshelf","true","","{texture:{id:""natura:overworld_slab"",Count:1,Damage:4s}}"
"Inspirations","inspirations:bookshelf",3232,"true",9323,3,"Ancient Bookshelf","true","","{texture:{id:""natura:overworld_slab2"",Count:1,Damage:0s}}"
"Inspirations","inspirations:bookshelf",3232,"true",9323,3,"Ancient Bookshelf","true","","{texture:{id:""natura:overworld_slab2"",Count:1,Damage:1s}}"
"Inspirations","inspirations:bookshelf",3232,"true",9323,3,"Ancient Bookshelf","true","","{texture:{id:""natura:overworld_slab2"",Count:1,Damage:2s}}"
"Inspirations","inspirations:bookshelf",3232,"true",9323,3,"Ancient Bookshelf","true","","{texture:{id:""natura:overworld_slab2"",Count:1,Damage:3s}}"
"Inspirations","inspirations:bookshelf",3232,"true",9323,3,"Ancient Bookshelf","true","","{texture:{id:""natura:overworld_slab2"",Count:1,Damage:4s}}"
"Inspirations","inspirations:bookshelf",3232,"true",9323,3,"Ancient Bookshelf","true","","{texture:{id:""oe:palm_slab"",Count:1,Damage:0s}}"
"Inspirations","inspirations:bookshelf",3232,"true",9323,3,"Ancient Bookshelf","true","","{texture:{id:""pvj:aspen_slab"",Count:1,Damage:0s}}"
"Inspirations","inspirations:bookshelf",3232,"true",9323,3,"Ancient Bookshelf","true","","{texture:{id:""pvj:baobab_slab"",Count:1,Damage:0s}}"
"Inspirations","inspirations:bookshelf",3232,"true",9323,3,"Ancient Bookshelf","true","","{texture:{id:""pvj:cherry_blossom_slab"",Count:1,Damage:0s}}"
"Inspirations","inspirations:bookshelf",3232,"true",9323,3,"Ancient Bookshelf","true","","{texture:{id:""pvj:cottonwood_slab"",Count:1,Damage:0s}}"
"Inspirations","inspirations:bookshelf",3232,"true",9323,3,"Ancient Bookshelf","true","","{texture:{id:""pvj:fir_slab"",Count:1,Damage:0s}}"
"Inspirations","inspirations:bookshelf",3232,"true",9323,3,"Ancient Bookshelf","true","","{texture:{id:""pvj:jacaranda_slab"",Count:1,Damage:0s}}"
"Inspirations","inspirations:bookshelf",3232,"true",9323,3,"Ancient Bookshelf","true","","{texture:{id:""pvj:juniper_slab"",Count:1,Damage:0s}}"
"Inspirations","inspirations:bookshelf",3232,"true",9323,3,"Ancient Bookshelf","true","","{texture:{id:""pvj:mangrove_slab"",Count:1,Damage:0s}}"
"Inspirations","inspirations:bookshelf",3232,"true",9323,3,"Ancient Bookshelf","true","","{texture:{id:""pvj:maple_slab"",Count:1,Damage:0s}}"
"Inspirations","inspirations:bookshelf",3232,"true",9323,3,"Ancient Bookshelf","true","","{texture:{id:""pvj:palm_slab"",Count:1,Damage:0s}}"
"Inspirations","inspirations:bookshelf",3232,"true",9323,3,"Ancient Bookshelf","true","","{texture:{id:""pvj:pine_slab"",Count:1,Damage:0s}}"
"Inspirations","inspirations:bookshelf",3232,"true",9323,3,"Ancient Bookshelf","true","","{texture:{id:""pvj:redwood_slab"",Count:1,Damage:0s}}"
"Inspirations","inspirations:bookshelf",3232,"true",9323,3,"Ancient Bookshelf","true","","{texture:{id:""pvj:willow_slab"",Count:1,Damage:0s}}"
"Inspirations","inspirations:bookshelf",3232,"true",9323,3,"Ancient Bookshelf","true","","{texture:{id:""rustic:ironwood_slab_item"",Count:1,Damage:0s}}"
"Inspirations","inspirations:bookshelf",3232,"true",9323,3,"Ancient Bookshelf","true","","{texture:{id:""rustic:olive_slab_item"",Count:1,Damage:0s}}"
"Inspirations","inspirations:bookshelf",3232,"true",9323,3,"Ancient Bookshelf","true","","{texture:{id:""structurize:blockcactusslab_half"",Count:1,Damage:0s}}"
"Inspirations","inspirations:bookshelf",3232,"true",9323,3,"Ancient Bookshelf","true","","{texture:{id:""traverse:fir_slab"",Count:1,Damage:0s}}"
"Inspirations","inspirations:bricks_button",3241,"true",9332,0,"Bricks Button","true","",""
"Inspirations","inspirations:bricks_button",3241,"true",9332,1,"Nether Brick Button","true","",""
"Inspirations","inspirations:cactus_crop",3266,"false",,,"Cactus","true","",""
"Inspirations","inspirations:carpeted_pressure_plate_1",3261,"false",,,"tile.inspirations.carpeted_pressure_plate_1.name","true","",""
"Inspirations","inspirations:carpeted_pressure_plate_2",3262,"false",,,"tile.inspirations.carpeted_pressure_plate_2.name","true","",""
"Inspirations","inspirations:carpeted_trapdoor_black",3260,"false",9350,0,"Black Carpeted Trapdoor","true","trapdoorCarpeted",""
"Inspirations","inspirations:carpeted_trapdoor_blue",3256,"false",9346,0,"Blue Carpeted Trapdoor","true","trapdoorCarpeted",""
"Inspirations","inspirations:carpeted_trapdoor_brown",3257,"false",9347,0,"Brown Carpeted Trapdoor","true","trapdoorCarpeted",""
"Inspirations","inspirations:carpeted_trapdoor_cyan",3254,"false",9344,0,"Cyan Carpeted Trapdoor","true","trapdoorCarpeted",""
"Inspirations","inspirations:carpeted_trapdoor_gray",3252,"false",9342,0,"Gray Carpeted Trapdoor","true","trapdoorCarpeted",""
"Inspirations","inspirations:carpeted_trapdoor_green",3258,"false",9348,0,"Green Carpeted Trapdoor","true","trapdoorCarpeted",""
"Inspirations","inspirations:carpeted_trapdoor_light_blue",3248,"false",9338,0,"Light Blue Carpeted Trapdoor","true","trapdoorCarpeted",""
"Inspirations","inspirations:carpeted_trapdoor_lime",3250,"false",9340,0,"Lime Carpeted Trapdoor","true","trapdoorCarpeted",""
"Inspirations","inspirations:carpeted_trapdoor_magenta",3247,"false",9337,0,"Magenta Carpeted Trapdoor","true","trapdoorCarpeted",""
"Inspirations","inspirations:carpeted_trapdoor_orange",3246,"false",9336,0,"Orange Carpeted Trapdoor","true","trapdoorCarpeted",""
"Inspirations","inspirations:carpeted_trapdoor_pink",3251,"false",9341,0,"Pink Carpeted Trapdoor","true","trapdoorCarpeted",""
"Inspirations","inspirations:carpeted_trapdoor_purple",3255,"false",9345,0,"Purple Carpeted Trapdoor","true","trapdoorCarpeted",""
"Inspirations","inspirations:carpeted_trapdoor_red",3259,"false",9349,0,"Red Carpeted Trapdoor","true","trapdoorCarpeted",""
"Inspirations","inspirations:carpeted_trapdoor_silver",3253,"false",9343,0,"Light Gray Carpeted Trapdoor","true","trapdoorCarpeted",""
"Inspirations","inspirations:carpeted_trapdoor_white",3245,"false",9335,0,"White Carpeted Trapdoor","true","trapdoorCarpeted",""
"Inspirations","inspirations:carpeted_trapdoor_yellow",3249,"false",9339,0,"Yellow Carpeted Trapdoor","true","trapdoorCarpeted",""
"Inspirations","inspirations:collector",3263,"false",9351,0,"Collector","true","",""
"Inspirations","inspirations:enlightened_bush",3239,"true",9328,0,"White Enlightened Bush","true","","{texture:{id:""aether_legacy:aether_leaves"",Count:1,Damage:0s}}"
"Inspirations","inspirations:enlightened_bush",3239,"true",9328,0,"White Enlightened Bush","true","","{texture:{id:""aether_legacy:aether_leaves"",Count:1,Damage:1s}}"
"Inspirations","inspirations:enlightened_bush",3239,"true",9328,0,"White Enlightened Bush","true","","{texture:{id:""aether_legacy:crystal_leaves"",Count:1,Damage:0s}}"
"Inspirations","inspirations:enlightened_bush",3239,"true",9328,0,"White Enlightened Bush","true","","{texture:{id:""aether_legacy:crystal_leaves"",Count:1,Damage:1s}}"
"Inspirations","inspirations:enlightened_bush",3239,"true",9328,0,"White Enlightened Bush","true","","{texture:{id:""aether_legacy:holiday_leaves"",Count:1,Damage:0s}}"
"Inspirations","inspirations:enlightened_bush",3239,"true",9328,0,"White Enlightened Bush","true","","{texture:{id:""aether_legacy:holiday_leaves"",Count:1,Damage:1s}}"
"Inspirations","inspirations:enlightened_bush",3239,"true",9328,0,"White Enlightened Bush","true","","{texture:{id:""ancientbeasts:cursed_leaves"",Count:1,Damage:0s}}"
"Inspirations","inspirations:enlightened_bush",3239,"true",9328,0,"White Enlightened Bush","true","","{texture:{id:""biomesoplenty:leaves_0"",Count:1,Damage:10s}}"
"Inspirations","inspirations:enlightened_bush",3239,"true",9328,0,"White Enlightened Bush","true","","{texture:{id:""biomesoplenty:leaves_0"",Count:1,Damage:11s}}"
"Inspirations","inspirations:enlightened_bush",3239,"true",9328,0,"White Enlightened Bush","true","","{texture:{id:""biomesoplenty:leaves_0"",Count:1,Damage:8s}}"
"Inspirations","inspirations:enlightened_bush",3239,"true",9328,0,"White Enlightened Bush","true","","{texture:{id:""biomesoplenty:leaves_0"",Count:1,Damage:9s}}"
"Inspirations","inspirations:enlightened_bush",3239,"true",9328,0,"White Enlightened Bush","true","","{texture:{id:""biomesoplenty:leaves_1"",Count:1,Damage:10s}}"
"Inspirations","inspirations:enlightened_bush",3239,"true",9328,0,"White Enlightened Bush","true","","{texture:{id:""biomesoplenty:leaves_1"",Count:1,Damage:11s}}"
"Inspirations","inspirations:enlightened_bush",3239,"true",9328,0,"White Enlightened Bush","true","","{texture:{id:""biomesoplenty:leaves_1"",Count:1,Damage:8s}}"
"Inspirations","inspirations:enlightened_bush",3239,"true",9328,0,"White Enlightened Bush","true","","{texture:{id:""biomesoplenty:leaves_1"",Count:1,Damage:9s}}"
"Inspirations","inspirations:enlightened_bush",3239,"true",9328,0,"White Enlightened Bush","true","","{texture:{id:""biomesoplenty:leaves_2"",Count:1,Damage:10s}}"
"Inspirations","inspirations:enlightened_bush",3239,"true",9328,0,"White Enlightened Bush","true","","{texture:{id:""biomesoplenty:leaves_2"",Count:1,Damage:11s}}"
"Inspirations","inspirations:enlightened_bush",3239,"true",9328,0,"White Enlightened Bush","true","","{texture:{id:""biomesoplenty:leaves_2"",Count:1,Damage:8s}}"
"Inspirations","inspirations:enlightened_bush",3239,"true",9328,0,"White Enlightened Bush","true","","{texture:{id:""biomesoplenty:leaves_2"",Count:1,Damage:9s}}"
"Inspirations","inspirations:enlightened_bush",3239,"true",9328,0,"White Enlightened Bush","true","","{texture:{id:""biomesoplenty:leaves_3"",Count:1,Damage:10s}}"
"Inspirations","inspirations:enlightened_bush",3239,"true",9328,0,"White Enlightened Bush","true","","{texture:{id:""biomesoplenty:leaves_3"",Count:1,Damage:11s}}"
"Inspirations","inspirations:enlightened_bush",3239,"true",9328,0,"White Enlightened Bush","true","","{texture:{id:""biomesoplenty:leaves_3"",Count:1,Damage:8s}}"
"Inspirations","inspirations:enlightened_bush",3239,"true",9328,0,"White Enlightened Bush","true","","{texture:{id:""biomesoplenty:leaves_3"",Count:1,Damage:9s}}"
"Inspirations","inspirations:enlightened_bush",3239,"true",9328,0,"White Enlightened Bush","true","","{texture:{id:""biomesoplenty:leaves_4"",Count:1,Damage:10s}}"
"Inspirations","inspirations:enlightened_bush",3239,"true",9328,0,"White Enlightened Bush","true","","{texture:{id:""biomesoplenty:leaves_4"",Count:1,Damage:11s}}"
"Inspirations","inspirations:enlightened_bush",3239,"true",9328,0,"White Enlightened Bush","true","","{texture:{id:""biomesoplenty:leaves_4"",Count:1,Damage:8s}}"
"Inspirations","inspirations:enlightened_bush",3239,"true",9328,0,"White Enlightened Bush","true","","{texture:{id:""biomesoplenty:leaves_4"",Count:1,Damage:9s}}"
"Inspirations","inspirations:enlightened_bush",3239,"true",9328,0,"White Enlightened Bush","true","","{texture:{id:""biomesoplenty:leaves_5"",Count:1,Damage:10s}}"
"Inspirations","inspirations:enlightened_bush",3239,"true",9328,0,"White Enlightened Bush","true","","{texture:{id:""biomesoplenty:leaves_5"",Count:1,Damage:11s}}"
"Inspirations","inspirations:enlightened_bush",3239,"true",9328,0,"White Enlightened Bush","true","","{texture:{id:""biomesoplenty:leaves_5"",Count:1,Damage:8s}}"
"Inspirations","inspirations:enlightened_bush",3239,"true",9328,0,"White Enlightened Bush","true","","{texture:{id:""biomesoplenty:leaves_5"",Count:1,Damage:9s}}"
"Inspirations","inspirations:enlightened_bush",3239,"true",9328,0,"White Enlightened Bush","true","","{texture:{id:""biomesoplenty:leaves_6"",Count:1,Damage:8s}}"
"Inspirations","inspirations:enlightened_bush",3239,"true",9328,0,"White Enlightened Bush","true","","{texture:{id:""biomesoplenty:leaves_6"",Count:1,Damage:9s}}"
"Inspirations","inspirations:enlightened_bush",3239,"true",9328,0,"White Enlightened Bush","true","","{texture:{id:""defiledlands:tenebra_leaves"",Count:1,Damage:0s}}"
"Inspirations","inspirations:enlightened_bush",3239,"true",9328,0,"White Enlightened Bush","true","","{texture:{id:""explorercraft:ash_leaves"",Count:1,Damage:0s}}"
"Inspirations","inspirations:enlightened_bush",3239,"true",9328,0,"White Enlightened Bush","true","","{texture:{id:""explorercraft:bamboo_leaves"",Count:1,Damage:0s}}"
"Inspirations","inspirations:enlightened_bush",3239,"true",9328,0,"White Enlightened Bush","true","","{texture:{id:""explorercraft:cherry_leaves"",Count:1,Damage:0s}}"
"Inspirations","inspirations:enlightened_bush",3239,"true",9328,0,"White Enlightened Bush","true","","{texture:{id:""explorercraft:maple_leaves"",Count:1,Damage:0s}}"
"Inspirations","inspirations:enlightened_bush",3239,"true",9328,0,"White Enlightened Bush","true","","{texture:{id:""minecraft:leaves"",Count:1,Damage:0s}}"
"Inspirations","inspirations:enlightened_bush",3239,"true",9328,0,"White Enlightened Bush","true","","{texture:{id:""minecraft:leaves"",Count:1,Damage:1s}}"
"Inspirations","inspirations:enlightened_bush",3239,"true",9328,0,"White Enlightened Bush","true","","{texture:{id:""minecraft:leaves"",Count:1,Damage:2s}}"
"Inspirations","inspirations:enlightened_bush",3239,"true",9328,0,"White Enlightened Bush","true","","{texture:{id:""minecraft:leaves"",Count:1,Damage:3s}}"
"Inspirations","inspirations:enlightened_bush",3239,"true",9328,0,"White Enlightened Bush","true","","{texture:{id:""minecraft:leaves2"",Count:1,Damage:0s}}"
"Inspirations","inspirations:enlightened_bush",3239,"true",9328,0,"White Enlightened Bush","true","","{texture:{id:""minecraft:leaves2"",Count:1,Damage:1s}}"
"Inspirations","inspirations:enlightened_bush",3239,"true",9328,0,"White Enlightened Bush","true","","{texture:{id:""natura:apple_leaves"",Count:1,Damage:0s}}"
"Inspirations","inspirations:enlightened_bush",3239,"true",9328,0,"White Enlightened Bush","true","","{texture:{id:""natura:apple_leaves"",Count:1,Damage:1s}}"
"Inspirations","inspirations:enlightened_bush",3239,"true",9328,0,"White Enlightened Bush","true","","{texture:{id:""natura:apple_leaves"",Count:1,Damage:2s}}"
"Inspirations","inspirations:enlightened_bush",3239,"true",9328,0,"White Enlightened Bush","true","","{texture:{id:""natura:apple_leaves"",Count:1,Damage:3s}}"
"Inspirations","inspirations:enlightened_bush",3239,"true",9328,0,"White Enlightened Bush","true","","{texture:{id:""natura:nether_leaves"",Count:1,Damage:0s}}"
"Inspirations","inspirations:enlightened_bush",3239,"true",9328,0,"White Enlightened Bush","true","","{texture:{id:""natura:nether_leaves"",Count:1,Damage:1s}}"
"Inspirations","inspirations:enlightened_bush",3239,"true",9328,0,"White Enlightened Bush","true","","{texture:{id:""natura:nether_leaves"",Count:1,Damage:2s}}"
"Inspirations","inspirations:enlightened_bush",3239,"true",9328,0,"White Enlightened Bush","true","","{texture:{id:""natura:nether_leaves2"",Count:1,Damage:0s}}"
"Inspirations","inspirations:enlightened_bush",3239,"true",9328,0,"White Enlightened Bush","true","","{texture:{id:""natura:nether_leaves2"",Count:1,Damage:1s}}"
"Inspirations","inspirations:enlightened_bush",3239,"true",9328,0,"White Enlightened Bush","true","","{texture:{id:""natura:nether_leaves2"",Count:1,Damage:2s}}"
"Inspirations","inspirations:enlightened_bush",3239,"true",9328,0,"White Enlightened Bush","true","","{texture:{id:""natura:overworld_leaves"",Count:1,Damage:0s}}"
"Inspirations","inspirations:enlightened_bush",3239,"true",9328,0,"White Enlightened Bush","true","","{texture:{id:""natura:overworld_leaves"",Count:1,Damage:1s}}"
"Inspirations","inspirations:enlightened_bush",3239,"true",9328,0,"White Enlightened Bush","true","","{texture:{id:""natura:overworld_leaves"",Count:1,Damage:2s}}"
"Inspirations","inspirations:enlightened_bush",3239,"true",9328,0,"White Enlightened Bush","true","","{texture:{id:""natura:overworld_leaves"",Count:1,Damage:3s}}"
"Inspirations","inspirations:enlightened_bush",3239,"true",9328,0,"White Enlightened Bush","true","","{texture:{id:""natura:overworld_leaves2"",Count:1,Damage:0s}}"
"Inspirations","inspirations:enlightened_bush",3239,"true",9328,0,"White Enlightened Bush","true","","{texture:{id:""natura:overworld_leaves2"",Count:1,Damage:1s}}"
"Inspirations","inspirations:enlightened_bush",3239,"true",9328,0,"White Enlightened Bush","true","","{texture:{id:""natura:overworld_leaves2"",Count:1,Damage:2s}}"
"Inspirations","inspirations:enlightened_bush",3239,"true",9328,0,"White Enlightened Bush","true","","{texture:{id:""natura:overworld_leaves2"",Count:1,Damage:3s}}"
"Inspirations","inspirations:enlightened_bush",3239,"true",9328,0,"White Enlightened Bush","true","","{texture:{id:""natura:redwood_leaves"",Count:1,Damage:0s}}"
"Inspirations","inspirations:enlightened_bush",3239,"true",9328,0,"White Enlightened Bush","true","","{texture:{id:""nt:brownautumn_leaves"",Count:1,Damage:0s}}"
"Inspirations","inspirations:enlightened_bush",3239,"true",9328,0,"White Enlightened Bush","true","","{texture:{id:""nt:cherry_leaves_pink"",Count:1,Damage:0s}}"
"Inspirations","inspirations:enlightened_bush",3239,"true",9328,0,"White Enlightened Bush","true","","{texture:{id:""nt:cherry_leaves_purple"",Count:1,Damage:0s}}"
"Inspirations","inspirations:enlightened_bush",3239,"true",9328,0,"White Enlightened Bush","true","","{texture:{id:""nt:cherry_leaves_white"",Count:1,Damage:0s}}"
"Inspirations","inspirations:enlightened_bush",3239,"true",9328,0,"White Enlightened Bush","true","","{texture:{id:""nt:conifer_leaves_orange"",Count:1,Damage:0s}}"
"Inspirations","inspirations:enlightened_bush",3239,"true",9328,0,"White Enlightened Bush","true","","{texture:{id:""nt:conifer_leaves_yellow"",Count:1,Damage:0s}}"
"Inspirations","inspirations:enlightened_bush",3239,"true",9328,0,"White Enlightened Bush","true","","{texture:{id:""nt:jacaranda_leaves"",Count:1,Damage:0s}}"
"Inspirations","inspirations:enlightened_bush",3239,"true",9328,0,"White Enlightened Bush","true","","{texture:{id:""nt:maple_leaves"",Count:1,Damage:0s}}"
"Inspirations","inspirations:enlightened_bush",3239,"true",9328,0,"White Enlightened Bush","true","","{texture:{id:""nt:oak_leaves_red"",Count:1,Damage:0s}}"
"Inspirations","inspirations:enlightened_bush",3239,"true",9328,0,"White Enlightened Bush","true","","{texture:{id:""nt:orangeautumn_leaves"",Count:1,Damage:0s}}"
"Inspirations","inspirations:enlightened_bush",3239,"true",9328,0,"White Enlightened Bush","true","","{texture:{id:""nt:orchard_leaves"",Count:1,Damage:0s}}"
"Inspirations","inspirations:enlightened_bush",3239,"true",9328,0,"White Enlightened Bush","true","","{texture:{id:""nt:paulownia_leaves"",Count:1,Damage:0s}}"
"Inspirations","inspirations:enlightened_bush",3239,"true",9328,0,"White Enlightened Bush","true","","{texture:{id:""nt:redautumn_leaves"",Count:1,Damage:0s}}"
"Inspirations","inspirations:enlightened_bush",3239,"true",9328,0,"White Enlightened Bush","true","","{texture:{id:""nt:spruce_leaves_blue"",Count:1,Damage:0s}}"
"Inspirations","inspirations:enlightened_bush",3239,"true",9328,0,"White Enlightened Bush","true","","{texture:{id:""nt:spruce_leaves_red"",Count:1,Damage:0s}}"
"Inspirations","inspirations:enlightened_bush",3239,"true",9328,0,"White Enlightened Bush","true","","{texture:{id:""nt:whitemyrtle_leaves"",Count:1,Damage:0s}}"
"Inspirations","inspirations:enlightened_bush",3239,"true",9328,0,"White Enlightened Bush","true","","{texture:{id:""nt:yellowautumn_leaves"",Count:1,Damage:0s}}"
"Inspirations","inspirations:enlightened_bush",3239,"true",9328,0,"White Enlightened Bush","true","","{texture:{id:""oe:palm_leaves"",Count:1,Damage:0s}}"
"Inspirations","inspirations:enlightened_bush",3239,"true",9328,0,"White Enlightened Bush","true","","{texture:{id:""oe:palm_leaves_flowering"",Count:1,Damage:0s}}"
"Inspirations","inspirations:enlightened_bush",3239,"true",9328,0,"White Enlightened Bush","true","","{texture:{id:""pvj:leaves_aspen"",Count:1,Damage:0s}}"
"Inspirations","inspirations:enlightened_bush",3239,"true",9328,0,"White Enlightened Bush","true","","{texture:{id:""pvj:leaves_baobab"",Count:1,Damage:0s}}"
"Inspirations","inspirations:enlightened_bush",3239,"true",9328,0,"White Enlightened Bush","true","","{texture:{id:""pvj:leaves_cottonwood"",Count:1,Damage:0s}}"
"Inspirations","inspirations:enlightened_bush",3239,"true",9328,0,"White Enlightened Bush","true","","{texture:{id:""pvj:leaves_fir"",Count:1,Damage:0s}}"
"Inspirations","inspirations:enlightened_bush",3239,"true",9328,0,"White Enlightened Bush","true","","{texture:{id:""pvj:leaves_jacaranda"",Count:1,Damage:0s}}"
"Inspirations","inspirations:enlightened_bush",3239,"true",9328,0,"White Enlightened Bush","true","","{texture:{id:""pvj:leaves_juniper"",Count:1,Damage:0s}}"
"Inspirations","inspirations:enlightened_bush",3239,"true",9328,0,"White Enlightened Bush","true","","{texture:{id:""pvj:leaves_juniper_berried"",Count:1,Damage:0s}}"
"Inspirations","inspirations:enlightened_bush",3239,"true",9328,0,"White Enlightened Bush","true","","{texture:{id:""pvj:leaves_mangrove"",Count:1,Damage:0s}}"
"Inspirations","inspirations:enlightened_bush",3239,"true",9328,0,"White Enlightened Bush","true","","{texture:{id:""pvj:leaves_orange_maple"",Count:1,Damage:0s}}"
"Inspirations","inspirations:enlightened_bush",3239,"true",9328,0,"White Enlightened Bush","true","","{texture:{id:""pvj:leaves_palm"",Count:1,Damage:0s}}"
"Inspirations","inspirations:enlightened_bush",3239,"true",9328,0,"White Enlightened Bush","true","","{texture:{id:""pvj:leaves_pine"",Count:1,Damage:0s}}"
"Inspirations","inspirations:enlightened_bush",3239,"true",9328,0,"White Enlightened Bush","true","","{texture:{id:""pvj:leaves_pink_cherry_blossom"",Count:1,Damage:0s}}"
"Inspirations","inspirations:enlightened_bush",3239,"true",9328,0,"White Enlightened Bush","true","","{texture:{id:""pvj:leaves_red_maple"",Count:1,Damage:0s}}"
"Inspirations","inspirations:enlightened_bush",3239,"true",9328,0,"White Enlightened Bush","true","","{texture:{id:""pvj:leaves_redwood"",Count:1,Damage:0s}}"
"Inspirations","inspirations:enlightened_bush",3239,"true",9328,0,"White Enlightened Bush","true","","{texture:{id:""pvj:leaves_white_cherry_blossom"",Count:1,Damage:0s}}"
"Inspirations","inspirations:enlightened_bush",3239,"true",9328,0,"White Enlightened Bush","true","","{texture:{id:""pvj:leaves_willow"",Count:1,Damage:0s}}"
"Inspirations","inspirations:enlightened_bush",3239,"true",9328,0,"White Enlightened Bush","true","","{texture:{id:""quark:variant_leaves"",Count:1,Damage:0s}}"
"Inspirations","inspirations:enlightened_bush",3239,"true",9328,0,"White Enlightened Bush","true","","{texture:{id:""rustic:leaves"",Count:1,Damage:0s}}"
"Inspirations","inspirations:enlightened_bush",3239,"true",9328,0,"White Enlightened Bush","true","","{texture:{id:""rustic:leaves"",Count:1,Damage:1s}}"
"Inspirations","inspirations:enlightened_bush",3239,"true",9328,0,"White Enlightened Bush","true","","{texture:{id:""rustic:leaves_apple"",Count:1,Damage:0s}}"
"Inspirations","inspirations:enlightened_bush",3239,"true",9328,0,"White Enlightened Bush","true","","{texture:{id:""spookybiomes:bloodwood_leaves"",Count:1,Damage:0s}}"
"Inspirations","inspirations:enlightened_bush",3239,"true",9328,0,"White Enlightened Bush","true","","{texture:{id:""spookybiomes:ghostly_leaves"",Count:1,Damage:0s}}"
"Inspirations","inspirations:enlightened_bush",3239,"true",9328,0,"White Enlightened Bush","true","","{texture:{id:""spookybiomes:seeping_leaves"",Count:1,Damage:0s}}"
"Inspirations","inspirations:enlightened_bush",3239,"true",9328,0,"White Enlightened Bush","true","","{texture:{id:""spookybiomes:sorbus_leaves"",Count:1,Damage:0s}}"
"Inspirations","inspirations:enlightened_bush",3239,"true",9328,0,"White Enlightened Bush","true","","{texture:{id:""traverse:brown_autumnal_leaves"",Count:1,Damage:0s}}"
"Inspirations","inspirations:enlightened_bush",3239,"true",9328,0,"White Enlightened Bush","true","","{texture:{id:""traverse:fir_leaves"",Count:1,Damage:0s}}"
"Inspirations","inspirations:enlightened_bush",3239,"true",9328,0,"White Enlightened Bush","true","","{texture:{id:""traverse:orange_autumnal_leaves"",Count:1,Damage:0s}}"
"Inspirations","inspirations:enlightened_bush",3239,"true",9328,0,"White Enlightened Bush","true","","{texture:{id:""traverse:red_autumnal_leaves"",Count:1,Damage:0s}}"
"Inspirations","inspirations:enlightened_bush",3239,"true",9328,0,"White Enlightened Bush","true","","{texture:{id:""traverse:yellow_autumnal_leaves"",Count:1,Damage:0s}}"
"Inspirations","inspirations:enlightened_bush",3239,"true",9328,1,"Red Enlightened Bush","true","","{texture:{id:""aether_legacy:aether_leaves"",Count:1,Damage:0s}}"
"Inspirations","inspirations:enlightened_bush",3239,"true",9328,1,"Red Enlightened Bush","true","","{texture:{id:""aether_legacy:aether_leaves"",Count:1,Damage:1s}}"
"Inspirations","inspirations:enlightened_bush",3239,"true",9328,1,"Red Enlightened Bush","true","","{texture:{id:""aether_legacy:crystal_leaves"",Count:1,Damage:0s}}"
"Inspirations","inspirations:enlightened_bush",3239,"true",9328,1,"Red Enlightened Bush","true","","{texture:{id:""aether_legacy:crystal_leaves"",Count:1,Damage:1s}}"
"Inspirations","inspirations:enlightened_bush",3239,"true",9328,1,"Red Enlightened Bush","true","","{texture:{id:""aether_legacy:holiday_leaves"",Count:1,Damage:0s}}"
"Inspirations","inspirations:enlightened_bush",3239,"true",9328,1,"Red Enlightened Bush","true","","{texture:{id:""aether_legacy:holiday_leaves"",Count:1,Damage:1s}}"
"Inspirations","inspirations:enlightened_bush",3239,"true",9328,1,"Red Enlightened Bush","true","","{texture:{id:""ancientbeasts:cursed_leaves"",Count:1,Damage:0s}}"
"Inspirations","inspirations:enlightened_bush",3239,"true",9328,1,"Red Enlightened Bush","true","","{texture:{id:""biomesoplenty:leaves_0"",Count:1,Damage:10s}}"
"Inspirations","inspirations:enlightened_bush",3239,"true",9328,1,"Red Enlightened Bush","true","","{texture:{id:""biomesoplenty:leaves_0"",Count:1,Damage:11s}}"
"Inspirations","inspirations:enlightened_bush",3239,"true",9328,1,"Red Enlightened Bush","true","","{texture:{id:""biomesoplenty:leaves_0"",Count:1,Damage:8s}}"
"Inspirations","inspirations:enlightened_bush",3239,"true",9328,1,"Red Enlightened Bush","true","","{texture:{id:""biomesoplenty:leaves_0"",Count:1,Damage:9s}}"
"Inspirations","inspirations:enlightened_bush",3239,"true",9328,1,"Red Enlightened Bush","true","","{texture:{id:""biomesoplenty:leaves_1"",Count:1,Damage:10s}}"
"Inspirations","inspirations:enlightened_bush",3239,"true",9328,1,"Red Enlightened Bush","true","","{texture:{id:""biomesoplenty:leaves_1"",Count:1,Damage:11s}}"
"Inspirations","inspirations:enlightened_bush",3239,"true",9328,1,"Red Enlightened Bush","true","","{texture:{id:""biomesoplenty:leaves_1"",Count:1,Damage:8s}}"
"Inspirations","inspirations:enlightened_bush",3239,"true",9328,1,"Red Enlightened Bush","true","","{texture:{id:""biomesoplenty:leaves_1"",Count:1,Damage:9s}}"
"Inspirations","inspirations:enlightened_bush",3239,"true",9328,1,"Red Enlightened Bush","true","","{texture:{id:""biomesoplenty:leaves_2"",Count:1,Damage:10s}}"
"Inspirations","inspirations:enlightened_bush",3239,"true",9328,1,"Red Enlightened Bush","true","","{texture:{id:""biomesoplenty:leaves_2"",Count:1,Damage:11s}}"
"Inspirations","inspirations:enlightened_bush",3239,"true",9328,1,"Red Enlightened Bush","true","","{texture:{id:""biomesoplenty:leaves_2"",Count:1,Damage:8s}}"
"Inspirations","inspirations:enlightened_bush",3239,"true",9328,1,"Red Enlightened Bush","true","","{texture:{id:""biomesoplenty:leaves_2"",Count:1,Damage:9s}}"
"Inspirations","inspirations:enlightened_bush",3239,"true",9328,1,"Red Enlightened Bush","true","","{texture:{id:""biomesoplenty:leaves_3"",Count:1,Damage:10s}}"
"Inspirations","inspirations:enlightened_bush",3239,"true",9328,1,"Red Enlightened Bush","true","","{texture:{id:""biomesoplenty:leaves_3"",Count:1,Damage:11s}}"
"Inspirations","inspirations:enlightened_bush",3239,"true",9328,1,"Red Enlightened Bush","true","","{texture:{id:""biomesoplenty:leaves_3"",Count:1,Damage:8s}}"
"Inspirations","inspirations:enlightened_bush",3239,"true",9328,1,"Red Enlightened Bush","true","","{texture:{id:""biomesoplenty:leaves_3"",Count:1,Damage:9s}}"
"Inspirations","inspirations:enlightened_bush",3239,"true",9328,1,"Red Enlightened Bush","true","","{texture:{id:""biomesoplenty:leaves_4"",Count:1,Damage:10s}}"
"Inspirations","inspirations:enlightened_bush",3239,"true",9328,1,"Red Enlightened Bush","true","","{texture:{id:""biomesoplenty:leaves_4"",Count:1,Damage:11s}}"
"Inspirations","inspirations:enlightened_bush",3239,"true",9328,1,"Red Enlightened Bush","true","","{texture:{id:""biomesoplenty:leaves_4"",Count:1,Damage:8s}}"
"Inspirations","inspirations:enlightened_bush",3239,"true",9328,1,"Red Enlightened Bush","true","","{texture:{id:""biomesoplenty:leaves_4"",Count:1,Damage:9s}}"
"Inspirations","inspirations:enlightened_bush",3239,"true",9328,1,"Red Enlightened Bush","true","","{texture:{id:""biomesoplenty:leaves_5"",Count:1,Damage:10s}}"
"Inspirations","inspirations:enlightened_bush",3239,"true",9328,1,"Red Enlightened Bush","true","","{texture:{id:""biomesoplenty:leaves_5"",Count:1,Damage:11s}}"
"Inspirations","inspirations:enlightened_bush",3239,"true",9328,1,"Red Enlightened Bush","true","","{texture:{id:""biomesoplenty:leaves_5"",Count:1,Damage:8s}}"
"Inspirations","inspirations:enlightened_bush",3239,"true",9328,1,"Red Enlightened Bush","true","","{texture:{id:""biomesoplenty:leaves_5"",Count:1,Damage:9s}}"
"Inspirations","inspirations:enlightened_bush",3239,"true",9328,1,"Red Enlightened Bush","true","","{texture:{id:""biomesoplenty:leaves_6"",Count:1,Damage:8s}}"
"Inspirations","inspirations:enlightened_bush",3239,"true",9328,1,"Red Enlightened Bush","true","","{texture:{id:""biomesoplenty:leaves_6"",Count:1,Damage:9s}}"
"Inspirations","inspirations:enlightened_bush",3239,"true",9328,1,"Red Enlightened Bush","true","","{texture:{id:""defiledlands:tenebra_leaves"",Count:1,Damage:0s}}"
"Inspirations","inspirations:enlightened_bush",3239,"true",9328,1,"Red Enlightened Bush","true","","{texture:{id:""explorercraft:ash_leaves"",Count:1,Damage:0s}}"
"Inspirations","inspirations:enlightened_bush",3239,"true",9328,1,"Red Enlightened Bush","true","","{texture:{id:""explorercraft:bamboo_leaves"",Count:1,Damage:0s}}"
"Inspirations","inspirations:enlightened_bush",3239,"true",9328,1,"Red Enlightened Bush","true","","{texture:{id:""explorercraft:cherry_leaves"",Count:1,Damage:0s}}"
"Inspirations","inspirations:enlightened_bush",3239,"true",9328,1,"Red Enlightened Bush","true","","{texture:{id:""explorercraft:maple_leaves"",Count:1,Damage:0s}}"
"Inspirations","inspirations:enlightened_bush",3239,"true",9328,1,"Red Enlightened Bush","true","","{texture:{id:""minecraft:leaves"",Count:1,Damage:0s}}"
"Inspirations","inspirations:enlightened_bush",3239,"true",9328,1,"Red Enlightened Bush","true","","{texture:{id:""minecraft:leaves"",Count:1,Damage:1s}}"
"Inspirations","inspirations:enlightened_bush",3239,"true",9328,1,"Red Enlightened Bush","true","","{texture:{id:""minecraft:leaves"",Count:1,Damage:2s}}"
"Inspirations","inspirations:enlightened_bush",3239,"true",9328,1,"Red Enlightened Bush","true","","{texture:{id:""minecraft:leaves"",Count:1,Damage:3s}}"
"Inspirations","inspirations:enlightened_bush",3239,"true",9328,1,"Red Enlightened Bush","true","","{texture:{id:""minecraft:leaves2"",Count:1,Damage:0s}}"
"Inspirations","inspirations:enlightened_bush",3239,"true",9328,1,"Red Enlightened Bush","true","","{texture:{id:""minecraft:leaves2"",Count:1,Damage:1s}}"
"Inspirations","inspirations:enlightened_bush",3239,"true",9328,1,"Red Enlightened Bush","true","","{texture:{id:""natura:apple_leaves"",Count:1,Damage:0s}}"
"Inspirations","inspirations:enlightened_bush",3239,"true",9328,1,"Red Enlightened Bush","true","","{texture:{id:""natura:apple_leaves"",Count:1,Damage:1s}}"
"Inspirations","inspirations:enlightened_bush",3239,"true",9328,1,"Red Enlightened Bush","true","","{texture:{id:""natura:apple_leaves"",Count:1,Damage:2s}}"
"Inspirations","inspirations:enlightened_bush",3239,"true",9328,1,"Red Enlightened Bush","true","","{texture:{id:""natura:apple_leaves"",Count:1,Damage:3s}}"
"Inspirations","inspirations:enlightened_bush",3239,"true",9328,1,"Red Enlightened Bush","true","","{texture:{id:""natura:nether_leaves"",Count:1,Damage:0s}}"
"Inspirations","inspirations:enlightened_bush",3239,"true",9328,1,"Red Enlightened Bush","true","","{texture:{id:""natura:nether_leaves"",Count:1,Damage:1s}}"
"Inspirations","inspirations:enlightened_bush",3239,"true",9328,1,"Red Enlightened Bush","true","","{texture:{id:""natura:nether_leaves"",Count:1,Damage:2s}}"
"Inspirations","inspirations:enlightened_bush",3239,"true",9328,1,"Red Enlightened Bush","true","","{texture:{id:""natura:nether_leaves2"",Count:1,Damage:0s}}"
"Inspirations","inspirations:enlightened_bush",3239,"true",9328,1,"Red Enlightened Bush","true","","{texture:{id:""natura:nether_leaves2"",Count:1,Damage:1s}}"
"Inspirations","inspirations:enlightened_bush",3239,"true",9328,1,"Red Enlightened Bush","true","","{texture:{id:""natura:nether_leaves2"",Count:1,Damage:2s}}"
"Inspirations","inspirations:enlightened_bush",3239,"true",9328,1,"Red Enlightened Bush","true","","{texture:{id:""natura:overworld_leaves"",Count:1,Damage:0s}}"
"Inspirations","inspirations:enlightened_bush",3239,"true",9328,1,"Red Enlightened Bush","true","","{texture:{id:""natura:overworld_leaves"",Count:1,Damage:1s}}"
"Inspirations","inspirations:enlightened_bush",3239,"true",9328,1,"Red Enlightened Bush","true","","{texture:{id:""natura:overworld_leaves"",Count:1,Damage:2s}}"
"Inspirations","inspirations:enlightened_bush",3239,"true",9328,1,"Red Enlightened Bush","true","","{texture:{id:""natura:overworld_leaves"",Count:1,Damage:3s}}"
"Inspirations","inspirations:enlightened_bush",3239,"true",9328,1,"Red Enlightened Bush","true","","{texture:{id:""natura:overworld_leaves2"",Count:1,Damage:0s}}"
"Inspirations","inspirations:enlightened_bush",3239,"true",9328,1,"Red Enlightened Bush","true","","{texture:{id:""natura:overworld_leaves2"",Count:1,Damage:1s}}"
"Inspirations","inspirations:enlightened_bush",3239,"true",9328,1,"Red Enlightened Bush","true","","{texture:{id:""natura:overworld_leaves2"",Count:1,Damage:2s}}"
"Inspirations","inspirations:enlightened_bush",3239,"true",9328,1,"Red Enlightened Bush","true","","{texture:{id:""natura:overworld_leaves2"",Count:1,Damage:3s}}"
"Inspirations","inspirations:enlightened_bush",3239,"true",9328,1,"Red Enlightened Bush","true","","{texture:{id:""natura:redwood_leaves"",Count:1,Damage:0s}}"
"Inspirations","inspirations:enlightened_bush",3239,"true",9328,1,"Red Enlightened Bush","true","","{texture:{id:""nt:brownautumn_leaves"",Count:1,Damage:0s}}"
"Inspirations","inspirations:enlightened_bush",3239,"true",9328,1,"Red Enlightened Bush","true","","{texture:{id:""nt:cherry_leaves_pink"",Count:1,Damage:0s}}"
"Inspirations","inspirations:enlightened_bush",3239,"true",9328,1,"Red Enlightened Bush","true","","{texture:{id:""nt:cherry_leaves_purple"",Count:1,Damage:0s}}"
"Inspirations","inspirations:enlightened_bush",3239,"true",9328,1,"Red Enlightened Bush","true","","{texture:{id:""nt:cherry_leaves_white"",Count:1,Damage:0s}}"
"Inspirations","inspirations:enlightened_bush",3239,"true",9328,1,"Red Enlightened Bush","true","","{texture:{id:""nt:conifer_leaves_orange"",Count:1,Damage:0s}}"
"Inspirations","inspirations:enlightened_bush",3239,"true",9328,1,"Red Enlightened Bush","true","","{texture:{id:""nt:conifer_leaves_yellow"",Count:1,Damage:0s}}"
"Inspirations","inspirations:enlightened_bush",3239,"true",9328,1,"Red Enlightened Bush","true","","{texture:{id:""nt:jacaranda_leaves"",Count:1,Damage:0s}}"
"Inspirations","inspirations:enlightened_bush",3239,"true",9328,1,"Red Enlightened Bush","true","","{texture:{id:""nt:maple_leaves"",Count:1,Damage:0s}}"
"Inspirations","inspirations:enlightened_bush",3239,"true",9328,1,"Red Enlightened Bush","true","","{texture:{id:""nt:oak_leaves_red"",Count:1,Damage:0s}}"
"Inspirations","inspirations:enlightened_bush",3239,"true",9328,1,"Red Enlightened Bush","true","","{texture:{id:""nt:orangeautumn_leaves"",Count:1,Damage:0s}}"
"Inspirations","inspirations:enlightened_bush",3239,"true",9328,1,"Red Enlightened Bush","true","","{texture:{id:""nt:orchard_leaves"",Count:1,Damage:0s}}"
"Inspirations","inspirations:enlightened_bush",3239,"true",9328,1,"Red Enlightened Bush","true","","{texture:{id:""nt:paulownia_leaves"",Count:1,Damage:0s}}"
"Inspirations","inspirations:enlightened_bush",3239,"true",9328,1,"Red Enlightened Bush","true","","{texture:{id:""nt:redautumn_leaves"",Count:1,Damage:0s}}"
"Inspirations","inspirations:enlightened_bush",3239,"true",9328,1,"Red Enlightened Bush","true","","{texture:{id:""nt:spruce_leaves_blue"",Count:1,Damage:0s}}"
"Inspirations","inspirations:enlightened_bush",3239,"true",9328,1,"Red Enlightened Bush","true","","{texture:{id:""nt:spruce_leaves_red"",Count:1,Damage:0s}}"
"Inspirations","inspirations:enlightened_bush",3239,"true",9328,1,"Red Enlightened Bush","true","","{texture:{id:""nt:whitemyrtle_leaves"",Count:1,Damage:0s}}"
"Inspirations","inspirations:enlightened_bush",3239,"true",9328,1,"Red Enlightened Bush","true","","{texture:{id:""nt:yellowautumn_leaves"",Count:1,Damage:0s}}"
"Inspirations","inspirations:enlightened_bush",3239,"true",9328,1,"Red Enlightened Bush","true","","{texture:{id:""oe:palm_leaves"",Count:1,Damage:0s}}"
"Inspirations","inspirations:enlightened_bush",3239,"true",9328,1,"Red Enlightened Bush","true","","{texture:{id:""oe:palm_leaves_flowering"",Count:1,Damage:0s}}"
"Inspirations","inspirations:enlightened_bush",3239,"true",9328,1,"Red Enlightened Bush","true","","{texture:{id:""pvj:leaves_aspen"",Count:1,Damage:0s}}"
"Inspirations","inspirations:enlightened_bush",3239,"true",9328,1,"Red Enlightened Bush","true","","{texture:{id:""pvj:leaves_baobab"",Count:1,Damage:0s}}"
"Inspirations","inspirations:enlightened_bush",3239,"true",9328,1,"Red Enlightened Bush","true","","{texture:{id:""pvj:leaves_cottonwood"",Count:1,Damage:0s}}"
"Inspirations","inspirations:enlightened_bush",3239,"true",9328,1,"Red Enlightened Bush","true","","{texture:{id:""pvj:leaves_fir"",Count:1,Damage:0s}}"
"Inspirations","inspirations:enlightened_bush",3239,"true",9328,1,"Red Enlightened Bush","true","","{texture:{id:""pvj:leaves_jacaranda"",Count:1,Damage:0s}}"
"Inspirations","inspirations:enlightened_bush",3239,"true",9328,1,"Red Enlightened Bush","true","","{texture:{id:""pvj:leaves_juniper"",Count:1,Damage:0s}}"
"Inspirations","inspirations:enlightened_bush",3239,"true",9328,1,"Red Enlightened Bush","true","","{texture:{id:""pvj:leaves_juniper_berried"",Count:1,Damage:0s}}"
"Inspirations","inspirations:enlightened_bush",3239,"true",9328,1,"Red Enlightened Bush","true","","{texture:{id:""pvj:leaves_mangrove"",Count:1,Damage:0s}}"
"Inspirations","inspirations:enlightened_bush",3239,"true",9328,1,"Red Enlightened Bush","true","","{texture:{id:""pvj:leaves_orange_maple"",Count:1,Damage:0s}}"
"Inspirations","inspirations:enlightened_bush",3239,"true",9328,1,"Red Enlightened Bush","true","","{texture:{id:""pvj:leaves_palm"",Count:1,Damage:0s}}"
"Inspirations","inspirations:enlightened_bush",3239,"true",9328,1,"Red Enlightened Bush","true","","{texture:{id:""pvj:leaves_pine"",Count:1,Damage:0s}}"
"Inspirations","inspirations:enlightened_bush",3239,"true",9328,1,"Red Enlightened Bush","true","","{texture:{id:""pvj:leaves_pink_cherry_blossom"",Count:1,Damage:0s}}"
"Inspirations","inspirations:enlightened_bush",3239,"true",9328,1,"Red Enlightened Bush","true","","{texture:{id:""pvj:leaves_red_maple"",Count:1,Damage:0s}}"
"Inspirations","inspirations:enlightened_bush",3239,"true",9328,1,"Red Enlightened Bush","true","","{texture:{id:""pvj:leaves_redwood"",Count:1,Damage:0s}}"
"Inspirations","inspirations:enlightened_bush",3239,"true",9328,1,"Red Enlightened Bush","true","","{texture:{id:""pvj:leaves_white_cherry_blossom"",Count:1,Damage:0s}}"
"Inspirations","inspirations:enlightened_bush",3239,"true",9328,1,"Red Enlightened Bush","true","","{texture:{id:""pvj:leaves_willow"",Count:1,Damage:0s}}"
"Inspirations","inspirations:enlightened_bush",3239,"true",9328,1,"Red Enlightened Bush","true","","{texture:{id:""quark:variant_leaves"",Count:1,Damage:0s}}"
"Inspirations","inspirations:enlightened_bush",3239,"true",9328,1,"Red Enlightened Bush","true","","{texture:{id:""rustic:leaves"",Count:1,Damage:0s}}"
"Inspirations","inspirations:enlightened_bush",3239,"true",9328,1,"Red Enlightened Bush","true","","{texture:{id:""rustic:leaves"",Count:1,Damage:1s}}"
"Inspirations","inspirations:enlightened_bush",3239,"true",9328,1,"Red Enlightened Bush","true","","{texture:{id:""rustic:leaves_apple"",Count:1,Damage:0s}}"
"Inspirations","inspirations:enlightened_bush",3239,"true",9328,1,"Red Enlightened Bush","true","","{texture:{id:""spookybiomes:bloodwood_leaves"",Count:1,Damage:0s}}"
"Inspirations","inspirations:enlightened_bush",3239,"true",9328,1,"Red Enlightened Bush","true","","{texture:{id:""spookybiomes:ghostly_leaves"",Count:1,Damage:0s}}"
"Inspirations","inspirations:enlightened_bush",3239,"true",9328,1,"Red Enlightened Bush","true","","{texture:{id:""spookybiomes:seeping_leaves"",Count:1,Damage:0s}}"
"Inspirations","inspirations:enlightened_bush",3239,"true",9328,1,"Red Enlightened Bush","true","","{texture:{id:""spookybiomes:sorbus_leaves"",Count:1,Damage:0s}}"
"Inspirations","inspirations:enlightened_bush",3239,"true",9328,1,"Red Enlightened Bush","true","","{texture:{id:""traverse:brown_autumnal_leaves"",Count:1,Damage:0s}}"
"Inspirations","inspirations:enlightened_bush",3239,"true",9328,1,"Red Enlightened Bush","true","","{texture:{id:""traverse:fir_leaves"",Count:1,Damage:0s}}"
"Inspirations","inspirations:enlightened_bush",3239,"true",9328,1,"Red Enlightened Bush","true","","{texture:{id:""traverse:orange_autumnal_leaves"",Count:1,Damage:0s}}"
"Inspirations","inspirations:enlightened_bush",3239,"true",9328,1,"Red Enlightened Bush","true","","{texture:{id:""traverse:red_autumnal_leaves"",Count:1,Damage:0s}}"
"Inspirations","inspirations:enlightened_bush",3239,"true",9328,1,"Red Enlightened Bush","true","","{texture:{id:""traverse:yellow_autumnal_leaves"",Count:1,Damage:0s}}"
"Inspirations","inspirations:enlightened_bush",3239,"true",9328,2,"Green Enlightened Bush","true","","{texture:{id:""aether_legacy:aether_leaves"",Count:1,Damage:0s}}"
"Inspirations","inspirations:enlightened_bush",3239,"true",9328,2,"Green Enlightened Bush","true","","{texture:{id:""aether_legacy:aether_leaves"",Count:1,Damage:1s}}"
"Inspirations","inspirations:enlightened_bush",3239,"true",9328,2,"Green Enlightened Bush","true","","{texture:{id:""aether_legacy:crystal_leaves"",Count:1,Damage:0s}}"
"Inspirations","inspirations:enlightened_bush",3239,"true",9328,2,"Green Enlightened Bush","true","","{texture:{id:""aether_legacy:crystal_leaves"",Count:1,Damage:1s}}"
"Inspirations","inspirations:enlightened_bush",3239,"true",9328,2,"Green Enlightened Bush","true","","{texture:{id:""aether_legacy:holiday_leaves"",Count:1,Damage:0s}}"
"Inspirations","inspirations:enlightened_bush",3239,"true",9328,2,"Green Enlightened Bush","true","","{texture:{id:""aether_legacy:holiday_leaves"",Count:1,Damage:1s}}"
"Inspirations","inspirations:enlightened_bush",3239,"true",9328,2,"Green Enlightened Bush","true","","{texture:{id:""ancientbeasts:cursed_leaves"",Count:1,Damage:0s}}"
"Inspirations","inspirations:enlightened_bush",3239,"true",9328,2,"Green Enlightened Bush","true","","{texture:{id:""biomesoplenty:leaves_0"",Count:1,Damage:10s}}"
"Inspirations","inspirations:enlightened_bush",3239,"true",9328,2,"Green Enlightened Bush","true","","{texture:{id:""biomesoplenty:leaves_0"",Count:1,Damage:11s}}"
"Inspirations","inspirations:enlightened_bush",3239,"true",9328,2,"Green Enlightened Bush","true","","{texture:{id:""biomesoplenty:leaves_0"",Count:1,Damage:8s}}"
"Inspirations","inspirations:enlightened_bush",3239,"true",9328,2,"Green Enlightened Bush","true","","{texture:{id:""biomesoplenty:leaves_0"",Count:1,Damage:9s}}"
"Inspirations","inspirations:enlightened_bush",3239,"true",9328,2,"Green Enlightened Bush","true","","{texture:{id:""biomesoplenty:leaves_1"",Count:1,Damage:10s}}"
"Inspirations","inspirations:enlightened_bush",3239,"true",9328,2,"Green Enlightened Bush","true","","{texture:{id:""biomesoplenty:leaves_1"",Count:1,Damage:11s}}"
"Inspirations","inspirations:enlightened_bush",3239,"true",9328,2,"Green Enlightened Bush","true","","{texture:{id:""biomesoplenty:leaves_1"",Count:1,Damage:8s}}"
"Inspirations","inspirations:enlightened_bush",3239,"true",9328,2,"Green Enlightened Bush","true","","{texture:{id:""biomesoplenty:leaves_1"",Count:1,Damage:9s}}"
"Inspirations","inspirations:enlightened_bush",3239,"true",9328,2,"Green Enlightened Bush","true","","{texture:{id:""biomesoplenty:leaves_2"",Count:1,Damage:10s}}"
"Inspirations","inspirations:enlightened_bush",3239,"true",9328,2,"Green Enlightened Bush","true","","{texture:{id:""biomesoplenty:leaves_2"",Count:1,Damage:11s}}"
"Inspirations","inspirations:enlightened_bush",3239,"true",9328,2,"Green Enlightened Bush","true","","{texture:{id:""biomesoplenty:leaves_2"",Count:1,Damage:8s}}"
"Inspirations","inspirations:enlightened_bush",3239,"true",9328,2,"Green Enlightened Bush","true","","{texture:{id:""biomesoplenty:leaves_2"",Count:1,Damage:9s}}"
"Inspirations","inspirations:enlightened_bush",3239,"true",9328,2,"Green Enlightened Bush","true","","{texture:{id:""biomesoplenty:leaves_3"",Count:1,Damage:10s}}"
"Inspirations","inspirations:enlightened_bush",3239,"true",9328,2,"Green Enlightened Bush","true","","{texture:{id:""biomesoplenty:leaves_3"",Count:1,Damage:11s}}"
"Inspirations","inspirations:enlightened_bush",3239,"true",9328,2,"Green Enlightened Bush","true","","{texture:{id:""biomesoplenty:leaves_3"",Count:1,Damage:8s}}"
"Inspirations","inspirations:enlightened_bush",3239,"true",9328,2,"Green Enlightened Bush","true","","{texture:{id:""biomesoplenty:leaves_3"",Count:1,Damage:9s}}"
"Inspirations","inspirations:enlightened_bush",3239,"true",9328,2,"Green Enlightened Bush","true","","{texture:{id:""biomesoplenty:leaves_4"",Count:1,Damage:10s}}"
"Inspirations","inspirations:enlightened_bush",3239,"true",9328,2,"Green Enlightened Bush","true","","{texture:{id:""biomesoplenty:leaves_4"",Count:1,Damage:11s}}"
"Inspirations","inspirations:enlightened_bush",3239,"true",9328,2,"Green Enlightened Bush","true","","{texture:{id:""biomesoplenty:leaves_4"",Count:1,Damage:8s}}"
"Inspirations","inspirations:enlightened_bush",3239,"true",9328,2,"Green Enlightened Bush","true","","{texture:{id:""biomesoplenty:leaves_4"",Count:1,Damage:9s}}"
"Inspirations","inspirations:enlightened_bush",3239,"true",9328,2,"Green Enlightened Bush","true","","{texture:{id:""biomesoplenty:leaves_5"",Count:1,Damage:10s}}"
"Inspirations","inspirations:enlightened_bush",3239,"true",9328,2,"Green Enlightened Bush","true","","{texture:{id:""biomesoplenty:leaves_5"",Count:1,Damage:11s}}"
"Inspirations","inspirations:enlightened_bush",3239,"true",9328,2,"Green Enlightened Bush","true","","{texture:{id:""biomesoplenty:leaves_5"",Count:1,Damage:8s}}"
"Inspirations","inspirations:enlightened_bush",3239,"true",9328,2,"Green Enlightened Bush","true","","{texture:{id:""biomesoplenty:leaves_5"",Count:1,Damage:9s}}"
"Inspirations","inspirations:enlightened_bush",3239,"true",9328,2,"Green Enlightened Bush","true","","{texture:{id:""biomesoplenty:leaves_6"",Count:1,Damage:8s}}"
"Inspirations","inspirations:enlightened_bush",3239,"true",9328,2,"Green Enlightened Bush","true","","{texture:{id:""biomesoplenty:leaves_6"",Count:1,Damage:9s}}"
"Inspirations","inspirations:enlightened_bush",3239,"true",9328,2,"Green Enlightened Bush","true","","{texture:{id:""defiledlands:tenebra_leaves"",Count:1,Damage:0s}}"
"Inspirations","inspirations:enlightened_bush",3239,"true",9328,2,"Green Enlightened Bush","true","","{texture:{id:""explorercraft:ash_leaves"",Count:1,Damage:0s}}"
"Inspirations","inspirations:enlightened_bush",3239,"true",9328,2,"Green Enlightened Bush","true","","{texture:{id:""explorercraft:bamboo_leaves"",Count:1,Damage:0s}}"
"Inspirations","inspirations:enlightened_bush",3239,"true",9328,2,"Green Enlightened Bush","true","","{texture:{id:""explorercraft:cherry_leaves"",Count:1,Damage:0s}}"
"Inspirations","inspirations:enlightened_bush",3239,"true",9328,2,"Green Enlightened Bush","true","","{texture:{id:""explorercraft:maple_leaves"",Count:1,Damage:0s}}"
"Inspirations","inspirations:enlightened_bush",3239,"true",9328,2,"Green Enlightened Bush","true","","{texture:{id:""minecraft:leaves"",Count:1,Damage:0s}}"
"Inspirations","inspirations:enlightened_bush",3239,"true",9328,2,"Green Enlightened Bush","true","","{texture:{id:""minecraft:leaves"",Count:1,Damage:1s}}"
"Inspirations","inspirations:enlightened_bush",3239,"true",9328,2,"Green Enlightened Bush","true","","{texture:{id:""minecraft:leaves"",Count:1,Damage:2s}}"
"Inspirations","inspirations:enlightened_bush",3239,"true",9328,2,"Green Enlightened Bush","true","","{texture:{id:""minecraft:leaves"",Count:1,Damage:3s}}"
"Inspirations","inspirations:enlightened_bush",3239,"true",9328,2,"Green Enlightened Bush","true","","{texture:{id:""minecraft:leaves2"",Count:1,Damage:0s}}"
"Inspirations","inspirations:enlightened_bush",3239,"true",9328,2,"Green Enlightened Bush","true","","{texture:{id:""minecraft:leaves2"",Count:1,Damage:1s}}"
"Inspirations","inspirations:enlightened_bush",3239,"true",9328,2,"Green Enlightened Bush","true","","{texture:{id:""natura:apple_leaves"",Count:1,Damage:0s}}"
"Inspirations","inspirations:enlightened_bush",3239,"true",9328,2,"Green Enlightened Bush","true","","{texture:{id:""natura:apple_leaves"",Count:1,Damage:1s}}"
"Inspirations","inspirations:enlightened_bush",3239,"true",9328,2,"Green Enlightened Bush","true","","{texture:{id:""natura:apple_leaves"",Count:1,Damage:2s}}"
"Inspirations","inspirations:enlightened_bush",3239,"true",9328,2,"Green Enlightened Bush","true","","{texture:{id:""natura:apple_leaves"",Count:1,Damage:3s}}"
"Inspirations","inspirations:enlightened_bush",3239,"true",9328,2,"Green Enlightened Bush","true","","{texture:{id:""natura:nether_leaves"",Count:1,Damage:0s}}"
"Inspirations","inspirations:enlightened_bush",3239,"true",9328,2,"Green Enlightened Bush","true","","{texture:{id:""natura:nether_leaves"",Count:1,Damage:1s}}"
"Inspirations","inspirations:enlightened_bush",3239,"true",9328,2,"Green Enlightened Bush","true","","{texture:{id:""natura:nether_leaves"",Count:1,Damage:2s}}"
"Inspirations","inspirations:enlightened_bush",3239,"true",9328,2,"Green Enlightened Bush","true","","{texture:{id:""natura:nether_leaves2"",Count:1,Damage:0s}}"
"Inspirations","inspirations:enlightened_bush",3239,"true",9328,2,"Green Enlightened Bush","true","","{texture:{id:""natura:nether_leaves2"",Count:1,Damage:1s}}"
"Inspirations","inspirations:enlightened_bush",3239,"true",9328,2,"Green Enlightened Bush","true","","{texture:{id:""natura:nether_leaves2"",Count:1,Damage:2s}}"
"Inspirations","inspirations:enlightened_bush",3239,"true",9328,2,"Green Enlightened Bush","true","","{texture:{id:""natura:overworld_leaves"",Count:1,Damage:0s}}"
"Inspirations","inspirations:enlightened_bush",3239,"true",9328,2,"Green Enlightened Bush","true","","{texture:{id:""natura:overworld_leaves"",Count:1,Damage:1s}}"
"Inspirations","inspirations:enlightened_bush",3239,"true",9328,2,"Green Enlightened Bush","true","","{texture:{id:""natura:overworld_leaves"",Count:1,Damage:2s}}"
"Inspirations","inspirations:enlightened_bush",3239,"true",9328,2,"Green Enlightened Bush","true","","{texture:{id:""natura:overworld_leaves"",Count:1,Damage:3s}}"
"Inspirations","inspirations:enlightened_bush",3239,"true",9328,2,"Green Enlightened Bush","true","","{texture:{id:""natura:overworld_leaves2"",Count:1,Damage:0s}}"
"Inspirations","inspirations:enlightened_bush",3239,"true",9328,2,"Green Enlightened Bush","true","","{texture:{id:""natura:overworld_leaves2"",Count:1,Damage:1s}}"
"Inspirations","inspirations:enlightened_bush",3239,"true",9328,2,"Green Enlightened Bush","true","","{texture:{id:""natura:overworld_leaves2"",Count:1,Damage:2s}}"
"Inspirations","inspirations:enlightened_bush",3239,"true",9328,2,"Green Enlightened Bush","true","","{texture:{id:""natura:overworld_leaves2"",Count:1,Damage:3s}}"
"Inspirations","inspirations:enlightened_bush",3239,"true",9328,2,"Green Enlightened Bush","true","","{texture:{id:""natura:redwood_leaves"",Count:1,Damage:0s}}"
"Inspirations","inspirations:enlightened_bush",3239,"true",9328,2,"Green Enlightened Bush","true","","{texture:{id:""nt:brownautumn_leaves"",Count:1,Damage:0s}}"
"Inspirations","inspirations:enlightened_bush",3239,"true",9328,2,"Green Enlightened Bush","true","","{texture:{id:""nt:cherry_leaves_pink"",Count:1,Damage:0s}}"
"Inspirations","inspirations:enlightened_bush",3239,"true",9328,2,"Green Enlightened Bush","true","","{texture:{id:""nt:cherry_leaves_purple"",Count:1,Damage:0s}}"
"Inspirations","inspirations:enlightened_bush",3239,"true",9328,2,"Green Enlightened Bush","true","","{texture:{id:""nt:cherry_leaves_white"",Count:1,Damage:0s}}"
"Inspirations","inspirations:enlightened_bush",3239,"true",9328,2,"Green Enlightened Bush","true","","{texture:{id:""nt:conifer_leaves_orange"",Count:1,Damage:0s}}"
"Inspirations","inspirations:enlightened_bush",3239,"true",9328,2,"Green Enlightened Bush","true","","{texture:{id:""nt:conifer_leaves_yellow"",Count:1,Damage:0s}}"
"Inspirations","inspirations:enlightened_bush",3239,"true",9328,2,"Green Enlightened Bush","true","","{texture:{id:""nt:jacaranda_leaves"",Count:1,Damage:0s}}"
"Inspirations","inspirations:enlightened_bush",3239,"true",9328,2,"Green Enlightened Bush","true","","{texture:{id:""nt:maple_leaves"",Count:1,Damage:0s}}"
"Inspirations","inspirations:enlightened_bush",3239,"true",9328,2,"Green Enlightened Bush","true","","{texture:{id:""nt:oak_leaves_red"",Count:1,Damage:0s}}"
"Inspirations","inspirations:enlightened_bush",3239,"true",9328,2,"Green Enlightened Bush","true","","{texture:{id:""nt:orangeautumn_leaves"",Count:1,Damage:0s}}"
"Inspirations","inspirations:enlightened_bush",3239,"true",9328,2,"Green Enlightened Bush","true","","{texture:{id:""nt:orchard_leaves"",Count:1,Damage:0s}}"
"Inspirations","inspirations:enlightened_bush",3239,"true",9328,2,"Green Enlightened Bush","true","","{texture:{id:""nt:paulownia_leaves"",Count:1,Damage:0s}}"
"Inspirations","inspirations:enlightened_bush",3239,"true",9328,2,"Green Enlightened Bush","true","","{texture:{id:""nt:redautumn_leaves"",Count:1,Damage:0s}}"
"Inspirations","inspirations:enlightened_bush",3239,"true",9328,2,"Green Enlightened Bush","true","","{texture:{id:""nt:spruce_leaves_blue"",Count:1,Damage:0s}}"
"Inspirations","inspirations:enlightened_bush",3239,"true",9328,2,"Green Enlightened Bush","true","","{texture:{id:""nt:spruce_leaves_red"",Count:1,Damage:0s}}"
"Inspirations","inspirations:enlightened_bush",3239,"true",9328,2,"Green Enlightened Bush","true","","{texture:{id:""nt:whitemyrtle_leaves"",Count:1,Damage:0s}}"
"Inspirations","inspirations:enlightened_bush",3239,"true",9328,2,"Green Enlightened Bush","true","","{texture:{id:""nt:yellowautumn_leaves"",Count:1,Damage:0s}}"
"Inspirations","inspirations:enlightened_bush",3239,"true",9328,2,"Green Enlightened Bush","true","","{texture:{id:""oe:palm_leaves"",Count:1,Damage:0s}}"
"Inspirations","inspirations:enlightened_bush",3239,"true",9328,2,"Green Enlightened Bush","true","","{texture:{id:""oe:palm_leaves_flowering"",Count:1,Damage:0s}}"
"Inspirations","inspirations:enlightened_bush",3239,"true",9328,2,"Green Enlightened Bush","true","","{texture:{id:""pvj:leaves_aspen"",Count:1,Damage:0s}}"
"Inspirations","inspirations:enlightened_bush",3239,"true",9328,2,"Green Enlightened Bush","true","","{texture:{id:""pvj:leaves_baobab"",Count:1,Damage:0s}}"
"Inspirations","inspirations:enlightened_bush",3239,"true",9328,2,"Green Enlightened Bush","true","","{texture:{id:""pvj:leaves_cottonwood"",Count:1,Damage:0s}}"
"Inspirations","inspirations:enlightened_bush",3239,"true",9328,2,"Green Enlightened Bush","true","","{texture:{id:""pvj:leaves_fir"",Count:1,Damage:0s}}"
"Inspirations","inspirations:enlightened_bush",3239,"true",9328,2,"Green Enlightened Bush","true","","{texture:{id:""pvj:leaves_jacaranda"",Count:1,Damage:0s}}"
"Inspirations","inspirations:enlightened_bush",3239,"true",9328,2,"Green Enlightened Bush","true","","{texture:{id:""pvj:leaves_juniper"",Count:1,Damage:0s}}"
"Inspirations","inspirations:enlightened_bush",3239,"true",9328,2,"Green Enlightened Bush","true","","{texture:{id:""pvj:leaves_juniper_berried"",Count:1,Damage:0s}}"
"Inspirations","inspirations:enlightened_bush",3239,"true",9328,2,"Green Enlightened Bush","true","","{texture:{id:""pvj:leaves_mangrove"",Count:1,Damage:0s}}"
"Inspirations","inspirations:enlightened_bush",3239,"true",9328,2,"Green Enlightened Bush","true","","{texture:{id:""pvj:leaves_orange_maple"",Count:1,Damage:0s}}"
"Inspirations","inspirations:enlightened_bush",3239,"true",9328,2,"Green Enlightened Bush","true","","{texture:{id:""pvj:leaves_palm"",Count:1,Damage:0s}}"
"Inspirations","inspirations:enlightened_bush",3239,"true",9328,2,"Green Enlightened Bush","true","","{texture:{id:""pvj:leaves_pine"",Count:1,Damage:0s}}"
"Inspirations","inspirations:enlightened_bush",3239,"true",9328,2,"Green Enlightened Bush","true","","{texture:{id:""pvj:leaves_pink_cherry_blossom"",Count:1,Damage:0s}}"
"Inspirations","inspirations:enlightened_bush",3239,"true",9328,2,"Green Enlightened Bush","true","","{texture:{id:""pvj:leaves_red_maple"",Count:1,Damage:0s}}"
"Inspirations","inspirations:enlightened_bush",3239,"true",9328,2,"Green Enlightened Bush","true","","{texture:{id:""pvj:leaves_redwood"",Count:1,Damage:0s}}"
"Inspirations","inspirations:enlightened_bush",3239,"true",9328,2,"Green Enlightened Bush","true","","{texture:{id:""pvj:leaves_white_cherry_blossom"",Count:1,Damage:0s}}"
"Inspirations","inspirations:enlightened_bush",3239,"true",9328,2,"Green Enlightened Bush","true","","{texture:{id:""pvj:leaves_willow"",Count:1,Damage:0s}}"
"Inspirations","inspirations:enlightened_bush",3239,"true",9328,2,"Green Enlightened Bush","true","","{texture:{id:""quark:variant_leaves"",Count:1,Damage:0s}}"
"Inspirations","inspirations:enlightened_bush",3239,"true",9328,2,"Green Enlightened Bush","true","","{texture:{id:""rustic:leaves"",Count:1,Damage:0s}}"
"Inspirations","inspirations:enlightened_bush",3239,"true",9328,2,"Green Enlightened Bush","true","","{texture:{id:""rustic:leaves"",Count:1,Damage:1s}}"
"Inspirations","inspirations:enlightened_bush",3239,"true",9328,2,"Green Enlightened Bush","true","","{texture:{id:""rustic:leaves_apple"",Count:1,Damage:0s}}"
"Inspirations","inspirations:enlightened_bush",3239,"true",9328,2,"Green Enlightened Bush","true","","{texture:{id:""spookybiomes:bloodwood_leaves"",Count:1,Damage:0s}}"
"Inspirations","inspirations:enlightened_bush",3239,"true",9328,2,"Green Enlightened Bush","true","","{texture:{id:""spookybiomes:ghostly_leaves"",Count:1,Damage:0s}}"
"Inspirations","inspirations:enlightened_bush",3239,"true",9328,2,"Green Enlightened Bush","true","","{texture:{id:""spookybiomes:seeping_leaves"",Count:1,Damage:0s}}"
"Inspirations","inspirations:enlightened_bush",3239,"true",9328,2,"Green Enlightened Bush","true","","{texture:{id:""spookybiomes:sorbus_leaves"",Count:1,Damage:0s}}"
"Inspirations","inspirations:enlightened_bush",3239,"true",9328,2,"Green Enlightened Bush","true","","{texture:{id:""traverse:brown_autumnal_leaves"",Count:1,Damage:0s}}"
"Inspirations","inspirations:enlightened_bush",3239,"true",9328,2,"Green Enlightened Bush","true","","{texture:{id:""traverse:fir_leaves"",Count:1,Damage:0s}}"
"Inspirations","inspirations:enlightened_bush",3239,"true",9328,2,"Green Enlightened Bush","true","","{texture:{id:""traverse:orange_autumnal_leaves"",Count:1,Damage:0s}}"
"Inspirations","inspirations:enlightened_bush",3239,"true",9328,2,"Green Enlightened Bush","true","","{texture:{id:""traverse:red_autumnal_leaves"",Count:1,Damage:0s}}"
"Inspirations","inspirations:enlightened_bush",3239,"true",9328,2,"Green Enlightened Bush","true","","{texture:{id:""traverse:yellow_autumnal_leaves"",Count:1,Damage:0s}}"
"Inspirations","inspirations:enlightened_bush",3239,"true",9328,3,"Blue Enlightened Bush","true","","{texture:{id:""aether_legacy:aether_leaves"",Count:1,Damage:0s}}"
"Inspirations","inspirations:enlightened_bush",3239,"true",9328,3,"Blue Enlightened Bush","true","","{texture:{id:""aether_legacy:aether_leaves"",Count:1,Damage:1s}}"
"Inspirations","inspirations:enlightened_bush",3239,"true",9328,3,"Blue Enlightened Bush","true","","{texture:{id:""aether_legacy:crystal_leaves"",Count:1,Damage:0s}}"
"Inspirations","inspirations:enlightened_bush",3239,"true",9328,3,"Blue Enlightened Bush","true","","{texture:{id:""aether_legacy:crystal_leaves"",Count:1,Damage:1s}}"
"Inspirations","inspirations:enlightened_bush",3239,"true",9328,3,"Blue Enlightened Bush","true","","{texture:{id:""aether_legacy:holiday_leaves"",Count:1,Damage:0s}}"
"Inspirations","inspirations:enlightened_bush",3239,"true",9328,3,"Blue Enlightened Bush","true","","{texture:{id:""aether_legacy:holiday_leaves"",Count:1,Damage:1s}}"
"Inspirations","inspirations:enlightened_bush",3239,"true",9328,3,"Blue Enlightened Bush","true","","{texture:{id:""ancientbeasts:cursed_leaves"",Count:1,Damage:0s}}"
"Inspirations","inspirations:enlightened_bush",3239,"true",9328,3,"Blue Enlightened Bush","true","","{texture:{id:""biomesoplenty:leaves_0"",Count:1,Damage:10s}}"
"Inspirations","inspirations:enlightened_bush",3239,"true",9328,3,"Blue Enlightened Bush","true","","{texture:{id:""biomesoplenty:leaves_0"",Count:1,Damage:11s}}"
"Inspirations","inspirations:enlightened_bush",3239,"true",9328,3,"Blue Enlightened Bush","true","","{texture:{id:""biomesoplenty:leaves_0"",Count:1,Damage:8s}}"
"Inspirations","inspirations:enlightened_bush",3239,"true",9328,3,"Blue Enlightened Bush","true","","{texture:{id:""biomesoplenty:leaves_0"",Count:1,Damage:9s}}"
"Inspirations","inspirations:enlightened_bush",3239,"true",9328,3,"Blue Enlightened Bush","true","","{texture:{id:""biomesoplenty:leaves_1"",Count:1,Damage:10s}}"
"Inspirations","inspirations:enlightened_bush",3239,"true",9328,3,"Blue Enlightened Bush","true","","{texture:{id:""biomesoplenty:leaves_1"",Count:1,Damage:11s}}"
"Inspirations","inspirations:enlightened_bush",3239,"true",9328,3,"Blue Enlightened Bush","true","","{texture:{id:""biomesoplenty:leaves_1"",Count:1,Damage:8s}}"
"Inspirations","inspirations:enlightened_bush",3239,"true",9328,3,"Blue Enlightened Bush","true","","{texture:{id:""biomesoplenty:leaves_1"",Count:1,Damage:9s}}"
"Inspirations","inspirations:enlightened_bush",3239,"true",9328,3,"Blue Enlightened Bush","true","","{texture:{id:""biomesoplenty:leaves_2"",Count:1,Damage:10s}}"
"Inspirations","inspirations:enlightened_bush",3239,"true",9328,3,"Blue Enlightened Bush","true","","{texture:{id:""biomesoplenty:leaves_2"",Count:1,Damage:11s}}"
"Inspirations","inspirations:enlightened_bush",3239,"true",9328,3,"Blue Enlightened Bush","true","","{texture:{id:""biomesoplenty:leaves_2"",Count:1,Damage:8s}}"
"Inspirations","inspirations:enlightened_bush",3239,"true",9328,3,"Blue Enlightened Bush","true","","{texture:{id:""biomesoplenty:leaves_2"",Count:1,Damage:9s}}"
"Inspirations","inspirations:enlightened_bush",3239,"true",9328,3,"Blue Enlightened Bush","true","","{texture:{id:""biomesoplenty:leaves_3"",Count:1,Damage:10s}}"
"Inspirations","inspirations:enlightened_bush",3239,"true",9328,3,"Blue Enlightened Bush","true","","{texture:{id:""biomesoplenty:leaves_3"",Count:1,Damage:11s}}"
"Inspirations","inspirations:enlightened_bush",3239,"true",9328,3,"Blue Enlightened Bush","true","","{texture:{id:""biomesoplenty:leaves_3"",Count:1,Damage:8s}}"
"Inspirations","inspirations:enlightened_bush",3239,"true",9328,3,"Blue Enlightened Bush","true","","{texture:{id:""biomesoplenty:leaves_3"",Count:1,Damage:9s}}"
"Inspirations","inspirations:enlightened_bush",3239,"true",9328,3,"Blue Enlightened Bush","true","","{texture:{id:""biomesoplenty:leaves_4"",Count:1,Damage:10s}}"
"Inspirations","inspirations:enlightened_bush",3239,"true",9328,3,"Blue Enlightened Bush","true","","{texture:{id:""biomesoplenty:leaves_4"",Count:1,Damage:11s}}"
"Inspirations","inspirations:enlightened_bush",3239,"true",9328,3,"Blue Enlightened Bush","true","","{texture:{id:""biomesoplenty:leaves_4"",Count:1,Damage:8s}}"
"Inspirations","inspirations:enlightened_bush",3239,"true",9328,3,"Blue Enlightened Bush","true","","{texture:{id:""biomesoplenty:leaves_4"",Count:1,Damage:9s}}"
"Inspirations","inspirations:enlightened_bush",3239,"true",9328,3,"Blue Enlightened Bush","true","","{texture:{id:""biomesoplenty:leaves_5"",Count:1,Damage:10s}}"
"Inspirations","inspirations:enlightened_bush",3239,"true",9328,3,"Blue Enlightened Bush","true","","{texture:{id:""biomesoplenty:leaves_5"",Count:1,Damage:11s}}"
"Inspirations","inspirations:enlightened_bush",3239,"true",9328,3,"Blue Enlightened Bush","true","","{texture:{id:""biomesoplenty:leaves_5"",Count:1,Damage:8s}}"
"Inspirations","inspirations:enlightened_bush",3239,"true",9328,3,"Blue Enlightened Bush","true","","{texture:{id:""biomesoplenty:leaves_5"",Count:1,Damage:9s}}"
"Inspirations","inspirations:enlightened_bush",3239,"true",9328,3,"Blue Enlightened Bush","true","","{texture:{id:""biomesoplenty:leaves_6"",Count:1,Damage:8s}}"
"Inspirations","inspirations:enlightened_bush",3239,"true",9328,3,"Blue Enlightened Bush","true","","{texture:{id:""biomesoplenty:leaves_6"",Count:1,Damage:9s}}"
"Inspirations","inspirations:enlightened_bush",3239,"true",9328,3,"Blue Enlightened Bush","true","","{texture:{id:""defiledlands:tenebra_leaves"",Count:1,Damage:0s}}"
"Inspirations","inspirations:enlightened_bush",3239,"true",9328,3,"Blue Enlightened Bush","true","","{texture:{id:""explorercraft:ash_leaves"",Count:1,Damage:0s}}"
"Inspirations","inspirations:enlightened_bush",3239,"true",9328,3,"Blue Enlightened Bush","true","","{texture:{id:""explorercraft:bamboo_leaves"",Count:1,Damage:0s}}"
"Inspirations","inspirations:enlightened_bush",3239,"true",9328,3,"Blue Enlightened Bush","true","","{texture:{id:""explorercraft:cherry_leaves"",Count:1,Damage:0s}}"
"Inspirations","inspirations:enlightened_bush",3239,"true",9328,3,"Blue Enlightened Bush","true","","{texture:{id:""explorercraft:maple_leaves"",Count:1,Damage:0s}}"
"Inspirations","inspirations:enlightened_bush",3239,"true",9328,3,"Blue Enlightened Bush","true","","{texture:{id:""minecraft:leaves"",Count:1,Damage:0s}}"
"Inspirations","inspirations:enlightened_bush",3239,"true",9328,3,"Blue Enlightened Bush","true","","{texture:{id:""minecraft:leaves"",Count:1,Damage:1s}}"
"Inspirations","inspirations:enlightened_bush",3239,"true",9328,3,"Blue Enlightened Bush","true","","{texture:{id:""minecraft:leaves"",Count:1,Damage:2s}}"
"Inspirations","inspirations:enlightened_bush",3239,"true",9328,3,"Blue Enlightened Bush","true","","{texture:{id:""minecraft:leaves"",Count:1,Damage:3s}}"
"Inspirations","inspirations:enlightened_bush",3239,"true",9328,3,"Blue Enlightened Bush","true","","{texture:{id:""minecraft:leaves2"",Count:1,Damage:0s}}"
"Inspirations","inspirations:enlightened_bush",3239,"true",9328,3,"Blue Enlightened Bush","true","","{texture:{id:""minecraft:leaves2"",Count:1,Damage:1s}}"
"Inspirations","inspirations:enlightened_bush",3239,"true",9328,3,"Blue Enlightened Bush","true","","{texture:{id:""natura:apple_leaves"",Count:1,Damage:0s}}"
"Inspirations","inspirations:enlightened_bush",3239,"true",9328,3,"Blue Enlightened Bush","true","","{texture:{id:""natura:apple_leaves"",Count:1,Damage:1s}}"
"Inspirations","inspirations:enlightened_bush",3239,"true",9328,3,"Blue Enlightened Bush","true","","{texture:{id:""natura:apple_leaves"",Count:1,Damage:2s}}"
"Inspirations","inspirations:enlightened_bush",3239,"true",9328,3,"Blue Enlightened Bush","true","","{texture:{id:""natura:apple_leaves"",Count:1,Damage:3s}}"
"Inspirations","inspirations:enlightened_bush",3239,"true",9328,3,"Blue Enlightened Bush","true","","{texture:{id:""natura:nether_leaves"",Count:1,Damage:0s}}"
"Inspirations","inspirations:enlightened_bush",3239,"true",9328,3,"Blue Enlightened Bush","true","","{texture:{id:""natura:nether_leaves"",Count:1,Damage:1s}}"
"Inspirations","inspirations:enlightened_bush",3239,"true",9328,3,"Blue Enlightened Bush","true","","{texture:{id:""natura:nether_leaves"",Count:1,Damage:2s}}"
"Inspirations","inspirations:enlightened_bush",3239,"true",9328,3,"Blue Enlightened Bush","true","","{texture:{id:""natura:nether_leaves2"",Count:1,Damage:0s}}"
"Inspirations","inspirations:enlightened_bush",3239,"true",9328,3,"Blue Enlightened Bush","true","","{texture:{id:""natura:nether_leaves2"",Count:1,Damage:1s}}"
"Inspirations","inspirations:enlightened_bush",3239,"true",9328,3,"Blue Enlightened Bush","true","","{texture:{id:""natura:nether_leaves2"",Count:1,Damage:2s}}"
"Inspirations","inspirations:enlightened_bush",3239,"true",9328,3,"Blue Enlightened Bush","true","","{texture:{id:""natura:overworld_leaves"",Count:1,Damage:0s}}"
"Inspirations","inspirations:enlightened_bush",3239,"true",9328,3,"Blue Enlightened Bush","true","","{texture:{id:""natura:overworld_leaves"",Count:1,Damage:1s}}"
"Inspirations","inspirations:enlightened_bush",3239,"true",9328,3,"Blue Enlightened Bush","true","","{texture:{id:""natura:overworld_leaves"",Count:1,Damage:2s}}"
"Inspirations","inspirations:enlightened_bush",3239,"true",9328,3,"Blue Enlightened Bush","true","","{texture:{id:""natura:overworld_leaves"",Count:1,Damage:3s}}"
"Inspirations","inspirations:enlightened_bush",3239,"true",9328,3,"Blue Enlightened Bush","true","","{texture:{id:""natura:overworld_leaves2"",Count:1,Damage:0s}}"
"Inspirations","inspirations:enlightened_bush",3239,"true",9328,3,"Blue Enlightened Bush","true","","{texture:{id:""natura:overworld_leaves2"",Count:1,Damage:1s}}"
"Inspirations","inspirations:enlightened_bush",3239,"true",9328,3,"Blue Enlightened Bush","true","","{texture:{id:""natura:overworld_leaves2"",Count:1,Damage:2s}}"
"Inspirations","inspirations:enlightened_bush",3239,"true",9328,3,"Blue Enlightened Bush","true","","{texture:{id:""natura:overworld_leaves2"",Count:1,Damage:3s}}"
"Inspirations","inspirations:enlightened_bush",3239,"true",9328,3,"Blue Enlightened Bush","true","","{texture:{id:""natura:redwood_leaves"",Count:1,Damage:0s}}"
"Inspirations","inspirations:enlightened_bush",3239,"true",9328,3,"Blue Enlightened Bush","true","","{texture:{id:""nt:brownautumn_leaves"",Count:1,Damage:0s}}"
"Inspirations","inspirations:enlightened_bush",3239,"true",9328,3,"Blue Enlightened Bush","true","","{texture:{id:""nt:cherry_leaves_pink"",Count:1,Damage:0s}}"
"Inspirations","inspirations:enlightened_bush",3239,"true",9328,3,"Blue Enlightened Bush","true","","{texture:{id:""nt:cherry_leaves_purple"",Count:1,Damage:0s}}"
"Inspirations","inspirations:enlightened_bush",3239,"true",9328,3,"Blue Enlightened Bush","true","","{texture:{id:""nt:cherry_leaves_white"",Count:1,Damage:0s}}"
"Inspirations","inspirations:enlightened_bush",3239,"true",9328,3,"Blue Enlightened Bush","true","","{texture:{id:""nt:conifer_leaves_orange"",Count:1,Damage:0s}}"
"Inspirations","inspirations:enlightened_bush",3239,"true",9328,3,"Blue Enlightened Bush","true","","{texture:{id:""nt:conifer_leaves_yellow"",Count:1,Damage:0s}}"
"Inspirations","inspirations:enlightened_bush",3239,"true",9328,3,"Blue Enlightened Bush","true","","{texture:{id:""nt:jacaranda_leaves"",Count:1,Damage:0s}}"
"Inspirations","inspirations:enlightened_bush",3239,"true",9328,3,"Blue Enlightened Bush","true","","{texture:{id:""nt:maple_leaves"",Count:1,Damage:0s}}"
"Inspirations","inspirations:enlightened_bush",3239,"true",9328,3,"Blue Enlightened Bush","true","","{texture:{id:""nt:oak_leaves_red"",Count:1,Damage:0s}}"
"Inspirations","inspirations:enlightened_bush",3239,"true",9328,3,"Blue Enlightened Bush","true","","{texture:{id:""nt:orangeautumn_leaves"",Count:1,Damage:0s}}"
"Inspirations","inspirations:enlightened_bush",3239,"true",9328,3,"Blue Enlightened Bush","true","","{texture:{id:""nt:orchard_leaves"",Count:1,Damage:0s}}"
"Inspirations","inspirations:enlightened_bush",3239,"true",9328,3,"Blue Enlightened Bush","true","","{texture:{id:""nt:paulownia_leaves"",Count:1,Damage:0s}}"
"Inspirations","inspirations:enlightened_bush",3239,"true",9328,3,"Blue Enlightened Bush","true","","{texture:{id:""nt:redautumn_leaves"",Count:1,Damage:0s}}"
"Inspirations","inspirations:enlightened_bush",3239,"true",9328,3,"Blue Enlightened Bush","true","","{texture:{id:""nt:spruce_leaves_blue"",Count:1,Damage:0s}}"
"Inspirations","inspirations:enlightened_bush",3239,"true",9328,3,"Blue Enlightened Bush","true","","{texture:{id:""nt:spruce_leaves_red"",Count:1,Damage:0s}}"
"Inspirations","inspirations:enlightened_bush",3239,"true",9328,3,"Blue Enlightened Bush","true","","{texture:{id:""nt:whitemyrtle_leaves"",Count:1,Damage:0s}}"
"Inspirations","inspirations:enlightened_bush",3239,"true",9328,3,"Blue Enlightened Bush","true","","{texture:{id:""nt:yellowautumn_leaves"",Count:1,Damage:0s}}"
"Inspirations","inspirations:enlightened_bush",3239,"true",9328,3,"Blue Enlightened Bush","true","","{texture:{id:""oe:palm_leaves"",Count:1,Damage:0s}}"
"Inspirations","inspirations:enlightened_bush",3239,"true",9328,3,"Blue Enlightened Bush","true","","{texture:{id:""oe:palm_leaves_flowering"",Count:1,Damage:0s}}"
"Inspirations","inspirations:enlightened_bush",3239,"true",9328,3,"Blue Enlightened Bush","true","","{texture:{id:""pvj:leaves_aspen"",Count:1,Damage:0s}}"
"Inspirations","inspirations:enlightened_bush",3239,"true",9328,3,"Blue Enlightened Bush","true","","{texture:{id:""pvj:leaves_baobab"",Count:1,Damage:0s}}"
"Inspirations","inspirations:enlightened_bush",3239,"true",9328,3,"Blue Enlightened Bush","true","","{texture:{id:""pvj:leaves_cottonwood"",Count:1,Damage:0s}}"
"Inspirations","inspirations:enlightened_bush",3239,"true",9328,3,"Blue Enlightened Bush","true","","{texture:{id:""pvj:leaves_fir"",Count:1,Damage:0s}}"
"Inspirations","inspirations:enlightened_bush",3239,"true",9328,3,"Blue Enlightened Bush","true","","{texture:{id:""pvj:leaves_jacaranda"",Count:1,Damage:0s}}"
"Inspirations","inspirations:enlightened_bush",3239,"true",9328,3,"Blue Enlightened Bush","true","","{texture:{id:""pvj:leaves_juniper"",Count:1,Damage:0s}}"
"Inspirations","inspirations:enlightened_bush",3239,"true",9328,3,"Blue Enlightened Bush","true","","{texture:{id:""pvj:leaves_juniper_berried"",Count:1,Damage:0s}}"
"Inspirations","inspirations:enlightened_bush",3239,"true",9328,3,"Blue Enlightened Bush","true","","{texture:{id:""pvj:leaves_mangrove"",Count:1,Damage:0s}}"
"Inspirations","inspirations:enlightened_bush",3239,"true",9328,3,"Blue Enlightened Bush","true","","{texture:{id:""pvj:leaves_orange_maple"",Count:1,Damage:0s}}"
"Inspirations","inspirations:enlightened_bush",3239,"true",9328,3,"Blue Enlightened Bush","true","","{texture:{id:""pvj:leaves_palm"",Count:1,Damage:0s}}"
"Inspirations","inspirations:enlightened_bush",3239,"true",9328,3,"Blue Enlightened Bush","true","","{texture:{id:""pvj:leaves_pine"",Count:1,Damage:0s}}"
"Inspirations","inspirations:enlightened_bush",3239,"true",9328,3,"Blue Enlightened Bush","true","","{texture:{id:""pvj:leaves_pink_cherry_blossom"",Count:1,Damage:0s}}"
"Inspirations","inspirations:enlightened_bush",3239,"true",9328,3,"Blue Enlightened Bush","true","","{texture:{id:""pvj:leaves_red_maple"",Count:1,Damage:0s}}"
"Inspirations","inspirations:enlightened_bush",3239,"true",9328,3,"Blue Enlightened Bush","true","","{texture:{id:""pvj:leaves_redwood"",Count:1,Damage:0s}}"
"Inspirations","inspirations:enlightened_bush",3239,"true",9328,3,"Blue Enlightened Bush","true","","{texture:{id:""pvj:leaves_white_cherry_blossom"",Count:1,Damage:0s}}"
"Inspirations","inspirations:enlightened_bush",3239,"true",9328,3,"Blue Enlightened Bush","true","","{texture:{id:""pvj:leaves_willow"",Count:1,Damage:0s}}"
"Inspirations","inspirations:enlightened_bush",3239,"true",9328,3,"Blue Enlightened Bush","true","","{texture:{id:""quark:variant_leaves"",Count:1,Damage:0s}}"
"Inspirations","inspirations:enlightened_bush",3239,"true",9328,3,"Blue Enlightened Bush","true","","{texture:{id:""rustic:leaves"",Count:1,Damage:0s}}"
"Inspirations","inspirations:enlightened_bush",3239,"true",9328,3,"Blue Enlightened Bush","true","","{texture:{id:""rustic:leaves"",Count:1,Damage:1s}}"
"Inspirations","inspirations:enlightened_bush",3239,"true",9328,3,"Blue Enlightened Bush","true","","{texture:{id:""rustic:leaves_apple"",Count:1,Damage:0s}}"
"Inspirations","inspirations:enlightened_bush",3239,"true",9328,3,"Blue Enlightened Bush","true","","{texture:{id:""spookybiomes:bloodwood_leaves"",Count:1,Damage:0s}}"
"Inspirations","inspirations:enlightened_bush",3239,"true",9328,3,"Blue Enlightened Bush","true","","{texture:{id:""spookybiomes:ghostly_leaves"",Count:1,Damage:0s}}"
"Inspirations","inspirations:enlightened_bush",3239,"true",9328,3,"Blue Enlightened Bush","true","","{texture:{id:""spookybiomes:seeping_leaves"",Count:1,Damage:0s}}"
"Inspirations","inspirations:enlightened_bush",3239,"true",9328,3,"Blue Enlightened Bush","true","","{texture:{id:""spookybiomes:sorbus_leaves"",Count:1,Damage:0s}}"
"Inspirations","inspirations:enlightened_bush",3239,"true",9328,3,"Blue Enlightened Bush","true","","{texture:{id:""traverse:brown_autumnal_leaves"",Count:1,Damage:0s}}"
"Inspirations","inspirations:enlightened_bush",3239,"true",9328,3,"Blue Enlightened Bush","true","","{texture:{id:""traverse:fir_leaves"",Count:1,Damage:0s}}"
"Inspirations","inspirations:enlightened_bush",3239,"true",9328,3,"Blue Enlightened Bush","true","","{texture:{id:""traverse:orange_autumnal_leaves"",Count:1,Damage:0s}}"
"Inspirations","inspirations:enlightened_bush",3239,"true",9328,3,"Blue Enlightened Bush","true","","{texture:{id:""traverse:red_autumnal_leaves"",Count:1,Damage:0s}}"
"Inspirations","inspirations:enlightened_bush",3239,"true",9328,3,"Blue Enlightened Bush","true","","{texture:{id:""traverse:yellow_autumnal_leaves"",Count:1,Damage:0s}}"
"Inspirations","inspirations:enlightened_bush",3239,"true",9328,4,"Rainbow Enlightened Bush","true","","{texture:{id:""aether_legacy:aether_leaves"",Count:1,Damage:0s}}"
"Inspirations","inspirations:enlightened_bush",3239,"true",9328,4,"Rainbow Enlightened Bush","true","","{texture:{id:""aether_legacy:aether_leaves"",Count:1,Damage:1s}}"
"Inspirations","inspirations:enlightened_bush",3239,"true",9328,4,"Rainbow Enlightened Bush","true","","{texture:{id:""aether_legacy:crystal_leaves"",Count:1,Damage:0s}}"
"Inspirations","inspirations:enlightened_bush",3239,"true",9328,4,"Rainbow Enlightened Bush","true","","{texture:{id:""aether_legacy:crystal_leaves"",Count:1,Damage:1s}}"
"Inspirations","inspirations:enlightened_bush",3239,"true",9328,4,"Rainbow Enlightened Bush","true","","{texture:{id:""aether_legacy:holiday_leaves"",Count:1,Damage:0s}}"
"Inspirations","inspirations:enlightened_bush",3239,"true",9328,4,"Rainbow Enlightened Bush","true","","{texture:{id:""aether_legacy:holiday_leaves"",Count:1,Damage:1s}}"
"Inspirations","inspirations:enlightened_bush",3239,"true",9328,4,"Rainbow Enlightened Bush","true","","{texture:{id:""ancientbeasts:cursed_leaves"",Count:1,Damage:0s}}"
"Inspirations","inspirations:enlightened_bush",3239,"true",9328,4,"Rainbow Enlightened Bush","true","","{texture:{id:""biomesoplenty:leaves_0"",Count:1,Damage:10s}}"
"Inspirations","inspirations:enlightened_bush",3239,"true",9328,4,"Rainbow Enlightened Bush","true","","{texture:{id:""biomesoplenty:leaves_0"",Count:1,Damage:11s}}"
"Inspirations","inspirations:enlightened_bush",3239,"true",9328,4,"Rainbow Enlightened Bush","true","","{texture:{id:""biomesoplenty:leaves_0"",Count:1,Damage:8s}}"
"Inspirations","inspirations:enlightened_bush",3239,"true",9328,4,"Rainbow Enlightened Bush","true","","{texture:{id:""biomesoplenty:leaves_0"",Count:1,Damage:9s}}"
"Inspirations","inspirations:enlightened_bush",3239,"true",9328,4,"Rainbow Enlightened Bush","true","","{texture:{id:""biomesoplenty:leaves_1"",Count:1,Damage:10s}}"
"Inspirations","inspirations:enlightened_bush",3239,"true",9328,4,"Rainbow Enlightened Bush","true","","{texture:{id:""biomesoplenty:leaves_1"",Count:1,Damage:11s}}"
"Inspirations","inspirations:enlightened_bush",3239,"true",9328,4,"Rainbow Enlightened Bush","true","","{texture:{id:""biomesoplenty:leaves_1"",Count:1,Damage:8s}}"
"Inspirations","inspirations:enlightened_bush",3239,"true",9328,4,"Rainbow Enlightened Bush","true","","{texture:{id:""biomesoplenty:leaves_1"",Count:1,Damage:9s}}"
"Inspirations","inspirations:enlightened_bush",3239,"true",9328,4,"Rainbow Enlightened Bush","true","","{texture:{id:""biomesoplenty:leaves_2"",Count:1,Damage:10s}}"
"Inspirations","inspirations:enlightened_bush",3239,"true",9328,4,"Rainbow Enlightened Bush","true","","{texture:{id:""biomesoplenty:leaves_2"",Count:1,Damage:11s}}"
"Inspirations","inspirations:enlightened_bush",3239,"true",9328,4,"Rainbow Enlightened Bush","true","","{texture:{id:""biomesoplenty:leaves_2"",Count:1,Damage:8s}}"
"Inspirations","inspirations:enlightened_bush",3239,"true",9328,4,"Rainbow Enlightened Bush","true","","{texture:{id:""biomesoplenty:leaves_2"",Count:1,Damage:9s}}"
"Inspirations","inspirations:enlightened_bush",3239,"true",9328,4,"Rainbow Enlightened Bush","true","","{texture:{id:""biomesoplenty:leaves_3"",Count:1,Damage:10s}}"
"Inspirations","inspirations:enlightened_bush",3239,"true",9328,4,"Rainbow Enlightened Bush","true","","{texture:{id:""biomesoplenty:leaves_3"",Count:1,Damage:11s}}"
"Inspirations","inspirations:enlightened_bush",3239,"true",9328,4,"Rainbow Enlightened Bush","true","","{texture:{id:""biomesoplenty:leaves_3"",Count:1,Damage:8s}}"
"Inspirations","inspirations:enlightened_bush",3239,"true",9328,4,"Rainbow Enlightened Bush","true","","{texture:{id:""biomesoplenty:leaves_3"",Count:1,Damage:9s}}"
"Inspirations","inspirations:enlightened_bush",3239,"true",9328,4,"Rainbow Enlightened Bush","true","","{texture:{id:""biomesoplenty:leaves_4"",Count:1,Damage:10s}}"
"Inspirations","inspirations:enlightened_bush",3239,"true",9328,4,"Rainbow Enlightened Bush","true","","{texture:{id:""biomesoplenty:leaves_4"",Count:1,Damage:11s}}"
"Inspirations","inspirations:enlightened_bush",3239,"true",9328,4,"Rainbow Enlightened Bush","true","","{texture:{id:""biomesoplenty:leaves_4"",Count:1,Damage:8s}}"
"Inspirations","inspirations:enlightened_bush",3239,"true",9328,4,"Rainbow Enlightened Bush","true","","{texture:{id:""biomesoplenty:leaves_4"",Count:1,Damage:9s}}"
"Inspirations","inspirations:enlightened_bush",3239,"true",9328,4,"Rainbow Enlightened Bush","true","","{texture:{id:""biomesoplenty:leaves_5"",Count:1,Damage:10s}}"
"Inspirations","inspirations:enlightened_bush",3239,"true",9328,4,"Rainbow Enlightened Bush","true","","{texture:{id:""biomesoplenty:leaves_5"",Count:1,Damage:11s}}"
"Inspirations","inspirations:enlightened_bush",3239,"true",9328,4,"Rainbow Enlightened Bush","true","","{texture:{id:""biomesoplenty:leaves_5"",Count:1,Damage:8s}}"
"Inspirations","inspirations:enlightened_bush",3239,"true",9328,4,"Rainbow Enlightened Bush","true","","{texture:{id:""biomesoplenty:leaves_5"",Count:1,Damage:9s}}"
"Inspirations","inspirations:enlightened_bush",3239,"true",9328,4,"Rainbow Enlightened Bush","true","","{texture:{id:""biomesoplenty:leaves_6"",Count:1,Damage:8s}}"
"Inspirations","inspirations:enlightened_bush",3239,"true",9328,4,"Rainbow Enlightened Bush","true","","{texture:{id:""biomesoplenty:leaves_6"",Count:1,Damage:9s}}"
"Inspirations","inspirations:enlightened_bush",3239,"true",9328,4,"Rainbow Enlightened Bush","true","","{texture:{id:""defiledlands:tenebra_leaves"",Count:1,Damage:0s}}"
"Inspirations","inspirations:enlightened_bush",3239,"true",9328,4,"Rainbow Enlightened Bush","true","","{texture:{id:""explorercraft:ash_leaves"",Count:1,Damage:0s}}"
"Inspirations","inspirations:enlightened_bush",3239,"true",9328,4,"Rainbow Enlightened Bush","true","","{texture:{id:""explorercraft:bamboo_leaves"",Count:1,Damage:0s}}"
"Inspirations","inspirations:enlightened_bush",3239,"true",9328,4,"Rainbow Enlightened Bush","true","","{texture:{id:""explorercraft:cherry_leaves"",Count:1,Damage:0s}}"
"Inspirations","inspirations:enlightened_bush",3239,"true",9328,4,"Rainbow Enlightened Bush","true","","{texture:{id:""explorercraft:maple_leaves"",Count:1,Damage:0s}}"
"Inspirations","inspirations:enlightened_bush",3239,"true",9328,4,"Rainbow Enlightened Bush","true","","{texture:{id:""minecraft:leaves"",Count:1,Damage:0s}}"
"Inspirations","inspirations:enlightened_bush",3239,"true",9328,4,"Rainbow Enlightened Bush","true","","{texture:{id:""minecraft:leaves"",Count:1,Damage:1s}}"
"Inspirations","inspirations:enlightened_bush",3239,"true",9328,4,"Rainbow Enlightened Bush","true","","{texture:{id:""minecraft:leaves"",Count:1,Damage:2s}}"
"Inspirations","inspirations:enlightened_bush",3239,"true",9328,4,"Rainbow Enlightened Bush","true","","{texture:{id:""minecraft:leaves"",Count:1,Damage:3s}}"
"Inspirations","inspirations:enlightened_bush",3239,"true",9328,4,"Rainbow Enlightened Bush","true","","{texture:{id:""minecraft:leaves2"",Count:1,Damage:0s}}"
"Inspirations","inspirations:enlightened_bush",3239,"true",9328,4,"Rainbow Enlightened Bush","true","","{texture:{id:""minecraft:leaves2"",Count:1,Damage:1s}}"
"Inspirations","inspirations:enlightened_bush",3239,"true",9328,4,"Rainbow Enlightened Bush","true","","{texture:{id:""natura:apple_leaves"",Count:1,Damage:0s}}"
"Inspirations","inspirations:enlightened_bush",3239,"true",9328,4,"Rainbow Enlightened Bush","true","","{texture:{id:""natura:apple_leaves"",Count:1,Damage:1s}}"
"Inspirations","inspirations:enlightened_bush",3239,"true",9328,4,"Rainbow Enlightened Bush","true","","{texture:{id:""natura:apple_leaves"",Count:1,Damage:2s}}"
"Inspirations","inspirations:enlightened_bush",3239,"true",9328,4,"Rainbow Enlightened Bush","true","","{texture:{id:""natura:apple_leaves"",Count:1,Damage:3s}}"
"Inspirations","inspirations:enlightened_bush",3239,"true",9328,4,"Rainbow Enlightened Bush","true","","{texture:{id:""natura:nether_leaves"",Count:1,Damage:0s}}"
"Inspirations","inspirations:enlightened_bush",3239,"true",9328,4,"Rainbow Enlightened Bush","true","","{texture:{id:""natura:nether_leaves"",Count:1,Damage:1s}}"
"Inspirations","inspirations:enlightened_bush",3239,"true",9328,4,"Rainbow Enlightened Bush","true","","{texture:{id:""natura:nether_leaves"",Count:1,Damage:2s}}"
"Inspirations","inspirations:enlightened_bush",3239,"true",9328,4,"Rainbow Enlightened Bush","true","","{texture:{id:""natura:nether_leaves2"",Count:1,Damage:0s}}"
"Inspirations","inspirations:enlightened_bush",3239,"true",9328,4,"Rainbow Enlightened Bush","true","","{texture:{id:""natura:nether_leaves2"",Count:1,Damage:1s}}"
"Inspirations","inspirations:enlightened_bush",3239,"true",9328,4,"Rainbow Enlightened Bush","true","","{texture:{id:""natura:nether_leaves2"",Count:1,Damage:2s}}"
"Inspirations","inspirations:enlightened_bush",3239,"true",9328,4,"Rainbow Enlightened Bush","true","","{texture:{id:""natura:overworld_leaves"",Count:1,Damage:0s}}"
"Inspirations","inspirations:enlightened_bush",3239,"true",9328,4,"Rainbow Enlightened Bush","true","","{texture:{id:""natura:overworld_leaves"",Count:1,Damage:1s}}"
"Inspirations","inspirations:enlightened_bush",3239,"true",9328,4,"Rainbow Enlightened Bush","true","","{texture:{id:""natura:overworld_leaves"",Count:1,Damage:2s}}"
"Inspirations","inspirations:enlightened_bush",3239,"true",9328,4,"Rainbow Enlightened Bush","true","","{texture:{id:""natura:overworld_leaves"",Count:1,Damage:3s}}"
"Inspirations","inspirations:enlightened_bush",3239,"true",9328,4,"Rainbow Enlightened Bush","true","","{texture:{id:""natura:overworld_leaves2"",Count:1,Damage:0s}}"
"Inspirations","inspirations:enlightened_bush",3239,"true",9328,4,"Rainbow Enlightened Bush","true","","{texture:{id:""natura:overworld_leaves2"",Count:1,Damage:1s}}"
"Inspirations","inspirations:enlightened_bush",3239,"true",9328,4,"Rainbow Enlightened Bush","true","","{texture:{id:""natura:overworld_leaves2"",Count:1,Damage:2s}}"
"Inspirations","inspirations:enlightened_bush",3239,"true",9328,4,"Rainbow Enlightened Bush","true","","{texture:{id:""natura:overworld_leaves2"",Count:1,Damage:3s}}"
"Inspirations","inspirations:enlightened_bush",3239,"true",9328,4,"Rainbow Enlightened Bush","true","","{texture:{id:""natura:redwood_leaves"",Count:1,Damage:0s}}"
"Inspirations","inspirations:enlightened_bush",3239,"true",9328,4,"Rainbow Enlightened Bush","true","","{texture:{id:""nt:brownautumn_leaves"",Count:1,Damage:0s}}"
"Inspirations","inspirations:enlightened_bush",3239,"true",9328,4,"Rainbow Enlightened Bush","true","","{texture:{id:""nt:cherry_leaves_pink"",Count:1,Damage:0s}}"
"Inspirations","inspirations:enlightened_bush",3239,"true",9328,4,"Rainbow Enlightened Bush","true","","{texture:{id:""nt:cherry_leaves_purple"",Count:1,Damage:0s}}"
"Inspirations","inspirations:enlightened_bush",3239,"true",9328,4,"Rainbow Enlightened Bush","true","","{texture:{id:""nt:cherry_leaves_white"",Count:1,Damage:0s}}"
"Inspirations","inspirations:enlightened_bush",3239,"true",9328,4,"Rainbow Enlightened Bush","true","","{texture:{id:""nt:conifer_leaves_orange"",Count:1,Damage:0s}}"
"Inspirations","inspirations:enlightened_bush",3239,"true",9328,4,"Rainbow Enlightened Bush","true","","{texture:{id:""nt:conifer_leaves_yellow"",Count:1,Damage:0s}}"
"Inspirations","inspirations:enlightened_bush",3239,"true",9328,4,"Rainbow Enlightened Bush","true","","{texture:{id:""nt:jacaranda_leaves"",Count:1,Damage:0s}}"
"Inspirations","inspirations:enlightened_bush",3239,"true",9328,4,"Rainbow Enlightened Bush","true","","{texture:{id:""nt:maple_leaves"",Count:1,Damage:0s}}"
"Inspirations","inspirations:enlightened_bush",3239,"true",9328,4,"Rainbow Enlightened Bush","true","","{texture:{id:""nt:oak_leaves_red"",Count:1,Damage:0s}}"
"Inspirations","inspirations:enlightened_bush",3239,"true",9328,4,"Rainbow Enlightened Bush","true","","{texture:{id:""nt:orangeautumn_leaves"",Count:1,Damage:0s}}"
"Inspirations","inspirations:enlightened_bush",3239,"true",9328,4,"Rainbow Enlightened Bush","true","","{texture:{id:""nt:orchard_leaves"",Count:1,Damage:0s}}"
"Inspirations","inspirations:enlightened_bush",3239,"true",9328,4,"Rainbow Enlightened Bush","true","","{texture:{id:""nt:paulownia_leaves"",Count:1,Damage:0s}}"
"Inspirations","inspirations:enlightened_bush",3239,"true",9328,4,"Rainbow Enlightened Bush","true","","{texture:{id:""nt:redautumn_leaves"",Count:1,Damage:0s}}"
"Inspirations","inspirations:enlightened_bush",3239,"true",9328,4,"Rainbow Enlightened Bush","true","","{texture:{id:""nt:spruce_leaves_blue"",Count:1,Damage:0s}}"
"Inspirations","inspirations:enlightened_bush",3239,"true",9328,4,"Rainbow Enlightened Bush","true","","{texture:{id:""nt:spruce_leaves_red"",Count:1,Damage:0s}}"
"Inspirations","inspirations:enlightened_bush",3239,"true",9328,4,"Rainbow Enlightened Bush","true","","{texture:{id:""nt:whitemyrtle_leaves"",Count:1,Damage:0s}}"
"Inspirations","inspirations:enlightened_bush",3239,"true",9328,4,"Rainbow Enlightened Bush","true","","{texture:{id:""nt:yellowautumn_leaves"",Count:1,Damage:0s}}"
"Inspirations","inspirations:enlightened_bush",3239,"true",9328,4,"Rainbow Enlightened Bush","true","","{texture:{id:""oe:palm_leaves"",Count:1,Damage:0s}}"
"Inspirations","inspirations:enlightened_bush",3239,"true",9328,4,"Rainbow Enlightened Bush","true","","{texture:{id:""oe:palm_leaves_flowering"",Count:1,Damage:0s}}"
"Inspirations","inspirations:enlightened_bush",3239,"true",9328,4,"Rainbow Enlightened Bush","true","","{texture:{id:""pvj:leaves_aspen"",Count:1,Damage:0s}}"
"Inspirations","inspirations:enlightened_bush",3239,"true",9328,4,"Rainbow Enlightened Bush","true","","{texture:{id:""pvj:leaves_baobab"",Count:1,Damage:0s}}"
"Inspirations","inspirations:enlightened_bush",3239,"true",9328,4,"Rainbow Enlightened Bush","true","","{texture:{id:""pvj:leaves_cottonwood"",Count:1,Damage:0s}}"
"Inspirations","inspirations:enlightened_bush",3239,"true",9328,4,"Rainbow Enlightened Bush","true","","{texture:{id:""pvj:leaves_fir"",Count:1,Damage:0s}}"
"Inspirations","inspirations:enlightened_bush",3239,"true",9328,4,"Rainbow Enlightened Bush","true","","{texture:{id:""pvj:leaves_jacaranda"",Count:1,Damage:0s}}"
"Inspirations","inspirations:enlightened_bush",3239,"true",9328,4,"Rainbow Enlightened Bush","true","","{texture:{id:""pvj:leaves_juniper"",Count:1,Damage:0s}}"
"Inspirations","inspirations:enlightened_bush",3239,"true",9328,4,"Rainbow Enlightened Bush","true","","{texture:{id:""pvj:leaves_juniper_berried"",Count:1,Damage:0s}}"
"Inspirations","inspirations:enlightened_bush",3239,"true",9328,4,"Rainbow Enlightened Bush","true","","{texture:{id:""pvj:leaves_mangrove"",Count:1,Damage:0s}}"
"Inspirations","inspirations:enlightened_bush",3239,"true",9328,4,"Rainbow Enlightened Bush","true","","{texture:{id:""pvj:leaves_orange_maple"",Count:1,Damage:0s}}"
"Inspirations","inspirations:enlightened_bush",3239,"true",9328,4,"Rainbow Enlightened Bush","true","","{texture:{id:""pvj:leaves_palm"",Count:1,Damage:0s}}"
"Inspirations","inspirations:enlightened_bush",3239,"true",9328,4,"Rainbow Enlightened Bush","true","","{texture:{id:""pvj:leaves_pine"",Count:1,Damage:0s}}"
"Inspirations","inspirations:enlightened_bush",3239,"true",9328,4,"Rainbow Enlightened Bush","true","","{texture:{id:""pvj:leaves_pink_cherry_blossom"",Count:1,Damage:0s}}"
"Inspirations","inspirations:enlightened_bush",3239,"true",9328,4,"Rainbow Enlightened Bush","true","","{texture:{id:""pvj:leaves_red_maple"",Count:1,Damage:0s}}"
"Inspirations","inspirations:enlightened_bush",3239,"true",9328,4,"Rainbow Enlightened Bush","true","","{texture:{id:""pvj:leaves_redwood"",Count:1,Damage:0s}}"
"Inspirations","inspirations:enlightened_bush",3239,"true",9328,4,"Rainbow Enlightened Bush","true","","{texture:{id:""pvj:leaves_white_cherry_blossom"",Count:1,Damage:0s}}"
"Inspirations","inspirations:enlightened_bush",3239,"true",9328,4,"Rainbow Enlightened Bush","true","","{texture:{id:""pvj:leaves_willow"",Count:1,Damage:0s}}"
"Inspirations","inspirations:enlightened_bush",3239,"true",9328,4,"Rainbow Enlightened Bush","true","","{texture:{id:""quark:variant_leaves"",Count:1,Damage:0s}}"
"Inspirations","inspirations:enlightened_bush",3239,"true",9328,4,"Rainbow Enlightened Bush","true","","{texture:{id:""rustic:leaves"",Count:1,Damage:0s}}"
"Inspirations","inspirations:enlightened_bush",3239,"true",9328,4,"Rainbow Enlightened Bush","true","","{texture:{id:""rustic:leaves"",Count:1,Damage:1s}}"
"Inspirations","inspirations:enlightened_bush",3239,"true",9328,4,"Rainbow Enlightened Bush","true","","{texture:{id:""rustic:leaves_apple"",Count:1,Damage:0s}}"
"Inspirations","inspirations:enlightened_bush",3239,"true",9328,4,"Rainbow Enlightened Bush","true","","{texture:{id:""spookybiomes:bloodwood_leaves"",Count:1,Damage:0s}}"
"Inspirations","inspirations:enlightened_bush",3239,"true",9328,4,"Rainbow Enlightened Bush","true","","{texture:{id:""spookybiomes:ghostly_leaves"",Count:1,Damage:0s}}"
"Inspirations","inspirations:enlightened_bush",3239,"true",9328,4,"Rainbow Enlightened Bush","true","","{texture:{id:""spookybiomes:seeping_leaves"",Count:1,Damage:0s}}"
"Inspirations","inspirations:enlightened_bush",3239,"true",9328,4,"Rainbow Enlightened Bush","true","","{texture:{id:""spookybiomes:sorbus_leaves"",Count:1,Damage:0s}}"
"Inspirations","inspirations:enlightened_bush",3239,"true",9328,4,"Rainbow Enlightened Bush","true","","{texture:{id:""traverse:brown_autumnal_leaves"",Count:1,Damage:0s}}"
"Inspirations","inspirations:enlightened_bush",3239,"true",9328,4,"Rainbow Enlightened Bush","true","","{texture:{id:""traverse:fir_leaves"",Count:1,Damage:0s}}"
"Inspirations","inspirations:enlightened_bush",3239,"true",9328,4,"Rainbow Enlightened Bush","true","","{texture:{id:""traverse:orange_autumnal_leaves"",Count:1,Damage:0s}}"
"Inspirations","inspirations:enlightened_bush",3239,"true",9328,4,"Rainbow Enlightened Bush","true","","{texture:{id:""traverse:red_autumnal_leaves"",Count:1,Damage:0s}}"
"Inspirations","inspirations:enlightened_bush",3239,"true",9328,4,"Rainbow Enlightened Bush","true","","{texture:{id:""traverse:yellow_autumnal_leaves"",Count:1,Damage:0s}}"
"Inspirations","inspirations:enlightened_bush",3239,"true",9328,5,"Christmas Enlightened Bush","true","","{texture:{id:""aether_legacy:aether_leaves"",Count:1,Damage:0s}}"
"Inspirations","inspirations:enlightened_bush",3239,"true",9328,5,"Christmas Enlightened Bush","true","","{texture:{id:""aether_legacy:aether_leaves"",Count:1,Damage:1s}}"
"Inspirations","inspirations:enlightened_bush",3239,"true",9328,5,"Christmas Enlightened Bush","true","","{texture:{id:""aether_legacy:crystal_leaves"",Count:1,Damage:0s}}"
"Inspirations","inspirations:enlightened_bush",3239,"true",9328,5,"Christmas Enlightened Bush","true","","{texture:{id:""aether_legacy:crystal_leaves"",Count:1,Damage:1s}}"
"Inspirations","inspirations:enlightened_bush",3239,"true",9328,5,"Christmas Enlightened Bush","true","","{texture:{id:""aether_legacy:holiday_leaves"",Count:1,Damage:0s}}"
"Inspirations","inspirations:enlightened_bush",3239,"true",9328,5,"Christmas Enlightened Bush","true","","{texture:{id:""aether_legacy:holiday_leaves"",Count:1,Damage:1s}}"
"Inspirations","inspirations:enlightened_bush",3239,"true",9328,5,"Christmas Enlightened Bush","true","","{texture:{id:""ancientbeasts:cursed_leaves"",Count:1,Damage:0s}}"
"Inspirations","inspirations:enlightened_bush",3239,"true",9328,5,"Christmas Enlightened Bush","true","","{texture:{id:""biomesoplenty:leaves_0"",Count:1,Damage:10s}}"
"Inspirations","inspirations:enlightened_bush",3239,"true",9328,5,"Christmas Enlightened Bush","true","","{texture:{id:""biomesoplenty:leaves_0"",Count:1,Damage:11s}}"
"Inspirations","inspirations:enlightened_bush",3239,"true",9328,5,"Christmas Enlightened Bush","true","","{texture:{id:""biomesoplenty:leaves_0"",Count:1,Damage:8s}}"
"Inspirations","inspirations:enlightened_bush",3239,"true",9328,5,"Christmas Enlightened Bush","true","","{texture:{id:""biomesoplenty:leaves_0"",Count:1,Damage:9s}}"
"Inspirations","inspirations:enlightened_bush",3239,"true",9328,5,"Christmas Enlightened Bush","true","","{texture:{id:""biomesoplenty:leaves_1"",Count:1,Damage:10s}}"
"Inspirations","inspirations:enlightened_bush",3239,"true",9328,5,"Christmas Enlightened Bush","true","","{texture:{id:""biomesoplenty:leaves_1"",Count:1,Damage:11s}}"
"Inspirations","inspirations:enlightened_bush",3239,"true",9328,5,"Christmas Enlightened Bush","true","","{texture:{id:""biomesoplenty:leaves_1"",Count:1,Damage:8s}}"
"Inspirations","inspirations:enlightened_bush",3239,"true",9328,5,"Christmas Enlightened Bush","true","","{texture:{id:""biomesoplenty:leaves_1"",Count:1,Damage:9s}}"
"Inspirations","inspirations:enlightened_bush",3239,"true",9328,5,"Christmas Enlightened Bush","true","","{texture:{id:""biomesoplenty:leaves_2"",Count:1,Damage:10s}}"
"Inspirations","inspirations:enlightened_bush",3239,"true",9328,5,"Christmas Enlightened Bush","true","","{texture:{id:""biomesoplenty:leaves_2"",Count:1,Damage:11s}}"
"Inspirations","inspirations:enlightened_bush",3239,"true",9328,5,"Christmas Enlightened Bush","true","","{texture:{id:""biomesoplenty:leaves_2"",Count:1,Damage:8s}}"
"Inspirations","inspirations:enlightened_bush",3239,"true",9328,5,"Christmas Enlightened Bush","true","","{texture:{id:""biomesoplenty:leaves_2"",Count:1,Damage:9s}}"
"Inspirations","inspirations:enlightened_bush",3239,"true",9328,5,"Christmas Enlightened Bush","true","","{texture:{id:""biomesoplenty:leaves_3"",Count:1,Damage:10s}}"
"Inspirations","inspirations:enlightened_bush",3239,"true",9328,5,"Christmas Enlightened Bush","true","","{texture:{id:""biomesoplenty:leaves_3"",Count:1,Damage:11s}}"
"Inspirations","inspirations:enlightened_bush",3239,"true",9328,5,"Christmas Enlightened Bush","true","","{texture:{id:""biomesoplenty:leaves_3"",Count:1,Damage:8s}}"
"Inspirations","inspirations:enlightened_bush",3239,"true",9328,5,"Christmas Enlightened Bush","true","","{texture:{id:""biomesoplenty:leaves_3"",Count:1,Damage:9s}}"
"Inspirations","inspirations:enlightened_bush",3239,"true",9328,5,"Christmas Enlightened Bush","true","","{texture:{id:""biomesoplenty:leaves_4"",Count:1,Damage:10s}}"
"Inspirations","inspirations:enlightened_bush",3239,"true",9328,5,"Christmas Enlightened Bush","true","","{texture:{id:""biomesoplenty:leaves_4"",Count:1,Damage:11s}}"
"Inspirations","inspirations:enlightened_bush",3239,"true",9328,5,"Christmas Enlightened Bush","true","","{texture:{id:""biomesoplenty:leaves_4"",Count:1,Damage:8s}}"
"Inspirations","inspirations:enlightened_bush",3239,"true",9328,5,"Christmas Enlightened Bush","true","","{texture:{id:""biomesoplenty:leaves_4"",Count:1,Damage:9s}}"
"Inspirations","inspirations:enlightened_bush",3239,"true",9328,5,"Christmas Enlightened Bush","true","","{texture:{id:""biomesoplenty:leaves_5"",Count:1,Damage:10s}}"
"Inspirations","inspirations:enlightened_bush",3239,"true",9328,5,"Christmas Enlightened Bush","true","","{texture:{id:""biomesoplenty:leaves_5"",Count:1,Damage:11s}}"
"Inspirations","inspirations:enlightened_bush",3239,"true",9328,5,"Christmas Enlightened Bush","true","","{texture:{id:""biomesoplenty:leaves_5"",Count:1,Damage:8s}}"
"Inspirations","inspirations:enlightened_bush",3239,"true",9328,5,"Christmas Enlightened Bush","true","","{texture:{id:""biomesoplenty:leaves_5"",Count:1,Damage:9s}}"
"Inspirations","inspirations:enlightened_bush",3239,"true",9328,5,"Christmas Enlightened Bush","true","","{texture:{id:""biomesoplenty:leaves_6"",Count:1,Damage:8s}}"
"Inspirations","inspirations:enlightened_bush",3239,"true",9328,5,"Christmas Enlightened Bush","true","","{texture:{id:""biomesoplenty:leaves_6"",Count:1,Damage:9s}}"
"Inspirations","inspirations:enlightened_bush",3239,"true",9328,5,"Christmas Enlightened Bush","true","","{texture:{id:""defiledlands:tenebra_leaves"",Count:1,Damage:0s}}"
"Inspirations","inspirations:enlightened_bush",3239,"true",9328,5,"Christmas Enlightened Bush","true","","{texture:{id:""explorercraft:ash_leaves"",Count:1,Damage:0s}}"
"Inspirations","inspirations:enlightened_bush",3239,"true",9328,5,"Christmas Enlightened Bush","true","","{texture:{id:""explorercraft:bamboo_leaves"",Count:1,Damage:0s}}"
"Inspirations","inspirations:enlightened_bush",3239,"true",9328,5,"Christmas Enlightened Bush","true","","{texture:{id:""explorercraft:cherry_leaves"",Count:1,Damage:0s}}"
"Inspirations","inspirations:enlightened_bush",3239,"true",9328,5,"Christmas Enlightened Bush","true","","{texture:{id:""explorercraft:maple_leaves"",Count:1,Damage:0s}}"
"Inspirations","inspirations:enlightened_bush",3239,"true",9328,5,"Christmas Enlightened Bush","true","","{texture:{id:""minecraft:leaves"",Count:1,Damage:0s}}"
"Inspirations","inspirations:enlightened_bush",3239,"true",9328,5,"Christmas Enlightened Bush","true","","{texture:{id:""minecraft:leaves"",Count:1,Damage:1s}}"
"Inspirations","inspirations:enlightened_bush",3239,"true",9328,5,"Christmas Enlightened Bush","true","","{texture:{id:""minecraft:leaves"",Count:1,Damage:2s}}"
"Inspirations","inspirations:enlightened_bush",3239,"true",9328,5,"Christmas Enlightened Bush","true","","{texture:{id:""minecraft:leaves"",Count:1,Damage:3s}}"
"Inspirations","inspirations:enlightened_bush",3239,"true",9328,5,"Christmas Enlightened Bush","true","","{texture:{id:""minecraft:leaves2"",Count:1,Damage:0s}}"
"Inspirations","inspirations:enlightened_bush",3239,"true",9328,5,"Christmas Enlightened Bush","true","","{texture:{id:""minecraft:leaves2"",Count:1,Damage:1s}}"
"Inspirations","inspirations:enlightened_bush",3239,"true",9328,5,"Christmas Enlightened Bush","true","","{texture:{id:""natura:apple_leaves"",Count:1,Damage:0s}}"
"Inspirations","inspirations:enlightened_bush",3239,"true",9328,5,"Christmas Enlightened Bush","true","","{texture:{id:""natura:apple_leaves"",Count:1,Damage:1s}}"
"Inspirations","inspirations:enlightened_bush",3239,"true",9328,5,"Christmas Enlightened Bush","true","","{texture:{id:""natura:apple_leaves"",Count:1,Damage:2s}}"
"Inspirations","inspirations:enlightened_bush",3239,"true",9328,5,"Christmas Enlightened Bush","true","","{texture:{id:""natura:apple_leaves"",Count:1,Damage:3s}}"
"Inspirations","inspirations:enlightened_bush",3239,"true",9328,5,"Christmas Enlightened Bush","true","","{texture:{id:""natura:nether_leaves"",Count:1,Damage:0s}}"
"Inspirations","inspirations:enlightened_bush",3239,"true",9328,5,"Christmas Enlightened Bush","true","","{texture:{id:""natura:nether_leaves"",Count:1,Damage:1s}}"
"Inspirations","inspirations:enlightened_bush",3239,"true",9328,5,"Christmas Enlightened Bush","true","","{texture:{id:""natura:nether_leaves"",Count:1,Damage:2s}}"
"Inspirations","inspirations:enlightened_bush",3239,"true",9328,5,"Christmas Enlightened Bush","true","","{texture:{id:""natura:nether_leaves2"",Count:1,Damage:0s}}"
"Inspirations","inspirations:enlightened_bush",3239,"true",9328,5,"Christmas Enlightened Bush","true","","{texture:{id:""natura:nether_leaves2"",Count:1,Damage:1s}}"
"Inspirations","inspirations:enlightened_bush",3239,"true",9328,5,"Christmas Enlightened Bush","true","","{texture:{id:""natura:nether_leaves2"",Count:1,Damage:2s}}"
"Inspirations","inspirations:enlightened_bush",3239,"true",9328,5,"Christmas Enlightened Bush","true","","{texture:{id:""natura:overworld_leaves"",Count:1,Damage:0s}}"
"Inspirations","inspirations:enlightened_bush",3239,"true",9328,5,"Christmas Enlightened Bush","true","","{texture:{id:""natura:overworld_leaves"",Count:1,Damage:1s}}"
"Inspirations","inspirations:enlightened_bush",3239,"true",9328,5,"Christmas Enlightened Bush","true","","{texture:{id:""natura:overworld_leaves"",Count:1,Damage:2s}}"
"Inspirations","inspirations:enlightened_bush",3239,"true",9328,5,"Christmas Enlightened Bush","true","","{texture:{id:""natura:overworld_leaves"",Count:1,Damage:3s}}"
"Inspirations","inspirations:enlightened_bush",3239,"true",9328,5,"Christmas Enlightened Bush","true","","{texture:{id:""natura:overworld_leaves2"",Count:1,Damage:0s}}"
"Inspirations","inspirations:enlightened_bush",3239,"true",9328,5,"Christmas Enlightened Bush","true","","{texture:{id:""natura:overworld_leaves2"",Count:1,Damage:1s}}"
"Inspirations","inspirations:enlightened_bush",3239,"true",9328,5,"Christmas Enlightened Bush","true","","{texture:{id:""natura:overworld_leaves2"",Count:1,Damage:2s}}"
"Inspirations","inspirations:enlightened_bush",3239,"true",9328,5,"Christmas Enlightened Bush","true","","{texture:{id:""natura:overworld_leaves2"",Count:1,Damage:3s}}"
"Inspirations","inspirations:enlightened_bush",3239,"true",9328,5,"Christmas Enlightened Bush","true","","{texture:{id:""natura:redwood_leaves"",Count:1,Damage:0s}}"
"Inspirations","inspirations:enlightened_bush",3239,"true",9328,5,"Christmas Enlightened Bush","true","","{texture:{id:""nt:brownautumn_leaves"",Count:1,Damage:0s}}"
"Inspirations","inspirations:enlightened_bush",3239,"true",9328,5,"Christmas Enlightened Bush","true","","{texture:{id:""nt:cherry_leaves_pink"",Count:1,Damage:0s}}"
"Inspirations","inspirations:enlightened_bush",3239,"true",9328,5,"Christmas Enlightened Bush","true","","{texture:{id:""nt:cherry_leaves_purple"",Count:1,Damage:0s}}"
"Inspirations","inspirations:enlightened_bush",3239,"true",9328,5,"Christmas Enlightened Bush","true","","{texture:{id:""nt:cherry_leaves_white"",Count:1,Damage:0s}}"
"Inspirations","inspirations:enlightened_bush",3239,"true",9328,5,"Christmas Enlightened Bush","true","","{texture:{id:""nt:conifer_leaves_orange"",Count:1,Damage:0s}}"
"Inspirations","inspirations:enlightened_bush",3239,"true",9328,5,"Christmas Enlightened Bush","true","","{texture:{id:""nt:conifer_leaves_yellow"",Count:1,Damage:0s}}"
"Inspirations","inspirations:enlightened_bush",3239,"true",9328,5,"Christmas Enlightened Bush","true","","{texture:{id:""nt:jacaranda_leaves"",Count:1,Damage:0s}}"
"Inspirations","inspirations:enlightened_bush",3239,"true",9328,5,"Christmas Enlightened Bush","true","","{texture:{id:""nt:maple_leaves"",Count:1,Damage:0s}}"
"Inspirations","inspirations:enlightened_bush",3239,"true",9328,5,"Christmas Enlightened Bush","true","","{texture:{id:""nt:oak_leaves_red"",Count:1,Damage:0s}}"
"Inspirations","inspirations:enlightened_bush",3239,"true",9328,5,"Christmas Enlightened Bush","true","","{texture:{id:""nt:orangeautumn_leaves"",Count:1,Damage:0s}}"
"Inspirations","inspirations:enlightened_bush",3239,"true",9328,5,"Christmas Enlightened Bush","true","","{texture:{id:""nt:orchard_leaves"",Count:1,Damage:0s}}"
"Inspirations","inspirations:enlightened_bush",3239,"true",9328,5,"Christmas Enlightened Bush","true","","{texture:{id:""nt:paulownia_leaves"",Count:1,Damage:0s}}"
"Inspirations","inspirations:enlightened_bush",3239,"true",9328,5,"Christmas Enlightened Bush","true","","{texture:{id:""nt:redautumn_leaves"",Count:1,Damage:0s}}"
"Inspirations","inspirations:enlightened_bush",3239,"true",9328,5,"Christmas Enlightened Bush","true","","{texture:{id:""nt:spruce_leaves_blue"",Count:1,Damage:0s}}"
"Inspirations","inspirations:enlightened_bush",3239,"true",9328,5,"Christmas Enlightened Bush","true","","{texture:{id:""nt:spruce_leaves_red"",Count:1,Damage:0s}}"
"Inspirations","inspirations:enlightened_bush",3239,"true",9328,5,"Christmas Enlightened Bush","true","","{texture:{id:""nt:whitemyrtle_leaves"",Count:1,Damage:0s}}"
"Inspirations","inspirations:enlightened_bush",3239,"true",9328,5,"Christmas Enlightened Bush","true","","{texture:{id:""nt:yellowautumn_leaves"",Count:1,Damage:0s}}"
"Inspirations","inspirations:enlightened_bush",3239,"true",9328,5,"Christmas Enlightened Bush","true","","{texture:{id:""oe:palm_leaves"",Count:1,Damage:0s}}"
"Inspirations","inspirations:enlightened_bush",3239,"true",9328,5,"Christmas Enlightened Bush","true","","{texture:{id:""oe:palm_leaves_flowering"",Count:1,Damage:0s}}"
"Inspirations","inspirations:enlightened_bush",3239,"true",9328,5,"Christmas Enlightened Bush","true","","{texture:{id:""pvj:leaves_aspen"",Count:1,Damage:0s}}"
"Inspirations","inspirations:enlightened_bush",3239,"true",9328,5,"Christmas Enlightened Bush","true","","{texture:{id:""pvj:leaves_baobab"",Count:1,Damage:0s}}"
"Inspirations","inspirations:enlightened_bush",3239,"true",9328,5,"Christmas Enlightened Bush","true","","{texture:{id:""pvj:leaves_cottonwood"",Count:1,Damage:0s}}"
"Inspirations","inspirations:enlightened_bush",3239,"true",9328,5,"Christmas Enlightened Bush","true","","{texture:{id:""pvj:leaves_fir"",Count:1,Damage:0s}}"
"Inspirations","inspirations:enlightened_bush",3239,"true",9328,5,"Christmas Enlightened Bush","true","","{texture:{id:""pvj:leaves_jacaranda"",Count:1,Damage:0s}}"
"Inspirations","inspirations:enlightened_bush",3239,"true",9328,5,"Christmas Enlightened Bush","true","","{texture:{id:""pvj:leaves_juniper"",Count:1,Damage:0s}}"
"Inspirations","inspirations:enlightened_bush",3239,"true",9328,5,"Christmas Enlightened Bush","true","","{texture:{id:""pvj:leaves_juniper_berried"",Count:1,Damage:0s}}"
"Inspirations","inspirations:enlightened_bush",3239,"true",9328,5,"Christmas Enlightened Bush","true","","{texture:{id:""pvj:leaves_mangrove"",Count:1,Damage:0s}}"
"Inspirations","inspirations:enlightened_bush",3239,"true",9328,5,"Christmas Enlightened Bush","true","","{texture:{id:""pvj:leaves_orange_maple"",Count:1,Damage:0s}}"
"Inspirations","inspirations:enlightened_bush",3239,"true",9328,5,"Christmas Enlightened Bush","true","","{texture:{id:""pvj:leaves_palm"",Count:1,Damage:0s}}"
"Inspirations","inspirations:enlightened_bush",3239,"true",9328,5,"Christmas Enlightened Bush","true","","{texture:{id:""pvj:leaves_pine"",Count:1,Damage:0s}}"
"Inspirations","inspirations:enlightened_bush",3239,"true",9328,5,"Christmas Enlightened Bush","true","","{texture:{id:""pvj:leaves_pink_cherry_blossom"",Count:1,Damage:0s}}"
"Inspirations","inspirations:enlightened_bush",3239,"true",9328,5,"Christmas Enlightened Bush","true","","{texture:{id:""pvj:leaves_red_maple"",Count:1,Damage:0s}}"
"Inspirations","inspirations:enlightened_bush",3239,"true",9328,5,"Christmas Enlightened Bush","true","","{texture:{id:""pvj:leaves_redwood"",Count:1,Damage:0s}}"
"Inspirations","inspirations:enlightened_bush",3239,"true",9328,5,"Christmas Enlightened Bush","true","","{texture:{id:""pvj:leaves_white_cherry_blossom"",Count:1,Damage:0s}}"
"Inspirations","inspirations:enlightened_bush",3239,"true",9328,5,"Christmas Enlightened Bush","true","","{texture:{id:""pvj:leaves_willow"",Count:1,Damage:0s}}"
"Inspirations","inspirations:enlightened_bush",3239,"true",9328,5,"Christmas Enlightened Bush","true","","{texture:{id:""quark:variant_leaves"",Count:1,Damage:0s}}"
"Inspirations","inspirations:enlightened_bush",3239,"true",9328,5,"Christmas Enlightened Bush","true","","{texture:{id:""rustic:leaves"",Count:1,Damage:0s}}"
"Inspirations","inspirations:enlightened_bush",3239,"true",9328,5,"Christmas Enlightened Bush","true","","{texture:{id:""rustic:leaves"",Count:1,Damage:1s}}"
"Inspirations","inspirations:enlightened_bush",3239,"true",9328,5,"Christmas Enlightened Bush","true","","{texture:{id:""rustic:leaves_apple"",Count:1,Damage:0s}}"
"Inspirations","inspirations:enlightened_bush",3239,"true",9328,5,"Christmas Enlightened Bush","true","","{texture:{id:""spookybiomes:bloodwood_leaves"",Count:1,Damage:0s}}"
"Inspirations","inspirations:enlightened_bush",3239,"true",9328,5,"Christmas Enlightened Bush","true","","{texture:{id:""spookybiomes:ghostly_leaves"",Count:1,Damage:0s}}"
"Inspirations","inspirations:enlightened_bush",3239,"true",9328,5,"Christmas Enlightened Bush","true","","{texture:{id:""spookybiomes:seeping_leaves"",Count:1,Damage:0s}}"
"Inspirations","inspirations:enlightened_bush",3239,"true",9328,5,"Christmas Enlightened Bush","true","","{texture:{id:""spookybiomes:sorbus_leaves"",Count:1,Damage:0s}}"
"Inspirations","inspirations:enlightened_bush",3239,"true",9328,5,"Christmas Enlightened Bush","true","","{texture:{id:""traverse:brown_autumnal_leaves"",Count:1,Damage:0s}}"
"Inspirations","inspirations:enlightened_bush",3239,"true",9328,5,"Christmas Enlightened Bush","true","","{texture:{id:""traverse:fir_leaves"",Count:1,Damage:0s}}"
"Inspirations","inspirations:enlightened_bush",3239,"true",9328,5,"Christmas Enlightened Bush","true","","{texture:{id:""traverse:orange_autumnal_leaves"",Count:1,Damage:0s}}"
"Inspirations","inspirations:enlightened_bush",3239,"true",9328,5,"Christmas Enlightened Bush","true","","{texture:{id:""traverse:red_autumnal_leaves"",Count:1,Damage:0s}}"
"Inspirations","inspirations:enlightened_bush",3239,"true",9328,5,"Christmas Enlightened Bush","true","","{texture:{id:""traverse:yellow_autumnal_leaves"",Count:1,Damage:0s}}"
"Inspirations","inspirations:flower",3238,"true",9327,0,"Rose","true","",""
"Inspirations","inspirations:flower",3238,"true",9327,1,"Syringa","true","",""
"Inspirations","inspirations:flower",3238,"true",9327,2,"Paeonia","true","",""
"Inspirations","inspirations:flower",3238,"true",9327,3,"Cyan Flower","true","",""
"Inspirations","inspirations:glass_door",3234,"false",,,"Glass Door","true","",""
"Inspirations","inspirations:glass_trapdoor",3235,"false",9330,0,"Glass Trapdoor","true","",""
"Inspirations","inspirations:mulch",3236,"true",9325,0,"Mulch","true","",""
"Inspirations","inspirations:mulch",3236,"true",9325,1,"Brown Mulch","true","",""
"Inspirations","inspirations:mulch",3236,"true",9325,2,"Yellow Mulch","true","",""
"Inspirations","inspirations:mulch",3236,"true",9325,3,"Amber Mulch","true","",""
"Inspirations","inspirations:mulch",3236,"true",9325,4,"Ruby Mulch","true","",""
"Inspirations","inspirations:mulch",3236,"true",9325,5,"Red Mulch","true","",""
"Inspirations","inspirations:mulch",3236,"true",9325,6,"Black Mulch","true","",""
"Inspirations","inspirations:mulch",3236,"true",9325,7,"Blue Mulch","true","",""
"Inspirations","inspirations:path",3237,"true",9326,0,"Cobble Path","true","",""
"Inspirations","inspirations:path",3237,"true",9326,1,"Round Path","true","",""
"Inspirations","inspirations:path",3237,"true",9326,2,"Path Tiles","true","",""
"Inspirations","inspirations:path",3237,"true",9326,3,"Bricks Path","true","",""
"Inspirations","inspirations:pipe",3264,"false",9352,0,"Pipe","true","",""
"Inspirations","inspirations:redstone_barrel",3242,"false",9333,0,"Redstone Barrel","true","",""
"Inspirations","inspirations:redstone_charge",3265,"false",,,"Redstone Charge","true","",""
"Inspirations","inspirations:redstone_torch_lever",3243,"false",9334,0,"Redstone Torch Lever","true","",""
"Inspirations","inspirations:redstone_torch_lever_powered",3244,"false",,,"tile.inspirations.redstone_torch_lever_powered.name","true","",""
"Inspirations","inspirations:rope",3233,"true",9324,0,"Rope","true","",""
"Inspirations","inspirations:rope",3233,"true",9324,1,"Chain","true","",""
"Inspirations","inspirations:rope",3233,"true",9324,2,"Vine Rope","true","",""
"Inspirations","inspirations:sugar_cane_crop",3267,"false",,,"Sugar cane","true","",""
"Inspirations","inspirations:torch_lever",3240,"false",9331,0,"Torch Lever","true","",""
"Iron Barrels","iron_barrels:barrel",4741,"false",12848,0,"Food Barrel","true","",""
"Iron Barrels","iron_barrels:diamond_barrel",4744,"false",12851,0,"Diamond Barrel","true","",""
"Iron Barrels","iron_barrels:gold_barrel",4743,"false",12850,0,"Gold Barrel","true","",""
"Iron Barrels","iron_barrels:iron_barrel",4742,"false",12849,0,"Iron Barrel","true","",""
"Iron Barrels","iron_barrels:netherite_barrel",4745,"false",12856,0,"Netherite Barrel","true","",""
"Iron Barrels","iron_barrels:obsidian_barrel",4740,"false",12847,0,"Obsidian Barrel","true","",""
"Iron Chest","ironchest:iron_chest",3350,"true",9531,0,"Iron Chest","true","",""
"Iron Chest","ironchest:iron_chest",3350,"true",9531,1,"Gold Chest","true","",""
"Iron Chest","ironchest:iron_chest",3350,"true",9531,2,"Diamond Chest","true","",""
"Iron Chest","ironchest:iron_chest",3350,"true",9531,3,"Copper Chest","true","",""
"Iron Chest","ironchest:iron_chest",3350,"true",9531,4,"Silver Chest","true","",""
"Iron Chest","ironchest:iron_chest",3350,"true",9531,5,"Crystal Chest","true","",""
"Iron Chest","ironchest:iron_chest",3350,"true",9531,6,"Obsidian Chest","true","",""
"Iron Chest","ironchest:iron_chest",3350,"true",9531,7,"DirtChest 9000!","true","",""
"Iron Chest","ironchest:iron_shulker_box_black",3366,"true",9547,0,"Black Iron Shulker Box","true","",""
"Iron Chest","ironchest:iron_shulker_box_black",3366,"true",9547,1,"Black Gold Shulker Box","true","",""
"Iron Chest","ironchest:iron_shulker_box_black",3366,"true",9547,2,"Black Diamond Shulker Box","true","",""
"Iron Chest","ironchest:iron_shulker_box_black",3366,"true",9547,3,"Black Copper Shulker Box","true","",""
"Iron Chest","ironchest:iron_shulker_box_black",3366,"true",9547,4,"Black Silver Shulker Box","true","",""
"Iron Chest","ironchest:iron_shulker_box_black",3366,"true",9547,5,"Black Crystal Shulker Box","true","",""
"Iron Chest","ironchest:iron_shulker_box_black",3366,"true",9547,6,"Black Obsidian Shulker Box","true","",""
"Iron Chest","ironchest:iron_shulker_box_blue",3362,"true",9543,0,"Blue Iron Shulker Box","true","",""
"Iron Chest","ironchest:iron_shulker_box_blue",3362,"true",9543,1,"Blue Gold Shulker Box","true","",""
"Iron Chest","ironchest:iron_shulker_box_blue",3362,"true",9543,2,"Blue Diamond Shulker Box","true","",""
"Iron Chest","ironchest:iron_shulker_box_blue",3362,"true",9543,3,"Blue Copper Shulker Box","true","",""
"Iron Chest","ironchest:iron_shulker_box_blue",3362,"true",9543,4,"Blue Silver Shulker Box","true","",""
"Iron Chest","ironchest:iron_shulker_box_blue",3362,"true",9543,5,"Blue Crystal Shulker Box","true","",""
"Iron Chest","ironchest:iron_shulker_box_blue",3362,"true",9543,6,"Blue Obsidian Shulker Box","true","",""
"Iron Chest","ironchest:iron_shulker_box_brown",3363,"true",9544,0,"Brown Iron Shulker Box","true","",""
"Iron Chest","ironchest:iron_shulker_box_brown",3363,"true",9544,1,"Brown Gold Shulker Box","true","",""
"Iron Chest","ironchest:iron_shulker_box_brown",3363,"true",9544,2,"Brown Diamond Shulker Box","true","",""
"Iron Chest","ironchest:iron_shulker_box_brown",3363,"true",9544,3,"Brown Copper Shulker Box","true","",""
"Iron Chest","ironchest:iron_shulker_box_brown",3363,"true",9544,4,"Brown Silver Shulker Box","true","",""
"Iron Chest","ironchest:iron_shulker_box_brown",3363,"true",9544,5,"Brown Crystal Shulker Box","true","",""
"Iron Chest","ironchest:iron_shulker_box_brown",3363,"true",9544,6,"Brown Obsidian Shulker Box","true","",""
"Iron Chest","ironchest:iron_shulker_box_cyan",3360,"true",9541,0,"Cyan Iron Shulker Box","true","",""
"Iron Chest","ironchest:iron_shulker_box_cyan",3360,"true",9541,1,"Cyan Gold Shulker Box","true","",""
"Iron Chest","ironchest:iron_shulker_box_cyan",3360,"true",9541,2,"Cyan Diamond Shulker Box","true","",""
"Iron Chest","ironchest:iron_shulker_box_cyan",3360,"true",9541,3,"Cyan Copper Shulker Box","true","",""
"Iron Chest","ironchest:iron_shulker_box_cyan",3360,"true",9541,4,"Cyan Silver Shulker Box","true","",""
"Iron Chest","ironchest:iron_shulker_box_cyan",3360,"true",9541,5,"Cyan Crystal Shulker Box","true","",""
"Iron Chest","ironchest:iron_shulker_box_cyan",3360,"true",9541,6,"Cyan Obsidian Shulker Box","true","",""
"Iron Chest","ironchest:iron_shulker_box_gray",3358,"true",9539,0,"Gray Iron Shulker Box","true","",""
"Iron Chest","ironchest:iron_shulker_box_gray",3358,"true",9539,1,"Gray Gold Shulker Box","true","",""
"Iron Chest","ironchest:iron_shulker_box_gray",3358,"true",9539,2,"Gray Diamond Shulker Box","true","",""
"Iron Chest","ironchest:iron_shulker_box_gray",3358,"true",9539,3,"Gray Copper Shulker Box","true","",""
"Iron Chest","ironchest:iron_shulker_box_gray",3358,"true",9539,4,"Gray Silver Shulker Box","true","",""
"Iron Chest","ironchest:iron_shulker_box_gray",3358,"true",9539,5,"Gray Crystal Shulker Box","true","",""
"Iron Chest","ironchest:iron_shulker_box_gray",3358,"true",9539,6,"Gray Obsidian Shulker Box","true","",""
"Iron Chest","ironchest:iron_shulker_box_green",3364,"true",9545,0,"Green Iron Shulker Box","true","",""
"Iron Chest","ironchest:iron_shulker_box_green",3364,"true",9545,1,"Green Gold Shulker Box","true","",""
"Iron Chest","ironchest:iron_shulker_box_green",3364,"true",9545,2,"Green Diamond Shulker Box","true","",""
"Iron Chest","ironchest:iron_shulker_box_green",3364,"true",9545,3,"Green Copper Shulker Box","true","",""
"Iron Chest","ironchest:iron_shulker_box_green",3364,"true",9545,4,"Green Silver Shulker Box","true","",""
"Iron Chest","ironchest:iron_shulker_box_green",3364,"true",9545,5,"Green Crystal Shulker Box","true","",""
"Iron Chest","ironchest:iron_shulker_box_green",3364,"true",9545,6,"Green Obsidian Shulker Box","true","",""
"Iron Chest","ironchest:iron_shulker_box_light_blue",3354,"true",9535,0,"Light Blue Iron Shulker Box","true","",""
"Iron Chest","ironchest:iron_shulker_box_light_blue",3354,"true",9535,1,"Light Blue Gold Shulker Box","true","",""
"Iron Chest","ironchest:iron_shulker_box_light_blue",3354,"true",9535,2,"Light Blue Diamond Shulker Box","true","",""
"Iron Chest","ironchest:iron_shulker_box_light_blue",3354,"true",9535,3,"Light Blue Copper Shulker Box","true","",""
"Iron Chest","ironchest:iron_shulker_box_light_blue",3354,"true",9535,4,"Light Blue Silver Shulker Box","true","",""
"Iron Chest","ironchest:iron_shulker_box_light_blue",3354,"true",9535,5,"Light Blue Crystal Shulker Box","true","",""
"Iron Chest","ironchest:iron_shulker_box_light_blue",3354,"true",9535,6,"Light Blue Obsidian Shulker Box","true","",""
"Iron Chest","ironchest:iron_shulker_box_lime",3356,"true",9537,0,"Lime Iron Shulker Box","true","",""
"Iron Chest","ironchest:iron_shulker_box_lime",3356,"true",9537,1,"Lime Gold Shulker Box","true","",""
"Iron Chest","ironchest:iron_shulker_box_lime",3356,"true",9537,2,"Lime Diamond Shulker Box","true","",""
"Iron Chest","ironchest:iron_shulker_box_lime",3356,"true",9537,3,"Lime Copper Shulker Box","true","",""
"Iron Chest","ironchest:iron_shulker_box_lime",3356,"true",9537,4,"Lime Silver Shulker Box","true","",""
"Iron Chest","ironchest:iron_shulker_box_lime",3356,"true",9537,5,"Lime Crystal Shulker Box","true","",""
"Iron Chest","ironchest:iron_shulker_box_lime",3356,"true",9537,6,"Lime Obsidian Shulker Box","true","",""
"Iron Chest","ironchest:iron_shulker_box_magenta",3353,"true",9534,0,"Magenta Iron Shulker Box","true","",""
"Iron Chest","ironchest:iron_shulker_box_magenta",3353,"true",9534,1,"Magenta Gold Shulker Box","true","",""
"Iron Chest","ironchest:iron_shulker_box_magenta",3353,"true",9534,2,"Magenta Diamond Shulker Box","true","",""
"Iron Chest","ironchest:iron_shulker_box_magenta",3353,"true",9534,3,"Magenta Copper Shulker Box","true","",""
"Iron Chest","ironchest:iron_shulker_box_magenta",3353,"true",9534,4,"Magenta Silver Shulker Box","true","",""
"Iron Chest","ironchest:iron_shulker_box_magenta",3353,"true",9534,5,"Magenta Crystal Shulker Box","true","",""
"Iron Chest","ironchest:iron_shulker_box_magenta",3353,"true",9534,6,"Magenta Obsidian Shulker Box","true","",""
"Iron Chest","ironchest:iron_shulker_box_orange",3352,"true",9533,0,"Orange Iron Shulker Box","true","",""
"Iron Chest","ironchest:iron_shulker_box_orange",3352,"true",9533,1,"Orange Gold Shulker Box","true","",""
"Iron Chest","ironchest:iron_shulker_box_orange",3352,"true",9533,2,"Orange Diamond Shulker Box","true","",""
"Iron Chest","ironchest:iron_shulker_box_orange",3352,"true",9533,3,"Orange Copper Shulker Box","true","",""
"Iron Chest","ironchest:iron_shulker_box_orange",3352,"true",9533,4,"Orange Silver Shulker Box","true","",""
"Iron Chest","ironchest:iron_shulker_box_orange",3352,"true",9533,5,"Orange Crystal Shulker Box","true","",""
"Iron Chest","ironchest:iron_shulker_box_orange",3352,"true",9533,6,"Orange Obsidian Shulker Box","true","",""
"Iron Chest","ironchest:iron_shulker_box_pink",3357,"true",9538,0,"Pink Iron Shulker Box","true","",""
"Iron Chest","ironchest:iron_shulker_box_pink",3357,"true",9538,1,"Pink Gold Shulker Box","true","",""
"Iron Chest","ironchest:iron_shulker_box_pink",3357,"true",9538,2,"Pink Diamond Shulker Box","true","",""
"Iron Chest","ironchest:iron_shulker_box_pink",3357,"true",9538,3,"Pink Copper Shulker Box","true","",""
"Iron Chest","ironchest:iron_shulker_box_pink",3357,"true",9538,4,"Pink Silver Shulker Box","true","",""
"Iron Chest","ironchest:iron_shulker_box_pink",3357,"true",9538,5,"Pink Crystal Shulker Box","true","",""
"Iron Chest","ironchest:iron_shulker_box_pink",3357,"true",9538,6,"Pink Obsidian Shulker Box","true","",""
"Iron Chest","ironchest:iron_shulker_box_purple",3361,"true",9542,0,"Purple Iron Shulker Box","true","",""
"Iron Chest","ironchest:iron_shulker_box_purple",3361,"true",9542,1,"Purple Gold Shulker Box","true","",""
"Iron Chest","ironchest:iron_shulker_box_purple",3361,"true",9542,2,"Purple Diamond Shulker Box","true","",""
"Iron Chest","ironchest:iron_shulker_box_purple",3361,"true",9542,3,"Purple Copper Shulker Box","true","",""
"Iron Chest","ironchest:iron_shulker_box_purple",3361,"true",9542,4,"Purple Silver Shulker Box","true","",""
"Iron Chest","ironchest:iron_shulker_box_purple",3361,"true",9542,5,"Purple Crystal Shulker Box","true","",""
"Iron Chest","ironchest:iron_shulker_box_purple",3361,"true",9542,6,"Purple Obsidian Shulker Box","true","",""
"Iron Chest","ironchest:iron_shulker_box_red",3365,"true",9546,0,"Red Iron Shulker Box","true","",""
"Iron Chest","ironchest:iron_shulker_box_red",3365,"true",9546,1,"Red Gold Shulker Box","true","",""
"Iron Chest","ironchest:iron_shulker_box_red",3365,"true",9546,2,"Red Diamond Shulker Box","true","",""
"Iron Chest","ironchest:iron_shulker_box_red",3365,"true",9546,3,"Red Copper Shulker Box","true","",""
"Iron Chest","ironchest:iron_shulker_box_red",3365,"true",9546,4,"Red Silver Shulker Box","true","",""
"Iron Chest","ironchest:iron_shulker_box_red",3365,"true",9546,5,"Red Crystal Shulker Box","true","",""
"Iron Chest","ironchest:iron_shulker_box_red",3365,"true",9546,6,"Red Obsidian Shulker Box","true","",""
"Iron Chest","ironchest:iron_shulker_box_silver",3359,"true",9540,0,"Light Gray Iron Shulker Box","true","",""
"Iron Chest","ironchest:iron_shulker_box_silver",3359,"true",9540,1,"Light Gray Gold Shulker Box","true","",""
"Iron Chest","ironchest:iron_shulker_box_silver",3359,"true",9540,2,"Light Gray Diamond Shulker Box","true","",""
"Iron Chest","ironchest:iron_shulker_box_silver",3359,"true",9540,3,"Light Gray Copper Shulker Box","true","",""
"Iron Chest","ironchest:iron_shulker_box_silver",3359,"true",9540,4,"Light Gray Silver Shulker Box","true","",""
"Iron Chest","ironchest:iron_shulker_box_silver",3359,"true",9540,5,"Light Gray Crystal Shulker Box","true","",""
"Iron Chest","ironchest:iron_shulker_box_silver",3359,"true",9540,6,"Light Gray Obsidian Shulker Box","true","",""
"Iron Chest","ironchest:iron_shulker_box_white",3351,"true",9532,0,"White Iron Shulker Box","true","",""
"Iron Chest","ironchest:iron_shulker_box_white",3351,"true",9532,1,"White Gold Shulker Box","true","",""
"Iron Chest","ironchest:iron_shulker_box_white",3351,"true",9532,2,"White Diamond Shulker Box","true","",""
"Iron Chest","ironchest:iron_shulker_box_white",3351,"true",9532,3,"White Copper Shulker Box","true","",""
"Iron Chest","ironchest:iron_shulker_box_white",3351,"true",9532,4,"White Silver Shulker Box","true","",""
"Iron Chest","ironchest:iron_shulker_box_white",3351,"true",9532,5,"White Crystal Shulker Box","true","",""
"Iron Chest","ironchest:iron_shulker_box_white",3351,"true",9532,6,"White Obsidian Shulker Box","true","",""
"Iron Chest","ironchest:iron_shulker_box_yellow",3355,"true",9536,0,"Yellow Iron Shulker Box","true","",""
"Iron Chest","ironchest:iron_shulker_box_yellow",3355,"true",9536,1,"Yellow Gold Shulker Box","true","",""
"Iron Chest","ironchest:iron_shulker_box_yellow",3355,"true",9536,2,"Yellow Diamond Shulker Box","true","",""
"Iron Chest","ironchest:iron_shulker_box_yellow",3355,"true",9536,3,"Yellow Copper Shulker Box","true","",""
"Iron Chest","ironchest:iron_shulker_box_yellow",3355,"true",9536,4,"Yellow Silver Shulker Box","true","",""
"Iron Chest","ironchest:iron_shulker_box_yellow",3355,"true",9536,5,"Yellow Crystal Shulker Box","true","",""
"Iron Chest","ironchest:iron_shulker_box_yellow",3355,"true",9536,6,"Yellow Obsidian Shulker Box","true","",""
"Lost Aether Content","lost_aether:crystal_sapling",5200,"false",12858,0,"Crystal Sapling","true","treeSapling",""
"Lost Aether Content","lost_aether:gale_double_slab",5206,"false",12864,0,"tile.gale_double_slab.name","true","",""
"Lost Aether Content","lost_aether:gale_slab",5207,"false",12865,0,"Gale Slab","true","",""
"Lost Aether Content","lost_aether:gale_stairs",5208,"false",12866,0,"Gale Stairs","true","",""
"Lost Aether Content","lost_aether:gale_stone",5202,"false",12860,0,"Gale Stone","true","",""
"Lost Aether Content","lost_aether:gale_wall",5209,"false",12867,0,"Gale Wall","true","",""
"Lost Aether Content","lost_aether:light_gale_stone",5203,"false",12861,0,"Light Gale Stone","true","",""
"Lost Aether Content","lost_aether:locked_gale_stone",5204,"false",12862,0,"Locked Gale Stone","true","",""
"Lost Aether Content","lost_aether:locked_light_gale_stone",5205,"false",12863,0,"Locked Light Gale Stone","true","",""
"Lost Aether Content","lost_aether:songstone",5201,"false",12859,0,"Songstone","true","",""
"Macaw's Bridges","mcwbridges:acacia_log_bridge_end",3373,"false",9574,0,"Acacia Bridge End","true","",""
"Macaw's Bridges","mcwbridges:acacia_log_bridge_middle",3374,"false",9575,0,"Acacia Bridge Middle","true","",""
"Macaw's Bridges","mcwbridges:acacia_rail_bridge",3411,"false",9612,0,"Acacia Rail Bridge","true","",""
"Macaw's Bridges","mcwbridges:acacia_rail_bridge_end",3412,"false",9613,0,"Acacia Rail Bridge End","true","",""
"Macaw's Bridges","mcwbridges:bamboo_bridge",3415,"false",9616,0,"Bamboo Bridge","true","",""
"Macaw's Bridges","mcwbridges:bamboo_bridge_end",3416,"false",9617,0,"Bamboo Bridge End","true","",""
"Macaw's Bridges","mcwbridges:birch_log_bridge_end",3371,"false",9572,0,"Birch Bridge End","true","",""
"Macaw's Bridges","mcwbridges:birch_log_bridge_middle",3372,"false",9573,0,"Birch Bridge Middle","true","",""
"Macaw's Bridges","mcwbridges:birch_rail_bridge",3407,"false",9608,0,"Birch Rail Bridge","true","",""
"Macaw's Bridges","mcwbridges:birch_rail_bridge_end",3408,"false",9609,0,"Birch Rail Bridge End","true","",""
"Macaw's Bridges","mcwbridges:brick_bridge",3395,"false",9596,0,"Brick Bridge","true","",""
"Macaw's Bridges","mcwbridges:brick_bridge_end",3396,"false",9597,0,"Brick Bridge End","true","",""
"Macaw's Bridges","mcwbridges:dark_oak_log_bridge_end",3379,"false",9580,0,"Dark Oak Bridge End","true","",""
"Macaw's Bridges","mcwbridges:dark_oak_log_bridge_middle",3380,"false",9581,0,"Dark Oak Bridge Middle","true","",""
"Macaw's Bridges","mcwbridges:dark_oak_rail_bridge",3413,"false",9614,0,"Dark Oak Rail Bridge","true","",""
"Macaw's Bridges","mcwbridges:dark_oak_rail_bridge_end",3414,"false",9615,0,"Dark Oak Rail Bridge End","true","",""
"Macaw's Bridges","mcwbridges:dry_bamboo_bridge",3417,"false",9618,0,"Dry Bamboo Bridge","true","",""
"Macaw's Bridges","mcwbridges:dry_bamboo_bridge_end",3418,"false",9619,0,"Dry Bamboo Bridge End","true","",""
"Macaw's Bridges","mcwbridges:jungle_log_bridge_end",3377,"false",9578,0,"Jungle Bridge End","true","",""
"Macaw's Bridges","mcwbridges:jungle_log_bridge_middle",3378,"false",9579,0,"Jungle Bridge Middle","true","",""
"Macaw's Bridges","mcwbridges:jungle_rail_bridge",3409,"false",9610,0,"Jungle Rail Bridge","true","",""
"Macaw's Bridges","mcwbridges:jungle_rail_bridge_end",3410,"false",9611,0,"Jungle Rail Bridge End","true","",""
"Macaw's Bridges","mcwbridges:mossy_stone_brick_bridge",3401,"false",9602,0,"Mossy Stone Brick Bridge","true","",""
"Macaw's Bridges","mcwbridges:mossy_stone_brick_bridge_end",3402,"false",9603,0,"Mossy Stone Brick Bridge End","true","",""
"Macaw's Bridges","mcwbridges:most1",3367,"false",9568,0,"Iron Bridge Middle","true","",""
"Macaw's Bridges","mcwbridges:most2",3368,"false",9569,0,"Iron Bridge End","true","",""
"Macaw's Bridges","mcwbridges:oak_log_bridge_end",3370,"false",9571,0,"Oak Bridge End","true","",""
"Macaw's Bridges","mcwbridges:oak_log_bridge_middle",3369,"false",9570,0,"Oak Bridge Middle","true","",""
"Macaw's Bridges","mcwbridges:oak_rail_bridge",3403,"false",9604,0,"Oak Rail Bridge","true","",""
"Macaw's Bridges","mcwbridges:oak_rail_bridge_end",3404,"false",9605,0,"Oak Rail Bridge End","true","",""
"Macaw's Bridges","mcwbridges:orange_sandstone_bridge",3399,"false",9600,0,"Red Sandstone Bridge","true","",""
"Macaw's Bridges","mcwbridges:orange_sandstone_bridge_end",3400,"false",9601,0,"Red Sandstone Bridge End","true","",""
"Macaw's Bridges","mcwbridges:rope_acacia_bridge",3389,"false",9590,0,"Rope Acacia Bridge","true","",""
"Macaw's Bridges","mcwbridges:rope_acacia_bridge_end",3390,"false",9591,0,"Rope Acacia Bridge End","true","",""
"Macaw's Bridges","mcwbridges:rope_birch_bridge",3383,"false",9584,0,"Rope Birch Bridge","true","",""
"Macaw's Bridges","mcwbridges:rope_birch_bridge_end",3384,"false",9585,0,"Rope Birch Bridge End","true","",""
"Macaw's Bridges","mcwbridges:rope_dark_oak_bridge",3391,"false",9592,0,"Rope Dark Oak Bridge","true","",""
"Macaw's Bridges","mcwbridges:rope_dark_oak_bridge_end",3392,"false",9593,0,"Rope Dark Oak Bridge End","true","",""
"Macaw's Bridges","mcwbridges:rope_jungle_bridge",3387,"false",9588,0,"Rope Jungle Bridge","true","",""
"Macaw's Bridges","mcwbridges:rope_jungle_bridge_end",3388,"false",9589,0,"Rope Jungle Bridge End","true","",""
"Macaw's Bridges","mcwbridges:rope_oak_bridge",3381,"false",9582,0,"Rope Oak Bridge","true","",""
"Macaw's Bridges","mcwbridges:rope_oak_bridge_end",3382,"false",9583,0,"Rope Oak Bridge End","true","",""
"Macaw's Bridges","mcwbridges:rope_spruce_bridge",3385,"false",9586,0,"Rope Spruce Bridge","true","",""
"Macaw's Bridges","mcwbridges:rope_spruce_bridge_end",3386,"false",9587,0,"Rope Spruce Bridge End","true","",""
"Macaw's Bridges","mcwbridges:sandstone_bridge",3397,"false",9598,0,"Sandstone Bridge","true","",""
"Macaw's Bridges","mcwbridges:sandstone_bridge_end",3398,"false",9599,0,"Sandstone Bridge End","true","",""
"Macaw's Bridges","mcwbridges:spruce_log_bridge_end",3375,"false",9576,0,"Spruce Bridge End","true","",""
"Macaw's Bridges","mcwbridges:spruce_log_bridge_middle",3376,"false",9577,0,"Spruce Bridge Middle","true","",""
"Macaw's Bridges","mcwbridges:spruce_rail_bridge",3405,"false",9606,0,"Spruce Rail Bridge","true","",""
"Macaw's Bridges","mcwbridges:spruce_rail_bridge_end",3406,"false",9607,0,"Spruce Rail Bridge End","true","",""
"Macaw's Bridges","mcwbridges:stone_brick_bridge",3393,"false",9594,0,"Stone Brick Bridge","true","",""
"Macaw's Bridges","mcwbridges:stone_brick_bridge_end",3394,"false",9595,0,"Stone Brick Bridge End","true","",""
"Macaw's Doors","mcwdoors:acacia_bark_glass_door",3513,"false",9720,0,"Acacia Bark Glass Door","true","",""
"Macaw's Doors","mcwdoors:acacia_barn_door",3435,"false",9642,0,"Acacia Barn Door","true","",""
"Macaw's Doors","mcwdoors:acacia_barn_glass_door",3441,"false",9648,0,"Acacia Barn Glassed Door","true","",""
"Macaw's Doors","mcwdoors:acacia_beach_door",3462,"false",9669,0,"Acacia Beach Door","true","",""
"Macaw's Doors","mcwdoors:acacia_classic_door",3457,"false",9664,0,"Acacia Classic Door","true","",""
"Macaw's Doors","mcwdoors:acacia_cottage_door",3452,"false",9659,0,"Acacia Cottage Door","true","",""
"Macaw's Doors","mcwdoors:acacia_four_panel_door",3473,"false",9680,0,"Acacia Four Panel Door","true","",""
"Macaw's Doors","mcwdoors:acacia_glass_door",3489,"false",9696,0,"Acacia Glass Door","true","",""
"Macaw's Doors","mcwdoors:acacia_japanese2_door",3429,"false",9636,0,"Acacia Shoji Whole Door","true","",""
"Macaw's Doors","mcwdoors:acacia_japanese_door",3423,"false",9630,0,"Acacia Shoji Door","true","",""
"Macaw's Doors","mcwdoors:acacia_modern_door",3447,"false",9654,0,"Acacia Oak Modern Door","true","",""
"Macaw's Doors","mcwdoors:acacia_paper_door",3467,"false",9674,0,"Acacia Paper Door","true","",""
"Macaw's Doors","mcwdoors:acacia_stable_door",3495,"false",9702,0,"Acacia Stable Door","true","",""
"Macaw's Doors","mcwdoors:acacia_stable_head_door",3501,"false",9708,0,"Acacia Stable Horse Door","true","",""
"Macaw's Doors","mcwdoors:acacia_western_door",3507,"false",9714,0,"Acacia Western Door","true","",""
"Macaw's Doors","mcwdoors:birch_bark_glass_door",3511,"false",9718,0,"Birch Bark Glass Door","true","",""
"Macaw's Doors","mcwdoors:birch_barn_door",3433,"false",9640,0,"Birch Barn Door","true","",""
"Macaw's Doors","mcwdoors:birch_barn_glass_door",3439,"false",9646,0,"Birch Barn Glassed Door","true","",""
"Macaw's Doors","mcwdoors:birch_beach_door",3461,"false",9668,0,"Birch Beach Door","true","",""
"Macaw's Doors","mcwdoors:birch_classic_door",3455,"false",9662,0,"Birch Classic Door","true","",""
"Macaw's Doors","mcwdoors:birch_cottage_door",3450,"false",9657,0,"Birch Cottage Door","true","",""
"Macaw's Doors","mcwdoors:birch_four_panel_door",3471,"false",9678,0,"Birch Four Panel Door","true","",""
"Macaw's Doors","mcwdoors:birch_glass_door",3487,"false",9694,0,"Birch Glass Door","true","",""
"Macaw's Doors","mcwdoors:birch_japanese2_door",3427,"false",9634,0,"Birch Shoji Whole Door","true","",""
"Macaw's Doors","mcwdoors:birch_japanese_door",3421,"false",9628,0,"Birch Shoji Door","true","",""
"Macaw's Doors","mcwdoors:birch_modern_door",3445,"false",9652,0,"Birch Oak Modern Door","true","",""
"Macaw's Doors","mcwdoors:birch_stable_door",3493,"false",9700,0,"Birch Stable Door","true","",""
"Macaw's Doors","mcwdoors:birch_stable_head_door",3499,"false",9706,0,"Birch Stable Horse Door","true","",""
"Macaw's Doors","mcwdoors:birch_tropical_door",3476,"false",9683,0,"Birch Tropical Door","true","",""
"Macaw's Doors","mcwdoors:birch_western_door",3505,"false",9712,0,"Birch Western Door","true","",""
"Macaw's Doors","mcwdoors:dark_oak_bark_glass_door",3514,"false",9721,0,"Dark Oak Bark Glass Door","true","",""
"Macaw's Doors","mcwdoors:dark_oak_barn_door",3436,"false",9643,0,"Dark Oak Barn Door","true","",""
"Macaw's Doors","mcwdoors:dark_oak_barn_glass_door",3442,"false",9649,0,"Dark Oak Barn Glassed Door","true","",""
"Macaw's Doors","mcwdoors:dark_oak_beach_door",3463,"false",9670,0,"Dark Oak Beach Door","true","",""
"Macaw's Doors","mcwdoors:dark_oak_classic_door",3458,"false",9665,0,"Dark Oak Classic Door","true","",""
"Macaw's Doors","mcwdoors:dark_oak_cottage_door",3453,"false",9660,0,"Dark Oak Cottage Door","true","",""
"Macaw's Doors","mcwdoors:dark_oak_glass_door",3490,"false",9697,0,"Dark Oak Glass Door","true","",""
"Macaw's Doors","mcwdoors:dark_oak_japanese2_door",3430,"false",9637,0,"Dark Oak Shoji Whole Door","true","",""
"Macaw's Doors","mcwdoors:dark_oak_japanese_door",3424,"false",9631,0,"Dark Oak Shoji Door","true","",""
"Macaw's Doors","mcwdoors:dark_oak_modern_door",3448,"false",9655,0,"Dark Oak Modern Door","true","",""
"Macaw's Doors","mcwdoors:dark_oak_paper_door",3468,"false",9675,0,"Dark Oak Paper Door","true","",""
"Macaw's Doors","mcwdoors:dark_oak_stable_door",3496,"false",9703,0,"Dark Oak Stable Door","true","",""
"Macaw's Doors","mcwdoors:dark_oak_stable_head_door",3502,"false",9709,0,"Dark Oak Stable Horse Door","true","",""
"Macaw's Doors","mcwdoors:dark_oak_tropical_door",3478,"false",9685,0,"Dark Oak Tropical Door","true","",""
"Macaw's Doors","mcwdoors:dark_oak_western_door",3508,"false",9715,0,"Dark Oak Western Door","true","",""
"Macaw's Doors","mcwdoors:jail_door",3484,"false",9691,0,"Jail Door","true","",""
"Macaw's Doors","mcwdoors:jungle_bark_glass_door",3512,"false",9719,0,"Jungle Bark Glass Door","true","",""
"Macaw's Doors","mcwdoors:jungle_barn_door",3434,"false",9641,0,"Jungle Barn Door","true","",""
"Macaw's Doors","mcwdoors:jungle_barn_glass_door",3440,"false",9647,0,"Jungle Barn Glassed Door","true","",""
"Macaw's Doors","mcwdoors:jungle_classic_door",3456,"false",9663,0,"Jungle Classic Door","true","",""
"Macaw's Doors","mcwdoors:jungle_cottage_door",3451,"false",9658,0,"Jungle Cottage Door","true","",""
"Macaw's Doors","mcwdoors:jungle_four_panel_door",3472,"false",9679,0,"Jungle Four Panel Door","true","",""
"Macaw's Doors","mcwdoors:jungle_glass_door",3488,"false",9695,0,"Jungle Glass Door","true","",""
"Macaw's Doors","mcwdoors:jungle_japanese2_door",3428,"false",9635,0,"Jungle Shoji Whole Door","true","",""
"Macaw's Doors","mcwdoors:jungle_japanese_door",3422,"false",9629,0,"Jungle Shoji Door","true","",""
"Macaw's Doors","mcwdoors:jungle_modern_door",3446,"false",9653,0,"Jungle Oak Modern Door","true","",""
"Macaw's Doors","mcwdoors:jungle_paper_door",3466,"false",9673,0,"Jungle Paper Door","true","",""
"Macaw's Doors","mcwdoors:jungle_stable_door",3494,"false",9701,0,"Jungle Stable Door","true","",""
"Macaw's Doors","mcwdoors:jungle_stable_head_door",3500,"false",9707,0,"Jungle Stable Horse Door","true","",""
"Macaw's Doors","mcwdoors:jungle_tropical_door",3477,"false",9684,0,"Jungle Tropical Door","true","",""
"Macaw's Doors","mcwdoors:jungle_western_door",3506,"false",9713,0,"Jungle Western Door","true","",""
"Macaw's Doors","mcwdoors:metal_door",3479,"false",9686,0,"Metal Door","true","",""
"Macaw's Doors","mcwdoors:metal_hospital_door",3481,"false",9688,0,"Metal Hospital Door","true","",""
"Macaw's Doors","mcwdoors:metal_reinforced_door",3482,"false",9689,0,"Metal Reinforced Door","true","",""
"Macaw's Doors","mcwdoors:metal_warning_door",3480,"false",9687,0,"Metal Warning Door","true","",""
"Macaw's Doors","mcwdoors:metal_windowed_door",3483,"false",9690,0,"Metal Windowed Door","true","",""
"Macaw's Doors","mcwdoors:oak_bark_glass_door",3509,"false",9716,0,"Oak Bark Glass Door","true","",""
"Macaw's Doors","mcwdoors:oak_barn_door",3431,"false",9638,0,"Oak Barn Door","true","",""
"Macaw's Doors","mcwdoors:oak_barn_glass_door",3437,"false",9644,0,"Oak Barn Glassed Door","true","",""
"Macaw's Doors","mcwdoors:oak_beach_door",3459,"false",9666,0,"Oak Beach Door","true","",""
"Macaw's Doors","mcwdoors:oak_cottage_door",3449,"false",9656,0,"Oak Cottage Door","true","",""
"Macaw's Doors","mcwdoors:oak_four_panel_door",3469,"false",9676,0,"Oak Four Panel Door","true","",""
"Macaw's Doors","mcwdoors:oak_glass_door",3485,"false",9692,0,"Oak Glass Door","true","",""
"Macaw's Doors","mcwdoors:oak_japanese2_door",3425,"false",9632,0,"Oak Shoji Whole Door","true","",""
"Macaw's Doors","mcwdoors:oak_japanese_door",3419,"false",9626,0,"Oak Shoji Door","true","",""
"Macaw's Doors","mcwdoors:oak_modern_door",3443,"false",9650,0,"Oak Oak Modern Door","true","",""
"Macaw's Doors","mcwdoors:oak_paper_door",3464,"false",9671,0,"Oak Paper Door","true","",""
"Macaw's Doors","mcwdoors:oak_stable_door",3491,"false",9698,0,"Oak Stable Door","true","",""
"Macaw's Doors","mcwdoors:oak_stable_head_door",3497,"false",9704,0,"Oak Stable Horse Door","true","",""
"Macaw's Doors","mcwdoors:oak_tropical_door",3474,"false",9681,0,"Oak Tropical Door","true","",""
"Macaw's Doors","mcwdoors:oak_western_door",3503,"false",9710,0,"Oak Western Door","true","",""
"Macaw's Doors","mcwdoors:spruce_bark_glass_door",3510,"false",9717,0,"Spruce Bark Glass Door","true","",""
"Macaw's Doors","mcwdoors:spruce_barn_door",3432,"false",9639,0,"Spruce Barn Door","true","",""
"Macaw's Doors","mcwdoors:spruce_barn_glass_door",3438,"false",9645,0,"Spruce Barn Glassed Door","true","",""
"Macaw's Doors","mcwdoors:spruce_beach_door",3460,"false",9667,0,"Spruce Beach Door","true","",""
"Macaw's Doors","mcwdoors:spruce_classic_door",3454,"false",9661,0,"Spruce Classic Door","true","",""
"Macaw's Doors","mcwdoors:spruce_four_panel_door",3470,"false",9677,0,"Spruce Four Panel Door","true","",""
"Macaw's Doors","mcwdoors:spruce_glass_door",3486,"false",9693,0,"Spruce Glass Door","true","",""
"Macaw's Doors","mcwdoors:spruce_japanese2_door",3426,"false",9633,0,"Spruce Shoji Whole Door","true","",""
"Macaw's Doors","mcwdoors:spruce_japanese_door",3420,"false",9627,0,"Spruce Shoji Door","true","",""
"Macaw's Doors","mcwdoors:spruce_modern_door",3444,"false",9651,0,"Spruce Oak Modern Door","true","",""
"Macaw's Doors","mcwdoors:spruce_paper_door",3465,"false",9672,0,"Spruce Paper Door","true","",""
"Macaw's Doors","mcwdoors:spruce_stable_door",3492,"false",9699,0,"Spruce Stable Door","true","",""
"Macaw's Doors","mcwdoors:spruce_stable_head_door",3498,"false",9705,0,"Spruce Stable Horse Door","true","",""
"Macaw's Doors","mcwdoors:spruce_tropical_door",3475,"false",9682,0,"Spruce Tropical Door","true","",""
"Macaw's Doors","mcwdoors:spruce_western_door",3504,"false",9711,0,"Spruce Western Door","true","",""
"Macaw's Lights and Lamps","mcwlights:acacia_tiki_torch",3519,"false",9726,0,"Acacia Tiki Torch","true","",""
"Macaw's Lights and Lamps","mcwlights:bell_lantern",3577,"false",9784,0,"Bell Lantern","true","",""
"Macaw's Lights and Lamps","mcwlights:bell_wall_lantern",3584,"false",9791,0,"Bell Wall Lantern","true","",""
"Macaw's Lights and Lamps","mcwlights:birch_tiki_torch",3517,"false",9724,0,"Birch Tiki Torch","true","",""
"Macaw's Lights and Lamps","mcwlights:black_ceiling_light",3568,"false",9775,0,"Black Ceiling Light","true","",""
"Macaw's Lights and Lamps","mcwlights:black_lamp",3552,"false",9759,0,"Black Lamp","true","",""
"Macaw's Lights and Lamps","mcwlights:black_paper_lamp",3536,"false",9743,0,"Black Paper Lamp","true","",""
"Macaw's Lights and Lamps","mcwlights:black_square_wall_lamp",3626,"false",9833,0,"Black Square Wall Lamp","true","",""
"Macaw's Lights and Lamps","mcwlights:black_wall_lamp",3610,"false",9817,0,"Black Wall Lamp","true","",""
"Macaw's Lights and Lamps","mcwlights:blue_ceiling_light",3564,"false",9771,0,"Blue Ceiling Light","true","",""
"Macaw's Lights and Lamps","mcwlights:blue_lamp",3548,"false",9755,0,"Blue Lamp","true","",""
"Macaw's Lights and Lamps","mcwlights:blue_paper_lamp",3532,"false",9739,0,"Blue Paper Lamp","true","",""
"Macaw's Lights and Lamps","mcwlights:blue_square_wall_lamp",3622,"false",9829,0,"Blue Square Wall Lamp","true","",""
"Macaw's Lights and Lamps","mcwlights:blue_wall_lamp",3606,"false",9813,0,"Blue Wall Lamp","true","",""
"Macaw's Lights and Lamps","mcwlights:brown_ceiling_light",3565,"false",9772,0,"Brown Ceiling Light","true","",""
"Macaw's Lights and Lamps","mcwlights:brown_lamp",3549,"false",9756,0,"Brown Lamp","true","",""
"Macaw's Lights and Lamps","mcwlights:brown_paper_lamp",3533,"false",9740,0,"Brown Paper Lamp","true","",""
"Macaw's Lights and Lamps","mcwlights:brown_square_wall_lamp",3623,"false",9830,0,"Brown Square Wall Lamp","true","",""
"Macaw's Lights and Lamps","mcwlights:brown_wall_lamp",3607,"false",9814,0,"Brown Wall Lamp","true","",""
"Macaw's Lights and Lamps","mcwlights:chain_lantern",3573,"false",9780,0,"Chain Lantern","true","",""
"Macaw's Lights and Lamps","mcwlights:chain_wall_lantern",3580,"false",9787,0,"Chain Wall Lantern","true","",""
"Macaw's Lights and Lamps","mcwlights:classic_street_lamp",3585,"false",9792,0,"Street Lamp Post","true","",""
"Macaw's Lights and Lamps","mcwlights:covered_lantern",3572,"false",9779,0,"Covered Lantern","true","",""
"Macaw's Lights and Lamps","mcwlights:covered_wall_lantern",3579,"false",9786,0,"Covered Wall Lantern","true","",""
"Macaw's Lights and Lamps","mcwlights:cross_lantern",3576,"false",9783,0,"Cross Lantern","true","",""
"Macaw's Lights and Lamps","mcwlights:cross_wall_lantern",3583,"false",9790,0,"Cross Wall Lantern","true","",""
"Macaw's Lights and Lamps","mcwlights:cyan_ceiling_light",3562,"false",9769,0,"Cyan Ceiling Light","true","",""
"Macaw's Lights and Lamps","mcwlights:cyan_lamp",3546,"false",9753,0,"Cyan Lamp","true","",""
"Macaw's Lights and Lamps","mcwlights:cyan_paper_lamp",3530,"false",9737,0,"Cyan Paper Lamp","true","",""
"Macaw's Lights and Lamps","mcwlights:cyan_square_wall_lamp",3620,"false",9827,0,"Cyan Square Wall Lamp","true","",""
"Macaw's Lights and Lamps","mcwlights:cyan_wall_lamp",3604,"false",9811,0,"Cyan Wall Lamp","true","",""
"Macaw's Lights and Lamps","mcwlights:dark_oak_tiki_torch",3520,"false",9727,0,"Dark Oak Tiki Torch","true","",""
"Macaw's Lights and Lamps","mcwlights:double_street_lamp",3586,"false",9793,0,"Double Street Lamp Post","true","",""
"Macaw's Lights and Lamps","mcwlights:festive_lantern",3575,"false",9782,0,"Festive Lantern","true","",""
"Macaw's Lights and Lamps","mcwlights:festive_wall_lantern",3582,"false",9789,0,"Festive Wall Lantern","true","",""
"Macaw's Lights and Lamps","mcwlights:framed_torch",3590,"false",9797,0,"Framed Torch","true","",""
"Macaw's Lights and Lamps","mcwlights:garden_light",3570,"false",9777,0,"Garden Light","true","",""
"Macaw's Lights and Lamps","mcwlights:glowstone_slab",3588,"false",9795,0,"Glowstone Slab","true","",""
"Macaw's Lights and Lamps","mcwlights:gray_ceiling_light",3560,"false",9767,0,"Gray Ceiling Light","true","",""
"Macaw's Lights and Lamps","mcwlights:gray_lamp",3544,"false",9751,0,"Gray Lamp","true","",""
"Macaw's Lights and Lamps","mcwlights:gray_paper_lamp",3528,"false",9735,0,"Gray Paper Lamp","true","",""
"Macaw's Lights and Lamps","mcwlights:gray_square_wall_lamp",3618,"false",9825,0,"Gray Square Wall Lamp","true","",""
"Macaw's Lights and Lamps","mcwlights:gray_wall_lamp",3602,"false",9809,0,"Gray Wall Lamp","true","",""
"Macaw's Lights and Lamps","mcwlights:green_ceiling_light",3566,"false",9773,0,"Green Ceiling Light","true","",""
"Macaw's Lights and Lamps","mcwlights:green_lamp",3550,"false",9757,0,"Green Lamp","true","",""
"Macaw's Lights and Lamps","mcwlights:green_paper_lamp",3534,"false",9741,0,"Green Paper Lamp","true","",""
"Macaw's Lights and Lamps","mcwlights:green_square_wall_lamp",3624,"false",9831,0,"Green Square Wall Lamp","true","",""
"Macaw's Lights and Lamps","mcwlights:green_wall_lamp",3608,"false",9815,0,"Green Wall Lamp","true","",""
"Macaw's Lights and Lamps","mcwlights:iron_framed_torch",3591,"false",9798,0,"Iron Framed Torch","true","",""
"Macaw's Lights and Lamps","mcwlights:jungle_tiki_torch",3518,"false",9725,0,"Jungle Tiki Torch","true","",""
"Macaw's Lights and Lamps","mcwlights:lava_lamp",3569,"false",9776,0,"Lava Lamp","true","",""
"Macaw's Lights and Lamps","mcwlights:light_blue_ceiling_light",3556,"false",9763,0,"Light Blue Ceiling Light","true","",""
"Macaw's Lights and Lamps","mcwlights:light_blue_lamp",3540,"false",9747,0,"Light Blue Lamp","true","",""
"Macaw's Lights and Lamps","mcwlights:light_blue_paper_lamp",3524,"false",9731,0,"Light Blue Paper Lamp","true","",""
"Macaw's Lights and Lamps","mcwlights:light_blue_square_wall_lamp",3614,"false",9821,0,"Light Blue Square Wall Lamp","true","",""
"Macaw's Lights and Lamps","mcwlights:light_blue_wall_lamp",3598,"false",9805,0,"Light Blue Wall Lamp","true","",""
"Macaw's Lights and Lamps","mcwlights:light_gray_ceiling_light",3561,"false",9768,0,"Light Gray Ceiling Light","true","",""
"Macaw's Lights and Lamps","mcwlights:light_gray_lamp",3545,"false",9752,0,"Light Gray Lamp","true","",""
"Macaw's Lights and Lamps","mcwlights:light_gray_paper_lamp",3529,"false",9736,0,"Light Gray Paper Lamp","true","",""
"Macaw's Lights and Lamps","mcwlights:light_gray_square_wall_lamp",3619,"false",9826,0,"Light Gray Square Wall Lamp","true","",""
"Macaw's Lights and Lamps","mcwlights:light_gray_wall_lamp",3603,"false",9810,0,"Light Gray Wall Lamp","true","",""
"Macaw's Lights and Lamps","mcwlights:lime_ceiling_light",3558,"false",9765,0,"Lime Ceiling Light","true","",""
"Macaw's Lights and Lamps","mcwlights:lime_lamp",3542,"false",9749,0,"Lime Lamp","true","",""
"Macaw's Lights and Lamps","mcwlights:lime_paper_lamp",3526,"false",9733,0,"Lime Paper Lamp","true","",""
"Macaw's Lights and Lamps","mcwlights:lime_square_wall_lamp",3616,"false",9823,0,"Lime Square Wall Lamp","true","",""
"Macaw's Lights and Lamps","mcwlights:lime_wall_lamp",3600,"false",9807,0,"Lime Wall Lamp","true","",""
"Macaw's Lights and Lamps","mcwlights:magenta_ceiling_light",3555,"false",9762,0,"Magenta Ceiling Light","true","",""
"Macaw's Lights and Lamps","mcwlights:magenta_lamp",3539,"false",9746,0,"Magenta Lamp","true","",""
"Macaw's Lights and Lamps","mcwlights:magenta_paper_lamp",3523,"false",9730,0,"Magenta Paper Lamp","true","",""
"Macaw's Lights and Lamps","mcwlights:magenta_square_wall_lamp",3613,"false",9820,0,"Magenta Square Wall Lamp","true","",""
"Macaw's Lights and Lamps","mcwlights:magenta_wall_lamp",3597,"false",9804,0,"Magenta Wall Lamp","true","",""
"Macaw's Lights and Lamps","mcwlights:oak_tiki_torch",3515,"false",9722,0,"Oak Tiki Torch","true","",""
"Macaw's Lights and Lamps","mcwlights:orange_ceiling_light",3554,"false",9761,0,"Orange Ceiling Light","true","",""
"Macaw's Lights and Lamps","mcwlights:orange_lamp",3538,"false",9745,0,"Orange Lamp","true","",""
"Macaw's Lights and Lamps","mcwlights:orange_paper_lamp",3522,"false",9729,0,"Orange Paper Lamp","true","",""
"Macaw's Lights and Lamps","mcwlights:orange_square_wall_lamp",3612,"false",9819,0,"Orange Square Wall Lamp","true","",""
"Macaw's Lights and Lamps","mcwlights:orange_wall_lamp",3596,"false",9803,0,"Orange Wall Lamp","true","",""
"Macaw's Lights and Lamps","mcwlights:pink_ceiling_light",3559,"false",9766,0,"Pink Ceiling Light","true","",""
"Macaw's Lights and Lamps","mcwlights:pink_lamp",3543,"false",9750,0,"Pink Lamp","true","",""
"Macaw's Lights and Lamps","mcwlights:pink_paper_lamp",3527,"false",9734,0,"Pink Paper Lamp","true","",""
"Macaw's Lights and Lamps","mcwlights:pink_square_wall_lamp",3617,"false",9824,0,"Pink Square Wall Lamp","true","",""
"Macaw's Lights and Lamps","mcwlights:pink_wall_lamp",3601,"false",9808,0,"Pink Wall Lamp","true","",""
"Macaw's Lights and Lamps","mcwlights:purple_ceiling_light",3563,"false",9770,0,"Purple Ceiling Light","true","",""
"Macaw's Lights and Lamps","mcwlights:purple_lamp",3547,"false",9754,0,"Purple Lamp","true","",""
"Macaw's Lights and Lamps","mcwlights:purple_paper_lamp",3531,"false",9738,0,"Purple Paper Lamp","true","",""
"Macaw's Lights and Lamps","mcwlights:purple_square_wall_lamp",3621,"false",9828,0,"Purple Square Wall Lamp","true","",""
"Macaw's Lights and Lamps","mcwlights:purple_wall_lamp",3605,"false",9812,0,"Purple Wall Lamp","true","",""
"Macaw's Lights and Lamps","mcwlights:red_ceiling_light",3567,"false",9774,0,"Red Ceiling Light","true","",""
"Macaw's Lights and Lamps","mcwlights:red_lamp",3551,"false",9758,0,"Red Lamp","true","",""
"Macaw's Lights and Lamps","mcwlights:red_paper_lamp",3535,"false",9742,0,"Red Paper Lamp","true","",""
"Macaw's Lights and Lamps","mcwlights:red_square_wall_lamp",3625,"false",9832,0,"Red Square Wall Lamp","true","",""
"Macaw's Lights and Lamps","mcwlights:red_wall_lamp",3609,"false",9816,0,"Red Wall Lamp","true","",""
"Macaw's Lights and Lamps","mcwlights:redstone_lamp_slab",3587,"false",9794,0,"Redstone Lamp Slab","true","",""
"Macaw's Lights and Lamps","mcwlights:reinforced_torch",3592,"false",9799,0,"Reinforced Torch","true","",""
"Macaw's Lights and Lamps","mcwlights:rustic_torch",3593,"false",9800,0,"Rustic Torch","true","",""
"Macaw's Lights and Lamps","mcwlights:sea_lantern_slab",3589,"false",9796,0,"Sea Lantern Slab","true","",""
"Macaw's Lights and Lamps","mcwlights:spruce_tiki_torch",3516,"false",9723,0,"Spruce Tiki Torch","true","",""
"Macaw's Lights and Lamps","mcwlights:striped_lantern",3571,"false",9778,0,"Striped Lantern","true","",""
"Macaw's Lights and Lamps","mcwlights:striped_wall_lantern",3578,"false",9785,0,"Striped Wall Lantern","true","",""
"Macaw's Lights and Lamps","mcwlights:tavern_lantern",3574,"false",9781,0,"Tavern Lantern","true","",""
"Macaw's Lights and Lamps","mcwlights:tavern_wall_lantern",3581,"false",9788,0,"Tavern Wall Lantern","true","",""
"Macaw's Lights and Lamps","mcwlights:upgraded_torch",3594,"false",9801,0,"Upgraded Torch","true","",""
"Macaw's Lights and Lamps","mcwlights:white_ceiling_light",3553,"false",9760,0,"White Ceiling Light","true","",""
"Macaw's Lights and Lamps","mcwlights:white_lamp",3537,"false",9744,0,"White Lamp","true","",""
"Macaw's Lights and Lamps","mcwlights:white_paper_lamp",3521,"false",9728,0,"White Paper Lamp","true","",""
"Macaw's Lights and Lamps","mcwlights:white_square_wall_lamp",3611,"false",9818,0,"White Square Wall Lamp","true","",""
"Macaw's Lights and Lamps","mcwlights:white_wall_lamp",3595,"false",9802,0,"White Wall Lamp","true","",""
"Macaw's Lights and Lamps","mcwlights:yellow_ceiling_light",3557,"false",9764,0,"Yellow Ceiling Light","true","",""
"Macaw's Lights and Lamps","mcwlights:yellow_lamp",3541,"false",9748,0,"Yellow Lamp","true","",""
"Macaw's Lights and Lamps","mcwlights:yellow_paper_lamp",3525,"false",9732,0,"Yellow Paper Lamp","true","",""
"Macaw's Lights and Lamps","mcwlights:yellow_square_wall_lamp",3615,"false",9822,0,"Yellow Square Wall Lamp","true","",""
"Macaw's Lights and Lamps","mcwlights:yellow_wall_lamp",3599,"false",9806,0,"Yellow Wall Lamp","true","",""
"Macaw's Windows","mcwwindows:acacia_plank_window",3637,"false",9846,0,"Acacia Plank Framed Window","true","",""
"Macaw's Windows","mcwwindows:acacia_plank_window2",3660,"false",9869,0,"Acacia Plank Window","true","",""
"Macaw's Windows","mcwwindows:acacia_plank_window2_2tall",3672,"false",9881,0,"Acacia Plank 2x1 Window","true","",""
"Macaw's Windows","mcwwindows:acacia_planks_win_2tall",3647,"false",9856,0,"2x1 Acacia Plank Framed Window","true","",""
"Macaw's Windows","mcwwindows:acacia_win_2tall",3648,"false",9857,0,"2x1 Acacia Framed Window","true","",""
"Macaw's Windows","mcwwindows:acacia_window",3631,"false",9840,0,"Acacia Framed Window","true","",""
"Macaw's Windows","mcwwindows:acacia_window2",3659,"false",9868,0,"Acacia Window","true","",""
"Macaw's Windows","mcwwindows:acacia_window2_2tall",3671,"false",9880,0,"Acacia 2x1 Window","true","",""
"Macaw's Windows","mcwwindows:birch_plank_window",3635,"false",9844,0,"Birch Plank Framed Window","true","",""
"Macaw's Windows","mcwwindows:birch_plank_window2",3656,"false",9865,0,"Birch Plank Window","true","",""
"Macaw's Windows","mcwwindows:birch_plank_window2_2tall",3668,"false",9877,0,"Birch Plank 2x1  Window","true","",""
"Macaw's Windows","mcwwindows:birch_planks_win_2tall",3643,"false",9852,0,"2x1 Birch Plank Framed Window","true","",""
"Macaw's Windows","mcwwindows:birch_win_2tall",3644,"false",9853,0,"2x1 Birch Framed Window","true","",""
"Macaw's Windows","mcwwindows:birch_window",3629,"false",9838,0,"Birch Framed Window","true","",""
"Macaw's Windows","mcwwindows:birch_window2",3655,"false",9864,0,"Birch Window","true","",""
"Macaw's Windows","mcwwindows:birch_window2_2tall",3667,"false",9876,0,"Birch 2x1 Window","true","",""
"Macaw's Windows","mcwwindows:dark_oak_plank_window",3638,"false",9847,0,"Dark Oak Plank Framed Window","true","",""
"Macaw's Windows","mcwwindows:dark_oak_plank_window2",3662,"false",9871,0,"Dark Oak Window","true","",""
"Macaw's Windows","mcwwindows:dark_oak_plank_window2_2tall",3674,"false",9883,0,"Dark Oak 2x1 Window","true","",""
"Macaw's Windows","mcwwindows:dark_oak_planks_win_2tall",3649,"false",9858,0,"2x1 Dark Oak Framed Plank Window","true","",""
"Macaw's Windows","mcwwindows:dark_oak_win_2tall",3650,"false",9859,0,"2x1 Dark Oak Framed Window","true","",""
"Macaw's Windows","mcwwindows:dark_oak_window",3632,"false",9841,0,"Dark Oak Framed Window","true","",""
"Macaw's Windows","mcwwindows:dark_oak_window2",3661,"false",9870,0,"Dark Oak Window","true","",""
"Macaw's Windows","mcwwindows:dark_oak_window2_2tall",3673,"false",9882,0,"Dark Oak 2x1 Window","true","",""
"Macaw's Windows","mcwwindows:jungle_plank_window",3636,"false",9845,0,"Jungle Plank Framed Window","true","",""
"Macaw's Windows","mcwwindows:jungle_plank_window2",3658,"false",9867,0,"Jungle Window","true","",""
"Macaw's Windows","mcwwindows:jungle_plank_window2_2tall",3670,"false",9879,0,"Jungle Plank 2x1 Window","true","",""
"Macaw's Windows","mcwwindows:jungle_planks_win_2tall",3645,"false",9854,0,"2x1 Jungle Plank Framed Window","true","",""
"Macaw's Windows","mcwwindows:jungle_win_2tall",3646,"false",9855,0,"2x1 Jungle Framed Window","true","",""
"Macaw's Windows","mcwwindows:jungle_window",3630,"false",9839,0,"Jungle Framed Window","true","",""
"Macaw's Windows","mcwwindows:jungle_window2",3657,"false",9866,0,"Jungle Window","true","",""
"Macaw's Windows","mcwwindows:jungle_window2_2tall",3669,"false",9878,0,"Jungle 2x1 Window","true","",""
"Macaw's Windows","mcwwindows:oak_plank_window",3633,"false",9842,0,"Oak Plank Framed Window","true","",""
"Macaw's Windows","mcwwindows:oak_plank_window2",3652,"false",9861,0,"Oak Plank Window","true","",""
"Macaw's Windows","mcwwindows:oak_plank_window2_2tall",3664,"false",9873,0,"Oak Plank 2x1 Window","true","",""
"Macaw's Windows","mcwwindows:oak_planks_win_2tall",3639,"false",9848,0,"2x1 Oak Plank Framed Window","true","",""
"Macaw's Windows","mcwwindows:oak_win_2tall",3640,"false",9849,0,"2x1 Oak Framed Window","true","",""
"Macaw's Windows","mcwwindows:oak_window",3627,"false",9836,0,"Oak Framed Window","true","",""
"Macaw's Windows","mcwwindows:oak_window2",3651,"false",9860,0,"Oak Window","true","",""
"Macaw's Windows","mcwwindows:oak_window2_2tall",3663,"false",9872,0,"Oak 2x1 Window","true","",""
"Macaw's Windows","mcwwindows:spruce_plank_window",3634,"false",9843,0,"Spruce Plank Framed Window","true","",""
"Macaw's Windows","mcwwindows:spruce_plank_window2",3654,"false",9863,0,"Spruce Plank Window","true","",""
"Macaw's Windows","mcwwindows:spruce_plank_window2_2tall",3666,"false",9875,0,"Sruce Plank 2x1 Window","true","",""
"Macaw's Windows","mcwwindows:spruce_planks_win_2tall",3641,"false",9850,0,"2x1 Spruce Plank Framed Window","true","",""
"Macaw's Windows","mcwwindows:spruce_win_2tall",3642,"false",9851,0,"2x1 Spruce Framed Window","true","",""
"Macaw's Windows","mcwwindows:spruce_window",3628,"false",9837,0,"Spruce Framed Window","true","",""
"Macaw's Windows","mcwwindows:spruce_window2",3653,"false",9862,0,"Spruce Window","true","",""
"Macaw's Windows","mcwwindows:spruce_window2_2tall",3665,"false",9874,0,"Spruce 2x1 Window","true","",""
"Minecraft","minecraft:acacia_door",196,"false",,,"Acacia Door","true","",""
"Minecraft","minecraft:acacia_fence",192,"false",192,0,"Acacia Fence","true","fenceWood",""
"Minecraft","minecraft:acacia_fence_gate",187,"false",187,0,"Acacia Fence Gate","true","fenceGateWood",""
"Minecraft","minecraft:acacia_stairs",163,"false",163,0,"Acacia Wood Stairs","true","stairWood",""
"Minecraft","minecraft:activator_rail",157,"false",157,0,"Activator Rail","true","rail",""
"Minecraft","minecraft:air",0,"false",,,"Air","true","",""
"Minecraft","minecraft:anvil",145,"true",145,0,"Anvil","true","",""
"Minecraft","minecraft:anvil",145,"true",145,1,"Slightly Damaged Anvil","true","",""
"Minecraft","minecraft:anvil",145,"true",145,2,"Very Damaged Anvil","true","",""
"Minecraft","minecraft:barrier",166,"false",166,0,"Barrier","true","",""
"Minecraft","minecraft:beacon",138,"false",138,0,"Beacon","true","",""
"Minecraft","minecraft:bed",26,"false",,,"tile.bed.name","true","",""
"Minecraft","minecraft:bedrock",7,"false",7,0,"Bedrock","true","",""
"Minecraft","minecraft:beetroots",207,"false",,,"Beetroots","true","",""
"Minecraft","minecraft:birch_door",194,"false",,,"Birch Door","true","",""
"Minecraft","minecraft:birch_fence",189,"false",189,0,"Birch Fence","true","fenceWood",""
"Minecraft","minecraft:birch_fence_gate",184,"false",184,0,"Birch Fence Gate","true","fenceGateWood",""
"Minecraft","minecraft:birch_stairs",135,"false",135,0,"Birch Wood Stairs","true","stairWood",""
"Minecraft","minecraft:black_glazed_terracotta",250,"false",250,0,"Black Glazed Terracotta","true","",""
"Minecraft","minecraft:black_shulker_box",234,"false",234,0,"Black Shulker Box","true","chest,shulkerBox",""
"Minecraft","minecraft:blue_glazed_terracotta",246,"false",246,0,"Blue Glazed Terracotta","true","",""
"Minecraft","minecraft:blue_shulker_box",230,"false",230,0,"Blue Shulker Box","true","chest,shulkerBox",""
"Minecraft","minecraft:bone_block",216,"false",216,0,"Bone Block","true","blockBone",""
"Minecraft","minecraft:bookshelf",47,"false",47,0,"Oak Bookshelf","true","bookshelf,bookshelfOak",""
"Minecraft","minecraft:brewing_stand",117,"false",,,"Brewing Stand","true","",""
"Minecraft","minecraft:brick_block",45,"false",45,0,"Bricks","true","",""
"Minecraft","minecraft:brick_stairs",108,"false",108,0,"Brick Stairs","true","",""
"Minecraft","minecraft:brown_glazed_terracotta",247,"false",247,0,"Brown Glazed Terracotta","true","",""
"Minecraft","minecraft:brown_mushroom",39,"false",39,0,"Mushroom","true","cabbageRoolIngredients,dumplingFilling,listAllmushroom,mushroom,mushroomAny",""
"Minecraft","minecraft:brown_mushroom_block",99,"false",99,0,"Mushroom","true","",""
"Minecraft","minecraft:brown_shulker_box",231,"false",231,0,"Brown Shulker Box","true","chest,shulkerBox",""
"Minecraft","minecraft:cactus",81,"false",81,0,"Cactus","true","blockCactus,cactus",""
"Minecraft","minecraft:cake",92,"false",,,"Cake","true","",""
"Minecraft","minecraft:carpet",171,"true",171,0,"White Carpet","true","",""
"Minecraft","minecraft:carpet",171,"true",171,1,"Orange Carpet","true","",""
"Minecraft","minecraft:carpet",171,"true",171,2,"Magenta Carpet","true","",""
"Minecraft","minecraft:carpet",171,"true",171,3,"Light Blue Carpet","true","",""
"Minecraft","minecraft:carpet",171,"true",171,4,"Yellow Carpet","true","",""
"Minecraft","minecraft:carpet",171,"true",171,5,"Lime Carpet","true","",""
"Minecraft","minecraft:carpet",171,"true",171,6,"Pink Carpet","true","",""
"Minecraft","minecraft:carpet",171,"true",171,7,"Gray Carpet","true","",""
"Minecraft","minecraft:carpet",171,"true",171,8,"Light Gray Carpet","true","",""
"Minecraft","minecraft:carpet",171,"true",171,9,"Cyan Carpet","true","",""
"Minecraft","minecraft:carpet",171,"true",171,10,"Purple Carpet","true","",""
"Minecraft","minecraft:carpet",171,"true",171,11,"Blue Carpet","true","",""
"Minecraft","minecraft:carpet",171,"true",171,12,"Brown Carpet","true","",""
"Minecraft","minecraft:carpet",171,"true",171,13,"Green Carpet","true","",""
"Minecraft","minecraft:carpet",171,"true",171,14,"Red Carpet","true","",""
"Minecraft","minecraft:carpet",171,"true",171,15,"Black Carpet","true","",""
"Minecraft","minecraft:carrots",141,"false",,,"Carrots","true","",""
"Minecraft","minecraft:cauldron",118,"false",,,"Cauldron","true","",""
"Minecraft","minecraft:chain_command_block",211,"false",211,0,"Chain Command Block","true","",""
"Minecraft","minecraft:chest",54,"false",54,0,"Oak Chest","true","chest,chestWood",""
"Minecraft","minecraft:chorus_flower",200,"false",200,0,"Chorus Flower","true","",""
"Minecraft","minecraft:chorus_plant",199,"false",199,0,"Chorus Plant","true","",""
"Minecraft","minecraft:clay",82,"false",82,0,"Clay","true","",""
"Minecraft","minecraft:coal_block",173,"false",173,0,"Block of Coal","true","blockCoal",""
"Minecraft","minecraft:coal_ore",16,"false",16,0,"Coal Ore","true","oreCoal",""
"Minecraft","minecraft:cobblestone",4,"false",4,0,"Cobblestone","true","cobblestone,materialStoneTool",""
"Minecraft","minecraft:cobblestone_wall",139,"true",139,0,"Cobblestone Wall","true","",""
"Minecraft","minecraft:cobblestone_wall",139,"true",139,1,"Mossy Cobblestone Wall","true","",""
"Minecraft","minecraft:cocoa",127,"false",,,"Cocoa","true","",""
"Minecraft","minecraft:command_block",137,"false",137,0,"Command Block","true","",""
"Minecraft","minecraft:concrete",251,"true",251,0,"White Concrete","true","",""
"Minecraft","minecraft:concrete",251,"true",251,1,"Orange Concrete","true","",""
"Minecraft","minecraft:concrete",251,"true",251,2,"Magenta Concrete","true","",""
"Minecraft","minecraft:concrete",251,"true",251,3,"Light Blue Concrete","true","",""
"Minecraft","minecraft:concrete",251,"true",251,4,"Yellow Concrete","true","",""
"Minecraft","minecraft:concrete",251,"true",251,5,"Lime Concrete","true","",""
"Minecraft","minecraft:concrete",251,"true",251,6,"Pink Concrete","true","",""
"Minecraft","minecraft:concrete",251,"true",251,7,"Gray Concrete","true","",""
"Minecraft","minecraft:concrete",251,"true",251,8,"Light Gray Concrete","true","",""
"Minecraft","minecraft:concrete",251,"true",251,9,"Cyan Concrete","true","",""
"Minecraft","minecraft:concrete",251,"true",251,10,"Purple Concrete","true","",""
"Minecraft","minecraft:concrete",251,"true",251,11,"Blue Concrete","true","",""
"Minecraft","minecraft:concrete",251,"true",251,12,"Brown Concrete","true","",""
"Minecraft","minecraft:concrete",251,"true",251,13,"Green Concrete","true","",""
"Minecraft","minecraft:concrete",251,"true",251,14,"Red Concrete","true","",""
"Minecraft","minecraft:concrete",251,"true",251,15,"Black Concrete","true","",""
"Minecraft","minecraft:concrete_powder",252,"true",252,0,"White Concrete Powder","true","",""
"Minecraft","minecraft:concrete_powder",252,"true",252,1,"Orange Concrete Powder","true","",""
"Minecraft","minecraft:concrete_powder",252,"true",252,2,"Magenta Concrete Powder","true","",""
"Minecraft","minecraft:concrete_powder",252,"true",252,3,"Light Blue Concrete Powder","true","",""
"Minecraft","minecraft:concrete_powder",252,"true",252,4,"Yellow Concrete Powder","true","",""
"Minecraft","minecraft:concrete_powder",252,"true",252,5,"Lime Concrete Powder","true","",""
"Minecraft","minecraft:concrete_powder",252,"true",252,6,"Pink Concrete Powder","true","",""
"Minecraft","minecraft:concrete_powder",252,"true",252,7,"Gray Concrete Powder","true","",""
"Minecraft","minecraft:concrete_powder",252,"true",252,8,"Light Gray Concrete Powder","true","",""
"Minecraft","minecraft:concrete_powder",252,"true",252,9,"Cyan Concrete Powder","true","",""
"Minecraft","minecraft:concrete_powder",252,"true",252,10,"Purple Concrete Powder","true","",""
"Minecraft","minecraft:concrete_powder",252,"true",252,11,"Blue Concrete Powder","true","",""
"Minecraft","minecraft:concrete_powder",252,"true",252,12,"Brown Concrete Powder","true","",""
"Minecraft","minecraft:concrete_powder",252,"true",252,13,"Green Concrete Powder","true","",""
"Minecraft","minecraft:concrete_powder",252,"true",252,14,"Red Concrete Powder","true","",""
"Minecraft","minecraft:concrete_powder",252,"true",252,15,"Black Concrete Powder","true","",""
"Minecraft","minecraft:crafting_table",58,"false",58,0,"Crafting Table","true","workbench",""
"Minecraft","minecraft:cyan_glazed_terracotta",244,"false",244,0,"Cyan Glazed Terracotta","true","",""
"Minecraft","minecraft:cyan_shulker_box",228,"false",228,0,"Cyan Shulker Box","true","chest,shulkerBox",""
"Minecraft","minecraft:dark_oak_door",197,"false",,,"Dark Oak Door","true","",""
"Minecraft","minecraft:dark_oak_fence",191,"false",191,0,"Dark Oak Fence","true","fenceWood",""
"Minecraft","minecraft:dark_oak_fence_gate",186,"false",186,0,"Dark Oak Fence Gate","true","fenceGateWood",""
"Minecraft","minecraft:dark_oak_stairs",164,"false",164,0,"Dark Oak Wood Stairs","true","stairWood",""
"Minecraft","minecraft:daylight_detector",151,"false",151,0,"Daylight Sensor","true","",""
"Minecraft","minecraft:daylight_detector_inverted",178,"?",,,"Daylight Sensor","true","",""
"Minecraft","minecraft:deadbush",32,"false",32,0,"Dead Bush","true","",""
"Minecraft","minecraft:detector_rail",28,"false",28,0,"Detector Rail","true","rail",""
"Minecraft","minecraft:diamond_block",57,"false",57,0,"Block of Diamond","true","blockDiamond",""
"Minecraft","minecraft:diamond_ore",56,"false",56,0,"Diamond Ore","true","oreDiamond",""
"Minecraft","minecraft:dirt",3,"true",3,0,"Dirt","true","dirt",""
"Minecraft","minecraft:dirt",3,"true",3,1,"Coarse Dirt","true","",""
"Minecraft","minecraft:dirt",3,"true",3,2,"Podzol","true","",""
"Minecraft","minecraft:dispenser",23,"false",23,0,"Dispenser","true","",""
"Minecraft","minecraft:double_plant",175,"true",175,0,"Sunflower","true","",""
"Minecraft","minecraft:double_plant",175,"true",175,1,"Lilac","true","",""
"Minecraft","minecraft:double_plant",175,"true",175,2,"Double Tallgrass","true","",""
"Minecraft","minecraft:double_plant",175,"true",175,3,"Large Fern","true","",""
"Minecraft","minecraft:double_plant",175,"true",175,4,"Rose Bush","true","",""
"Minecraft","minecraft:double_plant",175,"true",175,5,"Peony","true","",""
"Minecraft","minecraft:double_stone_slab",43,"true",,,"Stone Slab","true","",""
"Minecraft","minecraft:double_stone_slab",43,"true",,,"Stone Slab","true","",""
"Minecraft","minecraft:double_stone_slab",43,"true",,,"Stone Slab","true","",""
"Minecraft","minecraft:double_stone_slab",43,"true",,,"Stone Slab","true","",""
"Minecraft","minecraft:double_stone_slab",43,"true",,,"Stone Slab","true","",""
"Minecraft","minecraft:double_stone_slab",43,"true",,,"Stone Slab","true","",""
"Minecraft","minecraft:double_stone_slab",43,"true",,,"Stone Slab","true","",""
"Minecraft","minecraft:double_stone_slab2",181,"false",,,"Red Sandstone Slab","true","",""
"Minecraft","minecraft:double_wooden_slab",125,"true",,,"Wood Slab","true","",""
"Minecraft","minecraft:double_wooden_slab",125,"true",,,"Wood Slab","true","",""
"Minecraft","minecraft:double_wooden_slab",125,"true",,,"Wood Slab","true","",""
"Minecraft","minecraft:double_wooden_slab",125,"true",,,"Wood Slab","true","",""
"Minecraft","minecraft:double_wooden_slab",125,"true",,,"Wood Slab","true","",""
"Minecraft","minecraft:double_wooden_slab",125,"true",,,"Wood Slab","true","",""
"Minecraft","minecraft:dragon_egg",122,"false",122,0,"Dragon Egg","true","",""
"Minecraft","minecraft:dropper",158,"false",158,0,"Dropper","true","",""
"Minecraft","minecraft:emerald_block",133,"false",133,0,"Block of Emerald","true","blockEmerald",""
"Minecraft","minecraft:emerald_ore",129,"false",129,0,"Emerald Ore","true","oreEmerald",""
"Minecraft","minecraft:enchanting_table",116,"false",116,0,"Enchantment Table","true","",""
"Minecraft","minecraft:end_bricks",206,"false",206,0,"End Stone Bricks","true","",""
"Minecraft","minecraft:end_gateway",209,"false",,,"tile.null.name","true","",""
"Minecraft","minecraft:end_portal",119,"false",,,"tile.null.name","true","",""
"Minecraft","minecraft:end_portal_frame",120,"false",120,0,"End Portal","true","",""
"Minecraft","minecraft:end_rod",198,"false",198,0,"End Rod","true","",""
"Minecraft","minecraft:end_stone",121,"false",121,0,"End Stone","true","endstone",""
"Minecraft","minecraft:ender_chest",130,"false",130,0,"Ender Chest","true","chest,chestEnder",""
"Minecraft","minecraft:farmland",60,"false",60,0,"Farmland","true","",""
"Minecraft","minecraft:fence",85,"false",85,0,"Oak Fence","true","fenceWood",""
"Minecraft","minecraft:fence_gate",107,"false",107,0,"Oak Fence Gate","true","fenceGateWood",""
"Minecraft","minecraft:fire",51,"false",,,"Fire","true","",""
"Minecraft","minecraft:flower_pot",140,"false",,,"Flower Pot","true","",""
"Minecraft","minecraft:flowing_lava",10,"false",,,"Lava","true","",""
"Minecraft","minecraft:flowing_water",8,"false",,,"Water","true","",""
"Minecraft","minecraft:frosted_ice",212,"false",,,"Frosted Ice","true","",""
"Minecraft","minecraft:furnace",61,"false",61,0,"Furnace","true","",""
"Minecraft","minecraft:glass",20,"false",20,0,"Glass","true","blockGlass,blockGlassColorless",""
"Minecraft","minecraft:glass_pane",102,"false",102,0,"Glass Pane","true","paneGlass,paneGlassColorless,plasticOrGlass",""
"Minecraft","minecraft:glowstone",89,"false",89,0,"Glowstone","true","blockGlowstone,glowstone",""
"Minecraft","minecraft:gold_block",41,"false",41,0,"Block of Gold","true","blockGold",""
"Minecraft","minecraft:gold_ore",14,"false",14,0,"Gold Ore","true","oreGold",""
"Minecraft","minecraft:golden_rail",27,"false",27,0,"Powered Rail","true","rail",""
"Minecraft","minecraft:grass",2,"false",2,0,"Grass Block","true","grass",""
"Minecraft","minecraft:grass_path",208,"false",208,0,"Dirt Path","true","",""
"Minecraft","minecraft:gravel",13,"false",13,0,"Gravel","true","gravel",""
"Minecraft","minecraft:gray_glazed_terracotta",242,"false",242,0,"Gray Glazed Terracotta","true","",""
"Minecraft","minecraft:gray_shulker_box",226,"false",226,0,"Gray Shulker Box","true","chest,shulkerBox",""
"Minecraft","minecraft:green_glazed_terracotta",248,"false",248,0,"Green Glazed Terracotta","true","",""
"Minecraft","minecraft:green_shulker_box",232,"false",232,0,"Green Shulker Box","true","chest,shulkerBox",""
"Minecraft","minecraft:hardened_clay",172,"false",172,0,"Terracotta","true","",""
"Minecraft","minecraft:hay_block",170,"false",170,0,"Hay Bale","true","",""
"Minecraft","minecraft:heavy_weighted_pressure_plate",148,"false",148,0,"Weighted Pressure Plate (Heavy)","true","",""
"Minecraft","minecraft:hopper",154,"false",154,0,"Hopper","true","hopper",""
"Minecraft","minecraft:ice",79,"false",79,0,"Ice","true","",""
"Minecraft","minecraft:iron_bars",101,"false",101,0,"Iron Bars","true","",""
"Minecraft","minecraft:iron_block",42,"false",42,0,"Block of Iron","true","blockIron",""
"Minecraft","minecraft:iron_door",71,"false",,,"Iron Door","true","",""
"Minecraft","minecraft:iron_ore",15,"false",15,0,"Iron Ore","true","oreIron",""
"Minecraft","minecraft:iron_trapdoor",167,"false",167,0,"Iron Trapdoor","true","",""
"Minecraft","minecraft:jukebox",84,"false",84,0,"Jukebox","true","",""
"Minecraft","minecraft:jungle_door",195,"false",,,"Jungle Door","true","",""
"Minecraft","minecraft:jungle_fence",190,"false",190,0,"Jungle Fence","true","fenceWood",""
"Minecraft","minecraft:jungle_fence_gate",185,"false",185,0,"Jungle Fence Gate","true","fenceGateWood",""
"Minecraft","minecraft:jungle_stairs",136,"false",136,0,"Jungle Wood Stairs","true","stairWood",""
"Minecraft","minecraft:ladder",65,"false",65,0,"Ladder","true","",""
"Minecraft","minecraft:lapis_block",22,"false",22,0,"Lapis Lazuli Block","true","blockLapis",""
"Minecraft","minecraft:lapis_ore",21,"false",21,0,"Lapis Lazuli Ore","true","oreLapis",""
"Minecraft","minecraft:lava",11,"false",,,"Lava","true","",""
"Minecraft","minecraft:leaves",18,"true",18,0,"Oak Leaves","true","treeLeaves",""
"Minecraft","minecraft:leaves",18,"true",18,1,"Spruce Leaves","true","treeLeaves",""
"Minecraft","minecraft:leaves",18,"true",18,2,"Birch Leaves","true","treeLeaves",""
"Minecraft","minecraft:leaves",18,"true",18,3,"Jungle Leaves","true","treeLeaves",""
"Minecraft","minecraft:leaves2",161,"true",161,0,"Acacia Leaves","true","treeLeaves",""
"Minecraft","minecraft:leaves2",161,"true",161,1,"Dark Oak Leaves","true","treeLeaves",""
"Minecraft","minecraft:lever",69,"false",69,0,"Lever","true","",""
"Minecraft","minecraft:light_blue_glazed_terracotta",238,"false",238,0,"Light Blue Glazed Terracotta","true","",""
"Minecraft","minecraft:light_blue_shulker_box",222,"false",222,0,"Light Blue Shulker Box","true","chest,shulkerBox",""
"Minecraft","minecraft:light_weighted_pressure_plate",147,"false",147,0,"Weighted Pressure Plate (Light)","true","",""
"Minecraft","minecraft:lime_glazed_terracotta",240,"false",240,0,"Lime Glazed Terracotta","true","",""
"Minecraft","minecraft:lime_shulker_box",224,"false",224,0,"Lime Shulker Box","true","chest,shulkerBox",""
"Minecraft","minecraft:lit_furnace",62,"false",,,"Furnace","true","",""
"Minecraft","minecraft:lit_pumpkin",91,"false",91,0,"Jack o'Lantern","true","",""
"Minecraft","minecraft:lit_redstone_lamp",124,"false",,,"Redstone Lamp","true","",""
"Minecraft","minecraft:lit_redstone_ore",74,"false",,,"Redstone Ore","true","",""
"Minecraft","minecraft:log",17,"true",17,0,"Oak Log","true","logWood",""
"Minecraft","minecraft:log",17,"true",17,1,"Spruce Log","true","logWood",""
"Minecraft","minecraft:log",17,"true",17,2,"Birch Log","true","logWood",""
"Minecraft","minecraft:log",17,"true",17,3,"Jungle Log","true","logWood",""
"Minecraft","minecraft:log2",162,"true",162,0,"Acacia Log","true","logWood",""
"Minecraft","minecraft:log2",162,"true",162,1,"Dark Oak Log","true","logWood",""
"Minecraft","minecraft:magenta_glazed_terracotta",237,"false",237,0,"Magenta Glazed Terracotta","true","",""
"Minecraft","minecraft:magenta_shulker_box",221,"false",221,0,"Magenta Shulker Box","true","chest,shulkerBox",""
"Minecraft","minecraft:magma",213,"false",213,0,"Magma Block","true","blockMagma",""
"Minecraft","minecraft:melon_block",103,"false",103,0,"Melon","true","",""
"Minecraft","minecraft:melon_stem",105,"false",,,"Pumpkin Stem","true","",""
"Minecraft","minecraft:mob_spawner",52,"false",52,0,"Monster Spawner","true","",""
"Minecraft","minecraft:monster_egg",97,"true",97,0,"Stone Monster Egg","true","",""
"Minecraft","minecraft:monster_egg",97,"true",97,1,"Cobblestone Monster Egg","true","",""
"Minecraft","minecraft:monster_egg",97,"true",97,2,"Stone Brick Monster Egg","true","",""
"Minecraft","minecraft:monster_egg",97,"true",97,3,"Mossy Stone Brick Monster Egg","true","",""
"Minecraft","minecraft:monster_egg",97,"true",97,4,"Cracked Stone Brick Monster Egg","true","",""
"Minecraft","minecraft:monster_egg",97,"true",97,5,"Chiseled Stone Brick Monster Egg","true","",""
"Minecraft","minecraft:mossy_cobblestone",48,"false",48,0,"Moss Stone","true","",""
"Minecraft","minecraft:mycelium",110,"false",110,0,"Mycelium","true","",""
"Minecraft","minecraft:nether_brick",112,"false",112,0,"Nether Brick","true","",""
"Minecraft","minecraft:nether_brick_fence",113,"false",113,0,"Nether Brick Fence","true","",""
"Minecraft","minecraft:nether_brick_stairs",114,"false",114,0,"Nether Brick Stairs","true","",""
"Minecraft","minecraft:nether_wart",115,"false",,,"Nether Wart","true","",""
"Minecraft","minecraft:nether_wart_block",214,"false",214,0,"Nether Wart Block","true","blockNetherWart",""
"Minecraft","minecraft:netherrack",87,"false",87,0,"Netherrack","true","netherrack",""
"Minecraft","minecraft:noteblock",25,"false",25,0,"Note Block","true","",""
"Minecraft","minecraft:oak_stairs",53,"false",53,0,"Oak Wood Stairs","true","stairWood",""
"Minecraft","minecraft:observer",218,"false",218,0,"Observer","true","",""
"Minecraft","minecraft:obsidian",49,"false",49,0,"Obsidian","true","obsidian",""
"Minecraft","minecraft:orange_glazed_terracotta",236,"false",236,0,"Orange Glazed Terracotta","true","",""
"Minecraft","minecraft:orange_shulker_box",220,"false",220,0,"Orange Shulker Box","true","chest,shulkerBox",""
"Minecraft","minecraft:packed_ice",174,"false",174,0,"Packed Ice","true","",""
"Minecraft","minecraft:pink_glazed_terracotta",241,"false",241,0,"Pink Glazed Terracotta","true","",""
"Minecraft","minecraft:pink_shulker_box",225,"false",225,0,"Pink Shulker Box","true","chest,shulkerBox",""
"Minecraft","minecraft:piston",33,"false",33,0,"Piston","true","",""
"Minecraft","minecraft:piston_extension",36,"false",,,"tile.null.name","true","",""
"Minecraft","minecraft:piston_head",34,"false",,,"Piston","true","",""
"Minecraft","minecraft:planks",5,"true",5,0,"Oak Planks","true","plankWood",""
"Minecraft","minecraft:planks",5,"true",5,1,"Spruce Planks","true","plankWood",""
"Minecraft","minecraft:planks",5,"true",5,2,"Birch Planks","true","plankWood",""
"Minecraft","minecraft:planks",5,"true",5,3,"Jungle Planks","true","plankWood",""
"Minecraft","minecraft:planks",5,"true",5,4,"Acacia Planks","true","plankWood",""
"Minecraft","minecraft:planks",5,"true",5,5,"Dark Oak Planks","true","plankWood",""
"Minecraft","minecraft:portal",90,"false",,,"Portal","true","",""
"Minecraft","minecraft:potatoes",142,"false",,,"Potatoes","true","",""
"Minecraft","minecraft:powered_comparator",150,"false",,,"Redstone Comparator","true","",""
"Minecraft","minecraft:powered_repeater",94,"false",,,"Redstone Repeater","true","",""
"Minecraft","minecraft:prismarine",168,"true",168,0,"Prismarine","true","blockPrismarine",""
"Minecraft","minecraft:prismarine",168,"true",168,1,"Prismarine Bricks","true","blockPrismarineBrick",""
"Minecraft","minecraft:prismarine",168,"true",168,2,"Dark Prismarine","true","blockPrismarineDark",""
"Minecraft","minecraft:pumpkin",86,"false",86,0,"Pumpkin","true","foodVegetable,pumpkinOrSlice",""
"Minecraft","minecraft:pumpkin_stem",104,"false",,,"Pumpkin Stem","true","",""
"Minecraft","minecraft:purple_glazed_terracotta",245,"false",245,0,"Purple Glazed Terracotta","true","",""
"Minecraft","minecraft:purple_shulker_box",229,"false",229,0,"Purple Shulker Box","true","chest,shulkerBox",""
"Minecraft","minecraft:purpur_block",201,"false",201,0,"Purpur Block","true","",""
"Minecraft","minecraft:purpur_double_slab",204,"false",,,"Purpur Slab","true","",""
"Minecraft","minecraft:purpur_pillar",202,"false",202,0,"Purpur Pillar","true","",""
"Minecraft","minecraft:purpur_slab",205,"false",205,0,"Purpur Slab","true","",""
"Minecraft","minecraft:purpur_stairs",203,"false",203,0,"Purpur Stairs","true","",""
"Minecraft","minecraft:quartz_block",155,"true",155,0,"Block of Quartz","true","blockQuartz",""
"Minecraft","minecraft:quartz_block",155,"true",155,1,"Chiseled Quartz Block","true","",""
"Minecraft","minecraft:quartz_block",155,"true",155,2,"Pillar Quartz Block","true","",""
"Minecraft","minecraft:quartz_ore",153,"false",153,0,"Nether Quartz Ore","true","oreQuartz",""
"Minecraft","minecraft:quartz_stairs",156,"false",156,0,"Quartz Stairs","true","",""
"Minecraft","minecraft:rail",66,"false",66,0,"Rail","true","rail",""
"Minecraft","minecraft:red_flower",38,"true",38,0,"Poppy","true","flower",""
"Minecraft","minecraft:red_flower",38,"true",38,1,"Blue Orchid","true","flower",""
"Minecraft","minecraft:red_flower",38,"true",38,2,"Allium","true","flower",""
"Minecraft","minecraft:red_flower",38,"true",38,3,"Azure Bluet","true","flower",""
"Minecraft","minecraft:red_flower",38,"true",38,4,"Red Tulip","true","flower",""
"Minecraft","minecraft:red_flower",38,"true",38,5,"Orange Tulip","true","flower",""
"Minecraft","minecraft:red_flower",38,"true",38,6,"White Tulip","true","flower",""
"Minecraft","minecraft:red_flower",38,"true",38,7,"Pink Tulip","true","flower",""
"Minecraft","minecraft:red_flower",38,"true",38,8,"Oxeye Daisy","true","flower",""
"Minecraft","minecraft:red_glazed_terracotta",249,"false",249,0,"Red Glazed Terracotta","true","",""
"Minecraft","minecraft:red_mushroom",40,"false",40,0,"Mushroom","true","cabbageRoolIngredients,dumplingFilling,listAllmushroom,mushroom,mushroomAny",""
"Minecraft","minecraft:red_mushroom_block",100,"false",100,0,"Mushroom","true","",""
"Minecraft","minecraft:red_nether_brick",215,"false",215,0,"Red Nether Brick","true","",""
"Minecraft","minecraft:red_sandstone",179,"true",179,0,"Red Sandstone","true","sandstone",""
"Minecraft","minecraft:red_sandstone",179,"true",179,1,"Chiseled Red Sandstone","true","sandstone",""
"Minecraft","minecraft:red_sandstone",179,"true",179,2,"Cut Red Sandstone","true","sandstone",""
"Minecraft","minecraft:red_sandstone_stairs",180,"false",180,0,"Red Sandstone Stairs","true","",""
"Minecraft","minecraft:red_shulker_box",233,"false",233,0,"Red Shulker Box","true","chest,shulkerBox",""
"Minecraft","minecraft:redstone_block",152,"false",152,0,"Block of Redstone","true","blockRedstone",""
"Minecraft","minecraft:redstone_lamp",123,"false",123,0,"Redstone Lamp","true","",""
"Minecraft","minecraft:redstone_ore",73,"false",73,0,"Redstone Ore","true","oreRedstone",""
"Minecraft","minecraft:redstone_torch",76,"false",76,0,"Redstone Torch","true","",""
"Minecraft","minecraft:redstone_wire",55,"false",,,"Redstone Dust","true","",""
"Minecraft","minecraft:reeds",83,"false",,,"Sugar cane","true","",""
"Minecraft","minecraft:repeating_command_block",210,"false",210,0,"Repeating Command Block","true","",""
"Minecraft","minecraft:sand",12,"true",12,0,"Sand","true","sand",""
"Minecraft","minecraft:sand",12,"true",12,1,"Red Sand","true","sand",""
"Minecraft","minecraft:sandstone",24,"true",24,0,"Sandstone","true","sandstone",""
"Minecraft","minecraft:sandstone",24,"true",24,1,"Chiseled Sandstone","true","sandstone",""
"Minecraft","minecraft:sandstone",24,"true",24,2,"Cut Sandstone","true","sandstone",""
"Minecraft","minecraft:sandstone_stairs",128,"false",128,0,"Sandstone Stairs","true","",""
"Minecraft","minecraft:sapling",6,"true",6,0,"Oak Sapling","true","treeSapling",""
"Minecraft","minecraft:sapling",6,"true",6,1,"Spruce Sapling","true","treeSapling",""
"Minecraft","minecraft:sapling",6,"true",6,2,"Birch Sapling","true","treeSapling",""
"Minecraft","minecraft:sapling",6,"true",6,3,"Jungle Sapling","true","treeSapling",""
"Minecraft","minecraft:sapling",6,"true",6,4,"Acacia Sapling","true","treeSapling",""
"Minecraft","minecraft:sapling",6,"true",6,5,"Dark Oak Sapling","true","treeSapling",""
"Minecraft","minecraft:sea_lantern",169,"false",169,0,"Sea Lantern","true","",""
"Minecraft","minecraft:silver_glazed_terracotta",243,"false",243,0,"Light Gray Glazed Terracotta","true","",""
"Minecraft","minecraft:silver_shulker_box",227,"false",227,0,"Light Gray Shulker Box","true","chest,shulkerBox",""
"Minecraft","minecraft:skull",144,"false",,,"tile.skull.skeleton.name","true","",""
"Minecraft","minecraft:slime",165,"false",165,0,"Green Slime Block","true","blockSlime,blockSlimeGreen",""
"Minecraft","minecraft:snow",80,"false",80,0,"Snow","true","",""
"Minecraft","minecraft:snow_layer",78,"false",78,0,"Snow","true","",""
"Minecraft","minecraft:soul_sand",88,"false",88,0,"Soul Sand","true","",""
"Minecraft","minecraft:sponge",19,"true",19,0,"Sponge","true","",""
"Minecraft","minecraft:sponge",19,"true",19,1,"Wet Sponge","true","",""
"Minecraft","minecraft:spruce_door",193,"false",,,"Spruce Door","true","",""
"Minecraft","minecraft:spruce_fence",188,"false",188,0,"Spruce Fence","true","fenceWood",""
"Minecraft","minecraft:spruce_fence_gate",183,"false",183,0,"Spruce Fence Gate","true","fenceGateWood",""
"Minecraft","minecraft:spruce_stairs",134,"false",134,0,"Spruce Wood Stairs","true","stairWood",""
"Minecraft","minecraft:stained_glass",95,"true",95,0,"White Stained Glass","true","blockGlass,blockGlassWhite",""
"Minecraft","minecraft:stained_glass",95,"true",95,1,"Orange Stained Glass","true","blockGlass,blockGlassOrange",""
"Minecraft","minecraft:stained_glass",95,"true",95,2,"Magenta Stained Glass","true","blockGlass,blockGlassMagenta",""
"Minecraft","minecraft:stained_glass",95,"true",95,3,"Light Blue Stained Glass","true","blockGlass,blockGlassLightBlue",""
"Minecraft","minecraft:stained_glass",95,"true",95,4,"Yellow Stained Glass","true","blockGlass,blockGlassYellow",""
"Minecraft","minecraft:stained_glass",95,"true",95,5,"Lime Stained Glass","true","blockGlass,blockGlassLime",""
"Minecraft","minecraft:stained_glass",95,"true",95,6,"Pink Stained Glass","true","blockGlass,blockGlassPink",""
"Minecraft","minecraft:stained_glass",95,"true",95,7,"Gray Stained Glass","true","blockGlass,blockGlassGray",""
"Minecraft","minecraft:stained_glass",95,"true",95,8,"Light Gray Stained Glass","true","blockGlass,blockGlassLightGray",""
"Minecraft","minecraft:stained_glass",95,"true",95,9,"Cyan Stained Glass","true","blockGlass,blockGlassCyan",""
"Minecraft","minecraft:stained_glass",95,"true",95,10,"Purple Stained Glass","true","blockGlass,blockGlassPurple",""
"Minecraft","minecraft:stained_glass",95,"true",95,11,"Blue Stained Glass","true","blockGlass,blockGlassBlue",""
"Minecraft","minecraft:stained_glass",95,"true",95,12,"Brown Stained Glass","true","blockGlass,blockGlassBrown",""
"Minecraft","minecraft:stained_glass",95,"true",95,13,"Green Stained Glass","true","blockGlass,blockGlassGreen",""
"Minecraft","minecraft:stained_glass",95,"true",95,14,"Red Stained Glass","true","blockGlass,blockGlassRed",""
"Minecraft","minecraft:stained_glass",95,"true",95,15,"Black Stained Glass","true","blockGlass,blockGlassBlack",""
"Minecraft","minecraft:stained_glass_pane",160,"true",160,0,"White Stained Glass Pane","true","paneGlass,paneGlassWhite",""
"Minecraft","minecraft:stained_glass_pane",160,"true",160,1,"Orange Stained Glass Pane","true","paneGlass,paneGlassOrange",""
"Minecraft","minecraft:stained_glass_pane",160,"true",160,2,"Magenta Stained Glass Pane","true","paneGlass,paneGlassMagenta",""
"Minecraft","minecraft:stained_glass_pane",160,"true",160,3,"Light Blue Stained Glass Pane","true","paneGlass,paneGlassLightBlue",""
"Minecraft","minecraft:stained_glass_pane",160,"true",160,4,"Yellow Stained Glass Pane","true","paneGlass,paneGlassYellow",""
"Minecraft","minecraft:stained_glass_pane",160,"true",160,5,"Lime Stained Glass Pane","true","paneGlass,paneGlassLime",""
"Minecraft","minecraft:stained_glass_pane",160,"true",160,6,"Pink Stained Glass Pane","true","paneGlass,paneGlassPink",""
"Minecraft","minecraft:stained_glass_pane",160,"true",160,7,"Gray Stained Glass Pane","true","paneGlass,paneGlassGray",""
"Minecraft","minecraft:stained_glass_pane",160,"true",160,8,"Light Gray Stained Glass Pane","true","paneGlass,paneGlassLightGray",""
"Minecraft","minecraft:stained_glass_pane",160,"true",160,9,"Cyan Stained Glass Pane","true","paneGlass,paneGlassCyan",""
"Minecraft","minecraft:stained_glass_pane",160,"true",160,10,"Purple Stained Glass Pane","true","paneGlass,paneGlassPurple",""
"Minecraft","minecraft:stained_glass_pane",160,"true",160,11,"Blue Stained Glass Pane","true","paneGlass,paneGlassBlue",""
"Minecraft","minecraft:stained_glass_pane",160,"true",160,12,"Brown Stained Glass Pane","true","paneGlass,paneGlassBrown",""
"Minecraft","minecraft:stained_glass_pane",160,"true",160,13,"Green Stained Glass Pane","true","paneGlass,paneGlassGreen",""
"Minecraft","minecraft:stained_glass_pane",160,"true",160,14,"Red Stained Glass Pane","true","paneGlass,paneGlassRed",""
"Minecraft","minecraft:stained_glass_pane",160,"true",160,15,"Black Stained Glass Pane","true","paneGlass,paneGlassBlack",""
"Minecraft","minecraft:stained_hardened_clay",159,"true",159,0,"White Terracotta","true","",""
"Minecraft","minecraft:stained_hardened_clay",159,"true",159,1,"Orange Terracotta","true","",""
"Minecraft","minecraft:stained_hardened_clay",159,"true",159,2,"Magenta Terracotta","true","",""
"Minecraft","minecraft:stained_hardened_clay",159,"true",159,3,"Light Blue Terracotta","true","",""
"Minecraft","minecraft:stained_hardened_clay",159,"true",159,4,"Yellow Terracotta","true","",""
"Minecraft","minecraft:stained_hardened_clay",159,"true",159,5,"Lime Terracotta","true","",""
"Minecraft","minecraft:stained_hardened_clay",159,"true",159,6,"Pink Terracotta","true","",""
"Minecraft","minecraft:stained_hardened_clay",159,"true",159,7,"Gray Terracotta","true","",""
"Minecraft","minecraft:stained_hardened_clay",159,"true",159,8,"Light Gray Terracotta","true","",""
"Minecraft","minecraft:stained_hardened_clay",159,"true",159,9,"Cyan Terracotta","true","",""
"Minecraft","minecraft:stained_hardened_clay",159,"true",159,10,"Purple Terracotta","true","",""
"Minecraft","minecraft:stained_hardened_clay",159,"true",159,11,"Blue Terracotta","true","",""
"Minecraft","minecraft:stained_hardened_clay",159,"true",159,12,"Brown Terracotta","true","",""
"Minecraft","minecraft:stained_hardened_clay",159,"true",159,13,"Green Terracotta","true","",""
"Minecraft","minecraft:stained_hardened_clay",159,"true",159,14,"Red Terracotta","true","",""
"Minecraft","minecraft:stained_hardened_clay",159,"true",159,15,"Black Terracotta","true","",""
"Minecraft","minecraft:standing_banner",176,"false",425,0,"Black Banner","true","",""
"Minecraft","minecraft:standing_sign",63,"false",,,"Sign","true","",""
"Minecraft","minecraft:sticky_piston",29,"false",29,0,"Sticky Piston","true","",""
"Minecraft","minecraft:stone",1,"true",1,0,"Stone","true","materialStoneTool,stone",""
"Minecraft","minecraft:stone",1,"true",1,1,"Granite","true","materialStoneTool,stoneGranite",""
"Minecraft","minecraft:stone",1,"true",1,2,"Polished Granite","true","stoneGranitePolished",""
"Minecraft","minecraft:stone",1,"true",1,3,"Diorite","true","materialStoneTool,stoneDiorite",""
"Minecraft","minecraft:stone",1,"true",1,4,"Polished Diorite","true","stoneDioritePolished",""
"Minecraft","minecraft:stone",1,"true",1,5,"Andesite","true","materialStoneTool,stoneAndesite",""
"Minecraft","minecraft:stone",1,"true",1,6,"Polished Andesite","true","stoneAndesitePolished",""
"Minecraft","minecraft:stone_brick_stairs",109,"false",109,0,"Stone Brick Stairs","true","",""
"Minecraft","minecraft:stone_button",77,"false",77,0,"Button","true","",""
"Minecraft","minecraft:stone_pressure_plate",70,"false",70,0,"Stone Pressure Plate","true","",""
"Minecraft","minecraft:stone_slab",44,"true",44,0,"Stone Slab","true","",""
"Minecraft","minecraft:stone_slab",44,"true",44,1,"Sandstone Slab","true","",""
"Minecraft","minecraft:stone_slab",44,"true",44,3,"Cobblestone Slab","true","",""
"Minecraft","minecraft:stone_slab",44,"true",44,4,"Bricks Slab","true","",""
"Minecraft","minecraft:stone_slab",44,"true",44,5,"Stone Bricks Slab","true","",""
"Minecraft","minecraft:stone_slab",44,"true",44,6,"Nether Brick Slab","true","",""
"Minecraft","minecraft:stone_slab",44,"true",44,7,"Quartz Slab","true","",""
"Minecraft","minecraft:stone_slab2",182,"false",182,0,"Red Sandstone Slab","true","",""
"Minecraft","minecraft:stone_stairs",67,"false",67,0,"Cobblestone Stairs","true","",""
"Minecraft","minecraft:stonebrick",98,"true",98,0,"Stone Bricks","true","",""
"Minecraft","minecraft:stonebrick",98,"true",98,1,"Mossy Stone Bricks","true","",""
"Minecraft","minecraft:stonebrick",98,"true",98,2,"Cracked Stone Bricks","true","",""
"Minecraft","minecraft:stonebrick",98,"true",98,3,"Chiseled Stone Bricks","true","",""
"Minecraft","minecraft:structure_block",255,"false",255,0,"Structure Block","true","",""
"Minecraft","minecraft:structure_void",217,"false",217,0,"Structure Void","true","",""
"Minecraft","minecraft:tallgrass",31,"true",31,1,"Grass","true","",""
"Minecraft","minecraft:tallgrass",31,"true",31,2,"Fern","true","",""
"Minecraft","minecraft:tnt",46,"false",46,0,"TNT","true","",""
"Minecraft","minecraft:torch",50,"false",50,0,"Torch","true","torch",""
"Minecraft","minecraft:trapdoor",96,"false",96,0,"Oak Trapdoor","true","trapdoorWood",""
"Minecraft","minecraft:trapped_chest",146,"false",146,0,"Oak Trapped Chest","true","chest,chestTrapped,chestWood",""
"Minecraft","minecraft:tripwire",132,"false",,,"Tripwire","true","",""
"Minecraft","minecraft:tripwire_hook",131,"false",131,0,"Tripwire Hook","true","",""
"Minecraft","minecraft:unlit_redstone_torch",75,"false",,,"Redstone Torch","true","",""
"Minecraft","minecraft:unpowered_comparator",149,"false",,,"Redstone Comparator","true","",""
"Minecraft","minecraft:unpowered_repeater",93,"false",,,"Redstone Repeater","true","",""
"Minecraft","minecraft:vine",106,"false",106,0,"Vines","true","vine",""
"Minecraft","minecraft:wall_banner",177,"false",,,"White Banner","true","",""
"Minecraft","minecraft:wall_sign",68,"false",,,"Sign","true","",""
"Minecraft","minecraft:water",9,"false",,,"Water","true","",""
"Minecraft","minecraft:waterlily",111,"false",111,0,"Lily Pad","true","",""
"Minecraft","minecraft:web",30,"false",30,0,"Cobweb","true","",""
"Minecraft","minecraft:wheat",59,"false",,,"Crops","true","",""
"Minecraft","minecraft:white_glazed_terracotta",235,"false",235,0,"White Glazed Terracotta","true","",""
"Minecraft","minecraft:white_shulker_box",219,"false",219,0,"White Shulker Box","true","chest,shulkerBox",""
"Minecraft","minecraft:wooden_button",143,"false",143,0,"Oak Button","true","buttonWood",""
"Minecraft","minecraft:wooden_door",64,"false",,,"Oak Door","true","",""
"Minecraft","minecraft:wooden_pressure_plate",72,"false",72,0,"Oak Pressure Plate","true","pressurePlateWood",""
"Minecraft","minecraft:wooden_slab",126,"true",126,0,"Oak Wood Slab","true","slabWood",""
"Minecraft","minecraft:wooden_slab",126,"true",126,1,"Spruce Wood Slab","true","slabWood",""
"Minecraft","minecraft:wooden_slab",126,"true",126,2,"Birch Wood Slab","true","slabWood",""
"Minecraft","minecraft:wooden_slab",126,"true",126,3,"Jungle Wood Slab","true","slabWood",""
"Minecraft","minecraft:wooden_slab",126,"true",126,4,"Acacia Wood Slab","true","slabWood",""
"Minecraft","minecraft:wooden_slab",126,"true",126,5,"Dark Oak Wood Slab","true","slabWood",""
"Minecraft","minecraft:wool",35,"true",35,0,"White Wool","true","blockWoolWhite,wool,woolBlock,woolWhite",""
"Minecraft","minecraft:wool",35,"true",35,1,"Orange Wool","true","blockWoolOrange,wool,woolBlock,woolOrange",""
"Minecraft","minecraft:wool",35,"true",35,2,"Magenta Wool","true","blockWoolMagenta,wool,woolBlock,woolMagenta",""
"Minecraft","minecraft:wool",35,"true",35,3,"Light Blue Wool","true","blockWoolLightBlue,wool,woolBlock,woolLightBlue,woolLightblue",""
"Minecraft","minecraft:wool",35,"true",35,4,"Yellow Wool","true","blockWoolYellow,wool,woolBlock,woolYellow",""
"Minecraft","minecraft:wool",35,"true",35,5,"Lime Wool","true","blockWoolLime,wool,woolBlock,woolLime",""
"Minecraft","minecraft:wool",35,"true",35,6,"Pink Wool","true","blockWoolPink,wool,woolBlock,woolPink",""
"Minecraft","minecraft:wool",35,"true",35,7,"Gray Wool","true","blockWoolGray,wool,woolBlock,woolGray",""
"Minecraft","minecraft:wool",35,"true",35,8,"Light Gray Wool","true","blockWoolLightGray,wool,woolBlock,woolLightGray,woolSilver",""
"Minecraft","minecraft:wool",35,"true",35,9,"Cyan Wool","true","blockWoolCyan,wool,woolBlock,woolCyan",""
"Minecraft","minecraft:wool",35,"true",35,10,"Purple Wool","true","blockWoolPurple,wool,woolBlock,woolPurple",""
"Minecraft","minecraft:wool",35,"true",35,11,"Blue Wool","true","blockWoolBlue,wool,woolBlock,woolBlue",""
"Minecraft","minecraft:wool",35,"true",35,12,"Brown Wool","true","blockWoolBrown,wool,woolBlock,woolBrown",""
"Minecraft","minecraft:wool",35,"true",35,13,"Green Wool","true","blockWoolGreen,wool,woolBlock,woolGreen",""
"Minecraft","minecraft:wool",35,"true",35,14,"Red Wool","true","blockWoolRed,wool,woolBlock,woolRed",""
"Minecraft","minecraft:wool",35,"true",35,15,"Black Wool","true","blockWoolBlack,wool,woolBlack,woolBlock",""
"Minecraft","minecraft:yellow_flower",37,"false",37,0,"Dandelion","true","flower",""
"Minecraft","minecraft:yellow_glazed_terracotta",239,"false",239,0,"Yellow Glazed Terracotta","true","",""
"Minecraft","minecraft:yellow_shulker_box",223,"false",223,0,"Yellow Shulker Box","true","chest,shulkerBox",""
"Minor Integrations and Additions","mia:armored_glass",4746,"false",12883,0,"Armored Glass","true","",""
"Minor Integrations and Additions","mia:door_stone",4750,"?",,,"Stone Door","true","",""
"Minor Integrations and Additions","mia:flower_dead",4749,"false",12886,0,"Dead Flower","true","dyeBlack",""
"Minor Integrations and Additions","mia:packed_paper",4747,"true",12884,0,"Packed Paper","true","blockPaper",""
"Minor Integrations and Additions","mia:packed_paper",4747,"true",12884,1,"Packed Paper","true","blockPaper",""
"Minor Integrations and Additions","mia:packed_paper",4747,"true",12884,2,"Packed Paper","true","blockPaper",""
"Minor Integrations and Additions","mia:packed_paper",4747,"true",12884,3,"Packed Paper","true","blockPaper",""
"Minor Integrations and Additions","mia:pixie_dust_extractor",4752,"false",12889,0,"Pixie Dust Collector","true","",""
"Minor Integrations and Additions","mia:redstone_lantern",4751,"false",12888,0,"Redstone Lantern","true","",""
"Minor Integrations and Additions","mia:torch_gold",4748,"true",12885,0,"Golden Torch","true","",""
"Minor Integrations and Additions","mia:torch_gold",4748,"true",12885,1,"Golden Torch","true","",""
"Minor Integrations and Additions","mia:white_sandstone_futuremc_wall",4757,"false",12892,0,"White Sandstone Wall","true","",""
"Minor Integrations and Additions","mia:white_sandstone_new",4753,"true",12890,0,"Polished White Sandstone","true","",""
"Minor Integrations and Additions","mia:white_sandstone_new",4753,"true",12890,1,"White Sandstone Bricks","true","",""
"Minor Integrations and Additions","mia:white_sandstone_new_slab",4754,"true",12893,0,"Polished White Sandstone Slab","true","",""
"Minor Integrations and Additions","mia:white_sandstone_new_slab",4754,"true",12893,1,"White Sandstone Brick Slab","true","",""
"Minor Integrations and Additions","mia:white_sandstone_new_slab_double",4755,"?",,,"tile.white_sandstone_new_slab_double.name","true","",""
"Minor Integrations and Additions","mia:white_sandstone_stairs_brick",4756,"false",12891,0,"White Sandstone Brick Stairs","true","",""
"Mo' Glowstone","moglowstone:black_gsblock",488,"false",4433,0,"Black Glowstone Block","true","blockGlowstone,glowstone,glowstoneColored",""
"Mo' Glowstone","moglowstone:blue_gsblock",489,"false",4434,0,"Blue Glowstone Block","true","blockGlowstone,glowstone,glowstoneColored",""
"Mo' Glowstone","moglowstone:brick_gsblock",490,"false",4435,0,"Glowstone Brick","true","",""
"Mo' Glowstone","moglowstone:brown_gsblock",491,"false",4436,0,"Brown Glowstone Block","true","blockGlowstone,glowstone,glowstoneColored",""
"Mo' Glowstone","moglowstone:cyan_gsblock",492,"false",4437,0,"Cyan Glowstone Block","true","blockGlowstone,glowstone,glowstoneColored",""
"Mo' Glowstone","moglowstone:glowstone_ore",505,"false",4450,0,"Glowstone Ore","true","oreGlowstone",""
"Mo' Glowstone","moglowstone:gray_gsblock",493,"false",4438,0,"Gray Glowstone Block","true","blockGlowstone,glowstone,glowstoneColored",""
"Mo' Glowstone","moglowstone:green_gsblock",494,"false",4439,0,"Green Glowstone Block","true","blockGlowstone,glowstone,glowstoneColored",""
"Mo' Glowstone","moglowstone:lamp_gsblock",495,"false",4440,0,"Glowstone Lamp","true","",""
"Mo' Glowstone","moglowstone:lblue_gsblock",496,"false",4441,0,"Light Blue Glowstone Block","true","blockGlowstone,glowstone,glowstoneColored",""
"Mo' Glowstone","moglowstone:lgray_gsblock",497,"false",4442,0,"Light Gray Glowstone Block","true","blockGlowstone,glowstone,glowstoneColored",""
"Mo' Glowstone","moglowstone:lime_gsblock",498,"false",4443,0,"Lime Glowstone Block","true","blockGlowstone,glowstone,glowstoneColored",""
"Mo' Glowstone","moglowstone:magenta_gsblock",499,"false",4444,0,"Magenta Glowstone Block","true","blockGlowstone,glowstone,glowstoneColored",""
"Mo' Glowstone","moglowstone:orange_gsblock",500,"false",4445,0,"Orange Glowstone Block","true","blockGlowstone,glowstone,glowstoneColored",""
"Mo' Glowstone","moglowstone:pink_gsblock",501,"false",4446,0,"Pink Glowstone Block","true","blockGlowstone,glowstone,glowstoneColored",""
"Mo' Glowstone","moglowstone:purple_gsblock",502,"false",4447,0,"Purple Glowstone Block","true","blockGlowstone,glowstone,glowstoneColored",""
"Mo' Glowstone","moglowstone:red_gsblock",503,"false",4448,0,"Red Glowstone Block","true","blockGlowstone,glowstone,glowstoneColored",""
"Mo' Glowstone","moglowstone:white_gsblock",504,"false",4449,0,"White Glowstone Block","true","blockGlowstone,glowstone,glowstoneColored",""
"Mowzie's Mobs","mowziesmobs:campfire",3678,"false",,,"Campfire","true","",""
"Mowzie's Mobs","mowziesmobs:grottol",3679,"false",,,"Grottol","true","",""
"Mowzie's Mobs","mowziesmobs:painted_acacia",3675,"false",9904,0,"Painted Acacia Wood","true","",""
"Mowzie's Mobs","mowziesmobs:painted_acacia_double_slab",3677,"false",,,"Painted Acacia Wood Slab","true","",""
"Mowzie's Mobs","mowziesmobs:painted_acacia_slab",3676,"false",9905,0,"Painted Acacia Wood Slab","true","",""
"Mystical World","mysticalworld:amethyst_block",5186,"false",13647,0,"Block of Amethyst","true","",""
"Mystical World","mysticalworld:amethyst_ore",5187,"false",13648,0,"Amethyst Ore","true","",""
"Mystical World","mysticalworld:aubergine_crop",5140,"false",,,"tile.aubergine_crop.name","true","",""
"Mystical World","mysticalworld:charred_button",5148,"false",13613,0,"Charred Button","true","",""
"Mystical World","mysticalworld:charred_double_slab",5145,"?",,,"tile.charred_double_slab.name","true","",""
"Mystical World","mysticalworld:charred_fence",5150,"false",13615,0,"Charred Fence","true","fenceWood",""
"Mystical World","mysticalworld:charred_fence_gate",5151,"false",13616,0,"Charred Fence Gate","true","",""
"Mystical World","mysticalworld:charred_log",5142,"false",13608,0,"Charred Log","true","logWood",""
"Mystical World","mysticalworld:charred_planks",5143,"false",13609,0,"Charred Planks","true","plankWood",""
"Mystical World","mysticalworld:charred_pressure_plate",5149,"false",13614,0,"Charred Pressure Plate","true","",""
"Mystical World","mysticalworld:charred_slab",5144,"false",13610,0,"Charred Slab","true","slabWood",""
"Mystical World","mysticalworld:charred_stairs",5146,"false",13611,0,"Charred Stairs","true","stairWood",""
"Mystical World","mysticalworld:charred_wall",5147,"false",13612,0,"Charred Wall","true","",""
"Mystical World","mysticalworld:copper_block",5182,"false",13643,0,"Block of Copper","true","blockCopper",""
"Mystical World","mysticalworld:copper_ore",5183,"false",13644,0,"Copper Ore","true","",""
"Mystical World","mysticalworld:gall_apple_crop",5141,"false",,,"tile.gall_apple_crop.name","true","",""
"Mystical World","mysticalworld:granite_quartz_ore",5189,"false",13650,0,"Quartz Ore","true","oreQuartz",""
"Mystical World","mysticalworld:mud_block",5152,"false",13617,0,"Mud Block","true","",""
"Mystical World","mysticalworld:mud_block_button",5160,"false",13624,0,"Mud Block Button","true","",""
"Mystical World","mysticalworld:mud_block_double_slab",5157,"?",,,"tile.mud_block_double_slab.name","true","",""
"Mystical World","mysticalworld:mud_block_fence",5162,"false",13626,0,"Mud Block Fence","true","",""
"Mystical World","mysticalworld:mud_block_fence_gate",5163,"false",13627,0,"Mud Block Fence Gate","true","",""
"Mystical World","mysticalworld:mud_block_pressure_plate",5161,"false",13625,0,"Mud Block Pressure Plate","true","",""
"Mystical World","mysticalworld:mud_block_slab",5156,"false",13621,0,"Mud Block Slab","true","",""
"Mystical World","mysticalworld:mud_block_stairs",5158,"false",13622,0,"Mud Block Stairs","true","",""
"Mystical World","mysticalworld:mud_block_wall",5159,"false",13623,0,"Mud Block Wall","true","",""
"Mystical World","mysticalworld:mud_brick",5153,"false",13618,0,"Mud Brick","true","",""
"Mystical World","mysticalworld:mud_brick_button",5168,"false",13631,0,"Mud Brick Button","true","",""
"Mystical World","mysticalworld:mud_brick_double_slab",5165,"?",,,"tile.mud_brick_double_slab.name","true","",""
"Mystical World","mysticalworld:mud_brick_fence",5170,"false",13633,0,"Mud Brick Fence","true","",""
"Mystical World","mysticalworld:mud_brick_fence_gate",5171,"false",13634,0,"Mud Brick Fence Gate","true","",""
"Mystical World","mysticalworld:mud_brick_pressure_plate",5169,"false",13632,0,"Mud Brick Pressure Plate","true","",""
"Mystical World","mysticalworld:mud_brick_slab",5164,"false",13628,0,"Mud Brick Slab","true","",""
"Mystical World","mysticalworld:mud_brick_stairs",5166,"false",13629,0,"Mud Brick Stairs","true","",""
"Mystical World","mysticalworld:mud_brick_wall",5167,"false",13630,0,"Mud Brick Wall","true","",""
"Mystical World","mysticalworld:pearl_block",5172,"false",13635,0,"Pearl Block","true","",""
"Mystical World","mysticalworld:pearl_button",5177,"false",13639,0,"Pearl Button","true","",""
"Mystical World","mysticalworld:pearl_double_slab",5174,"?",,,"tile.pearl_double_slab.name","true","",""
"Mystical World","mysticalworld:pearl_fence",5179,"false",13641,0,"Pearl Fence","true","",""
"Mystical World","mysticalworld:pearl_fence_gate",5180,"false",13642,0,"Pearl Fence Gate","true","",""
"Mystical World","mysticalworld:pearl_pressure_plate",5178,"false",13640,0,"Pearl Pressure Plate","true","",""
"Mystical World","mysticalworld:pearl_slab",5173,"false",13636,0,"Pearl Slab","true","",""
"Mystical World","mysticalworld:pearl_stairs",5175,"false",13637,0,"Pearl Stairs","true","",""
"Mystical World","mysticalworld:pearl_wall",5176,"false",13638,0,"Pearl Wall","true","",""
"Mystical World","mysticalworld:quartz_ore",5188,"false",13649,0,"Quartz Ore","true","oreQuartz",""
"Mystical World","mysticalworld:silver_block",5184,"false",13645,0,"Block of Silver","true","blockSilver",""
"Mystical World","mysticalworld:silver_ore",5185,"false",13646,0,"Silver Ore","true","",""
"Mystical World","mysticalworld:slime_eggs",5181,"false",,,"tile.slime_eggs.name","true","",""
"Mystical World","mysticalworld:thatch",5135,"false",13604,0,"Thatch","true","",""
"Mystical World","mysticalworld:thatch_double_slab",5137,"?",,,"tile.thatch_double_slab.name","true","",""
"Mystical World","mysticalworld:thatch_slab",5136,"false",13605,0,"Thatch Slab","true","",""
"Mystical World","mysticalworld:thatch_stairs",5138,"false",13606,0,"Thatch Stairs","true","",""
"Mystical World","mysticalworld:thatch_wall",5139,"false",13607,0,"Thatch Wall","true","",""
"Mystical World","mysticalworld:wet_mud_block",5154,"false",13619,0,"Wet Mud Block","true","",""
"Mystical World","mysticalworld:wet_mud_brick",5155,"false",13620,0,"Wet Mud Brick","true","",""
"Natura Legacy","natura:amaranth_button",1479,"false",5999,0,"Amaranth Button","true","buttonWood",""
"Natura Legacy","natura:amaranth_fence",1482,"false",6002,0,"Amaranth Fence","true","fenceWood",""
"Natura Legacy","natura:amaranth_fence_gate",1483,"false",6003,0,"Amaranth Fence Gate","true","fenceGateWood",""
"Natura Legacy","natura:amaranth_pressure_plate",1480,"false",6000,0,"Amaranth Pressure Plate","true","pressurePlateWood",""
"Natura Legacy","natura:amaranth_trap_door",1481,"false",6001,0,"Amaranth Trapdoor","true","trapDoorWood,trapdoorWood",""
"Natura Legacy","natura:apple_button",1514,"false",6034,0,"Apple Button","true","buttonWood",""
"Natura Legacy","natura:apple_fence",1517,"false",6037,0,"Apple Fence","true","fenceWood",""
"Natura Legacy","natura:apple_fence_gate",1518,"false",6038,0,"Apple Fence Gate","true","fenceGateWood",""
"Natura Legacy","natura:apple_leaves",1388,"true",5903,0,"Apple Leaves","true","treeLeaves",""
"Natura Legacy","natura:apple_leaves",1388,"true",5903,1,"Apple Leaves","true","treeLeaves",""
"Natura Legacy","natura:apple_leaves",1388,"true",5903,2,"Apple Leaves","true","treeLeaves",""
"Natura Legacy","natura:apple_leaves",1388,"true",5903,3,"Apple Leaves","true","treeLeaves",""
"Natura Legacy","natura:apple_log",1384,"false",5899,0,"Apple Log","true","logWood",""
"Natura Legacy","natura:apple_pressure_plate",1515,"false",6035,0,"Apple Pressure Plate","true","pressurePlateWood",""
"Natura Legacy","natura:apple_sapling",1392,"false",5907,0,"Apple Sapling","true","treeSapling",""
"Natura Legacy","natura:apple_trap_door",1516,"false",6036,0,"Apple Trapdoor","true","trapDoorWood,trapdoorWood",""
"Natura Legacy","natura:barley_crop",1411,"false",5926,0,"tile.natura.barley_crop.name","true","",""
"Natura Legacy","natura:blaze_hopper",1459,"false",5978,0,"Blaze Hopper","true","",""
"Natura Legacy","natura:blaze_rail",1463,"false",5982,0,"Blaze Rail","true","",""
"Natura Legacy","natura:blaze_rail_activator",1465,"false",5984,0,"Activator Blaze Rail","true","",""
"Natura Legacy","natura:blaze_rail_detector",1466,"false",5985,0,"Detector Blaze Rail","true","",""
"Natura Legacy","natura:blaze_rail_golden",1464,"false",5983,0,"Powered Blaze Rail","true","",""
"Natura Legacy","natura:bloodwood_button",1526,"false",6046,0,"Bloodwood Button","true","buttonWood",""
"Natura Legacy","natura:bloodwood_fence",1529,"false",6049,0,"Bloodwood Fence","true","fenceWood",""
"Natura Legacy","natura:bloodwood_fence_gate",1530,"false",6050,0,"Bloodwood Fence Gate","true","fenceGateWood",""
"Natura Legacy","natura:bloodwood_pressure_plate",1527,"false",6047,0,"Bloodwood Pressure Plate","true","pressurePlateWood",""
"Natura Legacy","natura:bloodwood_trap_door",1528,"false",6048,0,"Bloodwood Trapdoor","true","trapDoorWood,trapdoorWood",""
"Natura Legacy","natura:bluebells_flower",1393,"false",5908,0,"Bluebell","true","",""
"Natura Legacy","natura:charred_netherrack_bricks",1441,"false",5960,0,"Charred Netherrack Bricks","true","",""
"Natura Legacy","natura:clouds",1375,"true",5883,0,"Cloud","true","",""
"Natura Legacy","natura:clouds",1375,"true",5883,1,"Dark Cloud","true","",""
"Natura Legacy","natura:clouds",1375,"true",5883,2,"Ash Cloud","true","",""
"Natura Legacy","natura:clouds",1375,"true",5883,3,"Sulfur Cloud","true","",""
"Natura Legacy","natura:colored_grass",1376,"true",5891,0,"Topiary Grass","true","",""
"Natura Legacy","natura:colored_grass",1376,"true",5891,1,"Bluegrass","true","",""
"Natura Legacy","natura:colored_grass",1376,"true",5891,2,"Autumnal Grass","true","",""
"Natura Legacy","natura:colored_grass_slab",1377,"true",5892,0,"Topiary Grass Slab","true","",""
"Natura Legacy","natura:colored_grass_slab",1377,"true",5892,1,"Bluegrass Slab","true","",""
"Natura Legacy","natura:colored_grass_slab",1377,"true",5892,2,"Autumnal Grass Slab","true","",""
"Natura Legacy","natura:colored_grass_stairs_autumnal",1380,"false",5895,0,"Autumnal Grass Stairs","true","",""
"Natura Legacy","natura:colored_grass_stairs_bluegrass",1379,"false",5894,0,"Bluegrass Stairs","true","",""
"Natura Legacy","natura:colored_grass_stairs_topiary",1378,"false",5893,0,"Topiary Grass Stairs","true","",""
"Natura Legacy","natura:cotton_crop",1412,"false",5927,0,"tile.natura.cotton_crop.name","true","",""
"Natura Legacy","natura:darkwood_button",1536,"false",6056,0,"Darkwood Button","true","buttonWood",""
"Natura Legacy","natura:darkwood_fence",1539,"false",6059,0,"Darkwood Fence","true","fenceWood",""
"Natura Legacy","natura:darkwood_fence_gate",1540,"false",6060,0,"Darkwood Fence Gate","true","fenceGateWood",""
"Natura Legacy","natura:darkwood_pressure_plate",1537,"false",6057,0,"Darkwood Pressure Plate","true","pressurePlateWood",""
"Natura Legacy","natura:darkwood_trap_door",1538,"false",6058,0,"Darkwood Trapdoor","true","trapDoorWood,trapdoorWood",""
"Natura Legacy","natura:eucalyptus_button",1494,"false",6014,0,"Eucalyptus Button","true","buttonWood",""
"Natura Legacy","natura:eucalyptus_fence",1497,"false",6017,0,"Eucalyptus Fence","true","fenceWood",""
"Natura Legacy","natura:eucalyptus_fence_gate",1498,"false",6018,0,"Eucalyptus Fence Gate","true","fenceGateWood",""
"Natura Legacy","natura:eucalyptus_pressure_plate",1495,"false",6015,0,"Eucalyptus Pressure Plate","true","pressurePlateWood",""
"Natura Legacy","natura:eucalyptus_trap_door",1496,"false",6016,0,"Eucalyptus Trapdoor","true","trapDoorWood,trapdoorWood",""
"Natura Legacy","natura:fusewood_button",1531,"false",6051,0,"Fusewood Button","true","buttonWood",""
"Natura Legacy","natura:fusewood_fence",1534,"false",6054,0,"Fusewood Fence","true","fenceWood",""
"Natura Legacy","natura:fusewood_fence_gate",1535,"false",6055,0,"Fusewood Fence Gate","true","fenceGateWood",""
"Natura Legacy","natura:fusewood_pressure_plate",1532,"false",6052,0,"Fusewood Pressure Plate","true","pressurePlateWood",""
"Natura Legacy","natura:fusewood_trap_door",1533,"false",6053,0,"Fusewood Trapdoor","true","trapDoorWood,trapdoorWood",""
"Natura Legacy","natura:ghostwood_button",1521,"false",6041,0,"Ghostwood Button","true","buttonWood",""
"Natura Legacy","natura:ghostwood_fence",1524,"false",6044,0,"Ghostwood Fence","true","fenceWood",""
"Natura Legacy","natura:ghostwood_fence_gate",1525,"false",6045,0,"Ghostwood Fence Gate","true","fenceGateWood",""
"Natura Legacy","natura:ghostwood_pressure_plate",1522,"false",6042,0,"Ghostwood Pressure Plate","true","pressurePlateWood",""
"Natura Legacy","natura:ghostwood_trap_door",1523,"false",6043,0,"Ghostwood Trapdoor","true","trapDoorWood,trapdoorWood",""
"Natura Legacy","natura:hopseed_button",1499,"false",6019,0,"Hopseed Button","true","buttonWood",""
"Natura Legacy","natura:hopseed_fence",1502,"false",6022,0,"Hopseed Fence","true","fenceWood",""
"Natura Legacy","natura:hopseed_fence_gate",1503,"false",6023,0,"Hopseed Fence Gate","true","fenceGateWood",""
"Natura Legacy","natura:hopseed_pressure_plate",1500,"false",6020,0,"Hopseed Pressure Plate","true","pressurePlateWood",""
"Natura Legacy","natura:hopseed_trap_door",1501,"false",6021,0,"Hopseed Trapdoor","true","trapDoorWood,trapdoorWood",""
"Natura Legacy","natura:lit_netherrack_furnace",1468,"false",5987,0,"Lit Netherrack Furnace","true","",""
"Natura Legacy","natura:maple_button",1469,"false",5989,0,"Maple Button","true","buttonWood",""
"Natura Legacy","natura:maple_fence",1472,"false",5992,0,"Maple Fence","true","fenceWood",""
"Natura Legacy","natura:maple_fence_gate",1473,"false",5993,0,"Maple Fence Gate","true","fenceGateWood",""
"Natura Legacy","natura:maple_pressure_plate",1470,"false",5990,0,"Maple Pressure Plate","true","pressurePlateWood",""
"Natura Legacy","natura:maple_trap_door",1471,"false",5991,0,"Maple Trapdoor","true","trapDoorWood,trapdoorWood",""
"Natura Legacy","natura:nether_berrybush_blightberry",1446,"false",5965,0,"Blightberry Bush","true","",""
"Natura Legacy","natura:nether_berrybush_duskberry",1447,"false",5966,0,"Duskberry Bush","true","",""
"Natura Legacy","natura:nether_berrybush_skyberry",1448,"false",5967,0,"Skyberry Bush","true","",""
"Natura Legacy","natura:nether_berrybush_stingberry",1449,"false",5968,0,"Stingberry Bush","true","",""
"Natura Legacy","natura:nether_blue_large_glowshroom",1453,"false",5972,0,"Blue Glowshroom","true","",""
"Natura Legacy","natura:nether_bookshelves",1541,"true",6061,0,"Ghostwood Bookshelf","true","bookshelf",""
"Natura Legacy","natura:nether_bookshelves",1541,"true",6061,1,"Bloodwood Bookshelf","true","bookshelf",""
"Natura Legacy","natura:nether_bookshelves",1541,"true",6061,2,"Darkwood Bookshelf","true","bookshelf",""
"Natura Legacy","natura:nether_bookshelves",1541,"true",6061,3,"Fusewood Bookshelf","true","bookshelf",""
"Natura Legacy","natura:nether_button",1461,"false",5980,0,"Netherrack Button","true","",""
"Natura Legacy","natura:nether_door_bloodwood",1456,"false",5975,0,"tile.natura.nether_door_bloodwood.name","true","",""
"Natura Legacy","natura:nether_door_darkwood",1457,"false",5976,0,"tile.natura.nether_door_darkwood.name","true","",""
"Natura Legacy","natura:nether_door_fusewood",1458,"false",5977,0,"tile.natura.nether_door_fusewood.name","true","",""
"Natura Legacy","natura:nether_door_ghostwood",1455,"false",5974,0,"tile.natura.nether_door_ghostwood.name","true","",""
"Natura Legacy","natura:nether_glass",1438,"true",5957,0,"Soul Glass","true","glass,glassSoul",""
"Natura Legacy","natura:nether_glass",1438,"true",5957,1,"Heat Glass","true","glass",""
"Natura Legacy","natura:nether_glowshroom",1451,"true",5970,0,"Green Glowshroom","true","listAllmushroom,mushroomAny",""
"Natura Legacy","natura:nether_glowshroom",1451,"true",5970,1,"Blue Glowshroom","true","listAllmushroom,mushroomAny",""
"Natura Legacy","natura:nether_glowshroom",1451,"true",5970,2,"Purple Glowshroom","true","listAllmushroom,mushroomAny",""
"Natura Legacy","natura:nether_green_large_glowshroom",1452,"false",5971,0,"Green Glowshroom","true","",""
"Natura Legacy","natura:nether_heat_sand",1435,"false",5954,0,"Heat Sand","true","sand",""
"Natura Legacy","natura:nether_leaves",1429,"true",5948,0,"Ghostwood Leaves","true","treeLeaves",""
"Natura Legacy","natura:nether_leaves",1429,"true",5948,1,"Bloodwood Leaves","true","treeLeaves",""
"Natura Legacy","natura:nether_leaves",1429,"true",5948,2,"Fusewood Leaves","true","treeLeaves",""
"Natura Legacy","natura:nether_leaves2",1430,"true",5949,0,"Darkwood Leaves","true","treeLeaves",""
"Natura Legacy","natura:nether_leaves2",1430,"true",5949,1,"Darkwood Leaves","true","treeLeaves",""
"Natura Legacy","natura:nether_leaves2",1430,"true",5949,2,"Darkwood Leaves","true","treeLeaves",""
"Natura Legacy","natura:nether_lever",1460,"false",5979,0,"Netherrack Lever","true","",""
"Natura Legacy","natura:nether_logs",1427,"true",5946,0,"Ghostwood Log","true","logWood",""
"Natura Legacy","natura:nether_logs",1427,"true",5946,1,"Darkwood Log","true","logWood",""
"Natura Legacy","natura:nether_logs",1427,"true",5946,2,"Fusewood Log","true","logWood",""
"Natura Legacy","natura:nether_logs2",1428,"true",5947,0,"Bloodwood Log","true","logWood",""
"Natura Legacy","natura:nether_logs2",1428,"true",5947,15,"Bloodwood Log","true","logWood",""
"Natura Legacy","natura:nether_planks",1433,"true",5952,0,"Ghostwood Planks","true","plankWood",""
"Natura Legacy","natura:nether_planks",1433,"true",5952,1,"Bloodwood Planks","true","plankWood",""
"Natura Legacy","natura:nether_planks",1433,"true",5952,2,"Darkwood Planks","true","plankWood",""
"Natura Legacy","natura:nether_planks",1433,"true",5952,3,"Fusewood Planks","true","plankWood",""
"Natura Legacy","natura:nether_pressure_plate",1462,"false",5981,0,"Netherrack Pressure Plate","true","",""
"Natura Legacy","natura:nether_purple_large_glowshroom",1454,"false",5973,0,"Purple Glowshroom","true","",""
"Natura Legacy","natura:nether_sapling",1431,"true",5950,0,"Ghostwood Sapling","true","treeSapling",""
"Natura Legacy","natura:nether_sapling",1431,"true",5950,1,"Fusewood Sapling","true","treeSapling",""
"Natura Legacy","natura:nether_sapling",1431,"true",5950,2,"Darkwood Sapling","true","treeSapling",""
"Natura Legacy","natura:nether_sapling2",1432,"false",5951,0,"Bloodwood Sapling","true","",""
"Natura Legacy","natura:nether_slab",1434,"true",5953,0,"Ghostwood Slab","true","slabWood",""
"Natura Legacy","natura:nether_slab",1434,"true",5953,1,"Bloodwood Slab","true","slabWood",""
"Natura Legacy","natura:nether_slab",1434,"true",5953,2,"Darkwood Slab","true","slabWood",""
"Natura Legacy","natura:nether_slab",1434,"true",5953,3,"Fusewood Slab","true","slabWood",""
"Natura Legacy","natura:nether_stairs_bloodwood",1443,"false",5962,0,"Bloodwood Stairs","true","stairWood",""
"Natura Legacy","natura:nether_stairs_darkwood",1444,"false",5963,0,"Darkwood Stairs","true","stairWood",""
"Natura Legacy","natura:nether_stairs_fusewood",1445,"false",5964,0,"Fusewood Stairs","true","stairWood",""
"Natura Legacy","natura:nether_stairs_ghostwood",1442,"false",5961,0,"Ghostwood Stairs","true","stairWood",""
"Natura Legacy","natura:nether_tainted_soil",1436,"true",5955,0,"Tainted Soil","true","dirt,taintedSoil",""
"Natura Legacy","natura:nether_tainted_soil",1436,"true",5955,1,"Tainted Farmland","true","dirt,taintedSoil",""
"Natura Legacy","natura:nether_tainted_soil",1436,"true",5955,2,"Heated Tainted Farmland","true","dirt,taintedSoil",""
"Natura Legacy","natura:nether_thorn_vines",1437,"false",5956,0,"Thornvines","true","cropVine",""
"Natura Legacy","natura:nether_workbenches",1542,"true",6062,0,"Ghostwood Crafting Table","true","crafterWood,craftingTableWood,workbench",""
"Natura Legacy","natura:nether_workbenches",1542,"true",6062,1,"Bloodwood Crafting Table","true","crafterWood,craftingTableWood,workbench",""
"Natura Legacy","natura:nether_workbenches",1542,"true",6062,2,"Darkwood Crafting Table","true","crafterWood,craftingTableWood,workbench",""
"Natura Legacy","natura:nether_workbenches",1542,"true",6062,3,"Fusewood Crafting Table","true","crafterWood,craftingTableWood,workbench",""
"Natura Legacy","natura:netherrack_bricks",1440,"false",5959,0,"Netherrack Bricks","true","",""
"Natura Legacy","natura:netherrack_furnace",1467,"false",5986,0,"Netherrack Furnace","true","",""
"Natura Legacy","natura:overworld_berrybush_blackberry",1409,"false",5924,0,"Blackberry Bush","true","",""
"Natura Legacy","natura:overworld_berrybush_blueberry",1408,"false",5923,0,"Blueberry Bush","true","",""
"Natura Legacy","natura:overworld_berrybush_maloberry",1410,"false",5925,0,"Maloberry Bush","true","",""
"Natura Legacy","natura:overworld_berrybush_raspberry",1407,"false",5922,0,"Raspberry Bush","true","",""
"Natura Legacy","natura:overworld_bookshelves",1519,"true",6039,0,"Maple Bookshelf","true","bookshelf",""
"Natura Legacy","natura:overworld_bookshelves",1519,"true",6039,1,"Silverbell Bookshelf","true","bookshelf",""
"Natura Legacy","natura:overworld_bookshelves",1519,"true",6039,2,"Amaranth Bookshelf","true","bookshelf",""
"Natura Legacy","natura:overworld_bookshelves",1519,"true",6039,3,"Tigerwood Bookshelf","true","bookshelf",""
"Natura Legacy","natura:overworld_bookshelves",1519,"true",6039,4,"Willow Bookshelf","true","bookshelf",""
"Natura Legacy","natura:overworld_bookshelves",1519,"true",6039,5,"Eucalyptus Bookshelf","true","bookshelf",""
"Natura Legacy","natura:overworld_bookshelves",1519,"true",6039,6,"Hopseed Bookshelf","true","bookshelf",""
"Natura Legacy","natura:overworld_bookshelves",1519,"true",6039,7,"Sakura Bookshelf","true","bookshelf",""
"Natura Legacy","natura:overworld_bookshelves",1519,"true",6039,8,"Redwood Bookshelf","true","bookshelf",""
"Natura Legacy","natura:overworld_bookshelves",1519,"true",6039,9,"Apple Bookshelf","true","bookshelf",""
"Natura Legacy","natura:overworld_door_amaranth",1421,"false",5936,0,"tile.natura.overworld_door_amaranth.name","true","",""
"Natura Legacy","natura:overworld_door_apple",1423,"false",5938,0,"tile.natura.overworld_door_apple.name","true","doorWood",""
"Natura Legacy","natura:overworld_door_eucalyptus",1413,"false",5928,0,"tile.natura.overworld_door_eucalyptus.name","true","",""
"Natura Legacy","natura:overworld_door_hopseed",1414,"false",5929,0,"tile.natura.overworld_door_hopseed.name","true","",""
"Natura Legacy","natura:overworld_door_maple",1419,"false",5934,0,"tile.natura.overworld_door_maple.name","true","",""
"Natura Legacy","natura:overworld_door_redwood",1416,"false",5931,0,"tile.natura.overworld_door_redwood.name","true","",""
"Natura Legacy","natura:overworld_door_redwood_bark",1417,"false",5932,0,"tile.natura.overworld_door_redwood_bark.name","true","",""
"Natura Legacy","natura:overworld_door_sakura",1415,"false",5930,0,"tile.natura.overworld_door_sakura.name","true","",""
"Natura Legacy","natura:overworld_door_silverbell",1420,"false",5935,0,"tile.natura.overworld_door_silverbell.name","true","",""
"Natura Legacy","natura:overworld_door_tiger",1418,"false",5933,0,"tile.natura.overworld_door_tiger.name","true","",""
"Natura Legacy","natura:overworld_door_willow",1422,"false",5937,0,"tile.natura.overworld_door_willow.name","true","",""
"Natura Legacy","natura:overworld_leaves",1385,"true",5900,0,"Maple Leaves","true","treeLeaves",""
"Natura Legacy","natura:overworld_leaves",1385,"true",5900,1,"Silverbell Leaves","true","treeLeaves",""
"Natura Legacy","natura:overworld_leaves",1385,"true",5900,2,"Amaranth Leaves","true","treeLeaves",""
"Natura Legacy","natura:overworld_leaves",1385,"true",5900,3,"Tigerwood Leaves","true","treeLeaves",""
"Natura Legacy","natura:overworld_leaves2",1386,"true",5901,0,"Willow Leaves","true","treeLeaves",""
"Natura Legacy","natura:overworld_leaves2",1386,"true",5901,1,"Eucalyptus Leaves","true","treeLeaves",""
"Natura Legacy","natura:overworld_leaves2",1386,"true",5901,2,"Hopseed Leaves","true","treeLeaves",""
"Natura Legacy","natura:overworld_leaves2",1386,"true",5901,3,"Sakura Leaves","true","treeLeaves",""
"Natura Legacy","natura:overworld_logs",1381,"true",5896,0,"Maple Log","true","logWood",""
"Natura Legacy","natura:overworld_logs",1381,"true",5896,1,"Silverbell Log","true","logWood",""
"Natura Legacy","natura:overworld_logs",1381,"true",5896,2,"Amaranth Log","true","logWood",""
"Natura Legacy","natura:overworld_logs",1381,"true",5896,3,"Tigerwood Log","true","logWood",""
"Natura Legacy","natura:overworld_logs2",1382,"true",5897,0,"Willow Log","true","logWood",""
"Natura Legacy","natura:overworld_logs2",1382,"true",5897,1,"Eucalyptus Log","true","logWood",""
"Natura Legacy","natura:overworld_logs2",1382,"true",5897,2,"Hopseed Log","true","logWood",""
"Natura Legacy","natura:overworld_logs2",1382,"true",5897,3,"Sakura Log","true","logWood",""
"Natura Legacy","natura:overworld_planks",1394,"true",5909,0,"Maple Planks","true","plankWood",""
"Natura Legacy","natura:overworld_planks",1394,"true",5909,1,"Silverbell Planks","true","plankWood",""
"Natura Legacy","natura:overworld_planks",1394,"true",5909,2,"Amaranth Planks","true","plankWood",""
"Natura Legacy","natura:overworld_planks",1394,"true",5909,3,"Tigerwood Planks","true","plankWood",""
"Natura Legacy","natura:overworld_planks",1394,"true",5909,4,"Willow Planks","true","plankWood",""
"Natura Legacy","natura:overworld_planks",1394,"true",5909,5,"Eucalyptus Planks","true","plankWood",""
"Natura Legacy","natura:overworld_planks",1394,"true",5909,6,"Hopseed Planks","true","plankWood",""
"Natura Legacy","natura:overworld_planks",1394,"true",5909,7,"Sakura Planks","true","plankWood",""
"Natura Legacy","natura:overworld_planks",1394,"true",5909,8,"Redwood Planks","true","plankWood",""
"Natura Legacy","natura:overworld_planks",1394,"true",5909,9,"Apple Planks","true","plankWood",""
"Natura Legacy","natura:overworld_sapling",1389,"true",5904,0,"Maple Sapling","true","treeSapling",""
"Natura Legacy","natura:overworld_sapling",1389,"true",5904,1,"Silverbell Sapling","true","treeSapling",""
"Natura Legacy","natura:overworld_sapling",1389,"true",5904,2,"Amaranth Sapling","true","treeSapling",""
"Natura Legacy","natura:overworld_sapling",1389,"true",5904,3,"Tigerwood Sapling","true","treeSapling",""
"Natura Legacy","natura:overworld_sapling2",1390,"true",5905,0,"Willow Sapling","true","treeSapling",""
"Natura Legacy","natura:overworld_sapling2",1390,"true",5905,1,"Eucalyptus Sapling","true","treeSapling",""
"Natura Legacy","natura:overworld_sapling2",1390,"true",5905,2,"Hopseed Sapling","true","treeSapling",""
"Natura Legacy","natura:overworld_sapling2",1390,"true",5905,3,"Sakura Sapling","true","treeSapling",""
"Natura Legacy","natura:overworld_slab",1395,"true",5910,0,"Maple Slab","true","slabWood",""
"Natura Legacy","natura:overworld_slab",1395,"true",5910,1,"Silverbell Slab","true","slabWood",""
"Natura Legacy","natura:overworld_slab",1395,"true",5910,2,"Amaranth Slab","true","slabWood",""
"Natura Legacy","natura:overworld_slab",1395,"true",5910,3,"Tigerwood Slab","true","slabWood",""
"Natura Legacy","natura:overworld_slab",1395,"true",5910,4,"Willow Slab","true","slabWood",""
"Natura Legacy","natura:overworld_slab2",1396,"true",5911,0,"Eucalyptus Slab","true","slabWood",""
"Natura Legacy","natura:overworld_slab2",1396,"true",5911,1,"Hopseed Slab","true","slabWood",""
"Natura Legacy","natura:overworld_slab2",1396,"true",5911,2,"Sakura Slab","true","slabWood",""
"Natura Legacy","natura:overworld_slab2",1396,"true",5911,3,"Redwood Slab","true","slabWood",""
"Natura Legacy","natura:overworld_slab2",1396,"true",5911,4,"Apple Slab","true","slabWood",""
"Natura Legacy","natura:overworld_stairs_amaranth",1399,"false",5914,0,"Amaranth Stairs","true","stairWood",""
"Natura Legacy","natura:overworld_stairs_apple",1406,"false",5921,0,"Apple Stairs","true","stairWood",""
"Natura Legacy","natura:overworld_stairs_eucalyptus",1402,"false",5917,0,"Eucalyptus Stairs","true","stairWood",""
"Natura Legacy","natura:overworld_stairs_hopseed",1403,"false",5918,0,"Hopseed Stairs","true","stairWood",""
"Natura Legacy","natura:overworld_stairs_maple",1397,"false",5912,0,"Maple Stairs","true","stairWood",""
"Natura Legacy","natura:overworld_stairs_redwood",1405,"false",5920,0,"Redwood Stairs","true","stairWood",""
"Natura Legacy","natura:overworld_stairs_sakura",1404,"false",5919,0,"Sakura Stairs","true","stairWood",""
"Natura Legacy","natura:overworld_stairs_silverbell",1398,"false",5913,0,"Silverbell Stairs","true","stairWood",""
"Natura Legacy","natura:overworld_stairs_tiger",1400,"false",5915,0,"Tigerwood Stairs","true","stairWood",""
"Natura Legacy","natura:overworld_stairs_willow",1401,"false",5916,0,"Willow Stairs","true","stairWood",""
"Natura Legacy","natura:overworld_workbenches",1520,"true",6040,0,"Maple Crafting Table","true","crafterWood,craftingTableWood,workbench",""
"Natura Legacy","natura:overworld_workbenches",1520,"true",6040,1,"Silverbell Crafting Table","true","crafterWood,craftingTableWood,workbench",""
"Natura Legacy","natura:overworld_workbenches",1520,"true",6040,2,"Amaranth Crafting Table","true","crafterWood,craftingTableWood,workbench",""
"Natura Legacy","natura:overworld_workbenches",1520,"true",6040,3,"Tigerwood Crafting Table","true","crafterWood,craftingTableWood,workbench",""
"Natura Legacy","natura:overworld_workbenches",1520,"true",6040,4,"Willow Crafting Table","true","crafterWood,craftingTableWood,workbench",""
"Natura Legacy","natura:overworld_workbenches",1520,"true",6040,5,"Eucalyptus Crafting Table","true","crafterWood,craftingTableWood,workbench",""
"Natura Legacy","natura:overworld_workbenches",1520,"true",6040,6,"Hopseed Crafting Table","true","crafterWood,craftingTableWood,workbench",""
"Natura Legacy","natura:overworld_workbenches",1520,"true",6040,7,"Sakura Crafting Table","true","crafterWood,craftingTableWood,workbench",""
"Natura Legacy","natura:overworld_workbenches",1520,"true",6040,8,"Redwood Crafting Table","true","crafterWood,craftingTableWood,workbench",""
"Natura Legacy","natura:overworld_workbenches",1520,"true",6040,9,"Apple Crafting Table","true","crafterWood,craftingTableWood,workbench",""
"Natura Legacy","natura:redwood_button",1509,"false",6029,0,"Redwood Button","true","buttonWood",""
"Natura Legacy","natura:redwood_fence",1512,"false",6032,0,"Redwood Fence","true","fenceWood",""
"Natura Legacy","natura:redwood_fence_gate",1513,"false",6033,0,"Redwood Fence Gate","true","fenceGateWood",""
"Natura Legacy","natura:redwood_leaves",1387,"false",5902,0,"Redwood Leaves","true","treeLeaves",""
"Natura Legacy","natura:redwood_logs",1383,"true",5898,0,"Redwood Bark","true","logWood",""
"Natura Legacy","natura:redwood_logs",1383,"true",5898,1,"Redwood","true","logWood",""
"Natura Legacy","natura:redwood_logs",1383,"true",5898,2,"Redwood Root","true","logWood",""
"Natura Legacy","natura:redwood_pressure_plate",1510,"false",6030,0,"Redwood Pressure Plate","true","pressurePlateWood",""
"Natura Legacy","natura:redwood_sapling",1391,"false",5906,0,"Redwood Sapling","true","treeSapling",""
"Natura Legacy","natura:redwood_trap_door",1511,"false",6031,0,"Redwood Trapdoor","true","trapDoorWood,trapdoorWood",""
"Natura Legacy","natura:respawn_obelisk",1450,"false",5969,0,"Inactive Respawn Obelisk","true","",""
"Natura Legacy","natura:saguaro",1424,"false",5939,0,"Saguaro Cactus","true","blockCactus",""
"Natura Legacy","natura:saguaro_baby",1425,"false",5940,0,"Baby Saguaro Cactus","true","",""
"Natura Legacy","natura:saguaro_fruit",1426,"false",5941,0,"Saguaro Fruit","true","",""
"Natura Legacy","natura:sakura_button",1504,"false",6024,0,"Sakura Button","true","buttonWood",""
"Natura Legacy","natura:sakura_fence",1507,"false",6027,0,"Sakura Fence","true","fenceWood",""
"Natura Legacy","natura:sakura_fence_gate",1508,"false",6028,0,"Sakura Fence Gate","true","fenceGateWood",""
"Natura Legacy","natura:sakura_pressure_plate",1505,"false",6025,0,"Sakura Pressure Plate","true","pressurePlateWood",""
"Natura Legacy","natura:sakura_trap_door",1506,"false",6026,0,"Sakura Trapdoor","true","trapDoorWood,trapdoorWood",""
"Natura Legacy","natura:silverbell_button",1474,"false",5994,0,"Silverbell Button","true","buttonWood",""
"Natura Legacy","natura:silverbell_fence",1477,"false",5997,0,"Silverbell Fence","true","fenceWood",""
"Natura Legacy","natura:silverbell_fence_gate",1478,"false",5998,0,"Silverbell Fence Gate","true","fenceGateWood",""
"Natura Legacy","natura:silverbell_pressure_plate",1475,"false",5995,0,"Silverbell Pressure Plate","true","pressurePlateWood",""
"Natura Legacy","natura:silverbell_trap_door",1476,"false",5996,0,"Silverbell Trapdoor","true","trapDoorWood,trapdoorWood",""
"Natura Legacy","natura:smooth_netherrack",1439,"false",5958,0,"Smooth Netherrack","true","",""
"Natura Legacy","natura:tiger_button",1484,"false",6004,0,"Tigerwood Button","true","buttonWood",""
"Natura Legacy","natura:tiger_fence",1487,"false",6007,0,"Tigerwood Fence","true","fenceWood",""
"Natura Legacy","natura:tiger_fence_gate",1488,"false",6008,0,"Tigerwood Fence Gate","true","fenceGateWood",""
"Natura Legacy","natura:tiger_pressure_plate",1485,"false",6005,0,"Tigerwood Pressure Plate","true","pressurePlateWood",""
"Natura Legacy","natura:tiger_trap_door",1486,"false",6006,0,"Tigerwood Trapdoor","true","trapDoorWood,trapdoorWood",""
"Natura Legacy","natura:willow_button",1489,"false",6009,0,"Willow Button","true","buttonWood",""
"Natura Legacy","natura:willow_fence",1492,"false",6012,0,"Willow Fence","true","fenceWood",""
"Natura Legacy","natura:willow_fence_gate",1493,"false",6013,0,"Willow Fence Gate","true","fenceGateWood",""
"Natura Legacy","natura:willow_pressure_plate",1490,"false",6010,0,"Willow Pressure Plate","true","pressurePlateWood",""
"Natura Legacy","natura:willow_trap_door",1491,"false",6011,0,"Willow Trapdoor","true","trapDoorWood,trapdoorWood",""
"Novam Terram","nt:black_sand",3873,"false",10120,0,"Sand","true","sand",""
"Novam Terram","nt:black_sandstone",3874,"false",10121,0,"Sandstone","true","sandstone",""
"Novam Terram","nt:black_sandstone_carved",3876,"false",10123,0,"Carved Sandstone","true","sandstone",""
"Novam Terram","nt:black_sandstone_face",3877,"false",10124,0,"Face Sandstone","true","sandstone",""
"Novam Terram","nt:black_sandstone_glyph",3878,"false",10125,0,"Glyph Sandstone","true","sandstone",""
"Novam Terram","nt:black_sandstone_smooth",3875,"false",10122,0,"Smooth Sandstone","true","sandstone",""
"Novam Terram","nt:blue_podzol",3916,"false",10163,0,"Podzol","true","",""
"Novam Terram","nt:brownautumn_leaves",3691,"false",9938,0,"Autumn Leaves","true","treeLeaves",""
"Novam Terram","nt:brownautumn_sapling",3836,"false",10083,0,"Autumn Sapling","true","treeSapling",""
"Novam Terram","nt:cherry_leaves_pink",3685,"false",9932,0,"Cherry Leaves","true","treeLeaves",""
"Novam Terram","nt:cherry_leaves_purple",3683,"false",9930,0,"Cherry Leaves","true","treeLeaves",""
"Novam Terram","nt:cherry_leaves_white",3684,"false",9931,0,"Cherry Leaves","true","treeLeaves",""
"Novam Terram","nt:cherry_sapling_pink",3830,"false",10077,0,"Cherry Sapling","true","treeSapling",""
"Novam Terram","nt:cherry_sapling_purple",3828,"false",10075,0,"Cherry Sapling","true","treeSapling",""
"Novam Terram","nt:cherry_sapling_white",3829,"false",10076,0,"Cherry Sapling","true","treeSapling",""
"Novam Terram","nt:cold_sand",3867,"false",10114,0,"Sand","true","sand",""
"Novam Terram","nt:cold_sandstone",3868,"false",10115,0,"Sandstone","true","sandstone",""
"Novam Terram","nt:cold_sandstone_carved",3870,"false",10117,0,"Carved Sandstone","true","sandstone",""
"Novam Terram","nt:cold_sandstone_face",3871,"false",10118,0,"Face Sandstone","true","sandstone",""
"Novam Terram","nt:cold_sandstone_glyph",3872,"false",10119,0,"Glyph Sandstone","true","sandstone",""
"Novam Terram","nt:cold_sandstone_smooth",3869,"false",10116,0,"Smooth Sandstone","true","sandstone",""
"Novam Terram","nt:conifer_leaves_orange",3682,"false",9929,0,"Orange Conifer Leaves","true","treeLeaves",""
"Novam Terram","nt:conifer_leaves_yellow",3681,"false",9928,0,"Yellow Conifer Leaves","true","treeLeaves",""
"Novam Terram","nt:conifer_sapling_orange",3827,"false",10074,0,"Orange Conifer Sapling","true","treeSapling",""
"Novam Terram","nt:conifer_sapling_yellow",3826,"false",10073,0,"Yellow Conifer Sapling","true","treeSapling",""
"Novam Terram","nt:continental_sand",3897,"false",10144,0,"Sand","true","sand",""
"Novam Terram","nt:continental_sandstone",3898,"false",10145,0,"Sandstone","true","sandstone",""
"Novam Terram","nt:continental_sandstone_carved",3900,"false",10147,0,"Carved Sandstone","true","sandstone",""
"Novam Terram","nt:continental_sandstone_face",3901,"false",10148,0,"Face Sandstone","true","sandstone",""
"Novam Terram","nt:continental_sandstone_glyph",3902,"false",10149,0,"Glyph Sandstone","true","sandstone",""
"Novam Terram","nt:continental_sandstone_smooth",3899,"false",10146,0,"Smooth Sandstone","true","sandstone",""
"Novam Terram","nt:flower_abelia_top",3701,"false",9948,0,"Aelia Top Flower","true","",""
"Novam Terram","nt:flower_abeliophyllum",3702,"false",9949,0,"Abeliophyllum Flower","true","",""
"Novam Terram","nt:flower_abroma",3703,"false",9950,0,"Abroma Flower","true","",""
"Novam Terram","nt:flower_abronia_bot",3704,"false",9951,0,"Abronia Bot Flower","true","",""
"Novam Terram","nt:flower_abronia_top",3705,"false",9952,0,"Abronia Top Flower","true","",""
"Novam Terram","nt:flower_abutilon",3706,"false",9953,0,"Abutilon Flower","true","",""
"Novam Terram","nt:flower_acaena",3707,"false",9954,0,"Acaena Flower","true","",""
"Novam Terram","nt:flower_acalypha_r",3708,"false",9955,0,"Acalypha R Flower","true","",""
"Novam Terram","nt:flower_acantholimon",3709,"false",9956,0,"Acantholimon Flower","true","",""
"Novam Terram","nt:flower_acanthus_bot",3710,"false",9957,0,"Acanthus Bot Flower","true","",""
"Novam Terram","nt:flower_acanthus_top",3711,"false",9958,0,"Acanthus Top Flower","true","",""
"Novam Terram","nt:flower_achillea",3712,"false",9959,0,"Achillea Flower","true","",""
"Novam Terram","nt:flower_achimenes",3713,"false",9960,0,"Achimenes Flower","true","",""
"Novam Terram","nt:flower_acinos",3714,"false",9961,0,"Acinos Flower","true","",""
"Novam Terram","nt:flower_aciphylla",3715,"false",9962,0,"Aciphylla Flower","true","",""
"Novam Terram","nt:flower_adenocarpus_bot",3716,"false",9963,0,"Adenocarpus Bot Flower","true","",""
"Novam Terram","nt:flower_adenocarpus_top",3717,"false",9964,0,"Adenocarpus Top Flower","true","",""
"Novam Terram","nt:flower_adenophora",3718,"false",9965,0,"Adenophora Flower","true","",""
"Novam Terram","nt:flower_adonis",3719,"false",9966,0,"Adonis Flower","true","",""
"Novam Terram","nt:flower_aechmea",3720,"false",9967,0,"Aechmea Flower","true","",""
"Novam Terram","nt:flower_aeschynanthus",3721,"false",9968,0,"Aeschynanthus Flower","true","",""
"Novam Terram","nt:flower_aethionema",3722,"false",9969,0,"Aethionema Flower","true","",""
"Novam Terram","nt:flower_agapanthus",3723,"false",9970,0,"Agapanthus Flower","true","",""
"Novam Terram","nt:flower_ageratum",3724,"false",9971,0,"Ageratum Flower","true","",""
"Novam Terram","nt:flower_agonis_bot",3725,"false",9972,0,"Agonist Bot Flower","true","",""
"Novam Terram","nt:flower_agonis_top",3726,"false",9973,0,"Agonis Top Flower","true","",""
"Novam Terram","nt:flower_agrostemma",3727,"false",9974,0,"Agrostemma Flower","true","",""
"Novam Terram","nt:flower_aira",3728,"false",9975,0,"Aira Flower","true","",""
"Novam Terram","nt:flower_ajuga",3729,"false",9976,0,"Ajuga Flower","true","",""
"Novam Terram","nt:flower_albuca",3730,"false",9977,0,"Albuca Flower","true","",""
"Novam Terram","nt:flower_alcea",3731,"false",9978,0,"Alcea Flower","true","",""
"Novam Terram","nt:flower_alkanna",3732,"false",9979,0,"Alkanna Flower","true","",""
"Novam Terram","nt:flower_alliaria",3733,"false",9980,0,"Alliaria Flower","true","",""
"Novam Terram","nt:flower_allium",3699,"false",9946,0,"Allium Flower","true","flower",""
"Novam Terram","nt:flower_aloe",3734,"false",9981,0,"Aloe Flower","true","",""
"Novam Terram","nt:flower_alonsoa_bot",3735,"false",9982,0,"Alonsoa Bot Flower","true","",""
"Novam Terram","nt:flower_alonsoa_top",3736,"false",9983,0,"Alonsoa Top Flower","true","",""
"Novam Terram","nt:flower_alopecurus",3737,"false",9984,0,"Alopecurus Flower","true","",""
"Novam Terram","nt:flower_alsobia",3738,"false",9985,0,"Alsobia Flower","true","",""
"Novam Terram","nt:flower_alstroemeria",3739,"false",9986,0,"Alstroemeria Flower","true","",""
"Novam Terram","nt:flower_alyogyne",3740,"false",9987,0,"Alyogyne Flower","true","",""
"Novam Terram","nt:flower_amaryllis",3741,"false",9988,0,"Amaryllis Flower","true","",""
"Novam Terram","nt:flower_ambrosia",3742,"false",9989,0,"Ambrosia Flower","true","",""
"Novam Terram","nt:flower_amesiella",3743,"false",9990,0,"Amesiella Flower","true","",""
"Novam Terram","nt:flower_ammobium",3744,"false",9991,0,"Ammobium Flower","true","",""
"Novam Terram","nt:flower_amphipappus",3745,"false",9992,0,"Amphipappus Flower","true","",""
"Novam Terram","nt:flower_anacyclus",3746,"false",9993,0,"Anacyclus Flower","true","",""
"Novam Terram","nt:flower_anagallis",3747,"false",9994,0,"Anagallis Flower","true","",""
"Novam Terram","nt:flower_anchusa",3748,"false",9995,0,"Anchusa Flower","true","",""
"Novam Terram","nt:flower_apache_plume",3749,"false",9996,0,"Apache Plume Flower","true","",""
"Novam Terram","nt:flower_argocoffeeopsis",3750,"false",9997,0,"Argocoffeeopsis Flower","true","",""
"Novam Terram","nt:flower_arizona_poppy",3751,"false",9998,0,"Arizona Poppy Flower","true","",""
"Novam Terram","nt:flower_asclepias",3752,"false",9999,0,"Asclepias Flower","true","",""
"Novam Terram","nt:flower_asclepias_t",3753,"false",10000,0,"Asclepias T Flower","true","",""
"Novam Terram","nt:flower_asian_mustard",3754,"false",10001,0,"Asian Mustard Flower","true","",""
"Novam Terram","nt:flower_aspalathus",3700,"false",9947,0,"Aspalathus Flower","true","flower",""
"Novam Terram","nt:flower_barbarea",3755,"false",10002,0,"Barbarea Flower","true","",""
"Novam Terram","nt:flower_barren_strawberry",3756,"false",10003,0,"Barren Strawberry Flower","true","",""
"Novam Terram","nt:flower_beardtongue",3757,"false",10004,0,"Beardtongue Flower","true","",""
"Novam Terram","nt:flower_begonia",3758,"false",10005,0,"Begonia Flower","true","",""
"Novam Terram","nt:flower_bigelows_monkey_flower",3759,"false",10006,0,"Bigelows Monkey Flower","true","",""
"Novam Terram","nt:flower_blacktack_phacelia",3760,"false",10007,0,"Blocktack Phacelia Flower","true","",""
"Novam Terram","nt:flower_blazing_star",3761,"false",10008,0,"Blazing Star Flower","true","",""
"Novam Terram","nt:flower_blue_flax",3762,"false",10009,0,"Blug Fax Flower","true","",""
"Novam Terram","nt:flower_brachystelma",3763,"false",10010,0,"Brachystelma Flower","true","",""
"Novam Terram","nt:flower_bristly_fiddleneck",3764,"false",10011,0,"Bristly Fiddleneck Flower","true","",""
"Novam Terram","nt:flower_brown_eyes",3765,"false",10012,0,"Brown Eyes Flower","true","",""
"Novam Terram","nt:flower_buckbrush",3766,"false",10013,0,"Buckbrush Flower","true","",""
"Novam Terram","nt:flower_bulbil_buglelily_bot",3767,"false",10014,0,"Bulbil Buglelily Bot Flower","true","",""
"Novam Terram","nt:flower_bulbil_buglelily_top",3768,"false",10015,0,"Bulbil Buglelily Top Flower","true","",""
"Novam Terram","nt:flower_button_brittlebush",3769,"false",10016,0,"Button Brittlebush Flower","true","",""
"Novam Terram","nt:flower_cambridge_blue",3770,"false",10017,0,"Cambridge Blue Flower","true","",""
"Novam Terram","nt:flower_canaigre",3771,"false",10018,0,"Canaigre Flower","true","",""
"Novam Terram","nt:flower_cardamine",3772,"false",10019,0,"Cardamine Flower","true","",""
"Novam Terram","nt:flower_cephalophyllum",3773,"false",10020,0,"Cephalophyllum Flower","true","",""
"Novam Terram","nt:flower_chocolate_drops",3774,"false",10021,0,"Chocolate Drops Flower","true","",""
"Novam Terram","nt:flower_chrysanthemum",3775,"false",10022,0,"Chrysanthemum Flower","true","",""
"Novam Terram","nt:flower_chuparosa",3776,"false",10023,0,"Chuparosa Flower","true","",""
"Novam Terram","nt:flower_clove",3777,"false",10024,0,"Clove Flower","true","",""
"Novam Terram","nt:flower_clustered_broomrape",3778,"false",10025,0,"Clustered Broomrape Flower","true","",""
"Novam Terram","nt:flower_corydalis",3779,"false",10026,0,"Corydalis Flower","true","",""
"Novam Terram","nt:flower_coulters_jewelflower",3780,"false",10027,0,"Coulters Jewel Flower","true","",""
"Novam Terram","nt:flower_crassula",3781,"false",10028,0,"Crassula Flower","true","",""
"Novam Terram","nt:flower_disa",3782,"false",10029,0,"Disa Flower","true","",""
"Novam Terram","nt:flower_distant_scorpionweed",3783,"false",10030,0,"Distant Scorpion Weed Flower","true","",""
"Novam Terram","nt:flower_epipogium",3784,"false",10031,0,"Epipogium Flower","true","",""
"Novam Terram","nt:flower_fabaceae",3785,"false",10032,0,"Fabaceae Flower","true","",""
"Novam Terram","nt:flower_fairy_lily",3786,"false",10033,0,"Fairy Lily Flower","true","",""
"Novam Terram","nt:flower_flower_abelia_bot",3787,"false",10034,0,"Abelia Bot Flower","true","",""
"Novam Terram","nt:flower_fruit_bot",3788,"false",10035,0,"Fruit Bot Flower","true","",""
"Novam Terram","nt:flower_fruit_top",3789,"false",10036,0,"Fruit Top Flower","true","",""
"Novam Terram","nt:flower_galanthus",3790,"false",10037,0,"Galanthus Flower","true","",""
"Novam Terram","nt:flower_heliotropium",3791,"false",10038,0,"Helioptropium Flower","true","",""
"Novam Terram","nt:flower_hellebore",3792,"false",10039,0,"Hellebore Flower","true","",""
"Novam Terram","nt:flower_hesperis",3793,"false",10040,0,"Hesperis Flower","true","",""
"Novam Terram","nt:flower_impatiens",3794,"false",10041,0,"Impatiens Flower","true","",""
"Novam Terram","nt:flower_isolepis",3795,"false",10042,0,"Isolepis Flower","true","",""
"Novam Terram","nt:flower_narthecium",3796,"false",10043,0,"Narthecium Flower","true","",""
"Novam Terram","nt:flower_neglected_scorpionweed",3797,"false",10044,0,"Neglected Scorpion Weed Flower","true","",""
"Novam Terram","nt:flower_nemesia",3798,"false",10045,0,"Nemesia Flower","true","",""
"Novam Terram","nt:flower_none_bot",3799,"false",10046,0,"None Bot Flower","true","",""
"Novam Terram","nt:flower_none_top",3800,"false",10047,0,"None Top Flower","true","",""
"Novam Terram","nt:flower_olive",3825,"false",10072,0,"Olive Fruit","true","",""
"Novam Terram","nt:flower_pink_corydalis",3801,"false",10048,0,"Pink Corydalis Flower","true","",""
"Novam Terram","nt:flower_pluchea_glutinosa",3802,"false",10049,0,"Pluchea Glutinosa Flower","true","",""
"Novam Terram","nt:flower_primevere",3698,"false",9945,0,"Primevere Flower","true","flower",""
"Novam Terram","nt:flower_psoralea_cataracta",3803,"false",10050,0,"Psoralea Cataracta Flower","true","",""
"Novam Terram","nt:flower_psoralea_macrophylla",3804,"false",10051,0,"Psoralea Macrophylla Flower","true","",""
"Novam Terram","nt:flower_pueraria",3805,"false",10052,0,"Pueraria Flower","true","",""
"Novam Terram","nt:flower_rhanterium",3806,"false",10053,0,"Rhanterium Flower","true","",""
"Novam Terram","nt:flower_rorippa",3807,"false",10054,0,"Rorippa Flower","true","",""
"Novam Terram","nt:flower_royal_bluebell",3808,"false",10055,0,"Royal Bluebell Flower","true","",""
"Novam Terram","nt:flower_rudbeckia_h",3809,"false",10056,0,"Rudbeckia H Flower","true","",""
"Novam Terram","nt:flower_sagebrush",3810,"false",10057,0,"Sage Brush Flower","true","",""
"Novam Terram","nt:flower_san_angelo_yucca",3811,"false",10058,0,"San Angelo Yucca Flower","true","",""
"Novam Terram","nt:flower_sandbog_death_camas",3812,"false",10059,0,"Sandbog Death Camas Flower","true","",""
"Novam Terram","nt:flower_snowy_river_westringia",3813,"false",10060,0,"Snowy River Westringia Flower","true","",""
"Novam Terram","nt:flower_streblorrhiza",3814,"false",10061,0,"Streblorrhiza Flower","true","",""
"Novam Terram","nt:flower_sumatra",3815,"false",10062,0,"Sumatra Flower","true","",""
"Novam Terram","nt:flower_thismia",3816,"false",10063,0,"Thismia Flower","true","",""
"Novam Terram","nt:flower_trillium",3817,"false",10064,0,"Trillium Flower","true","",""
"Novam Terram","nt:flower_veratrum",3818,"false",10065,0,"Veratrum Flower","true","",""
"Novam Terram","nt:flower_veronica",3819,"false",10066,0,"Veronica Flower","true","",""
"Novam Terram","nt:flower_viola",3820,"false",10067,0,"Viola Flower","true","",""
"Novam Terram","nt:flower_weldenia_candida",3821,"false",10068,0,"Weldenia Candida Flower","true","",""
"Novam Terram","nt:flower_wild_rice",3822,"false",10069,0,"Wild Rice Flower","true","",""
"Novam Terram","nt:flower_yellowroot",3823,"false",10070,0,"Yellowroot Flower","true","",""
"Novam Terram","nt:flower_zenobia",3824,"false",10071,0,"Zenobia Flower","true","",""
"Novam Terram","nt:iron_sand",3903,"false",10150,0,"Sand","true","sand",""
"Novam Terram","nt:iron_sandstone",3904,"false",10151,0,"Sandstone","true","sandstone",""
"Novam Terram","nt:iron_sandstone_carved",3906,"false",10153,0,"Carved Sandstone","true","sandstone",""
"Novam Terram","nt:iron_sandstone_face",3907,"false",10154,0,"Face Sandstone","true","sandstone",""
"Novam Terram","nt:iron_sandstone_glyph",3908,"false",10155,0,"Glyph Sandstone","true","sandstone",""
"Novam Terram","nt:iron_sandstone_smooth",3905,"false",10152,0,"Smooth Sandstone","true","sandstone",""
"Novam Terram","nt:jacaranda_leaves",3687,"false",9934,0,"Jacaranda Leaves","true","treeLeaves",""
"Novam Terram","nt:jacaranda_sapling",3832,"false",10079,0,"Jacaranda Sapling","true","treeSapling",""
"Novam Terram","nt:maple_leaves",3686,"false",9933,0,"Maple Leaves","true","treeLeaves",""
"Novam Terram","nt:maple_sapling",3831,"false",10078,0,"Maple Sapling","true","treeSapling",""
"Novam Terram","nt:oak_leaves_red",3690,"false",9937,0,"Red Oak Leaves","true","treeLeaves",""
"Novam Terram","nt:oak_sapling_red",3835,"false",10082,0,"Red Oak Sapling","true","treeSapling",""
"Novam Terram","nt:olive_leaves_green",3680,"false",9927,0,"Green Olive Leaves","true","",""
"Novam Terram","nt:olivine_sand",3879,"false",10126,0,"Sand","true","sand",""
"Novam Terram","nt:olivine_sandstone",3880,"false",10127,0,"Sandstone","true","sandstone",""
"Novam Terram","nt:olivine_sandstone_carved",3882,"false",10129,0,"Carved Sandstone","true","sandstone",""
"Novam Terram","nt:olivine_sandstone_face",3883,"false",10130,0,"Face Sandstone","true","sandstone",""
"Novam Terram","nt:olivine_sandstone_glyph",3884,"false",10131,0,"Glyph Sandstone","true","sandstone",""
"Novam Terram","nt:olivine_sandstone_smooth",3881,"false",10128,0,"Smooth Sandstone","true","sandstone",""
"Novam Terram","nt:orange_sand",3909,"false",10156,0,"Sand","true","sand",""
"Novam Terram","nt:orange_sandstone",3910,"false",10157,0,"Sandstone","true","sandstone",""
"Novam Terram","nt:orange_sandstone_carved",3912,"false",10159,0,"Carved Sandstone","true","sandstone",""
"Novam Terram","nt:orange_sandstone_face",3913,"false",10160,0,"Face Sandstone","true","sandstone",""
"Novam Terram","nt:orange_sandstone_glyph",3914,"false",10161,0,"Glyph Sandstone","true","sandstone",""
"Novam Terram","nt:orange_sandstone_smooth",3911,"false",10158,0,"Smooth Sandstone","true","sandstone",""
"Novam Terram","nt:orangeautumn_leaves",3692,"false",9939,0,"Autumn Leaves","true","treeLeaves",""
"Novam Terram","nt:orangeautumn_sapling",3837,"false",10084,0,"Autumn Sapling","true","treeSapling",""
"Novam Terram","nt:orchard_leaves",3696,"false",9943,0,"White Leaves","true","treeLeaves",""
"Novam Terram","nt:orchard_sapling",3841,"false",10088,0,"White Sapling","true","treeSapling",""
"Novam Terram","nt:paulownia_leaves",3695,"false",9942,0,"Paulownia Leaves","true","treeLeaves",""
"Novam Terram","nt:paulownia_sapling",3840,"false",10087,0,"Paulownia Sapling","true","treeSapling",""
"Novam Terram","nt:pink_sand",3885,"false",10132,0,"Sand","true","sand",""
"Novam Terram","nt:pink_sandstone",3886,"false",10133,0,"Sandstone","true","sandstone",""
"Novam Terram","nt:pink_sandstone_carved",3888,"false",10135,0,"Carved Sandstone","true","sandstone",""
"Novam Terram","nt:pink_sandstone_face",3889,"false",10136,0,"Face Sandstone","true","sandstone",""
"Novam Terram","nt:pink_sandstone_glyph",3890,"false",10137,0,"Glyph Sandstone","true","sandstone",""
"Novam Terram","nt:pink_sandstone_smooth",3887,"false",10134,0,"Smooth Sandstone","true","sandstone",""
"Novam Terram","nt:purple_sand",3891,"false",10138,0,"Sand","true","sand",""
"Novam Terram","nt:purple_sandstone",3892,"false",10139,0,"Sandstone","true","sandstone",""
"Novam Terram","nt:purple_sandstone_carved",3894,"false",10141,0,"Carved Sandstone","true","sandstone",""
"Novam Terram","nt:purple_sandstone_face",3895,"false",10142,0,"Face Sandstone","true","sandstone",""
"Novam Terram","nt:purple_sandstone_glyph",3896,"false",10143,0,"Glyph Sandstone","true","sandstone",""
"Novam Terram","nt:purple_sandstone_smooth",3893,"false",10140,0,"Smooth Sandstone","true","sandstone",""
"Novam Terram","nt:red_podzol",3915,"false",10162,0,"Podzol","true","",""
"Novam Terram","nt:redautumn_leaves",3693,"false",9940,0,"Autumn Leaves","true","treeLeaves",""
"Novam Terram","nt:redautumn_sapling",3838,"false",10085,0,"Autumn Sapling","true","treeSapling",""
"Novam Terram","nt:sapling_poplar",3859,"false",10106,0,"Poplar Sapling","true","",""
"Novam Terram","nt:sapling_tallspruce",3860,"false",10107,0,"Taller Spruce Sapling","true","",""
"Novam Terram","nt:shrub_sapling_acacia",3843,"false",10090,0,"Acacia Shrub Sapling","true","treeSapling",""
"Novam Terram","nt:shrub_sapling_birch",3844,"false",10091,0,"Birch Shrub Sapling","true","treeSapling",""
"Novam Terram","nt:shrub_sapling_bluespruce",3845,"false",10092,0,"Blue Spruce Shrub Sapling","true","treeSapling",""
"Novam Terram","nt:shrub_sapling_cherrypink",3846,"false",10093,0,"Cherry Shrub Sapling","true","treeSapling",""
"Novam Terram","nt:shrub_sapling_cherrypurple",3847,"false",10094,0,"Cherry Shrub Sapling","true","treeSapling",""
"Novam Terram","nt:shrub_sapling_cherrywhite",3848,"false",10095,0,"Cherry Shrub Sapling","true","treeSapling",""
"Novam Terram","nt:shrub_sapling_coniferorange",3849,"false",10096,0,"Orange Conifer Shrub Sapling","true","treeSapling",""
"Novam Terram","nt:shrub_sapling_coniferyellow",3850,"false",10097,0,"Yellow Conifer Shrub Sapling","true","treeSapling",""
"Novam Terram","nt:shrub_sapling_darkoak",3851,"false",10098,0,"Dark Oak Shrub Sapling","true","treeSapling",""
"Novam Terram","nt:shrub_sapling_jacaranda",3852,"false",10099,0,"Jacaranda Shrub Sapling","true","treeSapling",""
"Novam Terram","nt:shrub_sapling_jungle",3853,"false",10100,0,"Jungle Shrub Sapling","true","treeSapling",""
"Novam Terram","nt:shrub_sapling_maple",3854,"false",10101,0,"Maple Shrub Sapling","true","treeSapling",""
"Novam Terram","nt:shrub_sapling_oak",3855,"false",10102,0,"Oak Shrub Sapling","true","treeSapling",""
"Novam Terram","nt:shrub_sapling_redoak",3856,"false",10103,0,"Red Oak Shrub Sapling","true","treeSapling",""
"Novam Terram","nt:shrub_sapling_redspruce",3857,"false",10104,0,"Red Spruce Shrub Sapling","true","treeSapling",""
"Novam Terram","nt:shrub_sapling_spruce",3858,"false",10105,0,"Spruce Shrub Sapling","true","treeSapling",""
"Novam Terram","nt:spruce_leaves_blue",3689,"false",9936,0,"Blue Spruce Leaves","true","treeLeaves",""
"Novam Terram","nt:spruce_leaves_red",3688,"false",9935,0,"Red Spruce Leaves","true","treeLeaves",""
"Novam Terram","nt:spruce_sapling_blue",3834,"false",10081,0,"Blue Spruce Sapling","true","treeSapling",""
"Novam Terram","nt:spruce_sapling_red",3833,"false",10080,0,"Red Spruce Sapling","true","treeSapling",""
"Novam Terram","nt:white_sand",3861,"false",10108,0,"Sand","true","sand",""
"Novam Terram","nt:white_sandstone",3862,"false",10109,0,"Sandstone","true","sandstone",""
"Novam Terram","nt:white_sandstone_carved",3864,"false",10111,0,"Sandstone","true","sandstone",""
"Novam Terram","nt:white_sandstone_face",3865,"false",10112,0,"Sandstone","true","sandstone",""
"Novam Terram","nt:white_sandstone_glyph",3866,"false",10113,0,"Sandstone","true","sandstone",""
"Novam Terram","nt:white_sandstone_smooth",3863,"false",10110,0,"Sandstone","true","sandstone",""
"Novam Terram","nt:whitemyrtle_leaves",3697,"false",9944,0,"White Myrtle Leaves","true","treeLeaves",""
"Novam Terram","nt:whitemyrtle_sapling",3842,"false",10089,0,"White Myrtle Sapling","true","treeSapling",""
"Novam Terram","nt:yellowautumn_leaves",3694,"false",9941,0,"Autumn Leaves","true","treeLeaves",""
"Novam Terram","nt:yellowautumn_sapling",3839,"false",10086,0,"Autumn Sapling","true","treeSapling",""
"Oceanic Expanse","oe:blue_coral",2968,"false",8686,0,"Tube Coral","true","",""
"Oceanic Expanse","oe:blue_coral_block",2948,"false",8666,0,"Tube Coral Block","true","",""
"Oceanic Expanse","oe:blue_coral_block_dead",2953,"false",8671,0,"Dead Tube Coral Block","true","",""
"Oceanic Expanse","oe:blue_coral_dead",2973,"false",8691,0,"Dead Tube Coral","true","",""
"Oceanic Expanse","oe:blue_coral_fan",2958,"false",8676,0,"Tube Coral Fan","true","",""
"Oceanic Expanse","oe:blue_coral_fan_dead",2963,"false",8681,0,"Dead Tube Coral Fan","true","",""
"Oceanic Expanse","oe:blue_ice",2935,"false",8655,0,"Blue Ice","true","",""
"Oceanic Expanse","oe:blue_slime_block",2998,"false",8713,0,"Tropical Slime Block","true","",""
"Oceanic Expanse","oe:coconut",2936,"false",8656,0,"Coconut","true","",""
"Oceanic Expanse","oe:conduit",2937,"false",8657,0,"Conduit","true","",""
"Oceanic Expanse","oe:coquina",2938,"false",8658,0,"Coquina","true","",""
"Oceanic Expanse","oe:coquina_brick",2939,"false",8659,0,"Coquina Brick","true","",""
"Oceanic Expanse","oe:coquina_brick_slab",2940,"false",8651,0,"Coquina Brick Slab","true","",""
"Oceanic Expanse","oe:coquina_brick_slab_double",2941,"false",8660,0,"Coquina Brick Slab","true","",""
"Oceanic Expanse","oe:coquina_brick_stairs",2942,"false",8661,0,"Coquina Brick Stairs","true","",""
"Oceanic Expanse","oe:coquina_brick_wall",2943,"false",8662,0,"Coquina Brick Wall","true","",""
"Oceanic Expanse","oe:dried_dulse_block",2946,"false",8665,0,"Dried Dulse Block","true","",""
"Oceanic Expanse","oe:dried_kelp_block",2979,"false",8697,0,"Dried Kelp Block","true","",""
"Oceanic Expanse","oe:dulse",2945,"false",8664,0,"Dulse","true","",""
"Oceanic Expanse","oe:guardian_spike",2947,"false",8648,0,"Guardian Spike","true","",""
"Oceanic Expanse","oe:kelp",2978,"false",8696,0,"Kelp","true","",""
"Oceanic Expanse","oe:nacre_block",2996,"false",8711,0,"Nacre Block","true","",""
"Oceanic Expanse","oe:nacre_smooth",2997,"false",8712,0,"Smooth Nacre Block","true","",""
"Oceanic Expanse","oe:palm_door",2993,"false",,,"item.oe.palm_door.name","true","",""
"Oceanic Expanse","oe:palm_fence",2991,"false",8708,0,"Palm Fence","true","fenceWood",""
"Oceanic Expanse","oe:palm_fence_gate",2992,"false",8709,0,"Palm Fence Gate","true","fenceGateWood",""
"Oceanic Expanse","oe:palm_leaves",2981,"false",8699,0,"Palm Leaves","true","treeLeaves",""
"Oceanic Expanse","oe:palm_leaves_flowering",2982,"false",8700,0,"Flowering Palm Leaves","true","treeLeaves",""
"Oceanic Expanse","oe:palm_log",2983,"false",8701,0,"Palm Log","true","logWood",""
"Oceanic Expanse","oe:palm_log_stripped",2985,"false",8703,0,"Stripped Palm Log","true","logWood",""
"Oceanic Expanse","oe:palm_planks",2987,"false",8705,0,"Palm Planks","true","plankWood",""
"Oceanic Expanse","oe:palm_sapling",2980,"false",8698,0,"Palm Sapling","true","treeSapling",""
"Oceanic Expanse","oe:palm_slab",2988,"false",8652,0,"Palm Slab","true","slabWood",""
"Oceanic Expanse","oe:palm_slab_double",2989,"false",8706,0,"Palm Slab","true","",""
"Oceanic Expanse","oe:palm_stairs",2990,"false",8707,0,"Palm Stairs","true","stairWood",""
"Oceanic Expanse","oe:palm_wood",2984,"false",8702,0,"Palm Wood","true","logWood",""
"Oceanic Expanse","oe:palm_wood_stripped",2986,"false",8704,0,"Stripped Palm Wood","true","logWood",""
"Oceanic Expanse","oe:pickled_head",2994,"false",8654,0,"Pickled Head","true","",""
"Oceanic Expanse","oe:pink_coral",2969,"false",8687,0,"Brain Coral","true","",""
"Oceanic Expanse","oe:pink_coral_block",2949,"false",8667,0,"Brain Coral Block","true","",""
"Oceanic Expanse","oe:pink_coral_block_dead",2954,"false",8672,0,"Dead Brain Coral Block","true","",""
"Oceanic Expanse","oe:pink_coral_dead",2974,"false",8692,0,"Dead Brain Coral","true","",""
"Oceanic Expanse","oe:pink_coral_fan",2959,"false",8677,0,"Brain Coral Fan","true","",""
"Oceanic Expanse","oe:pink_coral_fan_dead",2964,"false",8682,0,"Dead Brain Coral Fan","true","",""
"Oceanic Expanse","oe:prismarine_pot",2995,"false",8710,0,"Prismarine Pot","true","",""
"Oceanic Expanse","oe:purple_coral",2970,"false",8688,0,"Bubble Coral","true","",""
"Oceanic Expanse","oe:purple_coral_block",2950,"false",8668,0,"Bubble Coral Block","true","",""
"Oceanic Expanse","oe:purple_coral_block_dead",2955,"false",8673,0,"Dead Bubble Coral Block","true","",""
"Oceanic Expanse","oe:purple_coral_dead",2975,"false",8693,0,"Dead Bubble Coral","true","",""
"Oceanic Expanse","oe:purple_coral_fan",2960,"false",8678,0,"Bubble Coral Fan","true","",""
"Oceanic Expanse","oe:purple_coral_fan_dead",2965,"false",8683,0,"Dead Bubble Coral Fan","true","",""
"Oceanic Expanse","oe:red_coral",2971,"false",8689,0,"Fire Coral","true","",""
"Oceanic Expanse","oe:red_coral_block",2951,"false",8669,0,"Fire Coral Block","true","",""
"Oceanic Expanse","oe:red_coral_block_dead",2956,"false",8674,0,"Dead Fire Coral Block","true","",""
"Oceanic Expanse","oe:red_coral_dead",2976,"false",8694,0,"Dead Fire Coral","true","",""
"Oceanic Expanse","oe:red_coral_fan",2961,"false",8679,0,"Fire Coral Fan","true","",""
"Oceanic Expanse","oe:red_coral_fan_dead",2966,"false",8684,0,"Dead Fire Coral Fan","true","",""
"Oceanic Expanse","oe:sea_oats",3001,"false",8715,0,"Sea Oats","true","",""
"Oceanic Expanse","oe:sea_pickle",3000,"false",8649,0,"Sea Pickle","true","",""
"Oceanic Expanse","oe:seagrass",2999,"false",8714,0,"Seagrass","true","",""
"Oceanic Expanse","oe:seastar",3002,"false",8716,0,"Sea Star","true","",""
"Oceanic Expanse","oe:shell_sand",3003,"false",8717,0,"Shelly Sand","true","",""
"Oceanic Expanse","oe:stagnant",2944,"false",8663,0,"Stagnant","true","",""
"Oceanic Expanse","oe:tube_sponge",3004,"false",8718,0,"Tube Sponge","true","",""
"Oceanic Expanse","oe:turtle_egg",3005,"false",8650,0,"Turtle Egg","true","",""
"Oceanic Expanse","oe:underwater_tnt",3006,"false",8719,0,"Underwater TNT","true","",""
"Oceanic Expanse","oe:underwater_torch",3007,"false",8720,0,"Underwater Torch","true","",""
"Oceanic Expanse","oe:yellow_coral",2972,"false",8690,0,"Horn Coral","true","",""
"Oceanic Expanse","oe:yellow_coral_block",2952,"false",8670,0,"Horn Coral Block","true","",""
"Oceanic Expanse","oe:yellow_coral_block_dead",2957,"false",8675,0,"Dead Horn Coral Block","true","",""
"Oceanic Expanse","oe:yellow_coral_dead",2977,"false",8695,0,"Dead Horn Coral","true","",""
"Oceanic Expanse","oe:yellow_coral_fan",2962,"false",8680,0,"Horn Coral Fan","true","",""
"Oceanic Expanse","oe:yellow_coral_fan_dead",2967,"false",8685,0,"Dead Horn Coral Fan","true","",""
"Pirates Mod","pirates:barrel",3923,"false",10192,0,"Barrel","true","",""
"Pirates Mod","pirates:boat_sling",3921,"false",10190,0,"Boat Sling","true","",""
"Pirates Mod","pirates:cannon",3918,"false",10187,0,"Cannon","true","",""
"Pirates Mod","pirates:cannonball",3931,"false",10200,0,"Cannonball","true","",""
"Pirates Mod","pirates:capstan",3935,"false",10204,0,"Capstan","true","",""
"Pirates Mod","pirates:cell",3919,"false",10188,0,"Cell","true","",""
"Pirates Mod","pirates:cleat",3934,"false",10203,0,"Cleat","true","",""
"Pirates Mod","pirates:forge",3930,"false",10199,0,"Forge","true","",""
"Pirates Mod","pirates:ghastly_bell",3928,"false",10197,0,"Ghastly Bell","true","",""
"Pirates Mod","pirates:ghastly_log",3926,"false",10195,0,"Ghastly Log","true","",""
"Pirates Mod","pirates:ghastly_planks",3924,"false",10193,0,"Ghastly Planks","true","",""
"Pirates Mod","pirates:ghastly_rail",3925,"false",10194,0,"Ghastly Railing","true","",""
"Pirates Mod","pirates:ghastly_stairs",3927,"false",10196,0,"Ghastly Stairs","true","",""
"Pirates Mod","pirates:jib_sheet",3933,"false",10202,0,"Jib Sheet","true","",""
"Pirates Mod","pirates:light_te",3938,"false",10207,0,"tile.pirates.light_te.name","true","",""
"Pirates Mod","pirates:liquor_rack",3937,"false",10206,0,"tile.pirates.liquor_rack.name","true","",""
"Pirates Mod","pirates:pirate_chest",3929,"false",10198,0,"Cursed Chest","true","",""
"Pirates Mod","pirates:rail",3917,"false",10186,0,"Railing","true","",""
"Pirates Mod","pirates:ratlines",3920,"false",10189,0,"Ratlines","true","",""
"Pirates Mod","pirates:ship_bell",3922,"false",10191,0,"Ship's Bell","true","",""
"Pirates Mod","pirates:ship_wheel",3936,"false",10205,0,"tile.pirates.ship_wheel.name","true","",""
"Pirates Mod","pirates:square_sail",3932,"false",10201,0,"Square Sail","true","",""
"Project: Vibrant Journeys","pvj:acacia_twigs",4987,"false",13134,0,"Acacia Twigs","true","twigs",""
"Project: Vibrant Journeys","pvj:adobe",5029,"false",13176,0,"Adobe","true","",""
"Project: Vibrant Journeys","pvj:adobe_brick",5030,"false",13177,0,"Adobe Bricks","true","",""
"Project: Vibrant Journeys","pvj:adobe_brick_double_slab",5057,"false",,,"tile.null.name","true","",""
"Project: Vibrant Journeys","pvj:adobe_brick_slab",5056,"false",13195,0,"Adobe Brick Slab","true","",""
"Project: Vibrant Journeys","pvj:adobe_brick_stairs",5039,"false",13186,0,"Adobe Brick Stairs","true","",""
"Project: Vibrant Journeys","pvj:adobe_double_slab",5055,"false",,,"tile.null.name","true","",""
"Project: Vibrant Journeys","pvj:adobe_slab",5054,"false",13194,0,"Adobe Slab","true","",""
"Project: Vibrant Journeys","pvj:adobe_stairs",5038,"false",13185,0,"Adobe Stairs","true","",""
"Project: Vibrant Journeys","pvj:andesite_rocks",5009,"false",13156,0,"Andesite Rocks","true","rocks",""
"Project: Vibrant Journeys","pvj:aspen_button",4939,"false",13086,0,"Aspen Button","true","",""
"Project: Vibrant Journeys","pvj:aspen_door",4913,"false",13053,0,"tile.aspen_door.name","true","",""
"Project: Vibrant Journeys","pvj:aspen_double_slab",4868,"false",,,"tile.null.name","true","",""
"Project: Vibrant Journeys","pvj:aspen_fence",4887,"false",13021,0,"Aspen Fence","true","fenceWood",""
"Project: Vibrant Journeys","pvj:aspen_fence_gate",4900,"false",13034,0,"Aspen Fence Gate","true","fenceGateWood",""
"Project: Vibrant Journeys","pvj:aspen_pressure_plate",4952,"false",13099,0,"Aspen Pressure Plate","true","",""
"Project: Vibrant Journeys","pvj:aspen_slab",4867,"false",13008,0,"Aspen Slab","true","slabWood",""
"Project: Vibrant Journeys","pvj:aspen_stairs",4848,"false",12995,0,"Aspen Stairs","true","stairWood",""
"Project: Vibrant Journeys","pvj:aspen_trapdoor",4926,"false",13073,0,"Aspen Trapdoor","true","",""
"Project: Vibrant Journeys","pvj:aspen_twigs",4995,"false",13142,0,"Aspen Twigs","true","twigs",""
"Project: Vibrant Journeys","pvj:bamboo_bop_twigs",5091,"false",13229,0,"Bamboo Twigs","true","twigs",""
"Project: Vibrant Journeys","pvj:baobab_button",4941,"false",13088,0,"Baobab Button","true","",""
"Project: Vibrant Journeys","pvj:baobab_door",4915,"false",13057,0,"tile.baobab_door.name","true","",""
"Project: Vibrant Journeys","pvj:baobab_double_slab",4872,"false",,,"tile.null.name","true","",""
"Project: Vibrant Journeys","pvj:baobab_fence",4889,"false",13023,0,"Baobab Fence","true","fenceWood",""
"Project: Vibrant Journeys","pvj:baobab_fence_gate",4902,"false",13036,0,"Baobab Fence Gate","true","fenceGateWood",""
"Project: Vibrant Journeys","pvj:baobab_pressure_plate",4954,"false",13101,0,"Baobab Pressure Plate","true","",""
"Project: Vibrant Journeys","pvj:baobab_slab",4871,"false",13010,0,"Baobab Slab","true","slabWood",""
"Project: Vibrant Journeys","pvj:baobab_stairs",4850,"false",12997,0,"Baobab Stairs","true","stairWood",""
"Project: Vibrant Journeys","pvj:baobab_trapdoor",4928,"false",13075,0,"Baobab Trapdoor","true","",""
"Project: Vibrant Journeys","pvj:baobab_twigs",4998,"false",13145,0,"Baobab Twigs","true","twigs",""
"Project: Vibrant Journeys","pvj:basalt",5023,"false",13170,0,"Basalt","true","",""
"Project: Vibrant Journeys","pvj:basalt_brick",5024,"false",13171,0,"Basalt Bricks","true","",""
"Project: Vibrant Journeys","pvj:basalt_brick_double_slab",5045,"false",,,"tile.null.name","true","",""
"Project: Vibrant Journeys","pvj:basalt_brick_slab",5044,"false",13189,0,"Basalt Brick Slab","true","",""
"Project: Vibrant Journeys","pvj:basalt_brick_stairs",5033,"false",13180,0,"Basalt Brick Stairs","true","",""
"Project: Vibrant Journeys","pvj:basalt_double_slab",5043,"false",,,"tile.null.name","true","",""
"Project: Vibrant Journeys","pvj:basalt_slab",5042,"false",13188,0,"Basalt Slab","true","",""
"Project: Vibrant Journeys","pvj:basalt_stairs",5032,"false",13179,0,"Basalt Stairs","true","",""
"Project: Vibrant Journeys","pvj:beach_grass",4772,"false",12919,0,"Beach Grass","true","",""
"Project: Vibrant Journeys","pvj:birch_twigs",4984,"false",13131,0,"Birch Twigs","true","twigs",""
"Project: Vibrant Journeys","pvj:bloodnettle",4781,"false",12928,0,"Bloodnettle","true","",""
"Project: Vibrant Journeys","pvj:bones",5014,"false",13161,0,"Bones","true","",""
"Project: Vibrant Journeys","pvj:bracket_fungus",4764,"false",12911,0,"Polypore","true","",""
"Project: Vibrant Journeys","pvj:brown_autumn_traverse_twigs",5116,"false",13254,0,"Brown Autumnal Twigs","true","twigs",""
"Project: Vibrant Journeys","pvj:cattail",4771,"false",12918,0,"Cattail","true","",""
"Project: Vibrant Journeys","pvj:cherry_blossom_button",4944,"false",13091,0,"Cherry Blossom Button","true","",""
"Project: Vibrant Journeys","pvj:cherry_blossom_door",4918,"false",13063,0,"tile.cherry_blossom_door.name","true","",""
"Project: Vibrant Journeys","pvj:cherry_blossom_double_slab",4878,"false",,,"tile.null.name","true","",""
"Project: Vibrant Journeys","pvj:cherry_blossom_fence",4892,"false",13026,0,"Cherry Blossom Fence","true","fenceWood",""
"Project: Vibrant Journeys","pvj:cherry_blossom_fence_gate",4905,"false",13039,0,"Cherry Blossom Fence Gate","true","fenceGateWood",""
"Project: Vibrant Journeys","pvj:cherry_blossom_pressure_plate",4957,"false",13104,0,"Cherry Blossom Pressure Plate.name","true","",""
"Project: Vibrant Journeys","pvj:cherry_blossom_slab",4877,"false",13013,0,"Cherry Blossom Slab","true","slabWood",""
"Project: Vibrant Journeys","pvj:cherry_blossom_stairs",4853,"false",13000,0,"Cherry Blossom Stairs","true","stairWood",""
"Project: Vibrant Journeys","pvj:cherry_blossom_trapdoor",4931,"false",13078,0,"Cherry Blossom Trapdoor","true","",""
"Project: Vibrant Journeys","pvj:chickweed",4761,"false",12908,0,"Chickweed","true","",""
"Project: Vibrant Journeys","pvj:clovers",4762,"false",12909,0,"Clover Patch","true","",""
"Project: Vibrant Journeys","pvj:cobblestone_brick",5022,"false",13169,0,"Cobblestone Bricks","true","",""
"Project: Vibrant Journeys","pvj:cobblestone_brick_double_slab",5041,"false",,,"tile.null.name","true","",""
"Project: Vibrant Journeys","pvj:cobblestone_brick_slab",5040,"false",13187,0,"Cobblestone Bricks Slab","true","",""
"Project: Vibrant Journeys","pvj:cobblestone_brick_stairs",5031,"false",13178,0,"Cobblestone Bricks Stairs","true","",""
"Project: Vibrant Journeys","pvj:cobblestone_brick_wall",5058,"true",13196,0,"Cobblestone Brick Wall","true","",""
"Project: Vibrant Journeys","pvj:cobblestone_brick_wall",5058,"true",13196,1,"Cobblestone Brick Wall","true","",""
"Project: Vibrant Journeys","pvj:cobblestone_rocks",5007,"false",13154,0,"Cobblestone Rocks","true","rocks",""
"Project: Vibrant Journeys","pvj:coconut",5005,"false",13152,0,"Coconut","true","",""
"Project: Vibrant Journeys","pvj:cottonwood_button",4942,"false",13089,0,"Cottonwood Button","true","",""
"Project: Vibrant Journeys","pvj:cottonwood_door",4916,"false",13059,0,"tile.cottonwood_door.name","true","",""
"Project: Vibrant Journeys","pvj:cottonwood_double_slab",4874,"false",,,"tile.null.name","true","",""
"Project: Vibrant Journeys","pvj:cottonwood_fence",4890,"false",13024,0,"Cottonwood Fence","true","fenceWood",""
"Project: Vibrant Journeys","pvj:cottonwood_fence_gate",4903,"false",13037,0,"Cottonwood Fence Gate","true","fenceGateWood",""
"Project: Vibrant Journeys","pvj:cottonwood_pressure_plate",4955,"false",13102,0,"Cottonwood Pressure Plate","true","",""
"Project: Vibrant Journeys","pvj:cottonwood_slab",4873,"false",13011,0,"Cottonwood Slab","true","slabWood",""
"Project: Vibrant Journeys","pvj:cottonwood_stairs",4851,"false",12998,0,"Cottonwood Stairs","true","stairWood",""
"Project: Vibrant Journeys","pvj:cottonwood_trapdoor",4929,"false",13076,0,"Cottonwood Trapdoor","true","",""
"Project: Vibrant Journeys","pvj:cottonwood_twigs",4999,"false",13146,0,"Cottonwood Twigs","true","twigs",""
"Project: Vibrant Journeys","pvj:crabgrass",4763,"false",12910,0,"Crabgrass","true","",""
"Project: Vibrant Journeys","pvj:cracked_sand",5018,"false",13165,0,"Cracked Sand","true","",""
"Project: Vibrant Journeys","pvj:dark_oak_twigs",4988,"false",13135,0,"Dark Oak Twigs","true","twigs",""
"Project: Vibrant Journeys","pvj:dead_bop_twigs",5094,"false",13232,0,"Dead Twigs","true","twigs",""
"Project: Vibrant Journeys","pvj:deathcap",4770,"false",12917,0,"Deathcap","true","",""
"Project: Vibrant Journeys","pvj:diorite_rocks",5011,"false",13158,0,"Diorite Rocks","true","rocks",""
"Project: Vibrant Journeys","pvj:duckweed",4767,"false",12914,0,"Duckweed","true","",""
"Project: Vibrant Journeys","pvj:ebony_bop_twigs",5111,"false",13249,0,"Ebony Twigs","true","twigs",""
"Project: Vibrant Journeys","pvj:ethereal_bop_twigs",5096,"false",13234,0,"Ethereal Twigs","true","twigs",""
"Project: Vibrant Journeys","pvj:eucalyptus_bop_twigs",5112,"false",13250,0,"Eucalyptus Twigs","true","twigs",""
"Project: Vibrant Journeys","pvj:fallenleaves_acacia",4965,"false",13112,0,"Acacia Fallen Leaves","true","",""
"Project: Vibrant Journeys","pvj:fallenleaves_aspen",4973,"false",13120,0,"Aspen Fallen Leaves","true","",""
"Project: Vibrant Journeys","pvj:fallenleaves_baobab",4976,"false",13123,0,"Baobab Fallen Leaves","true","",""
"Project: Vibrant Journeys","pvj:fallenleaves_birch",4961,"false",13108,0,"Birch Fallen Leaves","true","",""
"Project: Vibrant Journeys","pvj:fallenleaves_bop_bamboo",5065,"false",13203,0,"Bamboo Fallen Leaves","true","",""
"Project: Vibrant Journeys","pvj:fallenleaves_bop_dead",5068,"false",13206,0,"Dead Fallen Leaves","true","",""
"Project: Vibrant Journeys","pvj:fallenleaves_bop_ebony",5085,"false",13223,0,"Ebony Fallen Leaves","true","",""
"Project: Vibrant Journeys","pvj:fallenleaves_bop_ethereal",5070,"false",13208,0,"Ethereal Fallen Leaves","true","",""
"Project: Vibrant Journeys","pvj:fallenleaves_bop_eucalyptus",5086,"false",13224,0,"Eucalyptus Fallen Leaves","true","",""
"Project: Vibrant Journeys","pvj:fallenleaves_bop_fir",5069,"false",13207,0,"Fir Fallen Leaves","true","",""
"Project: Vibrant Journeys","pvj:fallenleaves_bop_flowering",5076,"false",13214,0,"Flowering Oak Fallen Leaves","true","",""
"Project: Vibrant Journeys","pvj:fallenleaves_bop_hellbark",5075,"false",13213,0,"Hellbark Fallen Leaves","true","",""
"Project: Vibrant Journeys","pvj:fallenleaves_bop_jacaranda",5077,"false",13215,0,"Jacaranda Fallen Leaves","true","",""
"Project: Vibrant Journeys","pvj:fallenleaves_bop_magic",5066,"false",13204,0,"Magic Fallen Leaves","true","",""
"Project: Vibrant Journeys","pvj:fallenleaves_bop_mahogany",5084,"false",13222,0,"Mahogany Fallen Leaves","true","",""
"Project: Vibrant Journeys","pvj:fallenleaves_bop_mangrove",5079,"false",13217,0,"Mangrove Fallen Leaves","true","",""
"Project: Vibrant Journeys","pvj:fallenleaves_bop_maple",5074,"false",13212,0,"Maple Fallen Leaves","true","",""
"Project: Vibrant Journeys","pvj:fallenleaves_bop_orange_autumn",5064,"false",13202,0,"Orange Autumn Fallen Leaves","true","",""
"Project: Vibrant Journeys","pvj:fallenleaves_bop_origin",5071,"false",13209,0,"Origin Fallen Leaves","true","",""
"Project: Vibrant Journeys","pvj:fallenleaves_bop_palm",5080,"false",13218,0,"Palm Fallen Leaves","true","",""
"Project: Vibrant Journeys","pvj:fallenleaves_bop_pine",5083,"false",13221,0,"Pine Fallen Leaves","true","",""
"Project: Vibrant Journeys","pvj:fallenleaves_bop_pink_cherry",5072,"false",13210,0,"Pink Cherry Fallen Leaves","true","",""
"Project: Vibrant Journeys","pvj:fallenleaves_bop_red_big_flower",5087,"false",13225,0,"Red Fallen Petals","true","",""
"Project: Vibrant Journeys","pvj:fallenleaves_bop_redwood",5081,"false",13219,0,"Redwood Fallen Leaves","true","",""
"Project: Vibrant Journeys","pvj:fallenleaves_bop_sacred_oak",5078,"false",13216,0,"Sacred Oak Fallen Leaves","true","",""
"Project: Vibrant Journeys","pvj:fallenleaves_bop_umbran",5067,"false",13205,0,"Umbran Fallen Leaves","true","",""
"Project: Vibrant Journeys","pvj:fallenleaves_bop_white_cherry",5073,"false",13211,0,"White Cherry Fallen Leaves","true","",""
"Project: Vibrant Journeys","pvj:fallenleaves_bop_willow",5082,"false",13220,0,"Willow Fallen Leaves","true","",""
"Project: Vibrant Journeys","pvj:fallenleaves_bop_yellow_autumn",5063,"false",13201,0,"Yellow Autumn Fallen Leaves","true","",""
"Project: Vibrant Journeys","pvj:fallenleaves_bop_yellow_big_flower",5088,"false",13226,0,"Yellow Fallen Petals","true","",""
"Project: Vibrant Journeys","pvj:fallenleaves_cottonwood",4977,"false",13124,0,"Cottonwood Fallen Leaves","true","",""
"Project: Vibrant Journeys","pvj:fallenleaves_darkoak",4964,"false",13111,0,"Dark Oak Fallen Leaves","true","",""
"Project: Vibrant Journeys","pvj:fallenleaves_dead",4966,"false",13113,0,"Dead Fallen Leaves","true","",""
"Project: Vibrant Journeys","pvj:fallenleaves_fir",4971,"false",13118,0,"Fir Fallen Leaves","true","",""
"Project: Vibrant Journeys","pvj:fallenleaves_jacaranda",4982,"false",13129,0,"Jacaranda Fallen Leaves","true","",""
"Project: Vibrant Journeys","pvj:fallenleaves_jungle",4963,"false",13110,0,"Jungle Fallen Leaves","true","",""
"Project: Vibrant Journeys","pvj:fallenleaves_juniper",4978,"false",13125,0,"Juniper Fallen Leaves","true","",""
"Project: Vibrant Journeys","pvj:fallenleaves_juniper_berried",4979,"false",13126,0,"tile.fallenleaves_juniper_berried.name","true","",""
"Project: Vibrant Journeys","pvj:fallenleaves_mangrove",4968,"false",13115,0,"Mangrove Fallen Leaves","true","",""
"Project: Vibrant Journeys","pvj:fallenleaves_oak",4960,"false",13107,0,"Oak Fallen Leaves","true","",""
"Project: Vibrant Journeys","pvj:fallenleaves_orange_maple",4975,"false",13122,0,"Orange Maple Fallen Leaves","true","",""
"Project: Vibrant Journeys","pvj:fallenleaves_palm",4969,"false",13116,0,"Palm Fallen Leaves","true","",""
"Project: Vibrant Journeys","pvj:fallenleaves_pine",4972,"false",13119,0,"Pine Fallen Leaves","true","",""
"Project: Vibrant Journeys","pvj:fallenleaves_pink_cherry_blossom",4981,"false",13128,0,"Pink Cherry Blossom Fallen Leaves","true","",""
"Project: Vibrant Journeys","pvj:fallenleaves_red_maple",4974,"false",13121,0,"Red Maple Fallen Leaves","true","",""
"Project: Vibrant Journeys","pvj:fallenleaves_redwood",4970,"false",13117,0,"Redwood Fallen Leaves","true","",""
"Project: Vibrant Journeys","pvj:fallenleaves_spruce",4962,"false",13109,0,"Spruce Fallen Leaves","true","",""
"Project: Vibrant Journeys","pvj:fallenleaves_traverse_brown_autumn",5121,"false",13259,0,"Brown Autumnal Fallen Leaves","true","",""
"Project: Vibrant Journeys","pvj:fallenleaves_traverse_fir",5124,"false",13262,0,"Fir Fallen Leaves","true","",""
"Project: Vibrant Journeys","pvj:fallenleaves_traverse_orange_autumn",5122,"false",13260,0,"Orange Autumnal Fallen Leaves","true","",""
"Project: Vibrant Journeys","pvj:fallenleaves_traverse_red_autumn",5120,"false",13258,0,"Red Autumnal Fallen Leaves","true","",""
"Project: Vibrant Journeys","pvj:fallenleaves_traverse_yellow_autumn",5123,"false",13261,0,"Yellow Autumnal Fallen Leaves","true","",""
"Project: Vibrant Journeys","pvj:fallenleaves_white_cherry_blossom",4980,"false",13127,0,"White Cherry Blossom Fallen Leaves","true","",""
"Project: Vibrant Journeys","pvj:fallenleaves_willow",4967,"false",13114,0,"Willow Fallen Leaves","true","",""
"Project: Vibrant Journeys","pvj:fir_bop_twigs",5095,"false",13233,0,"Fir Twigs","true","twigs",""
"Project: Vibrant Journeys","pvj:fir_button",4937,"false",13084,0,"Fir Button","true","",""
"Project: Vibrant Journeys","pvj:fir_door",4911,"false",13049,0,"tile.fir_door.name","true","",""
"Project: Vibrant Journeys","pvj:fir_double_slab",4864,"false",,,"tile.null.name","true","",""
"Project: Vibrant Journeys","pvj:fir_fence",4885,"false",13019,0,"Fir Fence","true","fenceWood",""
"Project: Vibrant Journeys","pvj:fir_fence_gate",4898,"false",13032,0,"Fir Fence Gate","true","fenceGateWood",""
"Project: Vibrant Journeys","pvj:fir_pressure_plate",4950,"false",13097,0,"Fir Pressure Plate","true","",""
"Project: Vibrant Journeys","pvj:fir_slab",4863,"false",13006,0,"Fir Slab","true","slabWood",""
"Project: Vibrant Journeys","pvj:fir_stairs",4846,"false",12993,0,"Fir Stairs","true","stairWood",""
"Project: Vibrant Journeys","pvj:fir_trapdoor",4924,"false",13071,0,"Fir Trapdoor","true","",""
"Project: Vibrant Journeys","pvj:fir_traverse_twigs",5119,"false",13257,0,"Fir Twigs","true","twigs",""
"Project: Vibrant Journeys","pvj:fir_twigs",4993,"false",13140,0,"Fir Twigs","true","twigs",""
"Project: Vibrant Journeys","pvj:flouropore",4765,"false",12912,0,"Flouropore","true","",""
"Project: Vibrant Journeys","pvj:flower_patch",5017,"false",13164,0,"Flower Patch","true","",""
"Project: Vibrant Journeys","pvj:flowering_bop_twigs",5102,"false",13240,0,"Flowering Oak Twigs","true","twigs",""
"Project: Vibrant Journeys","pvj:frogbit",4766,"false",12913,0,"Frogbit","true","",""
"Project: Vibrant Journeys","pvj:frost_lotus",4759,"false",12906,0,"Frost Lotus","true","",""
"Project: Vibrant Journeys","pvj:glowcap",4782,"false",12929,0,"Glowcap","true","",""
"Project: Vibrant Journeys","pvj:granite_rocks",5010,"false",13157,0,"Granite Rocks","true","rocks",""
"Project: Vibrant Journeys","pvj:hellbark_bop_twigs",5101,"false",13239,0,"Hellbark Twigs","true","twigs",""
"Project: Vibrant Journeys","pvj:ice_formation",5061,"false",13199,0,"tile.ice_formation.name","true","",""
"Project: Vibrant Journeys","pvj:jacaranda_bop_twigs",5103,"false",13241,0,"Jacaranda Twigs","true","twigs",""
"Project: Vibrant Journeys","pvj:jacaranda_button",4945,"false",13092,0,"Jacaranda Button","true","",""
"Project: Vibrant Journeys","pvj:jacaranda_door",4919,"false",13065,0,"tile.jacaranda_door.name","true","",""
"Project: Vibrant Journeys","pvj:jacaranda_double_slab",4880,"false",,,"tile.null.name","true","",""
"Project: Vibrant Journeys","pvj:jacaranda_fence",4893,"false",13027,0,"Jacaranda Fence","true","fenceWood",""
"Project: Vibrant Journeys","pvj:jacaranda_fence_gate",4906,"false",13040,0,"Jacaranda Fence Gate","true","fenceGateWood",""
"Project: Vibrant Journeys","pvj:jacaranda_pressure_plate",4958,"false",13105,0,"Jacaranda Pressure Plate.name","true","",""
"Project: Vibrant Journeys","pvj:jacaranda_slab",4879,"false",13014,0,"Jacaranda Slab","true","slabWood",""
"Project: Vibrant Journeys","pvj:jacaranda_stairs",4854,"false",13001,0,"Jacaranda Stairs","true","stairWood",""
"Project: Vibrant Journeys","pvj:jacaranda_trapdoor",4932,"false",13079,0,"Jacaranda Trapdoor","true","",""
"Project: Vibrant Journeys","pvj:jacaranda_twigs",5004,"false",13151,0,"Jacaranda Twigs","true","twigs",""
"Project: Vibrant Journeys","pvj:jungle_twigs",4986,"false",13133,0,"Jungle Twigs","true","twigs",""
"Project: Vibrant Journeys","pvj:juniper_berried_twigs",5001,"false",13148,0,"tile.juniper_berried_twigs.name","true","twigs",""
"Project: Vibrant Journeys","pvj:juniper_button",4943,"false",13090,0,"Juniper Button","true","",""
"Project: Vibrant Journeys","pvj:juniper_door",4917,"false",13061,0,"tile.juniper_door.name","true","",""
"Project: Vibrant Journeys","pvj:juniper_double_slab",4876,"false",,,"tile.null.name","true","",""
"Project: Vibrant Journeys","pvj:juniper_fence",4891,"false",13025,0,"Juniper Fence","true","fenceWood",""
"Project: Vibrant Journeys","pvj:juniper_fence_gate",4904,"false",13038,0,"Juniper Fence Gate","true","fenceGateWood",""
"Project: Vibrant Journeys","pvj:juniper_pressure_plate",4956,"false",13103,0,"Juniper Pressure Plate.name","true","",""
"Project: Vibrant Journeys","pvj:juniper_slab",4875,"false",13012,0,"Juniper Slab","true","slabWood",""
"Project: Vibrant Journeys","pvj:juniper_stairs",4852,"false",12999,0,"Juniper Stairs","true","stairWood",""
"Project: Vibrant Journeys","pvj:juniper_trapdoor",4930,"false",13077,0,"Juniper Trapdoor","true","",""
"Project: Vibrant Journeys","pvj:juniper_twigs",5000,"false",13147,0,"Juniper Twigs","true","twigs",""
"Project: Vibrant Journeys","pvj:leaves_aspen",4803,"false",12950,0,"Aspen Leaves","true","treeLeaves",""
"Project: Vibrant Journeys","pvj:leaves_baobab",4806,"false",12953,0,"Baobab Leaves","true","treeLeaves",""
"Project: Vibrant Journeys","pvj:leaves_cottonwood",4807,"false",12954,0,"Cottonwood Leaves","true","treeLeaves",""
"Project: Vibrant Journeys","pvj:leaves_fir",4801,"false",12948,0,"Fir Leaves","true","treeLeaves",""
"Project: Vibrant Journeys","pvj:leaves_jacaranda",4812,"false",12959,0,"Jacaranda Leaves","true","treeLeaves",""
"Project: Vibrant Journeys","pvj:leaves_juniper",4808,"false",12955,0,"Juniper Leaves","true","treeLeaves",""
"Project: Vibrant Journeys","pvj:leaves_juniper_berried",4809,"false",12956,0,"Berried Juniper Leaves.name","true","treeLeaves",""
"Project: Vibrant Journeys","pvj:leaves_mangrove",4798,"false",12945,0,"Mangrove Leaves","true","treeLeaves",""
"Project: Vibrant Journeys","pvj:leaves_orange_maple",4805,"false",12952,0,"Orange Maple Leaves","true","treeLeaves",""
"Project: Vibrant Journeys","pvj:leaves_palm",4799,"false",12946,0,"Palm Leaves","true","treeLeaves",""
"Project: Vibrant Journeys","pvj:leaves_pine",4802,"false",12949,0,"Pine Leaves","true","treeLeaves",""
"Project: Vibrant Journeys","pvj:leaves_pink_cherry_blossom",4811,"false",12958,0,"Pink Cherry Blossom Leaves","true","treeLeaves",""
"Project: Vibrant Journeys","pvj:leaves_red_maple",4804,"false",12951,0,"Red Maple Leaves","true","treeLeaves",""
"Project: Vibrant Journeys","pvj:leaves_redwood",4800,"false",12947,0,"Redwood Leaves","true","treeLeaves",""
"Project: Vibrant Journeys","pvj:leaves_white_cherry_blossom",4810,"false",12957,0,"White Cherry Blossom Leaves","true","treeLeaves",""
"Project: Vibrant Journeys","pvj:leaves_willow",4797,"false",12944,0,"Willow Leaves","true","treeLeaves",""
"Project: Vibrant Journeys","pvj:limestone",5025,"false",13172,0,"Limestone","true","",""
"Project: Vibrant Journeys","pvj:limestone_double_slab",5047,"false",,,"tile.null.name","true","",""
"Project: Vibrant Journeys","pvj:limestone_slab",5046,"false",13190,0,"Limestone Slab","true","",""
"Project: Vibrant Journeys","pvj:limestone_stairs",5034,"false",13181,0,"Limestone Stairs","true","",""
"Project: Vibrant Journeys","pvj:log_aspen",4790,"false",12937,0,"Aspen Wood","true","logWood",""
"Project: Vibrant Journeys","pvj:log_baobab",4792,"false",12939,0,"Baobab Wood","true","logWood",""
"Project: Vibrant Journeys","pvj:log_cherry_blossom",4795,"false",12942,0,"Cherry Blossom Wood","true","logWood",""
"Project: Vibrant Journeys","pvj:log_cottonwood",4793,"false",12940,0,"Cottonwood Wood","true","logWood",""
"Project: Vibrant Journeys","pvj:log_fir",4788,"false",12935,0,"Fir Wood","true","logWood",""
"Project: Vibrant Journeys","pvj:log_jacaranda",4796,"false",12943,0,"Jacaranda Wood","true","logWood",""
"Project: Vibrant Journeys","pvj:log_juniper",4794,"false",12941,0,"Juniper Wood","true","logWood",""
"Project: Vibrant Journeys","pvj:log_mangrove",4785,"false",12932,0,"Mangrove Wood","true","logWood",""
"Project: Vibrant Journeys","pvj:log_maple",4791,"false",12938,0,"Maple Wood","true","logWood",""
"Project: Vibrant Journeys","pvj:log_palm",4786,"false",12933,0,"Palm Wood","true","logWood",""
"Project: Vibrant Journeys","pvj:log_pine",4789,"false",12936,0,"Pine Wood","true","logWood",""
"Project: Vibrant Journeys","pvj:log_redwood",4787,"false",12934,0,"Redwood Wood","true","logWood",""
"Project: Vibrant Journeys","pvj:log_willow",4784,"false",12931,0,"Willow Wood","true","logWood",""
"Project: Vibrant Journeys","pvj:magic_bop_twigs",5092,"false",13230,0,"Magic Twigs","true","twigs",""
"Project: Vibrant Journeys","pvj:mahogany_bop_twigs",5110,"false",13248,0,"Mahogany Twigs","true","twigs",""
"Project: Vibrant Journeys","pvj:mangrove_bop_twigs",5105,"false",13243,0,"Mangrove Twigs","true","twigs",""
"Project: Vibrant Journeys","pvj:mangrove_button",4934,"false",13081,0,"Mangrove Button","true","",""
"Project: Vibrant Journeys","pvj:mangrove_door",4908,"false",13043,0,"tile.mangrove_door.name","true","",""
"Project: Vibrant Journeys","pvj:mangrove_double_slab",4858,"false",,,"tile.null.name","true","",""
"Project: Vibrant Journeys","pvj:mangrove_fence",4882,"false",13016,0,"Mangrove Fence","true","fenceWood",""
"Project: Vibrant Journeys","pvj:mangrove_fence_gate",4895,"false",13029,0,"Mangrove Fence Gate","true","fenceGateWood",""
"Project: Vibrant Journeys","pvj:mangrove_pressure_plate",4947,"false",13094,0,"Mangrove Pressure Plate","true","",""
"Project: Vibrant Journeys","pvj:mangrove_slab",4857,"false",13003,0,"Mangrove Slab","true","slabWood",""
"Project: Vibrant Journeys","pvj:mangrove_stairs",4843,"false",12990,0,"Mangrove Stairs","true","stairWood",""
"Project: Vibrant Journeys","pvj:mangrove_trapdoor",4921,"false",13068,0,"Mangrove Trapdoor","true","",""
"Project: Vibrant Journeys","pvj:mangrove_twigs",4990,"false",13137,0,"Mangrove Twigs","true","twigs",""
"Project: Vibrant Journeys","pvj:maple_bop_twigs",5100,"false",13238,0,"Maple Twigs","true","twigs",""
"Project: Vibrant Journeys","pvj:maple_button",4940,"false",13087,0,"Maple Button","true","",""
"Project: Vibrant Journeys","pvj:maple_door",4914,"false",13055,0,"tile.maple_door.name","true","",""
"Project: Vibrant Journeys","pvj:maple_double_slab",4870,"false",,,"tile.null.name","true","",""
"Project: Vibrant Journeys","pvj:maple_fence",4888,"false",13022,0,"Maple Fence","true","fenceWood",""
"Project: Vibrant Journeys","pvj:maple_fence_gate",4901,"false",13035,0,"Maple Fence Gate","true","fenceGateWood",""
"Project: Vibrant Journeys","pvj:maple_pressure_plate",4953,"false",13100,0,"Maple Pressure Plate","true","",""
"Project: Vibrant Journeys","pvj:maple_slab",4869,"false",13009,0,"Maple Slab","true","slabWood",""
"Project: Vibrant Journeys","pvj:maple_stairs",4849,"false",12996,0,"Maple Stairs","true","stairWood",""
"Project: Vibrant Journeys","pvj:maple_trapdoor",4927,"false",13074,0,"Maple Trapdoor","true","",""
"Project: Vibrant Journeys","pvj:marble",5026,"false",13173,0,"Marble","true","",""
"Project: Vibrant Journeys","pvj:marble_brick",5027,"false",13174,0,"Marble Bricks","true","",""
"Project: Vibrant Journeys","pvj:marble_brick_double_slab",5051,"false",,,"tile.null.name","true","",""
"Project: Vibrant Journeys","pvj:marble_brick_slab",5050,"false",13192,0,"Marble Brick Slab","true","",""
"Project: Vibrant Journeys","pvj:marble_brick_stairs",5036,"false",13183,0,"Marble Brick Stairs","true","",""
"Project: Vibrant Journeys","pvj:marble_double_slab",5049,"false",,,"tile.null.name","true","",""
"Project: Vibrant Journeys","pvj:marble_slab",5048,"false",13191,0,"Marble Slab","true","",""
"Project: Vibrant Journeys","pvj:marble_stairs",5035,"false",13182,0,"Marble Stairs","true","",""
"Project: Vibrant Journeys","pvj:mossy_cobblestone_rocks",5008,"false",13155,0,"Mossy Cobblestone Rocks","true","rocks",""
"Project: Vibrant Journeys","pvj:mud",5020,"false",13167,0,"Mud","true","",""
"Project: Vibrant Journeys","pvj:mystical_grill",5059,"false",13197,0,"Mystical Grill","true","",""
"Project: Vibrant Journeys","pvj:oak_twigs",4983,"false",13130,0,"Oak Twigs","true","twigs",""
"Project: Vibrant Journeys","pvj:orange_autumn_bop_twigs",5090,"false",13228,0,"Orange Autumn Twigs","true","twigs",""
"Project: Vibrant Journeys","pvj:orange_autumn_traverse_twigs",5117,"false",13255,0,"Orange Autumnal Twigs","true","twigs",""
"Project: Vibrant Journeys","pvj:orange_maple_twigs",4997,"false",13144,0,"Orange Maple Twigs","true","twigs",""
"Project: Vibrant Journeys","pvj:orange_mushroom",4769,"false",12916,0,"Jack O' Lantern Mushroom","true","",""
"Project: Vibrant Journeys","pvj:origin_bop_twigs",5097,"false",13235,0,"Origin Twigs","true","twigs",""
"Project: Vibrant Journeys","pvj:palm_bop_twigs",5106,"false",13244,0,"Palm Twigs","true","twigs",""
"Project: Vibrant Journeys","pvj:palm_button",4935,"false",13082,0,"Palm Button","true","",""
"Project: Vibrant Journeys","pvj:palm_door",4909,"false",13045,0,"tile.palm_door.name","true","",""
"Project: Vibrant Journeys","pvj:palm_double_slab",4860,"false",,,"tile.null.name","true","",""
"Project: Vibrant Journeys","pvj:palm_fence",4883,"false",13017,0,"Palm Fence","true","fenceWood",""
"Project: Vibrant Journeys","pvj:palm_fence_gate",4896,"false",13030,0,"Palm Fence Gate","true","fenceGateWood",""
"Project: Vibrant Journeys","pvj:palm_pressure_plate",4948,"false",13095,0,"Palm Pressure Plate","true","",""
"Project: Vibrant Journeys","pvj:palm_slab",4859,"false",13004,0,"Palm Slab","true","slabWood",""
"Project: Vibrant Journeys","pvj:palm_stairs",4844,"false",12991,0,"Palm Stairs","true","stairWood",""
"Project: Vibrant Journeys","pvj:palm_trapdoor",4922,"false",13069,0,"Palm Trapdoor","true","",""
"Project: Vibrant Journeys","pvj:palm_twigs",4991,"false",13138,0,"Palm Twigs","true","twigs",""
"Project: Vibrant Journeys","pvj:pine_bop_twigs",5109,"false",13247,0,"Pine Twigs","true","twigs",""
"Project: Vibrant Journeys","pvj:pine_button",4938,"false",13085,0,"Pine Button","true","",""
"Project: Vibrant Journeys","pvj:pine_door",4912,"false",13051,0,"Pine Door","true","",""
"Project: Vibrant Journeys","pvj:pine_double_slab",4866,"false",,,"tile.null.name","true","",""
"Project: Vibrant Journeys","pvj:pine_fence",4886,"false",13020,0,"Pine Fence","true","fenceWood",""
"Project: Vibrant Journeys","pvj:pine_fence_gate",4899,"false",13033,0,"Pine Fence Gate","true","fenceGateWood",""
"Project: Vibrant Journeys","pvj:pine_pressure_plate",4951,"false",13098,0,"Pine Pressure Plate","true","",""
"Project: Vibrant Journeys","pvj:pine_slab",4865,"false",13007,0,"Pine Slab","true","slabWood",""
"Project: Vibrant Journeys","pvj:pine_stairs",4847,"false",12994,0,"Pine Stairs","true","stairWood",""
"Project: Vibrant Journeys","pvj:pine_trapdoor",4925,"false",13072,0,"Pine Trapdoor","true","",""
"Project: Vibrant Journeys","pvj:pine_twigs",4994,"false",13141,0,"Pine Twigs","true","twigs",""
"Project: Vibrant Journeys","pvj:pinecones",5016,"false",13163,0,"Pinecones","true","",""
"Project: Vibrant Journeys","pvj:pink_cherry_blossom_twigs",5003,"false",13150,0,"Pink Cherry Blossom Twigs","true","twigs",""
"Project: Vibrant Journeys","pvj:pink_cherry_bop_twigs",5098,"false",13236,0,"Pink Cherry Twigs","true","twigs",""
"Project: Vibrant Journeys","pvj:planks_aspen",4835,"false",12982,0,"Aspen Wood Planks","true","plankWood",""
"Project: Vibrant Journeys","pvj:planks_baobab",4837,"false",12984,0,"Baobab Wood Planks","true","plankWood",""
"Project: Vibrant Journeys","pvj:planks_cherry_blossom",4840,"false",12987,0,"Cherry Blossom Planks","true","plankWood",""
"Project: Vibrant Journeys","pvj:planks_cottonwood",4838,"false",12985,0,"Cottonwood Planks","true","plankWood",""
"Project: Vibrant Journeys","pvj:planks_fir",4833,"false",12980,0,"Fir Wood Planks","true","plankWood",""
"Project: Vibrant Journeys","pvj:planks_jacaranda",4841,"false",12988,0,"Jacaranda Planks","true","plankWood",""
"Project: Vibrant Journeys","pvj:planks_juniper",4839,"false",12986,0,"Juniper Planks","true","plankWood",""
"Project: Vibrant Journeys","pvj:planks_mangrove",4830,"false",12977,0,"Mangrove Wood Planks","true","plankWood",""
"Project: Vibrant Journeys","pvj:planks_maple",4836,"false",12983,0,"Maple Wood Planks","true","plankWood",""
"Project: Vibrant Journeys","pvj:planks_palm",4831,"false",12978,0,"Palm Wood Planks","true","plankWood",""
"Project: Vibrant Journeys","pvj:planks_pine",4834,"false",12981,0,"Pine Wood Planks","true","plankWood",""
"Project: Vibrant Journeys","pvj:planks_redwood",4832,"false",12979,0,"Redwood Wood Planks","true","plankWood",""
"Project: Vibrant Journeys","pvj:planks_willow",4829,"false",12976,0,"Willow Wood Planks","true","plankWood",""
"Project: Vibrant Journeys","pvj:pvj_cobweb",5062,"false",13200,0,"tile.pvj_cobweb.name","true","",""
"Project: Vibrant Journeys","pvj:red_autumn_traverse_twigs",5115,"false",13253,0,"Red Autumnal Twigs","true","twigs",""
"Project: Vibrant Journeys","pvj:red_big_flower_bop_twigs",5113,"false",13251,0,"unused","true","twigs",""
"Project: Vibrant Journeys","pvj:red_cracked_sand",5019,"false",13166,0,"Red Cracked Sand","true","",""
"Project: Vibrant Journeys","pvj:red_maple_twigs",4996,"false",13143,0,"Red Maple Twigs","true","twigs",""
"Project: Vibrant Journeys","pvj:red_sandstone_rocks",5013,"false",13160,0,"Red Sandstone Rocks","true","rocks",""
"Project: Vibrant Journeys","pvj:redwood_bark",4959,"false",13106,0,"Redwood Bark","true","",""
"Project: Vibrant Journeys","pvj:redwood_bop_twigs",5107,"false",13245,0,"Redwood Twigs","true","twigs",""
"Project: Vibrant Journeys","pvj:redwood_button",4936,"false",13083,0,"Redwood Button","true","",""
"Project: Vibrant Journeys","pvj:redwood_door",4910,"false",13047,0,"tile.redwood_door.name","true","",""
"Project: Vibrant Journeys","pvj:redwood_double_slab",4862,"false",,,"tile.null.name","true","",""
"Project: Vibrant Journeys","pvj:redwood_fence",4884,"false",13018,0,"Redwood Fence","true","fenceWood",""
"Project: Vibrant Journeys","pvj:redwood_fence_gate",4897,"false",13031,0,"Redwood Fence Gate","true","fenceGateWood",""
"Project: Vibrant Journeys","pvj:redwood_pressure_plate",4949,"false",13096,0,"Redwood Pressure Plate","true","",""
"Project: Vibrant Journeys","pvj:redwood_slab",4861,"false",13005,0,"Redwood Slab","true","slabWood",""
"Project: Vibrant Journeys","pvj:redwood_stairs",4845,"false",12992,0,"Redwood Stairs","true","stairWood",""
"Project: Vibrant Journeys","pvj:redwood_trapdoor",4923,"false",13070,0,"Redwood Trapdoor","true","",""
"Project: Vibrant Journeys","pvj:redwood_twigs",4992,"false",13139,0,"Redwood Twigs","true","twigs",""
"Project: Vibrant Journeys","pvj:rock_formation",5060,"false",13198,0,"Rock Formation","true","",""
"Project: Vibrant Journeys","pvj:sacred_oak_bop_twigs",5104,"false",13242,0,"Sacred Oak Twigs","true","twigs",""
"Project: Vibrant Journeys","pvj:sandstone_rocks",5012,"false",13159,0,"Sandstone Rocks","true","rocks",""
"Project: Vibrant Journeys","pvj:sapling_aspen",4819,"false",12966,0,"Aspen Sapling","true","treeSapling",""
"Project: Vibrant Journeys","pvj:sapling_baobab",4822,"false",12969,0,"Baobab Sapling","true","treeSapling",""
"Project: Vibrant Journeys","pvj:sapling_cottonwood",4823,"false",12970,0,"Cottonwood Sapling","true","treeSapling",""
"Project: Vibrant Journeys","pvj:sapling_fir",4817,"false",12964,0,"Fir Sapling","true","treeSapling",""
"Project: Vibrant Journeys","pvj:sapling_jacaranda",4828,"false",12975,0,"Jacaranda Sapling","true","treeSapling",""
"Project: Vibrant Journeys","pvj:sapling_juniper",4824,"false",12971,0,"Juniper Sapling","true","treeSapling",""
"Project: Vibrant Journeys","pvj:sapling_juniper_berried",4825,"false",12972,0,"tile.sapling_juniper_berried.name","true","treeSapling",""
"Project: Vibrant Journeys","pvj:sapling_mangrove",4814,"false",12961,0,"Mangrove Sapling","true","treeSapling",""
"Project: Vibrant Journeys","pvj:sapling_orange_maple",4821,"false",12968,0,"Orange Maple Sapling","true","treeSapling",""
"Project: Vibrant Journeys","pvj:sapling_palm",4815,"false",12962,0,"Palm Sapling","true","treeSapling",""
"Project: Vibrant Journeys","pvj:sapling_pine",4818,"false",12965,0,"Pine Sapling","true","treeSapling",""
"Project: Vibrant Journeys","pvj:sapling_pink_cherry_blossom",4827,"false",12974,0,"Pink Cherry Blossom Sapling","true","treeSapling",""
"Project: Vibrant Journeys","pvj:sapling_red_maple",4820,"false",12967,0,"Red Maple Sapling","true","treeSapling",""
"Project: Vibrant Journeys","pvj:sapling_redwood",4816,"false",12963,0,"Redwood Sapling","true","treeSapling",""
"Project: Vibrant Journeys","pvj:sapling_white_cherry_blossom",4826,"false",12973,0,"White Cherry Blossom Sapling","true","treeSapling",""
"Project: Vibrant Journeys","pvj:sapling_willow",4813,"false",12960,0,"Willow Sapling","true","treeSapling",""
"Project: Vibrant Journeys","pvj:sea_oats",4773,"false",12920,0,"Sea Oats","true","",""
"Project: Vibrant Journeys","pvj:seashells",5015,"false",13162,0,"Seashells","true","",""
"Project: Vibrant Journeys","pvj:short_grass",4758,"false",12905,0,"Short Grass","true","",""
"Project: Vibrant Journeys","pvj:siltstone",5028,"false",13175,0,"Siltstone","true","",""
"Project: Vibrant Journeys","pvj:siltstone_double_slab",5053,"false",,,"tile.null.name","true","",""
"Project: Vibrant Journeys","pvj:siltstone_slab",5052,"false",13193,0,"Siltstone Slab","true","",""
"Project: Vibrant Journeys","pvj:siltstone_stairs",5037,"false",13184,0,"Siltstone Stairs","true","",""
"Project: Vibrant Journeys","pvj:silverleaf",4760,"false",12907,0,"Silverleaf","true","",""
"Project: Vibrant Journeys","pvj:small_cactus",4775,"false",12922,0,"Small Cactus","true","cactus",""
"Project: Vibrant Journeys","pvj:spruce_twigs",4985,"false",13132,0,"Spruce Twigs","true","twigs",""
"Project: Vibrant Journeys","pvj:stone_rocks",5006,"false",13153,0,"Stone Rocks","true","rocks",""
"Project: Vibrant Journeys","pvj:sundew",4774,"false",12921,0,"Sundew","true","",""
"Project: Vibrant Journeys","pvj:umbran_bop_twigs",5093,"false",13231,0,"Umbran Twigs","true","twigs",""
"Project: Vibrant Journeys","pvj:void_grass",4776,"false",12923,0,"Void Grass","true","",""
"Project: Vibrant Journeys","pvj:waxcap",4768,"false",12915,0,"Waxcap","true","",""
"Project: Vibrant Journeys","pvj:wet_adobe",5021,"false",13168,0,"Wet Adobe","true","",""
"Project: Vibrant Journeys","pvj:white_cherry_blossom_twigs",5002,"false",13149,0,"White Cherry Blossom Twigs","true","twigs",""
"Project: Vibrant Journeys","pvj:white_cherry_bop_twigs",5099,"false",13237,0,"White Cherry Twigs","true","twigs",""
"Project: Vibrant Journeys","pvj:wild_beetroot",4780,"false",12927,0,"Wild Beetroot","true","",""
"Project: Vibrant Journeys","pvj:wild_carrot",4779,"false",12926,0,"Wild Carrot","true","",""
"Project: Vibrant Journeys","pvj:wild_potato",4778,"false",12925,0,"Wild Potato","true","",""
"Project: Vibrant Journeys","pvj:wild_wheat",4777,"false",12924,0,"Wild Wheat","true","",""
"Project: Vibrant Journeys","pvj:willow_bop_twigs",5108,"false",13246,0,"Willow Twigs","true","twigs",""
"Project: Vibrant Journeys","pvj:willow_button",4933,"false",13080,0,"Willow Button","true","",""
"Project: Vibrant Journeys","pvj:willow_door",4907,"false",13041,0,"tile.willow_door.name","true","",""
"Project: Vibrant Journeys","pvj:willow_double_slab",4856,"false",,,"tile.null.name","true","",""
"Project: Vibrant Journeys","pvj:willow_fence",4881,"false",13015,0,"Willow Fence","true","fenceWood",""
"Project: Vibrant Journeys","pvj:willow_fence_gate",4894,"false",13028,0,"Willow Fence Gate","true","fenceGateWood",""
"Project: Vibrant Journeys","pvj:willow_pressure_plate",4946,"false",13093,0,"Willow Pressure Plate","true","",""
"Project: Vibrant Journeys","pvj:willow_slab",4855,"false",13002,0,"Willow Slab","true","slabWood",""
"Project: Vibrant Journeys","pvj:willow_stairs",4842,"false",12989,0,"Willow Stairs","true","stairWood",""
"Project: Vibrant Journeys","pvj:willow_trapdoor",4920,"false",13067,0,"Willow Trapdoor","true","",""
"Project: Vibrant Journeys","pvj:willow_twigs",4989,"false",13136,0,"Willow Twigs","true","twigs",""
"Project: Vibrant Journeys","pvj:witherweed",4783,"false",12930,0,"Witherweed","true","",""
"Project: Vibrant Journeys","pvj:yellow_autumn_bop_twigs",5089,"false",13227,0,"Yellow Autumn Twigs","true","twigs",""
"Project: Vibrant Journeys","pvj:yellow_autumn_traverse_twigs",5118,"false",13256,0,"Yellow Autumnal Twigs","true","twigs",""
"Project: Vibrant Journeys","pvj:yellow_big_flower_bop_twigs",5114,"false",13252,0,"unused","true","twigs",""
"Quality Tools","qualitytools:reforging_station",2268,"false",7241,0,"Reforging Station","true","",""
"Quark","quark:acacia_button",1002,"false",5453,0,"Acacia Button","true","buttonWood",""
"Quark","quark:acacia_pressure_plate",997,"false",5448,0,"Acacia Pressure Plate","true","pressurePlateWood",""
"Quark","quark:acacia_trapdoor",962,"false",5411,0,"Acacia Trapdoor","true","trapdoorWood",""
"Quark","quark:andesite_speleothem",878,"false",5330,0,"Andesite Speleothem","true","",""
"Quark","quark:bark",1141,"false",5553,0,"Oak Bark","true","",""
"Quark","quark:bark_acacia_slab",1160,"false",5568,0,"Acacia Bark Slab","true","",""
"Quark","quark:bark_acacia_slab_double",1161,"false",,,"tile.bark_acacia_slab_double.name","true","",""
"Quark","quark:bark_acacia_stairs",1159,"false",5567,0,"Acacia Bark Stairs","true","",""
"Quark","quark:bark_acacia_wall",1158,"false",5566,0,"Acacia Bark Wall","true","",""
"Quark","quark:bark_birch_slab",1152,"false",5562,0,"Birch Bark Slab","true","",""
"Quark","quark:bark_birch_slab_double",1153,"false",,,"tile.bark_birch_slab_double.name","true","",""
"Quark","quark:bark_birch_stairs",1151,"false",5561,0,"Birch Bark Stairs","true","",""
"Quark","quark:bark_birch_wall",1150,"false",5560,0,"Birch Bark Wall","true","",""
"Quark","quark:bark_dark_oak_slab",1164,"false",5571,0,"Dark Oak Bark Slab","true","",""
"Quark","quark:bark_dark_oak_slab_double",1165,"false",,,"tile.bark_dark_oak_slab_double.name","true","",""
"Quark","quark:bark_dark_oak_stairs",1163,"false",5570,0,"Dark Oak Bark Stairs","true","",""
"Quark","quark:bark_dark_oak_wall",1162,"false",5569,0,"Dark Oak Bark Wall","true","",""
"Quark","quark:bark_jungle_slab",1156,"false",5565,0,"Jungle Bark Slab","true","",""
"Quark","quark:bark_jungle_slab_double",1157,"false",,,"tile.bark_jungle_slab_double.name","true","",""
"Quark","quark:bark_jungle_stairs",1155,"false",5564,0,"Jungle Bark Stairs","true","",""
"Quark","quark:bark_jungle_wall",1154,"false",5563,0,"Jungle Bark Wall","true","",""
"Quark","quark:bark_oak_slab",1144,"false",5556,0,"Oak Bark Slab","true","",""
"Quark","quark:bark_oak_slab_double",1145,"false",,,"tile.bark_oak_slab_double.name","true","",""
"Quark","quark:bark_oak_stairs",1143,"false",5555,0,"Oak Bark Stairs","true","",""
"Quark","quark:bark_oak_wall",1142,"false",5554,0,"Oak Bark Wall","true","",""
"Quark","quark:bark_spruce_slab",1148,"false",5559,0,"Spruce Bark Slab","true","",""
"Quark","quark:bark_spruce_slab_double",1149,"false",,,"tile.bark_spruce_slab_double.name","true","",""
"Quark","quark:bark_spruce_stairs",1147,"false",5558,0,"Spruce Bark Stairs","true","",""
"Quark","quark:bark_spruce_wall",1146,"false",5557,0,"Spruce Bark Wall","true","",""
"Quark","quark:basalt",892,"false",5344,0,"Basalt","true","stoneBasalt",""
"Quark","quark:basalt_speleothem",880,"false",5332,0,"Basalt Speleothem","true","",""
"Quark","quark:basalt_wall",896,"false",5347,0,"Basalt Wall","true","",""
"Quark","quark:biome_brick",918,"false",5372,0,"Brimstone Bricks","true","stoneBrimstonePolished",""
"Quark","quark:biome_cobblestone",917,"false",5371,0,"Brimstone","true","stoneBrimstone",""
"Quark","quark:biotite_block",886,"true",5338,0,"Block of Biotite","true","",""
"Quark","quark:biotite_block",886,"true",5338,1,"Chiseled Biotite Block","true","",""
"Quark","quark:biotite_block",886,"true",5338,2,"Pillar Biotite Block","true","",""
"Quark","quark:biotite_ore",885,"false",5337,0,"Ender Biotite Ore","true","oreEnderBiotite",""
"Quark","quark:biotite_slab",887,"false",5340,0,"Biotite Slab","true","",""
"Quark","quark:biotite_slab_double",888,"false",,,"tile.biotite_slab_double.name","true","",""
"Quark","quark:biotite_stairs",889,"false",5341,0,"Biotite Stairs","true","",""
"Quark","quark:biotite_wall",890,"false",5342,0,"Biotite Wall","true","",""
"Quark","quark:birch_button",1000,"false",5451,0,"Birch Button","true","buttonWood",""
"Quark","quark:birch_pressure_plate",995,"false",5446,0,"Birch Pressure Plate","true","pressurePlateWood",""
"Quark","quark:birch_trapdoor",960,"false",5409,0,"Birch Trapdoor","true","trapdoorWood",""
"Quark","quark:black_ash",1310,"false",5693,0,"Wither Ash","true","",""
"Quark","quark:blaze_lantern",991,"false",5442,0,"Blaze Lantern","true","",""
"Quark","quark:blaze_rod",1006,"?",,,"tile.blaze_rod.name","true","",""
"Quark","quark:brick_wall",1031,"false",5476,0,"Brick Wall","true","",""
"Quark","quark:candle",989,"false",5439,0,"White Candle","true","blockCandle",""
"Quark","quark:carved_wood",1278,"false",5657,0,"Carved Oak Wood","true","",""
"Quark","quark:charcoal_block",1005,"false",5456,0,"Block of Charcoal","true","blockCharcoal",""
"Quark","quark:charred_nether_brick_slab",1213,"false",5606,0,"Charred Nether Brick Slab","true","",""
"Quark","quark:charred_nether_brick_slab_double",1214,"false",,,"tile.charred_nether_brick_slab_double.name","true","",""
"Quark","quark:charred_nether_brick_stairs",1212,"false",5605,0,"Charred Nether Brick Stairs","true","",""
"Quark","quark:charred_nether_bricks",1211,"false",5604,0,"Charred Nether Brick","true","",""
"Quark","quark:chute",1296,"false",5673,0,"Chute","true","",""
"Quark","quark:cobbed_stone_slab",933,"false",5383,0,"Cobbedstone Slab","true","",""
"Quark","quark:cobbed_stone_slab_double",934,"false",,,"tile.cobbed_stone_slab_double.name","true","",""
"Quark","quark:cobbed_stone_stairs",935,"false",5384,0,"Cobbedstone Stairs","true","",""
"Quark","quark:cobbed_stone_wall",947,"false",5393,0,"Cobbedstone Wall","true","",""
"Quark","quark:cobblestone_mossy_slab",1202,"false",5598,0,"Moss Stone Slab","true","",""
"Quark","quark:cobblestone_mossy_slab_double",1203,"false",,,"tile.cobblestone_mossy_slab_double.name","true","",""
"Quark","quark:cobblestone_mossy_stairs",1201,"false",5597,0,"Moss Stone Stairs","true","",""
"Quark","quark:color_slime",1303,"false",5680,0,"Red Slime Block","true","blockSlime,blockSlimeRed",""
"Quark","quark:colored_flowerpot_black",984,"false",5433,0,"Black Flower Pot","true","",""
"Quark","quark:colored_flowerpot_blue",980,"false",5429,0,"Blue Flower Pot","true","",""
"Quark","quark:colored_flowerpot_brown",981,"false",5430,0,"Brown Flower Pot","true","",""
"Quark","quark:colored_flowerpot_cyan",978,"false",5427,0,"Cyan Flower Pot","true","",""
"Quark","quark:colored_flowerpot_gray",976,"false",5425,0,"Gray Flower Pot","true","",""
"Quark","quark:colored_flowerpot_green",982,"false",5431,0,"Green Flower Pot","true","",""
"Quark","quark:colored_flowerpot_light_blue",972,"false",5421,0,"Light Blue Flower Pot","true","",""
"Quark","quark:colored_flowerpot_lime",974,"false",5423,0,"Lime Flower Pot","true","",""
"Quark","quark:colored_flowerpot_magenta",971,"false",5420,0,"Magenta Flower Pot","true","",""
"Quark","quark:colored_flowerpot_orange",970,"false",5419,0,"Orange Flower Pot","true","",""
"Quark","quark:colored_flowerpot_pink",975,"false",5424,0,"Pink Flower Pot","true","",""
"Quark","quark:colored_flowerpot_purple",979,"false",5428,0,"Purple Flower Pot","true","",""
"Quark","quark:colored_flowerpot_red",983,"false",5432,0,"Red Flower Pot","true","",""
"Quark","quark:colored_flowerpot_silver",977,"false",5426,0,"Light Gray Flower Pot","true","",""
"Quark","quark:colored_flowerpot_white",969,"false",5418,0,"White Flower Pot","true","",""
"Quark","quark:colored_flowerpot_yellow",973,"false",5422,0,"Yellow Flower Pot","true","",""
"Quark","quark:crystal",873,"false",5325,0,"White Cave Crystal","true","",""
"Quark","quark:crystal_pane",874,"false",5326,0,"White Cave Crystal Sheet","true","",""
"Quark","quark:custom_bookshelf",985,"false",5434,0,"Spruce Bookshelf","true","bookshelf,bookshelfSpruce",""
"Quark","quark:custom_chest",987,"false",5437,0,"Spruce Chest","true","chest,chestWood",""
"Quark","quark:custom_chest_trap",988,"false",5438,0,"Spruce Trapped Chest","true","chest,chestTrapped",""
"Quark","quark:dark_oak_button",1003,"false",5454,0,"Dark Oak Button","true","buttonWood",""
"Quark","quark:dark_oak_pressure_plate",998,"false",5449,0,"Dark Oak Pressure Plate","true","pressurePlateWood",""
"Quark","quark:dark_oak_trapdoor",963,"false",5412,0,"Dark Oak Trapdoor","true","trapdoorWood",""
"Quark","quark:dark_prismarine_wall",1035,"false",5480,0,"Dark Prismarine Wall","true","",""
"Quark","quark:diorite_speleothem",877,"false",5329,0,"Diorite Speleothem","true","",""
"Quark","quark:duskbound_block",1261,"false",5643,0,"Duskbound Block","true","",""
"Quark","quark:duskbound_block_slab",1264,"false",5646,0,"Duskbound Slab","true","",""
"Quark","quark:duskbound_block_slab_double",1265,"false",,,"tile.duskbound_block_slab_double.name","true","",""
"Quark","quark:duskbound_block_stairs",1263,"false",5645,0,"Duskbound Stairs","true","",""
"Quark","quark:duskbound_block_wall",1266,"false",5647,0,"Duskbound Wall","true","",""
"Quark","quark:duskbound_lantern",1262,"false",5644,0,"Duskbound Lantern","true","",""
"Quark","quark:elder_prismarine",919,"false",5373,0,"Elder Prismarine","true","blockPrismarine,blockPrismarineElder",""
"Quark","quark:elder_prismarine_bricks_slab",939,"false",5387,0,"Elder Prismarine Brick Slab","true","",""
"Quark","quark:elder_prismarine_bricks_slab_double",940,"false",,,"tile.elder_prismarine_bricks_slab_double.name","true","",""
"Quark","quark:elder_prismarine_bricks_stairs",941,"false",5388,0,"Elder Prismarine Brick Stairs","true","",""
"Quark","quark:elder_prismarine_bricks_wall",951,"false",5397,0,"Elder Prismarine Brick Wall","true","",""
"Quark","quark:elder_prismarine_dark_slab",942,"false",5389,0,"Dark Elder Prismarine Slab","true","",""
"Quark","quark:elder_prismarine_dark_slab_double",943,"false",,,"tile.elder_prismarine_dark_slab_double.name","true","",""
"Quark","quark:elder_prismarine_dark_stairs",944,"false",5390,0,"Dark Elder Prismarine Stairs","true","",""
"Quark","quark:elder_prismarine_dark_wall",952,"false",5398,0,"Dark Elder Prismarine Wall","true","",""
"Quark","quark:elder_prismarine_slab",936,"false",5385,0,"Elder Prismarine Slab","true","",""
"Quark","quark:elder_prismarine_slab_double",937,"false",,,"tile.elder_prismarine_slab_double.name","true","",""
"Quark","quark:elder_prismarine_stairs",938,"false",5386,0,"Elder Prismarine Stairs","true","",""
"Quark","quark:elder_prismarine_wall",950,"false",5396,0,"Elder Prismarine Wall","true","",""
"Quark","quark:elder_sea_lantern",920,"false",5374,0,"Elder Sea Lantern","true","",""
"Quark","quark:end_bricks_slab",1187,"false",5588,0,"End Brick Slab","true","",""
"Quark","quark:end_bricks_slab_double",1188,"false",,,"tile.end_bricks_slab_double.name","true","",""
"Quark","quark:end_bricks_stairs",1186,"false",5587,0,"End Brick Stairs","true","",""
"Quark","quark:end_bricks_wall",1037,"false",5482,0,"End Brick Wall","true","",""
"Quark","quark:ender_watcher",1301,"false",5678,0,"Ender Watcher","true","",""
"Quark","quark:fire_stone_brick_slab",924,"false",5377,0,"Brimstone Bricks Slab","true","",""
"Quark","quark:fire_stone_brick_slab_double",925,"false",,,"tile.fire_stone_brick_slab_double.name","true","",""
"Quark","quark:fire_stone_brick_stairs",926,"false",5378,0,"Brimstone Bricks Stairs","true","",""
"Quark","quark:fire_stone_brick_wall",948,"false",5394,0,"Brimstone Bricks Wall","true","",""
"Quark","quark:fire_stone_slab",921,"false",5375,0,"Brimstone Slab","true","",""
"Quark","quark:fire_stone_slab_double",922,"false",,,"tile.fire_stone_slab_double.name","true","",""
"Quark","quark:fire_stone_stairs",923,"false",5376,0,"Brimstone Stairs","true","",""
"Quark","quark:fire_stone_wall",945,"false",5391,0,"Brimstone Wall","true","",""
"Quark","quark:framed_glass",1288,"false",5665,0,"Framed Glass","true","",""
"Quark","quark:framed_glass_pane",1289,"false",5666,0,"Framed Glass Pane","true","",""
"Quark","quark:glowcelium",953,"false",5399,0,"Glowcelium","true","",""
"Quark","quark:glowshroom",954,"false",5400,0,"Glowshroom","true","listAllmushroom,mushroomAny",""
"Quark","quark:glowshroom_block",955,"false",5401,0,"Glowshroom","true","",""
"Quark","quark:glowstone_dust_block",1308,"?",,,"tile.glowstone_dust_block.name","true","",""
"Quark","quark:gold_button",1300,"false",5677,0,"Gold Button","true","",""
"Quark","quark:granite_speleothem",876,"false",5328,0,"Granite Speleothem","true","",""
"Quark","quark:grate",1004,"false",5455,0,"Iron Grate","true","",""
"Quark","quark:gravisand",1304,"false",5681,0,"Gravisand","true","",""
"Quark","quark:gunpowder_block",1309,"?",,,"tile.gunpowder_block.name","true","",""
"Quark","quark:hardened_clay_tiles",1088,"false",5517,0,"Terracotta Shingles","true","",""
"Quark","quark:hardened_clay_tiles_slab",1090,"false",5519,0,"Terracotta Shingle Slab","true","",""
"Quark","quark:hardened_clay_tiles_slab_double",1091,"false",,,"tile.hardened_clay_tiles_slab_double.name","true","",""
"Quark","quark:hardened_clay_tiles_stairs",1089,"false",5518,0,"Terracotta Shingle Stairs","true","",""
"Quark","quark:icy_stone_brick_slab",930,"false",5381,0,"Permafrost Bricks Slab","true","",""
"Quark","quark:icy_stone_brick_slab_double",931,"false",,,"tile.icy_stone_brick_slab_double.name","true","",""
"Quark","quark:icy_stone_brick_stairs",932,"false",5382,0,"Permafrost Bricks Stairs","true","",""
"Quark","quark:icy_stone_brick_wall",949,"false",5395,0,"Permafrost Bricks Wall","true","",""
"Quark","quark:icy_stone_slab",927,"false",5379,0,"Permafrost Slab","true","",""
"Quark","quark:icy_stone_slab_double",928,"false",,,"tile.icy_stone_slab_double.name","true","",""
"Quark","quark:icy_stone_stairs",929,"false",5380,0,"Permafrost Stairs","true","",""
"Quark","quark:icy_stone_wall",946,"false",5392,0,"Permafrost Wall","true","",""
"Quark","quark:iron_button",1299,"false",5676,0,"Iron Button","true","",""
"Quark","quark:iron_ladder",967,"false",5416,0,"Iron Ladder","true","",""
"Quark","quark:iron_plate",1167,"false",5573,0,"Iron Plate","true","",""
"Quark","quark:iron_plate_slab",1169,"false",5575,0,"Iron Plate Slab","true","",""
"Quark","quark:iron_plate_slab_double",1170,"false",,,"tile.iron_plate_slab_double.name","true","",""
"Quark","quark:iron_plate_stairs",1168,"false",5574,0,"Iron Plate Stairs","true","",""
"Quark","quark:iron_rod",1302,"false",5679,0,"Iron Rod","true","",""
"Quark","quark:jasper",907,"false",5363,0,"Jasper","true","stoneJasper",""
"Quark","quark:jasper_speleothem",883,"false",5335,0,"Jasper Speleothem","true","",""
"Quark","quark:jasper_wall",911,"false",5366,0,"Jasper Wall","true","",""
"Quark","quark:jungle_button",1001,"false",5452,0,"Jungle Button","true","buttonWood",""
"Quark","quark:jungle_pressure_plate",996,"false",5447,0,"Jungle Pressure Plate","true","pressurePlateWood",""
"Quark","quark:jungle_trapdoor",961,"false",5410,0,"Jungle Trapdoor","true","trapdoorWood",""
"Quark","quark:leaf_carpet",993,"false",5444,0,"Oak Leaf Carpet","true","",""
"Quark","quark:limestone",902,"false",5359,0,"Limestone","true","stoneLimestone",""
"Quark","quark:limestone_speleothem",882,"false",5334,0,"Limestone Speleothem","true","",""
"Quark","quark:limestone_wall",906,"false",5362,0,"Limestone Wall","true","",""
"Quark","quark:lit_lamp",986,"false",5436,0,"Lit Redstone Lamp","true","",""
"Quark","quark:magma_bricks",1255,"false",5638,0,"Magma Bricks","true","",""
"Quark","quark:magma_bricks_slab",1257,"false",5640,0,"Magma Brick Slab","true","",""
"Quark","quark:magma_bricks_slab_double",1258,"false",,,"tile.magma_bricks_slab_double.name","true","",""
"Quark","quark:magma_bricks_stairs",1256,"false",5639,0,"Magma Brick Stairs","true","",""
"Quark","quark:marble",897,"false",5355,0,"Marble","true","stoneMarble",""
"Quark","quark:marble_speleothem",881,"false",5333,0,"Marble Speleothem","true","",""
"Quark","quark:marble_wall",901,"false",5358,0,"Marble Wall","true","",""
"Quark","quark:midori_block",1249,"false",5633,0,"Midori Block","true","",""
"Quark","quark:midori_block_slab",1252,"false",5636,0,"Midori Slab","true","",""
"Quark","quark:midori_block_slab_double",1253,"false",,,"tile.midori_block_slab_double.name","true","",""
"Quark","quark:midori_block_stairs",1251,"false",5635,0,"Midori Stairs","true","",""
"Quark","quark:midori_block_wall",1254,"false",5637,0,"Midori Wall","true","",""
"Quark","quark:midori_pillar",1250,"false",5634,0,"Midori Pillar","true","",""
"Quark","quark:monster_box",891,"false",5343,0,"Monster Box","true","",""
"Quark","quark:nether_brick_fence_gate",992,"false",5443,0,"Nether Brick Fence Gate","true","",""
"Quark","quark:netherrack_speleothem",879,"false",5331,0,"Netherrack Speleothem","true","",""
"Quark","quark:obsidian_pressure_plate",1306,"false",5683,0,"Obsidian Pressure Plate","true","",""
"Quark","quark:paper_lantern",968,"false",5417,0,"Paper Lamp","true","",""
"Quark","quark:paper_wall",964,"false",5413,0,"Paper Wall","true","",""
"Quark","quark:paper_wall_big",965,"false",5414,0,"Big Paper Wall","true","",""
"Quark","quark:paper_wall_sakura",966,"false",5415,0,"Decorated Paper Wall","true","",""
"Quark","quark:pipe",957,"false",5405,0,"Item Pipe","true","",""
"Quark","quark:polished_netherrack",1290,"false",5667,0,"Netherwrought Stone","true","",""
"Quark","quark:polished_netherrack_bricks_slab",1292,"false",5669,0,"Netherwrought Brick Slab","true","",""
"Quark","quark:polished_netherrack_bricks_slab_double",1293,"false",,,"tile.polished_netherrack_bricks_slab_double.name","true","",""
"Quark","quark:polished_netherrack_bricks_stairs",1291,"false",5668,0,"Netherwrought Brick Stairs","true","",""
"Quark","quark:polished_netherrack_bricks_wall",1294,"false",5670,0,"Netherwrought Brick Wall","true","",""
"Quark","quark:polished_stone",1023,"false",5468,0,"Polished Stone","true","stonePolished",""
"Quark","quark:prismarine_bricks_slab",1193,"false",5592,0,"Prismarine Brick Slab","true","",""
"Quark","quark:prismarine_bricks_slab_double",1194,"false",,,"tile.prismarine_bricks_slab_double.name","true","",""
"Quark","quark:prismarine_bricks_stairs",1192,"false",5591,0,"Prismarine Brick Stairs","true","",""
"Quark","quark:prismarine_bricks_wall",1034,"false",5479,0,"Prismarine Brick Wall","true","",""
"Quark","quark:prismarine_dark_slab",1196,"false",5594,0,"Dark Prismarine Slab","true","",""
"Quark","quark:prismarine_dark_slab_double",1197,"false",,,"tile.prismarine_dark_slab_double.name","true","",""
"Quark","quark:prismarine_dark_stairs",1195,"false",5593,0,"Dark Prismarine Stairs","true","",""
"Quark","quark:prismarine_rough_wall",1033,"false",5478,0,"Prismarine Wall","true","",""
"Quark","quark:prismarine_slab",1190,"false",5590,0,"Prismarine Slab","true","",""
"Quark","quark:prismarine_slab_double",1191,"false",,,"tile.prismarine_slab_double.name","true","",""
"Quark","quark:prismarine_stairs",1189,"false",5589,0,"Prismarine Stairs","true","",""
"Quark","quark:purpur_block_wall",1036,"false",5481,0,"Purpur Wall","true","",""
"Quark","quark:quartz_wall",1032,"false",5477,0,"Quartz Wall","true","",""
"Quark","quark:quilted_wool",1295,"false",5672,0,"White Quilted Wool","true","",""
"Quark","quark:rain_detector",1307,"false",5684,0,"Weather Sensor","true","",""
"Quark","quark:red_nether_brick_slab",1199,"false",5596,0,"Red Nether Brick Slab","true","",""
"Quark","quark:red_nether_brick_slab_double",1200,"false",,,"tile.red_nether_brick_slab_double.name","true","",""
"Quark","quark:red_nether_brick_stairs",1198,"false",5595,0,"Red Nether Brick Stairs","true","",""
"Quark","quark:red_sandstone_bricks_slab",1017,"false",5465,0,"Red Sandstone Brick Slab","true","",""
"Quark","quark:red_sandstone_bricks_slab_double",1018,"false",,,"tile.red_sandstone_bricks_slab_double.name","true","",""
"Quark","quark:red_sandstone_bricks_stairs",1009,"false",5460,0,"Red Sandstone Brick Stairs","true","",""
"Quark","quark:red_sandstone_smooth_slab",1015,"false",5464,0,"Polished Red Sandstone Slab","true","",""
"Quark","quark:red_sandstone_smooth_slab_double",1016,"false",,,"tile.red_sandstone_smooth_slab_double.name","true","",""
"Quark","quark:red_sandstone_wall",1029,"false",5474,0,"Red Sandstone Wall","true","",""
"Quark","quark:redstone_inductor",1305,"false",5682,0,"Redstone Inductor","true","",""
"Quark","quark:redstone_randomizer",1298,"false",5675,0,"Redstone Randomizer","true","",""
"Quark","quark:reed_block",1268,"false",5649,0,"Sugar Cane Block","true","",""
"Quark","quark:reed_block_slab",1270,"false",5651,0,"Sugar Cane Slab","true","",""
"Quark","quark:reed_block_slab_double",1271,"false",,,"tile.reed_block_slab_double.name","true","",""
"Quark","quark:reed_block_stairs",1269,"false",5650,0,"Sugar Cane Stairs","true","",""
"Quark","quark:reed_block_wall",1272,"false",5652,0,"Sugar Cane Wall","true","",""
"Quark","quark:roots",867,"false",5314,0,"Cave Roots","true","",""
"Quark","quark:roots_black_flower",869,"false",5317,0,"Cave Roots","true","",""
"Quark","quark:roots_blue_flower",868,"false",5316,0,"Cave Roots","true","",""
"Quark","quark:roots_white_flower",870,"false",5318,0,"Cave Roots","true","",""
"Quark","quark:rope",990,"false",5441,0,"Rope Coil","true","",""
"Quark","quark:sandstone_bricks_slab",1013,"false",5463,0,"Sandstone Brick Slab","true","",""
"Quark","quark:sandstone_bricks_slab_double",1014,"false",,,"tile.sandstone_bricks_slab_double.name","true","",""
"Quark","quark:sandstone_bricks_stairs",1008,"false",5459,0,"Sandstone Brick Stairs","true","",""
"Quark","quark:sandstone_new",1007,"false",5458,0,"Polished Sandstone","true","",""
"Quark","quark:sandstone_smooth_slab",1011,"false",5462,0,"Polished Sandstone Slab","true","",""
"Quark","quark:sandstone_smooth_slab_double",1012,"false",,,"tile.sandstone_smooth_slab_double.name","true","",""
"Quark","quark:sandstone_wall",1028,"false",5473,0,"Sandstone Wall","true","",""
"Quark","quark:sandy_bricks",1171,"false",5576,0,"Sandy Bricks","true","",""
"Quark","quark:sandy_bricks_slab",1173,"false",5578,0,"Sandy Brick Slab","true","",""
"Quark","quark:sandy_bricks_slab_double",1174,"false",,,"tile.sandy_bricks_slab_double.name","true","",""
"Quark","quark:sandy_bricks_stairs",1172,"false",5577,0,"Sandy Brick Stairs","true","",""
"Quark","quark:sandy_bricks_wall",1175,"false",5579,0,"Sandy Brick Wall","true","",""
"Quark","quark:slate",912,"false",5367,0,"Slate","true","stoneSlate",""
"Quark","quark:slate_speleothem",884,"false",5336,0,"Slate Speleothem","true","",""
"Quark","quark:slate_wall",916,"false",5370,0,"Slate Wall","true","",""
"Quark","quark:smoker",956,"false",5403,0,"Nether Smoker","true","",""
"Quark","quark:snow_bricks",1273,"false",5653,0,"Snow Bricks","true","",""
"Quark","quark:snow_bricks_slab",1275,"false",5655,0,"Snow Brick Slab","true","",""
"Quark","quark:snow_bricks_slab_double",1276,"false",,,"tile.snow_bricks_slab_double.name","true","",""
"Quark","quark:snow_bricks_stairs",1274,"false",5654,0,"Snow Brick Stairs","true","",""
"Quark","quark:snow_bricks_wall",1277,"false",5656,0,"Snow Brick Wall","true","",""
"Quark","quark:soul_sandstone",1279,"false",5658,0,"Soul Sandstone","true","",""
"Quark","quark:soul_sandstone_bricks_slab",1021,"false",5467,0,"Soul Sandstone Brick Slab","true","",""
"Quark","quark:soul_sandstone_bricks_slab_double",1022,"false",,,"tile.soul_sandstone_bricks_slab_double.name","true","",""
"Quark","quark:soul_sandstone_bricks_stairs",1010,"false",5461,0,"Soul Sandstone Brick Stairs","true","",""
"Quark","quark:soul_sandstone_slab",1280,"false",5659,0,"Soul Sandstone Slab","true","",""
"Quark","quark:soul_sandstone_slab_double",1281,"false",,,"tile.soul_sandstone_slab_double.name","true","",""
"Quark","quark:soul_sandstone_smooth_slab",1019,"false",5466,0,"Polished Soul Sandstone Slab","true","",""
"Quark","quark:soul_sandstone_smooth_slab_double",1020,"false",,,"tile.soul_sandstone_smooth_slab_double.name","true","",""
"Quark","quark:soul_sandstone_stairs",1282,"false",5660,0,"Soul Sandstone Stairs","true","",""
"Quark","quark:soul_sandstone_wall",1283,"false",5661,0,"Soul Sandstone Wall","true","",""
"Quark","quark:spruce_button",999,"false",5450,0,"Spruce Button","true","buttonWood",""
"Quark","quark:spruce_pressure_plate",994,"false",5445,0,"Spruce Pressure Plate","true","pressurePlateWood",""
"Quark","quark:spruce_trapdoor",959,"false",5408,0,"Spruce Trapdoor","true","trapdoorWood",""
"Quark","quark:stained_clay_tiles",1092,"false",5520,0,"White Terracotta Shingles","true","",""
"Quark","quark:stained_clay_tiles_black_slab",1139,"false",5552,0,"Black Terracotta Shingle Slab","true","",""
"Quark","quark:stained_clay_tiles_black_slab_double",1140,"false",,,"tile.stained_clay_tiles_black_slab_double.name","true","",""
"Quark","quark:stained_clay_tiles_black_stairs",1108,"false",5536,0,"Black Terracotta Shingle Stairs","true","",""
"Quark","quark:stained_clay_tiles_blue_slab",1131,"false",5548,0,"Blue Terracotta Shingle Slab","true","",""
"Quark","quark:stained_clay_tiles_blue_slab_double",1132,"false",,,"tile.stained_clay_tiles_blue_slab_double.name","true","",""
"Quark","quark:stained_clay_tiles_blue_stairs",1104,"false",5532,0,"Blue Terracotta Shingle Stairs","true","",""
"Quark","quark:stained_clay_tiles_brown_slab",1133,"false",5549,0,"Brown Terracotta Shingle Slab","true","",""
"Quark","quark:stained_clay_tiles_brown_slab_double",1134,"false",,,"tile.stained_clay_tiles_brown_slab_double.name","true","",""
"Quark","quark:stained_clay_tiles_brown_stairs",1105,"false",5533,0,"Brown Terracotta Shingle Stairs","true","",""
"Quark","quark:stained_clay_tiles_cyan_slab",1127,"false",5546,0,"Cyan Terracotta Shingle Slab","true","",""
"Quark","quark:stained_clay_tiles_cyan_slab_double",1128,"false",,,"tile.stained_clay_tiles_cyan_slab_double.name","true","",""
"Quark","quark:stained_clay_tiles_cyan_stairs",1102,"false",5530,0,"Cyan Terracotta Shingle Stairs","true","",""
"Quark","quark:stained_clay_tiles_gray_slab",1123,"false",5544,0,"Gray Terracotta Shingle Slab","true","",""
"Quark","quark:stained_clay_tiles_gray_slab_double",1124,"false",,,"tile.stained_clay_tiles_gray_slab_double.name","true","",""
"Quark","quark:stained_clay_tiles_gray_stairs",1100,"false",5528,0,"Gray Terracotta Shingle Stairs","true","",""
"Quark","quark:stained_clay_tiles_green_slab",1135,"false",5550,0,"Green Terracotta Shingle Slab","true","",""
"Quark","quark:stained_clay_tiles_green_slab_double",1136,"false",,,"tile.stained_clay_tiles_green_slab_double.name","true","",""
"Quark","quark:stained_clay_tiles_green_stairs",1106,"false",5534,0,"Green Terracotta Shingle Stairs","true","",""
"Quark","quark:stained_clay_tiles_light_blue_slab",1115,"false",5540,0,"Light Blue Terracotta Shingle Slab","true","",""
"Quark","quark:stained_clay_tiles_light_blue_slab_double",1116,"false",,,"tile.stained_clay_tiles_light_blue_slab_double.name","true","",""
"Quark","quark:stained_clay_tiles_light_blue_stairs",1096,"false",5524,0,"Light Blue Terracotta Shingle Stairs","true","",""
"Quark","quark:stained_clay_tiles_lime_slab",1119,"false",5542,0,"Lime Terracotta Shingle Slab","true","",""
"Quark","quark:stained_clay_tiles_lime_slab_double",1120,"false",,,"tile.stained_clay_tiles_lime_slab_double.name","true","",""
"Quark","quark:stained_clay_tiles_lime_stairs",1098,"false",5526,0,"Lime Terracotta Shingle Stairs","true","",""
"Quark","quark:stained_clay_tiles_magenta_slab",1113,"false",5539,0,"Magenta Terracotta Shingle Slab","true","",""
"Quark","quark:stained_clay_tiles_magenta_slab_double",1114,"false",,,"tile.stained_clay_tiles_magenta_slab_double.name","true","",""
"Quark","quark:stained_clay_tiles_magenta_stairs",1095,"false",5523,0,"Magenta Terracotta Shingle Stairs","true","",""
"Quark","quark:stained_clay_tiles_orange_slab",1111,"false",5538,0,"Orange Terracotta Shingle Slab","true","",""
"Quark","quark:stained_clay_tiles_orange_slab_double",1112,"false",,,"tile.stained_clay_tiles_orange_slab_double.name","true","",""
"Quark","quark:stained_clay_tiles_orange_stairs",1094,"false",5522,0,"Orange Terracotta Shingle Stairs","true","",""
"Quark","quark:stained_clay_tiles_pink_slab",1121,"false",5543,0,"Pink Terracotta Shingle Slab","true","",""
"Quark","quark:stained_clay_tiles_pink_slab_double",1122,"false",,,"tile.stained_clay_tiles_pink_slab_double.name","true","",""
"Quark","quark:stained_clay_tiles_pink_stairs",1099,"false",5527,0,"Pink Terracotta Shingle Stairs","true","",""
"Quark","quark:stained_clay_tiles_purple_slab",1129,"false",5547,0,"Purple Terracotta Shingle Slab","true","",""
"Quark","quark:stained_clay_tiles_purple_slab_double",1130,"false",,,"tile.stained_clay_tiles_purple_slab_double.name","true","",""
"Quark","quark:stained_clay_tiles_purple_stairs",1103,"false",5531,0,"Purple Terracotta Shingle Stairs","true","",""
"Quark","quark:stained_clay_tiles_red_slab",1137,"false",5551,0,"Red Terracotta Shingle Slab","true","",""
"Quark","quark:stained_clay_tiles_red_slab_double",1138,"false",,,"tile.stained_clay_tiles_red_slab_double.name","true","",""
"Quark","quark:stained_clay_tiles_red_stairs",1107,"false",5535,0,"Red Terracotta Shingle Stairs","true","",""
"Quark","quark:stained_clay_tiles_silver_slab",1125,"false",5545,0,"Light Gray Terracotta Shingle Slab","true","",""
"Quark","quark:stained_clay_tiles_silver_slab_double",1126,"false",,,"tile.stained_clay_tiles_silver_slab_double.name","true","",""
"Quark","quark:stained_clay_tiles_silver_stairs",1101,"false",5529,0,"Light Gray Terracotta Shingle Stairs","true","",""
"Quark","quark:stained_clay_tiles_white_slab",1109,"false",5537,0,"White Terracotta Shingle Slab","true","",""
"Quark","quark:stained_clay_tiles_white_slab_double",1110,"false",,,"tile.stained_clay_tiles_white_slab_double.name","true","",""
"Quark","quark:stained_clay_tiles_white_stairs",1093,"false",5521,0,"White Terracotta Shingle Stairs","true","",""
"Quark","quark:stained_clay_tiles_yellow_slab",1117,"false",5541,0,"Yellow Terracotta Shingle Slab","true","",""
"Quark","quark:stained_clay_tiles_yellow_slab_double",1118,"false",,,"tile.stained_clay_tiles_yellow_slab_double.name","true","",""
"Quark","quark:stained_clay_tiles_yellow_stairs",1097,"false",5525,0,"Yellow Terracotta Shingle Stairs","true","",""
"Quark","quark:stained_planks",1039,"false",5484,0,"White Stained Planks","true","plankStained,plankWood",""
"Quark","quark:stained_planks_black_slab",1086,"false",5516,0,"Black Stained Wood Slab","true","",""
"Quark","quark:stained_planks_black_slab_double",1087,"false",,,"tile.stained_planks_black_slab_double.name","true","",""
"Quark","quark:stained_planks_black_stairs",1055,"false",5500,0,"Black Stained Wood Stairs","true","",""
"Quark","quark:stained_planks_blue_slab",1078,"false",5512,0,"Blue Stained Wood Slab","true","",""
"Quark","quark:stained_planks_blue_slab_double",1079,"false",,,"tile.stained_planks_blue_slab_double.name","true","",""
"Quark","quark:stained_planks_blue_stairs",1051,"false",5496,0,"Blue Stained Wood Stairs","true","",""
"Quark","quark:stained_planks_brown_slab",1080,"false",5513,0,"Brown Stained Wood Slab","true","",""
"Quark","quark:stained_planks_brown_slab_double",1081,"false",,,"tile.stained_planks_brown_slab_double.name","true","",""
"Quark","quark:stained_planks_brown_stairs",1052,"false",5497,0,"Brown Stained Wood Stairs","true","",""
"Quark","quark:stained_planks_cyan_slab",1074,"false",5510,0,"Cyan Stained Wood Slab","true","",""
"Quark","quark:stained_planks_cyan_slab_double",1075,"false",,,"tile.stained_planks_cyan_slab_double.name","true","",""
"Quark","quark:stained_planks_cyan_stairs",1049,"false",5494,0,"Cyan Stained Wood Stairs","true","",""
"Quark","quark:stained_planks_gray_slab",1070,"false",5508,0,"Gray Stained Wood Slab","true","",""
"Quark","quark:stained_planks_gray_slab_double",1071,"false",,,"tile.stained_planks_gray_slab_double.name","true","",""
"Quark","quark:stained_planks_gray_stairs",1047,"false",5492,0,"Gray Stained Wood Stairs","true","",""
"Quark","quark:stained_planks_green_slab",1082,"false",5514,0,"Green Stained Wood Slab","true","",""
"Quark","quark:stained_planks_green_slab_double",1083,"false",,,"tile.stained_planks_green_slab_double.name","true","",""
"Quark","quark:stained_planks_green_stairs",1053,"false",5498,0,"Green Stained Wood Stairs","true","",""
"Quark","quark:stained_planks_light_blue_slab",1062,"false",5504,0,"Light Blue Stained Wood Slab","true","",""
"Quark","quark:stained_planks_light_blue_slab_double",1063,"false",,,"tile.stained_planks_light_blue_slab_double.name","true","",""
"Quark","quark:stained_planks_light_blue_stairs",1043,"false",5488,0,"Light Blue Stained Wood Stairs","true","",""
"Quark","quark:stained_planks_lime_slab",1066,"false",5506,0,"Lime Stained Wood Slab","true","",""
"Quark","quark:stained_planks_lime_slab_double",1067,"false",,,"tile.stained_planks_lime_slab_double.name","true","",""
"Quark","quark:stained_planks_lime_stairs",1045,"false",5490,0,"Lime Stained Wood Stairs","true","",""
"Quark","quark:stained_planks_magenta_slab",1060,"false",5503,0,"Magenta Stained Wood Slab","true","",""
"Quark","quark:stained_planks_magenta_slab_double",1061,"false",,,"tile.stained_planks_magenta_slab_double.name","true","",""
"Quark","quark:stained_planks_magenta_stairs",1042,"false",5487,0,"Magenta Stained Wood Stairs","true","",""
"Quark","quark:stained_planks_orange_slab",1058,"false",5502,0,"Orange Stained Wood Slab","true","",""
"Quark","quark:stained_planks_orange_slab_double",1059,"false",,,"tile.stained_planks_orange_slab_double.name","true","",""
"Quark","quark:stained_planks_orange_stairs",1041,"false",5486,0,"Orange Stained Wood Stairs","true","",""
"Quark","quark:stained_planks_pink_slab",1068,"false",5507,0,"Pink Stained Wood Slab","true","",""
"Quark","quark:stained_planks_pink_slab_double",1069,"false",,,"tile.stained_planks_pink_slab_double.name","true","",""
"Quark","quark:stained_planks_pink_stairs",1046,"false",5491,0,"Pink Stained Wood Stairs","true","",""
"Quark","quark:stained_planks_purple_slab",1076,"false",5511,0,"Purple Stained Wood Slab","true","",""
"Quark","quark:stained_planks_purple_slab_double",1077,"false",,,"tile.stained_planks_purple_slab_double.name","true","",""
"Quark","quark:stained_planks_purple_stairs",1050,"false",5495,0,"Purple Stained Wood Stairs","true","",""
"Quark","quark:stained_planks_red_slab",1084,"false",5515,0,"Red Stained Wood Slab","true","",""
"Quark","quark:stained_planks_red_slab_double",1085,"false",,,"tile.stained_planks_red_slab_double.name","true","",""
"Quark","quark:stained_planks_red_stairs",1054,"false",5499,0,"Red Stained Wood Stairs","true","",""
"Quark","quark:stained_planks_silver_slab",1072,"false",5509,0,"Light Gray Stained Wood Slab","true","",""
"Quark","quark:stained_planks_silver_slab_double",1073,"false",,,"tile.stained_planks_silver_slab_double.name","true","",""
"Quark","quark:stained_planks_silver_stairs",1048,"false",5493,0,"Light Gray Stained Wood Stairs","true","",""
"Quark","quark:stained_planks_white_slab",1056,"false",5501,0,"White Stained Wood Slab","true","",""
"Quark","quark:stained_planks_white_slab_double",1057,"false",,,"tile.stained_planks_white_slab_double.name","true","",""
"Quark","quark:stained_planks_white_stairs",1040,"false",5485,0,"White Stained Wood Stairs","true","",""
"Quark","quark:stained_planks_yellow_slab",1064,"false",5505,0,"Yellow Stained Wood Slab","true","",""
"Quark","quark:stained_planks_yellow_slab_double",1065,"false",,,"tile.stained_planks_yellow_slab_double.name","true","",""
"Quark","quark:stained_planks_yellow_stairs",1044,"false",5489,0,"Yellow Stained Wood Stairs","true","",""
"Quark","quark:stone_andesite_bricks_slab",1224,"false",5614,0,"Andesite Brick Slab","true","",""
"Quark","quark:stone_andesite_bricks_slab_double",1225,"false",,,"tile.stone_andesite_bricks_slab_double.name","true","",""
"Quark","quark:stone_andesite_bricks_stairs",1223,"false",5613,0,"Andesite Brick Stairs","true","",""
"Quark","quark:stone_andesite_bricks_wall",1243,"false",5627,0,"Andesite Brick Wall","true","",""
"Quark","quark:stone_andesite_slab",1184,"false",5586,0,"Andesite Slab","true","",""
"Quark","quark:stone_andesite_slab_double",1185,"false",,,"tile.stone_andesite_slab_double.name","true","",""
"Quark","quark:stone_andesite_stairs",1183,"false",5585,0,"Andesite Stairs","true","",""
"Quark","quark:stone_andesite_wall",1027,"false",5472,0,"Andesite Wall","true","",""
"Quark","quark:stone_basalt_bricks_slab",1227,"false",5616,0,"Basalt Brick Slab","true","",""
"Quark","quark:stone_basalt_bricks_slab_double",1228,"false",,,"tile.stone_basalt_bricks_slab_double.name","true","",""
"Quark","quark:stone_basalt_bricks_stairs",1226,"false",5615,0,"Basalt Brick Stairs","true","",""
"Quark","quark:stone_basalt_bricks_wall",1244,"false",5628,0,"Basalt Brick Wall","true","",""
"Quark","quark:stone_basalt_slab",893,"false",5345,0,"Basalt Slab","true","",""
"Quark","quark:stone_basalt_slab_double",894,"false",,,"tile.stone_basalt_slab_double.name","true","",""
"Quark","quark:stone_basalt_stairs",895,"false",5346,0,"Basalt Stairs","true","",""
"Quark","quark:stone_diorite_bricks_slab",1221,"false",5612,0,"Diorite Brick Slab","true","",""
"Quark","quark:stone_diorite_bricks_slab_double",1222,"false",,,"tile.stone_diorite_bricks_slab_double.name","true","",""
"Quark","quark:stone_diorite_bricks_stairs",1220,"false",5611,0,"Diorite Brick Stairs","true","",""
"Quark","quark:stone_diorite_bricks_wall",1242,"false",5626,0,"Diorite Brick Wall","true","",""
"Quark","quark:stone_diorite_slab",1181,"false",5584,0,"Diorite Slab","true","",""
"Quark","quark:stone_diorite_slab_double",1182,"false",,,"tile.stone_diorite_slab_double.name","true","",""
"Quark","quark:stone_diorite_stairs",1180,"false",5583,0,"Diorite Stairs","true","",""
"Quark","quark:stone_diorite_wall",1026,"false",5471,0,"Diorite Wall","true","",""
"Quark","quark:stone_granite_bricks_slab",1218,"false",5610,0,"Granite Brick Slab","true","",""
"Quark","quark:stone_granite_bricks_slab_double",1219,"false",,,"tile.stone_granite_bricks_slab_double.name","true","",""
"Quark","quark:stone_granite_bricks_stairs",1217,"false",5609,0,"Granite Brick Stairs","true","",""
"Quark","quark:stone_granite_bricks_wall",1241,"false",5625,0,"Granite Brick Wall","true","",""
"Quark","quark:stone_granite_slab",1178,"false",5582,0,"Granite Slab","true","",""
"Quark","quark:stone_granite_slab_double",1179,"false",,,"tile.stone_granite_slab_double.name","true","",""
"Quark","quark:stone_granite_stairs",1177,"false",5581,0,"Granite Stairs","true","",""
"Quark","quark:stone_granite_wall",1025,"false",5470,0,"Granite Wall","true","",""
"Quark","quark:stone_jasper_bricks_slab",1236,"false",5622,0,"Jasper Brick Slab","true","",""
"Quark","quark:stone_jasper_bricks_slab_double",1237,"false",,,"tile.stone_jasper_bricks_slab_double.name","true","",""
"Quark","quark:stone_jasper_bricks_stairs",1235,"false",5621,0,"Jasper Brick Stairs","true","",""
"Quark","quark:stone_jasper_bricks_wall",1247,"false",5631,0,"Jasper Brick Wall","true","",""
"Quark","quark:stone_jasper_slab",908,"false",5364,0,"Jasper Slab","true","",""
"Quark","quark:stone_jasper_slab_double",909,"false",,,"tile.stone_jasper_slab_double.name","true","",""
"Quark","quark:stone_jasper_stairs",910,"false",5365,0,"Jasper Stairs","true","",""
"Quark","quark:stone_limestone_bricks_slab",1233,"false",5620,0,"Limestone Brick Slab","true","",""
"Quark","quark:stone_limestone_bricks_slab_double",1234,"false",,,"tile.stone_limestone_bricks_slab_double.name","true","",""
"Quark","quark:stone_limestone_bricks_stairs",1232,"false",5619,0,"Limestone Brick Stairs","true","",""
"Quark","quark:stone_limestone_bricks_wall",1246,"false",5630,0,"Limestone Brick Wall","true","",""
"Quark","quark:stone_limestone_slab",903,"false",5360,0,"Limestone Slab","true","",""
"Quark","quark:stone_limestone_slab_double",904,"false",,,"tile.stone_limestone_slab_double.name","true","",""
"Quark","quark:stone_limestone_stairs",905,"false",5361,0,"Limestone Stairs","true","",""
"Quark","quark:stone_marble_bricks_slab",1230,"false",5618,0,"Marble Brick Slab","true","",""
"Quark","quark:stone_marble_bricks_slab_double",1231,"false",,,"tile.stone_marble_bricks_slab_double.name","true","",""
"Quark","quark:stone_marble_bricks_stairs",1229,"false",5617,0,"Marble Brick Stairs","true","",""
"Quark","quark:stone_marble_bricks_wall",1245,"false",5629,0,"Marble Brick Wall","true","",""
"Quark","quark:stone_marble_slab",898,"false",5356,0,"Marble Slab","true","",""
"Quark","quark:stone_marble_slab_double",899,"false",,,"tile.stone_marble_slab_double.name","true","",""
"Quark","quark:stone_marble_stairs",900,"false",5357,0,"Marble Stairs","true","",""
"Quark","quark:stone_slate_bricks_slab",1239,"false",5624,0,"Slate Brick Slab","true","",""
"Quark","quark:stone_slate_bricks_slab_double",1240,"false",,,"tile.stone_slate_bricks_slab_double.name","true","",""
"Quark","quark:stone_slate_bricks_stairs",1238,"false",5623,0,"Slate Brick Stairs","true","",""
"Quark","quark:stone_slate_bricks_wall",1248,"false",5632,0,"Slate Brick Wall","true","",""
"Quark","quark:stone_slate_slab",913,"false",5368,0,"Slate Slab","true","",""
"Quark","quark:stone_slate_slab_double",914,"false",,,"tile.stone_slate_slab_double.name","true","",""
"Quark","quark:stone_slate_stairs",915,"false",5369,0,"Slate Stairs","true","",""
"Quark","quark:stone_speleothem",875,"false",5327,0,"Stone Speleothem","true","",""
"Quark","quark:stone_stairs",1176,"false",5580,0,"Stone Stairs","true","",""
"Quark","quark:stone_wall",1024,"false",5469,0,"Stone Wall","true","",""
"Quark","quark:stonebrick_mossy_slab",1205,"false",5600,0,"Mossy Stone Brick Slab","true","",""
"Quark","quark:stonebrick_mossy_slab_double",1206,"false",,,"tile.stonebrick_mossy_slab_double.name","true","",""
"Quark","quark:stonebrick_mossy_stairs",1204,"false",5599,0,"Mossy Stone Brick Stairs","true","",""
"Quark","quark:stonebrick_mossy_wall",1038,"false",5483,0,"Mossy Stone Brick Wall","true","",""
"Quark","quark:stonebrick_wall",1030,"false",5475,0,"Stone Brick Wall","true","",""
"Quark","quark:sturdy_stone",1166,"false",5572,0,"Sturdy Stone","true","",""
"Quark","quark:sugar_block",1297,"false",5674,0,"Sugar Block","true","",""
"Quark","quark:thatch",1207,"false",5601,0,"Thatch","true","",""
"Quark","quark:thatch_slab",1209,"false",5603,0,"Thatch Slab","true","",""
"Quark","quark:thatch_slab_double",1210,"false",,,"tile.thatch_slab_double.name","true","",""
"Quark","quark:thatch_stairs",1208,"false",5602,0,"Thatch Stairs","true","",""
"Quark","quark:tiny_potato",958,"false",5407,0,"Tiny Potato","true","",""
"Quark","quark:turf",1284,"false",5662,0,"Turf Block","true","",""
"Quark","quark:turf_slab",1286,"false",5664,0,"Turf Slab","true","",""
"Quark","quark:turf_slab_double",1287,"false",,,"tile.turf_slab_double.name","true","",""
"Quark","quark:turf_stairs",1285,"false",5663,0,"Turf Stairs","true","",""
"Quark","quark:variant_leaves",871,"false",5323,0,"Swamp Oak Leaves","true","treeLeaves",""
"Quark","quark:variant_sapling",872,"false",5324,0,"Swamp Oak Sapling","true","treeSapling",""
"Quark","quark:vertical_planks",1259,"false",5641,0,"Vertical Oak Wood Planks","true","plankWood",""
"Quark","quark:vertical_stained_planks",1260,"false",5642,0,"Vertical White Stained Planks","true","plankStained,plankWood",""
"Quark","quark:world_stone_bricks",1215,"false",5607,0,"Granite Bricks","true","",""
"Quark","quark:world_stone_carved",1216,"false",5608,0,"Chiseled Granite Bricks","true","",""
"Quark","quark:world_stone_pavement",1267,"false",5648,0,"Granite Pavement","true","",""
"Rats: Rebirth of the Plague","rats:auto_curdler",4003,"false",10488,0,"Curdling Station","true","",""
"Rats: Rebirth of the Plague","rats:block_of_cheese",3993,"false",10478,0,"Block of Cheese","true","blockCheese",""
"Rats: Rebirth of the Plague","rats:brain_block",4043,"false",10528,0,"Brain Block","true","",""
"Rats: Rebirth of the Plague","rats:cauldron_cheese",3995,"false",10480,0,"Cauldron of Cheese","true","",""
"Rats: Rebirth of the Plague","rats:cauldron_milk",3994,"false",10479,0,"Cauldron of Milk","true","",""
"Rats: Rebirth of the Plague","rats:compressed_rat",4042,"false",10527,0,"Block of Ratglove","true","",""
"Rats: Rebirth of the Plague","rats:fish_barrel",4001,"false",10486,0,"Barrel of Fish","true","",""
"Rats: Rebirth of the Plague","rats:garbage_pile",4020,"false",10505,0,"Garbage Pile","true","",""
"Rats: Rebirth of the Plague","rats:jack_o_ratern",4044,"false",10529,0,"Jack O' Ratern","true","",""
"Rats: Rebirth of the Plague","rats:marbled_cheese",4023,"false",10508,0,"Marbled Cheese","true","",""
"Rats: Rebirth of the Plague","rats:marbled_cheese_brick",4030,"false",10515,0,"Marbled Cheese Brick","true","",""
"Rats: Rebirth of the Plague","rats:marbled_cheese_brick_chiseled",4034,"false",10519,0,"Chiseled Marbled Cheese Brick","true","",""
"Rats: Rebirth of the Plague","rats:marbled_cheese_brick_cracked",4035,"false",10520,0,"Cracked Marbled Cheese Brick","true","",""
"Rats: Rebirth of the Plague","rats:marbled_cheese_brick_mossy",4036,"false",10521,0,"Mossy Marbled Cheese Brick","true","",""
"Rats: Rebirth of the Plague","rats:marbled_cheese_brick_slab",4031,"false",10516,0,"Marbled Cheese Brick Slab","true","",""
"Rats: Rebirth of the Plague","rats:marbled_cheese_brick_slab_double",4032,"false",10517,0,"Marbled Cheese Brick Slab","true","",""
"Rats: Rebirth of the Plague","rats:marbled_cheese_brick_stairs",4033,"false",10518,0,"Marbled Cheese Brick Stairs","true","",""
"Rats: Rebirth of the Plague","rats:marbled_cheese_chiseled",4028,"false",10513,0,"Chiseled Marbled Cheese","true","",""
"Rats: Rebirth of the Plague","rats:marbled_cheese_dirt",4037,"false",10522,0,"Marbled Cheese Dirt","true","",""
"Rats: Rebirth of the Plague","rats:marbled_cheese_golem_core",4040,"false",10525,0,"Ratlantean Automaton Core","true","",""
"Rats: Rebirth of the Plague","rats:marbled_cheese_grass",4038,"false",10523,0,"Marbled Cheese Grass","true","",""
"Rats: Rebirth of the Plague","rats:marbled_cheese_pillar",4029,"false",10514,0,"Marbled Cheese Pillar","true","",""
"Rats: Rebirth of the Plague","rats:marbled_cheese_rat_head",4039,"false",10524,0,"Ratlantean Automaton Head","true","",""
"Rats: Rebirth of the Plague","rats:marbled_cheese_raw",4022,"false",10507,0,"Raw Marbled Cheese","true","",""
"Rats: Rebirth of the Plague","rats:marbled_cheese_slab",4024,"false",10509,0,"Marbled Cheese Slab","true","",""
"Rats: Rebirth of the Plague","rats:marbled_cheese_slab_double",4025,"false",10510,0,"Marbled Cheese Slab","true","",""
"Rats: Rebirth of the Plague","rats:marbled_cheese_stairs",4026,"false",10511,0,"Marbled Cheese Stairs","true","",""
"Rats: Rebirth of the Plague","rats:marbled_cheese_tile",4027,"false",10512,0,"Marbled Cheese Tile","true","",""
"Rats: Rebirth of the Plague","rats:rat_cage",3998,"false",10483,0,"Rat Cage","true","",""
"Rats: Rebirth of the Plague","rats:rat_cage_breeding_lantern",4000,"false",10485,0,"tile.rats.rat_cage_breeding_lantern.name","true","",""
"Rats: Rebirth of the Plague","rats:rat_cage_decorated",3999,"false",10484,0,"Rat Cage","true","",""
"Rats: Rebirth of the Plague","rats:rat_crafting_table",4002,"false",10487,0,"Rat Crafting Table","true","",""
"Rats: Rebirth of the Plague","rats:rat_hole",3996,"false",10481,0,"Rat Hole","true","",""
"Rats: Rebirth of the Plague","rats:rat_lantern",4047,"false",10532,0,"Rat Lantern","true","",""
"Rats: Rebirth of the Plague","rats:rat_tube_black",4019,"false",10504,0,"Black Rat Tube","true","ratTube",""
"Rats: Rebirth of the Plague","rats:rat_tube_blue",4015,"false",10500,0,"Blue Rat Tube","true","ratTube",""
"Rats: Rebirth of the Plague","rats:rat_tube_brown",4016,"false",10501,0,"Brown Rat Tube","true","ratTube",""
"Rats: Rebirth of the Plague","rats:rat_tube_cyan",4013,"false",10498,0,"Cyan Rat Tube","true","ratTube",""
"Rats: Rebirth of the Plague","rats:rat_tube_gray",4011,"false",10496,0,"Gray Rat Tube","true","ratTube",""
"Rats: Rebirth of the Plague","rats:rat_tube_green",4017,"false",10502,0,"Green Rat Tube","true","ratTube",""
"Rats: Rebirth of the Plague","rats:rat_tube_light_blue",4007,"false",10492,0,"Light Blue Rat Tube","true","ratTube",""
"Rats: Rebirth of the Plague","rats:rat_tube_lime",4009,"false",10494,0,"Lime Rat Tube","true","ratTube",""
"Rats: Rebirth of the Plague","rats:rat_tube_magenta",4006,"false",10491,0,"Magenta Rat Tube","true","ratTube",""
"Rats: Rebirth of the Plague","rats:rat_tube_orange",4005,"false",10490,0,"Orange Rat Tube","true","ratTube",""
"Rats: Rebirth of the Plague","rats:rat_tube_pink",4010,"false",10495,0,"Pink Rat Tube","true","ratTube",""
"Rats: Rebirth of the Plague","rats:rat_tube_purple",4014,"false",10499,0,"Purple Rat Tube","true","ratTube",""
"Rats: Rebirth of the Plague","rats:rat_tube_red",4018,"false",10503,0,"Red Rat Tube","true","ratTube",""
"Rats: Rebirth of the Plague","rats:rat_tube_silver",4012,"false",10497,0,"Light Gray Rat Tube","true","ratTube",""
"Rats: Rebirth of the Plague","rats:rat_tube_white",4004,"false",10489,0,"White Rat Tube","true","ratTube",""
"Rats: Rebirth of the Plague","rats:rat_tube_yellow",4008,"false",10493,0,"Yellow Rat Tube","true","ratTube",""
"Rats: Rebirth of the Plague","rats:ratglove_flower",4021,"false",10506,0,"Ratglove Flower","true","",""
"Rats: Rebirth of the Plague","rats:ratlantis_portal",4041,"false",10526,0,"Ratlantis Portal","true","",""
"Rats: Rebirth of the Plague","rats:rattrap",3997,"false",10482,0,"Rat Trap","true","",""
"Rats: Rebirth of the Plague","rats:upgrade_combiner",4045,"false",10530,0,"Rat Upgrade Combiner","true","",""
"Rats: Rebirth of the Plague","rats:upgrade_separator",4046,"false",10531,0,"Rat Upgrade Separator","true","",""
"Recurrent Complex","reccomplex:generic_solid",641,"true",4604,0,"Solid (0 ~ Natural Floor)","true","",""
"Recurrent Complex","reccomplex:generic_solid",641,"true",4604,1,"Solid (1 ~ Barrier)","true","",""
"Recurrent Complex","reccomplex:generic_solid",641,"true",4604,2,"Solid (2)","true","",""
"Recurrent Complex","reccomplex:generic_solid",641,"true",4604,3,"Solid (3)","true","",""
"Recurrent Complex","reccomplex:generic_solid",641,"true",4604,4,"Solid (4)","true","",""
"Recurrent Complex","reccomplex:generic_solid",641,"true",4604,5,"Solid (5)","true","",""
"Recurrent Complex","reccomplex:generic_solid",641,"true",4604,6,"Solid (6)","true","",""
"Recurrent Complex","reccomplex:generic_solid",641,"true",4604,7,"Solid (7)","true","",""
"Recurrent Complex","reccomplex:generic_solid",641,"true",4604,8,"Solid (8)","true","",""
"Recurrent Complex","reccomplex:generic_solid",641,"true",4604,9,"Solid (9)","true","",""
"Recurrent Complex","reccomplex:generic_solid",641,"true",4604,10,"Solid (10)","true","",""
"Recurrent Complex","reccomplex:generic_solid",641,"true",4604,11,"Solid (11)","true","",""
"Recurrent Complex","reccomplex:generic_solid",641,"true",4604,12,"Solid (12)","true","",""
"Recurrent Complex","reccomplex:generic_solid",641,"true",4604,13,"Solid (13)","true","",""
"Recurrent Complex","reccomplex:generic_solid",641,"true",4604,14,"Solid (14)","true","",""
"Recurrent Complex","reccomplex:generic_solid",641,"true",4604,15,"Solid (15)","true","",""
"Recurrent Complex","reccomplex:generic_space",640,"true",4603,0,"Space (0 ~ Negative Space)","true","",""
"Recurrent Complex","reccomplex:generic_space",640,"true",4603,1,"Space (1 ~ Natural Air)","true","",""
"Recurrent Complex","reccomplex:generic_space",640,"true",4603,2,"Space (2)","true","",""
"Recurrent Complex","reccomplex:generic_space",640,"true",4603,3,"Space (3)","true","",""
"Recurrent Complex","reccomplex:generic_space",640,"true",4603,4,"Space (4)","true","",""
"Recurrent Complex","reccomplex:generic_space",640,"true",4603,5,"Space (5)","true","",""
"Recurrent Complex","reccomplex:generic_space",640,"true",4603,6,"Space (6)","true","",""
"Recurrent Complex","reccomplex:generic_space",640,"true",4603,7,"Space (7)","true","",""
"Recurrent Complex","reccomplex:generic_space",640,"true",4603,8,"Space (8)","true","",""
"Recurrent Complex","reccomplex:generic_space",640,"true",4603,9,"Space (9)","true","",""
"Recurrent Complex","reccomplex:generic_space",640,"true",4603,10,"Space (10)","true","",""
"Recurrent Complex","reccomplex:generic_space",640,"true",4603,11,"Space (11)","true","",""
"Recurrent Complex","reccomplex:generic_space",640,"true",4603,12,"Space (12)","true","",""
"Recurrent Complex","reccomplex:generic_space",640,"true",4603,13,"Space (13)","true","",""
"Recurrent Complex","reccomplex:generic_space",640,"true",4603,14,"Space (14)","true","",""
"Recurrent Complex","reccomplex:generic_space",640,"true",4603,15,"Space (15)","true","",""
"Recurrent Complex","reccomplex:maze_generator",643,"false",4606,0,"Maze Generator","true","",""
"Recurrent Complex","reccomplex:spawn_script",645,"false",4608,0,"Script Block","true","",""
"Recurrent Complex","reccomplex:structure_generator",642,"false",4605,0,"Structure Generator","true","",""
"Recurrent Complex","reccomplex:weighted_command_block",644,"false",4607,0,"tile.spawn_command.name","true","",""
"Reliquary","xreliquary:altar",3939,"false",10256,0,"Altar of Light","true","",""
"Reliquary","xreliquary:apothecary_cauldron",3940,"false",10257,0,"Apothecary Cauldron","true","",""
"Reliquary","xreliquary:apothecary_mortar",3941,"false",10258,0,"Apothecary Mortar","true","",""
"Reliquary","xreliquary:fertile_lilypad",3942,"false",10259,0,"Lilypad of Fertility","true","",""
"Reliquary","xreliquary:interdiction_torch",3943,"false",10260,0,"Interdiction Torch","true","",""
"Reliquary","xreliquary:pedestal",3945,"true",10262,0,"Pedestal","true","",""
"Reliquary","xreliquary:pedestal",3945,"true",10262,1,"Pedestal","true","",""
"Reliquary","xreliquary:pedestal",3945,"true",10262,2,"Pedestal","true","",""
"Reliquary","xreliquary:pedestal",3945,"true",10262,3,"Pedestal","true","",""
"Reliquary","xreliquary:pedestal",3945,"true",10262,4,"Pedestal","true","",""
"Reliquary","xreliquary:pedestal",3945,"true",10262,5,"Pedestal","true","",""
"Reliquary","xreliquary:pedestal",3945,"true",10262,6,"Pedestal","true","",""
"Reliquary","xreliquary:pedestal",3945,"true",10262,7,"Pedestal","true","",""
"Reliquary","xreliquary:pedestal",3945,"true",10262,8,"Pedestal","true","",""
"Reliquary","xreliquary:pedestal",3945,"true",10262,9,"Pedestal","true","",""
"Reliquary","xreliquary:pedestal",3945,"true",10262,10,"Pedestal","true","",""
"Reliquary","xreliquary:pedestal",3945,"true",10262,11,"Pedestal","true","",""
"Reliquary","xreliquary:pedestal",3945,"true",10262,12,"Pedestal","true","",""
"Reliquary","xreliquary:pedestal",3945,"true",10262,13,"Pedestal","true","",""
"Reliquary","xreliquary:pedestal",3945,"true",10262,14,"Pedestal","true","",""
"Reliquary","xreliquary:pedestal",3945,"true",10262,15,"Pedestal","true","",""
"Reliquary","xreliquary:pedestal_passive",3946,"true",10263,0,"Pedestal (Display only)","true","",""
"Reliquary","xreliquary:pedestal_passive",3946,"true",10263,1,"Pedestal (Display only)","true","",""
"Reliquary","xreliquary:pedestal_passive",3946,"true",10263,2,"Pedestal (Display only)","true","",""
"Reliquary","xreliquary:pedestal_passive",3946,"true",10263,3,"Pedestal (Display only)","true","",""
"Reliquary","xreliquary:pedestal_passive",3946,"true",10263,4,"Pedestal (Display only)","true","",""
"Reliquary","xreliquary:pedestal_passive",3946,"true",10263,5,"Pedestal (Display only)","true","",""
"Reliquary","xreliquary:pedestal_passive",3946,"true",10263,6,"Pedestal (Display only)","true","",""
"Reliquary","xreliquary:pedestal_passive",3946,"true",10263,7,"Pedestal (Display only)","true","",""
"Reliquary","xreliquary:pedestal_passive",3946,"true",10263,8,"Pedestal (Display only)","true","",""
"Reliquary","xreliquary:pedestal_passive",3946,"true",10263,9,"Pedestal (Display only)","true","",""
"Reliquary","xreliquary:pedestal_passive",3946,"true",10263,10,"Pedestal (Display only)","true","",""
"Reliquary","xreliquary:pedestal_passive",3946,"true",10263,11,"Pedestal (Display only)","true","",""
"Reliquary","xreliquary:pedestal_passive",3946,"true",10263,12,"Pedestal (Display only)","true","",""
"Reliquary","xreliquary:pedestal_passive",3946,"true",10263,13,"Pedestal (Display only)","true","",""
"Reliquary","xreliquary:pedestal_passive",3946,"true",10263,14,"Pedestal (Display only)","true","",""
"Reliquary","xreliquary:pedestal_passive",3946,"true",10263,15,"Pedestal (Display only)","true","",""
"Reliquary","xreliquary:wraith_node",3944,"false",10261,0,"Wraith Node","true","",""
"Rin's So Many Enchantments?","somanyenchantments:frostedicetemp",2269,"false",,,"tile.frostedIceTemp.name","true","",""
"Rin's So Many Enchantments?","somanyenchantments:magmatemp",2270,"false",,,"tile.magmaTemp.name","true","",""
"Rustic","rustic:ale_wort",511,"false",4457,0,"Ale Wort","true","",""
"Rustic","rustic:aloe_vera",627,"false",4565,0,"Aloe Vera","true","",""
"Rustic","rustic:andesite_pillar",515,"false",4461,0,"Andesite Pillar","true","",""
"Rustic","rustic:apiary",535,"false",4481,0,"Apiary","true","",""
"Rustic","rustic:apple_juice",510,"false",4456,0,"Apple Juice","true","",""
"Rustic","rustic:apple_seeds",621,"false",4559,0,"Apple Seeds","true","",""
"Rustic","rustic:barrel",567,"false",4511,0,"Barrel","true","",""
"Rustic","rustic:beehive",534,"false",4480,0,"Beehive","true","",""
"Rustic","rustic:blood_orchid",628,"false",4566,0,"Blood Orchid","true","",""
"Rustic","rustic:brewing_barrel",620,"false",4558,0,"Brewing Barrel","true","",""
"Rustic","rustic:cabinet",589,"false",4533,0,"Cabinet","true","",""
"Rustic","rustic:candle",520,"false",4466,0,"Iron Candle","true","",""
"Rustic","rustic:candle_double",521,"false",4467,0,"Iron Candelabra","true","",""
"Rustic","rustic:candle_double_gold",526,"false",4472,0,"Golden Candelabra","true","",""
"Rustic","rustic:candle_double_silver",531,"false",4477,0,"Silver Candelabra","true","",""
"Rustic","rustic:candle_gold",525,"false",4471,0,"Golden Candle","true","",""
"Rustic","rustic:candle_lever",522,"false",4468,0,"Iron Candle Lever","true","",""
"Rustic","rustic:candle_lever_gold",527,"false",4473,0,"Golden Candle Lever","true","",""
"Rustic","rustic:candle_lever_silver",532,"false",4478,0,"Silver Candle Lever","true","",""
"Rustic","rustic:candle_silver",530,"false",4476,0,"Silver Candle","true","",""
"Rustic","rustic:chain",519,"false",4465,0,"Iron Chain","true","",""
"Rustic","rustic:chain_gold",524,"false",4470,0,"Golden Chain","true","",""
"Rustic","rustic:chain_silver",529,"false",4475,0,"Silver Chain","true","",""
"Rustic","rustic:chair_acacia",554,"false",4498,0,"Acacia Chair","true","",""
"Rustic","rustic:chair_big_oak",551,"false",4495,0,"Dark Oak Chair","true","",""
"Rustic","rustic:chair_birch",552,"false",4496,0,"Birch Chair","true","",""
"Rustic","rustic:chair_ironwood",557,"false",4501,0,"Ironwood Chair","true","",""
"Rustic","rustic:chair_jungle",555,"false",4499,0,"Jungle Chair","true","",""
"Rustic","rustic:chair_oak",550,"false",4494,0,"Oak Chair","true","",""
"Rustic","rustic:chair_olive",556,"false",4500,0,"Olive Wood Chair","true","",""
"Rustic","rustic:chair_spruce",553,"false",4497,0,"Spruce Chair","true","",""
"Rustic","rustic:chamomile",629,"false",4567,0,"Chamomile","true","",""
"Rustic","rustic:chandelier",523,"false",4469,0,"Iron Chandelier Ring","true","",""
"Rustic","rustic:chandelier_gold",528,"false",4474,0,"Golden Chandelier Ring","true","",""
"Rustic","rustic:chandelier_silver",533,"false",4479,0,"Silver Chandelier Ring","true","",""
"Rustic","rustic:chili_crop",614,"false",,,"Chili Crop","true","",""
"Rustic","rustic:clay_wall",547,"false",4491,0,"Clay Wall","true","",""
"Rustic","rustic:clay_wall_cross",548,"false",4492,0,"Crossed Clay Wall","true","",""
"Rustic","rustic:clay_wall_diag",549,"false",4493,0,"Diagonal Clay Wall","true","",""
"Rustic","rustic:cloudsbluff",630,"false",,,"Cloudsbluff","true","",""
"Rustic","rustic:cohosh",631,"false",4568,0,"Cohosh","true","",""
"Rustic","rustic:condenser",608,"false",4550,0,"Alchemic Condenser","true","",""
"Rustic","rustic:condenser_advanced",610,"false",4552,0,"Advanced Alchemic Condenser","true","",""
"Rustic","rustic:core_root",632,"false",,,"Core Root","true","",""
"Rustic","rustic:crop_stake",612,"false",4554,0,"Wooden Stake","true","",""
"Rustic","rustic:crushing_tub",596,"false",4540,0,"Crushing Tub","true","",""
"Rustic","rustic:deathstalk_mushroom",633,"false",4569,0,"Deathstalk Mushroom","true","",""
"Rustic","rustic:diorite_pillar",516,"false",4462,0,"Diorite Pillar","true","",""
"Rustic","rustic:evaporating_basin",597,"false",4541,0,"Drying Basin","true","",""
"Rustic","rustic:fence_gate_ironwood",601,"false",4545,0,"Ironwood Fence Gate","true","",""
"Rustic","rustic:fence_gate_olive",600,"false",4544,0,"Olive Wood Fence Gate","true","",""
"Rustic","rustic:fence_ironwood",599,"false",4543,0,"Ironwood Fence","true","",""
"Rustic","rustic:fence_olive",598,"false",4542,0,"Olive Wood Fence","true","",""
"Rustic","rustic:fertile_soil",591,"false",4535,0,"Fertile Soil","true","",""
"Rustic","rustic:gargoyle",588,"false",4532,0,"Gargoyle","true","",""
"Rustic","rustic:ginseng",634,"false",,,"Ginseng","true","",""
"Rustic","rustic:golden_apple_juice",513,"false",4459,0,"Golden Apple Juice","true","",""
"Rustic","rustic:golden_lantern",570,"false",4514,0,"Golden Lantern","true","",""
"Rustic","rustic:granite_pillar",517,"false",4463,0,"Granite Pillar","true","",""
"Rustic","rustic:grape_juice",509,"false",4455,0,"Grape Juice","true","",""
"Rustic","rustic:grape_leaves",619,"false",,,"Grape Leaves","true","",""
"Rustic","rustic:grape_stem",618,"false",4557,0,"Grape Seeds","true","",""
"Rustic","rustic:honey",512,"false",4458,0,"Honey","true","",""
"Rustic","rustic:horsetail",635,"false",4570,0,"Horsetail","true","",""
"Rustic","rustic:iron_lantern",569,"false",4513,0,"Iron Lantern","true","",""
"Rustic","rustic:iron_lattice",568,"false",4512,0,"Iron Lattice","true","",""
"Rustic","rustic:ironberry_juice",507,"false",4453,0,"Ironberry Juice","true","",""
"Rustic","rustic:ironwood_door",625,"false",,,"item.rustic.ironwood_door.name","true","",""
"Rustic","rustic:ironwood_doubleslab",604,"false",,,"tile.rustic.ironwood_doubleslab.name","true","",""
"Rustic","rustic:ironwood_slab",605,"false",4547,0,"Ironwood Slab","true","slabWood",""
"Rustic","rustic:lantern_wood",626,"false",4564,0,"Wooden Lantern","true","",""
"Rustic","rustic:leaves",594,"true",4538,0,"Olive Leaves","true","treeLeaves",""
"Rustic","rustic:leaves",594,"true",4538,1,"Ironwood Leaves","true","treeLeaves",""
"Rustic","rustic:leaves_apple",623,"false",4561,0,"Apple Leaves","true","treeLeaves",""
"Rustic","rustic:liquid_barrel",590,"false",4534,0,"Liquid Barrel","true","",""
"Rustic","rustic:log",593,"true",4537,0,"Olive Wood","true","logWood,treeWood",""
"Rustic","rustic:log",593,"true",4537,1,"Ironwood","true","logWood,treeWood",""
"Rustic","rustic:marsh_mallow",636,"false",,,"Marsh Mallow","true","",""
"Rustic","rustic:mooncap_mushroom",637,"false",4571,0,"Mooncap Mushroom","true","",""
"Rustic","rustic:olive_door",624,"false",,,"item.rustic.olive_door.name","true","",""
"Rustic","rustic:olive_doubleslab",602,"false",,,"tile.rustic.olive_doubleslab.name","true","",""
"Rustic","rustic:olive_oil",506,"false",4452,0,"Olive Oil","true","",""
"Rustic","rustic:olive_slab",603,"false",4546,0,"Olive Wood Slab","true","slabWood",""
"Rustic","rustic:painted_wood_black",587,"false",4531,0,"Black Painted Wood","true","plankWood",""
"Rustic","rustic:painted_wood_blue",583,"false",4527,0,"Blue Painted Wood","true","plankWood",""
"Rustic","rustic:painted_wood_brown",584,"false",4528,0,"Brown Painted Wood","true","plankWood",""
"Rustic","rustic:painted_wood_cyan",581,"false",4525,0,"Cyan Painted Wood","true","plankWood",""
"Rustic","rustic:painted_wood_gray",579,"false",4523,0,"Gray Painted Wood","true","plankWood",""
"Rustic","rustic:painted_wood_green",585,"false",4529,0,"Green Painted Wood","true","plankWood",""
"Rustic","rustic:painted_wood_light_blue",575,"false",4519,0,"Light Blue Painted Wood","true","plankWood",""
"Rustic","rustic:painted_wood_lime",577,"false",4521,0,"Lime Painted Wood","true","plankWood",""
"Rustic","rustic:painted_wood_magenta",574,"false",4518,0,"Magenta Painted Wood","true","plankWood",""
"Rustic","rustic:painted_wood_orange",573,"false",4517,0,"Orange Painted Wood","true","plankWood",""
"Rustic","rustic:painted_wood_pink",578,"false",4522,0,"Pink Painted Wood","true","plankWood",""
"Rustic","rustic:painted_wood_purple",582,"false",4526,0,"Purple Painted Wood","true","plankWood",""
"Rustic","rustic:painted_wood_red",586,"false",4530,0,"Red Painted Wood","true","plankWood",""
"Rustic","rustic:painted_wood_silver",580,"false",4524,0,"Light Gray Painted Wood","true","plankWood",""
"Rustic","rustic:painted_wood_white",572,"false",4516,0,"White Painted Wood","true","plankWood",""
"Rustic","rustic:painted_wood_yellow",576,"false",4520,0,"Yellow Painted Wood","true","plankWood",""
"Rustic","rustic:planks",592,"true",4536,0,"Olive Wood Planks","true","plankWood",""
"Rustic","rustic:planks",592,"true",4536,1,"Ironwood Planks","true","plankWood",""
"Rustic","rustic:retort",609,"false",4551,0,"Alchemic Retort","true","",""
"Rustic","rustic:retort_advanced",611,"false",4553,0,"Advanced Alchemic Retort","true","",""
"Rustic","rustic:rope",616,"false",4556,0,"Rope","true","",""
"Rustic","rustic:sapling",595,"true",4539,0,"Olive Sapling","true","treeSapling",""
"Rustic","rustic:sapling",595,"true",4539,1,"Ironwood Sapling","true","treeSapling",""
"Rustic","rustic:sapling_apple",622,"false",4560,0,"Apple Sapling","true","treeSapling",""
"Rustic","rustic:silver_lantern",571,"false",4515,0,"Silver Lantern","true","",""
"Rustic","rustic:slate",536,"false",4482,0,"Slate","true","slate,stoneSlate",""
"Rustic","rustic:slate_brick",539,"false",4485,0,"Slate Brick","true","slate",""
"Rustic","rustic:slate_brick_doubleslab",545,"false",,,"tile.rustic.slate_brick_doubleslab.name","true","",""
"Rustic","rustic:slate_brick_slab",546,"false",4490,0,"Slate Brick Slab","true","",""
"Rustic","rustic:slate_chiseled",540,"false",4486,0,"Chiseled Slate","true","slate",""
"Rustic","rustic:slate_pillar",518,"false",4464,0,"Slate Pillar","true","slate",""
"Rustic","rustic:slate_roof",537,"false",4483,0,"Slate Roof","true","slate",""
"Rustic","rustic:slate_roof_doubleslab",542,"false",,,"tile.rustic.slate_roof_doubleslab.name","true","",""
"Rustic","rustic:slate_roof_slab",543,"false",4488,0,"Slate Roof Slab","true","",""
"Rustic","rustic:slate_tile",538,"false",4484,0,"Slate Tile","true","slate",""
"Rustic","rustic:stairs_ironwood",607,"false",4549,0,"Ironwood Stairs","true","stairWood",""
"Rustic","rustic:stairs_olive",606,"false",4548,0,"Olive Wood Stairs","true","stairWood",""
"Rustic","rustic:stairs_slate_brick",544,"false",4489,0,"Slate Brick Stairs","true","",""
"Rustic","rustic:stairs_slate_roof",541,"false",4487,0,"Slate Roof Stairs","true","",""
"Rustic","rustic:stake_tied",617,"false",,,"Stake With Rope","true","",""
"Rustic","rustic:stone_pillar",514,"false",4460,0,"Stone Pillar","true","",""
"Rustic","rustic:table_acacia",562,"false",4506,0,"Acacia Table","true","",""
"Rustic","rustic:table_big_oak",559,"false",4503,0,"Dark Oak Table","true","",""
"Rustic","rustic:table_birch",560,"false",4504,0,"Birch Table","true","",""
"Rustic","rustic:table_ironwood",565,"false",4509,0,"Ironwood Table","true","",""
"Rustic","rustic:table_jungle",563,"false",4507,0,"Jungle Table","true","",""
"Rustic","rustic:table_oak",558,"false",4502,0,"Oak Table","true","",""
"Rustic","rustic:table_olive",564,"false",4508,0,"Olive Wood Table","true","",""
"Rustic","rustic:table_spruce",561,"false",4505,0,"Spruce Table","true","",""
"Rustic","rustic:tomato_crop",613,"false",,,"Tomato Crop","true","",""
"Rustic","rustic:vanta_lily",639,"false",4573,0,"Vanta Lily","true","dyeBlack",""
"Rustic","rustic:vase",566,"false",4510,0,"Pot","true","",""
"Rustic","rustic:wildberry_bush",615,"false",4555,0,"Wildberry Bush","true","",""
"Rustic","rustic:wildberry_juice",508,"false",4454,0,"Wildberry Juice","true","",""
"Rustic","rustic:wind_thistle",638,"false",4572,0,"Wind Thistle","true","",""
"Rustic BOP Woods","rusticbopwoods:chair_cherry",647,"false",4611,0,"Cherry Chair","true","",""
"Rustic BOP Woods","rusticbopwoods:chair_ebony",660,"false",4624,0,"Ebony Chair","true","",""
"Rustic BOP Woods","rusticbopwoods:chair_ethereal",650,"false",4614,0,"Ethereal Chair","true","",""
"Rustic BOP Woods","rusticbopwoods:chair_eucalyptus",661,"false",4625,0,"Eucalyptus Chair","true","",""
"Rustic BOP Woods","rusticbopwoods:chair_fir",649,"false",4613,0,"Fir Chair","true","",""
"Rustic BOP Woods","rusticbopwoods:chair_hellbark",657,"false",4621,0,"Hellbark Chair","true","",""
"Rustic BOP Woods","rusticbopwoods:chair_jacaranda",658,"false",4622,0,"Jacaranda Chair","true","",""
"Rustic BOP Woods","rusticbopwoods:chair_magic",651,"false",4615,0,"Magic Chair","true","",""
"Rustic BOP Woods","rusticbopwoods:chair_mahogany",659,"false",4623,0,"Mahogany Chair","true","",""
"Rustic BOP Woods","rusticbopwoods:chair_mangrove",652,"false",4616,0,"Mangrove Chair","true","",""
"Rustic BOP Woods","rusticbopwoods:chair_palm",653,"false",4617,0,"Palm Chair","true","",""
"Rustic BOP Woods","rusticbopwoods:chair_pine",656,"false",4620,0,"Pine Chair","true","",""
"Rustic BOP Woods","rusticbopwoods:chair_redwood",654,"false",4618,0,"Redwood Chair","true","",""
"Rustic BOP Woods","rusticbopwoods:chair_sacred_oak",646,"false",4610,0,"Sacred Oak Chair","true","",""
"Rustic BOP Woods","rusticbopwoods:chair_umbran",648,"false",4612,0,"Umbran Chair","true","",""
"Rustic BOP Woods","rusticbopwoods:chair_willow",655,"false",4619,0,"Willow Chair","true","",""
"Rustic BOP Woods","rusticbopwoods:table_cherry",663,"false",4627,0,"Cherry Table","true","",""
"Rustic BOP Woods","rusticbopwoods:table_ebony",676,"false",4640,0,"Ebony Table","true","",""
"Rustic BOP Woods","rusticbopwoods:table_ethereal",666,"false",4630,0,"Ethereal Table","true","",""
"Rustic BOP Woods","rusticbopwoods:table_eucalyptus",677,"false",4641,0,"Eucalyptus Table","true","",""
"Rustic BOP Woods","rusticbopwoods:table_fir",665,"false",4629,0,"Fir Table","true","",""
"Rustic BOP Woods","rusticbopwoods:table_hellbark",673,"false",4637,0,"Hellbark Table","true","",""
"Rustic BOP Woods","rusticbopwoods:table_jacaranda",674,"false",4638,0,"Jacaranda Table","true","",""
"Rustic BOP Woods","rusticbopwoods:table_magic",667,"false",4631,0,"Magic Table","true","",""
"Rustic BOP Woods","rusticbopwoods:table_mahogany",675,"false",4639,0,"Mahogany Table","true","",""
"Rustic BOP Woods","rusticbopwoods:table_mangrove",668,"false",4632,0,"Mangrove Table","true","",""
"Rustic BOP Woods","rusticbopwoods:table_palm",669,"false",4633,0,"Palm Table","true","",""
"Rustic BOP Woods","rusticbopwoods:table_pine",672,"false",4636,0,"Pine Table","true","",""
"Rustic BOP Woods","rusticbopwoods:table_redwood",670,"false",4634,0,"Redwood Table","true","",""
"Rustic BOP Woods","rusticbopwoods:table_sacred_oak",662,"false",4626,0,"Sacred Oak Table","true","",""
"Rustic BOP Woods","rusticbopwoods:table_umbran",664,"false",4628,0,"Umbran Table","true","",""
"Rustic BOP Woods","rusticbopwoods:table_willow",671,"false",4635,0,"Willow Table","true","",""
"Rustic Furniture Compat","rusticcompat:chair_black_painted",684,"false",4648,0,"Painted Black Chair","true","",""
"Rustic Furniture Compat","rusticcompat:chair_black_stained",724,"false",4688,0,"Stained Black Chair","true","",""
"Rustic Furniture Compat","rusticcompat:chair_blue_painted",679,"false",4643,0,"Painted Blue Chair","true","",""
"Rustic Furniture Compat","rusticcompat:chair_blue_stained",719,"false",4683,0,"Stained Blue Chair","true","",""
"Rustic Furniture Compat","rusticcompat:chair_brown_painted",686,"false",4650,0,"Painted Brown Chair","true","",""
"Rustic Furniture Compat","rusticcompat:chair_brown_stained",726,"false",4690,0,"Stained Brown Chair","true","",""
"Rustic Furniture Compat","rusticcompat:chair_cyan_painted",691,"false",4655,0,"Painted Cyan Chair","true","",""
"Rustic Furniture Compat","rusticcompat:chair_cyan_stained",731,"false",4695,0,"Stained Cyan Chair","true","",""
"Rustic Furniture Compat","rusticcompat:chair_fir",710,"false",4674,0,"Fir Chair","true","",""
"Rustic Furniture Compat","rusticcompat:chair_gray_painted",687,"false",4651,0,"Painted Gray Chair","true","",""
"Rustic Furniture Compat","rusticcompat:chair_gray_stained",727,"false",4691,0,"Stained Gray Chair","true","",""
"Rustic Furniture Compat","rusticcompat:chair_green_painted",683,"false",4647,0,"Painted Green Chair","true","",""
"Rustic Furniture Compat","rusticcompat:chair_green_stained",723,"false",4687,0,"Stained Green Chair","true","",""
"Rustic Furniture Compat","rusticcompat:chair_light_blue_painted",693,"false",4657,0,"Painted Light Blue Chair","true","",""
"Rustic Furniture Compat","rusticcompat:chair_light_blue_stained",733,"false",4697,0,"Stained Light Blue Chair","true","",""
"Rustic Furniture Compat","rusticcompat:chair_light_gray_stained",732,"false",4696,0,"Stained Light Gray Chair","true","",""
"Rustic Furniture Compat","rusticcompat:chair_lime_painted",688,"false",4652,0,"Painted Lime Chair","true","",""
"Rustic Furniture Compat","rusticcompat:chair_lime_stained",728,"false",4692,0,"Stained Lime Chair","true","",""
"Rustic Furniture Compat","rusticcompat:chair_magenta_painted",689,"false",4653,0,"Painted Magenta Chair","true","",""
"Rustic Furniture Compat","rusticcompat:chair_magenta_stained",729,"false",4693,0,"Stained Magenta Chair","true","",""
"Rustic Furniture Compat","rusticcompat:chair_orange_painted",681,"false",4645,0,"Painted Orange Chair","true","",""
"Rustic Furniture Compat","rusticcompat:chair_orange_stained",721,"false",4685,0,"Stained Orange Chair","true","",""
"Rustic Furniture Compat","rusticcompat:chair_pink_painted",682,"false",4646,0,"Painted Pink Chair","true","",""
"Rustic Furniture Compat","rusticcompat:chair_pink_stained",722,"false",4686,0,"Stained Pink Chair","true","",""
"Rustic Furniture Compat","rusticcompat:chair_purple_painted",690,"false",4654,0,"Painted Purple Chair","true","",""
"Rustic Furniture Compat","rusticcompat:chair_purple_stained",730,"false",4694,0,"Stained Purple Chair","true","",""
"Rustic Furniture Compat","rusticcompat:chair_red_painted",678,"false",4642,0,"Painted Red Chair","true","",""
"Rustic Furniture Compat","rusticcompat:chair_red_stained",718,"false",4682,0,"Stained Red Chair","true","",""
"Rustic Furniture Compat","rusticcompat:chair_reed",715,"false",4679,0,"Reed Chair","true","",""
"Rustic Furniture Compat","rusticcompat:chair_silver_painted",692,"false",4656,0,"Painted Light Gray Chair","true","",""
"Rustic Furniture Compat","rusticcompat:chair_skyroot",750,"false",4714,0,"Skyroot Chair","true","",""
"Rustic Furniture Compat","rusticcompat:chair_stalagnate",714,"false",4678,0,"Stalagnate Chair","true","",""
"Rustic Furniture Compat","rusticcompat:chair_tenebra",712,"false",4676,0,"Tenebra Chair","true","",""
"Rustic Furniture Compat","rusticcompat:chair_white_painted",685,"false",4649,0,"Painted White Chair","true","",""
"Rustic Furniture Compat","rusticcompat:chair_white_stained",725,"false",4689,0,"Stained White Chair","true","",""
"Rustic Furniture Compat","rusticcompat:chair_yellow_painted",680,"false",4644,0,"Painted Yellow Chair","true","",""
"Rustic Furniture Compat","rusticcompat:chair_yellow_stained",720,"false",4684,0,"Stained Yellow Chair","true","",""
"Rustic Furniture Compat","rusticcompat:table_black_painted",700,"false",4664,0,"Painted Black Table","true","",""
"Rustic Furniture Compat","rusticcompat:table_black_stained",740,"false",4704,0,"Stained Black Table","true","",""
"Rustic Furniture Compat","rusticcompat:table_blue_painted",695,"false",4659,0,"Painted Blue Table","true","",""
"Rustic Furniture Compat","rusticcompat:table_blue_stained",735,"false",4699,0,"Stained Blue Table","true","",""
"Rustic Furniture Compat","rusticcompat:table_brown_painted",702,"false",4666,0,"Painted Brown Table","true","",""
"Rustic Furniture Compat","rusticcompat:table_brown_stained",742,"false",4706,0,"Stained Brown Table","true","",""
"Rustic Furniture Compat","rusticcompat:table_cyan_painted",707,"false",4671,0,"Painted Cyan Table","true","",""
"Rustic Furniture Compat","rusticcompat:table_cyan_stained",747,"false",4711,0,"Stained Cyan Table","true","",""
"Rustic Furniture Compat","rusticcompat:table_fir",711,"false",4675,0,"Fir Table","true","",""
"Rustic Furniture Compat","rusticcompat:table_gray_painted",703,"false",4667,0,"Painted Gray Table","true","",""
"Rustic Furniture Compat","rusticcompat:table_gray_stained",743,"false",4707,0,"Stained Gray Table","true","",""
"Rustic Furniture Compat","rusticcompat:table_green_painted",699,"false",4663,0,"Painted Green Table","true","",""
"Rustic Furniture Compat","rusticcompat:table_green_stained",739,"false",4703,0,"Stained Green Table","true","",""
"Rustic Furniture Compat","rusticcompat:table_light_blue_painted",709,"false",4673,0,"Painted Light Blue Table","true","",""
"Rustic Furniture Compat","rusticcompat:table_light_blue_stained",749,"false",4713,0,"Stained Light Blue Table","true","",""
"Rustic Furniture Compat","rusticcompat:table_light_gray_stained",748,"false",4712,0,"Stained Light Gray Table","true","",""
"Rustic Furniture Compat","rusticcompat:table_lime_painted",704,"false",4668,0,"Painted Lime Table","true","",""
"Rustic Furniture Compat","rusticcompat:table_lime_stained",744,"false",4708,0,"Stained Lime Table","true","",""
"Rustic Furniture Compat","rusticcompat:table_magenta_painted",705,"false",4669,0,"Painted Magenta Table","true","",""
"Rustic Furniture Compat","rusticcompat:table_magenta_stained",745,"false",4709,0,"Stained Magenta Table","true","",""
"Rustic Furniture Compat","rusticcompat:table_orange_painted",697,"false",4661,0,"Painted Orange Table","true","",""
"Rustic Furniture Compat","rusticcompat:table_orange_stained",737,"false",4701,0,"Stained Orange Table","true","",""
"Rustic Furniture Compat","rusticcompat:table_pink_painted",698,"false",4662,0,"Painted Pink Table","true","",""
"Rustic Furniture Compat","rusticcompat:table_pink_stained",738,"false",4702,0,"Stained Pink Table","true","",""
"Rustic Furniture Compat","rusticcompat:table_purple_painted",706,"false",4670,0,"Painted Purple Table","true","",""
"Rustic Furniture Compat","rusticcompat:table_purple_stained",746,"false",4710,0,"Stained Purple Table","true","",""
"Rustic Furniture Compat","rusticcompat:table_red_painted",694,"false",4658,0,"Painted Red Table","true","",""
"Rustic Furniture Compat","rusticcompat:table_red_stained",734,"false",4698,0,"Stained Red Table","true","",""
"Rustic Furniture Compat","rusticcompat:table_reed",717,"false",4681,0,"Reed Table","true","",""
"Rustic Furniture Compat","rusticcompat:table_silver_painted",708,"false",4672,0,"Painted Light Gray Table","true","",""
"Rustic Furniture Compat","rusticcompat:table_skyroot",751,"false",4715,0,"Skyroot Table","true","",""
"Rustic Furniture Compat","rusticcompat:table_stalagnate",716,"false",4680,0,"Stalagnate Table","true","",""
"Rustic Furniture Compat","rusticcompat:table_tenebra",713,"false",4677,0,"Tenebra Table","true","",""
"Rustic Furniture Compat","rusticcompat:table_white_painted",701,"false",4665,0,"Painted White Table","true","",""
"Rustic Furniture Compat","rusticcompat:table_white_stained",741,"false",4705,0,"Stained White Table","true","",""
"Rustic Furniture Compat","rusticcompat:table_yellow_painted",696,"false",4660,0,"Painted Yellow Table","true","",""
"Rustic Furniture Compat","rusticcompat:table_yellow_stained",736,"false",4700,0,"Stained Yellow Table","true","",""
"Scaling Health","scalinghealth:crystalore",4048,"false",4736,0,"Heart Crystal Ore","true","",""
"Seeds For Electroblob's Wizardry","t3s4ebw:crystal_crop",4049,"false",10559,0,"Crystal Crop","true","",""
"Simple Storage Network","storagenetwork:controller",5133,"false",13526,0,"Controller","true","",""
"Simple Storage Network","storagenetwork:ex_kabel",5130,"false",13523,0,"Storage Export Cable","true","",""
"Simple Storage Network","storagenetwork:im_kabel",5131,"false",13524,0,"Storage Import Cable","true","",""
"Simple Storage Network","storagenetwork:inventory",5127,"false",13519,0,"Storage Inventory","true","",""
"Simple Storage Network","storagenetwork:kabel",5128,"false",13520,0,"Storage Cable","true","",""
"Simple Storage Network","storagenetwork:master",5125,"false",13517,0,"Storage Network Master","true","",""
"Simple Storage Network","storagenetwork:process_kabel",5132,"false",13525,0,"Processing Cable","true","",""
"Simple Storage Network","storagenetwork:request",5126,"false",13518,0,"Storage Request Table","true","",""
"Simple Storage Network","storagenetwork:simple_kabel",5134,"false",13521,0,"Simple Cable","true","",""
"Simple Storage Network","storagenetwork:storage_kabel",5129,"false",13522,0,"Storage Link Cable","true","",""
"Spellcaster's Archives","spellarchives:spell_archive",4050,"false",10930,0,"Spellcaster's Archives","true","",""
"Spooky Biomes","spookybiomes:bloodied_dirt",4527,"false",12394,0,"Bloodied Dirt","true","",""
"Spooky Biomes","spookybiomes:bloodied_grass",4526,"false",12393,0,"Bloodied Grass","true","",""
"Spooky Biomes","spookybiomes:bloodwood_door",4520,"false",,,"Blood Door","true","",""
"Spooky Biomes","spookybiomes:bloodwood_double_slab",4525,"false",,,"tile.spookybiomes.bloodwood_double_slab.name","true","",""
"Spooky Biomes","spookybiomes:bloodwood_fence",4523,"false",12391,0,"Blood Fence","true","fenceWood",""
"Spooky Biomes","spookybiomes:bloodwood_gate",4519,"false",12388,0,"Blood Gate","true","fenceGateWood",""
"Spooky Biomes","spookybiomes:bloodwood_leaves",4516,"false",12385,0,"Blood Leaves","true","treeLeaves",""
"Spooky Biomes","spookybiomes:bloodwood_log",4515,"false",12384,0,"Blood Log","true","logWood",""
"Spooky Biomes","spookybiomes:bloodwood_planks",4517,"false",12386,0,"Blood Planks","true","plankWood",""
"Spooky Biomes","spookybiomes:bloodwood_sapling",4518,"false",12387,0,"Blood Sapling","true","treeSapling",""
"Spooky Biomes","spookybiomes:bloodwood_slab",4524,"false",12392,0,"Blood Slab","true","",""
"Spooky Biomes","spookybiomes:bloodwood_stairs",4522,"false",12390,0,"Blood Stairs","true","stairWood",""
"Spooky Biomes","spookybiomes:bloodwood_trapdoor",4521,"false",12389,0,"Blood Trapdoor","true","",""
"Spooky Biomes","spookybiomes:ghostly_door",4498,"false",,,"Ghostly Door","true","",""
"Spooky Biomes","spookybiomes:ghostly_double_slab",4503,"false",,,"tile.spookybiomes.ghostly_double_slab.name","true","",""
"Spooky Biomes","spookybiomes:ghostly_fence",4501,"false",12373,0,"Ghostly Fence","true","fenceWood",""
"Spooky Biomes","spookybiomes:ghostly_gate",4497,"false",12370,0,"Ghostly Gate","true","fenceGateWood",""
"Spooky Biomes","spookybiomes:ghostly_leaves",4494,"false",12367,0,"Ghostly Leaves","true","treeLeaves",""
"Spooky Biomes","spookybiomes:ghostly_log",4493,"false",12366,0,"Ghostly Log","true","logWood",""
"Spooky Biomes","spookybiomes:ghostly_planks",4495,"false",12368,0,"Ghostly Planks","true","plankWood",""
"Spooky Biomes","spookybiomes:ghostly_sapling",4496,"false",12369,0,"Ghostly Sapling","true","treeSapling",""
"Spooky Biomes","spookybiomes:ghostly_slab",4502,"false",12374,0,"Ghostly Slab","true","",""
"Spooky Biomes","spookybiomes:ghostly_stairs",4500,"false",12372,0,"Ghostly Stairs","true","stairWood",""
"Spooky Biomes","spookybiomes:ghostly_trapdoor",4499,"false",12371,0,"Ghostly Trapdoor","true","",""
"Spooky Biomes","spookybiomes:seeping_door",4509,"false",,,"Seeping Door","true","",""
"Spooky Biomes","spookybiomes:seeping_double_slab",4514,"false",,,"tile.spookybiomes.seeping_double_slab.name","true","",""
"Spooky Biomes","spookybiomes:seeping_fence",4512,"false",12382,0,"Seeping Fence","true","fenceWood",""
"Spooky Biomes","spookybiomes:seeping_gate",4508,"false",12379,0,"Seeping Gate","true","fenceGateWood",""
"Spooky Biomes","spookybiomes:seeping_leaves",4505,"false",12376,0,"Seeping Leaves","true","treeLeaves",""
"Spooky Biomes","spookybiomes:seeping_log",4504,"false",12375,0,"Seeping Log","true","logWood",""
"Spooky Biomes","spookybiomes:seeping_planks",4506,"false",12377,0,"Seeping Planks","true","plankWood",""
"Spooky Biomes","spookybiomes:seeping_sapling",4507,"false",12378,0,"Seeping Sapling","true","treeSapling",""
"Spooky Biomes","spookybiomes:seeping_slab",4513,"false",12383,0,"Seeping Slab","true","",""
"Spooky Biomes","spookybiomes:seeping_stairs",4511,"false",12381,0,"Seeping Stairs","true","stairWood",""
"Spooky Biomes","spookybiomes:seeping_trapdoor",4510,"false",12380,0,"Seeping Trapdoor","true","",""
"Spooky Biomes","spookybiomes:sorbus_door",4487,"false",,,"Sorbus Door","true","",""
"Spooky Biomes","spookybiomes:sorbus_double_slab",4492,"false",,,"tile.spookybiomes.sorbus_double_slab.name","true","",""
"Spooky Biomes","spookybiomes:sorbus_fence",4490,"false",12364,0,"Sorbus Fence","true","fenceWood",""
"Spooky Biomes","spookybiomes:sorbus_gate",4486,"false",12361,0,"Sorbus Gate","true","fenceGateWood",""
"Spooky Biomes","spookybiomes:sorbus_leaves",4483,"false",12358,0,"Sorbus Leaves","true","treeLeaves",""
"Spooky Biomes","spookybiomes:sorbus_log",4482,"false",12357,0,"Sorbus Log","true","logWood",""
"Spooky Biomes","spookybiomes:sorbus_planks",4484,"false",12359,0,"Sorbus Planks","true","plankWood",""
"Spooky Biomes","spookybiomes:sorbus_sapling",4485,"false",12360,0,"Sorbus Sapling","true","treeSapling",""
"Spooky Biomes","spookybiomes:sorbus_slab",4491,"false",12365,0,"Sorbus Slab","true","",""
"Spooky Biomes","spookybiomes:sorbus_stairs",4489,"false",12363,0,"Sorbus Stairs","true","stairWood",""
"Spooky Biomes","spookybiomes:sorbus_trapdoor",4488,"false",12362,0,"Sorbus Trapdoor","true","",""
"Structurize","structurize:blockcactusdoor",4529,"false",,,"item.structurize.blockcactusdoor.name","true","",""
"Structurize","structurize:blockcactusfence",4534,"false",12418,0,"Cactus Fence","true","fenceWood",""
"Structurize","structurize:blockcactusfencegate",4535,"false",12419,0,"Cactus Fence Gate","true","fenceGateWood",""
"Structurize","structurize:blockcactusplank",4528,"false",12414,0,"Cactus Plank","true","plankWood",""
"Structurize","structurize:blockcactusslab_double",4532,"false",,,"tile.structurize.blockcactusslab_double.name","true","",""
"Structurize","structurize:blockcactusslab_half",4531,"false",12417,0,"Cactus Slab","true","slabWood",""
"Structurize","structurize:blockcactusstair",4533,"false",12416,0,"tile.structurize.blockcactusstair.name","true","stairWood",""
"Structurize","structurize:blockcactustrapdoor",4530,"false",12415,0,"Cactus Trapdoor","true","",""
"Structurize","structurize:blockpaperwall",4538,"true",12406,0,"Paper wall","true","",""
"Structurize","structurize:blockpaperwall",4538,"true",12406,1,"Paper wall","true","",""
"Structurize","structurize:blockpaperwall",4538,"true",12406,2,"Paper wall","true","",""
"Structurize","structurize:blockpaperwall",4538,"true",12406,3,"Paper wall","true","",""
"Structurize","structurize:blockshingle_acacia",4544,"false",12412,0,"Acacia Shingle","true","",""
"Structurize","structurize:blockshingle_birch",4541,"false",12408,0,"Birch Shingle","true","",""
"Structurize","structurize:blockshingle_dark_oak",4543,"false",12411,0,"Dark Oak Shingle","true","",""
"Structurize","structurize:blockshingle_jungle",4540,"false",12409,0,"Jungle Shingle","true","",""
"Structurize","structurize:blockshingle_oak",4539,"false",12407,0,"Oak Shingle","true","",""
"Structurize","structurize:blockshingle_spruce",4542,"false",12410,0,"Spruce Shingle","true","",""
"Structurize","structurize:blockshingleslab",4545,"false",12413,0,"Shingle slab","true","",""
"Structurize","structurize:blocksolidsubstitution",4536,"false",12404,0,"tile.structurize.blockSolidSubstitution.name","true","",""
"Structurize","structurize:blocksubstitution",4537,"false",12405,0,"Placeholderblock","true","",""
"Structurize","structurize:blocktimberframe_acacia_doublecrossed",4587,"false",12461,0,"Acacia Crossed Timber Frame","true","",""
"Structurize","structurize:blocktimberframe_acacia_downgated",4593,"false",12467,0,"Acacia Framed Timber Frame","true","",""
"Structurize","structurize:blocktimberframe_acacia_framed",4588,"false",12462,0,"Acacia Framed Timber Frame","true","",""
"Structurize","structurize:blocktimberframe_acacia_gateframed",4590,"false",12464,0,"Acacia Framed Timber Frame","true","",""
"Structurize","structurize:blocktimberframe_acacia_horizontalnocap",4595,"false",12469,0,"Acacia Horizontal Timber Frame","true","",""
"Structurize","structurize:blocktimberframe_acacia_horizontalplain",4594,"false",12468,0,"Acacia Horizontal Timber Frame","true","",""
"Structurize","structurize:blocktimberframe_acacia_onecrossedlr",4591,"false",12465,0,"Acacia Right-Left Diagonal Timber Frame","true","",""
"Structurize","structurize:blocktimberframe_acacia_onecrossedrl",4592,"false",12466,0,"Acacia Left-Right Diagonal Timber Frame","true","",""
"Structurize","structurize:blocktimberframe_acacia_plain",4586,"false",12460,0,"Acacia Plain Timber Frame","true","",""
"Structurize","structurize:blocktimberframe_acacia_sideframed",4589,"false",12463,0,"Acacia Framed Timber Frame","true","",""
"Structurize","structurize:blocktimberframe_birch_doublecrossed",4567,"false",12441,0,"Birch Crossed Timber Frame","true","",""
"Structurize","structurize:blocktimberframe_birch_downgated",4573,"false",12447,0,"Birch Framed Timber Frame","true","",""
"Structurize","structurize:blocktimberframe_birch_framed",4568,"false",12442,0,"Birch Framed Timber Frame","true","",""
"Structurize","structurize:blocktimberframe_birch_gateframed",4570,"false",12444,0,"Birch Framed Timber Frame","true","",""
"Structurize","structurize:blocktimberframe_birch_horizontalnocap",4575,"false",12449,0,"Birch Horizontal Timber Frame","true","",""
"Structurize","structurize:blocktimberframe_birch_horizontalplain",4574,"false",12448,0,"Birch Horizontal Timber Frame","true","",""
"Structurize","structurize:blocktimberframe_birch_onecrossedlr",4571,"false",12445,0,"Birch Right-Left Diagonal Timber Frame","true","",""
"Structurize","structurize:blocktimberframe_birch_onecrossedrl",4572,"false",12446,0,"Birch Left-Right Diagonal Timber Frame","true","",""
"Structurize","structurize:blocktimberframe_birch_plain",4566,"false",12440,0,"Birch Plain Timber Frame","true","",""
"Structurize","structurize:blocktimberframe_birch_sideframed",4569,"false",12443,0,"Birch Framed Timber Frame","true","",""
"Structurize","structurize:blocktimberframe_dark_oak_doublecrossed",4597,"false",12471,0,"Dark Oak Crossed Timber Frame","true","",""
"Structurize","structurize:blocktimberframe_dark_oak_downgated",4603,"false",12477,0,"Dark Oak Framed Timber Frame","true","",""
"Structurize","structurize:blocktimberframe_dark_oak_framed",4598,"false",12472,0,"Dark Oak Framed Timber Frame","true","",""
"Structurize","structurize:blocktimberframe_dark_oak_gateframed",4600,"false",12474,0,"Dark Oak Framed Timber Frame","true","",""
"Structurize","structurize:blocktimberframe_dark_oak_horizontalnocap",4605,"false",12479,0,"Dark Oak Horizontal Timber Frame","true","",""
"Structurize","structurize:blocktimberframe_dark_oak_horizontalplain",4604,"false",12478,0,"Dark Oak Horizontal Timber Frame","true","",""
"Structurize","structurize:blocktimberframe_dark_oak_onecrossedlr",4601,"false",12475,0,"Dark Oak Right-Left Diagonal Timber Frame","true","",""
"Structurize","structurize:blocktimberframe_dark_oak_onecrossedrl",4602,"false",12476,0,"Dark Oak Left-Right Diagonal Timber Frame","true","",""
"Structurize","structurize:blocktimberframe_dark_oak_plain",4596,"false",12470,0,"Dark Oak Plain Timber Frame","true","",""
"Structurize","structurize:blocktimberframe_dark_oak_sideframed",4599,"false",12473,0,"Dark Oak Framed Timber Frame","true","",""
"Structurize","structurize:blocktimberframe_jungle_doublecrossed",4577,"false",12451,0,"Jungle Crossed Timber Frame","true","",""
"Structurize","structurize:blocktimberframe_jungle_downgated",4583,"false",12457,0,"Jungle Framed Timber Frame","true","",""
"Structurize","structurize:blocktimberframe_jungle_framed",4578,"false",12452,0,"Jungle Framed Timber Frame","true","",""
"Structurize","structurize:blocktimberframe_jungle_gateframed",4580,"false",12454,0,"Jungle Framed Timber Frame","true","",""
"Structurize","structurize:blocktimberframe_jungle_horizontalnocap",4585,"false",12459,0,"Jungle Horizontal Timber Frame","true","",""
"Structurize","structurize:blocktimberframe_jungle_horizontalplain",4584,"false",12458,0,"Jungle Horizontal Timber Frame","true","",""
"Structurize","structurize:blocktimberframe_jungle_onecrossedlr",4581,"false",12455,0,"Jungle Right-Left Diagonal Timber Frame","true","",""
"Structurize","structurize:blocktimberframe_jungle_onecrossedrl",4582,"false",12456,0,"Jungle Left-Right Diagonal Timber Frame","true","",""
"Structurize","structurize:blocktimberframe_jungle_plain",4576,"false",12450,0,"Jungle Plain Timber Frame","true","",""
"Structurize","structurize:blocktimberframe_jungle_sideframed",4579,"false",12453,0,"Jungle Framed Timber Frame","true","",""
"Structurize","structurize:blocktimberframe_oak_doublecrossed",4547,"false",12421,0,"Oak Crossed Timber Frame","true","",""
"Structurize","structurize:blocktimberframe_oak_downgated",4553,"false",12427,0,"Oak Framed Timber Frame","true","",""
"Structurize","structurize:blocktimberframe_oak_framed",4548,"false",12422,0,"Oak Framed Timber Frame","true","",""
"Structurize","structurize:blocktimberframe_oak_gateframed",4550,"false",12424,0,"Oak Framed Timber Frame","true","",""
"Structurize","structurize:blocktimberframe_oak_horizontalnocap",4555,"false",12429,0,"Oak Horizontal Timber Frame","true","",""
"Structurize","structurize:blocktimberframe_oak_horizontalplain",4554,"false",12428,0,"Oak Horizontal Timber Frame","true","",""
"Structurize","structurize:blocktimberframe_oak_onecrossedlr",4551,"false",12425,0,"Oak Left-Right Diagonal Timber Frame","true","",""
"Structurize","structurize:blocktimberframe_oak_onecrossedrl",4552,"false",12426,0,"Oak Right-Left Diagonal Timber Frame","true","",""
"Structurize","structurize:blocktimberframe_oak_plain",4546,"false",12420,0,"Oak Plain Timber Frame","true","",""
"Structurize","structurize:blocktimberframe_oak_sideframed",4549,"false",12423,0,"Oak Framed Timber Frame","true","",""
"Structurize","structurize:blocktimberframe_spruce_doublecrossed",4557,"false",12431,0,"Spruce Crossed Timber Frame","true","",""
"Structurize","structurize:blocktimberframe_spruce_downgated",4563,"false",12437,0,"Spruce Framed Timber Frame","true","",""
"Structurize","structurize:blocktimberframe_spruce_framed",4558,"false",12432,0,"Spruce Framed Timber Frame","true","",""
"Structurize","structurize:blocktimberframe_spruce_gateframed",4560,"false",12434,0,"Spruce Framed Timber Frame","true","",""
"Structurize","structurize:blocktimberframe_spruce_horizontalnocap",4565,"false",12439,0,"Spruce Horizontal Timber Frame","true","",""
"Structurize","structurize:blocktimberframe_spruce_horizontalplain",4564,"false",12438,0,"Spruce Horizontal Timber Frame","true","",""
"Structurize","structurize:blocktimberframe_spruce_onecrossedlr",4561,"false",12435,0,"Spruce Right-Left Diagonal Timber Frame","true","",""
"Structurize","structurize:blocktimberframe_spruce_onecrossedrl",4562,"false",12436,0,"Spruce Left-Right Diagonal Timber Frame","true","",""
"Structurize","structurize:blocktimberframe_spruce_plain",4556,"false",12430,0,"Spruce Plain Timber Frame","true","",""
"Structurize","structurize:blocktimberframe_spruce_sideframed",4559,"false",12433,0,"Spruce Framed Timber Frame","true","",""
"Structurize","structurize:multiblock",4606,"false",12480,0,"MultiBlock","true","",""
"Switch-Bow","switchbow:arrowdispenser",4052,"false",10931,0,"Arrow-Dispenser","true","",""
"Switch-Bow","switchbow:minilight",4054,"false",,,"tile.MiniLight.name","true","",""
"Switch-Bow","switchbow:podest",4053,"false",10932,0,"Pedestal","true","",""
"Switch-Bow","switchbow:redstonepiece",4051,"false",,,"tile.RedstonePiece.name","true","",""
"The Aether","aether_legacy:aercloud",4616,"true",12543,0,"Cold Aercloud","true","",""
"The Aether","aether_legacy:aercloud",4616,"true",12543,1,"Blue Aercloud","true","",""
"The Aether","aether_legacy:aercloud",4616,"true",12543,2,"Golden Aercloud","true","",""
"The Aether","aether_legacy:aercloud",4616,"true",12543,3,"Pink Aercloud","true","",""
"The Aether","aether_legacy:aerogel",4626,"false",12553,0,"Aerogel","true","",""
"The Aether","aether_legacy:aerogel_double_slab",4674,"false",12601,0,"Aerogel Double Slab","true","",""
"The Aether","aether_legacy:aerogel_slab",4682,"false",12609,0,"Aerogel Slab","true","",""
"The Aether","aether_legacy:aerogel_stairs",4666,"false",12593,0,"Aerogel Stairs","true","",""
"The Aether","aether_legacy:aerogel_wall",4658,"false",12585,0,"Aerogel Wall","true","",""
"The Aether","aether_legacy:aether_dirt",4612,"false",12539,0,"Aether Dirt","true","dirt",""
"The Aether","aether_legacy:aether_grass",4610,"false",12537,0,"Aether Grass","true","grass",""
"The Aether","aether_legacy:aether_leaves",4622,"true",12549,0,"Skyroot Leaves","true","treeLeaves",""
"The Aether","aether_legacy:aether_leaves",4622,"true",12549,1,"Golden Oak Leaves","true","treeLeaves",""
"The Aether","aether_legacy:aether_lever",4695,"false",12736,0,"Holystone Lever","true","",""
"The Aether","aether_legacy:aether_log",4623,"true",12550,0,"Skyroot Log","true","logWood",""
"The Aether","aether_legacy:aether_log",4623,"true",12550,1,"Golden Oak Log","true","logWood",""
"The Aether","aether_legacy:aether_portal",4637,"false",12564,0,"Aether Portal","true","",""
"The Aether","aether_legacy:aetherion_chest",4688,"false",12731,0,"Aetherion Chest","true","chest,chestAetherion",""
"The Aether","aether_legacy:ambrosium_block",4694,"false",12735,0,"Block of Ambrosium","true","",""
"The Aether","aether_legacy:ambrosium_ore",4619,"false",12546,0,"Ambrosium Ore","true","oreAmbrosium",""
"The Aether","aether_legacy:ambrosium_torch",4638,"false",12565,0,"Ambrosium Torch","true","torch",""
"The Aether","aether_legacy:angelic_double_slab",4669,"false",12596,0,"Angelic Double Slab","true","",""
"The Aether","aether_legacy:angelic_slab",4677,"false",12604,0,"Angelic Slab","true","",""
"The Aether","aether_legacy:angelic_stairs",4660,"false",12587,0,"Angelic Stairs","true","",""
"The Aether","aether_legacy:angelic_wall",4653,"false",12580,0,"Angelic Wall","true","",""
"The Aether","aether_legacy:berry_bush",4629,"false",12556,0,"Berry Bush","true","",""
"The Aether","aether_legacy:berry_bush_stem",4630,"false",12557,0,"Berry Bush Stem","true","",""
"The Aether","aether_legacy:carved_double_slab",4668,"false",12595,0,"Carved Double Slab","true","",""
"The Aether","aether_legacy:carved_slab",4676,"false",12603,0,"Carved Slab","true","",""
"The Aether","aether_legacy:carved_stairs",4659,"false",12586,0,"Carved Stairs","true","",""
"The Aether","aether_legacy:carved_wall",4652,"false",12579,0,"Carved Wall","true","",""
"The Aether","aether_legacy:chest_mimic",4639,"false",12566,0,"Chest Mimic","true","chest,chestMimic,chestWood",""
"The Aether","aether_legacy:crystal_leaves",4645,"true",12572,0,"Crystal Leaves","true","treeLeaves",""
"The Aether","aether_legacy:crystal_leaves",4645,"true",12572,1,"Crystal Fruit Leaves","true","treeLeaves",""
"The Aether","aether_legacy:dungeon_block",4634,"true",12561,0,"Carved Stone","true","",""
"The Aether","aether_legacy:dungeon_block",4634,"true",12561,1,"Sentry Stone","true","",""
"The Aether","aether_legacy:dungeon_block",4634,"true",12561,2,"Angelic Stone","true","",""
"The Aether","aether_legacy:dungeon_block",4634,"true",12561,3,"Light Angelic Stone","true","",""
"The Aether","aether_legacy:dungeon_block",4634,"true",12561,4,"Hellfire Stone","true","",""
"The Aether","aether_legacy:dungeon_block",4634,"true",12561,5,"Light Hellfire Stone","true","",""
"The Aether","aether_legacy:dungeon_trap",4636,"true",12563,0,"Carved Stone","true","",""
"The Aether","aether_legacy:dungeon_trap",4636,"true",12563,1,"Sentry Stone","true","",""
"The Aether","aether_legacy:dungeon_trap",4636,"true",12563,2,"Angelic Stone","true","",""
"The Aether","aether_legacy:dungeon_trap",4636,"true",12563,3,"Light Angelic Stone","true","",""
"The Aether","aether_legacy:dungeon_trap",4636,"true",12563,4,"Hellfire Stone","true","",""
"The Aether","aether_legacy:dungeon_trap",4636,"true",12563,5,"Light Hellfire Stone","true","",""
"The Aether","aether_legacy:enchanted_aether_grass",4611,"false",12538,0,"Enchanted Aether Grass","true","",""
"The Aether","aether_legacy:enchanted_gravitite",4627,"false",12554,0,"Enchanted Gravitite","true","blockEnchantedGravitite",""
"The Aether","aether_legacy:enchanter",4631,"false",12558,0,"Altar","true","",""
"The Aether","aether_legacy:freezer",4632,"false",12559,0,"Freezer","true","",""
"The Aether","aether_legacy:golden_oak_sapling",4644,"false",12571,0,"Golden Oak Sapling","true","treeSapling",""
"The Aether","aether_legacy:gravitite_ore",4621,"false",12548,0,"Gravitite Ore","true","oreGravitite",""
"The Aether","aether_legacy:hellfire_double_slab",4670,"false",12597,0,"Hellfire Double Slab","true","",""
"The Aether","aether_legacy:hellfire_slab",4678,"false",12605,0,"Hellfire Slab","true","",""
"The Aether","aether_legacy:hellfire_stairs",4661,"false",12588,0,"Hellfire Stairs","true","",""
"The Aether","aether_legacy:hellfire_wall",4654,"false",12581,0,"Hellfire Wall","true","",""
"The Aether","aether_legacy:holiday_leaves",4646,"true",12573,0,"Holiday Leaves","true","treeLeaves",""
"The Aether","aether_legacy:holiday_leaves",4646,"true",12573,1,"Decorated Holiday Leaves","true","treeLeaves",""
"The Aether","aether_legacy:holystone",4613,"false",12540,0,"Holystone","true","blockHolystone,holystone",""
"The Aether","aether_legacy:holystone_brick",4615,"false",12542,0,"Holystone Brick","true","",""
"The Aether","aether_legacy:holystone_brick_double_slab",4673,"false",12600,0,"Holystone Brick Double Slab","true","",""
"The Aether","aether_legacy:holystone_brick_slab",4681,"false",12608,0,"Holystone Brick Slab","true","",""
"The Aether","aether_legacy:holystone_brick_stairs",4665,"false",12592,0,"Holystone Brick Stairs","true","",""
"The Aether","aether_legacy:holystone_brick_wall",4656,"false",12583,0,"Holystone Brick Wall","true","",""
"The Aether","aether_legacy:holystone_button",4699,"false",12740,0,"Holystone Button","true","",""
"The Aether","aether_legacy:holystone_double_slab",4671,"false",12598,0,"Holystone Double Slab","true","",""
"The Aether","aether_legacy:holystone_pressure_plate",4696,"false",12737,0,"Holystone Pressure Plate","true","",""
"The Aether","aether_legacy:holystone_slab",4679,"false",12606,0,"Holystone Slab","true","",""
"The Aether","aether_legacy:holystone_stairs",4664,"false",12591,0,"Holystone Stairs","true","",""
"The Aether","aether_legacy:holystone_wall",4655,"false",12582,0,"Holystone Wall","true","",""
"The Aether","aether_legacy:icestone",4618,"false",12545,0,"Icestone","true","",""
"The Aether","aether_legacy:incubator",4633,"false",12560,0,"Incubator","true","",""
"The Aether","aether_legacy:locked_dungeon_block",4635,"true",12562,0,"Carved Stone","true","",""
"The Aether","aether_legacy:locked_dungeon_block",4635,"true",12562,1,"Sentry Stone","true","",""
"The Aether","aether_legacy:locked_dungeon_block",4635,"true",12562,2,"Angelic Stone","true","",""
"The Aether","aether_legacy:locked_dungeon_block",4635,"true",12562,3,"Light Angelic Stone","true","",""
"The Aether","aether_legacy:locked_dungeon_block",4635,"true",12562,4,"Hellfire Stone","true","",""
"The Aether","aether_legacy:locked_dungeon_block",4635,"true",12562,5,"Light Hellfire Stone","true","",""
"The Aether","aether_legacy:mossy_holystone",4614,"false",12541,0,"Mossy Holystone","true","blockMossy",""
"The Aether","aether_legacy:mossy_holystone_double_slab",4672,"false",12599,0,"Mossy Holystone Double Slab","true","",""
"The Aether","aether_legacy:mossy_holystone_slab",4680,"false",12607,0,"Mossy Holystone Slab","true","",""
"The Aether","aether_legacy:mossy_holystone_stairs",4663,"false",12590,0,"Mossy Holystone Stairs","true","",""
"The Aether","aether_legacy:mossy_holystone_wall",4657,"false",12584,0,"Mossy Holystone Wall","true","",""
"The Aether","aether_legacy:pillar",4648,"false",12575,0,"Pillar","true","",""
"The Aether","aether_legacy:pillar_top",4649,"false",12576,0,"Pillar Top","true","",""
"The Aether","aether_legacy:present",4647,"false",12574,0,"Present","true","",""
"The Aether","aether_legacy:purple_flower",4641,"false",12568,0,"Purple Flower","true","",""
"The Aether","aether_legacy:quicksoil",4617,"false",12544,0,"Quicksoil","true","",""
"The Aether","aether_legacy:quicksoil_glass",4625,"false",12552,0,"Quicksoil Glass","true","blockGlass",""
"The Aether","aether_legacy:quicksoil_glass_pane",4692,"false",12733,0,"Quicksoil Glass Pane","true","paneGlass",""
"The Aether","aether_legacy:skyroot_bed",4685,"false",,,"tile.null.name","true","",""
"The Aether","aether_legacy:skyroot_bookshelf",4684,"false",12611,0,"Skyroot Bookshelf","true","bookshelf",""
"The Aether","aether_legacy:skyroot_button",4700,"false",12741,0,"Skyroot Button","true","buttonWood",""
"The Aether","aether_legacy:skyroot_chest",4687,"false",12730,0,"Skyroot Chest","true","chest,chestWood",""
"The Aether","aether_legacy:skyroot_crafting_table",4686,"false",12729,0,"Skyroot Crafting Table","true","workbench",""
"The Aether","aether_legacy:skyroot_door",4703,"false",,,"Skyroot Door","true","",""
"The Aether","aether_legacy:skyroot_double_slab",4667,"false",12594,0,"Skyroot Double Slab","true","",""
"The Aether","aether_legacy:skyroot_fence",4650,"false",12577,0,"Skyroot Fence","true","fenceWood",""
"The Aether","aether_legacy:skyroot_fence_gate",4651,"false",12578,0,"Skyroot Fence Gate","true","fenceGateWood",""
"The Aether","aether_legacy:skyroot_ladder",4689,"false",12732,0,"Skyroot Ladder","true","",""
"The Aether","aether_legacy:skyroot_plank",4624,"false",12551,0,"Skyroot Plank","true","plankSkyroot",""
"The Aether","aether_legacy:skyroot_pressure_plate",4697,"false",12738,0,"Skyroot Pressure Plate","true","pressurePlateWood",""
"The Aether","aether_legacy:skyroot_sapling",4643,"false",12570,0,"Skyroot Sapling","true","treeSapling",""
"The Aether","aether_legacy:skyroot_slab",4675,"false",12602,0,"Skyroot Slab","true","slabWood",""
"The Aether","aether_legacy:skyroot_stairs",4662,"false",12589,0,"Skyroot Stairs","true","stairWood",""
"The Aether","aether_legacy:skyroot_standing_sign",4690,"false",,,"tile.skyroot_standing_sign.name","true","",""
"The Aether","aether_legacy:skyroot_trapdoor",4701,"false",12742,0,"Skyroot Trapdoor","true","trapdoorWood",""
"The Aether","aether_legacy:skyroot_wall_sign",4691,"false",,,"tile.skyroot_wall_sign.name","true","",""
"The Aether","aether_legacy:sun_altar",4683,"false",12610,0,"Sun Altar","true","",""
"The Aether","aether_legacy:treasure_chest",4640,"false",12567,0,"Treasure Chest","true","chest,chestTreasure",""
"The Aether","aether_legacy:white_flower",4642,"false",12569,0,"White Flower","true","",""
"The Aether","aether_legacy:zanite_bars",4693,"false",12734,0,"Zanite Bars","true","",""
"The Aether","aether_legacy:zanite_block",4628,"false",12555,0,"Zanite Block","true","blockZanite",""
"The Aether","aether_legacy:zanite_door",4704,"false",,,"Zanite Door","true","",""
"The Aether","aether_legacy:zanite_ore",4620,"false",12547,0,"Zanite Ore","true","oreZanite",""
"The Aether","aether_legacy:zanite_pressure_plate",4698,"false",12739,0,"Zanite Pressure Plate","true","",""
"The Aether","aether_legacy:zanite_trapdoor",4702,"false",12743,0,"Zanite Trapdoor","true","",""
"The Farlanders","farlanders:endumium_block",5199,"false",12817,0,"Block of Endumium","true","",""
"The Farlanders","farlanders:endumium_ore",5198,"false",12816,0,"Endumium Ore","true","",""
"TorchMaster","torchmaster:dread_lamp",4073,"false",10998,0,"Dread Lamp","true","",""
"TorchMaster","torchmaster:feral_flare_lantern",4074,"false",10999,0,"Feral Flare Lantern","true","",""
"TorchMaster","torchmaster:invisible_light",4075,"false",,,"tile.torchmaster.invisible_light.name","true","",""
"TorchMaster","torchmaster:mega_torch",4071,"true",10996,0,"Mega Torch","true","",""
"TorchMaster","torchmaster:mega_torch",4071,"true",10996,1,"Unlit Mega Torch","true","",""
"TorchMaster","torchmaster:terrain_lighter",4072,"false",10997,0,"Terrain Lighter","true","",""
"ToroQuest Revampd","toroquest:royalblock",4077,"false",,,"tile.toroquest.royalblock.name","true","",""
"ToroQuest Revampd","toroquest:torospawnerblock",4076,"false",,,"tile.toroSpawnerBlock.name","true","",""
"Traces of the Fallen","totf:armillary",4089,"false",11067,0,"Armillary","true","",""
"Traces of the Fallen","totf:bush_crate",4081,"false",11060,0,"Crate with Bush","true","",""
"Traces of the Fallen","totf:grave_marker",4083,"false",11062,0,"Grave Marker","true","",""
"Traces of the Fallen","totf:grave_rose",4085,"false",11039,0,"Grave Rose","true","",""
"Traces of the Fallen","totf:lost_cargo",4078,"false",11057,0,"Lost Cargo","true","",""
"Traces of the Fallen","totf:lost_crate_potions",4079,"false",11059,0,"Lost Cargo Potions","true","",""
"Traces of the Fallen","totf:rose",4084,"false",11063,0,"Rose","true","",""
"Traces of the Fallen","totf:skeleton_crate",4080,"false",11058,0,"Skeleton with crate","true","",""
"Traces of the Fallen","totf:stone_circle",4082,"false",11061,0,"Stone Circle","true","",""
"Traces of the Fallen","totf:tent",4086,"false",11064,0,"Tent","true","",""
"Traces of the Fallen","totf:tent_abandoned",4087,"false",11065,0,"Abandoned Tent","true","",""
"Traces of the Fallen","totf:tent_abandoned_idol",4088,"false",11066,0,"Abandoned Tent with Idol","true","",""
"Traverse","traverse:blue_rock",3978,"false",10307,0,"Crag Rock","true","stone",""
"Traverse","traverse:blue_rock_bricks",3979,"false",10308,0,"Crag Rock Bricks","true","",""
"Traverse","traverse:blue_rock_bricks_chiseled",3983,"false",10311,0,"Chiseled Crag Rock Bricks","true","",""
"Traverse","traverse:blue_rock_bricks_double_slab",3982,"false",,,"tile.traverse:blue_rock_bricks_double_slab.name","true","",""
"Traverse","traverse:blue_rock_bricks_slab",3981,"false",10310,0,"Crag Rock Bricks Slab","true","",""
"Traverse","traverse:blue_rock_bricks_stairs",3980,"false",10309,0,"Crag Rock Brick Stairs","true","",""
"Traverse","traverse:blue_rock_cobblestone",3986,"false",10313,0,"Crag Rock Cobblestone","true","cobblestone",""
"Traverse","traverse:blue_rock_cobblestone_double_slab",3989,"false",,,"tile.traverse:blue_rock_cobblestone_double_slab.name","true","",""
"Traverse","traverse:blue_rock_cobblestone_slab",3988,"false",10315,0,"Crag Rock Cobblestone Slab","true","",""
"Traverse","traverse:blue_rock_cobblestone_stairs",3987,"false",10314,0,"Crag Rock Cobblestone Stairs","true","",""
"Traverse","traverse:blue_rock_cobblestone_wall",3990,"false",10316,0,"Crag Rock Cobblestone Wall","true","",""
"Traverse","traverse:blue_rock_double_slab",3985,"false",,,"tile.traverse:blue_rock_double_slab.name","true","",""
"Traverse","traverse:blue_rock_slab",3984,"false",10312,0,"Crag Rock Slab","true","",""
"Traverse","traverse:brown_autumnal_leaves",3949,"false",10282,0,"Brown Autumnal Leaves","true","treeLeaves",""
"Traverse","traverse:brown_autumnal_sapling",3950,"false",10283,0,"Brown Autumnal Sapling","true","treeSapling",""
"Traverse","traverse:cold_grass",3992,"false",10318,0,"Cold Grass","true","",""
"Traverse","traverse:dead_grass",3991,"false",10317,0,"Dead Grass","true","",""
"Traverse","traverse:fir_door",3964,"false",10296,0,"Fir Door","true","",""
"Traverse","traverse:fir_double_slab",3961,"false",,,"tile.traverse:fir_double_slab.name","true","",""
"Traverse","traverse:fir_fence",3962,"false",10294,0,"Fir Fence","true","fenceGateWood",""
"Traverse","traverse:fir_fence_gate",3963,"false",10295,0,"Fir Fence Gate","true","",""
"Traverse","traverse:fir_leaves",3955,"false",10288,0,"Fir Leaves","true","treeLeaves",""
"Traverse","traverse:fir_log",3957,"false",10290,0,"Fir Wood","true","logWood",""
"Traverse","traverse:fir_planks",3958,"false",10291,0,"Fir Wood Planks","true","plankWood",""
"Traverse","traverse:fir_sapling",3956,"false",10289,0,"Fir Sapling","true","treeSapling",""
"Traverse","traverse:fir_slab",3960,"false",10293,0,"Fir Wood Slab","true","slabWood",""
"Traverse","traverse:fir_stairs",3959,"false",10292,0,"Fir Wood Stairs","true","stairWood",""
"Traverse","traverse:orange_autumnal_leaves",3951,"false",10284,0,"Orange Autumnal Leaves","true","treeLeaves",""
"Traverse","traverse:orange_autumnal_sapling",3952,"false",10285,0,"Orange Autumnal Sapling","true","treeSapling",""
"Traverse","traverse:red_autumnal_leaves",3947,"false",10280,0,"Red Autumnal Leaves","true","treeLeaves",""
"Traverse","traverse:red_autumnal_sapling",3948,"false",10281,0,"Red Autumnal Sapling","true","treeSapling",""
"Traverse","traverse:red_rock",3965,"false",10297,0,"Red Rock","true","stone",""
"Traverse","traverse:red_rock_bricks",3966,"false",10298,0,"Red Rock Bricks","true","",""
"Traverse","traverse:red_rock_bricks_chiseled",3970,"false",10301,0,"Chiseled Red Rock Bricks","true","",""
"Traverse","traverse:red_rock_bricks_double_slab",3969,"false",,,"tile.traverse:red_rock_bricks_double_slab.name","true","",""
"Traverse","traverse:red_rock_bricks_slab",3968,"false",10300,0,"Red Rock Bricks Slab","true","",""
"Traverse","traverse:red_rock_bricks_stairs",3967,"false",10299,0,"Red Rock Brick Stairs","true","",""
"Traverse","traverse:red_rock_cobblestone",3973,"false",10303,0,"Red Rock Cobblestone","true","cobblestone",""
"Traverse","traverse:red_rock_cobblestone_double_slab",3976,"false",,,"tile.traverse:red_rock_cobblestone_double_slab.name","true","",""
"Traverse","traverse:red_rock_cobblestone_slab",3975,"false",10305,0,"Red Rock Cobblestone Slab","true","",""
"Traverse","traverse:red_rock_cobblestone_stairs",3974,"false",10304,0,"Red Rock Cobblestone Stairs","true","",""
"Traverse","traverse:red_rock_cobblestone_wall",3977,"false",10306,0,"Red Rock Cobblestone Wall","true","",""
"Traverse","traverse:red_rock_double_slab",3972,"false",,,"tile.traverse:red_rock_double_slab.name","true","",""
"Traverse","traverse:red_rock_slab",3971,"false",10302,0,"Red Rock Slab","true","",""
"Traverse","traverse:yellow_autumnal_leaves",3953,"false",10286,0,"Yellow Autumnal Leaves","true","treeLeaves",""
"Traverse","traverse:yellow_autumnal_sapling",3954,"false",10287,0,"Yellow Autumnal Sapling","true","treeSapling",""
"Trinkets and Baubles","xat:cooled_magma",2287,"false",,,"tile.xat:cooled_magma.name","true","",""
"Trinkets and Baubles","xat:moon_rose",2271,"false",7242,0,"Moon Rose","true","",""
"Trinkets and Baubles","xat:teddy_bear",2272,"false",,,"tile.xat:teddy_bear.name","true","",""
"Trinkets and Baubles","xat:teddy_bear_artsy",2278,"false",,,"tile.xat:teddy_bear_artsy.name","true","",""
"Trinkets and Baubles","xat:teddy_bear_bee",2276,"false",,,"tile.xat:teddy_bear_bee.name","true","",""
"Trinkets and Baubles","xat:teddy_bear_boom",2284,"false",,,"tile.xat:teddy_bear_boom.name","true","",""
"Trinkets and Baubles","xat:teddy_bear_ken",2281,"false",,,"tile.xat:teddy_bear_ken.name","true","",""
"Trinkets and Baubles","xat:teddy_bear_nyan",2282,"false",,,"tile.xat:teddy_bear_nyan.name","true","",""
"Trinkets and Baubles","xat:teddy_bear_nyan_old",2283,"false",,,"tile.xat:teddy_bear_nyan_old.name","true","",""
"Trinkets and Baubles","xat:teddy_bear_panda",2277,"false",,,"tile.xat:teddy_bear_panda.name","true","",""
"Trinkets and Baubles","xat:teddy_bear_rembo",2273,"false",,,"tile.xat:teddy_bear_rembo.name","true","",""
"Trinkets and Baubles","xat:teddy_bear_rixxi",2285,"false",,,"tile.xat:teddy_bear_rixxi.name","true","",""
"Trinkets and Baubles","xat:teddy_bear_ryu",2280,"false",,,"tile.xat:teddy_bear_ryu.name","true","",""
"Trinkets and Baubles","xat:teddy_bear_scary",2274,"false",,,"tile.xat:teddy_bear_scary.name","true","",""
"Trinkets and Baubles","xat:teddy_bear_shivaxi",2275,"false",,,"tile.xat:teddy_bear_shivaxi.name","true","",""
"Trinkets and Baubles","xat:teddy_bear_snowie",2286,"false",,,"tile.xat:teddy_bear_snowie.name","true","",""
"Trinkets and Baubles","xat:teddy_bear_twilight",2279,"false",,,"tile.xat:teddy_bear_twilight.name","true","",""
"Unseen's Dungeon Additions","da:adventure_block",4116,"false",11140,0,"Block of Adventuric Metal","true","",""
"Unseen's Dungeon Additions","da:aegyptia_block",4118,"false",11142,0,"Block of Aegyptian Metal","true","",""
"Unseen's Dungeon Additions","da:aegyptian_spawner",4111,"false",11135,0,"Skull of the Past","true","",""
"Unseen's Dungeon Additions","da:alfera_crate",4159,"false",11183,0,"Alfera Crate","true","",""
"Unseen's Dungeon Additions","da:alfera_planks",4157,"false",11181,0,"Alfera Planks","true","",""
"Unseen's Dungeon Additions","da:alfera_planks_rod",4158,"false",11182,0,"Studded Alfera Planks","true","",""
"Unseen's Dungeon Additions","da:az_fence",4100,"false",11124,0,"Vine Wall","true","",""
"Unseen's Dungeon Additions","da:aza_vines",4095,"false",11119,0,"Azalea Vines","true","",""
"Unseen's Dungeon Additions","da:aza_vines_berries",4096,"false",11120,0,"Azalea Vines with Berries","true","",""
"Unseen's Dungeon Additions","da:azaela_leaf",4097,"false",11121,0,"Azalea Leaves","true","",""
"Unseen's Dungeon Additions","da:boss_resummon",4114,"false",11138,0,"Soul Altar","true","",""
"Unseen's Dungeon Additions","da:cave_spawner",4265,"false",11271,0,"Boss Spawner","true","",""
"Unseen's Dungeon Additions","da:change_block",4263,"false",11269,0,"Red Netherbrick Door","true","",""
"Unseen's Dungeon Additions","da:chisled_fire_stone",4103,"false",11127,0,"Fiery Chiseled Stonebrick","true","",""
"Unseen's Dungeon Additions","da:city_brick",4128,"false",11152,0,"Farum Bricks","true","",""
"Unseen's Dungeon Additions","da:city_brick_alt",4130,"false",11154,0,"Farum Road Bricks","true","",""
"Unseen's Dungeon Additions","da:city_brick_alt_double",4199,"false",,,"Double Farum Road Brick Slab","true","",""
"Unseen's Dungeon Additions","da:city_brick_alt_half",4200,"false",11222,0,"Farum Road Brick Slab","true","",""
"Unseen's Dungeon Additions","da:city_brick_double",4197,"false",,,"Double Farum Brick Slab","true","",""
"Unseen's Dungeon Additions","da:city_brick_half",4198,"false",11221,0,"Farum Brick Slab","true","",""
"Unseen's Dungeon Additions","da:city_brick_stairs",4186,"false",11210,0,"Farum Brick Stairs","true","",""
"Unseen's Dungeon Additions","da:city_brick_stairs_alt",4187,"false",11211,0,"Farum Road Brick Stairs","true","",""
"Unseen's Dungeon Additions","da:city_brick_wall",4239,"false",11245,0,"Farum Brick Wall","true","",""
"Unseen's Dungeon Additions","da:city_brick_wall_alt",4240,"false",11246,0,"Farum Brick Road Wall","true","",""
"Unseen's Dungeon Additions","da:city_chisled",4132,"false",11156,0,"Chiseled Farum Decorium","true","",""
"Unseen's Dungeon Additions","da:city_decoration",4131,"false",11155,0,"Farum Decorium","true","",""
"Unseen's Dungeon Additions","da:city_pillar",4135,"false",11159,0,"Farum Pillar","true","",""
"Unseen's Dungeon Additions","da:city_pillar_chisled",4136,"false",11160,0,"Chiseled Farum Pillar","true","",""
"Unseen's Dungeon Additions","da:city_smooth",4134,"false",11158,0,"Polished Farum Stone","true","",""
"Unseen's Dungeon Additions","da:city_smooth_wall",4242,"false",11248,0,"Polished Farum Stone Wall","true","",""
"Unseen's Dungeon Additions","da:city_tile",4133,"false",11157,0,"Farum Tiled Bricks","true","",""
"Unseen's Dungeon Additions","da:city_tile_double",4201,"false",,,"Double Farum Tiled Brick Slab","true","",""
"Unseen's Dungeon Additions","da:city_tile_half",4202,"false",11223,0,"Farum Tiled Brick Slab","true","",""
"Unseen's Dungeon Additions","da:city_tile_stairs",4188,"false",11212,0,"Farum Tiled Brick Stairs","true","",""
"Unseen's Dungeon Additions","da:city_tile_wall",4241,"false",11247,0,"Farum Tiled Wall","true","",""
"Unseen's Dungeon Additions","da:cold_brick",4125,"false",11149,0,"Chilled Petrogloom Brick","true","",""
"Unseen's Dungeon Additions","da:cold_brick_double",4217,"false",,,"Double Chilled Petrogloom Brick Slab","true","",""
"Unseen's Dungeon Additions","da:cold_brick_half",4218,"false",11231,0,"Chilled Petrogloom Brick Slab","true","",""
"Unseen's Dungeon Additions","da:cold_brick_lamp",4126,"false",11150,0,"Chilled Petrogloom Lamp","true","",""
"Unseen's Dungeon Additions","da:cold_brick_stairs",4183,"false",11207,0,"Chilled Petrogloom Brick Stairs","true","",""
"Unseen's Dungeon Additions","da:cold_brick_wall",4238,"false",11244,0,"Chilled Petrogloom Brick Wall","true","",""
"Unseen's Dungeon Additions","da:cold_carved",4167,"false",11191,0,"Chilled Carved Petrogloom","true","",""
"Unseen's Dungeon Additions","da:cold_pillar",4169,"false",11193,0,"Chilled Petrogloom Pillar","true","",""
"Unseen's Dungeon Additions","da:cold_rough",4177,"false",11201,0,"Chilled Petrogloom","true","",""
"Unseen's Dungeon Additions","da:cold_smooth",4165,"false",11189,0,"Smooth Chilled Petrogloom","true","",""
"Unseen's Dungeon Additions","da:cold_smooth_double",4211,"false",,,"Double Smooth Chilled Petrogloom Slab","true","",""
"Unseen's Dungeon Additions","da:cold_smooth_half",4212,"false",11228,0,"Smooth Chilled Petrogloom Slab","true","",""
"Unseen's Dungeon Additions","da:cold_smooth_stairs",4185,"false",11209,0,"Smooth Chilled Petrogloom Stairs","true","",""
"Unseen's Dungeon Additions","da:cold_smooth_wall",4236,"false",11242,0,"Smooth Chilled Petrogloom Wall","true","",""
"Unseen's Dungeon Additions","da:cold_stone",4123,"false",11147,0,"Chilled Petrogloom Cobblestone","true","",""
"Unseen's Dungeon Additions","da:cold_stone_double",4207,"false",,,"Double Chilled Petrogloom Cobblestone Slab","true","",""
"Unseen's Dungeon Additions","da:cold_stone_half",4208,"false",11226,0,"Chilled Petrogloom Cobblestone Slab","true","",""
"Unseen's Dungeon Additions","da:cold_stone_stairs",4181,"false",11205,0,"Chilled Petrogloom Cobblestone Stairs","true","",""
"Unseen's Dungeon Additions","da:cold_stone_wall",4234,"false",11240,0,"Chilled Petrogloom Cobblestone Wall","true","",""
"Unseen's Dungeon Additions","da:cold_triangle",4179,"false",11203,0,"Chilled Petrogloom Decoration Stone","true","",""
"Unseen's Dungeon Additions","da:coralite",4139,"false",11163,0,"Coralite","true","",""
"Unseen's Dungeon Additions","da:coralite_brick",4140,"false",11164,0,"Coralite Stonebricks","true","",""
"Unseen's Dungeon Additions","da:coralite_brick_double",4227,"false",,,"Doubled Coralite Stonebrick Slab","true","",""
"Unseen's Dungeon Additions","da:coralite_brick_half",4228,"false",11236,0,"Coralite Stonebrick Slab","true","",""
"Unseen's Dungeon Additions","da:coralite_brick_stairs",4194,"false",11218,0,"Coralite Stonebrick Stairs","true","",""
"Unseen's Dungeon Additions","da:coralite_brick_wall",4248,"false",11254,0,"Coralite Stonebrick Wall","true","",""
"Unseen's Dungeon Additions","da:coralite_chain",4252,"false",11258,0,"Coralite Steel Chain","true","",""
"Unseen's Dungeon Additions","da:coralite_decoration_brick",4141,"false",11165,0,"Coralite Decorative Stonebricks","true","",""
"Unseen's Dungeon Additions","da:coralite_decoration_tile",4143,"false",11167,0,"Coralite Decorative Tiled Bricks","true","",""
"Unseen's Dungeon Additions","da:coralite_lamp",4254,"false",11260,0,"Coralite Lantern","true","",""
"Unseen's Dungeon Additions","da:coralite_pillar",4174,"false",11198,0,"Coralite Pillar","true","",""
"Unseen's Dungeon Additions","da:coralite_tile",4142,"false",11166,0,"Coralite Tiled Bricks","true","",""
"Unseen's Dungeon Additions","da:coralite_tile_double",4229,"false",,,"Doubled Coralite Tiled Slab","true","",""
"Unseen's Dungeon Additions","da:coralite_tile_half",4230,"false",11237,0,"Coralite Tiled Slab","true","",""
"Unseen's Dungeon Additions","da:coralite_tile_wall",4249,"false",11255,0,"Coralite Tiled Wall","true","",""
"Unseen's Dungeon Additions","da:coralite_tiled_stairs",4195,"false",11219,0,"Coralite Tiled Stairs","true","",""
"Unseen's Dungeon Additions","da:crypt_block",4119,"false",11143,0,"Block of Dark Metal","true","",""
"Unseen's Dungeon Additions","da:dark_brick",4175,"false",11199,0,"Darglow Stone Brick","true","",""
"Unseen's Dungeon Additions","da:dark_spawner",4271,"false",11277,0,"Disappearing Dark Dungeon Spawner","true","",""
"Unseen's Dungeon Additions","da:darkglow_bars",4101,"false",11125,0,"Darkglow Bars","true","",""
"Unseen's Dungeon Additions","da:darkglow_brick_double",4225,"false",,,"Doubled Darkglow Brick Slab","true","",""
"Unseen's Dungeon Additions","da:darkglow_brick_half",4226,"false",11235,0,"Darkglow Brick Slab","true","",""
"Unseen's Dungeon Additions","da:darkglow_brick_stairs",4193,"false",11217,0,"Darkglow Brick Stairs","true","",""
"Unseen's Dungeon Additions","da:darkglow_brick_wall",4246,"false",11252,0,"Darkglow Brick Wall","true","",""
"Unseen's Dungeon Additions","da:darkglow_bricks",4150,"false",11174,0,"Darkglow Bricks","true","",""
"Unseen's Dungeon Additions","da:darkglow_decoration_bricks",4151,"false",11175,0,"Darkglow Decorium Bricks","true","",""
"Unseen's Dungeon Additions","da:darkglow_lit_bricks",4153,"false",11177,0,"Lit Darkglow Bricks","true","",""
"Unseen's Dungeon Additions","da:darkglow_lit_decoration_bricks",4154,"false",11178,0,"Lit Darkglow Decorium Bricks","true","",""
"Unseen's Dungeon Additions","da:darkglow_pillar",4171,"false",11195,0,"Darkglow Pillar","true","",""
"Unseen's Dungeon Additions","da:darkglow_pillar_eye",4173,"false",11197,0,"Darkglow Protector Eye","true","",""
"Unseen's Dungeon Additions","da:darkglow_pillar_lit",4172,"false",11196,0,"Darkglow Light Pillar","true","",""
"Unseen's Dungeon Additions","da:darkglow_stonebrick_double",4223,"false",,,"Doubled Darkglow Stone Brick Slab","true","",""
"Unseen's Dungeon Additions","da:darkglow_stonebrick_half",4224,"false",11234,0,"Darkglow Stone Brick Slab","true","",""
"Unseen's Dungeon Additions","da:darkglow_stonebrick_stairs",4192,"false",11216,0,"Darkglow Stone Brick Stairs","true","",""
"Unseen's Dungeon Additions","da:darkglow_stonebrick_wall",4247,"false",11253,0,"Darkglow Stone Brick Wall","true","",""
"Unseen's Dungeon Additions","da:darkglow_stonebricks",4149,"false",11173,0,"Darkglow Stone Bricks","true","",""
"Unseen's Dungeon Additions","da:darkglow_tile",4152,"false",11176,0,"Darkglow Stone Tiles","true","",""
"Unseen's Dungeon Additions","da:dungeon_brick",4092,"false",11116,0,"Dungeon Stone Bricks","true","",""
"Unseen's Dungeon Additions","da:dungeon_brick_double",4221,"false",,,"Double Dungeon Stone Brick Slab","true","",""
"Unseen's Dungeon Additions","da:dungeon_brick_half",4222,"false",11233,0,"Dungeon Stone Brick Slab","true","",""
"Unseen's Dungeon Additions","da:dungeon_brick_stairs",4191,"false",11215,0,"Dungeon Stone Brick Stairs","true","",""
"Unseen's Dungeon Additions","da:dungeon_brick_wall",4245,"false",11251,0,"Dungeon Stone Brick Wall","true","",""
"Unseen's Dungeon Additions","da:end_spawner",4269,"false",11275,0,"End Disappearing Spawner","true","",""
"Unseen's Dungeon Additions","da:fake_obsidian",4163,"false",11187,0,"Obsidilith Rune Point","true","",""
"Unseen's Dungeon Additions","da:farum_lantern",4253,"false",11259,0,"Farum Lantern","true","",""
"Unseen's Dungeon Additions","da:farum_rope",4251,"false",11257,0,"Farum Rope","true","",""
"Unseen's Dungeon Additions","da:farum_stone",4129,"false",11153,0,"Farum Stone","true","",""
"Unseen's Dungeon Additions","da:fire_stone",4102,"false",11126,0,"Fiery Stonebrick","true","",""
"Unseen's Dungeon Additions","da:fire_stone_double",4215,"false",,,"Fiery Stonebrick Double Slab","true","",""
"Unseen's Dungeon Additions","da:fire_stone_half",4216,"false",11230,0,"Fiery Stonebrick Slab","true","",""
"Unseen's Dungeon Additions","da:fire_stone_lit",4104,"false",11128,0,"Fiery Lit Stonebrick","true","",""
"Unseen's Dungeon Additions","da:fire_stone_stairs",4105,"false",11129,0,"Fiery Stonebrick Stairs","true","",""
"Unseen's Dungeon Additions","da:fire_stone_wall",4106,"false",11130,0,"Fiery Stonebrick Wall","true","",""
"Unseen's Dungeon Additions","da:frost_icicle",4255,"false",11261,0,"Frozen Icicle","true","",""
"Unseen's Dungeon Additions","da:frost_key_block",4110,"false",11134,0,"Frozen Castle Key Block","true","",""
"Unseen's Dungeon Additions","da:frostborn_block",4117,"false",11141,0,"Block of Frostborn Metal","true","",""
"Unseen's Dungeon Additions","da:gaelon_chunk",4156,"false",11180,0,"Gaelon Cluster","true","",""
"Unseen's Dungeon Additions","da:gaelon_crystal",4155,"false",11179,0,"Gaelon Crystal","true","",""
"Unseen's Dungeon Additions","da:gaelon_spawner",4270,"false",11276,0,"Disappearing Gaelon Sanctuary Spawner","true","",""
"Unseen's Dungeon Additions","da:gem_chisled_end_stone",4161,"false",11185,0,"Chiseled Jeweled End Stone","true","",""
"Unseen's Dungeon Additions","da:gem_end_stone",4160,"false",11184,0,"Jeweled End Bricks","true","",""
"Unseen's Dungeon Additions","da:gem_end_stone_double",4231,"false",,,"Doubled Jeweled End Brick Slab","true","",""
"Unseen's Dungeon Additions","da:gem_end_stone_half",4232,"false",11238,0,"Jeweled End Brick Slab","true","",""
"Unseen's Dungeon Additions","da:gem_end_stone_stairs",4196,"false",11220,0,"Jeweled End Brick Stairs","true","",""
"Unseen's Dungeon Additions","da:gem_end_stone_wall",4250,"false",11256,0,"Jeweled End Brick Wall","true","",""
"Unseen's Dungeon Additions","da:gloom_brick",4124,"false",11148,0,"Petrogloom Bricks","true","",""
"Unseen's Dungeon Additions","da:gloom_brick_double",4213,"false",,,"Double Petrogloom Brick Slab","true","",""
"Unseen's Dungeon Additions","da:gloom_brick_half",4214,"false",11229,0,"Petrogloom Brick Slab","true","",""
"Unseen's Dungeon Additions","da:gloom_brick_stairs",4182,"false",11206,0,"Petrogloom Brick Stairs","true","",""
"Unseen's Dungeon Additions","da:gloom_brick_wall",4237,"false",11243,0,"Petrogloom Brick Wall","true","",""
"Unseen's Dungeon Additions","da:gloom_carved",4166,"false",11190,0,"Carved Petrogloom","true","",""
"Unseen's Dungeon Additions","da:gloom_pillar",4168,"false",11192,0,"Petrogloom Pillar","true","",""
"Unseen's Dungeon Additions","da:gloom_rough",4176,"false",11200,0,"Petrogloom","true","",""
"Unseen's Dungeon Additions","da:gloom_smooth",4164,"false",11188,0,"Smooth Petrogloom","true","",""
"Unseen's Dungeon Additions","da:gloom_smooth_double",4209,"false",,,"Double Smooth Petrogloom Slab","true","",""
"Unseen's Dungeon Additions","da:gloom_smooth_half",4210,"false",11227,0,"Smooth Petrogloom Slab","true","",""
"Unseen's Dungeon Additions","da:gloom_smooth_stairs",4184,"false",11208,0,"Smooth Petrogloom Stairs","true","",""
"Unseen's Dungeon Additions","da:gloom_smooth_wall",4235,"false",11241,0,"Smooth Petrogloom Wall","true","",""
"Unseen's Dungeon Additions","da:gloom_stone",4122,"false",11146,0,"Petrogloom Cobblestone","true","",""
"Unseen's Dungeon Additions","da:gloom_stone_double",4205,"false",,,"Double Petrogloom Cobblestone Slab","true","",""
"Unseen's Dungeon Additions","da:gloom_stone_half",4206,"false",11225,0,"Petrogloom Cobblestone Slab","true","",""
"Unseen's Dungeon Additions","da:gloom_stone_stairs",4180,"false",11204,0,"Petrogloom Cobblestone Stairs","true","",""
"Unseen's Dungeon Additions","da:gloom_stone_wall",4233,"false",11239,0,"Petrogloom Cobblestone Wall","true","",""
"Unseen's Dungeon Additions","da:gloom_triangle",4178,"false",11202,0,"Petrogloom Decoration Stone","true","",""
"Unseen's Dungeon Additions","da:gold_city_brick",4137,"false",11161,0,"Gilded Farum Bricks","true","",""
"Unseen's Dungeon Additions","da:gold_city_brick_double",4203,"false",,,"Double Gilded Farum Brick Slab","true","",""
"Unseen's Dungeon Additions","da:gold_city_brick_half",4204,"false",11224,0,"Gilded Farum Brick Slab","true","",""
"Unseen's Dungeon Additions","da:gold_city_brick_stairs",4189,"false",11213,0,"Gilded Farum Brick Stairs","true","",""
"Unseen's Dungeon Additions","da:gold_city_brick_wall",4243,"false",11249,0,"Gilded Farum Brick Wall","true","",""
"Unseen's Dungeon Additions","da:grum_blocker",4261,"false",11267,0,"Grum Sealing Eye Pot","true","",""
"Unseen's Dungeon Additions","da:grum_brick",4138,"false",11162,0,"Grum Bricks","true","",""
"Unseen's Dungeon Additions","da:grum_brick_double",4219,"false",,,"Double Grum Brick Slab","true","",""
"Unseen's Dungeon Additions","da:grum_brick_half",4220,"false",11232,0,"Grum Brick Slab","true","",""
"Unseen's Dungeon Additions","da:grum_brick_stairs",4190,"false",11214,0,"Grum Brick Stairs","true","",""
"Unseen's Dungeon Additions","da:grum_brick_wall",4244,"false",11250,0,"Grum Brick Wall","true","",""
"Unseen's Dungeon Additions","da:grum_chisled",4144,"false",11168,0,"Chiseled Grum Stone","true","",""
"Unseen's Dungeon Additions","da:grum_chisled_tile",4148,"false",11172,0,"Chiseled Tiled Grum Bricks","true","",""
"Unseen's Dungeon Additions","da:grum_dispenser",4260,"false",11266,0,"Grum Feuler Dispenser","true","",""
"Unseen's Dungeon Additions","da:grum_displacer",4259,"false",11265,0,"Grum Displacer Lens","true","",""
"Unseen's Dungeon Additions","da:grum_pillar",4170,"false",11194,0,"Grum Pillar","true","",""
"Unseen's Dungeon Additions","da:grum_smooth",4146,"false",11170,0,"Smooth Grum Stone","true","",""
"Unseen's Dungeon Additions","da:grum_stone",4145,"false",11169,0,"Grum Stone","true","",""
"Unseen's Dungeon Additions","da:grum_tile",4147,"false",11171,0,"Tiled Grum Bricks","true","",""
"Unseen's Dungeon Additions","da:grum_tile_r",4262,"false",11268,0,"Grum Sealed Brick","true","",""
"Unseen's Dungeon Additions","da:high_spawner",4267,"false",11273,0,"High Court City Disappearing Spawner","true","",""
"Unseen's Dungeon Additions","da:knight_key_block",4109,"false",11133,0,"Rotten Hold Boss Key Block","true","",""
"Unseen's Dungeon Additions","da:knight_stone",4108,"false",11132,0,"Stormvier Decoration Block","true","",""
"Unseen's Dungeon Additions","da:levitation_block",4264,"false",11270,0,"Levitation Altar","true","",""
"Unseen's Dungeon Additions","da:litic_block",4121,"false",11145,0,"Block of Lithic Metal","true","",""
"Unseen's Dungeon Additions","da:mega_structure",4099,"false",11123,0,"Mega Structure Block","true","",""
"Unseen's Dungeon Additions","da:moss_block",4091,"false",11115,0,"Moss Block","true","",""
"Unseen's Dungeon Additions","da:moss_carpet",4094,"false",11118,0,"Moss Carpet","true","",""
"Unseen's Dungeon Additions","da:moss_spawner",4266,"false",11272,0,"Mossy Disappearing Spawner Block","true","",""
"Unseen's Dungeon Additions","da:mossy_dungeon_brick",4093,"false",11117,0,"Mossy Dungeon Stone Bricks","true","",""
"Unseen's Dungeon Additions","da:mossy_spruce",4107,"false",11131,0,"Mossy Spruce Planks","true","",""
"Unseen's Dungeon Additions","da:novik_block",4120,"false",11144,0,"Block of Novik Metal","true","",""
"Unseen's Dungeon Additions","da:obsidian_end_frame",4112,"false",11136,0,"Obsidian End Frame","true","",""
"Unseen's Dungeon Additions","da:obsidilith_rune",4162,"false",11186,0,"Obsidilith Rune","true","",""
"Unseen's Dungeon Additions","da:puzzle_mirror",4258,"false",11264,0,"Grum Ritual Lens","true","",""
"Unseen's Dungeon Additions","da:sky_key_block",4113,"false",11137,0,"High Court City Dungeon Block","true","",""
"Unseen's Dungeon Additions","da:snow_cold_brick",4127,"false",11151,0,"Snowy Chilled Petrogloom Bricks","true","",""
"Unseen's Dungeon Additions","da:soul_star_block",4256,"false",11262,0,"Chiseled Stone Altar Block","true","",""
"Unseen's Dungeon Additions","da:spore_blossom",4090,"false",11114,0,"Void Blossom","true","",""
"Unseen's Dungeon Additions","da:stormvier_block",4115,"false",11139,0,"Block of Stormvier Metal","true","",""
"Unseen's Dungeon Additions","da:strong_block",4098,"false",11122,0,"Flower Spawning Block","true","",""
"Unseen's Dungeon Additions","da:temple_spawner",4268,"false",11274,0,"Forgotten Temple Disappearing Spawner","true","",""
"Unseen's Dungeon Additions","da:void_lily",4257,"false",11263,0,"Void Lily","true","",""
"Unseens Nether Backport","nb:basalt",1543,"false",6102,0,"Basalt","true","",""
"Unseens Nether Backport","nb:black_bricks_slab_double",1553,"false",,,"Double Blackstone Bricks Slab","true","",""
"Unseens Nether Backport","nb:black_bricks_slab_half",1552,"false",6157,0,"Blackstone Bricks Slab","true","",""
"Unseens Nether Backport","nb:black_stone",1546,"false",6105,0,"Blackstone","true","cobblestone",""
"Unseens Nether Backport","nb:black_stone_brick_stairs",1554,"false",6109,0,"Polished Blackstone Brick Stairs","true","",""
"Unseens Nether Backport","nb:black_stone_bricks",1551,"false",6108,0,"Polished Blackstone Bricks","true","",""
"Unseens Nether Backport","nb:black_stone_slab_double",1548,"false",,,"Double Blackstone Slab","true","",""
"Unseens Nether Backport","nb:black_stone_slab_half",1547,"false",6156,0,"Blackstone Slab","true","",""
"Unseens Nether Backport","nb:black_stone_stairs",1549,"false",6106,0,"Blackstone Stairs","true","",""
"Unseens Nether Backport","nb:black_stone_wall",1550,"false",6107,0,"Blackstone Wall","true","",""
"Unseens Nether Backport","nb:bricks_stone_wall",1555,"false",6110,0,"Polished Blackstone Bricks Wall","true","",""
"Unseens Nether Backport","nb:chain_block",1563,"false",6116,0,"Chain","true","",""
"Unseens Nether Backport","nb:chisled_polished_black_stone",1562,"false",6115,0,"Chiseled Polished Blackstone","true","",""
"Unseens Nether Backport","nb:cracked_stone_bricks",1556,"false",6111,0,"Cracked Polished Blackstone Bricks","true","",""
"Unseens Nether Backport","nb:crimson_door",1567,"false",,,"Crimson Door","true","",""
"Unseens Nether Backport","nb:crimson_fence",1568,"false",6121,0,"Crimson Fence","true","",""
"Unseens Nether Backport","nb:crimson_fungus",1574,"false",6125,0,"Crimson Fungus","true","",""
"Unseens Nether Backport","nb:crimson_gate",1569,"false",6122,0,"Crimson Fence Gate","true","",""
"Unseens Nether Backport","nb:crimson_grass",1575,"false",6126,0,"Crimson Nylium","true","",""
"Unseens Nether Backport","nb:crimson_hyphae",1565,"false",6118,0,"Crimson Hyphae","true","",""
"Unseens Nether Backport","nb:crimson_planks",1566,"false",6119,0,"Crimson Planks","true","plankWood",""
"Unseens Nether Backport","nb:crimson_roots",1576,"false",6127,0,"Crimson Roots","true","",""
"Unseens Nether Backport","nb:crimson_slab_double",1571,"false",,,"Double Crimson Slab","true","",""
"Unseens Nether Backport","nb:crimson_slab_half",1570,"false",6159,0,"Crimson Slab","true","",""
"Unseens Nether Backport","nb:crimson_stairs",1572,"false",6123,0,"Crimson Stairs","true","stairWood",""
"Unseens Nether Backport","nb:crimson_stem",1564,"false",6117,0,"Crimson Stem","true","logWood",""
"Unseens Nether Backport","nb:crimson_trapdoor",1573,"false",6124,0,"Crimson Trapdoor","true","",""
"Unseens Nether Backport","nb:crimson_vine",1577,"false",6128,0,"Weeping Vines","true","",""
"Unseens Nether Backport","nb:crimson_wart",1578,"false",6129,0,"Crimson Wart Block","true","",""
"Unseens Nether Backport","nb:cry_obi",1579,"false",6130,0,"Crying Obsidian","true","",""
"Unseens Nether Backport","nb:gilded_blackstone",1580,"false",6131,0,"Gilded Blackstone","true","",""
"Unseens Nether Backport","nb:lode_stone",1581,"false",6132,0,"Lodestone","true","",""
"Unseens Nether Backport","nb:nether_gold_ore",1582,"false",6133,0,"Nether Gold Ore","true","",""
"Unseens Nether Backport","nb:piglin_head",1583,"false",6134,0,"Piglin Head","true","",""
"Unseens Nether Backport","nb:polished_basalt",1544,"false",6103,0,"Polished Basalt","true","",""
"Unseens Nether Backport","nb:polished_black_stone",1557,"false",6112,0,"Polished Blackstone","true","",""
"Unseens Nether Backport","nb:polished_black_stone_slab_double",1559,"false",,,"Double Polished Blackstone Slab","true","",""
"Unseens Nether Backport","nb:polished_black_stone_slab_half",1558,"false",6158,0,"Polished Blackstone Slab","true","",""
"Unseens Nether Backport","nb:polished_black_stone_stairs",1560,"false",6113,0,"Polished Blackstone Stairs","true","",""
"Unseens Nether Backport","nb:polished_stone_wall",1561,"false",6114,0,"Polished Blackstone Wall","true","",""
"Unseens Nether Backport","nb:quartz_bricks",1584,"false",6135,0,"Quartz Bricks","true","",""
"Unseens Nether Backport","nb:respawn_anchor",1585,"false",6136,0,"Respawn Anchor","true","",""
"Unseens Nether Backport","nb:shroom_light",1586,"false",6137,0,"Shroomlight","true","",""
"Unseens Nether Backport","nb:smooth_basalt",1545,"false",6104,0,"Smooth Basalt","true","",""
"Unseens Nether Backport","nb:soul_fire",1587,"false",6138,0,"Soul Fire","true","",""
"Unseens Nether Backport","nb:soul_lantern",1588,"false",6139,0,"Soul Lantern","true","",""
"Unseens Nether Backport","nb:soul_soil",1590,"false",6141,0,"Soul Soil","true","",""
"Unseens Nether Backport","nb:soul_torch",1589,"false",6140,0,"Soul Torch","true","",""
"Unseens Nether Backport","nb:warped_door",1594,"false",,,"Warped Door","true","",""
"Unseens Nether Backport","nb:warped_fence",1595,"false",6146,0,"Warped Fence","true","",""
"Unseens Nether Backport","nb:warped_fungus",1601,"false",6150,0,"Warped Fungus","true","",""
"Unseens Nether Backport","nb:warped_gate",1596,"false",6147,0,"Warped Fence Gate","true","",""
"Unseens Nether Backport","nb:warped_grass",1602,"false",6151,0,"Warped Nylium","true","",""
"Unseens Nether Backport","nb:warped_hyphae",1592,"false",6143,0,"Warped Hyphae","true","",""
"Unseens Nether Backport","nb:warped_planks",1593,"false",6144,0,"Warped Planks","true","plankWood",""
"Unseens Nether Backport","nb:warped_roots",1604,"false",6153,0,"Warped Roots","true","",""
"Unseens Nether Backport","nb:warped_slab_double",1598,"false",,,"Double Warped Slab","true","",""
"Unseens Nether Backport","nb:warped_slab_half",1597,"false",6160,0,"Warped Slab","true","",""
"Unseens Nether Backport","nb:warped_sprout",1605,"false",6154,0,"Nether Sprout","true","",""
"Unseens Nether Backport","nb:warped_stairs",1599,"false",6148,0,"Warped Stairs","true","stairWood",""
"Unseens Nether Backport","nb:warped_stem",1591,"false",6142,0,"Warped Stem","true","logWood",""
"Unseens Nether Backport","nb:warped_trapdoor",1600,"false",6149,0,"Warped Trapdoor","true","",""
"Unseens Nether Backport","nb:warped_vine",1606,"false",6155,0,"Twisting Vines","true","",""
"Unseens Nether Backport","nb:warped_wart",1603,"false",6152,0,"Warped Wart Block","true","",""
"Village Names","villagenames:lunaringoldbrick",752,"false",4734,0,"Lunarin Style Gold Brick","true","",""
"Village Names","villagenames:lunarinironbrick",753,"false",4735,0,"Lunarin Style Iron Brick","true","",""
"Waystones","waystones:waystone",4273,"false",11477,0,"Waystone","true","",""
"Wizardry Golems by Dan","wizardrygolems:living_snow",4608,"false",,,"Living Snow","true","",""
"Wizardry Golems by Dan","wizardrygolems:permafrost_custom",4607,"false",,,"Permafrost","true","",""
"Wizardry Tales","wizardry_tales:blooming_flower",4274,"false",,,"tile.wizardry_tales:blooming_flower.name","true","",""
"Wizardry Tales","wizardry_tales:conjured_air",4275,"false",,,"tile.wizardry_tales:conjured_air.name","true","",""
"WizardryNecromancersDelight","necromancersdelight:temporary_glowshroom",4609,"false",,,"tile.necromancersdelight:temporary_glowshroom.name","true","",""
"Zoo and Wild Animals Mod: Rebuilt","zawa:agavoid",4389,"false",11889,0,"Agavoid","true","",""
"Zoo and Wild Animals Mod: Rebuilt","zawa:amazon_sword",4391,"false",11891,0,"Amazon Sword","true","",""
"Zoo and Wild Animals Mod: Rebuilt","zawa:arctic_moss",4377,"false",11877,0,"Arctic Moss","true","",""
"Zoo and Wild Animals Mod: Rebuilt","zawa:bald_eagle_plush",4315,"false",11815,0,"Eagle Plush","true","",""
"Zoo and Wild Animals Mod: Rebuilt","zawa:bamboo",4362,"false",11862,0,"Bamboo","true","",""
"Zoo and Wild Animals Mod: Rebuilt","zawa:bamboo_decortation",4334,"false",11834,0,"Bamboo Decoration","true","",""
"Zoo and Wild Animals Mod: Rebuilt","zawa:bamboo_fence",4287,"false",11795,0,"Bamboo Fence","true","",""
"Zoo and Wild Animals Mod: Rebuilt","zawa:bar_fence",4286,"false",11794,0,"Bar Fence","true","",""
"Zoo and Wild Animals Mod: Rebuilt","zawa:bar_grate",4292,"false",11903,0,"Bar Grate","true","",""
"Zoo and Wild Animals Mod: Rebuilt","zawa:bar_grate_double",4293,"false",,,"tile.bar_grate_double.name","true","",""
"Zoo and Wild Animals Mod: Rebuilt","zawa:barfence_door",4277,"false",,,"item.barfence_door.name","true","",""
"Zoo and Wild Animals Mod: Rebuilt","zawa:barrel",4336,"false",11836,0,"Food Barrel","true","",""
"Zoo and Wild Animals Mod: Rebuilt","zawa:bassia",4393,"false",11893,0,"Bassia","true","",""
"Zoo and Wild Animals Mod: Rebuilt","zawa:beeplant",4371,"false",11871,0,"Beeplant","true","",""
"Zoo and Wild Animals Mod: Rebuilt","zawa:bellflowers",4373,"false",11873,0,"Bell Flower","true","",""
"Zoo and Wild Animals Mod: Rebuilt","zawa:bench",4282,"false",11790,0,"Bench","true","",""
"Zoo and Wild Animals Mod: Rebuilt","zawa:binoculars",4281,"false",11911,0,"Binoculars","true","",""
"Zoo and Wild Animals Mod: Rebuilt","zawa:bird_perch",4285,"false",11793,0,"Bird Perch","true","",""
"Zoo and Wild Animals Mod: Rebuilt","zawa:bladderwrack",4354,"false",11854,0,"Bladderwrack","true","",""
"Zoo and Wild Animals Mod: Rebuilt","zawa:brain_coral",4342,"false",11842,0,"Brain Coral","true","",""
"Zoo and Wild Animals Mod: Rebuilt","zawa:bromeliad",4365,"false",11865,0,"Bromeliad","true","",""
"Zoo and Wild Animals Mod: Rebuilt","zawa:campfire",4284,"false",11792,0,"Campfire","true","",""
"Zoo and Wild Animals Mod: Rebuilt","zawa:chiltepin",4401,"false",11901,0,"Chiltepin","true","",""
"Zoo and Wild Animals Mod: Rebuilt","zawa:cinnamon_fern",4390,"false",11890,0,"Cinnamon Fern","true","",""
"Zoo and Wild Animals Mod: Rebuilt","zawa:cockatoo_plush",4321,"false",11821,0,"Cockatoo Plush","true","",""
"Zoo and Wild Animals Mod: Rebuilt","zawa:coralberry",4399,"false",11899,0,"Coralberry","true","",""
"Zoo and Wild Animals Mod: Rebuilt","zawa:creeping_tick_trefoil",4397,"false",11897,0,"Creeping Tick Trefoil","true","",""
"Zoo and Wild Animals Mod: Rebuilt","zawa:dolphin_plush",4322,"false",11822,0,"Dolphin Plush","true","",""
"Zoo and Wild Animals Mod: Rebuilt","zawa:dried_bamboo",4363,"false",11863,0,"Dried Bamboo","true","",""
"Zoo and Wild Animals Mod: Rebuilt","zawa:dried_bamboo_decortation",4335,"false",11835,0,"Dried Bamboo Decoration","true","",""
"Zoo and Wild Animals Mod: Rebuilt","zawa:electric_fence",4300,"false",11800,0,"Electric Fence","true","",""
"Zoo and Wild Animals Mod: Rebuilt","zawa:elegance_coral",4343,"false",11843,0,"Elegance Coral","true","",""
"Zoo and Wild Animals Mod: Rebuilt","zawa:elephant_plush",4312,"false",11812,0,"Asian Elephant Plush","true","",""
"Zoo and Wild Animals Mod: Rebuilt","zawa:enrichment_ball",4368,"false",11868,0,"Enrichment Ball","true","",""
"Zoo and Wild Animals Mod: Rebuilt","zawa:eucalyptus_bottom",4384,"false",11884,0,"Eucalyptus","true","",""
"Zoo and Wild Animals Mod: Rebuilt","zawa:eucalyptus_top",4383,"false",11883,0,"Eucalyptus","true","",""
"Zoo and Wild Animals Mod: Rebuilt","zawa:eugenia_bottom",4386,"false",11886,0,"tile.eugenia_bottom.name","true","",""
"Zoo and Wild Animals Mod: Rebuilt","zawa:eugenia_top",4385,"false",11885,0,"tile.eugenia_top.name","true","",""
"Zoo and Wild Animals Mod: Rebuilt","zawa:exhibit_glass",4361,"false",11861,0,"Exhibit Glass","true","",""
"Zoo and Wild Animals Mod: Rebuilt","zawa:exhibit_glass_pane",4291,"false",11799,0,"Exhibit Glass Pane","true","",""
"Zoo and Wild Animals Mod: Rebuilt","zawa:fan_palm_bottom",4382,"false",11882,0,"Fan Palm","true","",""
"Zoo and Wild Animals Mod: Rebuilt","zawa:fan_palm_top",4381,"false",11881,0,"Fan Palm","true","",""
"Zoo and Wild Animals Mod: Rebuilt","zawa:fire_coral",4344,"false",11844,0,"Fire Coral","true","",""
"Zoo and Wild Animals Mod: Rebuilt","zawa:giraffe_plush",4316,"false",11816,0,"Giraffe Plush","true","",""
"Zoo and Wild Animals Mod: Rebuilt","zawa:gold_wall_lamp",4305,"false",11805,0,"Gold Wall Lamp","true","",""
"Zoo and Wild Animals Mod: Rebuilt","zawa:golden_barrel_cactus",4367,"false",11867,0,"Golden Barrel Cactus","true","",""
"Zoo and Wild Animals Mod: Rebuilt","zawa:golden_sparks",4376,"false",11876,0,"Golden Sparks","true","",""
"Zoo and Wild Animals Mod: Rebuilt","zawa:gorilla_plush",4311,"false",11811,0,"Gorilla Plush","true","",""
"Zoo and Wild Animals Mod: Rebuilt","zawa:gracilaria",4355,"false",11855,0,"Gracilaria","true","",""
"Zoo and Wild Animals Mod: Rebuilt","zawa:grizzly_plush",4317,"false",11817,0,"Grizzly Plush","true","",""
"Zoo and Wild Animals Mod: Rebuilt","zawa:hanging_ball",4369,"false",11869,0,"Hanging Ball","true","",""
"Zoo and Wild Animals Mod: Rebuilt","zawa:heat_lamp",4370,"false",11870,0,"Heat Lamp","true","",""
"Zoo and Wild Animals Mod: Rebuilt","zawa:iron_wall_lamp",4304,"false",11804,0,"Iron Wall Lamp","true","",""
"Zoo and Wild Animals Mod: Rebuilt","zawa:jinns_tongue",4400,"false",11900,0,"Jinn's Tongue","true","",""
"Zoo and Wild Animals Mod: Rebuilt","zawa:kangaroo_plush",4323,"false",11823,0,"Kangaroo Plush","true","",""
"Zoo and Wild Animals Mod: Rebuilt","zawa:karvy_bottom",4388,"false",11888,0,"Karvy","true","",""
"Zoo and Wild Animals Mod: Rebuilt","zawa:karvy_top",4387,"false",11887,0,"Karvy","true","",""
"Zoo and Wild Animals Mod: Rebuilt","zawa:kelp",4333,"false",11833,0,"Kelp","true","",""
"Zoo and Wild Animals Mod: Rebuilt","zawa:koala_plush",4331,"false",11831,0,"Koala Plush","true","",""
"Zoo and Wild Animals Mod: Rebuilt","zawa:lamp_base",4302,"false",11802,0,"Lamp Base","true","",""
"Zoo and Wild Animals Mod: Rebuilt","zawa:lamp_middle",4303,"false",11803,0,"Lamp Middle","true","",""
"Zoo and Wild Animals Mod: Rebuilt","zawa:lamp_top",4301,"false",11801,0,"Lamp Top","true","",""
"Zoo and Wild Animals Mod: Rebuilt","zawa:large_sea_anemone",4350,"false",11850,0,"Large Sea Anemone","true","",""
"Zoo and Wild Animals Mod: Rebuilt","zawa:large_sea_urchin",4353,"false",11853,0,"Large Sea Urchin","true","",""
"Zoo and Wild Animals Mod: Rebuilt","zawa:legume",4396,"false",11896,0,"Legume","true","",""
"Zoo and Wild Animals Mod: Rebuilt","zawa:lettuce_coral",4346,"false",11846,0,"Lettuce Coral","true","",""
"Zoo and Wild Animals Mod: Rebuilt","zawa:light",4283,"false",11791,0,"Light","true","",""
"Zoo and Wild Animals Mod: Rebuilt","zawa:lion_plush",4307,"false",11807,0,"Lion Plush","true","",""
"Zoo and Wild Animals Mod: Rebuilt","zawa:macaw_plush",4329,"false",11829,0,"Macaw Plush","true","",""
"Zoo and Wild Animals Mod: Rebuilt","zawa:macaw_plush_red",4330,"false",11830,0,"Red Macaw Plush","true","",""
"Zoo and Wild Animals Mod: Rebuilt","zawa:maireana",4394,"false",11894,0,"Maireana","true","",""
"Zoo and Wild Animals Mod: Rebuilt","zawa:mimosa_pudica",4402,"false",11902,0,"Mimosa Pudica","true","",""
"Zoo and Wild Animals Mod: Rebuilt","zawa:mixed_coral_plates",4347,"false",11847,0,"Mixed Coral Plate","true","",""
"Zoo and Wild Animals Mod: Rebuilt","zawa:mixed_coral_rocks",4348,"false",11848,0,"Mixed Coral Rocks","true","",""
"Zoo and Wild Animals Mod: Rebuilt","zawa:mixed_stone",4340,"false",11840,0,"Mixed Stone","true","",""
"Zoo and Wild Animals Mod: Rebuilt","zawa:mixed_stone_mossy",4341,"false",11841,0,"Mixed Stone Mossy","true","",""
"Zoo and Wild Animals Mod: Rebuilt","zawa:monkey_plush",4313,"false",11813,0,"Monkey Plush","true","",""
"Zoo and Wild Animals Mod: Rebuilt","zawa:moose_plush",4318,"false",11818,0,"Moose Plush","true","",""
"Zoo and Wild Animals Mod: Rebuilt","zawa:octopus_plush",4319,"false",11819,0,"Octopus Plush","true","",""
"Zoo and Wild Animals Mod: Rebuilt","zawa:okapi_plush",4324,"false",11824,0,"Okapi Plush","true","",""
"Zoo and Wild Animals Mod: Rebuilt","zawa:onion_grass",4398,"false",11898,0,"Onion Grass","true","",""
"Zoo and Wild Animals Mod: Rebuilt","zawa:orca_plush",4308,"false",11808,0,"Orca Plush","true","",""
"Zoo and Wild Animals Mod: Rebuilt","zawa:ostritch_fern",4372,"false",11872,0,"Ostritch Fern","true","",""
"Zoo and Wild Animals Mod: Rebuilt","zawa:paving_stone",4339,"false",11839,0,"Paving Stone","true","",""
"Zoo and Wild Animals Mod: Rebuilt","zawa:peach_flower",4374,"false",11874,0,"Peach Flower","true","",""
"Zoo and Wild Animals Mod: Rebuilt","zawa:platypus_plush",4310,"false",11810,0,"Platypus Plush","true","",""
"Zoo and Wild Animals Mod: Rebuilt","zawa:powder_fence",4288,"false",11796,0,"Powder Fence","true","",""
"Zoo and Wild Animals Mod: Rebuilt","zawa:powder_fence_door",4279,"false",,,"item.powder_fence_door.name","true","",""
"Zoo and Wild Animals Mod: Rebuilt","zawa:powder_grate",4298,"false",11906,0,"Powder Grate","true","",""
"Zoo and Wild Animals Mod: Rebuilt","zawa:powder_grate_double",4299,"false",,,"tile.powder_grate_double.name","true","",""
"Zoo and Wild Animals Mod: Rebuilt","zawa:pyropia",4356,"false",11856,0,"Pyropia","true","",""
"Zoo and Wild Animals Mod: Rebuilt","zawa:recycle_bin",4379,"false",11879,0,"Recycle Bin","true","",""
"Zoo and Wild Animals Mod: Rebuilt","zawa:red_panda_plush",4320,"false",11820,0,"Red Panda Plush","true","",""
"Zoo and Wild Animals Mod: Rebuilt","zawa:rhino_plush",4325,"false",11825,0,"Rhino Plush","true","",""
"Zoo and Wild Animals Mod: Rebuilt","zawa:river_stone",4338,"false",11838,0,"River Stones","true","",""
"Zoo and Wild Animals Mod: Rebuilt","zawa:rope",4358,"false",11858,0,"Rope","true","",""
"Zoo and Wild Animals Mod: Rebuilt","zawa:scratching_post",4380,"false",11880,0,"Scratching Post","true","",""
"Zoo and Wild Animals Mod: Rebuilt","zawa:sea_grass",4345,"false",11845,0,"Sea Grass","true","",""
"Zoo and Wild Animals Mod: Rebuilt","zawa:sea_urchin_tropical",4357,"false",11857,0,"Tropical Sea Urchin","true","",""
"Zoo and Wild Animals Mod: Rebuilt","zawa:shark_plush",4326,"false",11826,0,"Shark Plush","true","",""
"Zoo and Wild Animals Mod: Rebuilt","zawa:small_sea_anemone",4352,"false",11852,0,"Small Sea Anemone","true","",""
"Zoo and Wild Animals Mod: Rebuilt","zawa:small_sea_urchin",4351,"false",11851,0,"Small Sea Urchin","true","",""
"Zoo and Wild Animals Mod: Rebuilt","zawa:spleenwort",4392,"false",11892,0,"Spleenwort","true","",""
"Zoo and Wild Animals Mod: Rebuilt","zawa:staghorn_coral",4349,"false",11849,0,"Staghorn Coral","true","",""
"Zoo and Wild Animals Mod: Rebuilt","zawa:steel_bars",4289,"false",11797,0,"Steel Bars","true","",""
"Zoo and Wild Animals Mod: Rebuilt","zawa:steel_grate",4294,"false",11904,0,"Steel Grate","true","",""
"Zoo and Wild Animals Mod: Rebuilt","zawa:steel_grate_double",4295,"false",,,"tile.steel_grate_double.name","true","",""
"Zoo and Wild Animals Mod: Rebuilt","zawa:steelbar_door",4278,"false",,,"item.steelbar_door.name","true","",""
"Zoo and Wild Animals Mod: Rebuilt","zawa:stonecrop",4366,"false",11866,0,"Stonecrop","true","",""
"Zoo and Wild Animals Mod: Rebuilt","zawa:swing_wheel",4360,"false",11860,0,"Tire Swing","true","",""
"Zoo and Wild Animals Mod: Rebuilt","zawa:temple_bells",4375,"false",11875,0,"Temple Bells","true","",""
"Zoo and Wild Animals Mod: Rebuilt","zawa:thin_rope",4359,"false",11859,0,"Thin Rope","true","",""
"Zoo and Wild Animals Mod: Rebuilt","zawa:tiger_plush",4314,"false",11814,0,"Bengal Tiger Plush","true","",""
"Zoo and Wild Animals Mod: Rebuilt","zawa:turtle_plush",4309,"false",11809,0,"Hawksbill Sea Turtle Plush","true","",""
"Zoo and Wild Animals Mod: Rebuilt","zawa:underwater_feeder",4337,"false",11837,0,"Underwater Feeder","true","",""
"Zoo and Wild Animals Mod: Rebuilt","zawa:vine",4332,"false",11832,0,"Vines","true","",""
"Zoo and Wild Animals Mod: Rebuilt","zawa:violet",4395,"false",11895,0,"Violet","true","",""
"Zoo and Wild Animals Mod: Rebuilt","zawa:wall_lamp",4306,"false",11806,0,"Wall Lamp","true","",""
"Zoo and Wild Animals Mod: Rebuilt","zawa:waste_bin",4378,"false",11878,0,"Waste Bin","true","",""
"Zoo and Wild Animals Mod: Rebuilt","zawa:water_bowl",4280,"false",11789,0,"Water Bowl","true","",""
"Zoo and Wild Animals Mod: Rebuilt","zawa:wild_celery",4364,"false",11864,0,"Wild Celery","true","",""
"Zoo and Wild Animals Mod: Rebuilt","zawa:wired_fence",4290,"false",11798,0,"Wired Fence","true","",""
"Zoo and Wild Animals Mod: Rebuilt","zawa:wired_grate",4296,"false",11905,0,"Wired Grate","true","",""
"Zoo and Wild Animals Mod: Rebuilt","zawa:wired_grate_double",4297,"false",,,"tile.wired_grate_double.name","true","",""
"Zoo and Wild Animals Mod: Rebuilt","zawa:wirefence_door",4276,"false",,,"item.wirefence_door.name","true","",""
"Zoo and Wild Animals Mod: Rebuilt","zawa:zebra_plush",4327,"false",11827,0,"Zebra Plush","true","",""
"Zoo and Wild Animals Mod: Rebuilt","zawa:zebra_rainbow_plush",4328,"false",11828,0,"Rainbow Zebra Plush","true","",""
"iChunUtil","ichunutil:compact_porkchop",4739,"false",12846,0,"Compact Raw Porkchop","true","blockCompactRawPorkchop",""
"uppers","uppers:upper",4272,"false",11456,0,"Upper","true","",""
