"Mod name","Registry name","Hardness","Resistance"
"Abyssal Depths","abyssaldepths:seaweed",0.00,0.00
"Ancient Warfare Automation","ancientwarfareautomation:animal_farm",2.00,10.00
"Ancient Warfare Automation","ancientwarfareautomation:auto_crafting",2.00,10.00
"Ancient Warfare Automation","ancientwarfareautomation:chunk_loader_deluxe",2.00,10.00
"Ancient Warfare Automation","ancientwarfareautomation:chunk_loader_simple",2.00,10.00
"Ancient Warfare Automation","ancientwarfareautomation:crop_farm",2.00,10.00
"Ancient Warfare Automation","ancientwarfareautomation:fish_farm",2.00,10.00
"Ancient Warfare Automation","ancientwarfareautomation:flywheel_controller",2.00,10.00
"Ancient Warfare Automation","ancientwarfareautomation:flywheel_storage",2.00,10.00
"Ancient Warfare Automation","ancientwarfareautomation:fruit_farm",2.00,10.00
"Ancient Warfare Automation","ancientwarfareautomation:hand_cranked_generator",2.00,10.00
"Ancient Warfare Automation","ancientwarfareautomation:mailbox",2.00,10.00
"Ancient Warfare Automation","ancientwarfareautomation:quarry",2.00,10.00
"Ancient Warfare Automation","ancientwarfareautomation:stirling_generator",2.00,10.00
"Ancient Warfare Automation","ancientwarfareautomation:torque_distributor",2.00,10.00
"Ancient Warfare Automation","ancientwarfareautomation:torque_junction",2.00,10.00
"Ancient Warfare Automation","ancientwarfareautomation:torque_shaft",2.00,10.00
"Ancient Warfare Automation","ancientwarfareautomation:tree_farm",2.00,10.00
"Ancient Warfare Automation","ancientwarfareautomation:warehouse_control",2.00,10.00
"Ancient Warfare Automation","ancientwarfareautomation:warehouse_crafting",2.00,10.00
"Ancient Warfare Automation","ancientwarfareautomation:warehouse_interface",2.00,10.00
"Ancient Warfare Automation","ancientwarfareautomation:warehouse_stock_linker",2.00,10.00
"Ancient Warfare Automation","ancientwarfareautomation:warehouse_stock_viewer",2.00,10.00
"Ancient Warfare Automation","ancientwarfareautomation:warehouse_storage",2.00,10.00
"Ancient Warfare Automation","ancientwarfareautomation:waterwheel_generator",2.00,10.00
"Ancient Warfare Automation","ancientwarfareautomation:windmill_blade",2.00,10.00
"Ancient Warfare Automation","ancientwarfareautomation:windmill_generator",2.00,10.00
"Ancient Warfare Core","ancientwarfare:engineering_station",2.00,10.00
"Ancient Warfare Core","ancientwarfare:research_station",2.00,10.00
"Ancient Warfare NPCs","ancientwarfarenpc:town_hall",2.00,10.00
"Ancient Warfare Structures","ancientwarfarestructure:advanced_loot_chest",2.50,12.50
"Ancient Warfare Structures","ancientwarfarestructure:advanced_spawner",2.00,10.00
"Ancient Warfare Structures","ancientwarfarestructure:altar_candle",2.00,10.00
"Ancient Warfare Structures","ancientwarfarestructure:altar_lectern",2.00,10.00
"Ancient Warfare Structures","ancientwarfarestructure:altar_long_cloth",2.00,10.00
"Ancient Warfare Structures","ancientwarfarestructure:altar_short_cloth",2.00,10.00
"Ancient Warfare Structures","ancientwarfarestructure:altar_sun",2.00,10.00
"Ancient Warfare Structures","ancientwarfarestructure:bench",2.00,10.00
"Ancient Warfare Structures","ancientwarfarestructure:brazier_ember",2.00,10.00
"Ancient Warfare Structures","ancientwarfarestructure:brazier_flame",2.00,10.00
"Ancient Warfare Structures","ancientwarfarestructure:chair",2.00,10.00
"Ancient Warfare Structures","ancientwarfarestructure:coin_stack_ancient",0.30,1.20
"Ancient Warfare Structures","ancientwarfarestructure:coin_stack_copper",0.30,1.20
"Ancient Warfare Structures","ancientwarfarestructure:coin_stack_gold",0.30,1.20
"Ancient Warfare Structures","ancientwarfarestructure:coin_stack_silver",0.30,1.20
"Ancient Warfare Structures","ancientwarfarestructure:decorative_flag",2.00,15.00
"Ancient Warfare Structures","ancientwarfarestructure:drafting_station",2.00,10.00
"Ancient Warfare Structures","ancientwarfarestructure:fire_pit",2.00,10.00
"Ancient Warfare Structures","ancientwarfarestructure:gate_proxy",-1.00,18000000.00
"Ancient Warfare Structures","ancientwarfarestructure:gibbet",2.00,10.00
"Ancient Warfare Structures","ancientwarfarestructure:goblin_totem_1",2.00,10.00
"Ancient Warfare Structures","ancientwarfarestructure:goblin_totem_2",2.00,10.00
"Ancient Warfare Structures","ancientwarfarestructure:goblin_totem_2_lit",2.00,10.00
"Ancient Warfare Structures","ancientwarfarestructure:golden_idol",2.00,10.00
"Ancient Warfare Structures","ancientwarfarestructure:golden_throne",2.00,10.00
"Ancient Warfare Structures","ancientwarfarestructure:gravestone",4.00,20.00
"Ancient Warfare Structures","ancientwarfarestructure:iron_cage",2.00,10.00
"Ancient Warfare Structures","ancientwarfarestructure:loot_basket",2.00,10.00
"Ancient Warfare Structures","ancientwarfarestructure:orc_totem_1",2.00,10.00
"Ancient Warfare Structures","ancientwarfarestructure:orc_totem_2",2.00,10.00
"Ancient Warfare Structures","ancientwarfarestructure:orc_totem_2_lit",2.00,10.00
"Ancient Warfare Structures","ancientwarfarestructure:protection_flag",2.00,18000000.00
"Ancient Warfare Structures","ancientwarfarestructure:scissor_seat",2.00,10.00
"Ancient Warfare Structures","ancientwarfarestructure:sound_block",2.00,10.00
"Ancient Warfare Structures","ancientwarfarestructure:stake",2.00,10.00
"Ancient Warfare Structures","ancientwarfarestructure:statue",2.00,10.00
"Ancient Warfare Structures","ancientwarfarestructure:stone_coffin",2.00,10.00
"Ancient Warfare Structures","ancientwarfarestructure:stool",2.00,10.00
"Ancient Warfare Structures","ancientwarfarestructure:stretching_rack",2.00,10.00
"Ancient Warfare Structures","ancientwarfarestructure:structure_builder_ticked",2.00,10.00
"Ancient Warfare Structures","ancientwarfarestructure:structure_scanner_block",2.00,10.00
"Ancient Warfare Structures","ancientwarfarestructure:table",2.00,10.00
"Ancient Warfare Structures","ancientwarfarestructure:totem_part",2.00,10.00
"Ancient Warfare Structures","ancientwarfarestructure:tribal_chair",2.00,10.00
"Ancient Warfare Structures","ancientwarfarestructure:tribal_stool",2.00,10.00
"Ancient Warfare Structures","ancientwarfarestructure:urn",0.40,10.00
"Ancient Warfare Structures","ancientwarfarestructure:wooden_coffin",2.00,10.00
"Ancient Warfare Structures","ancientwarfarestructure:wooden_post",2.00,10.00
"Ancient Warfare Structures","ancientwarfarestructure:wooden_throne",2.00,10.00
"AncientSpellcraft","ancientspellcraft:arcane_anvil",3.00,15.00
"AncientSpellcraft","ancientspellcraft:arcane_flame",0.00,0.00
"AncientSpellcraft","ancientspellcraft:arcane_wall",-1.00,18000000.00
"AncientSpellcraft","ancientspellcraft:artefact_pensive",0.50,2.50
"AncientSpellcraft","ancientspellcraft:astral_diamond_ore",3.00,15.00
"AncientSpellcraft","ancientspellcraft:candlelight",0.00,0.00
"AncientSpellcraft","ancientspellcraft:concealed_block",-1.00,18000000.00
"AncientSpellcraft","ancientspellcraft:conjured_dirt",-1.00,18000000.00
"AncientSpellcraft","ancientspellcraft:conjured_magma",-1.00,18000000.00
"AncientSpellcraft","ancientspellcraft:conjured_snow",0.50,2.50
"AncientSpellcraft","ancientspellcraft:crystal_mine",0.00,0.00
"AncientSpellcraft","ancientspellcraft:crystal_ore_earth",3.00,15.00
"AncientSpellcraft","ancientspellcraft:crystal_ore_fire",3.00,15.00
"AncientSpellcraft","ancientspellcraft:crystal_ore_healing",3.00,15.00
"AncientSpellcraft","ancientspellcraft:crystal_ore_ice",3.00,15.00
"AncientSpellcraft","ancientspellcraft:crystal_ore_lightning",3.00,15.00
"AncientSpellcraft","ancientspellcraft:crystal_ore_necromancy",3.00,15.00
"AncientSpellcraft","ancientspellcraft:crystal_ore_sorcery",3.00,15.00
"AncientSpellcraft","ancientspellcraft:crystal_silver_ore",3.00,15.00
"AncientSpellcraft","ancientspellcraft:devoritium_bars",5.00,18.00
"AncientSpellcraft","ancientspellcraft:devoritium_block",5.00,18.00
"AncientSpellcraft","ancientspellcraft:devoritium_door",5.00,18.00
"AncientSpellcraft","ancientspellcraft:devoritium_gilded_stone",5.00,18.00
"AncientSpellcraft","ancientspellcraft:devoritium_ore",5.00,18.00
"AncientSpellcraft","ancientspellcraft:dimension_boundary",-1.00,18000000.00
"AncientSpellcraft","ancientspellcraft:dimension_boundary_earth",-1.00,18000000.00
"AncientSpellcraft","ancientspellcraft:dimension_boundary_fire",-1.00,18000000.00
"AncientSpellcraft","ancientspellcraft:dimension_boundary_healing",-1.00,18000000.00
"AncientSpellcraft","ancientspellcraft:dimension_boundary_ice",-1.00,18000000.00
"AncientSpellcraft","ancientspellcraft:dimension_boundary_lightning",-1.00,18000000.00
"AncientSpellcraft","ancientspellcraft:dimension_boundary_magic",-1.00,18000000.00
"AncientSpellcraft","ancientspellcraft:dimension_boundary_necromancy",-1.00,18000000.00
"AncientSpellcraft","ancientspellcraft:dimension_boundary_sorcery",-1.00,18000000.00
"AncientSpellcraft","ancientspellcraft:dimension_focus",-1.00,18000004.00
"AncientSpellcraft","ancientspellcraft:dimension_focus_gold",-1.00,18000004.00
"AncientSpellcraft","ancientspellcraft:hard_frosted_ice",50.00,6000.00
"AncientSpellcraft","ancientspellcraft:ice_crafting_table",1.00,5.00
"AncientSpellcraft","ancientspellcraft:ice_door",0.00,0.00
"AncientSpellcraft","ancientspellcraft:imbuement_altar_ruined",3.00,15.00
"AncientSpellcraft","ancientspellcraft:leaves_crystal_tree",0.20,1.00
"AncientSpellcraft","ancientspellcraft:lightning_block",-1.00,18000000.00
"AncientSpellcraft","ancientspellcraft:log_crystal_tree",2.00,10.00
"AncientSpellcraft","ancientspellcraft:magelight",0.00,0.00
"AncientSpellcraft","ancientspellcraft:master_bolt",0.10,0.50
"AncientSpellcraft","ancientspellcraft:mushroom_cleansing",4.00,20.00
"AncientSpellcraft","ancientspellcraft:mushroom_empowering",4.00,20.00
"AncientSpellcraft","ancientspellcraft:mushroom_explosive",4.00,20.00
"AncientSpellcraft","ancientspellcraft:mushroom_fire",4.00,20.00
"AncientSpellcraft","ancientspellcraft:mushroom_force",4.00,20.00
"AncientSpellcraft","ancientspellcraft:mushroom_healing",4.00,20.00
"AncientSpellcraft","ancientspellcraft:mushroom_ice",4.00,20.00
"AncientSpellcraft","ancientspellcraft:mushroom_mind",4.00,20.00
"AncientSpellcraft","ancientspellcraft:mushroom_poison",4.00,20.00
"AncientSpellcraft","ancientspellcraft:mushroom_shocking",4.00,20.00
"AncientSpellcraft","ancientspellcraft:mushroom_wither",4.00,20.00
"AncientSpellcraft","ancientspellcraft:nether_fire",0.00,0.00
"AncientSpellcraft","ancientspellcraft:placed_rune",50.00,6000.00
"AncientSpellcraft","ancientspellcraft:quicksand",-1.00,18000000.00
"AncientSpellcraft","ancientspellcraft:rune_used",0.00,0.00
"AncientSpellcraft","ancientspellcraft:sage_flax",0.00,0.00
"AncientSpellcraft","ancientspellcraft:sage_flax_day",0.00,0.00
"AncientSpellcraft","ancientspellcraft:sage_lectern",2.00,15.00
"AncientSpellcraft","ancientspellcraft:scribing_desk",2.00,15.00
"AncientSpellcraft","ancientspellcraft:sealed_stone",-1.00,18000000.00
"AncientSpellcraft","ancientspellcraft:sentinel_block_diamond",10.50,52.50
"AncientSpellcraft","ancientspellcraft:sentinel_block_gold",10.50,52.50
"AncientSpellcraft","ancientspellcraft:sentinel_block_iron",10.50,52.50
"AncientSpellcraft","ancientspellcraft:sentinel_block_large_diamond",10.50,52.50
"AncientSpellcraft","ancientspellcraft:sentinel_block_large_gold",10.50,52.50
"AncientSpellcraft","ancientspellcraft:sentinel_block_large_iron",10.50,52.50
"AncientSpellcraft","ancientspellcraft:skull_watch",1.00,5.00
"AncientSpellcraft","ancientspellcraft:snow_double_slab",0.00,0.00
"AncientSpellcraft","ancientspellcraft:snow_slab",0.00,0.00
"AncientSpellcraft","ancientspellcraft:sphere_cognizance",0.50,2.50
"AncientSpellcraft","ancientspellcraft:teleportation_flame",1.00,5.00
"AncientSpellcraft","ancientspellcraft:unseal_button",-1.00,18000000.00
"AncientSpellcraft","ancientspellcraft:unsealed_stone",3.00,15.00
"AncientSpellcraft","ancientspellcraft:wildfire_flame",0.00,0.00
"Beast Slayer","ancientbeasts:cursed_door",2.00,10.00
"Beast Slayer","ancientbeasts:cursed_fence",2.00,10.00
"Beast Slayer","ancientbeasts:cursed_gate",2.00,10.00
"Beast Slayer","ancientbeasts:cursed_leaves",0.20,1.00
"Beast Slayer","ancientbeasts:cursed_log",2.00,10.00
"Beast Slayer","ancientbeasts:cursed_plank",2.00,10.00
"Beast Slayer","ancientbeasts:cursed_sapling",0.00,0.00
"Beast Slayer","ancientbeasts:cursed_slab_double",2.00,10.00
"Beast Slayer","ancientbeasts:cursed_slab_half",2.00,10.00
"Beast Slayer","ancientbeasts:cursed_stairs",2.00,10.00
"Beast Slayer","ancientbeasts:green_torch",0.00,0.00
"Beast Slayer","ancientbeasts:hanging_leaves",0.40,2.00
"Beast Slayer","ancientbeasts:moving_light_source",0.00,0.00
"Beast Slayer","ancientbeasts:pokey",3.50,17.50
"Beast Slayer","ancientbeasts:skewer",3.50,17.50
"Beast Slayer","ancientbeasts:spiky",-1.00,17.50
"Beast Slayer","ancientbeasts:stick_wall",1.00,5.00
"Beast Slayer","ancientbeasts:thatch",0.80,4.00
"Better Animals Plus","betteranimalsplus:bearhead",0.00,0.00
"Better Animals Plus","betteranimalsplus:bearhead_1",0.80,4.00
"Better Animals Plus","betteranimalsplus:bearhead_2",0.80,4.00
"Better Animals Plus","betteranimalsplus:bearhead_3",0.80,4.00
"Better Animals Plus","betteranimalsplus:boarhead",0.00,0.00
"Better Animals Plus","betteranimalsplus:boarhead_1",0.80,4.00
"Better Animals Plus","betteranimalsplus:boarhead_2",0.80,4.00
"Better Animals Plus","betteranimalsplus:boarhead_3",0.80,4.00
"Better Animals Plus","betteranimalsplus:boarhead_4",0.80,4.00
"Better Animals Plus","betteranimalsplus:coyotehead",0.00,0.00
"Better Animals Plus","betteranimalsplus:coyotehead_1",0.80,4.00
"Better Animals Plus","betteranimalsplus:deerhead",0.00,0.00
"Better Animals Plus","betteranimalsplus:deerhead_1",0.80,4.00
"Better Animals Plus","betteranimalsplus:deerhead_2",0.80,4.00
"Better Animals Plus","betteranimalsplus:deerhead_3",0.80,4.00
"Better Animals Plus","betteranimalsplus:deerhead_4",0.80,4.00
"Better Animals Plus","betteranimalsplus:foxhead",0.00,0.00
"Better Animals Plus","betteranimalsplus:foxhead_1",0.80,4.00
"Better Animals Plus","betteranimalsplus:foxhead_2",0.80,4.00
"Better Animals Plus","betteranimalsplus:foxhead_3",0.80,4.00
"Better Animals Plus","betteranimalsplus:foxhead_4",0.80,4.00
"Better Animals Plus","betteranimalsplus:handoffate",3.00,15.00
"Better Animals Plus","betteranimalsplus:hirschgeistskull",0.00,0.00
"Better Animals Plus","betteranimalsplus:hirschgeistskull_1",0.80,4.00
"Better Animals Plus","betteranimalsplus:moosehead",0.00,0.00
"Better Animals Plus","betteranimalsplus:moosehead_1",0.80,4.00
"Better Animals Plus","betteranimalsplus:moosehead_2",0.80,4.00
"Better Animals Plus","betteranimalsplus:moosehead_3",0.80,4.00
"Better Animals Plus","betteranimalsplus:moosehead_4",0.80,4.00
"Better Animals Plus","betteranimalsplus:reindeerhead",0.00,0.00
"Better Animals Plus","betteranimalsplus:reindeerhead_1",0.80,4.00
"Better Animals Plus","betteranimalsplus:reindeerhead_2",0.80,4.00
"Better Animals Plus","betteranimalsplus:reindeerhead_3",0.80,4.00
"Better Animals Plus","betteranimalsplus:reindeerhead_4",0.80,4.00
"Better Animals Plus","betteranimalsplus:trillium",0.00,0.00
"Better Animals Plus","betteranimalsplus:turkey_cooked",0.00,0.00
"Better Animals Plus","betteranimalsplus:turkey_eaten_cooked",0.00,0.00
"Better Animals Plus","betteranimalsplus:turkey_eaten_raw",0.00,0.00
"Better Animals Plus","betteranimalsplus:turkey_raw",0.00,0.00
"Better Animals Plus","betteranimalsplus:wolfhead",0.00,0.00
"Better Animals Plus","betteranimalsplus:wolfhead_1",0.80,4.00
"Better Animals Plus","betteranimalsplus:wolfhead_2",0.80,4.00
"Better Animals Plus","betteranimalsplus:wolfhead_3",0.80,4.00
"Better Animals Plus","betteranimalsplus:wolfhead_4",0.80,4.00
"Better Animals Plus","betteranimalsplus:wolfhead_5",0.80,4.00
"Better Animals Plus","betteranimalsplus:wolfhead_6",0.80,4.00
"Better End","betterendforge:aeridium",0.00,0.00
"Better End","betterendforge:aeternium_block",65.00,3600.00
"Better End","betterendforge:amaranita_cap",0.00,0.00
"Better End","betterendforge:amaranita_fur",0.00,0.00
"Better End","betterendforge:amaranita_hymenophore",0.00,0.00
"Better End","betterendforge:amaranita_hyphae",2.00,9.00
"Better End","betterendforge:amaranita_lantern",0.00,0.00
"Better End","betterendforge:amaranita_stem",2.00,9.00
"Better End","betterendforge:amber_block",5.00,18.00
"Better End","betterendforge:amber_grass",0.00,0.00
"Better End","betterendforge:amber_moss",3.00,27.00
"Better End","betterendforge:amber_moss_path",3.00,16.20
"Better End","betterendforge:amber_ore",3.00,27.00
"Better End","betterendforge:amber_root_seed",0.00,0.00
"Better End","betterendforge:ancient_emerald_ice",50.00,250.00
"Better End","betterendforge:andesite_lantern",3.00,15.00
"Better End","betterendforge:andesite_pedestal",0.00,0.00
"Better End","betterendforge:aurant_polypore",0.20,0.60
"Better End","betterendforge:aurora_crystal",1.00,3.00
"Better End","betterendforge:azure_jadestone",3.00,27.00
"Better End","betterendforge:azure_jadestone_bricks",3.00,27.00
"Better End","betterendforge:azure_jadestone_bricks_slab",3.00,27.00
"Better End","betterendforge:azure_jadestone_bricks_stairs",3.00,27.00
"Better End","betterendforge:azure_jadestone_bricks_wall",3.00,27.00
"Better End","betterendforge:azure_jadestone_furnace",0.00,0.00
"Better End","betterendforge:azure_jadestone_lantern",3.00,27.00
"Better End","betterendforge:azure_jadestone_pedestal",3.00,27.00
"Better End","betterendforge:azure_jadestone_pillar",3.00,27.00
"Better End","betterendforge:azure_jadestone_polished",3.00,27.00
"Better End","betterendforge:azure_jadestone_pressure_plate",3.00,27.00
"Better End","betterendforge:azure_jadestone_slab",3.00,27.00
"Better End","betterendforge:azure_jadestone_stairs",3.00,27.00
"Better End","betterendforge:azure_jadestone_tiles",3.00,27.00
"Better End","betterendforge:azure_jadestone_wall",3.00,27.00
"Better End","betterendforge:blackstone_lantern",3.00,15.00
"Better End","betterendforge:blooming_cooksonia",0.00,0.00
"Better End","betterendforge:blossom_berry_seed",0.00,0.00
"Better End","betterendforge:blue_vine",0.00,0.00
"Better End","betterendforge:blue_vine_fur",0.00,0.00
"Better End","betterendforge:blue_vine_lantern",0.00,0.00
"Better End","betterendforge:blue_vine_seed",0.00,0.00
"Better End","betterendforge:bolux_mushroom",0.00,0.00
"Better End","betterendforge:brimstone",3.00,27.00
"Better End","betterendforge:bubble_coral",0.00,0.00
"Better End","betterendforge:bulb_moss",0.00,0.00
"Better End","betterendforge:bulb_vine",0.00,0.00
"Better End","betterendforge:bulb_vine_seed",0.00,0.00
"Better End","betterendforge:bushy_grass",0.00,0.00
"Better End","betterendforge:cave_bush",0.20,0.60
"Better End","betterendforge:cave_grass",0.00,0.00
"Better End","betterendforge:cave_moss",3.00,27.00
"Better End","betterendforge:cave_moss_path",3.00,16.20
"Better End","betterendforge:charcoal_block",3.00,15.00
"Better End","betterendforge:charnia_cyan",0.00,0.00
"Better End","betterendforge:charnia_green",0.00,0.00
"Better End","betterendforge:charnia_light_blue",0.00,0.00
"Better End","betterendforge:charnia_orange",0.00,0.00
"Better End","betterendforge:charnia_purple",0.00,0.00
"Better End","betterendforge:charnia_red",0.00,0.00
"Better End","betterendforge:chorus_grass",0.00,0.00
"Better End","betterendforge:chorus_mushroom_seed",0.00,0.00
"Better End","betterendforge:chorus_nylium",3.00,27.00
"Better End","betterendforge:chorus_nylium_path",3.00,16.20
"Better End","betterendforge:clawfern",0.00,0.00
"Better End","betterendforge:creeping_moss",0.00,0.00
"Better End","betterendforge:crystal_grass",0.00,0.00
"Better End","betterendforge:crystal_moss",3.00,27.00
"Better End","betterendforge:crystal_moss_path",3.00,16.20
"Better End","betterendforge:cyan_moss",0.00,0.00
"Better End","betterendforge:dense_emerald_ice",0.50,2.50
"Better End","betterendforge:dense_snow",0.20,0.60
"Better End","betterendforge:dense_vine",0.00,0.00
"Better End","betterendforge:diorite_lantern",3.00,15.00
"Better End","betterendforge:diorite_pedestal",0.00,0.00
"Better End","betterendforge:dragon_bone_block",2.00,6.00
"Better End","betterendforge:dragon_bone_slab",2.00,6.00
"Better End","betterendforge:dragon_bone_stairs",2.00,6.00
"Better End","betterendforge:dragon_tree_bark",2.00,10.00
"Better End","betterendforge:dragon_tree_bookshelf",2.00,10.00
"Better End","betterendforge:dragon_tree_chest",2.00,10.00
"Better End","betterendforge:dragon_tree_crafting_table",2.00,10.00
"Better End","betterendforge:dragon_tree_door",3.00,15.00
"Better End","betterendforge:dragon_tree_fence",2.00,10.00
"Better End","betterendforge:dragon_tree_ladder",2.00,10.00
"Better End","betterendforge:dragon_tree_leaves",0.20,0.60
"Better End","betterendforge:dragon_tree_log",2.00,10.00
"Better End","betterendforge:dragon_tree_planks",2.00,10.00
"Better End","betterendforge:dragon_tree_pressure_plate",2.00,10.00
"Better End","betterendforge:dragon_tree_sapling",0.00,0.00
"Better End","betterendforge:dragon_tree_sign_standing",2.00,10.00
"Better End","betterendforge:dragon_tree_sign_wall",2.00,10.00
"Better End","betterendforge:dragon_tree_slab",2.00,10.00
"Better End","betterendforge:dragon_tree_stairs",2.00,10.00
"Better End","betterendforge:dragon_tree_stripped_bark",2.00,10.00
"Better End","betterendforge:dragon_tree_stripped_log",2.00,10.00
"Better End","betterendforge:dragon_tree_trapdoor",2.00,15.00
"Better End","betterendforge:emerald_ice",0.50,2.50
"Better End","betterendforge:end_lily",0.00,0.00
"Better End","betterendforge:end_lily_seed",0.00,0.00
"Better End","betterendforge:end_lotus_bark",2.00,10.00
"Better End","betterendforge:end_lotus_bookshelf",2.00,10.00
"Better End","betterendforge:end_lotus_chest",2.00,10.00
"Better End","betterendforge:end_lotus_crafting_table",2.00,10.00
"Better End","betterendforge:end_lotus_door",3.00,15.00
"Better End","betterendforge:end_lotus_fence",2.00,10.00
"Better End","betterendforge:end_lotus_flower",0.00,0.00
"Better End","betterendforge:end_lotus_ladder",2.00,10.00
"Better End","betterendforge:end_lotus_leaf",0.00,0.00
"Better End","betterendforge:end_lotus_log",2.00,10.00
"Better End","betterendforge:end_lotus_planks",2.00,10.00
"Better End","betterendforge:end_lotus_pressure_plate",2.00,10.00
"Better End","betterendforge:end_lotus_seed",0.00,0.00
"Better End","betterendforge:end_lotus_sign_standing",2.00,10.00
"Better End","betterendforge:end_lotus_sign_wall",2.00,10.00
"Better End","betterendforge:end_lotus_slab",2.00,10.00
"Better End","betterendforge:end_lotus_stairs",2.00,10.00
"Better End","betterendforge:end_lotus_stem",2.00,15.00
"Better End","betterendforge:end_lotus_stripped_bark",2.00,10.00
"Better End","betterendforge:end_lotus_stripped_log",2.00,10.00
"Better End","betterendforge:end_lotus_trapdoor",2.00,15.00
"Better End","betterendforge:end_moss",3.00,27.00
"Better End","betterendforge:end_moss_path",3.00,16.20
"Better End","betterendforge:end_mycelium",3.00,27.00
"Better End","betterendforge:end_mycelium_path",3.00,16.20
"Better End","betterendforge:end_portal_block",-1.00,-3.00
"Better End","betterendforge:end_stone_furnace",3.00,45.00
"Better End","betterendforge:end_stone_furnace_lit",3.00,45.00
"Better End","betterendforge:end_stone_lantern",3.00,15.00
"Better End","betterendforge:end_stone_smelter",4.00,300.00
"Better End","betterendforge:end_stone_stalactite",3.00,45.00
"Better End","betterendforge:end_stone_stalactite_cavemoss",3.00,27.00
"Better End","betterendforge:ender_block",5.00,18.00
"Better End","betterendforge:ender_ore",3.00,27.00
"Better End","betterendforge:endstone_dust",0.50,1.50
"Better End","betterendforge:eternal_pedestal",-1.00,10800000.00
"Better End","betterendforge:filalux",0.00,0.00
"Better End","betterendforge:filalux_lantern",0.00,0.00
"Better End","betterendforge:filalux_wings",0.00,0.00
"Better End","betterendforge:flamaea",0.00,0.00
"Better End","betterendforge:flammalix",0.00,0.00
"Better End","betterendforge:flavolite",3.00,27.00
"Better End","betterendforge:flavolite_bricks",3.00,27.00
"Better End","betterendforge:flavolite_bricks_slab",3.00,27.00
"Better End","betterendforge:flavolite_bricks_stairs",3.00,27.00
"Better End","betterendforge:flavolite_bricks_wall",3.00,27.00
"Better End","betterendforge:flavolite_furnace",0.00,0.00
"Better End","betterendforge:flavolite_lantern",3.00,27.00
"Better End","betterendforge:flavolite_pedestal",3.00,27.00
"Better End","betterendforge:flavolite_pillar",3.00,27.00
"Better End","betterendforge:flavolite_polished",3.00,27.00
"Better End","betterendforge:flavolite_pressure_plate",3.00,27.00
"Better End","betterendforge:flavolite_runed",3.00,6000.00
"Better End","betterendforge:flavolite_runed_eternal",-1.00,10800000.00
"Better End","betterendforge:flavolite_slab",3.00,27.00
"Better End","betterendforge:flavolite_stairs",3.00,27.00
"Better End","betterendforge:flavolite_tiles",3.00,27.00
"Better End","betterendforge:flavolite_wall",3.00,27.00
"Better End","betterendforge:fracturn",0.00,0.00
"Better End","betterendforge:globulagus",0.00,0.00
"Better End","betterendforge:glowing_pillar_leaves",0.00,0.00
"Better End","betterendforge:glowing_pillar_luminophor",0.20,0.60
"Better End","betterendforge:glowing_pillar_roots",0.00,0.00
"Better End","betterendforge:glowing_pillar_seed",0.00,0.00
"Better End","betterendforge:gold_chandelier",0.00,0.00
"Better End","betterendforge:granite_lantern",3.00,15.00
"Better End","betterendforge:granite_pedestal",0.00,0.00
"Better End","betterendforge:helix_tree_bark",2.00,10.00
"Better End","betterendforge:helix_tree_bookshelf",2.00,10.00
"Better End","betterendforge:helix_tree_chest",2.00,10.00
"Better End","betterendforge:helix_tree_crafting_table",2.00,10.00
"Better End","betterendforge:helix_tree_door",3.00,15.00
"Better End","betterendforge:helix_tree_fence",2.00,10.00
"Better End","betterendforge:helix_tree_ladder",2.00,10.00
"Better End","betterendforge:helix_tree_leaves",0.20,0.60
"Better End","betterendforge:helix_tree_log",2.00,10.00
"Better End","betterendforge:helix_tree_planks",2.00,10.00
"Better End","betterendforge:helix_tree_pressure_plate",2.00,10.00
"Better End","betterendforge:helix_tree_sapling",0.00,0.00
"Better End","betterendforge:helix_tree_sign_standing",2.00,10.00
"Better End","betterendforge:helix_tree_sign_wall",2.00,10.00
"Better End","betterendforge:helix_tree_slab",2.00,10.00
"Better End","betterendforge:helix_tree_stairs",2.00,10.00
"Better End","betterendforge:helix_tree_stripped_bark",2.00,10.00
"Better End","betterendforge:helix_tree_stripped_log",2.00,10.00
"Better End","betterendforge:helix_tree_trapdoor",2.00,15.00
"Better End","betterendforge:hydralux",0.00,0.00
"Better End","betterendforge:hydralux_petal_block",1.00,3.00
"Better End","betterendforge:hydralux_petal_block_black",1.00,5.00
"Better End","betterendforge:hydralux_petal_block_blue",1.00,5.00
"Better End","betterendforge:hydralux_petal_block_brown",1.00,5.00
"Better End","betterendforge:hydralux_petal_block_cyan",1.00,5.00
"Better End","betterendforge:hydralux_petal_block_gray",1.00,5.00
"Better End","betterendforge:hydralux_petal_block_green",1.00,5.00
"Better End","betterendforge:hydralux_petal_block_light_blue",1.00,5.00
"Better End","betterendforge:hydralux_petal_block_lime",1.00,5.00
"Better End","betterendforge:hydralux_petal_block_magenta",1.00,5.00
"Better End","betterendforge:hydralux_petal_block_orange",1.00,5.00
"Better End","betterendforge:hydralux_petal_block_pink",1.00,5.00
"Better End","betterendforge:hydralux_petal_block_purple",1.00,5.00
"Better End","betterendforge:hydralux_petal_block_red",1.00,5.00
"Better End","betterendforge:hydralux_petal_block_silver",1.00,5.00
"Better End","betterendforge:hydralux_petal_block_white",1.00,5.00
"Better End","betterendforge:hydralux_petal_block_yellow",1.00,5.00
"Better End","betterendforge:hydralux_sapling",0.00,0.00
"Better End","betterendforge:hydrothermal_vent",0.00,0.00
"Better End","betterendforge:inflexia",0.00,0.00
"Better End","betterendforge:infusion_pedestal",50.00,6000.00
"Better End","betterendforge:iron_bulb_lantern",1.00,5.00
"Better End","betterendforge:iron_bulb_lantern_black",1.00,5.00
"Better End","betterendforge:iron_bulb_lantern_blue",1.00,5.00
"Better End","betterendforge:iron_bulb_lantern_brown",1.00,5.00
"Better End","betterendforge:iron_bulb_lantern_cyan",1.00,5.00
"Better End","betterendforge:iron_bulb_lantern_gray",1.00,5.00
"Better End","betterendforge:iron_bulb_lantern_green",1.00,5.00
"Better End","betterendforge:iron_bulb_lantern_light_blue",1.00,5.00
"Better End","betterendforge:iron_bulb_lantern_lime",1.00,5.00
"Better End","betterendforge:iron_bulb_lantern_magenta",1.00,5.00
"Better End","betterendforge:iron_bulb_lantern_orange",1.00,5.00
"Better End","betterendforge:iron_bulb_lantern_pink",1.00,5.00
"Better End","betterendforge:iron_bulb_lantern_purple",1.00,5.00
"Better End","betterendforge:iron_bulb_lantern_red",1.00,5.00
"Better End","betterendforge:iron_bulb_lantern_silver",1.00,5.00
"Better End","betterendforge:iron_bulb_lantern_white",1.00,5.00
"Better End","betterendforge:iron_bulb_lantern_yellow",1.00,5.00
"Better End","betterendforge:iron_chandelier",0.00,0.00
"Better End","betterendforge:jellyshroom_bark",2.00,10.00
"Better End","betterendforge:jellyshroom_bookshelf",2.00,10.00
"Better End","betterendforge:jellyshroom_cap_purple",0.00,0.00
"Better End","betterendforge:jellyshroom_chest",2.00,10.00
"Better End","betterendforge:jellyshroom_crafting_table",2.00,10.00
"Better End","betterendforge:jellyshroom_door",3.00,15.00
"Better End","betterendforge:jellyshroom_fence",2.00,10.00
"Better End","betterendforge:jellyshroom_ladder",2.00,10.00
"Better End","betterendforge:jellyshroom_log",2.00,10.00
"Better End","betterendforge:jellyshroom_planks",2.00,10.00
"Better End","betterendforge:jellyshroom_pressure_plate",2.00,10.00
"Better End","betterendforge:jellyshroom_sign_standing",2.00,10.00
"Better End","betterendforge:jellyshroom_sign_wall",2.00,10.00
"Better End","betterendforge:jellyshroom_slab",2.00,10.00
"Better End","betterendforge:jellyshroom_stairs",2.00,10.00
"Better End","betterendforge:jellyshroom_stripped_bark",2.00,10.00
"Better End","betterendforge:jellyshroom_stripped_log",2.00,10.00
"Better End","betterendforge:jellyshroom_trapdoor",2.00,15.00
"Better End","betterendforge:jungle_fern",0.00,0.00
"Better End","betterendforge:jungle_grass",0.00,0.00
"Better End","betterendforge:jungle_moss",3.00,27.00
"Better End","betterendforge:jungle_moss_path",3.00,16.20
"Better End","betterendforge:jungle_vine",0.00,0.00
"Better End","betterendforge:lacugrove_bark",2.00,10.00
"Better End","betterendforge:lacugrove_bookshelf",2.00,10.00
"Better End","betterendforge:lacugrove_chest",2.00,10.00
"Better End","betterendforge:lacugrove_crafting_table",2.00,10.00
"Better End","betterendforge:lacugrove_door",3.00,15.00
"Better End","betterendforge:lacugrove_fence",2.00,10.00
"Better End","betterendforge:lacugrove_ladder",2.00,10.00
"Better End","betterendforge:lacugrove_leaves",0.20,0.60
"Better End","betterendforge:lacugrove_log",2.00,10.00
"Better End","betterendforge:lacugrove_planks",2.00,10.00
"Better End","betterendforge:lacugrove_pressure_plate",2.00,10.00
"Better End","betterendforge:lacugrove_sapling",0.00,0.00
"Better End","betterendforge:lacugrove_sign_standing",2.00,10.00
"Better End","betterendforge:lacugrove_sign_wall",2.00,10.00
"Better End","betterendforge:lacugrove_slab",2.00,10.00
"Better End","betterendforge:lacugrove_stairs",2.00,10.00
"Better End","betterendforge:lacugrove_stripped_bark",2.00,10.00
"Better End","betterendforge:lacugrove_stripped_log",2.00,10.00
"Better End","betterendforge:lacugrove_trapdoor",2.00,15.00
"Better End","betterendforge:lamellarium",0.00,0.00
"Better End","betterendforge:lanceleaf",0.00,0.00
"Better End","betterendforge:lanceleaf_seed",0.00,0.00
"Better End","betterendforge:large_amaranita_mushroom",0.00,0.00
"Better End","betterendforge:lucernia_bark",2.00,10.00
"Better End","betterendforge:lucernia_bookshelf",2.00,10.00
"Better End","betterendforge:lucernia_chest",2.00,10.00
"Better End","betterendforge:lucernia_crafting_table",2.00,10.00
"Better End","betterendforge:lucernia_door",3.00,15.00
"Better End","betterendforge:lucernia_fence",2.00,10.00
"Better End","betterendforge:lucernia_ladder",2.00,10.00
"Better End","betterendforge:lucernia_leaves",0.20,0.60
"Better End","betterendforge:lucernia_log",2.00,10.00
"Better End","betterendforge:lucernia_outer_leaves",0.00,0.00
"Better End","betterendforge:lucernia_planks",2.00,10.00
"Better End","betterendforge:lucernia_pressure_plate",2.00,10.00
"Better End","betterendforge:lucernia_sapling",0.00,0.00
"Better End","betterendforge:lucernia_sign_standing",2.00,10.00
"Better End","betterendforge:lucernia_sign_wall",2.00,10.00
"Better End","betterendforge:lucernia_slab",2.00,10.00
"Better End","betterendforge:lucernia_stairs",2.00,10.00
"Better End","betterendforge:lucernia_stripped_bark",2.00,10.00
"Better End","betterendforge:lucernia_stripped_log",2.00,10.00
"Better End","betterendforge:lucernia_trapdoor",2.00,15.00
"Better End","betterendforge:lumecorn",0.50,1.50
"Better End","betterendforge:lumecorn_seed",0.00,0.00
"Better End","betterendforge:lutebus",0.00,0.00
"Better End","betterendforge:menger_sponge",0.60,3.00
"Better End","betterendforge:menger_sponge_wet",0.60,3.00
"Better End","betterendforge:missing_tile",3.00,45.00
"Better End","betterendforge:mossy_dragon_bone",0.50,2.50
"Better End","betterendforge:mossy_glowshroom_bark",2.00,10.00
"Better End","betterendforge:mossy_glowshroom_bookshelf",2.00,10.00
"Better End","betterendforge:mossy_glowshroom_cap",2.00,10.00
"Better End","betterendforge:mossy_glowshroom_chest",2.00,10.00
"Better End","betterendforge:mossy_glowshroom_crafting_table",2.00,10.00
"Better End","betterendforge:mossy_glowshroom_door",3.00,15.00
"Better End","betterendforge:mossy_glowshroom_fence",2.00,10.00
"Better End","betterendforge:mossy_glowshroom_fur",0.00,0.00
"Better End","betterendforge:mossy_glowshroom_hymenophore",0.00,0.00
"Better End","betterendforge:mossy_glowshroom_ladder",2.00,10.00
"Better End","betterendforge:mossy_glowshroom_log",2.00,10.00
"Better End","betterendforge:mossy_glowshroom_planks",2.00,10.00
"Better End","betterendforge:mossy_glowshroom_pressure_plate",2.00,10.00
"Better End","betterendforge:mossy_glowshroom_sapling",0.00,0.00
"Better End","betterendforge:mossy_glowshroom_sign_standing",2.00,10.00
"Better End","betterendforge:mossy_glowshroom_sign_wall",2.00,10.00
"Better End","betterendforge:mossy_glowshroom_slab",2.00,10.00
"Better End","betterendforge:mossy_glowshroom_stairs",2.00,10.00
"Better End","betterendforge:mossy_glowshroom_stripped_bark",2.00,10.00
"Better End","betterendforge:mossy_glowshroom_stripped_log",2.00,10.00
"Better End","betterendforge:mossy_glowshroom_trapdoor",2.00,15.00
"Better End","betterendforge:mossy_obsidian",50.00,6000.00
"Better End","betterendforge:murkweed",0.00,0.00
"Better End","betterendforge:needlegrass",0.00,0.00
"Better End","betterendforge:neon_cactus",0.00,0.00
"Better End","betterendforge:neon_cactus_block",0.40,2.00
"Better End","betterendforge:neon_cactus_slab",0.40,2.00
"Better End","betterendforge:neon_cactus_stairs",0.40,2.00
"Better End","betterendforge:orango",0.00,0.00
"Better End","betterendforge:pallidium_full",3.00,27.00
"Better End","betterendforge:pallidium_heavy",3.00,27.00
"Better End","betterendforge:pallidium_thin",3.00,27.00
"Better End","betterendforge:pallidium_tiny",3.00,27.00
"Better End","betterendforge:pink_moss",3.00,27.00
"Better End","betterendforge:pink_moss_path",3.00,16.20
"Better End","betterendforge:pond_anemone",0.00,0.00
"Better End","betterendforge:purple_polypore",0.20,0.60
"Better End","betterendforge:purpur_lantern",3.00,15.00
"Better End","betterendforge:purpur_pedestal",0.00,0.00
"Better End","betterendforge:pythadendron_bark",2.00,10.00
"Better End","betterendforge:pythadendron_bookshelf",2.00,10.00
"Better End","betterendforge:pythadendron_chest",2.00,10.00
"Better End","betterendforge:pythadendron_crafting_table",2.00,10.00
"Better End","betterendforge:pythadendron_door",3.00,15.00
"Better End","betterendforge:pythadendron_fence",2.00,10.00
"Better End","betterendforge:pythadendron_ladder",2.00,10.00
"Better End","betterendforge:pythadendron_leaves",0.20,0.60
"Better End","betterendforge:pythadendron_log",2.00,10.00
"Better End","betterendforge:pythadendron_planks",2.00,10.00
"Better End","betterendforge:pythadendron_pressure_plate",2.00,10.00
"Better End","betterendforge:pythadendron_sapling",0.00,0.00
"Better End","betterendforge:pythadendron_sign_standing",2.00,10.00
"Better End","betterendforge:pythadendron_sign_wall",2.00,10.00
"Better End","betterendforge:pythadendron_slab",2.00,10.00
"Better End","betterendforge:pythadendron_stairs",2.00,10.00
"Better End","betterendforge:pythadendron_stripped_bark",2.00,10.00
"Better End","betterendforge:pythadendron_stripped_log",2.00,10.00
"Better End","betterendforge:pythadendron_trapdoor",2.00,15.00
"Better End","betterendforge:quartz_lantern",3.00,15.00
"Better End","betterendforge:quartz_pedestal",0.00,0.00
"Better End","betterendforge:respawn_obelisk",3.00,27.00
"Better End","betterendforge:rubinea",0.00,0.00
"Better End","betterendforge:ruscus",0.00,0.00
"Better End","betterendforge:rutiscus",3.00,27.00
"Better End","betterendforge:rutiscus_path",3.00,16.20
"Better End","betterendforge:salteago",0.00,0.00
"Better End","betterendforge:sandy_jadestone",3.00,27.00
"Better End","betterendforge:sandy_jadestone_bricks",3.00,27.00
"Better End","betterendforge:sandy_jadestone_bricks_slab",3.00,27.00
"Better End","betterendforge:sandy_jadestone_bricks_stairs",3.00,27.00
"Better End","betterendforge:sandy_jadestone_bricks_wall",3.00,27.00
"Better End","betterendforge:sandy_jadestone_furnace",0.00,0.00
"Better End","betterendforge:sandy_jadestone_lantern",3.00,27.00
"Better End","betterendforge:sandy_jadestone_pedestal",3.00,27.00
"Better End","betterendforge:sandy_jadestone_pillar",3.00,27.00
"Better End","betterendforge:sandy_jadestone_polished",3.00,27.00
"Better End","betterendforge:sandy_jadestone_pressure_plate",3.00,27.00
"Better End","betterendforge:sandy_jadestone_slab",3.00,27.00
"Better End","betterendforge:sandy_jadestone_stairs",3.00,27.00
"Better End","betterendforge:sandy_jadestone_tiles",3.00,27.00
"Better End","betterendforge:sandy_jadestone_wall",3.00,27.00
"Better End","betterendforge:sangnum",3.00,27.00
"Better End","betterendforge:sangnum_path",3.00,16.20
"Better End","betterendforge:shadow_berry",0.00,0.00
"Better End","betterendforge:shadow_grass",3.00,27.00
"Better End","betterendforge:shadow_grass_path",3.00,16.20
"Better End","betterendforge:shadow_plant",0.00,0.00
"Better End","betterendforge:silk_moth_nest",0.50,0.30
"Better End","betterendforge:small_amaranita_mushroom",0.00,0.00
"Better End","betterendforge:small_jellyshroom",0.00,0.00
"Better End","betterendforge:smaragdant_crystal",1.00,3.00
"Better End","betterendforge:smaragdant_crystal_shard",0.00,0.00
"Better End","betterendforge:sulphur_crystal",0.00,0.00
"Better End","betterendforge:sulphuric_rock",3.00,27.00
"Better End","betterendforge:sulphuric_rock_bricks",3.00,27.00
"Better End","betterendforge:sulphuric_rock_bricks_slab",3.00,27.00
"Better End","betterendforge:sulphuric_rock_bricks_stairs",3.00,27.00
"Better End","betterendforge:sulphuric_rock_bricks_wall",3.00,27.00
"Better End","betterendforge:sulphuric_rock_furnace",0.00,0.00
"Better End","betterendforge:sulphuric_rock_lantern",3.00,27.00
"Better End","betterendforge:sulphuric_rock_pedestal",3.00,27.00
"Better End","betterendforge:sulphuric_rock_pillar",3.00,27.00
"Better End","betterendforge:sulphuric_rock_polished",3.00,27.00
"Better End","betterendforge:sulphuric_rock_pressure_plate",3.00,27.00
"Better End","betterendforge:sulphuric_rock_slab",3.00,27.00
"Better End","betterendforge:sulphuric_rock_stairs",3.00,27.00
"Better End","betterendforge:sulphuric_rock_tiles",3.00,27.00
"Better End","betterendforge:sulphuric_rock_wall",3.00,27.00
"Better End","betterendforge:tail_moss",0.00,0.00
"Better End","betterendforge:tenanea_bark",2.00,10.00
"Better End","betterendforge:tenanea_bookshelf",2.00,10.00
"Better End","betterendforge:tenanea_chest",2.00,10.00
"Better End","betterendforge:tenanea_crafting_table",2.00,10.00
"Better End","betterendforge:tenanea_door",3.00,15.00
"Better End","betterendforge:tenanea_fence",2.00,10.00
"Better End","betterendforge:tenanea_flowers",0.00,0.00
"Better End","betterendforge:tenanea_ladder",2.00,10.00
"Better End","betterendforge:tenanea_leaves",0.20,0.60
"Better End","betterendforge:tenanea_log",2.00,10.00
"Better End","betterendforge:tenanea_outer_leaves",0.00,0.00
"Better End","betterendforge:tenanea_planks",2.00,10.00
"Better End","betterendforge:tenanea_pressure_plate",2.00,10.00
"Better End","betterendforge:tenanea_sapling",0.00,0.00
"Better End","betterendforge:tenanea_sign_standing",2.00,10.00
"Better End","betterendforge:tenanea_sign_wall",2.00,10.00
"Better End","betterendforge:tenanea_slab",2.00,10.00
"Better End","betterendforge:tenanea_stairs",2.00,10.00
"Better End","betterendforge:tenanea_stripped_bark",2.00,10.00
"Better End","betterendforge:tenanea_stripped_log",2.00,10.00
"Better End","betterendforge:tenanea_trapdoor",2.00,15.00
"Better End","betterendforge:terminite_bars",3.00,25.00
"Better End","betterendforge:terminite_block",5.00,30.00
"Better End","betterendforge:terminite_bulb_lantern",3.00,15.00
"Better End","betterendforge:terminite_bulb_lantern_black",1.00,5.00
"Better End","betterendforge:terminite_bulb_lantern_blue",1.00,5.00
"Better End","betterendforge:terminite_bulb_lantern_brown",1.00,5.00
"Better End","betterendforge:terminite_bulb_lantern_cyan",1.00,5.00
"Better End","betterendforge:terminite_bulb_lantern_gray",1.00,5.00
"Better End","betterendforge:terminite_bulb_lantern_green",1.00,5.00
"Better End","betterendforge:terminite_bulb_lantern_light_blue",1.00,5.00
"Better End","betterendforge:terminite_bulb_lantern_lime",1.00,5.00
"Better End","betterendforge:terminite_bulb_lantern_magenta",1.00,5.00
"Better End","betterendforge:terminite_bulb_lantern_orange",1.00,5.00
"Better End","betterendforge:terminite_bulb_lantern_pink",1.00,5.00
"Better End","betterendforge:terminite_bulb_lantern_purple",1.00,5.00
"Better End","betterendforge:terminite_bulb_lantern_red",1.00,5.00
"Better End","betterendforge:terminite_bulb_lantern_silver",1.00,5.00
"Better End","betterendforge:terminite_bulb_lantern_white",1.00,5.00
"Better End","betterendforge:terminite_bulb_lantern_yellow",1.00,5.00
"Better End","betterendforge:terminite_chain",5.00,30.00
"Better End","betterendforge:terminite_chandelier",3.00,15.00
"Better End","betterendforge:terminite_pressure_plate",3.00,15.00
"Better End","betterendforge:terminite_stairs",3.00,30.00
"Better End","betterendforge:terminite_tile",5.00,30.00
"Better End","betterendforge:terminite_trapdoor",3.00,15.00
"Better End","betterendforge:thallasium_bars",3.00,25.00
"Better End","betterendforge:thallasium_block",5.00,30.00
"Better End","betterendforge:thallasium_bulb_lantern",3.00,15.00
"Better End","betterendforge:thallasium_bulb_lantern_black",1.00,5.00
"Better End","betterendforge:thallasium_bulb_lantern_blue",1.00,5.00
"Better End","betterendforge:thallasium_bulb_lantern_brown",1.00,5.00
"Better End","betterendforge:thallasium_bulb_lantern_cyan",1.00,5.00
"Better End","betterendforge:thallasium_bulb_lantern_gray",1.00,5.00
"Better End","betterendforge:thallasium_bulb_lantern_green",1.00,5.00
"Better End","betterendforge:thallasium_bulb_lantern_light_blue",1.00,5.00
"Better End","betterendforge:thallasium_bulb_lantern_lime",1.00,5.00
"Better End","betterendforge:thallasium_bulb_lantern_magenta",1.00,5.00
"Better End","betterendforge:thallasium_bulb_lantern_orange",1.00,5.00
"Better End","betterendforge:thallasium_bulb_lantern_pink",1.00,5.00
"Better End","betterendforge:thallasium_bulb_lantern_purple",1.00,5.00
"Better End","betterendforge:thallasium_bulb_lantern_red",1.00,5.00
"Better End","betterendforge:thallasium_bulb_lantern_silver",1.00,5.00
"Better End","betterendforge:thallasium_bulb_lantern_white",1.00,5.00
"Better End","betterendforge:thallasium_bulb_lantern_yellow",1.00,5.00
"Better End","betterendforge:thallasium_chain",5.00,30.00
"Better End","betterendforge:thallasium_chandelier",3.00,15.00
"Better End","betterendforge:thallasium_ore",3.00,15.00
"Better End","betterendforge:thallasium_pressure_plate",3.00,15.00
"Better End","betterendforge:thallasium_stairs",3.00,30.00
"Better End","betterendforge:thallasium_tile",5.00,30.00
"Better End","betterendforge:thallasium_trapdoor",3.00,15.00
"Better End","betterendforge:tube_worm",0.00,0.00
"Better End","betterendforge:twisted_moss",0.00,0.00
"Better End","betterendforge:twisted_umbrella_moss",0.00,0.00
"Better End","betterendforge:twisted_umbrella_moss_tall",0.00,0.00
"Better End","betterendforge:twisted_vine",0.00,0.00
"Better End","betterendforge:umbralith",3.00,27.00
"Better End","betterendforge:umbralith_bricks",3.00,27.00
"Better End","betterendforge:umbralith_bricks_slab",3.00,27.00
"Better End","betterendforge:umbralith_bricks_stairs",3.00,27.00
"Better End","betterendforge:umbralith_bricks_wall",3.00,27.00
"Better End","betterendforge:umbralith_furnace",0.00,0.00
"Better End","betterendforge:umbralith_lantern",3.00,27.00
"Better End","betterendforge:umbralith_pedestal",3.00,27.00
"Better End","betterendforge:umbralith_pillar",3.00,27.00
"Better End","betterendforge:umbralith_polished",3.00,27.00
"Better End","betterendforge:umbralith_pressure_plate",3.00,27.00
"Better End","betterendforge:umbralith_slab",3.00,27.00
"Better End","betterendforge:umbralith_stairs",3.00,27.00
"Better End","betterendforge:umbralith_tiles",3.00,27.00
"Better End","betterendforge:umbralith_wall",3.00,27.00
"Better End","betterendforge:umbrella_moss",0.00,0.00
"Better End","betterendforge:umbrella_moss_tall",0.00,0.00
"Better End","betterendforge:umbrella_tree_bark",2.00,10.00
"Better End","betterendforge:umbrella_tree_bookshelf",2.00,10.00
"Better End","betterendforge:umbrella_tree_chest",2.00,10.00
"Better End","betterendforge:umbrella_tree_cluster",1.00,3.00
"Better End","betterendforge:umbrella_tree_cluster_empty",1.00,3.00
"Better End","betterendforge:umbrella_tree_crafting_table",2.00,10.00
"Better End","betterendforge:umbrella_tree_door",3.00,15.00
"Better End","betterendforge:umbrella_tree_fence",2.00,10.00
"Better End","betterendforge:umbrella_tree_ladder",2.00,10.00
"Better End","betterendforge:umbrella_tree_log",2.00,10.00
"Better End","betterendforge:umbrella_tree_membrane",0.00,0.00
"Better End","betterendforge:umbrella_tree_planks",2.00,10.00
"Better End","betterendforge:umbrella_tree_pressure_plate",2.00,10.00
"Better End","betterendforge:umbrella_tree_sapling",0.00,0.00
"Better End","betterendforge:umbrella_tree_sign_standing",2.00,10.00
"Better End","betterendforge:umbrella_tree_sign_wall",2.00,10.00
"Better End","betterendforge:umbrella_tree_slab",2.00,10.00
"Better End","betterendforge:umbrella_tree_stairs",2.00,10.00
"Better End","betterendforge:umbrella_tree_stripped_bark",2.00,10.00
"Better End","betterendforge:umbrella_tree_stripped_log",2.00,10.00
"Better End","betterendforge:umbrella_tree_trapdoor",2.00,15.00
"Better End","betterendforge:vaiolush_fern",0.00,0.00
"Better End","betterendforge:vent_bubble_column",0.00,0.00
"Better End","betterendforge:violecite",3.00,27.00
"Better End","betterendforge:violecite_bricks",3.00,27.00
"Better End","betterendforge:violecite_bricks_slab",3.00,27.00
"Better End","betterendforge:violecite_bricks_stairs",3.00,27.00
"Better End","betterendforge:violecite_bricks_wall",3.00,27.00
"Better End","betterendforge:violecite_furnace",0.00,0.00
"Better End","betterendforge:violecite_lantern",3.00,27.00
"Better End","betterendforge:violecite_pedestal",3.00,27.00
"Better End","betterendforge:violecite_pillar",3.00,27.00
"Better End","betterendforge:violecite_polished",3.00,27.00
"Better End","betterendforge:violecite_pressure_plate",3.00,27.00
"Better End","betterendforge:violecite_slab",3.00,27.00
"Better End","betterendforge:violecite_stairs",3.00,27.00
"Better End","betterendforge:violecite_tiles",3.00,27.00
"Better End","betterendforge:violecite_wall",3.00,27.00
"Better End","betterendforge:virid_jadestone",3.00,27.00
"Better End","betterendforge:virid_jadestone_bricks",3.00,27.00
"Better End","betterendforge:virid_jadestone_bricks_slab",3.00,27.00
"Better End","betterendforge:virid_jadestone_bricks_stairs",3.00,27.00
"Better End","betterendforge:virid_jadestone_bricks_wall",3.00,27.00
"Better End","betterendforge:virid_jadestone_furnace",0.00,0.00
"Better End","betterendforge:virid_jadestone_lantern",3.00,27.00
"Better End","betterendforge:virid_jadestone_pedestal",3.00,27.00
"Better End","betterendforge:virid_jadestone_pillar",3.00,27.00
"Better End","betterendforge:virid_jadestone_polished",3.00,27.00
"Better End","betterendforge:virid_jadestone_pressure_plate",3.00,27.00
"Better End","betterendforge:virid_jadestone_slab",3.00,27.00
"Better End","betterendforge:virid_jadestone_stairs",3.00,27.00
"Better End","betterendforge:virid_jadestone_tiles",3.00,27.00
"Better End","betterendforge:virid_jadestone_wall",3.00,27.00
"BetterNether: RotN Edition","betternether:agave",0.00,0.00
"BetterNether: RotN Edition","betternether:barrel_cactus",0.00,0.00
"BetterNether: RotN Edition","betternether:black_apple",1.00,5.00
"BetterNether: RotN Edition","betternether:black_apple_seed",0.00,0.00
"BetterNether: RotN Edition","betternether:black_bush",1.00,5.00
"BetterNether: RotN Edition","betternether:block_eyeball",0.50,1.50
"BetterNether: RotN Edition","betternether:block_eyeball_small",0.50,1.50
"BetterNether: RotN Edition","betternether:bone_block",2.00,10.00
"BetterNether: RotN Edition","betternether:bone_button",2.00,10.00
"BetterNether: RotN Edition","betternether:bone_cincinnasite_door",1.00,3.00
"BetterNether: RotN Edition","betternether:bone_mushroom",0.00,0.00
"BetterNether: RotN Edition","betternether:bone_plate",2.00,10.00
"BetterNether: RotN Edition","betternether:bone_reed_door",1.00,3.00
"BetterNether: RotN Edition","betternether:bone_slab_double",2.00,10.00
"BetterNether: RotN Edition","betternether:bone_slab_half",2.00,10.00
"BetterNether: RotN Edition","betternether:bone_stairs",2.00,10.00
"BetterNether: RotN Edition","betternether:bone_tile",2.00,10.00
"BetterNether: RotN Edition","betternether:bone_wall",1.00,3.00
"BetterNether: RotN Edition","betternether:brown_large_mushroom",0.25,1.25
"BetterNether: RotN Edition","betternether:chest_of_drawers",3.00,30.00
"BetterNether: RotN Edition","betternether:cincinnasite_bars",0.50,9.00
"BetterNether: RotN Edition","betternether:cincinnasite_block",3.00,30.00
"BetterNether: RotN Edition","betternether:cincinnasite_brick_plate",3.00,30.00
"BetterNether: RotN Edition","betternether:cincinnasite_bricks",3.00,30.00
"BetterNether: RotN Edition","betternether:cincinnasite_bricks_pillar",3.00,30.00
"BetterNether: RotN Edition","betternether:cincinnasite_button",2.00,10.00
"BetterNether: RotN Edition","betternether:cincinnasite_carved",3.00,30.00
"BetterNether: RotN Edition","betternether:cincinnasite_fire_bowl",3.00,30.00
"BetterNether: RotN Edition","betternether:cincinnasite_forge",3.00,30.00
"BetterNether: RotN Edition","betternether:cincinnasite_forged",3.00,30.00
"BetterNether: RotN Edition","betternether:cincinnasite_frame",3.00,30.00
"BetterNether: RotN Edition","betternether:cincinnasite_lantern",3.00,30.00
"BetterNether: RotN Edition","betternether:cincinnasite_ore",3.00,15.00
"BetterNether: RotN Edition","betternether:cincinnasite_pedestal",3.00,30.00
"BetterNether: RotN Edition","betternether:cincinnasite_pillar",3.00,30.00
"BetterNether: RotN Edition","betternether:cincinnasite_plate",0.50,1.50
"BetterNether: RotN Edition","betternether:cincinnasite_pot",3.00,30.00
"BetterNether: RotN Edition","betternether:cincinnasite_slab_double",2.00,10.00
"BetterNether: RotN Edition","betternether:cincinnasite_slab_half",2.00,10.00
"BetterNether: RotN Edition","betternether:cincinnasite_stairs",3.00,30.00
"BetterNether: RotN Edition","betternether:cincinnasite_tile_large",3.00,30.00
"BetterNether: RotN Edition","betternether:cincinnasite_tile_small",3.00,30.00
"BetterNether: RotN Edition","betternether:cincinnasite_wall",1.00,3.00
"BetterNether: RotN Edition","betternether:egg_plant",1.00,5.00
"BetterNether: RotN Edition","betternether:eye_seed",0.00,0.00
"BetterNether: RotN Edition","betternether:eye_vine",0.00,0.00
"BetterNether: RotN Edition","betternether:gray_mold",0.00,0.00
"BetterNether: RotN Edition","betternether:ink_bush",1.00,5.00
"BetterNether: RotN Edition","betternether:ink_bush_seed",0.00,0.00
"BetterNether: RotN Edition","betternether:lucis_mushroom",1.00,5.00
"BetterNether: RotN Edition","betternether:lucis_spore",0.00,0.00
"BetterNether: RotN Edition","betternether:magma_flower",0.50,2.50
"BetterNether: RotN Edition","betternether:nether_brick_tile_large",2.00,30.00
"BetterNether: RotN Edition","betternether:nether_brick_tile_slab_double",2.00,10.00
"BetterNether: RotN Edition","betternether:nether_brick_tile_slab_half",2.00,10.00
"BetterNether: RotN Edition","betternether:nether_brick_tile_small",2.00,30.00
"BetterNether: RotN Edition","betternether:nether_brick_tile_stairs",2.00,30.00
"BetterNether: RotN Edition","betternether:nether_brick_wall",1.00,3.00
"BetterNether: RotN Edition","betternether:nether_cactus",0.00,0.00
"BetterNether: RotN Edition","betternether:nether_grass",0.00,0.00
"BetterNether: RotN Edition","betternether:nether_mycelium",0.50,2.50
"BetterNether: RotN Edition","betternether:nether_reed",0.00,0.00
"BetterNether: RotN Edition","betternether:netherrack_furnace",1.00,3.00
"BetterNether: RotN Edition","betternether:netherrack_moss",0.40,2.00
"BetterNether: RotN Edition","betternether:orange_mushroom",0.50,2.50
"BetterNether: RotN Edition","betternether:pig_statue_01",3.00,30.00
"BetterNether: RotN Edition","betternether:potted_plant_1",0.50,1.50
"BetterNether: RotN Edition","betternether:quartz_glass",3.00,30.00
"BetterNether: RotN Edition","betternether:quartz_glass_framed",3.00,30.00
"BetterNether: RotN Edition","betternether:quartz_glass_framed_pane",0.50,9.00
"BetterNether: RotN Edition","betternether:quartz_glass_pane",0.50,9.00
"BetterNether: RotN Edition","betternether:quartz_stained_glass",3.00,30.00
"BetterNether: RotN Edition","betternether:quartz_stained_glass_framed",3.00,30.00
"BetterNether: RotN Edition","betternether:quartz_stained_glass_pane",3.00,30.00
"BetterNether: RotN Edition","betternether:red_large_mushroom",0.25,1.25
"BetterNether: RotN Edition","betternether:red_mold",0.00,0.00
"BetterNether: RotN Edition","betternether:reeds_block",2.00,10.00
"BetterNether: RotN Edition","betternether:reeds_button",2.00,10.00
"BetterNether: RotN Edition","betternether:reeds_fence",2.00,10.00
"BetterNether: RotN Edition","betternether:reeds_gate",2.00,10.00
"BetterNether: RotN Edition","betternether:reeds_ladder",0.40,2.00
"BetterNether: RotN Edition","betternether:reeds_plate",2.00,10.00
"BetterNether: RotN Edition","betternether:reeds_slab_double",2.00,10.00
"BetterNether: RotN Edition","betternether:reeds_slab_half",2.00,10.00
"BetterNether: RotN Edition","betternether:reeds_stairs",2.00,10.00
"BetterNether: RotN Edition","betternether:smoker",2.00,10.00
"BetterNether: RotN Edition","betternether:stalagnate_bark",2.00,10.00
"BetterNether: RotN Edition","betternether:stalagnate_bottom",2.00,6.00
"BetterNether: RotN Edition","betternether:stalagnate_bowl_placed",0.10,0.50
"BetterNether: RotN Edition","betternether:stalagnate_middle",2.00,6.00
"BetterNether: RotN Edition","betternether:stalagnate_planks",2.00,10.00
"BetterNether: RotN Edition","betternether:stalagnate_planks_button",2.00,10.00
"BetterNether: RotN Edition","betternether:stalagnate_planks_fence",2.00,10.00
"BetterNether: RotN Edition","betternether:stalagnate_planks_gate",2.00,10.00
"BetterNether: RotN Edition","betternether:stalagnate_planks_plate",2.00,10.00
"BetterNether: RotN Edition","betternether:stalagnate_planks_slab_double",2.00,10.00
"BetterNether: RotN Edition","betternether:stalagnate_planks_slab_half",2.00,10.00
"BetterNether: RotN Edition","betternether:stalagnate_planks_stairs",2.00,10.00
"BetterNether: RotN Edition","betternether:stalagnate_seed",0.00,0.00
"BetterNether: RotN Edition","betternether:stalagnate_seed_bottom",0.00,0.00
"BetterNether: RotN Edition","betternether:stalagnate_stem",0.00,0.00
"BetterNether: RotN Edition","betternether:stalagnate_top",2.00,6.00
"BetterNether: RotN Edition","betternether:wart_seed",1.00,5.00
"BiblioCraft","bibliocraft:armorstand",0.00,0.00
"BiblioCraft","bibliocraft:bell",0.00,0.00
"BiblioCraft","bibliocraft:bookcase",0.00,0.00
"BiblioCraft","bibliocraft:bookcasecreative",0.00,0.00
"BiblioCraft","bibliocraft:case",0.00,0.00
"BiblioCraft","bibliocraft:clipboard",0.00,0.00
"BiblioCraft","bibliocraft:clock",0.00,0.00
"BiblioCraft","bibliocraft:cookiejar",0.00,0.00
"BiblioCraft","bibliocraft:desk",0.00,0.00
"BiblioCraft","bibliocraft:dinnerplate",0.00,0.00
"BiblioCraft","bibliocraft:discrack",0.00,0.00
"BiblioCraft","bibliocraft:fancysign",0.00,0.00
"BiblioCraft","bibliocraft:fancyworkbench",0.00,0.00
"BiblioCraft","bibliocraft:framedchest",0.00,0.00
"BiblioCraft","bibliocraft:furniturepaneler",0.00,0.00
"BiblioCraft","bibliocraft:label",0.00,0.00
"BiblioCraft","bibliocraft:lampgold",0.00,0.00
"BiblioCraft","bibliocraft:lampiron",0.00,0.00
"BiblioCraft","bibliocraft:lanterngold",0.00,0.00
"BiblioCraft","bibliocraft:lanterniron",0.00,0.00
"BiblioCraft","bibliocraft:mapframe",0.00,0.00
"BiblioCraft","bibliocraft:markerpole",0.00,0.00
"BiblioCraft","bibliocraft:paintingframeborderless",0.00,0.00
"BiblioCraft","bibliocraft:paintingframefancy",0.00,0.00
"BiblioCraft","bibliocraft:paintingframeflat",0.00,0.00
"BiblioCraft","bibliocraft:paintingframemiddle",0.00,0.00
"BiblioCraft","bibliocraft:paintingframesimple",0.00,0.00
"BiblioCraft","bibliocraft:paintingpress",0.00,0.00
"BiblioCraft","bibliocraft:potionshelf",0.00,0.00
"BiblioCraft","bibliocraft:printingpress",0.00,0.00
"BiblioCraft","bibliocraft:seat",0.00,0.00
"BiblioCraft","bibliocraft:shelf",0.00,0.00
"BiblioCraft","bibliocraft:swordpedestal",0.00,0.00
"BiblioCraft","bibliocraft:table",0.00,0.00
"BiblioCraft","bibliocraft:toolrack",0.00,0.00
"BiblioCraft","bibliocraft:typesettingtable",0.00,0.00
"BiblioCraft","bibliocraft:typewriter",0.00,0.00
"Biomes O' Plenty","biomesoplenty:ash_block",0.40,5.00
"Biomes O' Plenty","biomesoplenty:bamboo",0.20,1.00
"Biomes O' Plenty","biomesoplenty:bamboo_thatching",2.00,10.00
"Biomes O' Plenty","biomesoplenty:biome_block",0.60,5.00
"Biomes O' Plenty","biomesoplenty:blood",100.00,500.00
"Biomes O' Plenty","biomesoplenty:blue_fire",0.00,0.00
"Biomes O' Plenty","biomesoplenty:bramble_plant",0.50,2.50
"Biomes O' Plenty","biomesoplenty:cherry_door_block",3.00,15.00
"Biomes O' Plenty","biomesoplenty:cherry_fence",2.00,15.00
"Biomes O' Plenty","biomesoplenty:cherry_fence_gate",2.00,15.00
"Biomes O' Plenty","biomesoplenty:cherry_stairs",2.00,15.00
"Biomes O' Plenty","biomesoplenty:coral",0.60,3.00
"Biomes O' Plenty","biomesoplenty:crystal",0.15,15.00
"Biomes O' Plenty","biomesoplenty:dirt",0.50,2.50
"Biomes O' Plenty","biomesoplenty:double_other_slab",2.00,21.00
"Biomes O' Plenty","biomesoplenty:double_plant",0.00,0.00
"Biomes O' Plenty","biomesoplenty:double_wood_slab_0",2.00,15.00
"Biomes O' Plenty","biomesoplenty:double_wood_slab_1",2.00,15.00
"Biomes O' Plenty","biomesoplenty:dried_sand",1.00,5.00
"Biomes O' Plenty","biomesoplenty:ebony_door_block",3.00,15.00
"Biomes O' Plenty","biomesoplenty:ebony_fence",2.00,15.00
"Biomes O' Plenty","biomesoplenty:ebony_fence_gate",2.00,15.00
"Biomes O' Plenty","biomesoplenty:ebony_stairs",2.00,15.00
"Biomes O' Plenty","biomesoplenty:ethereal_door_block",3.00,15.00
"Biomes O' Plenty","biomesoplenty:ethereal_fence",2.00,15.00
"Biomes O' Plenty","biomesoplenty:ethereal_fence_gate",2.00,15.00
"Biomes O' Plenty","biomesoplenty:ethereal_stairs",2.00,15.00
"Biomes O' Plenty","biomesoplenty:eucalyptus_door_block",3.00,15.00
"Biomes O' Plenty","biomesoplenty:eucalyptus_fence",2.00,15.00
"Biomes O' Plenty","biomesoplenty:eucalyptus_fence_gate",2.00,15.00
"Biomes O' Plenty","biomesoplenty:eucalyptus_stairs",2.00,15.00
"Biomes O' Plenty","biomesoplenty:farmland_0",0.60,3.00
"Biomes O' Plenty","biomesoplenty:farmland_1",0.60,3.00
"Biomes O' Plenty","biomesoplenty:fir_door_block",3.00,15.00
"Biomes O' Plenty","biomesoplenty:fir_fence",2.00,15.00
"Biomes O' Plenty","biomesoplenty:fir_fence_gate",2.00,15.00
"Biomes O' Plenty","biomesoplenty:fir_stairs",2.00,15.00
"Biomes O' Plenty","biomesoplenty:flesh",0.40,2.00
"Biomes O' Plenty","biomesoplenty:flower_0",0.00,0.00
"Biomes O' Plenty","biomesoplenty:flower_1",0.00,0.00
"Biomes O' Plenty","biomesoplenty:gem_block",5.00,30.00
"Biomes O' Plenty","biomesoplenty:gem_ore",3.00,15.00
"Biomes O' Plenty","biomesoplenty:grass",0.00,0.00
"Biomes O' Plenty","biomesoplenty:grass_path",0.65,3.25
"Biomes O' Plenty","biomesoplenty:hard_ice",0.75,5.00
"Biomes O' Plenty","biomesoplenty:hellbark_door_block",3.00,15.00
"Biomes O' Plenty","biomesoplenty:hellbark_fence",2.00,15.00
"Biomes O' Plenty","biomesoplenty:hellbark_fence_gate",2.00,15.00
"Biomes O' Plenty","biomesoplenty:hellbark_stairs",2.00,15.00
"Biomes O' Plenty","biomesoplenty:hive",0.50,2.50
"Biomes O' Plenty","biomesoplenty:honey",100.00,500.00
"Biomes O' Plenty","biomesoplenty:honey_block",0.50,2.50
"Biomes O' Plenty","biomesoplenty:hot_spring_water",100.00,500.00
"Biomes O' Plenty","biomesoplenty:ivy",0.20,1.00
"Biomes O' Plenty","biomesoplenty:jacaranda_door_block",3.00,15.00
"Biomes O' Plenty","biomesoplenty:jacaranda_fence",2.00,15.00
"Biomes O' Plenty","biomesoplenty:jacaranda_fence_gate",2.00,15.00
"Biomes O' Plenty","biomesoplenty:jacaranda_stairs",2.00,15.00
"Biomes O' Plenty","biomesoplenty:leaves_0",0.20,1.00
"Biomes O' Plenty","biomesoplenty:leaves_1",0.20,1.00
"Biomes O' Plenty","biomesoplenty:leaves_2",0.20,1.00
"Biomes O' Plenty","biomesoplenty:leaves_3",0.20,1.00
"Biomes O' Plenty","biomesoplenty:leaves_4",0.20,1.00
"Biomes O' Plenty","biomesoplenty:leaves_5",0.20,1.00
"Biomes O' Plenty","biomesoplenty:leaves_6",0.20,1.00
"Biomes O' Plenty","biomesoplenty:log_0",2.00,10.00
"Biomes O' Plenty","biomesoplenty:log_1",2.00,10.00
"Biomes O' Plenty","biomesoplenty:log_2",2.00,10.00
"Biomes O' Plenty","biomesoplenty:log_3",2.00,10.00
"Biomes O' Plenty","biomesoplenty:log_4",2.00,10.00
"Biomes O' Plenty","biomesoplenty:magic_door_block",3.00,15.00
"Biomes O' Plenty","biomesoplenty:magic_fence",2.00,15.00
"Biomes O' Plenty","biomesoplenty:magic_fence_gate",2.00,15.00
"Biomes O' Plenty","biomesoplenty:magic_stairs",2.00,15.00
"Biomes O' Plenty","biomesoplenty:mahogany_door_block",3.00,15.00
"Biomes O' Plenty","biomesoplenty:mahogany_fence",2.00,15.00
"Biomes O' Plenty","biomesoplenty:mahogany_fence_gate",2.00,15.00
"Biomes O' Plenty","biomesoplenty:mahogany_stairs",2.00,15.00
"Biomes O' Plenty","biomesoplenty:mangrove_door_block",3.00,15.00
"Biomes O' Plenty","biomesoplenty:mangrove_fence",2.00,15.00
"Biomes O' Plenty","biomesoplenty:mangrove_fence_gate",2.00,15.00
"Biomes O' Plenty","biomesoplenty:mangrove_stairs",2.00,15.00
"Biomes O' Plenty","biomesoplenty:mud",0.60,3.00
"Biomes O' Plenty","biomesoplenty:mud_brick_block",1.00,6.00
"Biomes O' Plenty","biomesoplenty:mud_brick_stairs",1.00,6.00
"Biomes O' Plenty","biomesoplenty:mushroom",0.00,0.00
"Biomes O' Plenty","biomesoplenty:other_slab",2.00,21.00
"Biomes O' Plenty","biomesoplenty:palm_door_block",3.00,15.00
"Biomes O' Plenty","biomesoplenty:palm_fence",2.00,15.00
"Biomes O' Plenty","biomesoplenty:palm_fence_gate",2.00,15.00
"Biomes O' Plenty","biomesoplenty:palm_stairs",2.00,15.00
"Biomes O' Plenty","biomesoplenty:pine_door_block",3.00,15.00
"Biomes O' Plenty","biomesoplenty:pine_fence",2.00,15.00
"Biomes O' Plenty","biomesoplenty:pine_fence_gate",2.00,15.00
"Biomes O' Plenty","biomesoplenty:pine_stairs",2.00,15.00
"Biomes O' Plenty","biomesoplenty:planks_0",2.00,15.00
"Biomes O' Plenty","biomesoplenty:plant_0",0.00,0.00
"Biomes O' Plenty","biomesoplenty:plant_1",0.00,0.00
"Biomes O' Plenty","biomesoplenty:poison",100.00,500.00
"Biomes O' Plenty","biomesoplenty:redwood_door_block",3.00,15.00
"Biomes O' Plenty","biomesoplenty:redwood_fence",2.00,15.00
"Biomes O' Plenty","biomesoplenty:redwood_fence_gate",2.00,15.00
"Biomes O' Plenty","biomesoplenty:redwood_stairs",2.00,15.00
"Biomes O' Plenty","biomesoplenty:sacred_oak_door_block",3.00,15.00
"Biomes O' Plenty","biomesoplenty:sacred_oak_fence",2.00,15.00
"Biomes O' Plenty","biomesoplenty:sacred_oak_fence_gate",2.00,15.00
"Biomes O' Plenty","biomesoplenty:sacred_oak_stairs",2.00,15.00
"Biomes O' Plenty","biomesoplenty:sand",0.50,2.50
"Biomes O' Plenty","biomesoplenty:sapling_0",0.00,0.00
"Biomes O' Plenty","biomesoplenty:sapling_1",0.00,0.00
"Biomes O' Plenty","biomesoplenty:sapling_2",0.00,0.00
"Biomes O' Plenty","biomesoplenty:seaweed",0.00,0.00
"Biomes O' Plenty","biomesoplenty:terrarium",1.00,5.00
"Biomes O' Plenty","biomesoplenty:umbran_door_block",3.00,15.00
"Biomes O' Plenty","biomesoplenty:umbran_fence",2.00,15.00
"Biomes O' Plenty","biomesoplenty:umbran_fence_gate",2.00,15.00
"Biomes O' Plenty","biomesoplenty:umbran_stairs",2.00,15.00
"Biomes O' Plenty","biomesoplenty:waterlily",0.00,0.00
"Biomes O' Plenty","biomesoplenty:white_sand",0.50,2.50
"Biomes O' Plenty","biomesoplenty:white_sandstone",0.80,4.00
"Biomes O' Plenty","biomesoplenty:white_sandstone_stairs",0.80,4.00
"Biomes O' Plenty","biomesoplenty:willow_door_block",3.00,15.00
"Biomes O' Plenty","biomesoplenty:willow_fence",2.00,15.00
"Biomes O' Plenty","biomesoplenty:willow_fence_gate",2.00,15.00
"Biomes O' Plenty","biomesoplenty:willow_stairs",2.00,15.00
"Biomes O' Plenty","biomesoplenty:willow_vine",0.20,1.00
"Biomes O' Plenty","biomesoplenty:wood_slab_0",2.00,15.00
"Biomes O' Plenty","biomesoplenty:wood_slab_1",2.00,15.00
"Bonsai Trees","bonsaitrees:bonsaipot",2.00,10.00
"Bountiful Baubles","bountifulbaubles:reforger",3.00,300.00
"Campfire","campfire:brazier",2.00,10.00
"Campfire","campfire:campfire",2.00,10.00
"Campfire","campfire:campfire_ash",0.15,0.75
"Charm","charm:cake_danger_sight",0.00,0.00
"Charm","charm:cake_fire_resistance",0.00,0.00
"Charm","charm:cake_haste",0.00,0.00
"Charm","charm:cake_invisibility",0.00,0.00
"Charm","charm:cake_leaping",0.00,0.00
"Charm","charm:cake_night_vision",0.00,0.00
"Charm","charm:cake_regeneration",0.00,0.00
"Charm","charm:cake_resilience",0.00,0.00
"Charm","charm:cake_resistance",0.00,0.00
"Charm","charm:cake_strength",0.00,0.00
"Charm","charm:cake_swiftness",0.00,0.00
"Charm","charm:cake_water_breathing",0.00,0.00
"Charm","charm:crate",2.00,30.00
"Charm","charm:crate_sealed",2.00,30.00
"Charm","charm:ender_pearl_block",2.00,10.00
"Charm","charm:gold_lantern",3.50,12.00
"Charm","charm:gunpowder_block",0.50,2.50
"Charm","charm:redstone_sand",0.50,2.50
"Charm","charm:rotten_flesh_block",1.00,9.00
"Charm","charm:rune_portal",-1.00,18000000.00
"Charm","charm:rune_portal_frame",-1.00,18000000.00
"Charm","charm:smooth_glowstone",0.30,1.50
"Charm","charm:variable_redstone_lamp",0.30,1.50
"ChocoCraft Plus","chococraftplus:gysahlgardenblock",0.00,0.00
"ChocoCraft Plus","chococraftplus:gysahlstemblock",0.00,0.00
"ChocoCraft Plus","chococraftplus:strawblock",0.00,0.00
"Chocolate Quest Repoured","cqrepoured:andesite_carved",1.50,30.00
"Chocolate Quest Repoured","cqrepoured:andesite_cube",1.50,30.00
"Chocolate Quest Repoured","cqrepoured:andesite_large",1.50,30.00
"Chocolate Quest Repoured","cqrepoured:andesite_pillar",1.50,30.00
"Chocolate Quest Repoured","cqrepoured:andesite_scale",1.50,30.00
"Chocolate Quest Repoured","cqrepoured:andesite_small",1.50,30.00
"Chocolate Quest Repoured","cqrepoured:andesite_square",1.50,30.00
"Chocolate Quest Repoured","cqrepoured:boss_block",-1.00,Infinity
"Chocolate Quest Repoured","cqrepoured:diorite_carved",1.50,30.00
"Chocolate Quest Repoured","cqrepoured:diorite_cube",1.50,30.00
"Chocolate Quest Repoured","cqrepoured:diorite_large",1.50,30.00
"Chocolate Quest Repoured","cqrepoured:diorite_pillar",1.50,30.00
"Chocolate Quest Repoured","cqrepoured:diorite_scale",1.50,30.00
"Chocolate Quest Repoured","cqrepoured:diorite_small",1.50,30.00
"Chocolate Quest Repoured","cqrepoured:diorite_square",1.50,30.00
"Chocolate Quest Repoured","cqrepoured:endstone_carved",1.50,30.00
"Chocolate Quest Repoured","cqrepoured:endstone_cube",1.50,30.00
"Chocolate Quest Repoured","cqrepoured:endstone_pillar",1.50,30.00
"Chocolate Quest Repoured","cqrepoured:endstone_scale",1.50,30.00
"Chocolate Quest Repoured","cqrepoured:endstone_small",1.50,30.00
"Chocolate Quest Repoured","cqrepoured:endstone_square",1.50,30.00
"Chocolate Quest Repoured","cqrepoured:exporter",-1.00,Infinity
"Chocolate Quest Repoured","cqrepoured:exporter_chest_clutter",-1.00,Infinity
"Chocolate Quest Repoured","cqrepoured:exporter_chest_custom",-1.00,Infinity
"Chocolate Quest Repoured","cqrepoured:exporter_chest_equipment",-1.00,Infinity
"Chocolate Quest Repoured","cqrepoured:exporter_chest_food",-1.00,Infinity
"Chocolate Quest Repoured","cqrepoured:exporter_chest_utility",-1.00,Infinity
"Chocolate Quest Repoured","cqrepoured:exporter_chest_valuable",-1.00,Infinity
"Chocolate Quest Repoured","cqrepoured:exporter_chest_vanilla_blacksmith",-1.00,Infinity
"Chocolate Quest Repoured","cqrepoured:exporter_chest_vanilla_bonus",-1.00,Infinity
"Chocolate Quest Repoured","cqrepoured:exporter_chest_vanilla_dungeon",-1.00,Infinity
"Chocolate Quest Repoured","cqrepoured:exporter_chest_vanilla_end_city",-1.00,Infinity
"Chocolate Quest Repoured","cqrepoured:exporter_chest_vanilla_igloo",-1.00,Infinity
"Chocolate Quest Repoured","cqrepoured:exporter_chest_vanilla_jungle",-1.00,Infinity
"Chocolate Quest Repoured","cqrepoured:exporter_chest_vanilla_jungle_dispenser",-1.00,Infinity
"Chocolate Quest Repoured","cqrepoured:exporter_chest_vanilla_mansion",-1.00,Infinity
"Chocolate Quest Repoured","cqrepoured:exporter_chest_vanilla_mineshaft",-1.00,Infinity
"Chocolate Quest Repoured","cqrepoured:exporter_chest_vanilla_nether",-1.00,Infinity
"Chocolate Quest Repoured","cqrepoured:exporter_chest_vanilla_pyramid",-1.00,Infinity
"Chocolate Quest Repoured","cqrepoured:exporter_chest_vanilla_stronghold",-1.00,Infinity
"Chocolate Quest Repoured","cqrepoured:exporter_chest_vanilla_stronghold_library",-1.00,Infinity
"Chocolate Quest Repoured","cqrepoured:exporter_chest_vanilla_stronghold_storeroom",-1.00,Infinity
"Chocolate Quest Repoured","cqrepoured:force_field_nexus",4.00,45.00
"Chocolate Quest Repoured","cqrepoured:granite_carved",1.50,30.00
"Chocolate Quest Repoured","cqrepoured:granite_cube",1.50,30.00
"Chocolate Quest Repoured","cqrepoured:granite_large",1.50,30.00
"Chocolate Quest Repoured","cqrepoured:granite_pillar",1.50,30.00
"Chocolate Quest Repoured","cqrepoured:granite_scale",1.50,30.00
"Chocolate Quest Repoured","cqrepoured:granite_small",1.50,30.00
"Chocolate Quest Repoured","cqrepoured:granite_square",1.50,30.00
"Chocolate Quest Repoured","cqrepoured:map_placeholder",-1.00,Infinity
"Chocolate Quest Repoured","cqrepoured:null_block",-1.00,Infinity
"Chocolate Quest Repoured","cqrepoured:phylactery",0.50,2.50
"Chocolate Quest Repoured","cqrepoured:prismarine_carved",1.50,30.00
"Chocolate Quest Repoured","cqrepoured:prismarine_cube",1.50,30.00
"Chocolate Quest Repoured","cqrepoured:prismarine_large",1.50,30.00
"Chocolate Quest Repoured","cqrepoured:prismarine_pillar",1.50,30.00
"Chocolate Quest Repoured","cqrepoured:prismarine_small",1.50,30.00
"Chocolate Quest Repoured","cqrepoured:prismarine_square",1.50,30.00
"Chocolate Quest Repoured","cqrepoured:purpur_carved",1.50,30.00
"Chocolate Quest Repoured","cqrepoured:purpur_cube",1.50,30.00
"Chocolate Quest Repoured","cqrepoured:purpur_large",1.50,30.00
"Chocolate Quest Repoured","cqrepoured:purpur_scale",1.50,30.00
"Chocolate Quest Repoured","cqrepoured:purpur_small",1.50,30.00
"Chocolate Quest Repoured","cqrepoured:red_netherbrick_carved",1.50,30.00
"Chocolate Quest Repoured","cqrepoured:red_netherbrick_cube",1.50,30.00
"Chocolate Quest Repoured","cqrepoured:red_netherbrick_large",1.50,30.00
"Chocolate Quest Repoured","cqrepoured:red_netherbrick_pillar",1.50,30.00
"Chocolate Quest Repoured","cqrepoured:red_netherbrick_scale",1.50,30.00
"Chocolate Quest Repoured","cqrepoured:red_netherbrick_square",1.50,30.00
"Chocolate Quest Repoured","cqrepoured:spawner",-1.00,Infinity
"Chocolate Quest Repoured","cqrepoured:stone_cube",1.50,30.00
"Chocolate Quest Repoured","cqrepoured:stone_pillar",1.50,30.00
"Chocolate Quest Repoured","cqrepoured:stone_scale",1.50,30.00
"Chocolate Quest Repoured","cqrepoured:stone_small",1.50,30.00
"Chocolate Quest Repoured","cqrepoured:stone_square",1.50,30.00
"Chocolate Quest Repoured","cqrepoured:table_acacia",2.00,45.00
"Chocolate Quest Repoured","cqrepoured:table_birch",2.00,45.00
"Chocolate Quest Repoured","cqrepoured:table_dark",2.00,45.00
"Chocolate Quest Repoured","cqrepoured:table_jungle",2.00,45.00
"Chocolate Quest Repoured","cqrepoured:table_oak",2.00,45.00
"Chocolate Quest Repoured","cqrepoured:table_spruce",2.00,45.00
"Chocolate Quest Repoured","cqrepoured:temporary_web",0.00,0.00
"Chocolate Quest Repoured","cqrepoured:tnt",0.00,0.00
"Chocolate Quest Repoured","cqrepoured:unlit_torch",0.00,0.00
"Classy Hats","classyhats:hat_stand",0.00,0.00
"Comforts","comforts:hammock_black",0.20,1.00
"Comforts","comforts:hammock_blue",0.20,1.00
"Comforts","comforts:hammock_brown",0.20,1.00
"Comforts","comforts:hammock_cyan",0.20,1.00
"Comforts","comforts:hammock_gray",0.20,1.00
"Comforts","comforts:hammock_green",0.20,1.00
"Comforts","comforts:hammock_light_blue",0.20,1.00
"Comforts","comforts:hammock_lime",0.20,1.00
"Comforts","comforts:hammock_magenta",0.20,1.00
"Comforts","comforts:hammock_orange",0.20,1.00
"Comforts","comforts:hammock_pink",0.20,1.00
"Comforts","comforts:hammock_purple",0.20,1.00
"Comforts","comforts:hammock_red",0.20,1.00
"Comforts","comforts:hammock_silver",0.20,1.00
"Comforts","comforts:hammock_white",0.20,1.00
"Comforts","comforts:hammock_yellow",0.20,1.00
"Comforts","comforts:rope",0.20,1.00
"Comforts","comforts:sleeping_bag_black",0.20,1.00
"Comforts","comforts:sleeping_bag_blue",0.20,1.00
"Comforts","comforts:sleeping_bag_brown",0.20,1.00
"Comforts","comforts:sleeping_bag_cyan",0.20,1.00
"Comforts","comforts:sleeping_bag_gray",0.20,1.00
"Comforts","comforts:sleeping_bag_green",0.20,1.00
"Comforts","comforts:sleeping_bag_light_blue",0.20,1.00
"Comforts","comforts:sleeping_bag_lime",0.20,1.00
"Comforts","comforts:sleeping_bag_magenta",0.20,1.00
"Comforts","comforts:sleeping_bag_orange",0.20,1.00
"Comforts","comforts:sleeping_bag_pink",0.20,1.00
"Comforts","comforts:sleeping_bag_purple",0.20,1.00
"Comforts","comforts:sleeping_bag_red",0.20,1.00
"Comforts","comforts:sleeping_bag_silver",0.20,1.00
"Comforts","comforts:sleeping_bag_white",0.20,1.00
"Comforts","comforts:sleeping_bag_yellow",0.20,1.00
"Coralreef","coralreef:coral",0.00,0.00
"Coralreef","coralreef:reef",1.50,30.00
"CyclopsTek","cyclopstek:beacon_eye",3.00,15.00
"Davinci's Vessels","davincisvessels:anchorpoint",1.00,3.00
"Davinci's Vessels","davincisvessels:balloon",0.35,3.00
"Davinci's Vessels","davincisvessels:buffer",1.00,3.00
"Davinci's Vessels","davincisvessels:crate_wood",1.00,3.00
"Davinci's Vessels","davincisvessels:engine",2.00,9.00
"Davinci's Vessels","davincisvessels:floater",1.00,3.00
"Davinci's Vessels","davincisvessels:gauge",1.00,3.00
"Davinci's Vessels","davincisvessels:marker",1.00,3.00
"Davinci's Vessels","davincisvessels:seat",1.00,3.00
"Davinci's Vessels","davincisvessels:securedbed",0.20,1.00
"Davinci's Vessels","davincisvessels:stickybuffer",1.00,3.00
"Deeper Depths","deeperdepths:amethyst_block",1.50,7.50
"Deeper Depths","deeperdepths:amethyst_cluster",1.50,7.50
"Deeper Depths","deeperdepths:black_candle",0.50,2.50
"Deeper Depths","deeperdepths:blue_candle",0.50,2.50
"Deeper Depths","deeperdepths:brown_candle",0.50,2.50
"Deeper Depths","deeperdepths:budding_amethyst",1.50,7.50
"Deeper Depths","deeperdepths:candle",0.50,2.50
"Deeper Depths","deeperdepths:chiseled_copper",3.00,18.00
"Deeper Depths","deeperdepths:cobbled_deepslate_stairs",1.50,18.00
"Deeper Depths","deeperdepths:copper_bars",3.00,18.00
"Deeper Depths","deeperdepths:copper_block",3.00,18.00
"Deeper Depths","deeperdepths:copper_bulb",3.00,18.00
"Deeper Depths","deeperdepths:copper_chain",3.00,18.00
"Deeper Depths","deeperdepths:copper_chest",3.00,18.00
"Deeper Depths","deeperdepths:copper_door",3.00,18.00
"Deeper Depths","deeperdepths:copper_grate",3.00,18.00
"Deeper Depths","deeperdepths:copper_lantern",3.00,18.00
"Deeper Depths","deeperdepths:copper_ore",3.00,15.00
"Deeper Depths","deeperdepths:copper_torch",0.00,0.00
"Deeper Depths","deeperdepths:copper_trapdoor",3.00,18.00
"Deeper Depths","deeperdepths:cut_copper",3.00,18.00
"Deeper Depths","deeperdepths:cut_copper_slab",3.00,18.00
"Deeper Depths","deeperdepths:cut_copper_stairs",3.00,18.00
"Deeper Depths","deeperdepths:cyan_candle",0.50,2.50
"Deeper Depths","deeperdepths:deepslate",3.00,18.00
"Deeper Depths","deeperdepths:deepslate_brick_stairs",1.50,18.00
"Deeper Depths","deeperdepths:deepslate_tile_stairs",1.50,18.00
"Deeper Depths","deeperdepths:double_cut_copper_slab",3.00,18.00
"Deeper Depths","deeperdepths:double_stone_slab",0.00,0.00
"Deeper Depths","deeperdepths:exposed_copper_bars",3.00,18.00
"Deeper Depths","deeperdepths:exposed_copper_door",3.00,18.00
"Deeper Depths","deeperdepths:exposed_copper_trapdoor",3.00,18.00
"Deeper Depths","deeperdepths:exposed_cut_copper_stairs",3.00,18.00
"Deeper Depths","deeperdepths:exposed_lightning_rod",3.00,18.00
"Deeper Depths","deeperdepths:gray_candle",0.50,2.50
"Deeper Depths","deeperdepths:green_candle",0.50,2.50
"Deeper Depths","deeperdepths:heavy_core",10.00,150.00
"Deeper Depths","deeperdepths:large_amethyst_bud",1.50,7.50
"Deeper Depths","deeperdepths:light_blue_candle",0.50,2.50
"Deeper Depths","deeperdepths:light_gray_candle",0.50,2.50
"Deeper Depths","deeperdepths:lightning_rod",3.00,18.00
"Deeper Depths","deeperdepths:lime_candle",0.50,2.50
"Deeper Depths","deeperdepths:magenta_candle",0.50,2.50
"Deeper Depths","deeperdepths:medium_amethyst_bud",1.50,7.50
"Deeper Depths","deeperdepths:orange_candle",0.50,2.50
"Deeper Depths","deeperdepths:oxidized_copper_bars",3.00,18.00
"Deeper Depths","deeperdepths:oxidized_copper_door",3.00,18.00
"Deeper Depths","deeperdepths:oxidized_copper_trapdoor",3.00,18.00
"Deeper Depths","deeperdepths:oxidized_cut_copper_stairs",3.00,18.00
"Deeper Depths","deeperdepths:oxidized_lightning_rod",3.00,18.00
"Deeper Depths","deeperdepths:pink_candle",0.50,2.50
"Deeper Depths","deeperdepths:polished_deepslate_stairs",1.50,18.00
"Deeper Depths","deeperdepths:polished_tuff_stairs",1.50,18.00
"Deeper Depths","deeperdepths:purple_candle",0.50,2.50
"Deeper Depths","deeperdepths:red_candle",0.50,2.50
"Deeper Depths","deeperdepths:reinforced_deepslate",55.00,275.00
"Deeper Depths","deeperdepths:small_amethyst_bud",1.50,7.50
"Deeper Depths","deeperdepths:stone",1.50,18.00
"Deeper Depths","deeperdepths:stone_slab",0.00,0.00
"Deeper Depths","deeperdepths:stone_wall",1.50,18.00
"Deeper Depths","deeperdepths:tinted_glass",0.30,1.50
"Deeper Depths","deeperdepths:trial_pot",0.00,0.00
"Deeper Depths","deeperdepths:trial_spawner",50.00,250.00
"Deeper Depths","deeperdepths:tuff_brick_stairs",1.50,18.00
"Deeper Depths","deeperdepths:tuff_stairs",1.50,18.00
"Deeper Depths","deeperdepths:vault",50.00,250.00
"Deeper Depths","deeperdepths:waxed_copper_bars",3.00,18.00
"Deeper Depths","deeperdepths:waxed_copper_bulb",3.00,18.00
"Deeper Depths","deeperdepths:waxed_copper_chain",3.00,18.00
"Deeper Depths","deeperdepths:waxed_copper_chest",3.00,18.00
"Deeper Depths","deeperdepths:waxed_copper_door",3.00,18.00
"Deeper Depths","deeperdepths:waxed_copper_trapdoor",3.00,18.00
"Deeper Depths","deeperdepths:waxed_cut_copper_stairs",3.00,18.00
"Deeper Depths","deeperdepths:waxed_exposed_copper_bars",3.00,18.00
"Deeper Depths","deeperdepths:waxed_exposed_copper_door",3.00,18.00
"Deeper Depths","deeperdepths:waxed_exposed_copper_trapdoor",3.00,18.00
"Deeper Depths","deeperdepths:waxed_exposed_cut_copper_stairs",3.00,18.00
"Deeper Depths","deeperdepths:waxed_exposed_lightning_rod",3.00,18.00
"Deeper Depths","deeperdepths:waxed_lightning_rod",3.00,18.00
"Deeper Depths","deeperdepths:waxed_oxidized_copper_bars",3.00,18.00
"Deeper Depths","deeperdepths:waxed_oxidized_copper_door",3.00,18.00
"Deeper Depths","deeperdepths:waxed_oxidized_copper_trapdoor",3.00,18.00
"Deeper Depths","deeperdepths:waxed_oxidized_cut_copper_stairs",3.00,18.00
"Deeper Depths","deeperdepths:waxed_oxidized_lightning_rod",3.00,18.00
"Deeper Depths","deeperdepths:waxed_weathered_copper_bars",3.00,18.00
"Deeper Depths","deeperdepths:waxed_weathered_copper_door",3.00,18.00
"Deeper Depths","deeperdepths:waxed_weathered_copper_trapdoor",3.00,18.00
"Deeper Depths","deeperdepths:waxed_weathered_cut_copper_stairs",3.00,18.00
"Deeper Depths","deeperdepths:waxed_weathered_lightning_rod",3.00,18.00
"Deeper Depths","deeperdepths:weathered_copper_bars",3.00,18.00
"Deeper Depths","deeperdepths:weathered_copper_door",3.00,18.00
"Deeper Depths","deeperdepths:weathered_copper_trapdoor",3.00,18.00
"Deeper Depths","deeperdepths:weathered_cut_copper_stairs",3.00,18.00
"Deeper Depths","deeperdepths:weathered_lightning_rod",3.00,18.00
"Deeper Depths","deeperdepths:white_candle",0.50,2.50
"Deeper Depths","deeperdepths:yellow_candle",0.50,2.50
"Defiled Lands","defiledlands:blastem",0.10,1.50
"Defiled Lands","defiledlands:conjuring_altar",3.00,45.00
"Defiled Lands","defiledlands:dirt_defiled",0.50,7.50
"Defiled Lands","defiledlands:glass_obscure",0.30,4.50
"Defiled Lands","defiledlands:grass_defiled",0.60,7.50
"Defiled Lands","defiledlands:gravel_defiled",0.60,9.00
"Defiled Lands","defiledlands:healing_pad",3.00,45.00
"Defiled Lands","defiledlands:hephaestite_block",5.00,90.00
"Defiled Lands","defiledlands:hephaestite_ore",3.00,45.00
"Defiled Lands","defiledlands:ravaging_decoration",2.00,180.00
"Defiled Lands","defiledlands:sand_defiled",0.50,7.50
"Defiled Lands","defiledlands:sandstone_defiled",0.80,12.00
"Defiled Lands","defiledlands:sandstone_defiled_stairs",0.80,12.00
"Defiled Lands","defiledlands:scarlite_block",5.00,90.00
"Defiled Lands","defiledlands:scarlite_ore",3.00,45.00
"Defiled Lands","defiledlands:scuronotte",0.00,0.00
"Defiled Lands","defiledlands:stone_defiled",1.50,90.00
"Defiled Lands","defiledlands:stone_defiled_bricks_stairs",1.50,90.00
"Defiled Lands","defiledlands:stone_defiled_decoration",1.50,90.00
"Defiled Lands","defiledlands:stone_defiled_slab",2.00,30.00
"Defiled Lands","defiledlands:stone_defiled_slab_double",2.00,30.00
"Defiled Lands","defiledlands:stone_defiled_stairs",1.50,90.00
"Defiled Lands","defiledlands:tenebra_door",3.00,67.50
"Defiled Lands","defiledlands:tenebra_leaves",0.20,1.00
"Defiled Lands","defiledlands:tenebra_log",3.00,45.00
"Defiled Lands","defiledlands:tenebra_planks",3.00,67.50
"Defiled Lands","defiledlands:tenebra_sapling",0.00,0.00
"Defiled Lands","defiledlands:tenebra_stairs",3.00,67.50
"Defiled Lands","defiledlands:umbrium_block",5.00,90.00
"Defiled Lands","defiledlands:umbrium_ore",3.00,45.00
"Defiled Lands","defiledlands:vilespine",0.10,1.50
"Defiled Lands","defiledlands:wood_defiled_slab",2.00,30.00
"Defiled Lands","defiledlands:wood_defiled_slab_double",2.00,30.00
"Depths of Madness","db:disappearing_spawner",-1.00,3000.00
"Depths of Madness","db:gold_chisle_brick",50.00,6000.00
"Depths of Madness","db:lighting_updater",0.00,0.00
"Depths of Madness","db:mega_structure_block",0.00,0.00
"Depths of Madness","db:temple_brick",50.00,6000.00
"Depths of Madness","db:temple_brick_slab_double",50.00,6000.00
"Depths of Madness","db:temple_brick_slab_half",50.00,6000.00
"Depths of Madness","db:temple_brick_stairs",50.00,6000.00
"Depths of Madness","db:temple_chisle_brick",50.00,6000.00
"Depths of Madness","db:temple_cobble",50.00,6000.00
"Depths of Madness","db:temple_cobble_slab_double",50.00,6000.00
"Depths of Madness","db:temple_cobble_slab_half",50.00,6000.00
"Depths of Madness","db:temple_gold_brick",50.00,6000.00
"Depths of Madness","db:temple_lamp",50.00,6000.00
"Depths of Madness","db:temple_pillar",50.00,6000.00
"Depths of Madness","db:temple_polish",50.00,6000.00
"Disenchanter","disenchanter:disenchantmenttable",5.00,6000.00
"Doggy Talents","doggytalents:dog_bath",3.00,15.00
"Doggy Talents","doggytalents:dog_bed",3.00,15.00
"Doggy Talents","doggytalents:food_bowl",5.00,15.00
"Dungeon Mobs","dungeonmobs:bladetrap",20.00,60.00
"Dungeon Mobs","dungeonmobs:lavarock",0.00,0.00
"Dungeons2!","dungeons2:basic_facade_cobblestone",2.00,30.00
"Dungeons2!","dungeons2:basic_facade_cobblestone_mossy",2.00,30.00
"Dungeons2!","dungeons2:basic_facade_obsidianbrick",50.00,6000.00
"Dungeons2!","dungeons2:basic_facade_sandstone",1.50,30.00
"Dungeons2!","dungeons2:basic_facade_smooth_sandstone",1.50,30.00
"Dungeons2!","dungeons2:basic_facade_stone",1.50,30.00
"Dungeons2!","dungeons2:basic_facade_stonebrick",1.50,30.00
"Dungeons2!","dungeons2:basic_facade_stonebrick_chiseled",1.50,30.00
"Dungeons2!","dungeons2:basic_facade_stonebrick_cracked",1.50,30.00
"Dungeons2!","dungeons2:basic_facade_stonebrick_mossy",1.50,30.00
"Dungeons2!","dungeons2:coffer_cobblestone",2.00,30.00
"Dungeons2!","dungeons2:coffer_cobblestone_mossy",2.00,30.00
"Dungeons2!","dungeons2:coffer_middle_cobblestone",2.00,30.00
"Dungeons2!","dungeons2:coffer_middle_cobblestone_mossy",2.00,30.00
"Dungeons2!","dungeons2:coffer_middle_obsidianbrick",50.00,6000.00
"Dungeons2!","dungeons2:coffer_middle_sandstone",1.50,30.00
"Dungeons2!","dungeons2:coffer_middle_smooth_sandstone",1.50,30.00
"Dungeons2!","dungeons2:coffer_middle_stone",1.50,30.00
"Dungeons2!","dungeons2:coffer_middle_stonebrick",1.50,30.00
"Dungeons2!","dungeons2:coffer_middle_stonebrick_cracked",1.50,30.00
"Dungeons2!","dungeons2:coffer_middle_stonebrick_mossy",1.50,30.00
"Dungeons2!","dungeons2:coffer_obsidianbrick",50.00,6000.00
"Dungeons2!","dungeons2:coffer_sandstone",1.50,30.00
"Dungeons2!","dungeons2:coffer_smooth_sandstone",1.50,30.00
"Dungeons2!","dungeons2:coffer_stone",1.50,30.00
"Dungeons2!","dungeons2:coffer_stonebrick",1.50,30.00
"Dungeons2!","dungeons2:coffer_stonebrick_cracked",1.50,30.00
"Dungeons2!","dungeons2:coffer_stonebrick_mossy",1.50,30.00
"Dungeons2!","dungeons2:cornice_cobblestone",2.00,30.00
"Dungeons2!","dungeons2:cornice_cobblestone_mossy",2.00,30.00
"Dungeons2!","dungeons2:cornice_obsidianbrick",50.00,6000.00
"Dungeons2!","dungeons2:cornice_sandstone",1.50,30.00
"Dungeons2!","dungeons2:cornice_smooth_sandstone",1.50,30.00
"Dungeons2!","dungeons2:cornice_stone",1.50,30.00
"Dungeons2!","dungeons2:cornice_stonebrick",1.50,30.00
"Dungeons2!","dungeons2:cornice_stonebrick_cracked",1.50,30.00
"Dungeons2!","dungeons2:cornice_stonebrick_mossy",1.50,30.00
"Dungeons2!","dungeons2:crown_molding_cobblestone",1.50,30.00
"Dungeons2!","dungeons2:crown_molding_cobblestone_mossy",1.50,7.50
"Dungeons2!","dungeons2:crown_molding_obsidianbrick",1.50,6000.00
"Dungeons2!","dungeons2:crown_molding_sandstone",1.50,30.00
"Dungeons2!","dungeons2:crown_molding_smooth_sandstone",1.50,30.00
"Dungeons2!","dungeons2:crown_molding_stone",1.50,30.00
"Dungeons2!","dungeons2:crown_molding_stonebrick",1.50,30.00
"Dungeons2!","dungeons2:crown_molding_stonebrick_cracked",1.50,30.00
"Dungeons2!","dungeons2:crown_molding_stonebrick_mossy",1.50,30.00
"Dungeons2!","dungeons2:deferred_dungeon_generator",0.00,0.00
"Dungeons2!","dungeons2:double_sill_cobblestone",2.00,30.00
"Dungeons2!","dungeons2:double_sill_cobblestone_mossy",2.00,30.00
"Dungeons2!","dungeons2:double_sill_obsidianbrick",50.00,6000.00
"Dungeons2!","dungeons2:double_sill_sandstone",1.50,30.00
"Dungeons2!","dungeons2:double_sill_smooth_sandstone",1.50,30.00
"Dungeons2!","dungeons2:double_sill_stone",1.50,30.00
"Dungeons2!","dungeons2:double_sill_stonebrick",1.50,30.00
"Dungeons2!","dungeons2:double_sill_stonebrick_cracked",1.50,30.00
"Dungeons2!","dungeons2:double_sill_stonebrick_mossy",1.50,30.00
"Dungeons2!","dungeons2:flute_pillar_cobblestone",2.00,30.00
"Dungeons2!","dungeons2:flute_pillar_cobblestone_mossy",2.00,30.00
"Dungeons2!","dungeons2:flute_pillar_obsidianbrick",50.00,6000.00
"Dungeons2!","dungeons2:flute_pillar_sandstone",1.50,30.00
"Dungeons2!","dungeons2:flute_pillar_smooth_sandstone",1.50,30.00
"Dungeons2!","dungeons2:flute_pillar_stone",1.50,30.00
"Dungeons2!","dungeons2:flute_pillar_stonebrick",1.50,30.00
"Dungeons2!","dungeons2:flute_pillar_stonebrick_cracked",1.50,30.00
"Dungeons2!","dungeons2:flute_pillar_stonebrick_mossy",1.50,30.00
"Dungeons2!","dungeons2:flute_thin_pillar_cobblestone",2.00,30.00
"Dungeons2!","dungeons2:flute_thin_pillar_cobblestone_mossy",2.00,30.00
"Dungeons2!","dungeons2:flute_thin_pillar_obsidianbrick",50.00,6000.00
"Dungeons2!","dungeons2:flute_thin_pillar_sandstone",1.50,30.00
"Dungeons2!","dungeons2:flute_thin_pillar_smooth_sandstone",1.50,30.00
"Dungeons2!","dungeons2:flute_thin_pillar_stone",1.50,30.00
"Dungeons2!","dungeons2:flute_thin_pillar_stonebrick",1.50,30.00
"Dungeons2!","dungeons2:flute_thin_pillar_stonebrick_cracked",1.50,30.00
"Dungeons2!","dungeons2:flute_thin_pillar_stonebrick_mossy",1.50,30.00
"Dungeons2!","dungeons2:grate",1.50,30.00
"Dungeons2!","dungeons2:half_pillar_base_cobblestone",2.00,30.00
"Dungeons2!","dungeons2:half_pillar_base_cobblestone_mossy",2.00,30.00
"Dungeons2!","dungeons2:half_pillar_base_obsidianbrick",50.00,6000.00
"Dungeons2!","dungeons2:half_pillar_base_sandstone",1.50,30.00
"Dungeons2!","dungeons2:half_pillar_base_smooth_sandstone",1.50,30.00
"Dungeons2!","dungeons2:half_pillar_base_stone",1.50,30.00
"Dungeons2!","dungeons2:half_pillar_base_stonebrick",1.50,30.00
"Dungeons2!","dungeons2:half_pillar_base_stonebrick_cracked",1.50,30.00
"Dungeons2!","dungeons2:half_pillar_base_stonebrick_mossy",1.50,7.50
"Dungeons2!","dungeons2:half_pillar_cobblestone",2.00,30.00
"Dungeons2!","dungeons2:half_pillar_cobblestone_mossy",2.00,30.00
"Dungeons2!","dungeons2:half_pillar_obsidianbrick",50.00,6000.00
"Dungeons2!","dungeons2:half_pillar_sandstone",1.50,30.00
"Dungeons2!","dungeons2:half_pillar_smooth_sandstone",1.50,30.00
"Dungeons2!","dungeons2:half_pillar_stone",1.50,30.00
"Dungeons2!","dungeons2:half_pillar_stonebrick",1.50,30.00
"Dungeons2!","dungeons2:half_pillar_stonebrick_cracked",1.50,30.00
"Dungeons2!","dungeons2:half_pillar_stonebrick_mossy",1.50,30.00
"Dungeons2!","dungeons2:quarter_facade_cobblestone",2.00,30.00
"Dungeons2!","dungeons2:quarter_facade_cobblestone_mossy",1.50,30.00
"Dungeons2!","dungeons2:quarter_facade_obsidianbrick",50.00,6000.00
"Dungeons2!","dungeons2:quarter_facade_sandstone",1.50,30.00
"Dungeons2!","dungeons2:quarter_facade_smooth_sandstone",1.50,30.00
"Dungeons2!","dungeons2:quarter_facade_stone",1.50,30.00
"Dungeons2!","dungeons2:quarter_facade_stonebrick",1.50,30.00
"Dungeons2!","dungeons2:quarter_facade_stonebrick_chiseled",1.50,30.00
"Dungeons2!","dungeons2:quarter_facade_stonebrick_cracked",1.50,30.00
"Dungeons2!","dungeons2:quarter_facade_stonebrick_mossy",1.50,30.00
"Dungeons2!","dungeons2:sandstone_gravel",0.00,0.00
"Dungeons2!","dungeons2:seven_eights_pillar_cobblestone",2.00,30.00
"Dungeons2!","dungeons2:seven_eights_pillar_cobblestone_mossy",2.00,30.00
"Dungeons2!","dungeons2:seven_eights_pillar_obsidianbrick",50.00,6000.00
"Dungeons2!","dungeons2:seven_eights_pillar_sandstone",1.50,30.00
"Dungeons2!","dungeons2:seven_eights_pillar_smooth_sandstone",1.50,30.00
"Dungeons2!","dungeons2:seven_eights_pillar_stone",1.50,30.00
"Dungeons2!","dungeons2:seven_eights_pillar_stonebrick",1.50,30.00
"Dungeons2!","dungeons2:seven_eights_pillar_stonebrick_cracked",1.50,30.00
"Dungeons2!","dungeons2:seven_eights_pillar_stonebrick_mossy",1.50,30.00
"Dungeons2!","dungeons2:sill_cobblestone",2.00,30.00
"Dungeons2!","dungeons2:sill_cobblestone_mossy",2.00,30.00
"Dungeons2!","dungeons2:sill_obsidianbrick",50.00,6000.00
"Dungeons2!","dungeons2:sill_sandstone",1.50,30.00
"Dungeons2!","dungeons2:sill_smooth_sandstone",1.50,30.00
"Dungeons2!","dungeons2:sill_stone",1.50,30.00
"Dungeons2!","dungeons2:sill_stonebrick",1.50,30.00
"Dungeons2!","dungeons2:sill_stonebrick_cracked",1.50,30.00
"Dungeons2!","dungeons2:sill_stonebrick_mossy",1.50,30.00
"Dungeons2!","dungeons2:tee_pillar_cobblestone",2.00,30.00
"Dungeons2!","dungeons2:tee_pillar_cobblestone_mossy",2.00,30.00
"Dungeons2!","dungeons2:tee_pillar_obsidianbrick",50.00,6000.00
"Dungeons2!","dungeons2:tee_pillar_sandstone",1.50,30.00
"Dungeons2!","dungeons2:tee_pillar_smooth_sandstone",1.50,30.00
"Dungeons2!","dungeons2:tee_pillar_stone",1.50,30.00
"Dungeons2!","dungeons2:tee_pillar_stonebrick",1.50,30.00
"Dungeons2!","dungeons2:tee_pillar_stonebrick_cracked",1.50,30.00
"Dungeons2!","dungeons2:tee_pillar_stonebrick_mossy",1.50,30.00
"Dungeons2!","dungeons2:tee_thin_pillar_cobblestone",2.00,30.00
"Dungeons2!","dungeons2:tee_thin_pillar_cobblestone_mossy",2.00,30.00
"Dungeons2!","dungeons2:tee_thin_pillar_obsidianbrick",50.00,6000.00
"Dungeons2!","dungeons2:tee_thin_pillar_sandstone",1.50,30.00
"Dungeons2!","dungeons2:tee_thin_pillar_smooth_sandstone",1.50,30.00
"Dungeons2!","dungeons2:tee_thin_pillar_stone",1.50,30.00
"Dungeons2!","dungeons2:tee_thin_pillar_stonebrick",1.50,30.00
"Dungeons2!","dungeons2:tee_thin_pillar_stonebrick_cracked",1.50,30.00
"Dungeons2!","dungeons2:tee_thin_pillar_stonebrick_mossy",1.50,30.00
"Dungeons2!","dungeons2:wall_sconce_cobblestone",0.00,0.00
"Dungeons2!","dungeons2:wall_sconce_cobblestone_mossy",0.00,0.00
"Dungeons2!","dungeons2:wall_sconce_obsidianbrick",0.00,0.00
"Dungeons2!","dungeons2:wall_sconce_sandstone",0.00,0.00
"Dungeons2!","dungeons2:wall_sconce_smooth_sandstone",0.00,0.00
"Dungeons2!","dungeons2:wall_sconce_stone",0.00,0.00
"Dungeons2!","dungeons2:wall_sconce_stonebrick",0.00,0.00
"Dungeons2!","dungeons2:wall_sconce_stonebrick_cracked",0.00,0.00
"Dungeons2!","dungeons2:wall_sconce_stonebrick_mossy",0.00,0.00
"Eerie Entities","eerieentities:pumpkin_creeper",1.00,5.00
"Eerie Entities","eerieentities:pumpkin_cyclops",1.00,5.00
"Eerie Entities","eerieentities:pumpkin_lit_creeper",1.00,5.00
"Eerie Entities","eerieentities:pumpkin_lit_cyclops",1.00,5.00
"Eerie Entities","eerieentities:pumpkin_lit_owo",1.00,5.00
"Eerie Entities","eerieentities:pumpkin_lit_rawr",1.00,5.00
"Eerie Entities","eerieentities:pumpkin_lit_surprised",1.00,5.00
"Eerie Entities","eerieentities:pumpkin_owo",1.00,5.00
"Eerie Entities","eerieentities:pumpkin_rawr",1.00,5.00
"Eerie Entities","eerieentities:pumpkin_surprised",1.00,5.00
"Electroblob's Wizardry","ebwizardry:acacia_bookshelf",2.00,15.00
"Electroblob's Wizardry","ebwizardry:acacia_lectern",2.00,15.00
"Electroblob's Wizardry","ebwizardry:arcane_workbench",1.00,5.00
"Electroblob's Wizardry","ebwizardry:birch_bookshelf",2.00,15.00
"Electroblob's Wizardry","ebwizardry:birch_lectern",2.00,15.00
"Electroblob's Wizardry","ebwizardry:crystal_block",5.00,30.00
"Electroblob's Wizardry","ebwizardry:crystal_flower",0.00,0.00
"Electroblob's Wizardry","ebwizardry:crystal_flower_pot",0.00,0.00
"Electroblob's Wizardry","ebwizardry:crystal_ore",3.00,15.00
"Electroblob's Wizardry","ebwizardry:dark_oak_bookshelf",2.00,15.00
"Electroblob's Wizardry","ebwizardry:dark_oak_lectern",2.00,15.00
"Electroblob's Wizardry","ebwizardry:dry_frosted_ice",0.00,0.00
"Electroblob's Wizardry","ebwizardry:gilded_wood",2.00,15.00
"Electroblob's Wizardry","ebwizardry:ice_statue",0.50,2.50
"Electroblob's Wizardry","ebwizardry:imbuement_altar",-1.00,18000000.00
"Electroblob's Wizardry","ebwizardry:jungle_bookshelf",2.00,15.00
"Electroblob's Wizardry","ebwizardry:jungle_lectern",2.00,15.00
"Electroblob's Wizardry","ebwizardry:magic_light",-1.00,0.00
"Electroblob's Wizardry","ebwizardry:meteor",0.00,0.00
"Electroblob's Wizardry","ebwizardry:oak_bookshelf",2.00,15.00
"Electroblob's Wizardry","ebwizardry:oak_lectern",2.00,15.00
"Electroblob's Wizardry","ebwizardry:obsidian_crust",0.00,0.00
"Electroblob's Wizardry","ebwizardry:permafrost",0.00,0.00
"Electroblob's Wizardry","ebwizardry:petrified_stone",1.50,30.00
"Electroblob's Wizardry","ebwizardry:receptacle",0.00,0.00
"Electroblob's Wizardry","ebwizardry:runestone",1.50,30.00
"Electroblob's Wizardry","ebwizardry:runestone_pedestal",1.50,30.00
"Electroblob's Wizardry","ebwizardry:snare",0.00,0.00
"Electroblob's Wizardry","ebwizardry:spectral_block",-1.00,18000000.00
"Electroblob's Wizardry","ebwizardry:spruce_bookshelf",2.00,15.00
"Electroblob's Wizardry","ebwizardry:spruce_lectern",2.00,15.00
"Electroblob's Wizardry","ebwizardry:thorns",4.00,20.00
"Electroblob's Wizardry","ebwizardry:transportation_stone",0.30,1.50
"Electroblob's Wizardry","ebwizardry:vanishing_cobweb",4.00,20.00
"End Expansion","ee:amber_ore",1.70,30.00
"End Expansion","ee:amber_torch",0.00,0.00
"End Expansion","ee:ash_brick",1.70,30.00
"End Expansion","ee:ash_brick_double",1.70,30.00
"End Expansion","ee:ash_brick_half",1.70,30.00
"End Expansion","ee:ash_brick_pillar",1.70,30.00
"End Expansion","ee:ash_brick_stairs",1.70,30.00
"End Expansion","ee:ash_brick_wall",1.70,10.00
"End Expansion","ee:ash_chisle",1.70,30.00
"End Expansion","ee:ash_chute",1.70,30.00
"End Expansion","ee:ash_door",-1.00,30000.00
"End Expansion","ee:ash_key_block",-1.00,30000.00
"End Expansion","ee:ash_skull",1.70,30.00
"End Expansion","ee:ash_spawner",-1.00,3000.00
"End Expansion","ee:ash_trap_floor",1.70,30.00
"End Expansion","ee:bare_acid",0.00,0.00
"End Expansion","ee:bare_bark",1.50,15.00
"End Expansion","ee:bare_bark_hole",1.50,15.00
"End Expansion","ee:bare_bricks",-1.00,30.00
"End Expansion","ee:bare_bricks_crack",-1.00,30.00
"End Expansion","ee:bare_bricks_hole",-1.00,30.00
"End Expansion","ee:bare_door",1.70,30.00
"End Expansion","ee:bare_door_connect",1.70,30.00
"End Expansion","ee:bare_grass",0.00,0.00
"End Expansion","ee:bare_leaves",0.20,6.00
"End Expansion","ee:bare_planks",1.50,30.00
"End Expansion","ee:bare_planks_double",1.50,30.00
"End Expansion","ee:bare_planks_half",1.50,30.00
"End Expansion","ee:bare_planks_stairs",1.50,30.00
"End Expansion","ee:bare_plant",0.00,0.00
"End Expansion","ee:bare_sand",1.70,30.00
"End Expansion","ee:bare_small_pot",1.70,30.00
"End Expansion","ee:bare_stairs",1.70,30.00
"End Expansion","ee:bare_stone",1.70,30.00
"End Expansion","ee:bare_stone_cobble",1.70,30.00
"End Expansion","ee:bare_stone_double",1.70,30.00
"End Expansion","ee:bare_stone_half",1.70,30.00
"End Expansion","ee:bare_stone_smooth",1.70,30.00
"End Expansion","ee:bare_stone_wall",1.70,10.00
"End Expansion","ee:bare_vine",0.00,0.00
"End Expansion","ee:bark_hole_filled",1.50,15.00
"End Expansion","ee:brown_brick",1.70,30.00
"End Expansion","ee:brown_smooth",1.70,30.00
"End Expansion","ee:brown_stone",1.70,30.00
"End Expansion","ee:compulsor",1.70,30.00
"End Expansion","ee:disappearing_spawner",-1.00,3000.00
"End Expansion","ee:door_on",50.00,6000.00
"End Expansion","ee:end_ash",1.70,30.00
"End Expansion","ee:end_barrier",-1.00,18000000.00
"End Expansion","ee:end_brick_double",1.70,30.00
"End Expansion","ee:end_brick_half",1.70,30.00
"End Expansion","ee:end_door",1.70,30.00
"End Expansion","ee:end_h_plant",0.00,0.00
"End Expansion","ee:end_pillar",1.70,30.00
"End Expansion","ee:end_stone_stairs",1.70,30.00
"End Expansion","ee:end_stone_wall",1.70,10.00
"End Expansion","ee:eye_stone",1.70,30.00
"End Expansion","ee:eye_stone_lit",1.70,30.00
"End Expansion","ee:eyed_obi",50.00,6000.00
"End Expansion","ee:green_crystal",1.70,30.00
"End Expansion","ee:green_crystal_top",1.70,30.00
"End Expansion","ee:key_block",-1.00,30000.00
"End Expansion","ee:lamented_end_stone",1.70,30.00
"End Expansion","ee:lighting_updater",0.00,0.00
"End Expansion","ee:mega_structure_block",0.00,0.00
"End Expansion","ee:mini_nuke",0.00,0.00
"End Expansion","ee:obi_health",1.70,30.00
"End Expansion","ee:purple_crystal",1.70,30.00
"End Expansion","ee:purple_crystal_top",1.70,30.00
"End Expansion","ee:red_crystal",1.70,30.00
"End Expansion","ee:red_crystal_top",1.70,30.00
"End Expansion","ee:red_lamp",1.70,30.00
"End Expansion","ee:reverse_off",1.70,30.00
"End Expansion","ee:reverse_on",1.70,8.50
"End Expansion","ee:smooth_obi",50.00,6000.00
"End Expansion","ee:source_off",1.70,30.00
"End Expansion","ee:source_on",1.70,30.00
"End Expansion","ee:sprout_plant",0.00,0.00
"End Expansion","ee:sprout_stone",1.70,30.00
"End Expansion","ee:sprout_vine",0.00,0.00
"End Expansion","ee:stone_brick_wall",1.70,10.00
"End Expansion","ee:unending_arena",-1.00,30.00
"Environs++","environs:coarse_dried_dirt",0.50,2.50
"Environs++","environs:coarse_end_dirt",0.50,2.50
"Environs++","environs:coarse_frozen_dirt",0.50,2.50
"Environs++","environs:cyan_mushroom",0.00,0.00
"Environs++","environs:cyan_mushroom_block",0.20,1.00
"Environs++","environs:cyan_mushroom_stem",0.20,1.00
"Environs++","environs:cypress_bark",2.00,10.00
"Environs++","environs:cypress_door",3.00,15.00
"Environs++","environs:cypress_fence",2.00,15.00
"Environs++","environs:cypress_fence_gate",1.75,14.25
"Environs++","environs:cypress_leaves",0.20,1.00
"Environs++","environs:cypress_log",2.00,10.00
"Environs++","environs:cypress_planks",2.00,45.00
"Environs++","environs:cypress_sapling",0.00,0.00
"Environs++","environs:cypress_slab",2.00,45.00
"Environs++","environs:cypress_slab_double",2.00,45.00
"Environs++","environs:cypress_stairs",2.00,45.00
"Environs++","environs:dried_cobblestone",2.00,30.00
"Environs++","environs:dried_cobblestone_slab",2.00,30.00
"Environs++","environs:dried_cobblestone_slab_double",2.00,30.00
"Environs++","environs:dried_cobblestone_stairs",10.00,50.00
"Environs++","environs:dried_dirt",0.50,2.50
"Environs++","environs:dried_meteorite",3.00,30.00
"Environs++","environs:dried_stone",1.50,30.00
"Environs++","environs:dried_stone_slab",2.00,30.00
"Environs++","environs:dried_stone_slab_double",2.00,30.00
"Environs++","environs:dried_stone_stairs",10.00,50.00
"Environs++","environs:end_bark",2.00,10.00
"Environs++","environs:end_dirt",0.50,2.50
"Environs++","environs:end_door",3.00,15.00
"Environs++","environs:end_farmland",0.50,2.50
"Environs++","environs:end_fence",2.00,15.00
"Environs++","environs:end_fence_gate",2.00,15.00
"Environs++","environs:end_grass",0.60,3.00
"Environs++","environs:end_grass_path",0.50,2.50
"Environs++","environs:end_leaves",0.20,1.00
"Environs++","environs:end_log",2.00,10.00
"Environs++","environs:end_planks",2.00,45.00
"Environs++","environs:end_sapling",0.00,0.00
"Environs++","environs:end_slab",2.00,45.00
"Environs++","environs:end_slab_double",2.00,45.00
"Environs++","environs:end_stairs",2.00,45.00
"Environs++","environs:eucalyptus_bark",2.00,10.00
"Environs++","environs:eucalyptus_door",3.00,15.00
"Environs++","environs:eucalyptus_fence",2.00,15.00
"Environs++","environs:eucalyptus_fence_gate",2.00,15.00
"Environs++","environs:eucalyptus_leaves",0.20,1.00
"Environs++","environs:eucalyptus_log",2.00,10.00
"Environs++","environs:eucalyptus_planks",2.00,45.00
"Environs++","environs:eucalyptus_sapling",0.00,0.00
"Environs++","environs:eucalyptus_slab",2.00,45.00
"Environs++","environs:eucalyptus_slab_double",2.00,45.00
"Environs++","environs:eucalyptus_stairs",2.00,45.00
"Environs++","environs:frozen_bark",2.00,10.00
"Environs++","environs:frozen_dirt",0.50,2.50
"Environs++","environs:frozen_door",3.00,15.00
"Environs++","environs:frozen_farmland",0.50,2.50
"Environs++","environs:frozen_fence",2.00,15.00
"Environs++","environs:frozen_fence_gate",2.00,15.00
"Environs++","environs:frozen_grass",0.60,3.00
"Environs++","environs:frozen_grass_path",0.50,2.50
"Environs++","environs:frozen_leaves",0.20,1.00
"Environs++","environs:frozen_log",2.00,10.00
"Environs++","environs:frozen_planks",2.00,45.00
"Environs++","environs:frozen_sapling",0.00,0.00
"Environs++","environs:frozen_slab",2.00,45.00
"Environs++","environs:frozen_slab_double",2.00,45.00
"Environs++","environs:frozen_stairs",2.00,45.00
"Environs++","environs:meteorite",3.00,30.00
"Environs++","environs:pine_bark",2.00,10.00
"Environs++","environs:pine_door",3.00,15.00
"Environs++","environs:pine_fence",2.00,15.00
"Environs++","environs:pine_fence_gate",2.00,15.00
"Environs++","environs:pine_leaves",0.20,1.00
"Environs++","environs:pine_log",2.00,10.00
"Environs++","environs:pine_planks",2.00,45.00
"Environs++","environs:pine_sapling",0.00,0.00
"Environs++","environs:pine_slab",2.00,45.00
"Environs++","environs:pine_slab_double",2.00,45.00
"Environs++","environs:pine_stairs",2.00,45.00
"Environs++","environs:purple_mushroom",0.00,0.00
"Environs++","environs:purple_mushroom_block",0.20,1.00
"Environs++","environs:purple_mushroom_stem",0.20,1.00
"Environs++","environs:ranges_dirt",0.50,2.50
"Environs++","environs:ranges_farmland",0.50,2.50
"Exotic Birds","exoticbirds:birdcage_acacia",0.70,3.50
"Exotic Birds","exoticbirds:birdcage_birch",0.70,3.50
"Exotic Birds","exoticbirds:birdcage_dark_oak",0.70,3.50
"Exotic Birds","exoticbirds:birdcage_gold",0.70,3.50
"Exotic Birds","exoticbirds:birdcage_iron",0.70,3.50
"Exotic Birds","exoticbirds:birdcage_jungle",0.70,3.50
"Exotic Birds","exoticbirds:birdcage_oak",0.70,3.50
"Exotic Birds","exoticbirds:birdcage_spruce",0.70,3.50
"Exotic Birds","exoticbirds:egg_incubator",3.50,17.50
"Exotic Birds","exoticbirds:egg_sorter",3.50,17.50
"Exotic Birds","exoticbirds:lit_egg_incubator",3.50,17.50
"Exotic Birds","exoticbirds:lit_egg_sorter",3.50,17.50
"Exotic Birds","exoticbirds:nest",0.50,2.50
"Exotic Birds","exoticbirds:phoenix_egg",1.50,300.00
"ExplorerCraft","explorercraft:amethyst_block",5.00,25.00
"ExplorerCraft","explorercraft:amethyst_ore",1.50,7.50
"ExplorerCraft","explorercraft:ash_door",0.00,0.00
"ExplorerCraft","explorercraft:ash_double_slab",2.00,15.00
"ExplorerCraft","explorercraft:ash_fence",2.00,15.00
"ExplorerCraft","explorercraft:ash_fence_gate",2.00,15.00
"ExplorerCraft","explorercraft:ash_leaves",0.20,1.00
"ExplorerCraft","explorercraft:ash_log",2.00,10.00
"ExplorerCraft","explorercraft:ash_planks",2.00,15.00
"ExplorerCraft","explorercraft:ash_sapling",0.00,0.00
"ExplorerCraft","explorercraft:ash_slab",2.00,15.00
"ExplorerCraft","explorercraft:ash_stairs",1.50,30.00
"ExplorerCraft","explorercraft:bamboo_door",0.00,0.00
"ExplorerCraft","explorercraft:bamboo_double_slab",2.00,15.00
"ExplorerCraft","explorercraft:bamboo_fence",2.00,15.00
"ExplorerCraft","explorercraft:bamboo_fence_gate",2.00,15.00
"ExplorerCraft","explorercraft:bamboo_leaves",0.20,1.00
"ExplorerCraft","explorercraft:bamboo_log",1.00,5.00
"ExplorerCraft","explorercraft:bamboo_planks",2.00,15.00
"ExplorerCraft","explorercraft:bamboo_planks_vertical",2.00,15.00
"ExplorerCraft","explorercraft:bamboo_sapling",0.00,0.00
"ExplorerCraft","explorercraft:bamboo_slab",2.00,15.00
"ExplorerCraft","explorercraft:bamboo_stairs",1.50,30.00
"ExplorerCraft","explorercraft:basalt",1.50,30.00
"ExplorerCraft","explorercraft:basalt_brick_double_slab",2.00,30.00
"ExplorerCraft","explorercraft:basalt_brick_slab",2.00,30.00
"ExplorerCraft","explorercraft:basalt_brick_stairs",1.50,30.00
"ExplorerCraft","explorercraft:basalt_brick_wall",1.50,30.00
"ExplorerCraft","explorercraft:basalt_bricks",1.50,30.00
"ExplorerCraft","explorercraft:basalt_chiseled",1.50,30.00
"ExplorerCraft","explorercraft:basalt_cobblestone",1.50,30.00
"ExplorerCraft","explorercraft:basalt_cracked",1.50,30.00
"ExplorerCraft","explorercraft:basalt_mossy",1.50,30.00
"ExplorerCraft","explorercraft:basalt_pillar",1.50,30.00
"ExplorerCraft","explorercraft:basalt_polished",1.50,30.00
"ExplorerCraft","explorercraft:cherry_door",0.00,0.00
"ExplorerCraft","explorercraft:cherry_double_slab",2.00,15.00
"ExplorerCraft","explorercraft:cherry_fence",2.00,15.00
"ExplorerCraft","explorercraft:cherry_fence_gate",2.00,15.00
"ExplorerCraft","explorercraft:cherry_leaves",0.20,1.00
"ExplorerCraft","explorercraft:cherry_log",2.00,10.00
"ExplorerCraft","explorercraft:cherry_planks",2.00,15.00
"ExplorerCraft","explorercraft:cherry_sapling",0.00,0.00
"ExplorerCraft","explorercraft:cherry_slab",2.00,15.00
"ExplorerCraft","explorercraft:cherry_stairs",1.50,30.00
"ExplorerCraft","explorercraft:daffodil",0.00,0.00
"ExplorerCraft","explorercraft:dragon_heart",5.00,30.00
"ExplorerCraft","explorercraft:jade_block",5.00,25.00
"ExplorerCraft","explorercraft:jade_ore",1.50,7.50
"ExplorerCraft","explorercraft:leek_crop",0.00,0.00
"ExplorerCraft","explorercraft:leek_wild",0.00,0.00
"ExplorerCraft","explorercraft:maple_door",0.00,0.00
"ExplorerCraft","explorercraft:maple_double_slab",2.00,15.00
"ExplorerCraft","explorercraft:maple_fence",2.00,15.00
"ExplorerCraft","explorercraft:maple_fence_gate",2.00,15.00
"ExplorerCraft","explorercraft:maple_leaves",0.20,1.00
"ExplorerCraft","explorercraft:maple_log",2.00,10.00
"ExplorerCraft","explorercraft:maple_planks",2.00,15.00
"ExplorerCraft","explorercraft:maple_sapling",0.00,0.00
"ExplorerCraft","explorercraft:maple_slab",2.00,15.00
"ExplorerCraft","explorercraft:maple_stairs",1.50,30.00
"ExplorerCraft","explorercraft:marble",1.50,30.00
"ExplorerCraft","explorercraft:marble_brick_double_slab",2.00,30.00
"ExplorerCraft","explorercraft:marble_brick_slab",2.00,30.00
"ExplorerCraft","explorercraft:marble_brick_stairs",1.50,30.00
"ExplorerCraft","explorercraft:marble_brick_wall",1.50,30.00
"ExplorerCraft","explorercraft:marble_bricks",1.50,30.00
"ExplorerCraft","explorercraft:marble_chiseled",1.50,30.00
"ExplorerCraft","explorercraft:marble_cracked",1.50,30.00
"ExplorerCraft","explorercraft:marble_mossy",1.50,30.00
"ExplorerCraft","explorercraft:marble_pillar",1.50,30.00
"ExplorerCraft","explorercraft:marble_polished",1.50,30.00
"ExplorerCraft","explorercraft:noctiluca_plant",0.00,0.00
"ExplorerCraft","explorercraft:rice_base",0.00,0.00
"ExplorerCraft","explorercraft:rice_top",0.00,0.00
"ExplorerCraft","explorercraft:ruby_block",5.00,25.00
"ExplorerCraft","explorercraft:ruby_ore",1.50,7.50
"ExplorerCraft","explorercraft:slate",1.50,30.00
"ExplorerCraft","explorercraft:slate_brick_double_slab",2.00,30.00
"ExplorerCraft","explorercraft:slate_brick_slab",2.00,30.00
"ExplorerCraft","explorercraft:slate_brick_stairs",1.50,30.00
"ExplorerCraft","explorercraft:slate_brick_wall",1.50,30.00
"ExplorerCraft","explorercraft:slate_bricks",1.50,30.00
"ExplorerCraft","explorercraft:slate_chiseled",1.50,30.00
"ExplorerCraft","explorercraft:slate_mossy",1.50,30.00
"ExplorerCraft","explorercraft:slate_pillar",1.50,30.00
"ExplorerCraft","explorercraft:slate_polished",1.50,30.00
"ExplorerCraft","explorercraft:slate_tile",1.50,30.00
"ExplorerCraft","explorercraft:slate_tile_stairs",1.50,30.00
"ExplorerCraft","explorercraft:slate_welsh",1.50,30.00
"ExplorerCraft","explorercraft:tatami",0.50,2.50
"ExplorerCraft","explorercraft:tatami_half",0.50,2.50
"ExplorerCraft","explorercraft:water_grass",0.00,0.00
"Extra Alchemy","extraalchemy:encasing_ice",0.50,2.50
"Extra Golems","golems:golem_head",0.00,0.00
"Extra Golems","golems:light_provider_full",-1.00,0.00
"Extra Golems","golems:power_provider_all",-1.00,0.00
"Extra Golems","golems:water_light_provider_full",-1.00,0.00
"Fairy Lights","fairylights:fastener",0.00,6000.00
"Farmer's Delight Legacy","farmersdelight:acacia_cabinet",2.50,12.00
"Farmer's Delight Legacy","farmersdelight:apple_pie",0.50,1.50
"Farmer's Delight Legacy","farmersdelight:bamboo_cabinet",2.50,12.00
"Farmer's Delight Legacy","farmersdelight:basket",1.50,4.50
"Farmer's Delight Legacy","farmersdelight:beetroot_crate",2.00,12.00
"Farmer's Delight Legacy","farmersdelight:birch_cabinet",2.50,12.00
"Farmer's Delight Legacy","farmersdelight:black_canvas_sign",0.00,0.00
"Farmer's Delight Legacy","farmersdelight:black_canvas_wall_sign",0.00,0.00
"Farmer's Delight Legacy","farmersdelight:black_hanging_canvas_sign",1.00,3.00
"Farmer's Delight Legacy","farmersdelight:black_wall_hanging_canvas_sign",1.00,3.00
"Farmer's Delight Legacy","farmersdelight:blue_canvas_sign",0.00,0.00
"Farmer's Delight Legacy","farmersdelight:blue_canvas_wall_sign",0.00,0.00
"Farmer's Delight Legacy","farmersdelight:blue_hanging_canvas_sign",1.00,3.00
"Farmer's Delight Legacy","farmersdelight:blue_wall_hanging_canvas_sign",1.00,3.00
"Farmer's Delight Legacy","farmersdelight:brown_canvas_sign",0.00,0.00
"Farmer's Delight Legacy","farmersdelight:brown_canvas_wall_sign",0.00,0.00
"Farmer's Delight Legacy","farmersdelight:brown_hanging_canvas_sign",1.00,3.00
"Farmer's Delight Legacy","farmersdelight:brown_mushroom_colony",0.00,0.00
"Farmer's Delight Legacy","farmersdelight:brown_wall_hanging_canvas_sign",1.00,3.00
"Farmer's Delight Legacy","farmersdelight:budding_tomatoes",0.00,0.00
"Farmer's Delight Legacy","farmersdelight:cabbage_crate",2.00,12.00
"Farmer's Delight Legacy","farmersdelight:cabbages",0.00,0.00
"Farmer's Delight Legacy","farmersdelight:canvas_rug",0.20,0.60
"Farmer's Delight Legacy","farmersdelight:canvas_sign",0.00,0.00
"Farmer's Delight Legacy","farmersdelight:canvas_wall_sign",0.00,0.00
"Farmer's Delight Legacy","farmersdelight:carrot_crate",2.00,12.00
"Farmer's Delight Legacy","farmersdelight:cherry_cabinet",2.50,12.00
"Farmer's Delight Legacy","farmersdelight:chocolate_pie",0.50,1.50
"Farmer's Delight Legacy","farmersdelight:cooking_pot",2.00,12.00
"Farmer's Delight Legacy","farmersdelight:crimson_cabinet",2.50,12.00
"Farmer's Delight Legacy","farmersdelight:cutting_board",1.00,6.00
"Farmer's Delight Legacy","farmersdelight:cyan_canvas_sign",0.00,0.00
"Farmer's Delight Legacy","farmersdelight:cyan_canvas_wall_sign",0.00,0.00
"Farmer's Delight Legacy","farmersdelight:cyan_hanging_canvas_sign",1.00,3.00
"Farmer's Delight Legacy","farmersdelight:cyan_wall_hanging_canvas_sign",1.00,3.00
"Farmer's Delight Legacy","farmersdelight:dark_oak_cabinet",2.50,12.00
"Farmer's Delight Legacy","farmersdelight:full_tatami_mat",0.30,0.90
"Farmer's Delight Legacy","farmersdelight:gray_canvas_sign",0.00,0.00
"Farmer's Delight Legacy","farmersdelight:gray_canvas_wall_sign",0.00,0.00
"Farmer's Delight Legacy","farmersdelight:gray_hanging_canvas_sign",1.00,3.00
"Farmer's Delight Legacy","farmersdelight:gray_wall_hanging_canvas_sign",1.00,3.00
"Farmer's Delight Legacy","farmersdelight:green_canvas_sign",0.00,0.00
"Farmer's Delight Legacy","farmersdelight:green_canvas_wall_sign",0.00,0.00
"Farmer's Delight Legacy","farmersdelight:green_hanging_canvas_sign",1.00,3.00
"Farmer's Delight Legacy","farmersdelight:green_wall_hanging_canvas_sign",1.00,3.00
"Farmer's Delight Legacy","farmersdelight:half_tatami_mat",0.30,0.90
"Farmer's Delight Legacy","farmersdelight:hanging_canvas_sign",1.00,3.00
"Farmer's Delight Legacy","farmersdelight:honey_glazed_ham_block",0.80,3.00
"Farmer's Delight Legacy","farmersdelight:jungle_cabinet",2.50,12.00
"Farmer's Delight Legacy","farmersdelight:light_blue_canvas_sign",0.00,0.00
"Farmer's Delight Legacy","farmersdelight:light_blue_canvas_wall_sign",0.00,0.00
"Farmer's Delight Legacy","farmersdelight:light_blue_hanging_canvas_sign",1.00,3.00
"Farmer's Delight Legacy","farmersdelight:light_blue_wall_hanging_canvas_sign",1.00,3.00
"Farmer's Delight Legacy","farmersdelight:light_gray_canvas_sign",0.00,0.00
"Farmer's Delight Legacy","farmersdelight:light_gray_canvas_wall_sign",0.00,0.00
"Farmer's Delight Legacy","farmersdelight:light_gray_hanging_canvas_sign",1.00,3.00
"Farmer's Delight Legacy","farmersdelight:light_gray_wall_hanging_canvas_sign",1.00,3.00
"Farmer's Delight Legacy","farmersdelight:lime_canvas_sign",0.00,0.00
"Farmer's Delight Legacy","farmersdelight:lime_canvas_wall_sign",0.00,0.00
"Farmer's Delight Legacy","farmersdelight:lime_hanging_canvas_sign",1.00,3.00
"Farmer's Delight Legacy","farmersdelight:lime_wall_hanging_canvas_sign",1.00,3.00
"Farmer's Delight Legacy","farmersdelight:magenta_canvas_sign",0.00,0.00
"Farmer's Delight Legacy","farmersdelight:magenta_canvas_wall_sign",0.00,0.00
"Farmer's Delight Legacy","farmersdelight:magenta_hanging_canvas_sign",1.00,3.00
"Farmer's Delight Legacy","farmersdelight:magenta_wall_hanging_canvas_sign",1.00,3.00
"Farmer's Delight Legacy","farmersdelight:mangrove_cabinet",2.50,12.00
"Farmer's Delight Legacy","farmersdelight:oak_cabinet",2.50,12.00
"Farmer's Delight Legacy","farmersdelight:onion_crate",2.00,12.00
"Farmer's Delight Legacy","farmersdelight:onions",0.00,0.00
"Farmer's Delight Legacy","farmersdelight:orange_canvas_sign",0.00,0.00
"Farmer's Delight Legacy","farmersdelight:orange_canvas_wall_sign",0.00,0.00
"Farmer's Delight Legacy","farmersdelight:orange_hanging_canvas_sign",1.00,3.00
"Farmer's Delight Legacy","farmersdelight:orange_wall_hanging_canvas_sign",1.00,3.00
"Farmer's Delight Legacy","farmersdelight:organic_compost",0.70,8.10
"Farmer's Delight Legacy","farmersdelight:pink_canvas_sign",0.00,0.00
"Farmer's Delight Legacy","farmersdelight:pink_canvas_wall_sign",0.00,0.00
"Farmer's Delight Legacy","farmersdelight:pink_hanging_canvas_sign",1.00,3.00
"Farmer's Delight Legacy","farmersdelight:pink_wall_hanging_canvas_sign",1.00,3.00
"Farmer's Delight Legacy","farmersdelight:potato_crate",2.00,12.00
"Farmer's Delight Legacy","farmersdelight:purple_canvas_sign",0.00,0.00
"Farmer's Delight Legacy","farmersdelight:purple_canvas_wall_sign",0.00,0.00
"Farmer's Delight Legacy","farmersdelight:purple_hanging_canvas_sign",1.00,3.00
"Farmer's Delight Legacy","farmersdelight:purple_wall_hanging_canvas_sign",1.00,3.00
"Farmer's Delight Legacy","farmersdelight:red_canvas_sign",0.00,0.00
"Farmer's Delight Legacy","farmersdelight:red_canvas_wall_sign",0.00,0.00
"Farmer's Delight Legacy","farmersdelight:red_hanging_canvas_sign",1.00,3.00
"Farmer's Delight Legacy","farmersdelight:red_mushroom_colony",0.00,0.00
"Farmer's Delight Legacy","farmersdelight:red_wall_hanging_canvas_sign",1.00,3.00
"Farmer's Delight Legacy","farmersdelight:rice",0.00,0.00
"Farmer's Delight Legacy","farmersdelight:rice_bag",0.80,8.40
"Farmer's Delight Legacy","farmersdelight:rice_bale",0.50,7.50
"Farmer's Delight Legacy","farmersdelight:rice_panicles",0.00,0.00
"Farmer's Delight Legacy","farmersdelight:rice_roll_medley_block",0.80,3.00
"Farmer's Delight Legacy","farmersdelight:rich_soil",0.70,8.10
"Farmer's Delight Legacy","farmersdelight:rich_soil_farmland",0.70,8.10
"Farmer's Delight Legacy","farmersdelight:roast_chicken_block",0.80,3.00
"Farmer's Delight Legacy","farmersdelight:rope",0.20,0.60
"Farmer's Delight Legacy","farmersdelight:safety_net",0.20,0.60
"Farmer's Delight Legacy","farmersdelight:sandy_shrub",0.00,0.00
"Farmer's Delight Legacy","farmersdelight:shepherds_pie_block",0.80,3.00
"Farmer's Delight Legacy","farmersdelight:skillet",2.00,12.00
"Farmer's Delight Legacy","farmersdelight:spruce_cabinet",2.50,12.00
"Farmer's Delight Legacy","farmersdelight:stove",2.00,10.50
"Farmer's Delight Legacy","farmersdelight:straw_bale",0.50,7.50
"Farmer's Delight Legacy","farmersdelight:stuffed_pumpkin_block",0.80,3.00
"Farmer's Delight Legacy","farmersdelight:sweet_berry_cheesecake",0.50,1.50
"Farmer's Delight Legacy","farmersdelight:tatami",0.80,2.40
"Farmer's Delight Legacy","farmersdelight:tomato_crate",2.00,12.00
"Farmer's Delight Legacy","farmersdelight:tomatoes",0.00,0.00
"Farmer's Delight Legacy","farmersdelight:wall_hanging_canvas_sign",1.00,3.00
"Farmer's Delight Legacy","farmersdelight:warped_cabinet",2.50,12.00
"Farmer's Delight Legacy","farmersdelight:white_canvas_sign",0.00,0.00
"Farmer's Delight Legacy","farmersdelight:white_canvas_wall_sign",0.00,0.00
"Farmer's Delight Legacy","farmersdelight:white_hanging_canvas_sign",1.00,3.00
"Farmer's Delight Legacy","farmersdelight:white_wall_hanging_canvas_sign",1.00,3.00
"Farmer's Delight Legacy","farmersdelight:wild_beetroots",0.00,0.00
"Farmer's Delight Legacy","farmersdelight:wild_cabbages",0.00,0.00
"Farmer's Delight Legacy","farmersdelight:wild_carrots",0.00,0.00
"Farmer's Delight Legacy","farmersdelight:wild_onions",0.00,0.00
"Farmer's Delight Legacy","farmersdelight:wild_potatoes",0.00,0.00
"Farmer's Delight Legacy","farmersdelight:wild_rice",0.00,0.00
"Farmer's Delight Legacy","farmersdelight:wild_tomatoes",0.00,0.00
"Farmer's Delight Legacy","farmersdelight:yellow_canvas_sign",0.00,0.00
"Farmer's Delight Legacy","farmersdelight:yellow_canvas_wall_sign",0.00,0.00
"Farmer's Delight Legacy","farmersdelight:yellow_hanging_canvas_sign",1.00,3.00
"Farmer's Delight Legacy","farmersdelight:yellow_wall_hanging_canvas_sign",1.00,3.00
"Fish's Undead Rising","mod_lavacow:bloodtooth_shroom",0.00,0.00
"Fish's Undead Rising","mod_lavacow:cactoid_sprout",0.40,2.00
"Fish's Undead Rising","mod_lavacow:cordy_shroom",0.00,0.00
"Fish's Undead Rising","mod_lavacow:diseased_hay_block",0.50,2.50
"Fish's Undead Rising","mod_lavacow:ectoplasm_block",1.00,30.00
"Fish's Undead Rising","mod_lavacow:glowshroom",0.00,0.00
"Fish's Undead Rising","mod_lavacow:glowshroom_block_cap",0.20,1.00
"Fish's Undead Rising","mod_lavacow:glowshroom_block_stem",0.20,1.00
"Fish's Undead Rising","mod_lavacow:molten_alloy_block",5.00,30.00
"Fish's Undead Rising","mod_lavacow:molten_meat_block",3.00,30.00
"Fish's Undead Rising","mod_lavacow:pileofsludge",0.00,0.00
"Fish's Undead Rising","mod_lavacow:scarecrowhead_common",0.00,0.00
"Fish's Undead Rising","mod_lavacow:scarecrowhead_plague",0.00,0.00
"Fish's Undead Rising","mod_lavacow:scarecrowhead_straw",0.00,0.00
"Fish's Undead Rising","mod_lavacow:scythe_claw_block",3.00,30.00
"Fish's Undead Rising","mod_lavacow:tombstone",1.50,30.00
"Fish's Undead Rising","mod_lavacow:veil_shroom",0.00,0.00
"Fish's Undead Rising","mod_lavacow:vespa_carapace_block",3.00,30.00
"Fishing Made Better","fishingmadebetter:baitbox",2.00,10.00
"Future MC","futuremc:acacia_standing_sign",1.00,5.00
"Future MC","futuremc:acacia_trapdoor",3.00,15.00
"Future MC","futuremc:acacia_wall_sign",1.00,5.00
"Future MC","futuremc:acacia_wood",2.00,0.00
"Future MC","futuremc:ancient_debris",30.00,1200.00
"Future MC","futuremc:andesite_wall",1.50,6.00
"Future MC","futuremc:bamboo",1.00,1.00
"Future MC","futuremc:barrel",2.50,2.50
"Future MC","futuremc:bee_nest",0.30,0.30
"Future MC","futuremc:beehive",0.60,0.60
"Future MC","futuremc:bell",5.00,5.00
"Future MC","futuremc:birch_standing_sign",1.00,5.00
"Future MC","futuremc:birch_trapdoor",3.00,15.00
"Future MC","futuremc:birch_wall_sign",1.00,5.00
"Future MC","futuremc:birch_wood",2.00,0.00
"Future MC","futuremc:blast_furnace",3.50,3.50
"Future MC","futuremc:blue_ice",2.80,2.80
"Future MC","futuremc:brick_wall",2.00,6.00
"Future MC","futuremc:campfire",2.00,2.00
"Future MC","futuremc:cartography_table",2.50,2.50
"Future MC","futuremc:chain",5.00,6.00
"Future MC","futuremc:composter",0.60,0.60
"Future MC","futuremc:cornflower",0.00,0.00
"Future MC","futuremc:dark_oak_standing_sign",1.00,5.00
"Future MC","futuremc:dark_oak_trapdoor",3.00,15.00
"Future MC","futuremc:dark_oak_wall_sign",1.00,5.00
"Future MC","futuremc:dark_oak_wood",2.00,0.00
"Future MC","futuremc:diorite_wall",1.50,6.00
"Future MC","futuremc:end_stone_brick_wall",3.00,9.00
"Future MC","futuremc:fletching_table",2.50,2.50
"Future MC","futuremc:granite_wall",1.50,6.00
"Future MC","futuremc:honey_block",0.00,0.00
"Future MC","futuremc:honeycomb_block",0.60,0.60
"Future MC","futuremc:jungle_standing_sign",1.00,5.00
"Future MC","futuremc:jungle_trapdoor",3.00,15.00
"Future MC","futuremc:jungle_wall_sign",1.00,5.00
"Future MC","futuremc:jungle_wood",2.00,0.00
"Future MC","futuremc:lantern",3.50,3.50
"Future MC","futuremc:lily_of_the_valley",0.00,0.00
"Future MC","futuremc:loom",3.00,3.00
"Future MC","futuremc:mossy_stone_brick_wall",1.50,6.00
"Future MC","futuremc:nether_brick_wall",2.00,6.00
"Future MC","futuremc:netherite_block",50.00,1200.00
"Future MC","futuremc:oak_wood",2.00,0.00
"Future MC","futuremc:prismarine_wall",1.50,6.00
"Future MC","futuremc:red_nether_brick_wall",2.00,6.00
"Future MC","futuremc:red_sandstone_wall",0.80,0.80
"Future MC","futuremc:sandstone_wall",0.80,0.80
"Future MC","futuremc:scaffolding",0.00,0.00
"Future MC","futuremc:smithing_table",2.50,2.50
"Future MC","futuremc:smoker",3.50,3.50
"Future MC","futuremc:smooth_quartz",2.00,6.00
"Future MC","futuremc:smooth_red_sandstone",2.00,6.00
"Future MC","futuremc:smooth_sandstone",2.00,6.00
"Future MC","futuremc:smooth_stone",2.00,6.00
"Future MC","futuremc:soul_fire_lantern",3.50,3.50
"Future MC","futuremc:soul_fire_torch",0.00,0.00
"Future MC","futuremc:soul_soil",3.00,3.00
"Future MC","futuremc:spruce_standing_sign",1.00,5.00
"Future MC","futuremc:spruce_trapdoor",3.00,15.00
"Future MC","futuremc:spruce_wall_sign",1.00,5.00
"Future MC","futuremc:spruce_wood",2.00,0.00
"Future MC","futuremc:stone_brick_wall",1.50,6.00
"Future MC","futuremc:stonecutter",3.50,3.50
"Future MC","futuremc:stripped_acacia_log",2.00,10.00
"Future MC","futuremc:stripped_acacia_wood",2.00,0.00
"Future MC","futuremc:stripped_birch_log",2.00,10.00
"Future MC","futuremc:stripped_birch_wood",2.00,0.00
"Future MC","futuremc:stripped_dark_oak_log",2.00,10.00
"Future MC","futuremc:stripped_dark_oak_wood",2.00,0.00
"Future MC","futuremc:stripped_jungle_log",2.00,10.00
"Future MC","futuremc:stripped_jungle_wood",2.00,0.00
"Future MC","futuremc:stripped_oak_log",2.00,10.00
"Future MC","futuremc:stripped_oak_wood",2.00,0.00
"Future MC","futuremc:stripped_spruce_log",2.00,10.00
"Future MC","futuremc:stripped_spruce_wood",2.00,0.00
"Future MC","futuremc:wither_rose",0.00,0.00
"Grimoire of Gaia 3","grimoireofgaia:block_pearl",1.50,30.00
"Grimoire of Gaia 3","grimoireofgaia:bust_gorgon",1.50,18.00
"Grimoire of Gaia 3","grimoireofgaia:bust_sphinx",1.50,18.00
"Grimoire of Gaia 3","grimoireofgaia:bust_valkyrie",1.50,18.00
"Grimoire of Gaia 3","grimoireofgaia:bust_vampire",1.50,18.00
"Grimoire of Gaia 3","grimoireofgaia:deco_bust_minotaur",1.50,18.00
"Grimoire of Gaia 3","grimoireofgaia:deco_garden_gnome",0.80,18.00
"Grimoire of Gaia 3","grimoireofgaia:deco_mandragora_pot",0.80,18.00
"Grimoire of Gaia 3","grimoireofgaia:deco_nest_harpy",0.80,18.00
"Grimoire of Gaia 3","grimoireofgaia:doll_creeper_girl",0.80,18.00
"Grimoire of Gaia 3","grimoireofgaia:doll_dryad",0.80,18.00
"Grimoire of Gaia 3","grimoireofgaia:doll_dullahan",0.80,18.00
"Grimoire of Gaia 3","grimoireofgaia:doll_ender_girl",0.80,18.00
"Grimoire of Gaia 3","grimoireofgaia:doll_maid",0.80,18.00
"Grimoire of Gaia 3","grimoireofgaia:doll_mermaid",0.80,18.00
"Grimoire of Gaia 3","grimoireofgaia:doll_nine_tails",0.80,18.00
"Grimoire of Gaia 3","grimoireofgaia:doll_slime_girl",0.80,18.00
"Grimoire of Gaia 3","grimoireofgaia:fire_camp",0.00,0.00
"Grimoire of Gaia 3","grimoireofgaia:spawn_guard",0.00,18.00
"Grimoire of Gaia 3","grimoireofgaia:web_temp",0.20,1.00
"HappyGhast","suikehappyghast:dried_ghast",0.00,0.00
"Ice and Fire: RotN Edition","iceandfire:amythest_block",5.00,45.00
"Ice and Fire: RotN Edition","iceandfire:amythest_ore",3.00,15.00
"Ice and Fire: RotN Edition","iceandfire:ash",0.50,0.00
"Ice and Fire: RotN Edition","iceandfire:burnt_torch",0.00,0.00
"Ice and Fire: RotN Edition","iceandfire:chared_cobblestone",2.00,30.00
"Ice and Fire: RotN Edition","iceandfire:chared_dirt",0.50,0.00
"Ice and Fire: RotN Edition","iceandfire:chared_grass",0.60,0.00
"Ice and Fire: RotN Edition","iceandfire:chared_grass_path",0.60,3.00
"Ice and Fire: RotN Edition","iceandfire:chared_gravel",0.60,0.00
"Ice and Fire: RotN Edition","iceandfire:chared_stone",1.50,30.00
"Ice and Fire: RotN Edition","iceandfire:copper_block",4.00,30.00
"Ice and Fire: RotN Edition","iceandfire:copper_ore",3.00,15.00
"Ice and Fire: RotN Edition","iceandfire:copperpile",0.30,1.50
"Ice and Fire: RotN Edition","iceandfire:crackled_cobblestone",2.00,30.00
"Ice and Fire: RotN Edition","iceandfire:crackled_dirt",0.50,0.00
"Ice and Fire: RotN Edition","iceandfire:crackled_grass",0.60,0.00
"Ice and Fire: RotN Edition","iceandfire:crackled_grass_path",0.60,3.00
"Ice and Fire: RotN Edition","iceandfire:crackled_gravel",0.60,0.00
"Ice and Fire: RotN Edition","iceandfire:crackled_stone",1.50,30.00
"Ice and Fire: RotN Edition","iceandfire:desert_myrmex_cocoon",2.50,12.50
"Ice and Fire: RotN Edition","iceandfire:dragon_bone_block",30.00,1500.00
"Ice and Fire: RotN Edition","iceandfire:dragon_bone_wall",20.00,1500.00
"Ice and Fire: RotN Edition","iceandfire:dragon_ice",0.50,0.00
"Ice and Fire: RotN Edition","iceandfire:dragon_ice_spikes",2.50,12.50
"Ice and Fire: RotN Edition","iceandfire:dragonforge_fire_brick",40.00,1500.00
"Ice and Fire: RotN Edition","iceandfire:dragonforge_fire_core",40.00,1500.00
"Ice and Fire: RotN Edition","iceandfire:dragonforge_fire_core_disabled",40.00,1500.00
"Ice and Fire: RotN Edition","iceandfire:dragonforge_fire_input",40.00,1500.00
"Ice and Fire: RotN Edition","iceandfire:dragonforge_ice_brick",40.00,1500.00
"Ice and Fire: RotN Edition","iceandfire:dragonforge_ice_core",40.00,1500.00
"Ice and Fire: RotN Edition","iceandfire:dragonforge_ice_core_disabled",40.00,1500.00
"Ice and Fire: RotN Edition","iceandfire:dragonforge_ice_input",40.00,1500.00
"Ice and Fire: RotN Edition","iceandfire:dragonforge_lightning_brick",40.00,1500.00
"Ice and Fire: RotN Edition","iceandfire:dragonforge_lightning_core",40.00,1500.00
"Ice and Fire: RotN Edition","iceandfire:dragonforge_lightning_core_disabled",40.00,1500.00
"Ice and Fire: RotN Edition","iceandfire:dragonforge_lightning_input",40.00,1500.00
"Ice and Fire: RotN Edition","iceandfire:dragonscale_amythest",30.00,1500.00
"Ice and Fire: RotN Edition","iceandfire:dragonscale_black",30.00,1500.00
"Ice and Fire: RotN Edition","iceandfire:dragonscale_blue",30.00,1500.00
"Ice and Fire: RotN Edition","iceandfire:dragonscale_bronze",30.00,1500.00
"Ice and Fire: RotN Edition","iceandfire:dragonscale_copper",30.00,1500.00
"Ice and Fire: RotN Edition","iceandfire:dragonscale_electric",30.00,1500.00
"Ice and Fire: RotN Edition","iceandfire:dragonscale_gray",30.00,1500.00
"Ice and Fire: RotN Edition","iceandfire:dragonscale_green",30.00,1500.00
"Ice and Fire: RotN Edition","iceandfire:dragonscale_red",30.00,1500.00
"Ice and Fire: RotN Edition","iceandfire:dragonscale_sapphire",30.00,1500.00
"Ice and Fire: RotN Edition","iceandfire:dragonscale_silver",30.00,1500.00
"Ice and Fire: RotN Edition","iceandfire:dragonscale_white",30.00,1500.00
"Ice and Fire: RotN Edition","iceandfire:dragonsteel_fire_block",10.00,3000.00
"Ice and Fire: RotN Edition","iceandfire:dragonsteel_ice_block",10.00,3000.00
"Ice and Fire: RotN Edition","iceandfire:dragonsteel_lightning_block",10.00,3000.00
"Ice and Fire: RotN Edition","iceandfire:dread_portal",-1.00,30000.00
"Ice and Fire: RotN Edition","iceandfire:dread_spawner",9.00,30000.00
"Ice and Fire: RotN Edition","iceandfire:dread_stone",20.00,300000.00
"Ice and Fire: RotN Edition","iceandfire:dread_stone_bricks",20.00,300000.00
"Ice and Fire: RotN Edition","iceandfire:dread_stone_bricks_chiseled",20.00,300000.00
"Ice and Fire: RotN Edition","iceandfire:dread_stone_bricks_cracked",20.00,300000.00
"Ice and Fire: RotN Edition","iceandfire:dread_stone_bricks_mossy",20.00,300000.00
"Ice and Fire: RotN Edition","iceandfire:dread_stone_face",20.00,30000.00
"Ice and Fire: RotN Edition","iceandfire:dread_stone_slab",10.00,30000.00
"Ice and Fire: RotN Edition","iceandfire:dread_stone_slab_double",10.00,30000.00
"Ice and Fire: RotN Edition","iceandfire:dread_stone_stairs",20.00,300000.00
"Ice and Fire: RotN Edition","iceandfire:dread_stone_tile",20.00,300000.00
"Ice and Fire: RotN Edition","iceandfire:dread_torch",0.00,30000.00
"Ice and Fire: RotN Edition","iceandfire:dreadwood_log",2.00,30000.00
"Ice and Fire: RotN Edition","iceandfire:dreadwood_planks",20.00,300000.00
"Ice and Fire: RotN Edition","iceandfire:dreadwood_planks_lock",4.00,3000.00
"Ice and Fire: RotN Edition","iceandfire:egginice",0.50,2.50
"Ice and Fire: RotN Edition","iceandfire:fire_lily",0.00,0.00
"Ice and Fire: RotN Edition","iceandfire:frost_lily",0.00,0.00
"Ice and Fire: RotN Edition","iceandfire:frozen_cobblestone",2.00,30.00
"Ice and Fire: RotN Edition","iceandfire:frozen_dirt",0.50,0.00
"Ice and Fire: RotN Edition","iceandfire:frozen_grass",0.60,0.00
"Ice and Fire: RotN Edition","iceandfire:frozen_grass_path",0.60,3.00
"Ice and Fire: RotN Edition","iceandfire:frozen_gravel",0.60,0.00
"Ice and Fire: RotN Edition","iceandfire:frozen_splinters",2.00,30.00
"Ice and Fire: RotN Edition","iceandfire:frozen_stone",1.50,30.00
"Ice and Fire: RotN Edition","iceandfire:goldpile",0.30,1.50
"Ice and Fire: RotN Edition","iceandfire:jar_empty",1.00,6.00
"Ice and Fire: RotN Edition","iceandfire:jar_pixie",1.00,6.00
"Ice and Fire: RotN Edition","iceandfire:jungle_myrmex_cocoon",2.50,12.50
"Ice and Fire: RotN Edition","iceandfire:lectern",2.00,15.00
"Ice and Fire: RotN Edition","iceandfire:lightning_lily",0.00,0.00
"Ice and Fire: RotN Edition","iceandfire:myrmex_desert_biolight",0.00,0.00
"Ice and Fire: RotN Edition","iceandfire:myrmex_desert_resin_block",3.50,17.50
"Ice and Fire: RotN Edition","iceandfire:myrmex_desert_resin_glass",1.50,7.50
"Ice and Fire: RotN Edition","iceandfire:myrmex_jungle_biolight",0.00,0.00
"Ice and Fire: RotN Edition","iceandfire:myrmex_jungle_resin_block",3.50,17.50
"Ice and Fire: RotN Edition","iceandfire:myrmex_jungle_resin_glass",1.50,7.50
"Ice and Fire: RotN Edition","iceandfire:myrmex_resin",2.50,12.50
"Ice and Fire: RotN Edition","iceandfire:myrmex_resin_sticky",2.50,12.50
"Ice and Fire: RotN Edition","iceandfire:nest",0.50,0.00
"Ice and Fire: RotN Edition","iceandfire:pixie_house",2.00,15.00
"Ice and Fire: RotN Edition","iceandfire:podium",2.00,10.00
"Ice and Fire: RotN Edition","iceandfire:sapphire_block",3.00,30.00
"Ice and Fire: RotN Edition","iceandfire:sapphire_ore",3.00,15.00
"Ice and Fire: RotN Edition","iceandfire:sea_serpent_scale_block_blue",30.00,1500.00
"Ice and Fire: RotN Edition","iceandfire:sea_serpent_scale_block_bronze",30.00,1500.00
"Ice and Fire: RotN Edition","iceandfire:sea_serpent_scale_block_deepblue",30.00,1500.00
"Ice and Fire: RotN Edition","iceandfire:sea_serpent_scale_block_green",30.00,1500.00
"Ice and Fire: RotN Edition","iceandfire:sea_serpent_scale_block_purple",30.00,1500.00
"Ice and Fire: RotN Edition","iceandfire:sea_serpent_scale_block_red",30.00,1500.00
"Ice and Fire: RotN Edition","iceandfire:sea_serpent_scale_block_teal",30.00,1500.00
"Ice and Fire: RotN Edition","iceandfire:silver_block",3.00,30.00
"Ice and Fire: RotN Edition","iceandfire:silver_ore",3.00,15.00
"Ice and Fire: RotN Edition","iceandfire:silverpile",0.30,1.50
"Ice and Fire: RotN Edition","iceandfire:venerable_stump",12.00,60.00
"Inspirations","inspirations:bookshelf",2.00,15.00
"Inspirations","inspirations:bricks_button",1.50,30.00
"Inspirations","inspirations:cactus_crop",0.40,2.00
"Inspirations","inspirations:carpeted_pressure_plate_1",0.50,2.50
"Inspirations","inspirations:carpeted_pressure_plate_2",0.50,2.50
"Inspirations","inspirations:carpeted_trapdoor_black",3.00,15.00
"Inspirations","inspirations:carpeted_trapdoor_blue",3.00,15.00
"Inspirations","inspirations:carpeted_trapdoor_brown",3.00,15.00
"Inspirations","inspirations:carpeted_trapdoor_cyan",3.00,15.00
"Inspirations","inspirations:carpeted_trapdoor_gray",3.00,15.00
"Inspirations","inspirations:carpeted_trapdoor_green",3.00,15.00
"Inspirations","inspirations:carpeted_trapdoor_light_blue",3.00,15.00
"Inspirations","inspirations:carpeted_trapdoor_lime",3.00,15.00
"Inspirations","inspirations:carpeted_trapdoor_magenta",3.00,15.00
"Inspirations","inspirations:carpeted_trapdoor_orange",3.00,15.00
"Inspirations","inspirations:carpeted_trapdoor_pink",3.00,15.00
"Inspirations","inspirations:carpeted_trapdoor_purple",3.00,15.00
"Inspirations","inspirations:carpeted_trapdoor_red",3.00,15.00
"Inspirations","inspirations:carpeted_trapdoor_silver",3.00,15.00
"Inspirations","inspirations:carpeted_trapdoor_white",3.00,15.00
"Inspirations","inspirations:carpeted_trapdoor_yellow",3.00,15.00
"Inspirations","inspirations:collector",3.50,17.50
"Inspirations","inspirations:enlightened_bush",0.20,1.00
"Inspirations","inspirations:flower",0.00,0.00
"Inspirations","inspirations:glass_door",0.30,1.50
"Inspirations","inspirations:glass_trapdoor",0.30,1.50
"Inspirations","inspirations:mulch",0.60,3.00
"Inspirations","inspirations:path",1.50,30.00
"Inspirations","inspirations:pipe",3.00,24.00
"Inspirations","inspirations:redstone_barrel",1.50,30.00
"Inspirations","inspirations:redstone_charge",0.00,0.00
"Inspirations","inspirations:redstone_torch_lever",0.00,0.00
"Inspirations","inspirations:redstone_torch_lever_powered",0.00,0.00
"Inspirations","inspirations:rope",0.50,2.50
"Inspirations","inspirations:sugar_cane_crop",0.00,0.00
"Inspirations","inspirations:torch_lever",0.00,0.00
"Iron Barrels","iron_barrels:barrel",2.50,30.00
"Iron Barrels","iron_barrels:diamond_barrel",3.25,18.00
"Iron Barrels","iron_barrels:gold_barrel",3.25,18.00
"Iron Barrels","iron_barrels:iron_barrel",4.50,18.00
"Iron Barrels","iron_barrels:netherite_barrel",50.00,3600.00
"Iron Barrels","iron_barrels:obsidian_barrel",50.00,3600.00
"Iron Chest","ironchest:iron_chest",3.00,15.00
"Iron Chest","ironchest:iron_shulker_box_black",3.00,6000.00
"Iron Chest","ironchest:iron_shulker_box_blue",3.00,6000.00
"Iron Chest","ironchest:iron_shulker_box_brown",3.00,6000.00
"Iron Chest","ironchest:iron_shulker_box_cyan",3.00,6000.00
"Iron Chest","ironchest:iron_shulker_box_gray",3.00,6000.00
"Iron Chest","ironchest:iron_shulker_box_green",3.00,6000.00
"Iron Chest","ironchest:iron_shulker_box_light_blue",3.00,6000.00
"Iron Chest","ironchest:iron_shulker_box_lime",3.00,6000.00
"Iron Chest","ironchest:iron_shulker_box_magenta",3.00,6000.00
"Iron Chest","ironchest:iron_shulker_box_orange",3.00,6000.00
"Iron Chest","ironchest:iron_shulker_box_pink",3.00,6000.00
"Iron Chest","ironchest:iron_shulker_box_purple",3.00,6000.00
"Iron Chest","ironchest:iron_shulker_box_red",3.00,6000.00
"Iron Chest","ironchest:iron_shulker_box_silver",3.00,6000.00
"Iron Chest","ironchest:iron_shulker_box_white",3.00,6000.00
"Iron Chest","ironchest:iron_shulker_box_yellow",3.00,6000.00
"Lost Aether Content","lost_aether:crystal_sapling",0.00,0.00
"Lost Aether Content","lost_aether:gale_double_slab",2.00,30.00
"Lost Aether Content","lost_aether:gale_slab",0.50,30.00
"Lost Aether Content","lost_aether:gale_stairs",0.50,2.50
"Lost Aether Content","lost_aether:gale_stone",0.50,2.50
"Lost Aether Content","lost_aether:gale_wall",0.50,0.50
"Lost Aether Content","lost_aether:light_gale_stone",0.50,2.50
"Lost Aether Content","lost_aether:locked_gale_stone",-1.00,18000000.00
"Lost Aether Content","lost_aether:locked_light_gale_stone",-1.00,18000000.00
"Lost Aether Content","lost_aether:songstone",-1.00,0.00
"Macaw's Bridges","mcwbridges:acacia_log_bridge_end",0.50,60.00
"Macaw's Bridges","mcwbridges:acacia_log_bridge_middle",0.50,60.00
"Macaw's Bridges","mcwbridges:acacia_rail_bridge",0.50,60.00
"Macaw's Bridges","mcwbridges:acacia_rail_bridge_end",0.50,60.00
"Macaw's Bridges","mcwbridges:bamboo_bridge",0.50,60.00
"Macaw's Bridges","mcwbridges:bamboo_bridge_end",0.50,60.00
"Macaw's Bridges","mcwbridges:birch_log_bridge_end",0.50,60.00
"Macaw's Bridges","mcwbridges:birch_log_bridge_middle",0.50,60.00
"Macaw's Bridges","mcwbridges:birch_rail_bridge",0.50,60.00
"Macaw's Bridges","mcwbridges:birch_rail_bridge_end",0.50,60.00
"Macaw's Bridges","mcwbridges:brick_bridge",0.80,120.00
"Macaw's Bridges","mcwbridges:brick_bridge_end",0.80,120.00
"Macaw's Bridges","mcwbridges:dark_oak_log_bridge_end",0.50,60.00
"Macaw's Bridges","mcwbridges:dark_oak_log_bridge_middle",0.50,60.00
"Macaw's Bridges","mcwbridges:dark_oak_rail_bridge",0.50,60.00
"Macaw's Bridges","mcwbridges:dark_oak_rail_bridge_end",0.50,60.00
"Macaw's Bridges","mcwbridges:dry_bamboo_bridge",0.50,60.00
"Macaw's Bridges","mcwbridges:dry_bamboo_bridge_end",0.50,60.00
"Macaw's Bridges","mcwbridges:jungle_log_bridge_end",0.50,60.00
"Macaw's Bridges","mcwbridges:jungle_log_bridge_middle",0.50,60.00
"Macaw's Bridges","mcwbridges:jungle_rail_bridge",0.50,60.00
"Macaw's Bridges","mcwbridges:jungle_rail_bridge_end",0.50,60.00
"Macaw's Bridges","mcwbridges:mossy_stone_brick_bridge",0.80,120.00
"Macaw's Bridges","mcwbridges:mossy_stone_brick_bridge_end",0.80,120.00
"Macaw's Bridges","mcwbridges:most1",1.50,150.00
"Macaw's Bridges","mcwbridges:most2",1.50,150.00
"Macaw's Bridges","mcwbridges:oak_log_bridge_end",0.50,60.00
"Macaw's Bridges","mcwbridges:oak_log_bridge_middle",0.50,60.00
"Macaw's Bridges","mcwbridges:oak_rail_bridge",0.50,60.00
"Macaw's Bridges","mcwbridges:oak_rail_bridge_end",0.50,60.00
"Macaw's Bridges","mcwbridges:orange_sandstone_bridge",0.80,120.00
"Macaw's Bridges","mcwbridges:orange_sandstone_bridge_end",0.80,120.00
"Macaw's Bridges","mcwbridges:rope_acacia_bridge",0.50,60.00
"Macaw's Bridges","mcwbridges:rope_acacia_bridge_end",0.50,60.00
"Macaw's Bridges","mcwbridges:rope_birch_bridge",0.50,60.00
"Macaw's Bridges","mcwbridges:rope_birch_bridge_end",0.50,60.00
"Macaw's Bridges","mcwbridges:rope_dark_oak_bridge",0.50,60.00
"Macaw's Bridges","mcwbridges:rope_dark_oak_bridge_end",0.50,60.00
"Macaw's Bridges","mcwbridges:rope_jungle_bridge",0.50,60.00
"Macaw's Bridges","mcwbridges:rope_jungle_bridge_end",0.50,60.00
"Macaw's Bridges","mcwbridges:rope_oak_bridge",0.50,60.00
"Macaw's Bridges","mcwbridges:rope_oak_bridge_end",0.50,60.00
"Macaw's Bridges","mcwbridges:rope_spruce_bridge",0.50,60.00
"Macaw's Bridges","mcwbridges:rope_spruce_bridge_end",0.50,60.00
"Macaw's Bridges","mcwbridges:sandstone_bridge",0.80,120.00
"Macaw's Bridges","mcwbridges:sandstone_bridge_end",0.80,120.00
"Macaw's Bridges","mcwbridges:spruce_log_bridge_end",0.50,60.00
"Macaw's Bridges","mcwbridges:spruce_log_bridge_middle",0.50,60.00
"Macaw's Bridges","mcwbridges:spruce_rail_bridge",0.50,60.00
"Macaw's Bridges","mcwbridges:spruce_rail_bridge_end",0.50,60.00
"Macaw's Bridges","mcwbridges:stone_brick_bridge",0.80,120.00
"Macaw's Bridges","mcwbridges:stone_brick_bridge_end",0.80,120.00
"Macaw's Doors","mcwdoors:acacia_bark_glass_door",2.00,11.40
"Macaw's Doors","mcwdoors:acacia_barn_door",2.00,11.40
"Macaw's Doors","mcwdoors:acacia_barn_glass_door",2.00,11.40
"Macaw's Doors","mcwdoors:acacia_beach_door",2.00,11.40
"Macaw's Doors","mcwdoors:acacia_classic_door",2.00,11.40
"Macaw's Doors","mcwdoors:acacia_cottage_door",2.00,11.40
"Macaw's Doors","mcwdoors:acacia_four_panel_door",2.00,11.40
"Macaw's Doors","mcwdoors:acacia_glass_door",2.00,11.40
"Macaw's Doors","mcwdoors:acacia_japanese2_door",1.50,3.00
"Macaw's Doors","mcwdoors:acacia_japanese_door",1.50,3.00
"Macaw's Doors","mcwdoors:acacia_modern_door",2.00,11.40
"Macaw's Doors","mcwdoors:acacia_paper_door",2.00,11.40
"Macaw's Doors","mcwdoors:acacia_stable_door",3.00,9.00
"Macaw's Doors","mcwdoors:acacia_stable_head_door",3.00,9.00
"Macaw's Doors","mcwdoors:acacia_western_door",3.00,9.00
"Macaw's Doors","mcwdoors:birch_bark_glass_door",2.00,11.40
"Macaw's Doors","mcwdoors:birch_barn_door",2.00,11.40
"Macaw's Doors","mcwdoors:birch_barn_glass_door",2.00,11.40
"Macaw's Doors","mcwdoors:birch_beach_door",2.00,11.40
"Macaw's Doors","mcwdoors:birch_classic_door",2.00,11.40
"Macaw's Doors","mcwdoors:birch_cottage_door",2.00,11.40
"Macaw's Doors","mcwdoors:birch_four_panel_door",2.00,11.40
"Macaw's Doors","mcwdoors:birch_glass_door",2.00,11.40
"Macaw's Doors","mcwdoors:birch_japanese2_door",1.50,3.00
"Macaw's Doors","mcwdoors:birch_japanese_door",1.50,3.00
"Macaw's Doors","mcwdoors:birch_modern_door",2.00,11.40
"Macaw's Doors","mcwdoors:birch_stable_door",3.00,9.00
"Macaw's Doors","mcwdoors:birch_stable_head_door",3.00,9.00
"Macaw's Doors","mcwdoors:birch_tropical_door",2.00,11.40
"Macaw's Doors","mcwdoors:birch_western_door",3.00,9.00
"Macaw's Doors","mcwdoors:dark_oak_bark_glass_door",2.00,11.40
"Macaw's Doors","mcwdoors:dark_oak_barn_door",2.00,11.40
"Macaw's Doors","mcwdoors:dark_oak_barn_glass_door",2.00,11.40
"Macaw's Doors","mcwdoors:dark_oak_beach_door",2.00,11.40
"Macaw's Doors","mcwdoors:dark_oak_classic_door",2.00,11.40
"Macaw's Doors","mcwdoors:dark_oak_cottage_door",2.00,11.40
"Macaw's Doors","mcwdoors:dark_oak_glass_door",2.00,11.40
"Macaw's Doors","mcwdoors:dark_oak_japanese2_door",1.50,3.00
"Macaw's Doors","mcwdoors:dark_oak_japanese_door",1.50,3.00
"Macaw's Doors","mcwdoors:dark_oak_modern_door",2.00,11.40
"Macaw's Doors","mcwdoors:dark_oak_paper_door",2.00,11.40
"Macaw's Doors","mcwdoors:dark_oak_stable_door",3.00,9.00
"Macaw's Doors","mcwdoors:dark_oak_stable_head_door",3.00,9.00
"Macaw's Doors","mcwdoors:dark_oak_tropical_door",2.00,11.40
"Macaw's Doors","mcwdoors:dark_oak_western_door",3.00,9.00
"Macaw's Doors","mcwdoors:jail_door",3.50,18.00
"Macaw's Doors","mcwdoors:jungle_bark_glass_door",2.00,11.40
"Macaw's Doors","mcwdoors:jungle_barn_door",2.00,11.40
"Macaw's Doors","mcwdoors:jungle_barn_glass_door",2.00,11.40
"Macaw's Doors","mcwdoors:jungle_classic_door",2.00,11.40
"Macaw's Doors","mcwdoors:jungle_cottage_door",2.00,11.40
"Macaw's Doors","mcwdoors:jungle_four_panel_door",2.00,11.40
"Macaw's Doors","mcwdoors:jungle_glass_door",2.00,11.40
"Macaw's Doors","mcwdoors:jungle_japanese2_door",1.50,3.00
"Macaw's Doors","mcwdoors:jungle_japanese_door",1.50,3.00
"Macaw's Doors","mcwdoors:jungle_modern_door",2.00,11.40
"Macaw's Doors","mcwdoors:jungle_paper_door",2.00,11.40
"Macaw's Doors","mcwdoors:jungle_stable_door",3.00,9.00
"Macaw's Doors","mcwdoors:jungle_stable_head_door",3.00,9.00
"Macaw's Doors","mcwdoors:jungle_tropical_door",2.00,11.40
"Macaw's Doors","mcwdoors:jungle_western_door",3.00,9.00
"Macaw's Doors","mcwdoors:metal_door",3.50,18.00
"Macaw's Doors","mcwdoors:metal_hospital_door",3.50,18.00
"Macaw's Doors","mcwdoors:metal_reinforced_door",3.50,18.00
"Macaw's Doors","mcwdoors:metal_warning_door",3.50,18.00
"Macaw's Doors","mcwdoors:metal_windowed_door",3.50,18.00
"Macaw's Doors","mcwdoors:oak_bark_glass_door",2.00,11.40
"Macaw's Doors","mcwdoors:oak_barn_door",2.00,11.40
"Macaw's Doors","mcwdoors:oak_barn_glass_door",2.00,11.40
"Macaw's Doors","mcwdoors:oak_beach_door",2.00,11.40
"Macaw's Doors","mcwdoors:oak_cottage_door",2.00,11.40
"Macaw's Doors","mcwdoors:oak_four_panel_door",2.00,11.40
"Macaw's Doors","mcwdoors:oak_glass_door",2.00,11.40
"Macaw's Doors","mcwdoors:oak_japanese2_door",1.50,3.00
"Macaw's Doors","mcwdoors:oak_japanese_door",1.50,3.00
"Macaw's Doors","mcwdoors:oak_modern_door",2.00,11.40
"Macaw's Doors","mcwdoors:oak_paper_door",2.00,11.40
"Macaw's Doors","mcwdoors:oak_stable_door",3.00,9.00
"Macaw's Doors","mcwdoors:oak_stable_head_door",3.00,9.00
"Macaw's Doors","mcwdoors:oak_tropical_door",2.00,11.40
"Macaw's Doors","mcwdoors:oak_western_door",3.00,9.00
"Macaw's Doors","mcwdoors:spruce_bark_glass_door",2.00,11.40
"Macaw's Doors","mcwdoors:spruce_barn_door",2.00,11.40
"Macaw's Doors","mcwdoors:spruce_barn_glass_door",2.00,11.40
"Macaw's Doors","mcwdoors:spruce_beach_door",2.00,11.40
"Macaw's Doors","mcwdoors:spruce_classic_door",2.00,11.40
"Macaw's Doors","mcwdoors:spruce_four_panel_door",2.00,11.40
"Macaw's Doors","mcwdoors:spruce_glass_door",2.00,11.40
"Macaw's Doors","mcwdoors:spruce_japanese2_door",1.50,3.00
"Macaw's Doors","mcwdoors:spruce_japanese_door",1.50,3.00
"Macaw's Doors","mcwdoors:spruce_modern_door",2.00,11.40
"Macaw's Doors","mcwdoors:spruce_paper_door",2.00,11.40
"Macaw's Doors","mcwdoors:spruce_stable_door",3.00,9.00
"Macaw's Doors","mcwdoors:spruce_stable_head_door",3.00,9.00
"Macaw's Doors","mcwdoors:spruce_tropical_door",2.00,11.40
"Macaw's Doors","mcwdoors:spruce_western_door",3.00,9.00
"Macaw's Lights and Lamps","mcwlights:acacia_tiki_torch",0.50,3.00
"Macaw's Lights and Lamps","mcwlights:bell_lantern",0.20,3.00
"Macaw's Lights and Lamps","mcwlights:bell_wall_lantern",0.50,3.00
"Macaw's Lights and Lamps","mcwlights:birch_tiki_torch",0.50,3.00
"Macaw's Lights and Lamps","mcwlights:black_ceiling_light",0.50,3.00
"Macaw's Lights and Lamps","mcwlights:black_lamp",0.50,3.00
"Macaw's Lights and Lamps","mcwlights:black_paper_lamp",0.20,3.00
"Macaw's Lights and Lamps","mcwlights:black_square_wall_lamp",1.00,3.00
"Macaw's Lights and Lamps","mcwlights:black_wall_lamp",1.00,3.00
"Macaw's Lights and Lamps","mcwlights:blue_ceiling_light",0.50,3.00
"Macaw's Lights and Lamps","mcwlights:blue_lamp",0.50,3.00
"Macaw's Lights and Lamps","mcwlights:blue_paper_lamp",0.20,3.00
"Macaw's Lights and Lamps","mcwlights:blue_square_wall_lamp",1.00,3.00
"Macaw's Lights and Lamps","mcwlights:blue_wall_lamp",1.00,3.00
"Macaw's Lights and Lamps","mcwlights:brown_ceiling_light",0.50,3.00
"Macaw's Lights and Lamps","mcwlights:brown_lamp",0.50,3.00
"Macaw's Lights and Lamps","mcwlights:brown_paper_lamp",0.20,3.00
"Macaw's Lights and Lamps","mcwlights:brown_square_wall_lamp",1.00,3.00
"Macaw's Lights and Lamps","mcwlights:brown_wall_lamp",1.00,3.00
"Macaw's Lights and Lamps","mcwlights:chain_lantern",0.20,3.00
"Macaw's Lights and Lamps","mcwlights:chain_wall_lantern",0.50,3.00
"Macaw's Lights and Lamps","mcwlights:classic_street_lamp",0.50,3.00
"Macaw's Lights and Lamps","mcwlights:covered_lantern",0.20,3.00
"Macaw's Lights and Lamps","mcwlights:covered_wall_lantern",0.50,3.00
"Macaw's Lights and Lamps","mcwlights:cross_lantern",0.20,3.00
"Macaw's Lights and Lamps","mcwlights:cross_wall_lantern",0.50,3.00
"Macaw's Lights and Lamps","mcwlights:cyan_ceiling_light",0.50,3.00
"Macaw's Lights and Lamps","mcwlights:cyan_lamp",0.50,3.00
"Macaw's Lights and Lamps","mcwlights:cyan_paper_lamp",0.20,3.00
"Macaw's Lights and Lamps","mcwlights:cyan_square_wall_lamp",1.00,3.00
"Macaw's Lights and Lamps","mcwlights:cyan_wall_lamp",1.00,3.00
"Macaw's Lights and Lamps","mcwlights:dark_oak_tiki_torch",0.50,3.00
"Macaw's Lights and Lamps","mcwlights:double_street_lamp",0.50,3.00
"Macaw's Lights and Lamps","mcwlights:festive_lantern",0.20,3.00
"Macaw's Lights and Lamps","mcwlights:festive_wall_lantern",0.50,3.00
"Macaw's Lights and Lamps","mcwlights:framed_torch",0.10,0.30
"Macaw's Lights and Lamps","mcwlights:garden_light",0.20,3.00
"Macaw's Lights and Lamps","mcwlights:glowstone_slab",0.20,3.00
"Macaw's Lights and Lamps","mcwlights:gray_ceiling_light",0.50,3.00
"Macaw's Lights and Lamps","mcwlights:gray_lamp",0.50,3.00
"Macaw's Lights and Lamps","mcwlights:gray_paper_lamp",0.20,3.00
"Macaw's Lights and Lamps","mcwlights:gray_square_wall_lamp",1.00,3.00
"Macaw's Lights and Lamps","mcwlights:gray_wall_lamp",1.00,3.00
"Macaw's Lights and Lamps","mcwlights:green_ceiling_light",0.50,3.00
"Macaw's Lights and Lamps","mcwlights:green_lamp",0.50,3.00
"Macaw's Lights and Lamps","mcwlights:green_paper_lamp",0.20,3.00
"Macaw's Lights and Lamps","mcwlights:green_square_wall_lamp",1.00,3.00
"Macaw's Lights and Lamps","mcwlights:green_wall_lamp",1.00,3.00
"Macaw's Lights and Lamps","mcwlights:iron_framed_torch",0.10,0.30
"Macaw's Lights and Lamps","mcwlights:jungle_tiki_torch",0.50,3.00
"Macaw's Lights and Lamps","mcwlights:lava_lamp",0.20,3.00
"Macaw's Lights and Lamps","mcwlights:light_blue_ceiling_light",0.50,3.00
"Macaw's Lights and Lamps","mcwlights:light_blue_lamp",0.50,3.00
"Macaw's Lights and Lamps","mcwlights:light_blue_paper_lamp",0.20,3.00
"Macaw's Lights and Lamps","mcwlights:light_blue_square_wall_lamp",1.00,3.00
"Macaw's Lights and Lamps","mcwlights:light_blue_wall_lamp",1.00,3.00
"Macaw's Lights and Lamps","mcwlights:light_gray_ceiling_light",0.50,3.00
"Macaw's Lights and Lamps","mcwlights:light_gray_lamp",0.50,3.00
"Macaw's Lights and Lamps","mcwlights:light_gray_paper_lamp",0.20,3.00
"Macaw's Lights and Lamps","mcwlights:light_gray_square_wall_lamp",1.00,3.00
"Macaw's Lights and Lamps","mcwlights:light_gray_wall_lamp",1.00,3.00
"Macaw's Lights and Lamps","mcwlights:lime_ceiling_light",0.50,3.00
"Macaw's Lights and Lamps","mcwlights:lime_lamp",0.50,3.00
"Macaw's Lights and Lamps","mcwlights:lime_paper_lamp",0.20,3.00
"Macaw's Lights and Lamps","mcwlights:lime_square_wall_lamp",1.00,3.00
"Macaw's Lights and Lamps","mcwlights:lime_wall_lamp",1.00,3.00
"Macaw's Lights and Lamps","mcwlights:magenta_ceiling_light",0.50,3.00
"Macaw's Lights and Lamps","mcwlights:magenta_lamp",0.50,3.00
"Macaw's Lights and Lamps","mcwlights:magenta_paper_lamp",0.20,3.00
"Macaw's Lights and Lamps","mcwlights:magenta_square_wall_lamp",1.00,3.00
"Macaw's Lights and Lamps","mcwlights:magenta_wall_lamp",1.00,3.00
"Macaw's Lights and Lamps","mcwlights:oak_tiki_torch",0.50,3.00
"Macaw's Lights and Lamps","mcwlights:orange_ceiling_light",0.50,3.00
"Macaw's Lights and Lamps","mcwlights:orange_lamp",0.50,3.00
"Macaw's Lights and Lamps","mcwlights:orange_paper_lamp",0.20,3.00
"Macaw's Lights and Lamps","mcwlights:orange_square_wall_lamp",1.00,3.00
"Macaw's Lights and Lamps","mcwlights:orange_wall_lamp",1.00,3.00
"Macaw's Lights and Lamps","mcwlights:pink_ceiling_light",0.50,3.00
"Macaw's Lights and Lamps","mcwlights:pink_lamp",0.50,3.00
"Macaw's Lights and Lamps","mcwlights:pink_paper_lamp",0.20,3.00
"Macaw's Lights and Lamps","mcwlights:pink_square_wall_lamp",1.00,3.00
"Macaw's Lights and Lamps","mcwlights:pink_wall_lamp",1.00,3.00
"Macaw's Lights and Lamps","mcwlights:purple_ceiling_light",0.50,3.00
"Macaw's Lights and Lamps","mcwlights:purple_lamp",0.50,3.00
"Macaw's Lights and Lamps","mcwlights:purple_paper_lamp",0.20,3.00
"Macaw's Lights and Lamps","mcwlights:purple_square_wall_lamp",1.00,3.00
"Macaw's Lights and Lamps","mcwlights:purple_wall_lamp",1.00,3.00
"Macaw's Lights and Lamps","mcwlights:red_ceiling_light",0.50,3.00
"Macaw's Lights and Lamps","mcwlights:red_lamp",0.50,3.00
"Macaw's Lights and Lamps","mcwlights:red_paper_lamp",0.20,3.00
"Macaw's Lights and Lamps","mcwlights:red_square_wall_lamp",1.00,3.00
"Macaw's Lights and Lamps","mcwlights:red_wall_lamp",1.00,3.00
"Macaw's Lights and Lamps","mcwlights:redstone_lamp_slab",0.20,3.00
"Macaw's Lights and Lamps","mcwlights:reinforced_torch",0.10,0.30
"Macaw's Lights and Lamps","mcwlights:rustic_torch",0.10,0.30
"Macaw's Lights and Lamps","mcwlights:sea_lantern_slab",0.20,3.00
"Macaw's Lights and Lamps","mcwlights:spruce_tiki_torch",0.50,3.00
"Macaw's Lights and Lamps","mcwlights:striped_lantern",0.20,3.00
"Macaw's Lights and Lamps","mcwlights:striped_wall_lantern",0.50,3.00
"Macaw's Lights and Lamps","mcwlights:tavern_lantern",0.20,3.00
"Macaw's Lights and Lamps","mcwlights:tavern_wall_lantern",0.50,3.00
"Macaw's Lights and Lamps","mcwlights:upgraded_torch",0.10,0.30
"Macaw's Lights and Lamps","mcwlights:white_ceiling_light",0.50,3.00
"Macaw's Lights and Lamps","mcwlights:white_lamp",0.50,3.00
"Macaw's Lights and Lamps","mcwlights:white_paper_lamp",0.20,3.00
"Macaw's Lights and Lamps","mcwlights:white_square_wall_lamp",1.00,3.00
"Macaw's Lights and Lamps","mcwlights:white_wall_lamp",1.00,3.00
"Macaw's Lights and Lamps","mcwlights:yellow_ceiling_light",0.50,3.00
"Macaw's Lights and Lamps","mcwlights:yellow_lamp",0.50,3.00
"Macaw's Lights and Lamps","mcwlights:yellow_paper_lamp",0.20,3.00
"Macaw's Lights and Lamps","mcwlights:yellow_square_wall_lamp",1.00,3.00
"Macaw's Lights and Lamps","mcwlights:yellow_wall_lamp",1.00,3.00
"Macaw's Windows","mcwwindows:acacia_plank_window",0.50,6.00
"Macaw's Windows","mcwwindows:acacia_plank_window2",0.50,6.00
"Macaw's Windows","mcwwindows:acacia_plank_window2_2tall",0.50,6.00
"Macaw's Windows","mcwwindows:acacia_planks_win_2tall",0.50,6.00
"Macaw's Windows","mcwwindows:acacia_win_2tall",0.50,6.00
"Macaw's Windows","mcwwindows:acacia_window",0.50,6.00
"Macaw's Windows","mcwwindows:acacia_window2",0.50,6.00
"Macaw's Windows","mcwwindows:acacia_window2_2tall",0.50,6.00
"Macaw's Windows","mcwwindows:birch_plank_window",0.50,6.00
"Macaw's Windows","mcwwindows:birch_plank_window2",0.50,6.00
"Macaw's Windows","mcwwindows:birch_plank_window2_2tall",0.50,6.00
"Macaw's Windows","mcwwindows:birch_planks_win_2tall",0.50,6.00
"Macaw's Windows","mcwwindows:birch_win_2tall",0.50,6.00
"Macaw's Windows","mcwwindows:birch_window",0.50,6.00
"Macaw's Windows","mcwwindows:birch_window2",0.50,6.00
"Macaw's Windows","mcwwindows:birch_window2_2tall",0.50,6.00
"Macaw's Windows","mcwwindows:dark_oak_plank_window",0.50,6.00
"Macaw's Windows","mcwwindows:dark_oak_plank_window2",0.50,6.00
"Macaw's Windows","mcwwindows:dark_oak_plank_window2_2tall",0.50,6.00
"Macaw's Windows","mcwwindows:dark_oak_planks_win_2tall",0.50,6.00
"Macaw's Windows","mcwwindows:dark_oak_win_2tall",0.50,6.00
"Macaw's Windows","mcwwindows:dark_oak_window",0.50,6.00
"Macaw's Windows","mcwwindows:dark_oak_window2",0.50,6.00
"Macaw's Windows","mcwwindows:dark_oak_window2_2tall",0.50,6.00
"Macaw's Windows","mcwwindows:jungle_plank_window",0.50,6.00
"Macaw's Windows","mcwwindows:jungle_plank_window2",0.50,6.00
"Macaw's Windows","mcwwindows:jungle_plank_window2_2tall",0.50,6.00
"Macaw's Windows","mcwwindows:jungle_planks_win_2tall",0.50,6.00
"Macaw's Windows","mcwwindows:jungle_win_2tall",0.50,6.00
"Macaw's Windows","mcwwindows:jungle_window",0.50,6.00
"Macaw's Windows","mcwwindows:jungle_window2",0.50,6.00
"Macaw's Windows","mcwwindows:jungle_window2_2tall",0.50,6.00
"Macaw's Windows","mcwwindows:oak_plank_window",0.50,6.00
"Macaw's Windows","mcwwindows:oak_plank_window2",0.50,6.00
"Macaw's Windows","mcwwindows:oak_plank_window2_2tall",0.50,6.00
"Macaw's Windows","mcwwindows:oak_planks_win_2tall",0.50,6.00
"Macaw's Windows","mcwwindows:oak_win_2tall",0.50,6.00
"Macaw's Windows","mcwwindows:oak_window",0.50,6.00
"Macaw's Windows","mcwwindows:oak_window2",0.50,6.00
"Macaw's Windows","mcwwindows:oak_window2_2tall",0.50,6.00
"Macaw's Windows","mcwwindows:spruce_plank_window",0.50,6.00
"Macaw's Windows","mcwwindows:spruce_plank_window2",0.50,6.00
"Macaw's Windows","mcwwindows:spruce_plank_window2_2tall",0.50,6.00
"Macaw's Windows","mcwwindows:spruce_planks_win_2tall",0.50,6.00
"Macaw's Windows","mcwwindows:spruce_win_2tall",0.50,6.00
"Macaw's Windows","mcwwindows:spruce_window",0.50,6.00
"Macaw's Windows","mcwwindows:spruce_window2",0.50,6.00
"Macaw's Windows","mcwwindows:spruce_window2_2tall",0.50,6.00
"Minecraft","minecraft:acacia_door",3.00,15.00
"Minecraft","minecraft:acacia_fence",2.00,15.00
"Minecraft","minecraft:acacia_fence_gate",2.00,15.00
"Minecraft","minecraft:acacia_stairs",2.00,15.00
"Minecraft","minecraft:activator_rail",0.70,3.50
"Minecraft","minecraft:air",0.00,0.00
"Minecraft","minecraft:anvil",5.00,6000.00
"Minecraft","minecraft:barrier",-1.00,18000004.00
"Minecraft","minecraft:beacon",3.00,15.00
"Minecraft","minecraft:bed",0.20,1.00
"Minecraft","minecraft:bedrock",-1.00,18000000.00
"Minecraft","minecraft:beetroots",0.00,0.00
"Minecraft","minecraft:birch_door",3.00,15.00
"Minecraft","minecraft:birch_fence",2.00,15.00
"Minecraft","minecraft:birch_fence_gate",2.00,15.00
"Minecraft","minecraft:birch_stairs",2.00,15.00
"Minecraft","minecraft:black_glazed_terracotta",1.40,7.00
"Minecraft","minecraft:black_shulker_box",2.00,6000.00
"Minecraft","minecraft:blue_glazed_terracotta",1.40,7.00
"Minecraft","minecraft:blue_shulker_box",2.00,6000.00
"Minecraft","minecraft:bone_block",2.00,10.00
"Minecraft","minecraft:bookshelf",1.50,7.50
"Minecraft","minecraft:brewing_stand",0.50,2.50
"Minecraft","minecraft:brick_block",2.00,30.00
"Minecraft","minecraft:brick_stairs",2.00,30.00
"Minecraft","minecraft:brown_glazed_terracotta",1.40,7.00
"Minecraft","minecraft:brown_mushroom",0.00,0.00
"Minecraft","minecraft:brown_mushroom_block",0.20,1.00
"Minecraft","minecraft:brown_shulker_box",2.00,6000.00
"Minecraft","minecraft:cactus",0.40,2.00
"Minecraft","minecraft:cake",0.50,2.50
"Minecraft","minecraft:carpet",0.10,0.50
"Minecraft","minecraft:carrots",0.00,0.00
"Minecraft","minecraft:cauldron",2.00,10.00
"Minecraft","minecraft:chain_command_block",-1.00,18000000.00
"Minecraft","minecraft:chest",2.50,12.50
"Minecraft","minecraft:chorus_flower",0.40,2.00
"Minecraft","minecraft:chorus_plant",0.40,2.00
"Minecraft","minecraft:clay",0.60,3.00
"Minecraft","minecraft:coal_block",5.00,30.00
"Minecraft","minecraft:coal_ore",3.00,15.00
"Minecraft","minecraft:cobblestone",2.00,30.00
"Minecraft","minecraft:cobblestone_wall",2.00,30.00
"Minecraft","minecraft:cocoa",0.20,15.00
"Minecraft","minecraft:command_block",-1.00,18000000.00
"Minecraft","minecraft:concrete",1.80,9.00
"Minecraft","minecraft:concrete_powder",0.50,2.50
"Minecraft","minecraft:crafting_table",2.50,12.50
"Minecraft","minecraft:cyan_glazed_terracotta",1.40,7.00
"Minecraft","minecraft:cyan_shulker_box",2.00,6000.00
"Minecraft","minecraft:dark_oak_door",3.00,15.00
"Minecraft","minecraft:dark_oak_fence",2.00,15.00
"Minecraft","minecraft:dark_oak_fence_gate",2.00,15.00
"Minecraft","minecraft:dark_oak_stairs",2.00,15.00
"Minecraft","minecraft:daylight_detector",0.20,1.00
"Minecraft","minecraft:daylight_detector_inverted",0.20,1.00
"Minecraft","minecraft:deadbush",0.00,0.00
"Minecraft","minecraft:detector_rail",0.70,3.50
"Minecraft","minecraft:diamond_block",5.00,30.00
"Minecraft","minecraft:diamond_ore",3.00,15.00
"Minecraft","minecraft:dirt",0.50,2.50
"Minecraft","minecraft:dispenser",3.50,17.50
"Minecraft","minecraft:double_plant",0.00,0.00
"Minecraft","minecraft:double_stone_slab",2.00,30.00
"Minecraft","minecraft:double_stone_slab2",2.00,30.00
"Minecraft","minecraft:double_wooden_slab",2.00,15.00
"Minecraft","minecraft:dragon_egg",3.00,45.00
"Minecraft","minecraft:dropper",3.50,17.50
"Minecraft","minecraft:emerald_block",5.00,30.00
"Minecraft","minecraft:emerald_ore",3.00,15.00
"Minecraft","minecraft:enchanting_table",5.00,6000.00
"Minecraft","minecraft:end_bricks",0.80,4.00
"Minecraft","minecraft:end_gateway",-1.00,18000000.00
"Minecraft","minecraft:end_portal",-1.00,18000000.00
"Minecraft","minecraft:end_portal_frame",-1.00,18000000.00
"Minecraft","minecraft:end_rod",0.00,0.00
"Minecraft","minecraft:end_stone",3.00,45.00
"Minecraft","minecraft:ender_chest",22.50,3000.00
"Minecraft","minecraft:farmland",0.60,3.00
"Minecraft","minecraft:fence",2.00,15.00
"Minecraft","minecraft:fence_gate",2.00,15.00
"Minecraft","minecraft:fire",0.00,0.00
"Minecraft","minecraft:flower_pot",0.00,0.00
"Minecraft","minecraft:flowing_lava",100.00,500.00
"Minecraft","minecraft:flowing_water",100.00,500.00
"Minecraft","minecraft:frosted_ice",0.50,2.50
"Minecraft","minecraft:furnace",3.50,17.50
"Minecraft","minecraft:glass",0.30,1.50
"Minecraft","minecraft:glass_pane",0.30,1.50
"Minecraft","minecraft:glowstone",0.30,1.50
"Minecraft","minecraft:gold_block",3.00,30.00
"Minecraft","minecraft:gold_ore",3.00,15.00
"Minecraft","minecraft:golden_rail",0.70,3.50
"Minecraft","minecraft:grass",0.60,3.00
"Minecraft","minecraft:grass_path",0.65,3.25
"Minecraft","minecraft:gravel",0.60,3.00
"Minecraft","minecraft:gray_glazed_terracotta",1.40,7.00
"Minecraft","minecraft:gray_shulker_box",2.00,6000.00
"Minecraft","minecraft:green_glazed_terracotta",1.40,7.00
"Minecraft","minecraft:green_shulker_box",2.00,6000.00
"Minecraft","minecraft:hardened_clay",1.25,21.00
"Minecraft","minecraft:hay_block",0.50,2.50
"Minecraft","minecraft:heavy_weighted_pressure_plate",0.50,2.50
"Minecraft","minecraft:hopper",3.00,24.00
"Minecraft","minecraft:ice",0.50,2.50
"Minecraft","minecraft:iron_bars",5.00,30.00
"Minecraft","minecraft:iron_block",5.00,30.00
"Minecraft","minecraft:iron_door",5.00,25.00
"Minecraft","minecraft:iron_ore",3.00,15.00
"Minecraft","minecraft:iron_trapdoor",5.00,25.00
"Minecraft","minecraft:jukebox",2.00,30.00
"Minecraft","minecraft:jungle_door",3.00,15.00
"Minecraft","minecraft:jungle_fence",2.00,15.00
"Minecraft","minecraft:jungle_fence_gate",2.00,15.00
"Minecraft","minecraft:jungle_stairs",2.00,15.00
"Minecraft","minecraft:ladder",0.40,2.00
"Minecraft","minecraft:lapis_block",3.00,15.00
"Minecraft","minecraft:lapis_ore",3.00,15.00
"Minecraft","minecraft:lava",100.00,500.00
"Minecraft","minecraft:leaves",0.20,1.00
"Minecraft","minecraft:leaves2",0.20,1.00
"Minecraft","minecraft:lever",0.50,2.50
"Minecraft","minecraft:light_blue_glazed_terracotta",1.40,7.00
"Minecraft","minecraft:light_blue_shulker_box",2.00,6000.00
"Minecraft","minecraft:light_weighted_pressure_plate",0.50,2.50
"Minecraft","minecraft:lime_glazed_terracotta",1.40,7.00
"Minecraft","minecraft:lime_shulker_box",2.00,6000.00
"Minecraft","minecraft:lit_furnace",3.50,17.50
"Minecraft","minecraft:lit_pumpkin",1.00,5.00
"Minecraft","minecraft:lit_redstone_lamp",0.30,1.50
"Minecraft","minecraft:lit_redstone_ore",3.00,15.00
"Minecraft","minecraft:log",2.00,10.00
"Minecraft","minecraft:log2",2.00,10.00
"Minecraft","minecraft:magenta_glazed_terracotta",1.40,7.00
"Minecraft","minecraft:magenta_shulker_box",2.00,6000.00
"Minecraft","minecraft:magma",0.50,2.50
"Minecraft","minecraft:melon_block",1.00,5.00
"Minecraft","minecraft:melon_stem",0.00,0.00
"Minecraft","minecraft:mob_spawner",5.00,25.00
"Minecraft","minecraft:monster_egg",0.75,3.75
"Minecraft","minecraft:mossy_cobblestone",2.00,30.00
"Minecraft","minecraft:mycelium",0.60,3.00
"Minecraft","minecraft:nether_brick",2.00,30.00
"Minecraft","minecraft:nether_brick_fence",2.00,30.00
"Minecraft","minecraft:nether_brick_stairs",2.00,30.00
"Minecraft","minecraft:nether_wart",0.00,0.00
"Minecraft","minecraft:nether_wart_block",1.00,5.00
"Minecraft","minecraft:netherrack",0.40,2.00
"Minecraft","minecraft:noteblock",0.80,4.00
"Minecraft","minecraft:oak_stairs",2.00,15.00
"Minecraft","minecraft:observer",3.00,15.00
"Minecraft","minecraft:obsidian",50.00,6000.00
"Minecraft","minecraft:orange_glazed_terracotta",1.40,7.00
"Minecraft","minecraft:orange_shulker_box",2.00,6000.00
"Minecraft","minecraft:packed_ice",0.50,2.50
"Minecraft","minecraft:pink_glazed_terracotta",1.40,7.00
"Minecraft","minecraft:pink_shulker_box",2.00,6000.00
"Minecraft","minecraft:piston",0.50,2.50
"Minecraft","minecraft:piston_extension",-1.00,0.00
"Minecraft","minecraft:piston_head",0.50,2.50
"Minecraft","minecraft:planks",2.00,15.00
"Minecraft","minecraft:portal",-1.00,0.00
"Minecraft","minecraft:potatoes",0.00,0.00
"Minecraft","minecraft:powered_comparator",0.00,0.00
"Minecraft","minecraft:powered_repeater",0.00,0.00
"Minecraft","minecraft:prismarine",1.50,30.00
"Minecraft","minecraft:pumpkin",1.00,5.00
"Minecraft","minecraft:pumpkin_stem",0.00,0.00
"Minecraft","minecraft:purple_glazed_terracotta",1.40,7.00
"Minecraft","minecraft:purple_shulker_box",2.00,6000.00
"Minecraft","minecraft:purpur_block",1.50,30.00
"Minecraft","minecraft:purpur_double_slab",2.00,30.00
"Minecraft","minecraft:purpur_pillar",1.50,30.00
"Minecraft","minecraft:purpur_slab",2.00,30.00
"Minecraft","minecraft:purpur_stairs",1.50,30.00
"Minecraft","minecraft:quartz_block",0.80,4.00
"Minecraft","minecraft:quartz_ore",3.00,15.00
"Minecraft","minecraft:quartz_stairs",0.80,4.00
"Minecraft","minecraft:rail",0.70,3.50
"Minecraft","minecraft:red_flower",0.00,0.00
"Minecraft","minecraft:red_glazed_terracotta",1.40,7.00
"Minecraft","minecraft:red_mushroom",0.00,0.00
"Minecraft","minecraft:red_mushroom_block",0.20,1.00
"Minecraft","minecraft:red_nether_brick",2.00,30.00
"Minecraft","minecraft:red_sandstone",0.80,4.00
"Minecraft","minecraft:red_sandstone_stairs",0.80,4.00
"Minecraft","minecraft:red_shulker_box",2.00,6000.00
"Minecraft","minecraft:redstone_block",5.00,30.00
"Minecraft","minecraft:redstone_lamp",0.30,1.50
"Minecraft","minecraft:redstone_ore",3.00,15.00
"Minecraft","minecraft:redstone_torch",0.00,0.00
"Minecraft","minecraft:redstone_wire",0.00,0.00
"Minecraft","minecraft:reeds",0.00,0.00
"Minecraft","minecraft:repeating_command_block",-1.00,18000000.00
"Minecraft","minecraft:sand",0.50,2.50
"Minecraft","minecraft:sandstone",0.80,4.00
"Minecraft","minecraft:sandstone_stairs",0.80,4.00
"Minecraft","minecraft:sapling",0.00,0.00
"Minecraft","minecraft:sea_lantern",0.30,1.50
"Minecraft","minecraft:silver_glazed_terracotta",1.40,7.00
"Minecraft","minecraft:silver_shulker_box",2.00,6000.00
"Minecraft","minecraft:skull",1.00,5.00
"Minecraft","minecraft:slime",0.00,0.00
"Minecraft","minecraft:snow",0.20,1.00
"Minecraft","minecraft:snow_layer",0.10,0.50
"Minecraft","minecraft:soul_sand",0.50,2.50
"Minecraft","minecraft:sponge",0.60,3.00
"Minecraft","minecraft:spruce_door",3.00,15.00
"Minecraft","minecraft:spruce_fence",2.00,15.00
"Minecraft","minecraft:spruce_fence_gate",2.00,15.00
"Minecraft","minecraft:spruce_stairs",2.00,15.00
"Minecraft","minecraft:stained_glass",0.30,1.50
"Minecraft","minecraft:stained_glass_pane",0.30,1.50
"Minecraft","minecraft:stained_hardened_clay",1.25,21.00
"Minecraft","minecraft:standing_banner",1.00,5.00
"Minecraft","minecraft:standing_sign",1.00,5.00
"Minecraft","minecraft:sticky_piston",0.50,2.50
"Minecraft","minecraft:stone",1.50,30.00
"Minecraft","minecraft:stone_brick_stairs",1.50,30.00
"Minecraft","minecraft:stone_button",0.50,2.50
"Minecraft","minecraft:stone_pressure_plate",0.50,2.50
"Minecraft","minecraft:stone_slab",2.00,30.00
"Minecraft","minecraft:stone_slab2",2.00,30.00
"Minecraft","minecraft:stone_stairs",2.00,30.00
"Minecraft","minecraft:stonebrick",1.50,30.00
"Minecraft","minecraft:structure_block",-1.00,18000000.00
"Minecraft","minecraft:structure_void",0.00,0.00
"Minecraft","minecraft:tallgrass",0.00,0.00
"Minecraft","minecraft:tnt",0.00,0.00
"Minecraft","minecraft:torch",0.00,0.00
"Minecraft","minecraft:trapdoor",3.00,15.00
"Minecraft","minecraft:trapped_chest",2.50,12.50
"Minecraft","minecraft:tripwire",0.00,0.00
"Minecraft","minecraft:tripwire_hook",0.00,0.00
"Minecraft","minecraft:unlit_redstone_torch",0.00,0.00
"Minecraft","minecraft:unpowered_comparator",0.00,0.00
"Minecraft","minecraft:unpowered_repeater",0.00,0.00
"Minecraft","minecraft:vine",0.20,1.00
"Minecraft","minecraft:wall_banner",1.00,5.00
"Minecraft","minecraft:wall_sign",1.00,5.00
"Minecraft","minecraft:water",100.00,500.00
"Minecraft","minecraft:waterlily",0.00,0.00
"Minecraft","minecraft:web",4.00,20.00
"Minecraft","minecraft:wheat",0.00,0.00
"Minecraft","minecraft:white_glazed_terracotta",1.40,7.00
"Minecraft","minecraft:white_shulker_box",2.00,6000.00
"Minecraft","minecraft:wooden_button",0.50,2.50
"Minecraft","minecraft:wooden_door",3.00,15.00
"Minecraft","minecraft:wooden_pressure_plate",0.50,2.50
"Minecraft","minecraft:wooden_slab",2.00,15.00
"Minecraft","minecraft:wool",0.80,4.00
"Minecraft","minecraft:yellow_flower",0.00,0.00
"Minecraft","minecraft:yellow_glazed_terracotta",1.40,7.00
"Minecraft","minecraft:yellow_shulker_box",2.00,6000.00
"Minor Integrations and Additions","mia:armored_glass",40.00,5250.00
"Minor Integrations and Additions","mia:door_stone",4.00,20.00
"Minor Integrations and Additions","mia:flower_dead",0.00,0.00
"Minor Integrations and Additions","mia:packed_paper",0.80,4.00
"Minor Integrations and Additions","mia:pixie_dust_extractor",2.50,12.50
"Minor Integrations and Additions","mia:redstone_lantern",3.00,15.00
"Minor Integrations and Additions","mia:torch_gold",0.00,0.00
"Minor Integrations and Additions","mia:white_sandstone_futuremc_wall",0.00,0.00
"Minor Integrations and Additions","mia:white_sandstone_new",0.80,4.00
"Minor Integrations and Additions","mia:white_sandstone_new_slab",0.80,4.00
"Minor Integrations and Additions","mia:white_sandstone_new_slab_double",0.80,4.00
"Minor Integrations and Additions","mia:white_sandstone_stairs_brick",0.80,4.00
"Mo' Glowstone","moglowstone:black_gsblock",0.00,0.00
"Mo' Glowstone","moglowstone:blue_gsblock",0.00,0.00
"Mo' Glowstone","moglowstone:brick_gsblock",0.00,0.00
"Mo' Glowstone","moglowstone:brown_gsblock",0.00,0.00
"Mo' Glowstone","moglowstone:cyan_gsblock",0.00,0.00
"Mo' Glowstone","moglowstone:glowstone_ore",3.00,15.00
"Mo' Glowstone","moglowstone:gray_gsblock",0.00,0.00
"Mo' Glowstone","moglowstone:green_gsblock",0.00,0.00
"Mo' Glowstone","moglowstone:lamp_gsblock",0.00,0.00
"Mo' Glowstone","moglowstone:lblue_gsblock",0.00,0.00
"Mo' Glowstone","moglowstone:lgray_gsblock",0.00,0.00
"Mo' Glowstone","moglowstone:lime_gsblock",0.00,0.00
"Mo' Glowstone","moglowstone:magenta_gsblock",0.00,0.00
"Mo' Glowstone","moglowstone:orange_gsblock",0.00,0.00
"Mo' Glowstone","moglowstone:pink_gsblock",0.00,0.00
"Mo' Glowstone","moglowstone:purple_gsblock",0.00,0.00
"Mo' Glowstone","moglowstone:red_gsblock",0.00,0.00
"Mo' Glowstone","moglowstone:white_gsblock",0.00,0.00
"Mowzie's Mobs","mowziesmobs:campfire",0.00,0.00
"Mowzie's Mobs","mowziesmobs:grottol",0.00,0.00
"Mowzie's Mobs","mowziesmobs:painted_acacia",2.00,15.00
"Mowzie's Mobs","mowziesmobs:painted_acacia_double_slab",2.00,15.00
"Mowzie's Mobs","mowziesmobs:painted_acacia_slab",2.00,15.00
"Mystical World","mysticalworld:amethyst_block",3.00,15.00
"Mystical World","mysticalworld:amethyst_ore",3.00,15.00
"Mystical World","mysticalworld:aubergine_crop",0.00,0.00
"Mystical World","mysticalworld:charred_button",1.70,8.50
"Mystical World","mysticalworld:charred_double_slab",1.70,8.50
"Mystical World","mysticalworld:charred_fence",2.00,10.00
"Mystical World","mysticalworld:charred_fence_gate",2.00,10.00
"Mystical World","mysticalworld:charred_log",2.00,10.00
"Mystical World","mysticalworld:charred_planks",2.00,10.00
"Mystical World","mysticalworld:charred_pressure_plate",1.70,8.50
"Mystical World","mysticalworld:charred_slab",1.70,8.50
"Mystical World","mysticalworld:charred_stairs",1.70,10.00
"Mystical World","mysticalworld:charred_wall",1.70,10.00
"Mystical World","mysticalworld:copper_block",3.50,17.50
"Mystical World","mysticalworld:copper_ore",3.50,17.50
"Mystical World","mysticalworld:gall_apple_crop",0.00,0.00
"Mystical World","mysticalworld:granite_quartz_ore",3.00,15.00
"Mystical World","mysticalworld:mud_block",1.40,7.00
"Mystical World","mysticalworld:mud_block_button",1.70,8.50
"Mystical World","mysticalworld:mud_block_double_slab",1.70,8.50
"Mystical World","mysticalworld:mud_block_fence",2.00,10.00
"Mystical World","mysticalworld:mud_block_fence_gate",2.00,10.00
"Mystical World","mysticalworld:mud_block_pressure_plate",1.70,8.50
"Mystical World","mysticalworld:mud_block_slab",1.70,8.50
"Mystical World","mysticalworld:mud_block_stairs",1.70,8.50
"Mystical World","mysticalworld:mud_block_wall",1.70,8.50
"Mystical World","mysticalworld:mud_brick",1.40,7.00
"Mystical World","mysticalworld:mud_brick_button",1.70,8.50
"Mystical World","mysticalworld:mud_brick_double_slab",1.70,8.50
"Mystical World","mysticalworld:mud_brick_fence",2.00,10.00
"Mystical World","mysticalworld:mud_brick_fence_gate",2.00,10.00
"Mystical World","mysticalworld:mud_brick_pressure_plate",1.70,8.50
"Mystical World","mysticalworld:mud_brick_slab",1.70,8.50
"Mystical World","mysticalworld:mud_brick_stairs",1.70,8.50
"Mystical World","mysticalworld:mud_brick_wall",1.70,8.50
"Mystical World","mysticalworld:pearl_block",3.40,17.00
"Mystical World","mysticalworld:pearl_button",1.70,8.50
"Mystical World","mysticalworld:pearl_double_slab",1.70,8.50
"Mystical World","mysticalworld:pearl_fence",3.00,15.00
"Mystical World","mysticalworld:pearl_fence_gate",3.00,15.00
"Mystical World","mysticalworld:pearl_pressure_plate",1.70,8.50
"Mystical World","mysticalworld:pearl_slab",1.70,8.50
"Mystical World","mysticalworld:pearl_stairs",1.70,17.00
"Mystical World","mysticalworld:pearl_wall",1.70,17.00
"Mystical World","mysticalworld:quartz_ore",3.00,15.00
"Mystical World","mysticalworld:silver_block",5.00,25.00
"Mystical World","mysticalworld:silver_ore",5.00,25.00
"Mystical World","mysticalworld:slime_eggs",0.10,0.50
"Mystical World","mysticalworld:thatch",0.80,4.00
"Mystical World","mysticalworld:thatch_double_slab",1.70,8.50
"Mystical World","mysticalworld:thatch_slab",1.70,8.50
"Mystical World","mysticalworld:thatch_stairs",1.70,8.50
"Mystical World","mysticalworld:thatch_wall",1.70,8.50
"Mystical World","mysticalworld:wet_mud_block",1.40,7.00
"Mystical World","mysticalworld:wet_mud_brick",1.40,7.00
"Natura Legacy","natura:amaranth_button",0.50,2.50
"Natura Legacy","natura:amaranth_fence",2.00,15.00
"Natura Legacy","natura:amaranth_fence_gate",2.00,15.00
"Natura Legacy","natura:amaranth_pressure_plate",0.50,2.50
"Natura Legacy","natura:amaranth_trap_door",3.00,15.00
"Natura Legacy","natura:apple_button",0.50,2.50
"Natura Legacy","natura:apple_fence",2.00,15.00
"Natura Legacy","natura:apple_fence_gate",2.00,15.00
"Natura Legacy","natura:apple_leaves",0.20,1.00
"Natura Legacy","natura:apple_log",1.50,15.00
"Natura Legacy","natura:apple_pressure_plate",0.50,2.50
"Natura Legacy","natura:apple_sapling",0.00,0.00
"Natura Legacy","natura:apple_trap_door",3.00,15.00
"Natura Legacy","natura:barley_crop",0.00,0.00
"Natura Legacy","natura:blaze_hopper",3.00,24.00
"Natura Legacy","natura:blaze_rail",0.70,3.50
"Natura Legacy","natura:blaze_rail_activator",0.70,3.50
"Natura Legacy","natura:blaze_rail_detector",0.70,3.50
"Natura Legacy","natura:blaze_rail_golden",0.70,3.50
"Natura Legacy","natura:bloodwood_button",0.50,2.50
"Natura Legacy","natura:bloodwood_fence",2.00,15.00
"Natura Legacy","natura:bloodwood_fence_gate",2.00,15.00
"Natura Legacy","natura:bloodwood_pressure_plate",0.50,2.50
"Natura Legacy","natura:bloodwood_trap_door",3.00,15.00
"Natura Legacy","natura:bluebells_flower",0.00,0.00
"Natura Legacy","natura:charred_netherrack_bricks",1.50,30.00
"Natura Legacy","natura:clouds",0.30,1.50
"Natura Legacy","natura:colored_grass",0.60,3.00
"Natura Legacy","natura:colored_grass_slab",0.60,3.00
"Natura Legacy","natura:colored_grass_stairs_autumnal",0.60,3.00
"Natura Legacy","natura:colored_grass_stairs_bluegrass",0.60,3.00
"Natura Legacy","natura:colored_grass_stairs_topiary",0.60,3.00
"Natura Legacy","natura:cotton_crop",0.00,0.00
"Natura Legacy","natura:darkwood_button",0.50,2.50
"Natura Legacy","natura:darkwood_fence",2.00,15.00
"Natura Legacy","natura:darkwood_fence_gate",2.00,15.00
"Natura Legacy","natura:darkwood_pressure_plate",0.50,2.50
"Natura Legacy","natura:darkwood_trap_door",3.00,15.00
"Natura Legacy","natura:eucalyptus_button",0.50,2.50
"Natura Legacy","natura:eucalyptus_fence",2.00,15.00
"Natura Legacy","natura:eucalyptus_fence_gate",2.00,15.00
"Natura Legacy","natura:eucalyptus_pressure_plate",0.50,2.50
"Natura Legacy","natura:eucalyptus_trap_door",3.00,15.00
"Natura Legacy","natura:fusewood_button",0.50,2.50
"Natura Legacy","natura:fusewood_fence",2.00,15.00
"Natura Legacy","natura:fusewood_fence_gate",2.00,15.00
"Natura Legacy","natura:fusewood_pressure_plate",0.50,2.50
"Natura Legacy","natura:fusewood_trap_door",3.00,15.00
"Natura Legacy","natura:ghostwood_button",0.50,2.50
"Natura Legacy","natura:ghostwood_fence",2.00,15.00
"Natura Legacy","natura:ghostwood_fence_gate",2.00,15.00
"Natura Legacy","natura:ghostwood_pressure_plate",0.50,2.50
"Natura Legacy","natura:ghostwood_trap_door",3.00,15.00
"Natura Legacy","natura:hopseed_button",0.50,2.50
"Natura Legacy","natura:hopseed_fence",2.00,15.00
"Natura Legacy","natura:hopseed_fence_gate",2.00,15.00
"Natura Legacy","natura:hopseed_pressure_plate",0.50,2.50
"Natura Legacy","natura:hopseed_trap_door",3.00,15.00
"Natura Legacy","natura:lit_netherrack_furnace",3.50,17.50
"Natura Legacy","natura:maple_button",0.50,2.50
"Natura Legacy","natura:maple_fence",2.00,15.00
"Natura Legacy","natura:maple_fence_gate",2.00,15.00
"Natura Legacy","natura:maple_pressure_plate",0.50,2.50
"Natura Legacy","natura:maple_trap_door",3.00,15.00
"Natura Legacy","natura:nether_berrybush_blightberry",0.30,1.50
"Natura Legacy","natura:nether_berrybush_duskberry",0.30,1.50
"Natura Legacy","natura:nether_berrybush_skyberry",0.30,1.50
"Natura Legacy","natura:nether_berrybush_stingberry",0.30,1.50
"Natura Legacy","natura:nether_blue_large_glowshroom",0.00,0.00
"Natura Legacy","natura:nether_bookshelves",1.50,30.00
"Natura Legacy","natura:nether_button",0.50,2.50
"Natura Legacy","natura:nether_door_bloodwood",3.00,15.00
"Natura Legacy","natura:nether_door_darkwood",3.00,15.00
"Natura Legacy","natura:nether_door_fusewood",3.00,15.00
"Natura Legacy","natura:nether_door_ghostwood",3.00,15.00
"Natura Legacy","natura:nether_glass",1.00,9000.00
"Natura Legacy","natura:nether_glowshroom",0.00,0.00
"Natura Legacy","natura:nether_green_large_glowshroom",0.00,0.00
"Natura Legacy","natura:nether_heat_sand",0.50,2.50
"Natura Legacy","natura:nether_leaves",0.20,1.00
"Natura Legacy","natura:nether_leaves2",0.20,1.00
"Natura Legacy","natura:nether_lever",0.50,2.50
"Natura Legacy","natura:nether_logs",3.50,60.00
"Natura Legacy","natura:nether_logs2",8.00,75.00
"Natura Legacy","natura:nether_planks",2.00,30.00
"Natura Legacy","natura:nether_pressure_plate",0.50,2.50
"Natura Legacy","natura:nether_purple_large_glowshroom",0.00,0.00
"Natura Legacy","natura:nether_sapling",0.00,0.00
"Natura Legacy","natura:nether_sapling2",0.00,0.00
"Natura Legacy","natura:nether_slab",2.00,30.00
"Natura Legacy","natura:nether_stairs_bloodwood",2.00,30.00
"Natura Legacy","natura:nether_stairs_darkwood",2.00,30.00
"Natura Legacy","natura:nether_stairs_fusewood",2.00,30.00
"Natura Legacy","natura:nether_stairs_ghostwood",2.00,30.00
"Natura Legacy","natura:nether_tainted_soil",0.50,2.50
"Natura Legacy","natura:nether_thorn_vines",1.00,5.00
"Natura Legacy","natura:nether_workbenches",2.50,30.00
"Natura Legacy","natura:netherrack_bricks",1.50,30.00
"Natura Legacy","natura:netherrack_furnace",3.50,17.50
"Natura Legacy","natura:overworld_berrybush_blackberry",0.30,1.50
"Natura Legacy","natura:overworld_berrybush_blueberry",0.30,1.50
"Natura Legacy","natura:overworld_berrybush_maloberry",0.30,1.50
"Natura Legacy","natura:overworld_berrybush_raspberry",0.30,1.50
"Natura Legacy","natura:overworld_bookshelves",1.50,7.50
"Natura Legacy","natura:overworld_door_amaranth",3.00,15.00
"Natura Legacy","natura:overworld_door_apple",3.00,15.00
"Natura Legacy","natura:overworld_door_eucalyptus",3.00,15.00
"Natura Legacy","natura:overworld_door_hopseed",3.00,15.00
"Natura Legacy","natura:overworld_door_maple",3.00,15.00
"Natura Legacy","natura:overworld_door_redwood",3.00,15.00
"Natura Legacy","natura:overworld_door_redwood_bark",3.00,15.00
"Natura Legacy","natura:overworld_door_sakura",3.00,15.00
"Natura Legacy","natura:overworld_door_silverbell",3.00,15.00
"Natura Legacy","natura:overworld_door_tiger",3.00,15.00
"Natura Legacy","natura:overworld_door_willow",3.00,15.00
"Natura Legacy","natura:overworld_leaves",0.20,1.00
"Natura Legacy","natura:overworld_leaves2",0.20,1.00
"Natura Legacy","natura:overworld_logs",1.50,15.00
"Natura Legacy","natura:overworld_logs2",1.50,15.00
"Natura Legacy","natura:overworld_planks",2.00,10.00
"Natura Legacy","natura:overworld_sapling",0.00,0.00
"Natura Legacy","natura:overworld_sapling2",0.00,0.00
"Natura Legacy","natura:overworld_slab",2.00,10.00
"Natura Legacy","natura:overworld_slab2",2.00,10.00
"Natura Legacy","natura:overworld_stairs_amaranth",2.00,10.00
"Natura Legacy","natura:overworld_stairs_apple",2.00,10.00
"Natura Legacy","natura:overworld_stairs_eucalyptus",2.00,10.00
"Natura Legacy","natura:overworld_stairs_hopseed",2.00,10.00
"Natura Legacy","natura:overworld_stairs_maple",2.00,10.00
"Natura Legacy","natura:overworld_stairs_redwood",2.00,10.00
"Natura Legacy","natura:overworld_stairs_sakura",2.00,10.00
"Natura Legacy","natura:overworld_stairs_silverbell",2.00,10.00
"Natura Legacy","natura:overworld_stairs_tiger",2.00,10.00
"Natura Legacy","natura:overworld_stairs_willow",2.00,10.00
"Natura Legacy","natura:overworld_workbenches",2.50,12.50
"Natura Legacy","natura:redwood_button",0.50,2.50
"Natura Legacy","natura:redwood_fence",2.00,15.00
"Natura Legacy","natura:redwood_fence_gate",2.00,15.00
"Natura Legacy","natura:redwood_leaves",0.20,1.00
"Natura Legacy","natura:redwood_logs",2.00,10.00
"Natura Legacy","natura:redwood_pressure_plate",0.50,2.50
"Natura Legacy","natura:redwood_sapling",0.00,0.00
"Natura Legacy","natura:redwood_trap_door",3.00,15.00
"Natura Legacy","natura:respawn_obelisk",2.00,30000.00
"Natura Legacy","natura:saguaro",0.30,1.50
"Natura Legacy","natura:saguaro_baby",0.30,1.50
"Natura Legacy","natura:saguaro_fruit",0.30,1.50
"Natura Legacy","natura:sakura_button",0.50,2.50
"Natura Legacy","natura:sakura_fence",2.00,15.00
"Natura Legacy","natura:sakura_fence_gate",2.00,15.00
"Natura Legacy","natura:sakura_pressure_plate",0.50,2.50
"Natura Legacy","natura:sakura_trap_door",3.00,15.00
"Natura Legacy","natura:silverbell_button",0.50,2.50
"Natura Legacy","natura:silverbell_fence",2.00,15.00
"Natura Legacy","natura:silverbell_fence_gate",2.00,15.00
"Natura Legacy","natura:silverbell_pressure_plate",0.50,2.50
"Natura Legacy","natura:silverbell_trap_door",3.00,15.00
"Natura Legacy","natura:smooth_netherrack",1.50,30.00
"Natura Legacy","natura:tiger_button",0.50,2.50
"Natura Legacy","natura:tiger_fence",2.00,15.00
"Natura Legacy","natura:tiger_fence_gate",2.00,15.00
"Natura Legacy","natura:tiger_pressure_plate",0.50,2.50
"Natura Legacy","natura:tiger_trap_door",3.00,15.00
"Natura Legacy","natura:willow_button",0.50,2.50
"Natura Legacy","natura:willow_fence",2.00,15.00
"Natura Legacy","natura:willow_fence_gate",2.00,15.00
"Natura Legacy","natura:willow_pressure_plate",0.50,2.50
"Natura Legacy","natura:willow_trap_door",3.00,15.00
"Novam Terram","nt:black_sand",0.80,4.00
"Novam Terram","nt:black_sandstone",0.80,4.00
"Novam Terram","nt:black_sandstone_carved",0.80,4.00
"Novam Terram","nt:black_sandstone_face",0.80,4.00
"Novam Terram","nt:black_sandstone_glyph",0.80,4.00
"Novam Terram","nt:black_sandstone_smooth",0.80,4.00
"Novam Terram","nt:blue_podzol",0.80,4.00
"Novam Terram","nt:brownautumn_leaves",0.20,1.00
"Novam Terram","nt:brownautumn_sapling",0.00,0.00
"Novam Terram","nt:cherry_leaves_pink",0.20,1.00
"Novam Terram","nt:cherry_leaves_purple",0.20,1.00
"Novam Terram","nt:cherry_leaves_white",0.20,1.00
"Novam Terram","nt:cherry_sapling_pink",0.00,0.00
"Novam Terram","nt:cherry_sapling_purple",0.00,0.00
"Novam Terram","nt:cherry_sapling_white",0.00,0.00
"Novam Terram","nt:cold_sand",0.80,4.00
"Novam Terram","nt:cold_sandstone",0.80,4.00
"Novam Terram","nt:cold_sandstone_carved",0.80,4.00
"Novam Terram","nt:cold_sandstone_face",0.80,4.00
"Novam Terram","nt:cold_sandstone_glyph",0.80,4.00
"Novam Terram","nt:cold_sandstone_smooth",0.80,4.00
"Novam Terram","nt:conifer_leaves_orange",0.20,1.00
"Novam Terram","nt:conifer_leaves_yellow",0.20,1.00
"Novam Terram","nt:conifer_sapling_orange",0.00,0.00
"Novam Terram","nt:conifer_sapling_yellow",0.00,0.00
"Novam Terram","nt:continental_sand",0.80,4.00
"Novam Terram","nt:continental_sandstone",0.80,4.00
"Novam Terram","nt:continental_sandstone_carved",0.80,4.00
"Novam Terram","nt:continental_sandstone_face",0.80,4.00
"Novam Terram","nt:continental_sandstone_glyph",0.80,4.00
"Novam Terram","nt:continental_sandstone_smooth",0.80,4.00
"Novam Terram","nt:flower_abelia_top",0.00,0.00
"Novam Terram","nt:flower_abeliophyllum",0.00,0.00
"Novam Terram","nt:flower_abroma",0.00,0.00
"Novam Terram","nt:flower_abronia_bot",0.00,0.00
"Novam Terram","nt:flower_abronia_top",0.00,0.00
"Novam Terram","nt:flower_abutilon",0.00,0.00
"Novam Terram","nt:flower_acaena",0.00,0.00
"Novam Terram","nt:flower_acalypha_r",0.00,0.00
"Novam Terram","nt:flower_acantholimon",0.00,0.00
"Novam Terram","nt:flower_acanthus_bot",0.00,0.00
"Novam Terram","nt:flower_acanthus_top",0.00,0.00
"Novam Terram","nt:flower_achillea",0.00,0.00
"Novam Terram","nt:flower_achimenes",0.00,0.00
"Novam Terram","nt:flower_acinos",0.00,0.00
"Novam Terram","nt:flower_aciphylla",0.00,0.00
"Novam Terram","nt:flower_adenocarpus_bot",0.00,0.00
"Novam Terram","nt:flower_adenocarpus_top",0.00,0.00
"Novam Terram","nt:flower_adenophora",0.00,0.00
"Novam Terram","nt:flower_adonis",0.00,0.00
"Novam Terram","nt:flower_aechmea",0.00,0.00
"Novam Terram","nt:flower_aeschynanthus",0.00,0.00
"Novam Terram","nt:flower_aethionema",0.00,0.00
"Novam Terram","nt:flower_agapanthus",0.00,0.00
"Novam Terram","nt:flower_ageratum",0.00,0.00
"Novam Terram","nt:flower_agonis_bot",0.00,0.00
"Novam Terram","nt:flower_agonis_top",0.00,0.00
"Novam Terram","nt:flower_agrostemma",0.00,0.00
"Novam Terram","nt:flower_aira",0.00,0.00
"Novam Terram","nt:flower_ajuga",0.00,0.00
"Novam Terram","nt:flower_albuca",0.00,0.00
"Novam Terram","nt:flower_alcea",0.00,0.00
"Novam Terram","nt:flower_alkanna",0.00,0.00
"Novam Terram","nt:flower_alliaria",0.00,0.00
"Novam Terram","nt:flower_allium",0.00,0.00
"Novam Terram","nt:flower_aloe",0.00,0.00
"Novam Terram","nt:flower_alonsoa_bot",0.00,0.00
"Novam Terram","nt:flower_alonsoa_top",0.00,0.00
"Novam Terram","nt:flower_alopecurus",0.00,0.00
"Novam Terram","nt:flower_alsobia",0.00,0.00
"Novam Terram","nt:flower_alstroemeria",0.00,0.00
"Novam Terram","nt:flower_alyogyne",0.00,0.00
"Novam Terram","nt:flower_amaryllis",0.00,0.00
"Novam Terram","nt:flower_ambrosia",0.00,0.00
"Novam Terram","nt:flower_amesiella",0.00,0.00
"Novam Terram","nt:flower_ammobium",0.00,0.00
"Novam Terram","nt:flower_amphipappus",0.00,0.00
"Novam Terram","nt:flower_anacyclus",0.00,0.00
"Novam Terram","nt:flower_anagallis",0.00,0.00
"Novam Terram","nt:flower_anchusa",0.00,0.00
"Novam Terram","nt:flower_apache_plume",0.00,0.00
"Novam Terram","nt:flower_argocoffeeopsis",0.00,0.00
"Novam Terram","nt:flower_arizona_poppy",0.00,0.00
"Novam Terram","nt:flower_asclepias",0.00,0.00
"Novam Terram","nt:flower_asclepias_t",0.00,0.00
"Novam Terram","nt:flower_asian_mustard",0.00,0.00
"Novam Terram","nt:flower_aspalathus",0.00,0.00
"Novam Terram","nt:flower_barbarea",0.00,0.00
"Novam Terram","nt:flower_barren_strawberry",0.00,0.00
"Novam Terram","nt:flower_beardtongue",0.00,0.00
"Novam Terram","nt:flower_begonia",0.00,0.00
"Novam Terram","nt:flower_bigelows_monkey_flower",0.00,0.00
"Novam Terram","nt:flower_blacktack_phacelia",0.00,0.00
"Novam Terram","nt:flower_blazing_star",0.00,0.00
"Novam Terram","nt:flower_blue_flax",0.00,0.00
"Novam Terram","nt:flower_brachystelma",0.00,0.00
"Novam Terram","nt:flower_bristly_fiddleneck",0.00,0.00
"Novam Terram","nt:flower_brown_eyes",0.00,0.00
"Novam Terram","nt:flower_buckbrush",0.00,0.00
"Novam Terram","nt:flower_bulbil_buglelily_bot",0.00,0.00
"Novam Terram","nt:flower_bulbil_buglelily_top",0.00,0.00
"Novam Terram","nt:flower_button_brittlebush",0.00,0.00
"Novam Terram","nt:flower_cambridge_blue",0.00,0.00
"Novam Terram","nt:flower_canaigre",0.00,0.00
"Novam Terram","nt:flower_cardamine",0.00,0.00
"Novam Terram","nt:flower_cephalophyllum",0.00,0.00
"Novam Terram","nt:flower_chocolate_drops",0.00,0.00
"Novam Terram","nt:flower_chrysanthemum",0.00,0.00
"Novam Terram","nt:flower_chuparosa",0.00,0.00
"Novam Terram","nt:flower_clove",0.00,0.00
"Novam Terram","nt:flower_clustered_broomrape",0.00,0.00
"Novam Terram","nt:flower_corydalis",0.00,0.00
"Novam Terram","nt:flower_coulters_jewelflower",0.00,0.00
"Novam Terram","nt:flower_crassula",0.00,0.00
"Novam Terram","nt:flower_disa",0.00,0.00
"Novam Terram","nt:flower_distant_scorpionweed",0.00,0.00
"Novam Terram","nt:flower_epipogium",0.00,0.00
"Novam Terram","nt:flower_fabaceae",0.00,0.00
"Novam Terram","nt:flower_fairy_lily",0.00,0.00
"Novam Terram","nt:flower_flower_abelia_bot",0.00,0.00
"Novam Terram","nt:flower_fruit_bot",0.00,0.00
"Novam Terram","nt:flower_fruit_top",0.00,0.00
"Novam Terram","nt:flower_galanthus",0.00,0.00
"Novam Terram","nt:flower_heliotropium",0.00,0.00
"Novam Terram","nt:flower_hellebore",0.00,0.00
"Novam Terram","nt:flower_hesperis",0.00,0.00
"Novam Terram","nt:flower_impatiens",0.00,0.00
"Novam Terram","nt:flower_isolepis",0.00,0.00
"Novam Terram","nt:flower_narthecium",0.00,0.00
"Novam Terram","nt:flower_neglected_scorpionweed",0.00,0.00
"Novam Terram","nt:flower_nemesia",0.00,0.00
"Novam Terram","nt:flower_none_bot",0.00,0.00
"Novam Terram","nt:flower_none_top",0.00,0.00
"Novam Terram","nt:flower_olive",0.00,0.00
"Novam Terram","nt:flower_pink_corydalis",0.00,0.00
"Novam Terram","nt:flower_pluchea_glutinosa",0.00,0.00
"Novam Terram","nt:flower_primevere",0.00,0.00
"Novam Terram","nt:flower_psoralea_cataracta",0.00,0.00
"Novam Terram","nt:flower_psoralea_macrophylla",0.00,0.00
"Novam Terram","nt:flower_pueraria",0.00,0.00
"Novam Terram","nt:flower_rhanterium",0.00,0.00
"Novam Terram","nt:flower_rorippa",0.00,0.00
"Novam Terram","nt:flower_royal_bluebell",0.00,0.00
"Novam Terram","nt:flower_rudbeckia_h",0.00,0.00
"Novam Terram","nt:flower_sagebrush",0.00,0.00
"Novam Terram","nt:flower_san_angelo_yucca",0.00,0.00
"Novam Terram","nt:flower_sandbog_death_camas",0.00,0.00
"Novam Terram","nt:flower_snowy_river_westringia",0.00,0.00
"Novam Terram","nt:flower_streblorrhiza",0.00,0.00
"Novam Terram","nt:flower_sumatra",0.00,0.00
"Novam Terram","nt:flower_thismia",0.00,0.00
"Novam Terram","nt:flower_trillium",0.00,0.00
"Novam Terram","nt:flower_veratrum",0.00,0.00
"Novam Terram","nt:flower_veronica",0.00,0.00
"Novam Terram","nt:flower_viola",0.00,0.00
"Novam Terram","nt:flower_weldenia_candida",0.00,0.00
"Novam Terram","nt:flower_wild_rice",0.00,0.00
"Novam Terram","nt:flower_yellowroot",0.00,0.00
"Novam Terram","nt:flower_zenobia",0.00,0.00
"Novam Terram","nt:iron_sand",0.80,4.00
"Novam Terram","nt:iron_sandstone",0.80,4.00
"Novam Terram","nt:iron_sandstone_carved",0.80,4.00
"Novam Terram","nt:iron_sandstone_face",0.80,4.00
"Novam Terram","nt:iron_sandstone_glyph",0.80,4.00
"Novam Terram","nt:iron_sandstone_smooth",0.80,4.00
"Novam Terram","nt:jacaranda_leaves",0.20,1.00
"Novam Terram","nt:jacaranda_sapling",0.00,0.00
"Novam Terram","nt:maple_leaves",0.20,1.00
"Novam Terram","nt:maple_sapling",0.00,0.00
"Novam Terram","nt:oak_leaves_red",0.20,1.00
"Novam Terram","nt:oak_sapling_red",0.00,0.00
"Novam Terram","nt:olive_leaves_green",0.20,1.00
"Novam Terram","nt:olivine_sand",0.80,4.00
"Novam Terram","nt:olivine_sandstone",0.80,4.00
"Novam Terram","nt:olivine_sandstone_carved",0.80,4.00
"Novam Terram","nt:olivine_sandstone_face",0.80,4.00
"Novam Terram","nt:olivine_sandstone_glyph",0.80,4.00
"Novam Terram","nt:olivine_sandstone_smooth",0.80,4.00
"Novam Terram","nt:orange_sand",0.80,4.00
"Novam Terram","nt:orange_sandstone",0.80,4.00
"Novam Terram","nt:orange_sandstone_carved",0.80,4.00
"Novam Terram","nt:orange_sandstone_face",0.80,4.00
"Novam Terram","nt:orange_sandstone_glyph",0.80,4.00
"Novam Terram","nt:orange_sandstone_smooth",0.80,4.00
"Novam Terram","nt:orangeautumn_leaves",0.20,1.00
"Novam Terram","nt:orangeautumn_sapling",0.00,0.00
"Novam Terram","nt:orchard_leaves",0.20,1.00
"Novam Terram","nt:orchard_sapling",0.00,0.00
"Novam Terram","nt:paulownia_leaves",0.20,1.00
"Novam Terram","nt:paulownia_sapling",0.00,0.00
"Novam Terram","nt:pink_sand",0.80,4.00
"Novam Terram","nt:pink_sandstone",0.80,4.00
"Novam Terram","nt:pink_sandstone_carved",0.80,4.00
"Novam Terram","nt:pink_sandstone_face",0.80,4.00
"Novam Terram","nt:pink_sandstone_glyph",0.80,4.00
"Novam Terram","nt:pink_sandstone_smooth",0.80,4.00
"Novam Terram","nt:purple_sand",0.80,4.00
"Novam Terram","nt:purple_sandstone",0.80,4.00
"Novam Terram","nt:purple_sandstone_carved",0.80,4.00
"Novam Terram","nt:purple_sandstone_face",0.80,4.00
"Novam Terram","nt:purple_sandstone_glyph",0.80,4.00
"Novam Terram","nt:purple_sandstone_smooth",0.80,4.00
"Novam Terram","nt:red_podzol",0.80,4.00
"Novam Terram","nt:redautumn_leaves",0.20,1.00
"Novam Terram","nt:redautumn_sapling",0.00,0.00
"Novam Terram","nt:sapling_poplar",0.00,0.00
"Novam Terram","nt:sapling_tallspruce",0.00,0.00
"Novam Terram","nt:shrub_sapling_acacia",0.00,0.00
"Novam Terram","nt:shrub_sapling_birch",0.00,0.00
"Novam Terram","nt:shrub_sapling_bluespruce",0.00,0.00
"Novam Terram","nt:shrub_sapling_cherrypink",0.00,0.00
"Novam Terram","nt:shrub_sapling_cherrypurple",0.00,0.00
"Novam Terram","nt:shrub_sapling_cherrywhite",0.00,0.00
"Novam Terram","nt:shrub_sapling_coniferorange",0.00,0.00
"Novam Terram","nt:shrub_sapling_coniferyellow",0.00,0.00
"Novam Terram","nt:shrub_sapling_darkoak",0.00,0.00
"Novam Terram","nt:shrub_sapling_jacaranda",0.00,0.00
"Novam Terram","nt:shrub_sapling_jungle",0.00,0.00
"Novam Terram","nt:shrub_sapling_maple",0.00,0.00
"Novam Terram","nt:shrub_sapling_oak",0.00,0.00
"Novam Terram","nt:shrub_sapling_redoak",0.00,0.00
"Novam Terram","nt:shrub_sapling_redspruce",0.00,0.00
"Novam Terram","nt:shrub_sapling_spruce",0.00,0.00
"Novam Terram","nt:spruce_leaves_blue",0.20,1.00
"Novam Terram","nt:spruce_leaves_red",0.20,1.00
"Novam Terram","nt:spruce_sapling_blue",0.00,0.00
"Novam Terram","nt:spruce_sapling_red",0.00,0.00
"Novam Terram","nt:white_sand",0.80,4.00
"Novam Terram","nt:white_sandstone",0.80,4.00
"Novam Terram","nt:white_sandstone_carved",0.80,4.00
"Novam Terram","nt:white_sandstone_face",0.80,4.00
"Novam Terram","nt:white_sandstone_glyph",0.80,4.00
"Novam Terram","nt:white_sandstone_smooth",0.80,4.00
"Novam Terram","nt:whitemyrtle_leaves",0.20,1.00
"Novam Terram","nt:whitemyrtle_sapling",0.00,0.00
"Novam Terram","nt:yellowautumn_leaves",0.20,1.00
"Novam Terram","nt:yellowautumn_sapling",0.00,0.00
"Oceanic Expanse","oe:blue_coral",0.00,0.00
"Oceanic Expanse","oe:blue_coral_block",1.50,19.50
"Oceanic Expanse","oe:blue_coral_block_dead",1.50,19.50
"Oceanic Expanse","oe:blue_coral_dead",0.00,0.00
"Oceanic Expanse","oe:blue_coral_fan",0.00,0.00
"Oceanic Expanse","oe:blue_coral_fan_dead",0.00,0.00
"Oceanic Expanse","oe:blue_ice",2.80,8.40
"Oceanic Expanse","oe:blue_slime_block",0.00,0.00
"Oceanic Expanse","oe:coconut",0.50,7.50
"Oceanic Expanse","oe:conduit",3.00,15.00
"Oceanic Expanse","oe:coquina",0.50,45.00
"Oceanic Expanse","oe:coquina_brick",0.50,45.00
"Oceanic Expanse","oe:coquina_brick_slab",0.50,45.00
"Oceanic Expanse","oe:coquina_brick_slab_double",0.50,45.00
"Oceanic Expanse","oe:coquina_brick_stairs",0.50,45.00
"Oceanic Expanse","oe:coquina_brick_wall",0.50,45.00
"Oceanic Expanse","oe:dried_dulse_block",0.50,7.50
"Oceanic Expanse","oe:dried_kelp_block",0.50,7.50
"Oceanic Expanse","oe:dulse",0.00,0.00
"Oceanic Expanse","oe:guardian_spike",0.00,0.00
"Oceanic Expanse","oe:kelp",0.00,0.00
"Oceanic Expanse","oe:nacre_block",0.80,2.40
"Oceanic Expanse","oe:nacre_smooth",0.80,2.40
"Oceanic Expanse","oe:palm_door",2.00,15.00
"Oceanic Expanse","oe:palm_fence",2.00,15.00
"Oceanic Expanse","oe:palm_fence_gate",2.00,15.00
"Oceanic Expanse","oe:palm_leaves",0.20,1.00
"Oceanic Expanse","oe:palm_leaves_flowering",0.20,1.00
"Oceanic Expanse","oe:palm_log",2.00,10.00
"Oceanic Expanse","oe:palm_log_stripped",2.00,10.00
"Oceanic Expanse","oe:palm_planks",2.00,15.00
"Oceanic Expanse","oe:palm_sapling",0.00,0.00
"Oceanic Expanse","oe:palm_slab",2.00,15.00
"Oceanic Expanse","oe:palm_slab_double",2.00,15.00
"Oceanic Expanse","oe:palm_stairs",2.00,15.00
"Oceanic Expanse","oe:palm_wood",2.00,10.00
"Oceanic Expanse","oe:palm_wood_stripped",2.00,10.00
"Oceanic Expanse","oe:pickled_head",1.00,5.00
"Oceanic Expanse","oe:pink_coral",0.00,0.00
"Oceanic Expanse","oe:pink_coral_block",1.50,19.50
"Oceanic Expanse","oe:pink_coral_block_dead",1.50,19.50
"Oceanic Expanse","oe:pink_coral_dead",0.00,0.00
"Oceanic Expanse","oe:pink_coral_fan",0.00,0.00
"Oceanic Expanse","oe:pink_coral_fan_dead",0.00,0.00
"Oceanic Expanse","oe:prismarine_pot",2.50,7.50
"Oceanic Expanse","oe:purple_coral",0.00,0.00
"Oceanic Expanse","oe:purple_coral_block",1.50,19.50
"Oceanic Expanse","oe:purple_coral_block_dead",1.50,19.50
"Oceanic Expanse","oe:purple_coral_dead",0.00,0.00
"Oceanic Expanse","oe:purple_coral_fan",0.00,0.00
"Oceanic Expanse","oe:purple_coral_fan_dead",0.00,0.00
"Oceanic Expanse","oe:red_coral",0.00,0.00
"Oceanic Expanse","oe:red_coral_block",1.50,19.50
"Oceanic Expanse","oe:red_coral_block_dead",1.50,19.50
"Oceanic Expanse","oe:red_coral_dead",0.00,0.00
"Oceanic Expanse","oe:red_coral_fan",0.00,0.00
"Oceanic Expanse","oe:red_coral_fan_dead",0.00,0.00
"Oceanic Expanse","oe:sea_oats",0.00,0.00
"Oceanic Expanse","oe:sea_pickle",0.10,30.00
"Oceanic Expanse","oe:seagrass",0.00,0.00
"Oceanic Expanse","oe:seastar",0.00,0.00
"Oceanic Expanse","oe:shell_sand",0.50,1.50
"Oceanic Expanse","oe:stagnant",3.00,15.00
"Oceanic Expanse","oe:tube_sponge",0.00,0.00
"Oceanic Expanse","oe:turtle_egg",0.50,1.50
"Oceanic Expanse","oe:underwater_tnt",0.00,0.00
"Oceanic Expanse","oe:underwater_torch",0.00,0.00
"Oceanic Expanse","oe:yellow_coral",0.00,0.00
"Oceanic Expanse","oe:yellow_coral_block",1.50,19.50
"Oceanic Expanse","oe:yellow_coral_block_dead",1.50,19.50
"Oceanic Expanse","oe:yellow_coral_dead",0.00,0.00
"Oceanic Expanse","oe:yellow_coral_fan",0.00,0.00
"Oceanic Expanse","oe:yellow_coral_fan_dead",0.00,0.00
"Pirates Mod","pirates:barrel",0.00,0.00
"Pirates Mod","pirates:boat_sling",1.00,3.00
"Pirates Mod","pirates:cannon",1.00,3.00
"Pirates Mod","pirates:cannonball",3.00,15.00
"Pirates Mod","pirates:capstan",2.00,10.00
"Pirates Mod","pirates:cell",1.00,3.00
"Pirates Mod","pirates:cleat",1.50,7.50
"Pirates Mod","pirates:forge",3.00,15.00
"Pirates Mod","pirates:ghastly_bell",1.00,5.00
"Pirates Mod","pirates:ghastly_log",2.50,12.50
"Pirates Mod","pirates:ghastly_planks",1.50,3.00
"Pirates Mod","pirates:ghastly_rail",1.50,3.00
"Pirates Mod","pirates:ghastly_stairs",1.50,12.50
"Pirates Mod","pirates:jib_sheet",1.50,7.50
"Pirates Mod","pirates:light_te",0.00,0.00
"Pirates Mod","pirates:liquor_rack",0.00,0.00
"Pirates Mod","pirates:pirate_chest",3.00,15.00
"Pirates Mod","pirates:rail",1.50,3.00
"Pirates Mod","pirates:ratlines",0.50,1.50
"Pirates Mod","pirates:ship_bell",1.00,5.00
"Pirates Mod","pirates:ship_wheel",0.00,0.00
"Pirates Mod","pirates:square_sail",2.00,10.00
"Project: Vibrant Journeys","pvj:acacia_twigs",0.10,0.50
"Project: Vibrant Journeys","pvj:adobe",2.00,15.00
"Project: Vibrant Journeys","pvj:adobe_brick",2.00,15.00
"Project: Vibrant Journeys","pvj:adobe_brick_double_slab",2.00,30.00
"Project: Vibrant Journeys","pvj:adobe_brick_slab",2.00,30.00
"Project: Vibrant Journeys","pvj:adobe_brick_stairs",2.00,15.00
"Project: Vibrant Journeys","pvj:adobe_double_slab",2.00,30.00
"Project: Vibrant Journeys","pvj:adobe_slab",2.00,30.00
"Project: Vibrant Journeys","pvj:adobe_stairs",2.00,15.00
"Project: Vibrant Journeys","pvj:andesite_rocks",0.10,0.50
"Project: Vibrant Journeys","pvj:aspen_button",0.50,2.50
"Project: Vibrant Journeys","pvj:aspen_door",3.00,15.00
"Project: Vibrant Journeys","pvj:aspen_double_slab",2.00,15.00
"Project: Vibrant Journeys","pvj:aspen_fence",2.00,15.00
"Project: Vibrant Journeys","pvj:aspen_fence_gate",2.00,15.00
"Project: Vibrant Journeys","pvj:aspen_pressure_plate",0.50,2.50
"Project: Vibrant Journeys","pvj:aspen_slab",2.00,15.00
"Project: Vibrant Journeys","pvj:aspen_stairs",2.00,15.00
"Project: Vibrant Journeys","pvj:aspen_trapdoor",3.00,15.00
"Project: Vibrant Journeys","pvj:aspen_twigs",0.10,0.50
"Project: Vibrant Journeys","pvj:bamboo_bop_twigs",0.10,0.50
"Project: Vibrant Journeys","pvj:baobab_button",0.50,2.50
"Project: Vibrant Journeys","pvj:baobab_door",3.00,15.00
"Project: Vibrant Journeys","pvj:baobab_double_slab",2.00,15.00
"Project: Vibrant Journeys","pvj:baobab_fence",2.00,15.00
"Project: Vibrant Journeys","pvj:baobab_fence_gate",2.00,15.00
"Project: Vibrant Journeys","pvj:baobab_pressure_plate",0.50,2.50
"Project: Vibrant Journeys","pvj:baobab_slab",2.00,15.00
"Project: Vibrant Journeys","pvj:baobab_stairs",2.00,15.00
"Project: Vibrant Journeys","pvj:baobab_trapdoor",3.00,15.00
"Project: Vibrant Journeys","pvj:baobab_twigs",0.10,0.50
"Project: Vibrant Journeys","pvj:basalt",2.00,30.00
"Project: Vibrant Journeys","pvj:basalt_brick",2.00,30.00
"Project: Vibrant Journeys","pvj:basalt_brick_double_slab",2.00,30.00
"Project: Vibrant Journeys","pvj:basalt_brick_slab",2.00,30.00
"Project: Vibrant Journeys","pvj:basalt_brick_stairs",2.00,30.00
"Project: Vibrant Journeys","pvj:basalt_double_slab",2.00,30.00
"Project: Vibrant Journeys","pvj:basalt_slab",2.00,30.00
"Project: Vibrant Journeys","pvj:basalt_stairs",2.00,30.00
"Project: Vibrant Journeys","pvj:beach_grass",0.00,0.00
"Project: Vibrant Journeys","pvj:birch_twigs",0.10,0.50
"Project: Vibrant Journeys","pvj:bloodnettle",0.00,0.00
"Project: Vibrant Journeys","pvj:bones",0.10,0.50
"Project: Vibrant Journeys","pvj:bracket_fungus",0.00,0.00
"Project: Vibrant Journeys","pvj:brown_autumn_traverse_twigs",0.10,0.50
"Project: Vibrant Journeys","pvj:cattail",0.00,0.00
"Project: Vibrant Journeys","pvj:cherry_blossom_button",0.50,2.50
"Project: Vibrant Journeys","pvj:cherry_blossom_door",3.00,15.00
"Project: Vibrant Journeys","pvj:cherry_blossom_double_slab",2.00,15.00
"Project: Vibrant Journeys","pvj:cherry_blossom_fence",2.00,15.00
"Project: Vibrant Journeys","pvj:cherry_blossom_fence_gate",2.00,15.00
"Project: Vibrant Journeys","pvj:cherry_blossom_pressure_plate",0.50,2.50
"Project: Vibrant Journeys","pvj:cherry_blossom_slab",2.00,15.00
"Project: Vibrant Journeys","pvj:cherry_blossom_stairs",2.00,15.00
"Project: Vibrant Journeys","pvj:cherry_blossom_trapdoor",3.00,15.00
"Project: Vibrant Journeys","pvj:chickweed",0.00,0.00
"Project: Vibrant Journeys","pvj:clovers",0.00,0.00
"Project: Vibrant Journeys","pvj:cobblestone_brick",2.00,30.00
"Project: Vibrant Journeys","pvj:cobblestone_brick_double_slab",2.00,30.00
"Project: Vibrant Journeys","pvj:cobblestone_brick_slab",2.00,30.00
"Project: Vibrant Journeys","pvj:cobblestone_brick_stairs",2.00,30.00
"Project: Vibrant Journeys","pvj:cobblestone_brick_wall",2.00,30.00
"Project: Vibrant Journeys","pvj:cobblestone_rocks",0.10,0.50
"Project: Vibrant Journeys","pvj:coconut",0.40,21.00
"Project: Vibrant Journeys","pvj:cottonwood_button",0.50,2.50
"Project: Vibrant Journeys","pvj:cottonwood_door",3.00,15.00
"Project: Vibrant Journeys","pvj:cottonwood_double_slab",2.00,15.00
"Project: Vibrant Journeys","pvj:cottonwood_fence",2.00,15.00
"Project: Vibrant Journeys","pvj:cottonwood_fence_gate",2.00,15.00
"Project: Vibrant Journeys","pvj:cottonwood_pressure_plate",0.50,2.50
"Project: Vibrant Journeys","pvj:cottonwood_slab",2.00,15.00
"Project: Vibrant Journeys","pvj:cottonwood_stairs",2.00,15.00
"Project: Vibrant Journeys","pvj:cottonwood_trapdoor",3.00,15.00
"Project: Vibrant Journeys","pvj:cottonwood_twigs",0.10,0.50
"Project: Vibrant Journeys","pvj:crabgrass",0.00,0.00
"Project: Vibrant Journeys","pvj:cracked_sand",0.85,4.25
"Project: Vibrant Journeys","pvj:dark_oak_twigs",0.10,0.50
"Project: Vibrant Journeys","pvj:dead_bop_twigs",0.10,0.50
"Project: Vibrant Journeys","pvj:deathcap",0.00,0.00
"Project: Vibrant Journeys","pvj:diorite_rocks",0.10,0.50
"Project: Vibrant Journeys","pvj:duckweed",0.00,0.00
"Project: Vibrant Journeys","pvj:ebony_bop_twigs",0.10,0.50
"Project: Vibrant Journeys","pvj:ethereal_bop_twigs",0.10,0.50
"Project: Vibrant Journeys","pvj:eucalyptus_bop_twigs",0.10,0.50
"Project: Vibrant Journeys","pvj:fallenleaves_acacia",0.10,0.50
"Project: Vibrant Journeys","pvj:fallenleaves_aspen",0.10,0.50
"Project: Vibrant Journeys","pvj:fallenleaves_baobab",0.10,0.50
"Project: Vibrant Journeys","pvj:fallenleaves_birch",0.10,0.50
"Project: Vibrant Journeys","pvj:fallenleaves_bop_bamboo",0.10,0.50
"Project: Vibrant Journeys","pvj:fallenleaves_bop_dead",0.10,0.50
"Project: Vibrant Journeys","pvj:fallenleaves_bop_ebony",0.10,0.50
"Project: Vibrant Journeys","pvj:fallenleaves_bop_ethereal",0.10,0.50
"Project: Vibrant Journeys","pvj:fallenleaves_bop_eucalyptus",0.10,0.50
"Project: Vibrant Journeys","pvj:fallenleaves_bop_fir",0.10,0.50
"Project: Vibrant Journeys","pvj:fallenleaves_bop_flowering",0.10,0.50
"Project: Vibrant Journeys","pvj:fallenleaves_bop_hellbark",0.10,0.50
"Project: Vibrant Journeys","pvj:fallenleaves_bop_jacaranda",0.10,0.50
"Project: Vibrant Journeys","pvj:fallenleaves_bop_magic",0.10,0.50
"Project: Vibrant Journeys","pvj:fallenleaves_bop_mahogany",0.10,0.50
"Project: Vibrant Journeys","pvj:fallenleaves_bop_mangrove",0.10,0.50
"Project: Vibrant Journeys","pvj:fallenleaves_bop_maple",0.10,0.50
"Project: Vibrant Journeys","pvj:fallenleaves_bop_orange_autumn",0.10,0.50
"Project: Vibrant Journeys","pvj:fallenleaves_bop_origin",0.10,0.50
"Project: Vibrant Journeys","pvj:fallenleaves_bop_palm",0.10,0.50
"Project: Vibrant Journeys","pvj:fallenleaves_bop_pine",0.10,0.50
"Project: Vibrant Journeys","pvj:fallenleaves_bop_pink_cherry",0.10,0.50
"Project: Vibrant Journeys","pvj:fallenleaves_bop_red_big_flower",0.10,0.50
"Project: Vibrant Journeys","pvj:fallenleaves_bop_redwood",0.10,0.50
"Project: Vibrant Journeys","pvj:fallenleaves_bop_sacred_oak",0.10,0.50
"Project: Vibrant Journeys","pvj:fallenleaves_bop_umbran",0.10,0.50
"Project: Vibrant Journeys","pvj:fallenleaves_bop_white_cherry",0.10,0.50
"Project: Vibrant Journeys","pvj:fallenleaves_bop_willow",0.10,0.50
"Project: Vibrant Journeys","pvj:fallenleaves_bop_yellow_autumn",0.10,0.50
"Project: Vibrant Journeys","pvj:fallenleaves_bop_yellow_big_flower",0.10,0.50
"Project: Vibrant Journeys","pvj:fallenleaves_cottonwood",0.10,0.50
"Project: Vibrant Journeys","pvj:fallenleaves_darkoak",0.10,0.50
"Project: Vibrant Journeys","pvj:fallenleaves_dead",0.10,0.50
"Project: Vibrant Journeys","pvj:fallenleaves_fir",0.10,0.50
"Project: Vibrant Journeys","pvj:fallenleaves_jacaranda",0.10,0.50
"Project: Vibrant Journeys","pvj:fallenleaves_jungle",0.10,0.50
"Project: Vibrant Journeys","pvj:fallenleaves_juniper",0.10,0.50
"Project: Vibrant Journeys","pvj:fallenleaves_juniper_berried",0.10,0.50
"Project: Vibrant Journeys","pvj:fallenleaves_mangrove",0.10,0.50
"Project: Vibrant Journeys","pvj:fallenleaves_oak",0.10,0.50
"Project: Vibrant Journeys","pvj:fallenleaves_orange_maple",0.10,0.50
"Project: Vibrant Journeys","pvj:fallenleaves_palm",0.10,0.50
"Project: Vibrant Journeys","pvj:fallenleaves_pine",0.10,0.50
"Project: Vibrant Journeys","pvj:fallenleaves_pink_cherry_blossom",0.10,0.50
"Project: Vibrant Journeys","pvj:fallenleaves_red_maple",0.10,0.50
"Project: Vibrant Journeys","pvj:fallenleaves_redwood",0.10,0.50
"Project: Vibrant Journeys","pvj:fallenleaves_spruce",0.10,0.50
"Project: Vibrant Journeys","pvj:fallenleaves_traverse_brown_autumn",0.10,0.50
"Project: Vibrant Journeys","pvj:fallenleaves_traverse_fir",0.10,0.50
"Project: Vibrant Journeys","pvj:fallenleaves_traverse_orange_autumn",0.10,0.50
"Project: Vibrant Journeys","pvj:fallenleaves_traverse_red_autumn",0.10,0.50
"Project: Vibrant Journeys","pvj:fallenleaves_traverse_yellow_autumn",0.10,0.50
"Project: Vibrant Journeys","pvj:fallenleaves_white_cherry_blossom",0.10,0.50
"Project: Vibrant Journeys","pvj:fallenleaves_willow",0.10,0.50
"Project: Vibrant Journeys","pvj:fir_bop_twigs",0.10,0.50
"Project: Vibrant Journeys","pvj:fir_button",0.50,2.50
"Project: Vibrant Journeys","pvj:fir_door",3.00,15.00
"Project: Vibrant Journeys","pvj:fir_double_slab",2.00,15.00
"Project: Vibrant Journeys","pvj:fir_fence",2.00,15.00
"Project: Vibrant Journeys","pvj:fir_fence_gate",2.00,15.00
"Project: Vibrant Journeys","pvj:fir_pressure_plate",0.50,2.50
"Project: Vibrant Journeys","pvj:fir_slab",2.00,15.00
"Project: Vibrant Journeys","pvj:fir_stairs",2.00,15.00
"Project: Vibrant Journeys","pvj:fir_trapdoor",3.00,15.00
"Project: Vibrant Journeys","pvj:fir_traverse_twigs",0.10,0.50
"Project: Vibrant Journeys","pvj:fir_twigs",0.10,0.50
"Project: Vibrant Journeys","pvj:flouropore",0.00,0.00
"Project: Vibrant Journeys","pvj:flower_patch",0.10,0.50
"Project: Vibrant Journeys","pvj:flowering_bop_twigs",0.10,0.50
"Project: Vibrant Journeys","pvj:frogbit",0.00,0.00
"Project: Vibrant Journeys","pvj:frost_lotus",0.00,0.00
"Project: Vibrant Journeys","pvj:glowcap",0.00,0.00
"Project: Vibrant Journeys","pvj:granite_rocks",0.10,0.50
"Project: Vibrant Journeys","pvj:hellbark_bop_twigs",0.10,0.50
"Project: Vibrant Journeys","pvj:ice_formation",0.85,0.30
"Project: Vibrant Journeys","pvj:jacaranda_bop_twigs",0.10,0.50
"Project: Vibrant Journeys","pvj:jacaranda_button",0.50,2.50
"Project: Vibrant Journeys","pvj:jacaranda_door",3.00,15.00
"Project: Vibrant Journeys","pvj:jacaranda_double_slab",2.00,15.00
"Project: Vibrant Journeys","pvj:jacaranda_fence",2.00,15.00
"Project: Vibrant Journeys","pvj:jacaranda_fence_gate",2.00,15.00
"Project: Vibrant Journeys","pvj:jacaranda_pressure_plate",0.50,2.50
"Project: Vibrant Journeys","pvj:jacaranda_slab",2.00,15.00
"Project: Vibrant Journeys","pvj:jacaranda_stairs",2.00,15.00
"Project: Vibrant Journeys","pvj:jacaranda_trapdoor",3.00,15.00
"Project: Vibrant Journeys","pvj:jacaranda_twigs",0.10,0.50
"Project: Vibrant Journeys","pvj:jungle_twigs",0.10,0.50
"Project: Vibrant Journeys","pvj:juniper_berried_twigs",0.10,0.50
"Project: Vibrant Journeys","pvj:juniper_button",0.50,2.50
"Project: Vibrant Journeys","pvj:juniper_door",3.00,15.00
"Project: Vibrant Journeys","pvj:juniper_double_slab",2.00,15.00
"Project: Vibrant Journeys","pvj:juniper_fence",2.00,15.00
"Project: Vibrant Journeys","pvj:juniper_fence_gate",2.00,15.00
"Project: Vibrant Journeys","pvj:juniper_pressure_plate",0.50,2.50
"Project: Vibrant Journeys","pvj:juniper_slab",2.00,15.00
"Project: Vibrant Journeys","pvj:juniper_stairs",2.00,15.00
"Project: Vibrant Journeys","pvj:juniper_trapdoor",3.00,15.00
"Project: Vibrant Journeys","pvj:juniper_twigs",0.10,0.50
"Project: Vibrant Journeys","pvj:leaves_aspen",0.20,1.00
"Project: Vibrant Journeys","pvj:leaves_baobab",0.20,1.00
"Project: Vibrant Journeys","pvj:leaves_cottonwood",0.20,1.00
"Project: Vibrant Journeys","pvj:leaves_fir",0.20,1.00
"Project: Vibrant Journeys","pvj:leaves_jacaranda",0.20,1.00
"Project: Vibrant Journeys","pvj:leaves_juniper",0.20,1.00
"Project: Vibrant Journeys","pvj:leaves_juniper_berried",0.20,1.00
"Project: Vibrant Journeys","pvj:leaves_mangrove",0.20,1.00
"Project: Vibrant Journeys","pvj:leaves_orange_maple",0.20,1.00
"Project: Vibrant Journeys","pvj:leaves_palm",0.20,1.00
"Project: Vibrant Journeys","pvj:leaves_pine",0.20,1.00
"Project: Vibrant Journeys","pvj:leaves_pink_cherry_blossom",0.20,1.00
"Project: Vibrant Journeys","pvj:leaves_red_maple",0.20,1.00
"Project: Vibrant Journeys","pvj:leaves_redwood",0.20,1.00
"Project: Vibrant Journeys","pvj:leaves_white_cherry_blossom",0.20,1.00
"Project: Vibrant Journeys","pvj:leaves_willow",0.20,1.00
"Project: Vibrant Journeys","pvj:limestone",1.90,18.00
"Project: Vibrant Journeys","pvj:limestone_double_slab",2.00,30.00
"Project: Vibrant Journeys","pvj:limestone_slab",2.00,30.00
"Project: Vibrant Journeys","pvj:limestone_stairs",1.90,18.00
"Project: Vibrant Journeys","pvj:log_aspen",2.00,10.00
"Project: Vibrant Journeys","pvj:log_baobab",2.00,10.00
"Project: Vibrant Journeys","pvj:log_cherry_blossom",2.00,10.00
"Project: Vibrant Journeys","pvj:log_cottonwood",2.00,10.00
"Project: Vibrant Journeys","pvj:log_fir",2.00,10.00
"Project: Vibrant Journeys","pvj:log_jacaranda",2.00,10.00
"Project: Vibrant Journeys","pvj:log_juniper",2.00,10.00
"Project: Vibrant Journeys","pvj:log_mangrove",2.00,10.00
"Project: Vibrant Journeys","pvj:log_maple",2.00,10.00
"Project: Vibrant Journeys","pvj:log_palm",2.00,10.00
"Project: Vibrant Journeys","pvj:log_pine",2.00,10.00
"Project: Vibrant Journeys","pvj:log_redwood",2.00,10.00
"Project: Vibrant Journeys","pvj:log_willow",2.00,10.00
"Project: Vibrant Journeys","pvj:magic_bop_twigs",0.10,0.50
"Project: Vibrant Journeys","pvj:mahogany_bop_twigs",0.10,0.50
"Project: Vibrant Journeys","pvj:mangrove_bop_twigs",0.10,0.50
"Project: Vibrant Journeys","pvj:mangrove_button",0.50,2.50
"Project: Vibrant Journeys","pvj:mangrove_door",3.00,15.00
"Project: Vibrant Journeys","pvj:mangrove_double_slab",2.00,15.00
"Project: Vibrant Journeys","pvj:mangrove_fence",2.00,15.00
"Project: Vibrant Journeys","pvj:mangrove_fence_gate",2.00,15.00
"Project: Vibrant Journeys","pvj:mangrove_pressure_plate",0.50,2.50
"Project: Vibrant Journeys","pvj:mangrove_slab",2.00,15.00
"Project: Vibrant Journeys","pvj:mangrove_stairs",2.00,15.00
"Project: Vibrant Journeys","pvj:mangrove_trapdoor",3.00,15.00
"Project: Vibrant Journeys","pvj:mangrove_twigs",0.10,0.50
"Project: Vibrant Journeys","pvj:maple_bop_twigs",0.10,0.50
"Project: Vibrant Journeys","pvj:maple_button",0.50,2.50
"Project: Vibrant Journeys","pvj:maple_door",3.00,15.00
"Project: Vibrant Journeys","pvj:maple_double_slab",2.00,15.00
"Project: Vibrant Journeys","pvj:maple_fence",2.00,15.00
"Project: Vibrant Journeys","pvj:maple_fence_gate",2.00,15.00
"Project: Vibrant Journeys","pvj:maple_pressure_plate",0.50,2.50
"Project: Vibrant Journeys","pvj:maple_slab",2.00,15.00
"Project: Vibrant Journeys","pvj:maple_stairs",2.00,15.00
"Project: Vibrant Journeys","pvj:maple_trapdoor",3.00,15.00
"Project: Vibrant Journeys","pvj:marble",2.00,24.00
"Project: Vibrant Journeys","pvj:marble_brick",2.00,24.00
"Project: Vibrant Journeys","pvj:marble_brick_double_slab",2.00,30.00
"Project: Vibrant Journeys","pvj:marble_brick_slab",2.00,30.00
"Project: Vibrant Journeys","pvj:marble_brick_stairs",2.00,24.00
"Project: Vibrant Journeys","pvj:marble_double_slab",2.00,30.00
"Project: Vibrant Journeys","pvj:marble_slab",2.00,30.00
"Project: Vibrant Journeys","pvj:marble_stairs",2.00,24.00
"Project: Vibrant Journeys","pvj:mossy_cobblestone_rocks",0.10,0.50
"Project: Vibrant Journeys","pvj:mud",0.60,3.00
"Project: Vibrant Journeys","pvj:mystical_grill",5.00,30.00
"Project: Vibrant Journeys","pvj:oak_twigs",0.10,0.50
"Project: Vibrant Journeys","pvj:orange_autumn_bop_twigs",0.10,0.50
"Project: Vibrant Journeys","pvj:orange_autumn_traverse_twigs",0.10,0.50
"Project: Vibrant Journeys","pvj:orange_maple_twigs",0.10,0.50
"Project: Vibrant Journeys","pvj:orange_mushroom",0.00,0.00
"Project: Vibrant Journeys","pvj:origin_bop_twigs",0.10,0.50
"Project: Vibrant Journeys","pvj:palm_bop_twigs",0.10,0.50
"Project: Vibrant Journeys","pvj:palm_button",0.50,2.50
"Project: Vibrant Journeys","pvj:palm_door",3.00,15.00
"Project: Vibrant Journeys","pvj:palm_double_slab",2.00,15.00
"Project: Vibrant Journeys","pvj:palm_fence",2.00,15.00
"Project: Vibrant Journeys","pvj:palm_fence_gate",2.00,15.00
"Project: Vibrant Journeys","pvj:palm_pressure_plate",0.50,2.50
"Project: Vibrant Journeys","pvj:palm_slab",2.00,15.00
"Project: Vibrant Journeys","pvj:palm_stairs",2.00,15.00
"Project: Vibrant Journeys","pvj:palm_trapdoor",3.00,15.00
"Project: Vibrant Journeys","pvj:palm_twigs",0.10,0.50
"Project: Vibrant Journeys","pvj:pine_bop_twigs",0.10,0.50
"Project: Vibrant Journeys","pvj:pine_button",0.50,2.50
"Project: Vibrant Journeys","pvj:pine_door",3.00,15.00
"Project: Vibrant Journeys","pvj:pine_double_slab",2.00,15.00
"Project: Vibrant Journeys","pvj:pine_fence",2.00,15.00
"Project: Vibrant Journeys","pvj:pine_fence_gate",2.00,15.00
"Project: Vibrant Journeys","pvj:pine_pressure_plate",0.50,2.50
"Project: Vibrant Journeys","pvj:pine_slab",2.00,15.00
"Project: Vibrant Journeys","pvj:pine_stairs",2.00,15.00
"Project: Vibrant Journeys","pvj:pine_trapdoor",3.00,15.00
"Project: Vibrant Journeys","pvj:pine_twigs",0.10,0.50
"Project: Vibrant Journeys","pvj:pinecones",0.10,0.50
"Project: Vibrant Journeys","pvj:pink_cherry_blossom_twigs",0.10,0.50
"Project: Vibrant Journeys","pvj:pink_cherry_bop_twigs",0.10,0.50
"Project: Vibrant Journeys","pvj:planks_aspen",2.00,15.00
"Project: Vibrant Journeys","pvj:planks_baobab",2.00,15.00
"Project: Vibrant Journeys","pvj:planks_cherry_blossom",2.00,15.00
"Project: Vibrant Journeys","pvj:planks_cottonwood",2.00,15.00
"Project: Vibrant Journeys","pvj:planks_fir",2.00,15.00
"Project: Vibrant Journeys","pvj:planks_jacaranda",2.00,15.00
"Project: Vibrant Journeys","pvj:planks_juniper",2.00,15.00
"Project: Vibrant Journeys","pvj:planks_mangrove",2.00,15.00
"Project: Vibrant Journeys","pvj:planks_maple",2.00,15.00
"Project: Vibrant Journeys","pvj:planks_palm",2.00,15.00
"Project: Vibrant Journeys","pvj:planks_pine",2.00,15.00
"Project: Vibrant Journeys","pvj:planks_redwood",2.00,15.00
"Project: Vibrant Journeys","pvj:planks_willow",2.00,15.00
"Project: Vibrant Journeys","pvj:pvj_cobweb",0.10,0.50
"Project: Vibrant Journeys","pvj:red_autumn_traverse_twigs",0.10,0.50
"Project: Vibrant Journeys","pvj:red_big_flower_bop_twigs",0.10,0.50
"Project: Vibrant Journeys","pvj:red_cracked_sand",0.85,4.25
"Project: Vibrant Journeys","pvj:red_maple_twigs",0.10,0.50
"Project: Vibrant Journeys","pvj:red_sandstone_rocks",0.10,0.50
"Project: Vibrant Journeys","pvj:redwood_bark",2.00,10.00
"Project: Vibrant Journeys","pvj:redwood_bop_twigs",0.10,0.50
"Project: Vibrant Journeys","pvj:redwood_button",0.50,2.50
"Project: Vibrant Journeys","pvj:redwood_door",3.00,15.00
"Project: Vibrant Journeys","pvj:redwood_double_slab",2.00,15.00
"Project: Vibrant Journeys","pvj:redwood_fence",2.00,15.00
"Project: Vibrant Journeys","pvj:redwood_fence_gate",2.00,15.00
"Project: Vibrant Journeys","pvj:redwood_pressure_plate",0.50,2.50
"Project: Vibrant Journeys","pvj:redwood_slab",2.00,15.00
"Project: Vibrant Journeys","pvj:redwood_stairs",2.00,15.00
"Project: Vibrant Journeys","pvj:redwood_trapdoor",3.00,15.00
"Project: Vibrant Journeys","pvj:redwood_twigs",0.10,0.50
"Project: Vibrant Journeys","pvj:rock_formation",0.85,0.30
"Project: Vibrant Journeys","pvj:sacred_oak_bop_twigs",0.10,0.50
"Project: Vibrant Journeys","pvj:sandstone_rocks",0.10,0.50
"Project: Vibrant Journeys","pvj:sapling_aspen",0.00,0.00
"Project: Vibrant Journeys","pvj:sapling_baobab",0.00,0.00
"Project: Vibrant Journeys","pvj:sapling_cottonwood",0.00,0.00
"Project: Vibrant Journeys","pvj:sapling_fir",0.00,0.00
"Project: Vibrant Journeys","pvj:sapling_jacaranda",0.00,0.00
"Project: Vibrant Journeys","pvj:sapling_juniper",0.00,0.00
"Project: Vibrant Journeys","pvj:sapling_juniper_berried",0.00,0.00
"Project: Vibrant Journeys","pvj:sapling_mangrove",0.00,0.00
"Project: Vibrant Journeys","pvj:sapling_orange_maple",0.00,0.00
"Project: Vibrant Journeys","pvj:sapling_palm",0.00,0.00
"Project: Vibrant Journeys","pvj:sapling_pine",0.00,0.00
"Project: Vibrant Journeys","pvj:sapling_pink_cherry_blossom",0.00,0.00
"Project: Vibrant Journeys","pvj:sapling_red_maple",0.00,0.00
"Project: Vibrant Journeys","pvj:sapling_redwood",0.00,0.00
"Project: Vibrant Journeys","pvj:sapling_white_cherry_blossom",0.00,0.00
"Project: Vibrant Journeys","pvj:sapling_willow",0.00,0.00
"Project: Vibrant Journeys","pvj:sea_oats",0.00,0.00
"Project: Vibrant Journeys","pvj:seashells",0.10,0.50
"Project: Vibrant Journeys","pvj:short_grass",0.00,0.00
"Project: Vibrant Journeys","pvj:siltstone",1.50,12.00
"Project: Vibrant Journeys","pvj:siltstone_double_slab",2.00,30.00
"Project: Vibrant Journeys","pvj:siltstone_slab",2.00,30.00
"Project: Vibrant Journeys","pvj:siltstone_stairs",1.50,12.00
"Project: Vibrant Journeys","pvj:silverleaf",0.00,0.00
"Project: Vibrant Journeys","pvj:small_cactus",0.00,0.00
"Project: Vibrant Journeys","pvj:spruce_twigs",0.10,0.50
"Project: Vibrant Journeys","pvj:stone_rocks",0.10,0.50
"Project: Vibrant Journeys","pvj:sundew",0.00,0.00
"Project: Vibrant Journeys","pvj:umbran_bop_twigs",0.10,0.50
"Project: Vibrant Journeys","pvj:void_grass",0.00,0.00
"Project: Vibrant Journeys","pvj:waxcap",0.00,0.00
"Project: Vibrant Journeys","pvj:wet_adobe",1.00,5.00
"Project: Vibrant Journeys","pvj:white_cherry_blossom_twigs",0.10,0.50
"Project: Vibrant Journeys","pvj:white_cherry_bop_twigs",0.10,0.50
"Project: Vibrant Journeys","pvj:wild_beetroot",0.00,0.00
"Project: Vibrant Journeys","pvj:wild_carrot",0.00,0.00
"Project: Vibrant Journeys","pvj:wild_potato",0.00,0.00
"Project: Vibrant Journeys","pvj:wild_wheat",0.00,0.00
"Project: Vibrant Journeys","pvj:willow_bop_twigs",0.10,0.50
"Project: Vibrant Journeys","pvj:willow_button",0.50,2.50
"Project: Vibrant Journeys","pvj:willow_door",3.00,15.00
"Project: Vibrant Journeys","pvj:willow_double_slab",2.00,15.00
"Project: Vibrant Journeys","pvj:willow_fence",2.00,15.00
"Project: Vibrant Journeys","pvj:willow_fence_gate",2.00,15.00
"Project: Vibrant Journeys","pvj:willow_pressure_plate",0.50,2.50
"Project: Vibrant Journeys","pvj:willow_slab",2.00,15.00
"Project: Vibrant Journeys","pvj:willow_stairs",2.00,15.00
"Project: Vibrant Journeys","pvj:willow_trapdoor",3.00,15.00
"Project: Vibrant Journeys","pvj:willow_twigs",0.10,0.50
"Project: Vibrant Journeys","pvj:witherweed",0.00,0.00
"Project: Vibrant Journeys","pvj:yellow_autumn_bop_twigs",0.10,0.50
"Project: Vibrant Journeys","pvj:yellow_autumn_traverse_twigs",0.10,0.50
"Project: Vibrant Journeys","pvj:yellow_big_flower_bop_twigs",0.10,0.50
"Quality Tools","qualitytools:reforging_station",5.00,6000.00
"Quark","quark:acacia_button",0.50,2.50
"Quark","quark:acacia_pressure_plate",0.50,2.50
"Quark","quark:acacia_trapdoor",3.00,15.00
"Quark","quark:andesite_speleothem",1.50,7.50
"Quark","quark:bark",2.00,10.00
"Quark","quark:bark_acacia_slab",2.00,10.00
"Quark","quark:bark_acacia_slab_double",2.00,10.00
"Quark","quark:bark_acacia_stairs",2.00,10.00
"Quark","quark:bark_acacia_wall",0.00,0.00
"Quark","quark:bark_birch_slab",2.00,10.00
"Quark","quark:bark_birch_slab_double",2.00,10.00
"Quark","quark:bark_birch_stairs",2.00,10.00
"Quark","quark:bark_birch_wall",0.00,0.00
"Quark","quark:bark_dark_oak_slab",2.00,10.00
"Quark","quark:bark_dark_oak_slab_double",2.00,10.00
"Quark","quark:bark_dark_oak_stairs",2.00,10.00
"Quark","quark:bark_dark_oak_wall",0.00,0.00
"Quark","quark:bark_jungle_slab",2.00,10.00
"Quark","quark:bark_jungle_slab_double",2.00,10.00
"Quark","quark:bark_jungle_stairs",2.00,10.00
"Quark","quark:bark_jungle_wall",0.00,0.00
"Quark","quark:bark_oak_slab",2.00,10.00
"Quark","quark:bark_oak_slab_double",2.00,10.00
"Quark","quark:bark_oak_stairs",2.00,10.00
"Quark","quark:bark_oak_wall",0.00,0.00
"Quark","quark:bark_spruce_slab",2.00,10.00
"Quark","quark:bark_spruce_slab_double",2.00,10.00
"Quark","quark:bark_spruce_stairs",2.00,10.00
"Quark","quark:bark_spruce_wall",0.00,0.00
"Quark","quark:basalt",1.50,30.00
"Quark","quark:basalt_speleothem",1.50,7.50
"Quark","quark:basalt_wall",0.00,0.00
"Quark","quark:biome_brick",1.50,30.00
"Quark","quark:biome_cobblestone",1.50,30.00
"Quark","quark:biotite_block",0.80,4.00
"Quark","quark:biotite_ore",3.20,45.00
"Quark","quark:biotite_slab",0.80,4.00
"Quark","quark:biotite_slab_double",0.80,4.00
"Quark","quark:biotite_stairs",0.80,4.00
"Quark","quark:biotite_wall",0.00,0.00
"Quark","quark:birch_button",0.50,2.50
"Quark","quark:birch_pressure_plate",0.50,2.50
"Quark","quark:birch_trapdoor",3.00,15.00
"Quark","quark:black_ash",0.00,0.00
"Quark","quark:blaze_lantern",0.30,1.50
"Quark","quark:blaze_rod",5.00,30.00
"Quark","quark:brick_wall",0.00,0.00
"Quark","quark:candle",0.20,1.00
"Quark","quark:carved_wood",2.00,15.00
"Quark","quark:charcoal_block",5.00,30.00
"Quark","quark:charred_nether_brick_slab",2.00,30.00
"Quark","quark:charred_nether_brick_slab_double",2.00,30.00
"Quark","quark:charred_nether_brick_stairs",2.00,30.00
"Quark","quark:charred_nether_bricks",2.00,30.00
"Quark","quark:chute",2.50,12.50
"Quark","quark:cobbed_stone_slab",1.50,30.00
"Quark","quark:cobbed_stone_slab_double",1.50,30.00
"Quark","quark:cobbed_stone_stairs",1.50,30.00
"Quark","quark:cobbed_stone_wall",0.00,0.00
"Quark","quark:cobblestone_mossy_slab",0.00,0.00
"Quark","quark:cobblestone_mossy_slab_double",0.00,0.00
"Quark","quark:cobblestone_mossy_stairs",2.00,30.00
"Quark","quark:color_slime",0.00,0.00
"Quark","quark:colored_flowerpot_black",0.00,0.00
"Quark","quark:colored_flowerpot_blue",0.00,0.00
"Quark","quark:colored_flowerpot_brown",0.00,0.00
"Quark","quark:colored_flowerpot_cyan",0.00,0.00
"Quark","quark:colored_flowerpot_gray",0.00,0.00
"Quark","quark:colored_flowerpot_green",0.00,0.00
"Quark","quark:colored_flowerpot_light_blue",0.00,0.00
"Quark","quark:colored_flowerpot_lime",0.00,0.00
"Quark","quark:colored_flowerpot_magenta",0.00,0.00
"Quark","quark:colored_flowerpot_orange",0.00,0.00
"Quark","quark:colored_flowerpot_pink",0.00,0.00
"Quark","quark:colored_flowerpot_purple",0.00,0.00
"Quark","quark:colored_flowerpot_red",0.00,0.00
"Quark","quark:colored_flowerpot_silver",0.00,0.00
"Quark","quark:colored_flowerpot_white",0.00,0.00
"Quark","quark:colored_flowerpot_yellow",0.00,0.00
"Quark","quark:crystal",0.30,1.50
"Quark","quark:crystal_pane",3.00,15.00
"Quark","quark:custom_bookshelf",1.50,7.50
"Quark","quark:custom_chest",2.50,12.50
"Quark","quark:custom_chest_trap",2.50,12.50
"Quark","quark:dark_oak_button",0.50,2.50
"Quark","quark:dark_oak_pressure_plate",0.50,2.50
"Quark","quark:dark_oak_trapdoor",3.00,15.00
"Quark","quark:dark_prismarine_wall",0.00,0.00
"Quark","quark:diorite_speleothem",1.50,7.50
"Quark","quark:duskbound_block",1.50,30.00
"Quark","quark:duskbound_block_slab",1.50,30.00
"Quark","quark:duskbound_block_slab_double",1.50,30.00
"Quark","quark:duskbound_block_stairs",1.50,30.00
"Quark","quark:duskbound_block_wall",0.00,0.00
"Quark","quark:duskbound_lantern",1.50,30.00
"Quark","quark:elder_prismarine",1.50,30.00
"Quark","quark:elder_prismarine_bricks_slab",1.50,30.00
"Quark","quark:elder_prismarine_bricks_slab_double",1.50,30.00
"Quark","quark:elder_prismarine_bricks_stairs",1.50,30.00
"Quark","quark:elder_prismarine_bricks_wall",0.00,0.00
"Quark","quark:elder_prismarine_dark_slab",1.50,30.00
"Quark","quark:elder_prismarine_dark_slab_double",1.50,30.00
"Quark","quark:elder_prismarine_dark_stairs",1.50,30.00
"Quark","quark:elder_prismarine_dark_wall",0.00,0.00
"Quark","quark:elder_prismarine_slab",1.50,30.00
"Quark","quark:elder_prismarine_slab_double",1.50,30.00
"Quark","quark:elder_prismarine_stairs",1.50,30.00
"Quark","quark:elder_prismarine_wall",0.00,0.00
"Quark","quark:elder_sea_lantern",0.30,1.50
"Quark","quark:end_bricks_slab",0.00,0.00
"Quark","quark:end_bricks_slab_double",0.00,0.00
"Quark","quark:end_bricks_stairs",0.80,4.00
"Quark","quark:end_bricks_wall",0.00,0.00
"Quark","quark:ender_watcher",3.00,30.00
"Quark","quark:fire_stone_brick_slab",1.50,30.00
"Quark","quark:fire_stone_brick_slab_double",1.50,30.00
"Quark","quark:fire_stone_brick_stairs",1.50,30.00
"Quark","quark:fire_stone_brick_wall",0.00,0.00
"Quark","quark:fire_stone_slab",1.50,30.00
"Quark","quark:fire_stone_slab_double",1.50,30.00
"Quark","quark:fire_stone_stairs",1.50,30.00
"Quark","quark:fire_stone_wall",0.00,0.00
"Quark","quark:framed_glass",3.00,30.00
"Quark","quark:framed_glass_pane",3.00,30.00
"Quark","quark:glowcelium",0.20,1.00
"Quark","quark:glowshroom",0.00,0.00
"Quark","quark:glowshroom_block",0.20,1.00
"Quark","quark:glowstone_dust_block",0.00,0.00
"Quark","quark:gold_button",0.50,2.50
"Quark","quark:granite_speleothem",1.50,7.50
"Quark","quark:grate",5.00,30.00
"Quark","quark:gravisand",0.50,2.50
"Quark","quark:gunpowder_block",0.00,0.00
"Quark","quark:hardened_clay_tiles",1.25,21.00
"Quark","quark:hardened_clay_tiles_slab",1.25,21.00
"Quark","quark:hardened_clay_tiles_slab_double",1.25,21.00
"Quark","quark:hardened_clay_tiles_stairs",1.25,21.00
"Quark","quark:icy_stone_brick_slab",1.50,30.00
"Quark","quark:icy_stone_brick_slab_double",1.50,30.00
"Quark","quark:icy_stone_brick_stairs",1.50,30.00
"Quark","quark:icy_stone_brick_wall",0.00,0.00
"Quark","quark:icy_stone_slab",1.50,30.00
"Quark","quark:icy_stone_slab_double",1.50,30.00
"Quark","quark:icy_stone_stairs",1.50,30.00
"Quark","quark:icy_stone_wall",0.00,0.00
"Quark","quark:iron_button",0.50,2.50
"Quark","quark:iron_ladder",0.80,4.00
"Quark","quark:iron_plate",5.00,30.00
"Quark","quark:iron_plate_slab",5.00,30.00
"Quark","quark:iron_plate_slab_double",5.00,30.00
"Quark","quark:iron_plate_stairs",5.00,30.00
"Quark","quark:iron_rod",5.00,30.00
"Quark","quark:jasper",1.50,30.00
"Quark","quark:jasper_speleothem",1.50,7.50
"Quark","quark:jasper_wall",0.00,0.00
"Quark","quark:jungle_button",0.50,2.50
"Quark","quark:jungle_pressure_plate",0.50,2.50
"Quark","quark:jungle_trapdoor",3.00,15.00
"Quark","quark:leaf_carpet",0.20,1.00
"Quark","quark:limestone",1.50,30.00
"Quark","quark:limestone_speleothem",1.50,7.50
"Quark","quark:limestone_wall",0.00,0.00
"Quark","quark:lit_lamp",0.30,1.50
"Quark","quark:magma_bricks",1.50,30.00
"Quark","quark:magma_bricks_slab",1.50,30.00
"Quark","quark:magma_bricks_slab_double",1.50,30.00
"Quark","quark:magma_bricks_stairs",1.50,30.00
"Quark","quark:marble",1.50,30.00
"Quark","quark:marble_speleothem",1.50,7.50
"Quark","quark:marble_wall",0.00,0.00
"Quark","quark:midori_block",1.50,30.00
"Quark","quark:midori_block_slab",1.50,30.00
"Quark","quark:midori_block_slab_double",1.50,30.00
"Quark","quark:midori_block_stairs",1.50,30.00
"Quark","quark:midori_block_wall",0.00,0.00
"Quark","quark:midori_pillar",1.50,30.00
"Quark","quark:monster_box",25.00,125.00
"Quark","quark:nether_brick_fence_gate",2.00,30.00
"Quark","quark:netherrack_speleothem",0.40,7.50
"Quark","quark:obsidian_pressure_plate",50.00,6000.00
"Quark","quark:paper_lantern",1.50,7.50
"Quark","quark:paper_wall",1.50,7.50
"Quark","quark:paper_wall_big",1.50,7.50
"Quark","quark:paper_wall_sakura",1.50,7.50
"Quark","quark:pipe",3.00,30.00
"Quark","quark:polished_netherrack",1.50,30.00
"Quark","quark:polished_netherrack_bricks_slab",1.50,30.00
"Quark","quark:polished_netherrack_bricks_slab_double",1.50,30.00
"Quark","quark:polished_netherrack_bricks_stairs",1.50,30.00
"Quark","quark:polished_netherrack_bricks_wall",0.00,0.00
"Quark","quark:polished_stone",1.50,30.00
"Quark","quark:prismarine_bricks_slab",0.00,0.00
"Quark","quark:prismarine_bricks_slab_double",0.00,0.00
"Quark","quark:prismarine_bricks_stairs",1.50,30.00
"Quark","quark:prismarine_bricks_wall",0.00,0.00
"Quark","quark:prismarine_dark_slab",0.00,0.00
"Quark","quark:prismarine_dark_slab_double",0.00,0.00
"Quark","quark:prismarine_dark_stairs",1.50,30.00
"Quark","quark:prismarine_rough_wall",0.00,0.00
"Quark","quark:prismarine_slab",0.00,0.00
"Quark","quark:prismarine_slab_double",0.00,0.00
"Quark","quark:prismarine_stairs",1.50,30.00
"Quark","quark:purpur_block_wall",0.00,0.00
"Quark","quark:quartz_wall",0.00,0.00
"Quark","quark:quilted_wool",0.80,4.00
"Quark","quark:rain_detector",1.50,7.50
"Quark","quark:red_nether_brick_slab",0.00,0.00
"Quark","quark:red_nether_brick_slab_double",0.00,0.00
"Quark","quark:red_nether_brick_stairs",2.00,30.00
"Quark","quark:red_sandstone_bricks_slab",0.00,0.00
"Quark","quark:red_sandstone_bricks_slab_double",0.00,0.00
"Quark","quark:red_sandstone_bricks_stairs",0.80,4.00
"Quark","quark:red_sandstone_smooth_slab",0.00,0.00
"Quark","quark:red_sandstone_smooth_slab_double",0.00,0.00
"Quark","quark:red_sandstone_wall",0.00,0.00
"Quark","quark:redstone_inductor",0.00,0.00
"Quark","quark:redstone_randomizer",0.00,0.00
"Quark","quark:reed_block",0.50,2.50
"Quark","quark:reed_block_slab",0.50,2.50
"Quark","quark:reed_block_slab_double",0.50,2.50
"Quark","quark:reed_block_stairs",0.50,2.50
"Quark","quark:reed_block_wall",0.00,0.00
"Quark","quark:roots",0.00,0.00
"Quark","quark:roots_black_flower",0.00,0.00
"Quark","quark:roots_blue_flower",0.00,0.00
"Quark","quark:roots_white_flower",0.00,0.00
"Quark","quark:rope",0.50,2.50
"Quark","quark:sandstone_bricks_slab",0.00,0.00
"Quark","quark:sandstone_bricks_slab_double",0.00,0.00
"Quark","quark:sandstone_bricks_stairs",0.80,4.00
"Quark","quark:sandstone_new",0.80,4.00
"Quark","quark:sandstone_smooth_slab",0.00,0.00
"Quark","quark:sandstone_smooth_slab_double",0.00,0.00
"Quark","quark:sandstone_wall",0.00,0.00
"Quark","quark:sandy_bricks",2.00,30.00
"Quark","quark:sandy_bricks_slab",2.00,30.00
"Quark","quark:sandy_bricks_slab_double",2.00,30.00
"Quark","quark:sandy_bricks_stairs",2.00,30.00
"Quark","quark:sandy_bricks_wall",0.00,0.00
"Quark","quark:slate",1.50,30.00
"Quark","quark:slate_speleothem",1.50,7.50
"Quark","quark:slate_wall",0.00,0.00
"Quark","quark:smoker",0.40,2.00
"Quark","quark:snow_bricks",0.20,1.00
"Quark","quark:snow_bricks_slab",0.20,1.00
"Quark","quark:snow_bricks_slab_double",0.20,1.00
"Quark","quark:snow_bricks_stairs",0.20,1.00
"Quark","quark:snow_bricks_wall",0.00,0.00
"Quark","quark:soul_sandstone",1.00,5.00
"Quark","quark:soul_sandstone_bricks_slab",0.00,0.00
"Quark","quark:soul_sandstone_bricks_slab_double",0.00,0.00
"Quark","quark:soul_sandstone_bricks_stairs",0.80,4.00
"Quark","quark:soul_sandstone_slab",1.00,5.00
"Quark","quark:soul_sandstone_slab_double",1.00,5.00
"Quark","quark:soul_sandstone_smooth_slab",0.00,0.00
"Quark","quark:soul_sandstone_smooth_slab_double",0.00,0.00
"Quark","quark:soul_sandstone_stairs",1.00,5.00
"Quark","quark:soul_sandstone_wall",0.00,0.00
"Quark","quark:spruce_button",0.50,2.50
"Quark","quark:spruce_pressure_plate",0.50,2.50
"Quark","quark:spruce_trapdoor",3.00,15.00
"Quark","quark:stained_clay_tiles",1.25,21.00
"Quark","quark:stained_clay_tiles_black_slab",1.25,21.00
"Quark","quark:stained_clay_tiles_black_slab_double",1.25,21.00
"Quark","quark:stained_clay_tiles_black_stairs",1.25,21.00
"Quark","quark:stained_clay_tiles_blue_slab",1.25,21.00
"Quark","quark:stained_clay_tiles_blue_slab_double",1.25,21.00
"Quark","quark:stained_clay_tiles_blue_stairs",1.25,21.00
"Quark","quark:stained_clay_tiles_brown_slab",1.25,21.00
"Quark","quark:stained_clay_tiles_brown_slab_double",1.25,21.00
"Quark","quark:stained_clay_tiles_brown_stairs",1.25,21.00
"Quark","quark:stained_clay_tiles_cyan_slab",1.25,21.00
"Quark","quark:stained_clay_tiles_cyan_slab_double",1.25,21.00
"Quark","quark:stained_clay_tiles_cyan_stairs",1.25,21.00
"Quark","quark:stained_clay_tiles_gray_slab",1.25,21.00
"Quark","quark:stained_clay_tiles_gray_slab_double",1.25,21.00
"Quark","quark:stained_clay_tiles_gray_stairs",1.25,21.00
"Quark","quark:stained_clay_tiles_green_slab",1.25,21.00
"Quark","quark:stained_clay_tiles_green_slab_double",1.25,21.00
"Quark","quark:stained_clay_tiles_green_stairs",1.25,21.00
"Quark","quark:stained_clay_tiles_light_blue_slab",1.25,21.00
"Quark","quark:stained_clay_tiles_light_blue_slab_double",1.25,21.00
"Quark","quark:stained_clay_tiles_light_blue_stairs",1.25,21.00
"Quark","quark:stained_clay_tiles_lime_slab",1.25,21.00
"Quark","quark:stained_clay_tiles_lime_slab_double",1.25,21.00
"Quark","quark:stained_clay_tiles_lime_stairs",1.25,21.00
"Quark","quark:stained_clay_tiles_magenta_slab",1.25,21.00
"Quark","quark:stained_clay_tiles_magenta_slab_double",1.25,21.00
"Quark","quark:stained_clay_tiles_magenta_stairs",1.25,21.00
"Quark","quark:stained_clay_tiles_orange_slab",1.25,21.00
"Quark","quark:stained_clay_tiles_orange_slab_double",1.25,21.00
"Quark","quark:stained_clay_tiles_orange_stairs",1.25,21.00
"Quark","quark:stained_clay_tiles_pink_slab",1.25,21.00
"Quark","quark:stained_clay_tiles_pink_slab_double",1.25,21.00
"Quark","quark:stained_clay_tiles_pink_stairs",1.25,21.00
"Quark","quark:stained_clay_tiles_purple_slab",1.25,21.00
"Quark","quark:stained_clay_tiles_purple_slab_double",1.25,21.00
"Quark","quark:stained_clay_tiles_purple_stairs",1.25,21.00
"Quark","quark:stained_clay_tiles_red_slab",1.25,21.00
"Quark","quark:stained_clay_tiles_red_slab_double",1.25,21.00
"Quark","quark:stained_clay_tiles_red_stairs",1.25,21.00
"Quark","quark:stained_clay_tiles_silver_slab",1.25,21.00
"Quark","quark:stained_clay_tiles_silver_slab_double",1.25,21.00
"Quark","quark:stained_clay_tiles_silver_stairs",1.25,21.00
"Quark","quark:stained_clay_tiles_white_slab",1.25,21.00
"Quark","quark:stained_clay_tiles_white_slab_double",1.25,21.00
"Quark","quark:stained_clay_tiles_white_stairs",1.25,21.00
"Quark","quark:stained_clay_tiles_yellow_slab",1.25,21.00
"Quark","quark:stained_clay_tiles_yellow_slab_double",1.25,21.00
"Quark","quark:stained_clay_tiles_yellow_stairs",1.25,21.00
"Quark","quark:stained_planks",2.00,15.00
"Quark","quark:stained_planks_black_slab",2.00,15.00
"Quark","quark:stained_planks_black_slab_double",2.00,15.00
"Quark","quark:stained_planks_black_stairs",2.00,15.00
"Quark","quark:stained_planks_blue_slab",2.00,15.00
"Quark","quark:stained_planks_blue_slab_double",2.00,15.00
"Quark","quark:stained_planks_blue_stairs",2.00,15.00
"Quark","quark:stained_planks_brown_slab",2.00,15.00
"Quark","quark:stained_planks_brown_slab_double",2.00,15.00
"Quark","quark:stained_planks_brown_stairs",2.00,15.00
"Quark","quark:stained_planks_cyan_slab",2.00,15.00
"Quark","quark:stained_planks_cyan_slab_double",2.00,15.00
"Quark","quark:stained_planks_cyan_stairs",2.00,15.00
"Quark","quark:stained_planks_gray_slab",2.00,15.00
"Quark","quark:stained_planks_gray_slab_double",2.00,15.00
"Quark","quark:stained_planks_gray_stairs",2.00,15.00
"Quark","quark:stained_planks_green_slab",2.00,15.00
"Quark","quark:stained_planks_green_slab_double",2.00,15.00
"Quark","quark:stained_planks_green_stairs",2.00,15.00
"Quark","quark:stained_planks_light_blue_slab",2.00,15.00
"Quark","quark:stained_planks_light_blue_slab_double",2.00,15.00
"Quark","quark:stained_planks_light_blue_stairs",2.00,15.00
"Quark","quark:stained_planks_lime_slab",2.00,15.00
"Quark","quark:stained_planks_lime_slab_double",2.00,15.00
"Quark","quark:stained_planks_lime_stairs",2.00,15.00
"Quark","quark:stained_planks_magenta_slab",2.00,15.00
"Quark","quark:stained_planks_magenta_slab_double",2.00,15.00
"Quark","quark:stained_planks_magenta_stairs",2.00,15.00
"Quark","quark:stained_planks_orange_slab",2.00,15.00
"Quark","quark:stained_planks_orange_slab_double",2.00,15.00
"Quark","quark:stained_planks_orange_stairs",2.00,15.00
"Quark","quark:stained_planks_pink_slab",2.00,15.00
"Quark","quark:stained_planks_pink_slab_double",2.00,15.00
"Quark","quark:stained_planks_pink_stairs",2.00,15.00
"Quark","quark:stained_planks_purple_slab",2.00,15.00
"Quark","quark:stained_planks_purple_slab_double",2.00,15.00
"Quark","quark:stained_planks_purple_stairs",2.00,15.00
"Quark","quark:stained_planks_red_slab",2.00,15.00
"Quark","quark:stained_planks_red_slab_double",2.00,15.00
"Quark","quark:stained_planks_red_stairs",2.00,15.00
"Quark","quark:stained_planks_silver_slab",2.00,15.00
"Quark","quark:stained_planks_silver_slab_double",2.00,15.00
"Quark","quark:stained_planks_silver_stairs",2.00,15.00
"Quark","quark:stained_planks_white_slab",2.00,15.00
"Quark","quark:stained_planks_white_slab_double",2.00,15.00
"Quark","quark:stained_planks_white_stairs",2.00,15.00
"Quark","quark:stained_planks_yellow_slab",2.00,15.00
"Quark","quark:stained_planks_yellow_slab_double",2.00,15.00
"Quark","quark:stained_planks_yellow_stairs",2.00,15.00
"Quark","quark:stone_andesite_bricks_slab",0.00,0.00
"Quark","quark:stone_andesite_bricks_slab_double",0.00,0.00
"Quark","quark:stone_andesite_bricks_stairs",1.50,30.00
"Quark","quark:stone_andesite_bricks_wall",0.00,0.00
"Quark","quark:stone_andesite_slab",0.00,0.00
"Quark","quark:stone_andesite_slab_double",0.00,0.00
"Quark","quark:stone_andesite_stairs",1.50,30.00
"Quark","quark:stone_andesite_wall",0.00,0.00
"Quark","quark:stone_basalt_bricks_slab",0.00,0.00
"Quark","quark:stone_basalt_bricks_slab_double",0.00,0.00
"Quark","quark:stone_basalt_bricks_stairs",1.50,30.00
"Quark","quark:stone_basalt_bricks_wall",0.00,0.00
"Quark","quark:stone_basalt_slab",1.50,30.00
"Quark","quark:stone_basalt_slab_double",1.50,30.00
"Quark","quark:stone_basalt_stairs",1.50,30.00
"Quark","quark:stone_diorite_bricks_slab",0.00,0.00
"Quark","quark:stone_diorite_bricks_slab_double",0.00,0.00
"Quark","quark:stone_diorite_bricks_stairs",1.50,30.00
"Quark","quark:stone_diorite_bricks_wall",0.00,0.00
"Quark","quark:stone_diorite_slab",0.00,0.00
"Quark","quark:stone_diorite_slab_double",0.00,0.00
"Quark","quark:stone_diorite_stairs",1.50,30.00
"Quark","quark:stone_diorite_wall",0.00,0.00
"Quark","quark:stone_granite_bricks_slab",0.00,0.00
"Quark","quark:stone_granite_bricks_slab_double",0.00,0.00
"Quark","quark:stone_granite_bricks_stairs",1.50,30.00
"Quark","quark:stone_granite_bricks_wall",0.00,0.00
"Quark","quark:stone_granite_slab",0.00,0.00
"Quark","quark:stone_granite_slab_double",0.00,0.00
"Quark","quark:stone_granite_stairs",1.50,30.00
"Quark","quark:stone_granite_wall",0.00,0.00
"Quark","quark:stone_jasper_bricks_slab",0.00,0.00
"Quark","quark:stone_jasper_bricks_slab_double",0.00,0.00
"Quark","quark:stone_jasper_bricks_stairs",1.50,30.00
"Quark","quark:stone_jasper_bricks_wall",0.00,0.00
"Quark","quark:stone_jasper_slab",1.50,30.00
"Quark","quark:stone_jasper_slab_double",1.50,30.00
"Quark","quark:stone_jasper_stairs",1.50,30.00
"Quark","quark:stone_limestone_bricks_slab",0.00,0.00
"Quark","quark:stone_limestone_bricks_slab_double",0.00,0.00
"Quark","quark:stone_limestone_bricks_stairs",1.50,30.00
"Quark","quark:stone_limestone_bricks_wall",0.00,0.00
"Quark","quark:stone_limestone_slab",1.50,30.00
"Quark","quark:stone_limestone_slab_double",1.50,30.00
"Quark","quark:stone_limestone_stairs",1.50,30.00
"Quark","quark:stone_marble_bricks_slab",0.00,0.00
"Quark","quark:stone_marble_bricks_slab_double",0.00,0.00
"Quark","quark:stone_marble_bricks_stairs",1.50,30.00
"Quark","quark:stone_marble_bricks_wall",0.00,0.00
"Quark","quark:stone_marble_slab",1.50,30.00
"Quark","quark:stone_marble_slab_double",1.50,30.00
"Quark","quark:stone_marble_stairs",1.50,30.00
"Quark","quark:stone_slate_bricks_slab",0.00,0.00
"Quark","quark:stone_slate_bricks_slab_double",0.00,0.00
"Quark","quark:stone_slate_bricks_stairs",1.50,30.00
"Quark","quark:stone_slate_bricks_wall",0.00,0.00
"Quark","quark:stone_slate_slab",1.50,30.00
"Quark","quark:stone_slate_slab_double",1.50,30.00
"Quark","quark:stone_slate_stairs",1.50,30.00
"Quark","quark:stone_speleothem",1.50,7.50
"Quark","quark:stone_stairs",1.50,30.00
"Quark","quark:stone_wall",0.00,0.00
"Quark","quark:stonebrick_mossy_slab",0.00,0.00
"Quark","quark:stonebrick_mossy_slab_double",0.00,0.00
"Quark","quark:stonebrick_mossy_stairs",1.50,30.00
"Quark","quark:stonebrick_mossy_wall",0.00,0.00
"Quark","quark:stonebrick_wall",0.00,0.00
"Quark","quark:sturdy_stone",4.00,30.00
"Quark","quark:sugar_block",0.50,2.50
"Quark","quark:thatch",0.50,2.50
"Quark","quark:thatch_slab",0.50,2.50
"Quark","quark:thatch_slab_double",0.50,2.50
"Quark","quark:thatch_stairs",0.50,2.50
"Quark","quark:tiny_potato",0.25,1.25
"Quark","quark:turf",0.60,3.00
"Quark","quark:turf_slab",0.60,3.00
"Quark","quark:turf_slab_double",0.60,3.00
"Quark","quark:turf_stairs",0.60,3.00
"Quark","quark:variant_leaves",0.20,1.00
"Quark","quark:variant_sapling",0.00,0.00
"Quark","quark:vertical_planks",2.00,15.00
"Quark","quark:vertical_stained_planks",2.00,15.00
"Quark","quark:world_stone_bricks",1.50,30.00
"Quark","quark:world_stone_carved",1.50,30.00
"Quark","quark:world_stone_pavement",1.50,30.00
"Rats: Rebirth of the Plague","rats:auto_curdler",2.00,10.00
"Rats: Rebirth of the Plague","rats:block_of_cheese",2.00,10.00
"Rats: Rebirth of the Plague","rats:brain_block",4.00,20.00
"Rats: Rebirth of the Plague","rats:cauldron_cheese",2.00,10.00
"Rats: Rebirth of the Plague","rats:cauldron_milk",2.00,10.00
"Rats: Rebirth of the Plague","rats:compressed_rat",1.00,5.00
"Rats: Rebirth of the Plague","rats:fish_barrel",2.00,30.00
"Rats: Rebirth of the Plague","rats:garbage_pile",0.70,3.50
"Rats: Rebirth of the Plague","rats:jack_o_ratern",1.00,5.00
"Rats: Rebirth of the Plague","rats:marbled_cheese",2.00,30.00
"Rats: Rebirth of the Plague","rats:marbled_cheese_brick",2.00,30.00
"Rats: Rebirth of the Plague","rats:marbled_cheese_brick_chiseled",2.00,30.00
"Rats: Rebirth of the Plague","rats:marbled_cheese_brick_cracked",2.00,30.00
"Rats: Rebirth of the Plague","rats:marbled_cheese_brick_mossy",2.00,30.00
"Rats: Rebirth of the Plague","rats:marbled_cheese_brick_slab",2.00,30.00
"Rats: Rebirth of the Plague","rats:marbled_cheese_brick_slab_double",2.00,30.00
"Rats: Rebirth of the Plague","rats:marbled_cheese_brick_stairs",2.00,30.00
"Rats: Rebirth of the Plague","rats:marbled_cheese_chiseled",2.00,30.00
"Rats: Rebirth of the Plague","rats:marbled_cheese_dirt",0.50,0.00
"Rats: Rebirth of the Plague","rats:marbled_cheese_golem_core",5.00,90.00
"Rats: Rebirth of the Plague","rats:marbled_cheese_grass",0.60,3.00
"Rats: Rebirth of the Plague","rats:marbled_cheese_pillar",2.00,30.00
"Rats: Rebirth of the Plague","rats:marbled_cheese_rat_head",2.50,12.50
"Rats: Rebirth of the Plague","rats:marbled_cheese_raw",2.00,30.00
"Rats: Rebirth of the Plague","rats:marbled_cheese_slab",2.00,30.00
"Rats: Rebirth of the Plague","rats:marbled_cheese_slab_double",2.00,30.00
"Rats: Rebirth of the Plague","rats:marbled_cheese_stairs",2.00,30.00
"Rats: Rebirth of the Plague","rats:marbled_cheese_tile",2.00,30.00
"Rats: Rebirth of the Plague","rats:rat_cage",2.00,10.00
"Rats: Rebirth of the Plague","rats:rat_cage_breeding_lantern",2.00,10.00
"Rats: Rebirth of the Plague","rats:rat_cage_decorated",2.00,10.00
"Rats: Rebirth of the Plague","rats:rat_crafting_table",2.00,10.00
"Rats: Rebirth of the Plague","rats:rat_hole",1.30,6.50
"Rats: Rebirth of the Plague","rats:rat_lantern",1.00,5.00
"Rats: Rebirth of the Plague","rats:rat_tube_black",1.00,5.00
"Rats: Rebirth of the Plague","rats:rat_tube_blue",1.00,5.00
"Rats: Rebirth of the Plague","rats:rat_tube_brown",1.00,5.00
"Rats: Rebirth of the Plague","rats:rat_tube_cyan",1.00,5.00
"Rats: Rebirth of the Plague","rats:rat_tube_gray",1.00,5.00
"Rats: Rebirth of the Plague","rats:rat_tube_green",1.00,5.00
"Rats: Rebirth of the Plague","rats:rat_tube_light_blue",1.00,5.00
"Rats: Rebirth of the Plague","rats:rat_tube_lime",1.00,5.00
"Rats: Rebirth of the Plague","rats:rat_tube_magenta",1.00,5.00
"Rats: Rebirth of the Plague","rats:rat_tube_orange",1.00,5.00
"Rats: Rebirth of the Plague","rats:rat_tube_pink",1.00,5.00
"Rats: Rebirth of the Plague","rats:rat_tube_purple",1.00,5.00
"Rats: Rebirth of the Plague","rats:rat_tube_red",1.00,5.00
"Rats: Rebirth of the Plague","rats:rat_tube_silver",1.00,5.00
"Rats: Rebirth of the Plague","rats:rat_tube_white",1.00,5.00
"Rats: Rebirth of the Plague","rats:rat_tube_yellow",1.00,5.00
"Rats: Rebirth of the Plague","rats:ratglove_flower",0.00,0.00
"Rats: Rebirth of the Plague","rats:ratlantis_portal",-1.00,0.00
"Rats: Rebirth of the Plague","rats:rattrap",1.00,5.00
"Rats: Rebirth of the Plague","rats:upgrade_combiner",5.00,25.00
"Rats: Rebirth of the Plague","rats:upgrade_separator",5.00,25.00
"Reliquary","xreliquary:altar",1.50,15.00
"Reliquary","xreliquary:apothecary_cauldron",1.50,15.00
"Reliquary","xreliquary:apothecary_mortar",1.50,6.00
"Reliquary","xreliquary:fertile_lilypad",0.00,0.00
"Reliquary","xreliquary:interdiction_torch",0.00,0.00
"Reliquary","xreliquary:pedestal",1.00,3.00
"Reliquary","xreliquary:pedestal_passive",1.00,3.00
"Reliquary","xreliquary:wraith_node",1.50,15.00
"Rin's So Many Enchantments?","somanyenchantments:frostedicetemp",0.50,2.50
"Rin's So Many Enchantments?","somanyenchantments:magmatemp",0.50,2.50
"Rustic","rustic:ale_wort",0.00,0.00
"Rustic","rustic:aloe_vera",0.00,0.00
"Rustic","rustic:andesite_pillar",2.00,10.00
"Rustic","rustic:apiary",1.00,5.00
"Rustic","rustic:apple_juice",0.00,0.00
"Rustic","rustic:apple_seeds",0.00,5.00
"Rustic","rustic:barrel",1.50,7.50
"Rustic","rustic:beehive",0.50,5.00
"Rustic","rustic:blood_orchid",0.00,0.00
"Rustic","rustic:brewing_barrel",1.50,7.50
"Rustic","rustic:cabinet",2.50,12.50
"Rustic","rustic:candle",1.00,5.00
"Rustic","rustic:candle_double",1.00,5.00
"Rustic","rustic:candle_double_gold",1.00,5.00
"Rustic","rustic:candle_double_silver",1.00,5.00
"Rustic","rustic:candle_gold",1.00,5.00
"Rustic","rustic:candle_lever",1.00,5.00
"Rustic","rustic:candle_lever_gold",1.00,5.00
"Rustic","rustic:candle_lever_silver",1.00,5.00
"Rustic","rustic:candle_silver",1.00,5.00
"Rustic","rustic:chain",1.00,5.00
"Rustic","rustic:chain_gold",1.00,5.00
"Rustic","rustic:chain_silver",1.00,5.00
"Rustic","rustic:chair_acacia",1.00,5.00
"Rustic","rustic:chair_big_oak",1.00,5.00
"Rustic","rustic:chair_birch",1.00,5.00
"Rustic","rustic:chair_ironwood",1.00,5.00
"Rustic","rustic:chair_jungle",1.00,5.00
"Rustic","rustic:chair_oak",1.00,5.00
"Rustic","rustic:chair_olive",1.00,5.00
"Rustic","rustic:chair_spruce",1.00,5.00
"Rustic","rustic:chamomile",0.00,0.00
"Rustic","rustic:chandelier",2.00,10.00
"Rustic","rustic:chandelier_gold",2.00,10.00
"Rustic","rustic:chandelier_silver",2.00,10.00
"Rustic","rustic:chili_crop",0.00,5.00
"Rustic","rustic:clay_wall",1.00,5.00
"Rustic","rustic:clay_wall_cross",1.00,5.00
"Rustic","rustic:clay_wall_diag",1.00,5.00
"Rustic","rustic:cloudsbluff",0.00,0.00
"Rustic","rustic:cohosh",0.00,0.00
"Rustic","rustic:condenser",2.00,10.00
"Rustic","rustic:condenser_advanced",2.00,10.00
"Rustic","rustic:core_root",0.00,0.00
"Rustic","rustic:crop_stake",2.00,15.00
"Rustic","rustic:crushing_tub",1.50,7.50
"Rustic","rustic:deathstalk_mushroom",0.00,0.00
"Rustic","rustic:diorite_pillar",2.00,10.00
"Rustic","rustic:evaporating_basin",1.25,6.25
"Rustic","rustic:fence_gate_ironwood",2.00,10.00
"Rustic","rustic:fence_gate_olive",2.00,10.00
"Rustic","rustic:fence_ironwood",2.00,10.00
"Rustic","rustic:fence_olive",2.00,10.00
"Rustic","rustic:fertile_soil",0.50,5.00
"Rustic","rustic:gargoyle",1.00,5.00
"Rustic","rustic:ginseng",0.00,0.00
"Rustic","rustic:golden_apple_juice",0.00,0.00
"Rustic","rustic:golden_lantern",2.00,10.00
"Rustic","rustic:granite_pillar",2.00,10.00
"Rustic","rustic:grape_juice",0.00,0.00
"Rustic","rustic:grape_leaves",1.00,5.00
"Rustic","rustic:grape_stem",0.50,5.00
"Rustic","rustic:honey",0.00,0.00
"Rustic","rustic:horsetail",0.00,0.00
"Rustic","rustic:iron_lantern",2.00,10.00
"Rustic","rustic:iron_lattice",2.00,10.00
"Rustic","rustic:ironberry_juice",0.00,0.00
"Rustic","rustic:ironwood_door",3.00,15.00
"Rustic","rustic:ironwood_doubleslab",2.00,10.00
"Rustic","rustic:ironwood_slab",2.00,10.00
"Rustic","rustic:lantern_wood",1.00,5.00
"Rustic","rustic:leaves",0.20,1.00
"Rustic","rustic:leaves_apple",0.20,1.00
"Rustic","rustic:liquid_barrel",1.50,7.50
"Rustic","rustic:log",2.00,10.00
"Rustic","rustic:marsh_mallow",0.00,0.00
"Rustic","rustic:mooncap_mushroom",0.00,0.00
"Rustic","rustic:olive_door",3.00,15.00
"Rustic","rustic:olive_doubleslab",2.00,10.00
"Rustic","rustic:olive_oil",0.00,0.00
"Rustic","rustic:olive_slab",2.00,10.00
"Rustic","rustic:painted_wood_black",2.00,10.00
"Rustic","rustic:painted_wood_blue",2.00,10.00
"Rustic","rustic:painted_wood_brown",2.00,10.00
"Rustic","rustic:painted_wood_cyan",2.00,10.00
"Rustic","rustic:painted_wood_gray",2.00,10.00
"Rustic","rustic:painted_wood_green",2.00,10.00
"Rustic","rustic:painted_wood_light_blue",2.00,10.00
"Rustic","rustic:painted_wood_lime",2.00,10.00
"Rustic","rustic:painted_wood_magenta",2.00,10.00
"Rustic","rustic:painted_wood_orange",2.00,10.00
"Rustic","rustic:painted_wood_pink",2.00,10.00
"Rustic","rustic:painted_wood_purple",2.00,10.00
"Rustic","rustic:painted_wood_red",2.00,10.00
"Rustic","rustic:painted_wood_silver",2.00,10.00
"Rustic","rustic:painted_wood_white",2.00,10.00
"Rustic","rustic:painted_wood_yellow",2.00,10.00
"Rustic","rustic:planks",2.00,15.00
"Rustic","rustic:retort",2.00,10.00
"Rustic","rustic:retort_advanced",2.00,10.00
"Rustic","rustic:rope",0.50,5.00
"Rustic","rustic:sapling",0.00,0.00
"Rustic","rustic:sapling_apple",0.00,0.00
"Rustic","rustic:silver_lantern",2.00,10.00
"Rustic","rustic:slate",2.00,10.00
"Rustic","rustic:slate_brick",2.00,10.00
"Rustic","rustic:slate_brick_doubleslab",2.00,10.00
"Rustic","rustic:slate_brick_slab",2.00,10.00
"Rustic","rustic:slate_chiseled",2.00,10.00
"Rustic","rustic:slate_pillar",2.00,10.00
"Rustic","rustic:slate_roof",2.00,10.00
"Rustic","rustic:slate_roof_doubleslab",2.00,10.00
"Rustic","rustic:slate_roof_slab",2.00,10.00
"Rustic","rustic:slate_tile",2.00,10.00
"Rustic","rustic:stairs_ironwood",2.00,15.00
"Rustic","rustic:stairs_olive",2.00,15.00
"Rustic","rustic:stairs_slate_brick",2.00,10.00
"Rustic","rustic:stairs_slate_roof",2.00,10.00
"Rustic","rustic:stake_tied",1.00,15.00
"Rustic","rustic:stone_pillar",2.00,10.00
"Rustic","rustic:table_acacia",1.00,5.00
"Rustic","rustic:table_big_oak",1.00,5.00
"Rustic","rustic:table_birch",1.00,5.00
"Rustic","rustic:table_ironwood",1.00,5.00
"Rustic","rustic:table_jungle",1.00,5.00
"Rustic","rustic:table_oak",1.00,5.00
"Rustic","rustic:table_olive",1.00,5.00
"Rustic","rustic:table_spruce",1.00,5.00
"Rustic","rustic:tomato_crop",0.00,5.00
"Rustic","rustic:vanta_lily",0.00,0.00
"Rustic","rustic:vase",0.50,5.00
"Rustic","rustic:wildberry_bush",0.20,5.00
"Rustic","rustic:wildberry_juice",0.00,0.00
"Rustic","rustic:wind_thistle",0.00,0.00
"Rustic BOP Woods","rusticbopwoods:chair_cherry",1.00,5.00
"Rustic BOP Woods","rusticbopwoods:chair_ebony",1.00,5.00
"Rustic BOP Woods","rusticbopwoods:chair_ethereal",1.00,5.00
"Rustic BOP Woods","rusticbopwoods:chair_eucalyptus",1.00,5.00
"Rustic BOP Woods","rusticbopwoods:chair_fir",1.00,5.00
"Rustic BOP Woods","rusticbopwoods:chair_hellbark",1.00,5.00
"Rustic BOP Woods","rusticbopwoods:chair_jacaranda",1.00,5.00
"Rustic BOP Woods","rusticbopwoods:chair_magic",1.00,5.00
"Rustic BOP Woods","rusticbopwoods:chair_mahogany",1.00,5.00
"Rustic BOP Woods","rusticbopwoods:chair_mangrove",1.00,5.00
"Rustic BOP Woods","rusticbopwoods:chair_palm",1.00,5.00
"Rustic BOP Woods","rusticbopwoods:chair_pine",1.00,5.00
"Rustic BOP Woods","rusticbopwoods:chair_redwood",1.00,5.00
"Rustic BOP Woods","rusticbopwoods:chair_sacred_oak",1.00,5.00
"Rustic BOP Woods","rusticbopwoods:chair_umbran",1.00,5.00
"Rustic BOP Woods","rusticbopwoods:chair_willow",1.00,5.00
"Rustic BOP Woods","rusticbopwoods:table_cherry",1.00,5.00
"Rustic BOP Woods","rusticbopwoods:table_ebony",1.00,5.00
"Rustic BOP Woods","rusticbopwoods:table_ethereal",1.00,5.00
"Rustic BOP Woods","rusticbopwoods:table_eucalyptus",1.00,5.00
"Rustic BOP Woods","rusticbopwoods:table_fir",1.00,5.00
"Rustic BOP Woods","rusticbopwoods:table_hellbark",1.00,5.00
"Rustic BOP Woods","rusticbopwoods:table_jacaranda",1.00,5.00
"Rustic BOP Woods","rusticbopwoods:table_magic",1.00,5.00
"Rustic BOP Woods","rusticbopwoods:table_mahogany",1.00,5.00
"Rustic BOP Woods","rusticbopwoods:table_mangrove",1.00,5.00
"Rustic BOP Woods","rusticbopwoods:table_palm",1.00,5.00
"Rustic BOP Woods","rusticbopwoods:table_pine",1.00,5.00
"Rustic BOP Woods","rusticbopwoods:table_redwood",1.00,5.00
"Rustic BOP Woods","rusticbopwoods:table_sacred_oak",1.00,5.00
"Rustic BOP Woods","rusticbopwoods:table_umbran",1.00,5.00
"Rustic BOP Woods","rusticbopwoods:table_willow",1.00,5.00
"Rustic Furniture Compat","rusticcompat:chair_black_painted",1.00,5.00
"Rustic Furniture Compat","rusticcompat:chair_black_stained",1.00,5.00
"Rustic Furniture Compat","rusticcompat:chair_blue_painted",1.00,5.00
"Rustic Furniture Compat","rusticcompat:chair_blue_stained",1.00,5.00
"Rustic Furniture Compat","rusticcompat:chair_brown_painted",1.00,5.00
"Rustic Furniture Compat","rusticcompat:chair_brown_stained",1.00,5.00
"Rustic Furniture Compat","rusticcompat:chair_cyan_painted",1.00,5.00
"Rustic Furniture Compat","rusticcompat:chair_cyan_stained",1.00,5.00
"Rustic Furniture Compat","rusticcompat:chair_fir",1.00,5.00
"Rustic Furniture Compat","rusticcompat:chair_gray_painted",1.00,5.00
"Rustic Furniture Compat","rusticcompat:chair_gray_stained",1.00,5.00
"Rustic Furniture Compat","rusticcompat:chair_green_painted",1.00,5.00
"Rustic Furniture Compat","rusticcompat:chair_green_stained",1.00,5.00
"Rustic Furniture Compat","rusticcompat:chair_light_blue_painted",1.00,5.00
"Rustic Furniture Compat","rusticcompat:chair_light_blue_stained",1.00,5.00
"Rustic Furniture Compat","rusticcompat:chair_light_gray_stained",1.00,5.00
"Rustic Furniture Compat","rusticcompat:chair_lime_painted",1.00,5.00
"Rustic Furniture Compat","rusticcompat:chair_lime_stained",1.00,5.00
"Rustic Furniture Compat","rusticcompat:chair_magenta_painted",1.00,5.00
"Rustic Furniture Compat","rusticcompat:chair_magenta_stained",1.00,5.00
"Rustic Furniture Compat","rusticcompat:chair_orange_painted",1.00,5.00
"Rustic Furniture Compat","rusticcompat:chair_orange_stained",1.00,5.00
"Rustic Furniture Compat","rusticcompat:chair_pink_painted",1.00,5.00
"Rustic Furniture Compat","rusticcompat:chair_pink_stained",1.00,5.00
"Rustic Furniture Compat","rusticcompat:chair_purple_painted",1.00,5.00
"Rustic Furniture Compat","rusticcompat:chair_purple_stained",1.00,5.00
"Rustic Furniture Compat","rusticcompat:chair_red_painted",1.00,5.00
"Rustic Furniture Compat","rusticcompat:chair_red_stained",1.00,5.00
"Rustic Furniture Compat","rusticcompat:chair_reed",1.00,5.00
"Rustic Furniture Compat","rusticcompat:chair_silver_painted",1.00,5.00
"Rustic Furniture Compat","rusticcompat:chair_skyroot",1.00,5.00
"Rustic Furniture Compat","rusticcompat:chair_stalagnate",1.00,5.00
"Rustic Furniture Compat","rusticcompat:chair_tenebra",1.00,5.00
"Rustic Furniture Compat","rusticcompat:chair_white_painted",1.00,5.00
"Rustic Furniture Compat","rusticcompat:chair_white_stained",1.00,5.00
"Rustic Furniture Compat","rusticcompat:chair_wyrmwood",1.00,5.00
"Rustic Furniture Compat","rusticcompat:chair_yellow_painted",1.00,5.00
"Rustic Furniture Compat","rusticcompat:chair_yellow_stained",1.00,5.00
"Rustic Furniture Compat","rusticcompat:table_black_painted",1.00,5.00
"Rustic Furniture Compat","rusticcompat:table_black_stained",1.00,5.00
"Rustic Furniture Compat","rusticcompat:table_blue_painted",1.00,5.00
"Rustic Furniture Compat","rusticcompat:table_blue_stained",1.00,5.00
"Rustic Furniture Compat","rusticcompat:table_brown_painted",1.00,5.00
"Rustic Furniture Compat","rusticcompat:table_brown_stained",1.00,5.00
"Rustic Furniture Compat","rusticcompat:table_cyan_painted",1.00,5.00
"Rustic Furniture Compat","rusticcompat:table_cyan_stained",1.00,5.00
"Rustic Furniture Compat","rusticcompat:table_fir",1.00,5.00
"Rustic Furniture Compat","rusticcompat:table_gray_painted",1.00,5.00
"Rustic Furniture Compat","rusticcompat:table_gray_stained",1.00,5.00
"Rustic Furniture Compat","rusticcompat:table_green_painted",1.00,5.00
"Rustic Furniture Compat","rusticcompat:table_green_stained",1.00,5.00
"Rustic Furniture Compat","rusticcompat:table_light_blue_painted",1.00,5.00
"Rustic Furniture Compat","rusticcompat:table_light_blue_stained",1.00,5.00
"Rustic Furniture Compat","rusticcompat:table_light_gray_stained",1.00,5.00
"Rustic Furniture Compat","rusticcompat:table_lime_painted",1.00,5.00
"Rustic Furniture Compat","rusticcompat:table_lime_stained",1.00,5.00
"Rustic Furniture Compat","rusticcompat:table_magenta_painted",1.00,5.00
"Rustic Furniture Compat","rusticcompat:table_magenta_stained",1.00,5.00
"Rustic Furniture Compat","rusticcompat:table_orange_painted",1.00,5.00
"Rustic Furniture Compat","rusticcompat:table_orange_stained",1.00,5.00
"Rustic Furniture Compat","rusticcompat:table_pink_painted",1.00,5.00
"Rustic Furniture Compat","rusticcompat:table_pink_stained",1.00,5.00
"Rustic Furniture Compat","rusticcompat:table_purple_painted",1.00,5.00
"Rustic Furniture Compat","rusticcompat:table_purple_stained",1.00,5.00
"Rustic Furniture Compat","rusticcompat:table_red_painted",1.00,5.00
"Rustic Furniture Compat","rusticcompat:table_red_stained",1.00,5.00
"Rustic Furniture Compat","rusticcompat:table_reed",1.00,5.00
"Rustic Furniture Compat","rusticcompat:table_silver_painted",1.00,5.00
"Rustic Furniture Compat","rusticcompat:table_skyroot",1.00,5.00
"Rustic Furniture Compat","rusticcompat:table_stalagnate",1.00,5.00
"Rustic Furniture Compat","rusticcompat:table_tenebra",1.00,5.00
"Rustic Furniture Compat","rusticcompat:table_white_painted",1.00,5.00
"Rustic Furniture Compat","rusticcompat:table_white_stained",1.00,5.00
"Rustic Furniture Compat","rusticcompat:table_wyrmwood",1.00,5.00
"Rustic Furniture Compat","rusticcompat:table_yellow_painted",1.00,5.00
"Rustic Furniture Compat","rusticcompat:table_yellow_stained",1.00,5.00
"Scaling Health","scalinghealth:crystalore",3.00,45.00
"Seeds For Electroblob's Wizardry","t3s4ebw:crystal_crop",0.00,0.00
"Simple Storage Network","storagenetwork:controller",3.00,15.00
"Simple Storage Network","storagenetwork:ex_kabel",1.40,7.00
"Simple Storage Network","storagenetwork:im_kabel",1.40,7.00
"Simple Storage Network","storagenetwork:inventory",3.00,15.00
"Simple Storage Network","storagenetwork:kabel",1.40,7.00
"Simple Storage Network","storagenetwork:master",3.00,15.00
"Simple Storage Network","storagenetwork:process_kabel",1.40,7.00
"Simple Storage Network","storagenetwork:request",3.00,15.00
"Simple Storage Network","storagenetwork:simple_kabel",1.40,7.00
"Simple Storage Network","storagenetwork:storage_kabel",1.40,7.00
"SpellBundle","spellbundle:conjured_bramble",0.50,2.50
"Spellcaster's Archives","spellarchives:spell_archive",2.00,10.00
"Spooky Biomes","spookybiomes:bloodied_dirt",0.50,9.00
"Spooky Biomes","spookybiomes:bloodied_grass",0.60,9.00
"Spooky Biomes","spookybiomes:bloodwood_door",2.00,15.00
"Spooky Biomes","spookybiomes:bloodwood_double_slab",2.00,15.00
"Spooky Biomes","spookybiomes:bloodwood_fence",2.00,15.00
"Spooky Biomes","spookybiomes:bloodwood_gate",2.00,15.00
"Spooky Biomes","spookybiomes:bloodwood_leaves",0.20,1.00
"Spooky Biomes","spookybiomes:bloodwood_log",2.00,15.00
"Spooky Biomes","spookybiomes:bloodwood_planks",0.00,0.00
"Spooky Biomes","spookybiomes:bloodwood_sapling",0.00,0.00
"Spooky Biomes","spookybiomes:bloodwood_slab",2.00,15.00
"Spooky Biomes","spookybiomes:bloodwood_stairs",2.00,15.00
"Spooky Biomes","spookybiomes:bloodwood_trapdoor",3.00,180.00
"Spooky Biomes","spookybiomes:ghostly_door",2.00,15.00
"Spooky Biomes","spookybiomes:ghostly_double_slab",2.00,15.00
"Spooky Biomes","spookybiomes:ghostly_fence",2.00,15.00
"Spooky Biomes","spookybiomes:ghostly_gate",2.00,15.00
"Spooky Biomes","spookybiomes:ghostly_leaves",0.20,1.00
"Spooky Biomes","spookybiomes:ghostly_log",2.00,15.00
"Spooky Biomes","spookybiomes:ghostly_planks",2.00,15.00
"Spooky Biomes","spookybiomes:ghostly_sapling",0.00,0.00
"Spooky Biomes","spookybiomes:ghostly_slab",2.00,15.00
"Spooky Biomes","spookybiomes:ghostly_stairs",2.00,15.00
"Spooky Biomes","spookybiomes:ghostly_trapdoor",3.00,180.00
"Spooky Biomes","spookybiomes:seeping_door",2.00,15.00
"Spooky Biomes","spookybiomes:seeping_double_slab",2.00,15.00
"Spooky Biomes","spookybiomes:seeping_fence",2.00,15.00
"Spooky Biomes","spookybiomes:seeping_gate",2.00,15.00
"Spooky Biomes","spookybiomes:seeping_leaves",0.20,1.00
"Spooky Biomes","spookybiomes:seeping_log",2.00,15.00
"Spooky Biomes","spookybiomes:seeping_planks",2.00,15.00
"Spooky Biomes","spookybiomes:seeping_sapling",0.00,0.00
"Spooky Biomes","spookybiomes:seeping_slab",2.00,15.00
"Spooky Biomes","spookybiomes:seeping_stairs",2.00,15.00
"Spooky Biomes","spookybiomes:seeping_trapdoor",3.00,180.00
"Spooky Biomes","spookybiomes:sorbus_door",2.00,15.00
"Spooky Biomes","spookybiomes:sorbus_double_slab",2.00,15.00
"Spooky Biomes","spookybiomes:sorbus_fence",2.00,15.00
"Spooky Biomes","spookybiomes:sorbus_gate",2.00,15.00
"Spooky Biomes","spookybiomes:sorbus_leaves",0.20,1.00
"Spooky Biomes","spookybiomes:sorbus_log",2.00,15.00
"Spooky Biomes","spookybiomes:sorbus_planks",2.00,15.00
"Spooky Biomes","spookybiomes:sorbus_sapling",0.00,0.00
"Spooky Biomes","spookybiomes:sorbus_slab",2.00,15.00
"Spooky Biomes","spookybiomes:sorbus_stairs",2.00,15.00
"Spooky Biomes","spookybiomes:sorbus_trapdoor",3.00,180.00
"Structurize","structurize:blockcactusdoor",0.00,0.00
"Structurize","structurize:blockcactusfence",0.00,0.00
"Structurize","structurize:blockcactusfencegate",0.00,0.00
"Structurize","structurize:blockcactusplank",0.00,0.00
"Structurize","structurize:blockcactusslab_double",0.00,0.00
"Structurize","structurize:blockcactusslab_half",0.00,0.00
"Structurize","structurize:blockcactusstair",0.00,0.00
"Structurize","structurize:blockcactustrapdoor",0.00,0.00
"Structurize","structurize:blockpaperwall",3.00,3.00
"Structurize","structurize:blockshingle_acacia",3.00,3.00
"Structurize","structurize:blockshingle_birch",3.00,3.00
"Structurize","structurize:blockshingle_dark_oak",3.00,3.00
"Structurize","structurize:blockshingle_jungle",3.00,3.00
"Structurize","structurize:blockshingle_oak",3.00,3.00
"Structurize","structurize:blockshingle_spruce",3.00,3.00
"Structurize","structurize:blockshingleslab",3.00,3.00
"Structurize","structurize:blocksolidsubstitution",0.00,3.00
"Structurize","structurize:blocksubstitution",0.00,3.00
"Structurize","structurize:blocktimberframe_acacia_doublecrossed",3.00,3.00
"Structurize","structurize:blocktimberframe_acacia_downgated",3.00,3.00
"Structurize","structurize:blocktimberframe_acacia_framed",3.00,3.00
"Structurize","structurize:blocktimberframe_acacia_gateframed",3.00,3.00
"Structurize","structurize:blocktimberframe_acacia_horizontalnocap",3.00,3.00
"Structurize","structurize:blocktimberframe_acacia_horizontalplain",3.00,3.00
"Structurize","structurize:blocktimberframe_acacia_onecrossedlr",3.00,3.00
"Structurize","structurize:blocktimberframe_acacia_onecrossedrl",3.00,3.00
"Structurize","structurize:blocktimberframe_acacia_plain",3.00,3.00
"Structurize","structurize:blocktimberframe_acacia_sideframed",3.00,3.00
"Structurize","structurize:blocktimberframe_birch_doublecrossed",3.00,3.00
"Structurize","structurize:blocktimberframe_birch_downgated",3.00,3.00
"Structurize","structurize:blocktimberframe_birch_framed",3.00,3.00
"Structurize","structurize:blocktimberframe_birch_gateframed",3.00,3.00
"Structurize","structurize:blocktimberframe_birch_horizontalnocap",3.00,3.00
"Structurize","structurize:blocktimberframe_birch_horizontalplain",3.00,3.00
"Structurize","structurize:blocktimberframe_birch_onecrossedlr",3.00,3.00
"Structurize","structurize:blocktimberframe_birch_onecrossedrl",3.00,3.00
"Structurize","structurize:blocktimberframe_birch_plain",3.00,3.00
"Structurize","structurize:blocktimberframe_birch_sideframed",3.00,3.00
"Structurize","structurize:blocktimberframe_dark_oak_doublecrossed",3.00,3.00
"Structurize","structurize:blocktimberframe_dark_oak_downgated",3.00,3.00
"Structurize","structurize:blocktimberframe_dark_oak_framed",3.00,3.00
"Structurize","structurize:blocktimberframe_dark_oak_gateframed",3.00,3.00
"Structurize","structurize:blocktimberframe_dark_oak_horizontalnocap",3.00,3.00
"Structurize","structurize:blocktimberframe_dark_oak_horizontalplain",3.00,3.00
"Structurize","structurize:blocktimberframe_dark_oak_onecrossedlr",3.00,3.00
"Structurize","structurize:blocktimberframe_dark_oak_onecrossedrl",3.00,3.00
"Structurize","structurize:blocktimberframe_dark_oak_plain",3.00,3.00
"Structurize","structurize:blocktimberframe_dark_oak_sideframed",3.00,3.00
"Structurize","structurize:blocktimberframe_jungle_doublecrossed",3.00,3.00
"Structurize","structurize:blocktimberframe_jungle_downgated",3.00,3.00
"Structurize","structurize:blocktimberframe_jungle_framed",3.00,3.00
"Structurize","structurize:blocktimberframe_jungle_gateframed",3.00,3.00
"Structurize","structurize:blocktimberframe_jungle_horizontalnocap",3.00,3.00
"Structurize","structurize:blocktimberframe_jungle_horizontalplain",3.00,3.00
"Structurize","structurize:blocktimberframe_jungle_onecrossedlr",3.00,3.00
"Structurize","structurize:blocktimberframe_jungle_onecrossedrl",3.00,3.00
"Structurize","structurize:blocktimberframe_jungle_plain",3.00,3.00
"Structurize","structurize:blocktimberframe_jungle_sideframed",3.00,3.00
"Structurize","structurize:blocktimberframe_oak_doublecrossed",3.00,3.00
"Structurize","structurize:blocktimberframe_oak_downgated",3.00,3.00
"Structurize","structurize:blocktimberframe_oak_framed",3.00,3.00
"Structurize","structurize:blocktimberframe_oak_gateframed",3.00,3.00
"Structurize","structurize:blocktimberframe_oak_horizontalnocap",3.00,3.00
"Structurize","structurize:blocktimberframe_oak_horizontalplain",3.00,3.00
"Structurize","structurize:blocktimberframe_oak_onecrossedlr",3.00,3.00
"Structurize","structurize:blocktimberframe_oak_onecrossedrl",3.00,3.00
"Structurize","structurize:blocktimberframe_oak_plain",3.00,3.00
"Structurize","structurize:blocktimberframe_oak_sideframed",3.00,3.00
"Structurize","structurize:blocktimberframe_spruce_doublecrossed",3.00,3.00
"Structurize","structurize:blocktimberframe_spruce_downgated",3.00,3.00
"Structurize","structurize:blocktimberframe_spruce_framed",3.00,3.00
"Structurize","structurize:blocktimberframe_spruce_gateframed",3.00,3.00
"Structurize","structurize:blocktimberframe_spruce_horizontalnocap",3.00,3.00
"Structurize","structurize:blocktimberframe_spruce_horizontalplain",3.00,3.00
"Structurize","structurize:blocktimberframe_spruce_onecrossedlr",3.00,3.00
"Structurize","structurize:blocktimberframe_spruce_onecrossedrl",3.00,3.00
"Structurize","structurize:blocktimberframe_spruce_plain",3.00,3.00
"Structurize","structurize:blocktimberframe_spruce_sideframed",3.00,3.00
"Structurize","structurize:multiblock",0.00,3.00
"Stygian End Re-continuation","stygian:endacid",0.00,0.00
"Stygian End Re-continuation","stygian:endaciddeadbush",0.00,0.00
"Stygian End Re-continuation","stygian:endastrodoor",2.00,10.00
"Stygian End Re-continuation","stygian:endastrofence",2.00,15.00
"Stygian End Re-continuation","stygian:endastrofencegate",2.00,15.00
"Stygian End Re-continuation","stygian:endastroleaves",0.20,1.00
"Stygian End Re-continuation","stygian:endastrolog",2.00,10.00
"Stygian End Re-continuation","stygian:endastroplanks",2.00,10.00
"Stygian End Re-continuation","stygian:endastroplanksslab",2.00,10.00
"Stygian End Re-continuation","stygian:endastroplanksslab_double",2.00,10.00
"Stygian End Re-continuation","stygian:endastrosapling",0.00,0.00
"Stygian End Re-continuation","stygian:endastrostairs",2.00,10.00
"Stygian End Re-continuation","stygian:endbluecactus",0.40,2.00
"Stygian End Re-continuation","stygian:endcactus",0.40,2.00
"Stygian End Re-continuation","stygian:endcanopysapling",0.00,0.00
"Stygian End Re-continuation","stygian:endcell",0.00,0.00
"Stygian End Re-continuation","stygian:enddeadbush",0.00,0.00
"Stygian End Re-continuation","stygian:enddeadcoalore",3.00,45.00
"Stygian End Re-continuation","stygian:enddeadcobblestone",1.50,30.00
"Stygian End Re-continuation","stygian:enddeaddirt",0.50,2.50
"Stygian End Re-continuation","stygian:enddeadgrass",0.00,0.00
"Stygian End Re-continuation","stygian:enddeadhangingroot",0.00,0.00
"Stygian End Re-continuation","stygian:enddeadstone",1.50,30.00
"Stygian End Re-continuation","stygian:enddeadstonebrick",1.50,30.00
"Stygian End Re-continuation","stygian:enddoor",2.00,10.00
"Stygian End Re-continuation","stygian:enddragonorchid",0.00,0.00
"Stygian End Re-continuation","stygian:endfence",2.00,15.00
"Stygian End Re-continuation","stygian:endfencegate",2.00,15.00
"Stygian End Re-continuation","stygian:endglow",0.00,0.00
"Stygian End Re-continuation","stygian:endgrass",0.60,3.00
"Stygian End Re-continuation","stygian:endleaves",0.20,1.00
"Stygian End Re-continuation","stygian:endlightflower",0.00,0.00
"Stygian End Re-continuation","stygian:endlog",2.00,10.00
"Stygian End Re-continuation","stygian:endlogstairs",2.00,10.00
"Stygian End Re-continuation","stygian:endlunargrass",0.50,2.50
"Stygian End Re-continuation","stygian:endlunartallgrass",0.00,0.00
"Stygian End Re-continuation","stygian:endmagma",0.50,2.50
"Stygian End Re-continuation","stygian:endmoonrock",1.50,30.00
"Stygian End Re-continuation","stygian:endmoonshine",0.00,0.00
"Stygian End Re-continuation","stygian:endobsidian",1.50,30.00
"Stygian End Re-continuation","stygian:endobsidianbrick",1.50,30.00
"Stygian End Re-continuation","stygian:endplanks",2.00,10.00
"Stygian End Re-continuation","stygian:endplanksslab",2.00,10.00
"Stygian End Re-continuation","stygian:endplanksslab_double",2.00,10.00
"Stygian End Re-continuation","stygian:endpolishedmoonrock",1.50,30.00
"Stygian End Re-continuation","stygian:endsand",0.50,1.50
"Stygian End Re-continuation","stygian:endshiren",0.00,0.00
"Stygian End Re-continuation","stygian:endsmallcanopysapling",0.00,0.00
"Stygian End Re-continuation","stygian:endsnarebells",0.00,0.00
"Stygian End Re-continuation","stygian:endsnaregrass",0.50,2.50
"Stygian End Re-continuation","stygian:endsnaretallgrass",0.00,0.00
"Stygian End Re-continuation","stygian:endtallgrass",0.00,0.00
"Stygian End Re-continuation","stygian:endvine",0.00,0.00
"Stygian End Re-continuation","stygian:endviscousdoor",2.00,10.00
"Stygian End Re-continuation","stygian:endviscousfence",2.00,15.00
"Stygian End Re-continuation","stygian:endviscousfencegate",2.00,15.00
"Stygian End Re-continuation","stygian:endviscousleaves",0.20,1.00
"Stygian End Re-continuation","stygian:endviscouslog",2.00,10.00
"Stygian End Re-continuation","stygian:endviscousplanks",2.00,10.00
"Stygian End Re-continuation","stygian:endviscousplanksslab",2.00,10.00
"Stygian End Re-continuation","stygian:endviscousplanksslab_double",2.00,10.00
"Stygian End Re-continuation","stygian:endviscoussapling",0.00,0.00
"Stygian End Re-continuation","stygian:endviscousstairs",2.00,10.00
"Stygian End Re-continuation","stygian:endwyrmroots",0.00,0.00
"Switch-Bow","switchbow:arrowdispenser",0.00,0.00
"Switch-Bow","switchbow:minilight",0.00,0.00
"Switch-Bow","switchbow:podest",7.50,37.50
"Switch-Bow","switchbow:redstonepiece",0.00,0.00
"The Aether","aether_legacy:aercloud",0.20,1.00
"The Aether","aether_legacy:aerogel",1.00,6000.00
"The Aether","aether_legacy:aerogel_double_slab",2.00,2997.00
"The Aether","aether_legacy:aerogel_slab",0.50,2997.00
"The Aether","aether_legacy:aerogel_stairs",1.00,6000.00
"The Aether","aether_legacy:aerogel_wall",1.00,1.00
"The Aether","aether_legacy:aether_dirt",0.20,1.00
"The Aether","aether_legacy:aether_grass",0.20,1.00
"The Aether","aether_legacy:aether_leaves",0.20,1.00
"The Aether","aether_legacy:aether_lever",0.50,2.50
"The Aether","aether_legacy:aether_log",2.00,10.00
"The Aether","aether_legacy:aether_portal",-1.00,2700000.00
"The Aether","aether_legacy:aetherion_chest",0.00,0.00
"The Aether","aether_legacy:ambrosium_block",3.00,15.00
"The Aether","aether_legacy:ambrosium_ore",3.00,15.00
"The Aether","aether_legacy:ambrosium_torch",0.00,0.00
"The Aether","aether_legacy:angelic_double_slab",2.00,30.00
"The Aether","aether_legacy:angelic_slab",0.50,30.00
"The Aether","aether_legacy:angelic_stairs",0.50,2.50
"The Aether","aether_legacy:angelic_wall",0.50,0.50
"The Aether","aether_legacy:berry_bush",0.20,1.00
"The Aether","aether_legacy:berry_bush_stem",0.20,1.00
"The Aether","aether_legacy:carved_double_slab",2.00,30.00
"The Aether","aether_legacy:carved_slab",0.50,30.00
"The Aether","aether_legacy:carved_stairs",0.50,2.50
"The Aether","aether_legacy:carved_wall",0.50,0.50
"The Aether","aether_legacy:chest_mimic",2.00,10.00
"The Aether","aether_legacy:crystal_leaves",0.20,1.00
"The Aether","aether_legacy:dungeon_block",0.50,2.50
"The Aether","aether_legacy:dungeon_trap",-1.00,18000000.00
"The Aether","aether_legacy:enchanted_aether_grass",0.20,1.00
"The Aether","aether_legacy:enchanted_gravitite",5.00,25.00
"The Aether","aether_legacy:enchanter",2.00,10.00
"The Aether","aether_legacy:freezer",2.50,12.50
"The Aether","aether_legacy:golden_oak_sapling",0.00,0.00
"The Aether","aether_legacy:gravitite_ore",5.00,25.00
"The Aether","aether_legacy:hellfire_double_slab",2.00,30.00
"The Aether","aether_legacy:hellfire_slab",0.50,30.00
"The Aether","aether_legacy:hellfire_stairs",0.50,2.50
"The Aether","aether_legacy:hellfire_wall",0.50,0.50
"The Aether","aether_legacy:holiday_leaves",0.20,1.00
"The Aether","aether_legacy:holystone",0.50,2.50
"The Aether","aether_legacy:holystone_brick",0.50,30.00
"The Aether","aether_legacy:holystone_brick_double_slab",2.00,30.00
"The Aether","aether_legacy:holystone_brick_slab",0.50,30.00
"The Aether","aether_legacy:holystone_brick_stairs",0.50,30.00
"The Aether","aether_legacy:holystone_brick_wall",0.50,0.50
"The Aether","aether_legacy:holystone_button",0.50,2.50
"The Aether","aether_legacy:holystone_double_slab",2.00,30.00
"The Aether","aether_legacy:holystone_pressure_plate",0.50,2.50
"The Aether","aether_legacy:holystone_slab",0.50,30.00
"The Aether","aether_legacy:holystone_stairs",0.50,2.50
"The Aether","aether_legacy:holystone_wall",0.50,0.50
"The Aether","aether_legacy:icestone",3.00,15.00
"The Aether","aether_legacy:incubator",2.00,10.00
"The Aether","aether_legacy:locked_dungeon_block",-1.00,7500.00
"The Aether","aether_legacy:mossy_holystone",0.50,2.50
"The Aether","aether_legacy:mossy_holystone_double_slab",2.00,30.00
"The Aether","aether_legacy:mossy_holystone_slab",0.50,30.00
"The Aether","aether_legacy:mossy_holystone_stairs",0.50,2.50
"The Aether","aether_legacy:mossy_holystone_wall",0.50,0.50
"The Aether","aether_legacy:pillar",0.50,2.50
"The Aether","aether_legacy:pillar_top",0.50,2.50
"The Aether","aether_legacy:present",0.60,3.00
"The Aether","aether_legacy:purple_flower",0.00,0.00
"The Aether","aether_legacy:quicksoil",0.50,2.50
"The Aether","aether_legacy:quicksoil_glass",0.20,1.00
"The Aether","aether_legacy:quicksoil_glass_pane",0.20,1.00
"The Aether","aether_legacy:skyroot_bed",0.20,1.00
"The Aether","aether_legacy:skyroot_bookshelf",2.00,15.00
"The Aether","aether_legacy:skyroot_button",0.50,2.50
"The Aether","aether_legacy:skyroot_chest",2.50,12.50
"The Aether","aether_legacy:skyroot_crafting_table",2.50,12.50
"The Aether","aether_legacy:skyroot_door",3.00,15.00
"The Aether","aether_legacy:skyroot_double_slab",2.00,15.00
"The Aether","aether_legacy:skyroot_fence",2.00,15.00
"The Aether","aether_legacy:skyroot_fence_gate",2.00,15.00
"The Aether","aether_legacy:skyroot_ladder",0.40,2.00
"The Aether","aether_legacy:skyroot_plank",2.00,15.00
"The Aether","aether_legacy:skyroot_pressure_plate",0.50,2.50
"The Aether","aether_legacy:skyroot_sapling",0.00,0.00
"The Aether","aether_legacy:skyroot_slab",2.00,15.00
"The Aether","aether_legacy:skyroot_stairs",2.00,15.00
"The Aether","aether_legacy:skyroot_standing_sign",1.00,5.00
"The Aether","aether_legacy:skyroot_trapdoor",3.00,15.00
"The Aether","aether_legacy:skyroot_wall_sign",1.00,5.00
"The Aether","aether_legacy:sun_altar",2.50,12.50
"The Aether","aether_legacy:treasure_chest",-1.00,6000.00
"The Aether","aether_legacy:white_flower",0.00,0.00
"The Aether","aether_legacy:zanite_bars",5.00,30.00
"The Aether","aether_legacy:zanite_block",3.00,15.00
"The Aether","aether_legacy:zanite_door",5.00,25.00
"The Aether","aether_legacy:zanite_ore",3.00,15.00
"The Aether","aether_legacy:zanite_pressure_plate",0.50,2.50
"The Aether","aether_legacy:zanite_trapdoor",5.00,25.00
"The Farlanders","farlanders:endumium_block",2.00,10.00
"The Farlanders","farlanders:endumium_ore",2.00,10.00
"TorchMaster","torchmaster:dread_lamp",1.50,3.00
"TorchMaster","torchmaster:feral_flare_lantern",0.00,0.00
"TorchMaster","torchmaster:invisible_light",0.00,0.00
"TorchMaster","torchmaster:mega_torch",1.50,3.00
"TorchMaster","torchmaster:terrain_lighter",1.00,9.00
"ToroQuest Revampd","toroquest:royalblock",0.00,0.00
"ToroQuest Revampd","toroquest:torospawnerblock",0.00,0.00
"Traces of the Fallen","totf:armillary",1.00,3.00
"Traces of the Fallen","totf:bush_crate",1.50,15.00
"Traces of the Fallen","totf:grave_marker",3.00,15.00
"Traces of the Fallen","totf:grave_rose",0.00,0.00
"Traces of the Fallen","totf:lost_cargo",1.50,15.00
"Traces of the Fallen","totf:lost_crate_potions",1.50,15.00
"Traces of the Fallen","totf:rose",0.00,0.00
"Traces of the Fallen","totf:skeleton_crate",1.50,15.00
"Traces of the Fallen","totf:stone_circle",-1.00,18000000.00
"Traces of the Fallen","totf:tent",1.50,15.00
"Traces of the Fallen","totf:tent_abandoned",1.50,15.00
"Traces of the Fallen","totf:tent_abandoned_idol",1.50,15.00
"Traverse","traverse:blue_rock",1.50,30.00
"Traverse","traverse:blue_rock_bricks",1.50,30.00
"Traverse","traverse:blue_rock_bricks_chiseled",1.50,30.00
"Traverse","traverse:blue_rock_bricks_double_slab",2.00,30.00
"Traverse","traverse:blue_rock_bricks_slab",2.00,30.00
"Traverse","traverse:blue_rock_bricks_stairs",1.50,30.00
"Traverse","traverse:blue_rock_cobblestone",1.50,30.00
"Traverse","traverse:blue_rock_cobblestone_double_slab",2.00,30.00
"Traverse","traverse:blue_rock_cobblestone_slab",2.00,30.00
"Traverse","traverse:blue_rock_cobblestone_stairs",1.50,30.00
"Traverse","traverse:blue_rock_cobblestone_wall",1.50,30.00
"Traverse","traverse:blue_rock_double_slab",2.00,30.00
"Traverse","traverse:blue_rock_slab",2.00,30.00
"Traverse","traverse:brown_autumnal_leaves",0.20,1.00
"Traverse","traverse:brown_autumnal_sapling",0.00,0.00
"Traverse","traverse:cold_grass",0.00,0.00
"Traverse","traverse:dead_grass",0.00,0.00
"Traverse","traverse:fir_door",3.00,15.00
"Traverse","traverse:fir_double_slab",2.00,45.00
"Traverse","traverse:fir_fence",2.00,15.00
"Traverse","traverse:fir_fence_gate",2.00,15.00
"Traverse","traverse:fir_leaves",0.20,1.00
"Traverse","traverse:fir_log",2.00,10.00
"Traverse","traverse:fir_planks",2.00,45.00
"Traverse","traverse:fir_sapling",0.00,0.00
"Traverse","traverse:fir_slab",2.00,45.00
"Traverse","traverse:fir_stairs",2.00,45.00
"Traverse","traverse:orange_autumnal_leaves",0.20,1.00
"Traverse","traverse:orange_autumnal_sapling",0.00,0.00
"Traverse","traverse:red_autumnal_leaves",0.20,1.00
"Traverse","traverse:red_autumnal_sapling",0.00,0.00
"Traverse","traverse:red_rock",1.50,30.00
"Traverse","traverse:red_rock_bricks",1.50,30.00
"Traverse","traverse:red_rock_bricks_chiseled",1.50,30.00
"Traverse","traverse:red_rock_bricks_double_slab",2.00,30.00
"Traverse","traverse:red_rock_bricks_slab",2.00,30.00
"Traverse","traverse:red_rock_bricks_stairs",1.50,30.00
"Traverse","traverse:red_rock_cobblestone",1.50,30.00
"Traverse","traverse:red_rock_cobblestone_double_slab",2.00,30.00
"Traverse","traverse:red_rock_cobblestone_slab",2.00,30.00
"Traverse","traverse:red_rock_cobblestone_stairs",1.50,30.00
"Traverse","traverse:red_rock_cobblestone_wall",1.50,30.00
"Traverse","traverse:red_rock_double_slab",2.00,30.00
"Traverse","traverse:red_rock_slab",2.00,30.00
"Traverse","traverse:yellow_autumnal_leaves",0.20,1.00
"Traverse","traverse:yellow_autumnal_sapling",0.00,0.00
"Trinkets and Baubles","xat:cooled_magma",0.00,0.00
"Trinkets and Baubles","xat:moon_rose",0.00,0.00
"Trinkets and Baubles","xat:teddy_bear",0.00,0.00
"Trinkets and Baubles","xat:teddy_bear_artsy",0.00,0.00
"Trinkets and Baubles","xat:teddy_bear_bee",0.00,0.00
"Trinkets and Baubles","xat:teddy_bear_boom",0.00,0.00
"Trinkets and Baubles","xat:teddy_bear_ken",0.00,0.00
"Trinkets and Baubles","xat:teddy_bear_nyan",0.00,0.00
"Trinkets and Baubles","xat:teddy_bear_nyan_old",0.00,0.00
"Trinkets and Baubles","xat:teddy_bear_panda",0.00,0.00
"Trinkets and Baubles","xat:teddy_bear_rembo",0.00,0.00
"Trinkets and Baubles","xat:teddy_bear_rixxi",0.00,0.00
"Trinkets and Baubles","xat:teddy_bear_ryu",0.00,0.00
"Trinkets and Baubles","xat:teddy_bear_scary",0.00,0.00
"Trinkets and Baubles","xat:teddy_bear_shivaxi",0.00,0.00
"Trinkets and Baubles","xat:teddy_bear_snowie",0.00,0.00
"Trinkets and Baubles","xat:teddy_bear_twilight",0.00,0.00
"Unseen's Dungeon Additions","da:adventure_block",3.00,18.00
"Unseen's Dungeon Additions","da:aegyptia_block",3.00,18.00
"Unseen's Dungeon Additions","da:aegyptian_spawner",-1.00,30000.00
"Unseen's Dungeon Additions","da:alfera_crate",1.50,15.00
"Unseen's Dungeon Additions","da:alfera_planks",1.50,15.00
"Unseen's Dungeon Additions","da:alfera_planks_rod",1.50,15.00
"Unseen's Dungeon Additions","da:az_fence",1.70,30.00
"Unseen's Dungeon Additions","da:aza_vines",0.00,0.00
"Unseen's Dungeon Additions","da:aza_vines_berries",0.00,0.00
"Unseen's Dungeon Additions","da:azaela_leaf",0.20,6.00
"Unseen's Dungeon Additions","da:boss_resummon",-1.00,0.00
"Unseen's Dungeon Additions","da:cave_spawner",-1.00,3000.00
"Unseen's Dungeon Additions","da:change_block",50.00,6000.00
"Unseen's Dungeon Additions","da:chisled_fire_stone",1.70,30.00
"Unseen's Dungeon Additions","da:city_brick",3.00,18.00
"Unseen's Dungeon Additions","da:city_brick_alt",3.00,18.00
"Unseen's Dungeon Additions","da:city_brick_alt_double",3.00,18.00
"Unseen's Dungeon Additions","da:city_brick_alt_half",3.00,18.00
"Unseen's Dungeon Additions","da:city_brick_double",3.00,18.00
"Unseen's Dungeon Additions","da:city_brick_half",3.00,18.00
"Unseen's Dungeon Additions","da:city_brick_stairs",3.00,18.00
"Unseen's Dungeon Additions","da:city_brick_stairs_alt",3.00,18.00
"Unseen's Dungeon Additions","da:city_brick_wall",3.00,6.00
"Unseen's Dungeon Additions","da:city_brick_wall_alt",3.00,6.00
"Unseen's Dungeon Additions","da:city_chisled",3.00,18.00
"Unseen's Dungeon Additions","da:city_decoration",3.00,18.00
"Unseen's Dungeon Additions","da:city_pillar",3.00,18.00
"Unseen's Dungeon Additions","da:city_pillar_chisled",3.00,18.00
"Unseen's Dungeon Additions","da:city_smooth",3.00,18.00
"Unseen's Dungeon Additions","da:city_smooth_wall",3.00,6.00
"Unseen's Dungeon Additions","da:city_tile",3.00,18.00
"Unseen's Dungeon Additions","da:city_tile_double",3.00,18.00
"Unseen's Dungeon Additions","da:city_tile_half",3.00,18.00
"Unseen's Dungeon Additions","da:city_tile_stairs",3.00,18.00
"Unseen's Dungeon Additions","da:city_tile_wall",3.00,6.00
"Unseen's Dungeon Additions","da:cold_brick",3.00,18.00
"Unseen's Dungeon Additions","da:cold_brick_double",3.00,18.00
"Unseen's Dungeon Additions","da:cold_brick_half",3.00,18.00
"Unseen's Dungeon Additions","da:cold_brick_lamp",3.00,18.00
"Unseen's Dungeon Additions","da:cold_brick_stairs",3.00,18.00
"Unseen's Dungeon Additions","da:cold_brick_wall",3.00,6.00
"Unseen's Dungeon Additions","da:cold_carved",3.00,18.00
"Unseen's Dungeon Additions","da:cold_pillar",3.00,18.00
"Unseen's Dungeon Additions","da:cold_rough",3.00,18.00
"Unseen's Dungeon Additions","da:cold_smooth",3.00,18.00
"Unseen's Dungeon Additions","da:cold_smooth_double",3.00,18.00
"Unseen's Dungeon Additions","da:cold_smooth_half",3.00,18.00
"Unseen's Dungeon Additions","da:cold_smooth_stairs",3.00,18.00
"Unseen's Dungeon Additions","da:cold_smooth_wall",3.00,6.00
"Unseen's Dungeon Additions","da:cold_stone",3.00,18.00
"Unseen's Dungeon Additions","da:cold_stone_double",3.00,18.00
"Unseen's Dungeon Additions","da:cold_stone_half",3.00,18.00
"Unseen's Dungeon Additions","da:cold_stone_stairs",3.00,18.00
"Unseen's Dungeon Additions","da:cold_stone_wall",3.00,6.00
"Unseen's Dungeon Additions","da:cold_triangle",3.00,18.00
"Unseen's Dungeon Additions","da:coralite",3.00,18.00
"Unseen's Dungeon Additions","da:coralite_brick",3.00,18.00
"Unseen's Dungeon Additions","da:coralite_brick_double",3.00,18.00
"Unseen's Dungeon Additions","da:coralite_brick_half",3.00,18.00
"Unseen's Dungeon Additions","da:coralite_brick_stairs",3.00,18.00
"Unseen's Dungeon Additions","da:coralite_brick_wall",3.00,6.00
"Unseen's Dungeon Additions","da:coralite_chain",1.70,30.00
"Unseen's Dungeon Additions","da:coralite_decoration_brick",3.00,18.00
"Unseen's Dungeon Additions","da:coralite_decoration_tile",3.00,18.00
"Unseen's Dungeon Additions","da:coralite_lamp",3.00,18.00
"Unseen's Dungeon Additions","da:coralite_pillar",3.00,18.00
"Unseen's Dungeon Additions","da:coralite_tile",3.00,18.00
"Unseen's Dungeon Additions","da:coralite_tile_double",3.00,18.00
"Unseen's Dungeon Additions","da:coralite_tile_half",3.00,18.00
"Unseen's Dungeon Additions","da:coralite_tile_wall",3.00,6.00
"Unseen's Dungeon Additions","da:coralite_tiled_stairs",3.00,18.00
"Unseen's Dungeon Additions","da:crypt_block",3.00,18.00
"Unseen's Dungeon Additions","da:dark_brick",3.00,18.00
"Unseen's Dungeon Additions","da:dark_spawner",-1.00,3000.00
"Unseen's Dungeon Additions","da:darkglow_bars",3.00,18.00
"Unseen's Dungeon Additions","da:darkglow_brick_double",3.00,18.00
"Unseen's Dungeon Additions","da:darkglow_brick_half",3.00,18.00
"Unseen's Dungeon Additions","da:darkglow_brick_stairs",3.00,18.00
"Unseen's Dungeon Additions","da:darkglow_brick_wall",3.00,6.00
"Unseen's Dungeon Additions","da:darkglow_bricks",3.00,18.00
"Unseen's Dungeon Additions","da:darkglow_decoration_bricks",3.00,18.00
"Unseen's Dungeon Additions","da:darkglow_lit_bricks",3.00,18.00
"Unseen's Dungeon Additions","da:darkglow_lit_decoration_bricks",3.00,18.00
"Unseen's Dungeon Additions","da:darkglow_pillar",3.00,18.00
"Unseen's Dungeon Additions","da:darkglow_pillar_eye",3.00,18.00
"Unseen's Dungeon Additions","da:darkglow_pillar_lit",-1.00,18.00
"Unseen's Dungeon Additions","da:darkglow_stonebrick_double",3.00,18.00
"Unseen's Dungeon Additions","da:darkglow_stonebrick_half",3.00,18.00
"Unseen's Dungeon Additions","da:darkglow_stonebrick_stairs",3.00,18.00
"Unseen's Dungeon Additions","da:darkglow_stonebrick_wall",3.00,6.00
"Unseen's Dungeon Additions","da:darkglow_stonebricks",3.00,18.00
"Unseen's Dungeon Additions","da:darkglow_tile",3.00,18.00
"Unseen's Dungeon Additions","da:dungeon_brick",1.70,30.00
"Unseen's Dungeon Additions","da:dungeon_brick_double",1.70,30.00
"Unseen's Dungeon Additions","da:dungeon_brick_half",1.70,30.00
"Unseen's Dungeon Additions","da:dungeon_brick_stairs",1.70,30.00
"Unseen's Dungeon Additions","da:dungeon_brick_wall",1.70,10.00
"Unseen's Dungeon Additions","da:end_spawner",-1.00,3000.00
"Unseen's Dungeon Additions","da:fake_obsidian",-1.00,6000.00
"Unseen's Dungeon Additions","da:farum_lantern",3.00,18.00
"Unseen's Dungeon Additions","da:farum_rope",0.20,6.00
"Unseen's Dungeon Additions","da:farum_stone",3.00,18.00
"Unseen's Dungeon Additions","da:fire_stone",1.70,6000.00
"Unseen's Dungeon Additions","da:fire_stone_double",1.70,6000.00
"Unseen's Dungeon Additions","da:fire_stone_half",1.70,6000.00
"Unseen's Dungeon Additions","da:fire_stone_lit",1.70,6000.00
"Unseen's Dungeon Additions","da:fire_stone_stairs",1.70,6000.00
"Unseen's Dungeon Additions","da:fire_stone_wall",1.70,2000.00
"Unseen's Dungeon Additions","da:frost_icicle",0.20,6.00
"Unseen's Dungeon Additions","da:frost_key_block",-1.00,30000.00
"Unseen's Dungeon Additions","da:frostborn_block",3.00,18.00
"Unseen's Dungeon Additions","da:gaelon_chunk",0.20,6.00
"Unseen's Dungeon Additions","da:gaelon_crystal",50.00,6000.00
"Unseen's Dungeon Additions","da:gaelon_spawner",-1.00,3000.00
"Unseen's Dungeon Additions","da:gem_chisled_end_stone",1.70,30.00
"Unseen's Dungeon Additions","da:gem_end_stone",1.70,30.00
"Unseen's Dungeon Additions","da:gem_end_stone_double",1.70,30.00
"Unseen's Dungeon Additions","da:gem_end_stone_half",1.70,30.00
"Unseen's Dungeon Additions","da:gem_end_stone_stairs",1.70,30.00
"Unseen's Dungeon Additions","da:gem_end_stone_wall",1.70,10.00
"Unseen's Dungeon Additions","da:gloom_brick",3.00,18.00
"Unseen's Dungeon Additions","da:gloom_brick_double",3.00,18.00
"Unseen's Dungeon Additions","da:gloom_brick_half",3.00,18.00
"Unseen's Dungeon Additions","da:gloom_brick_stairs",3.00,18.00
"Unseen's Dungeon Additions","da:gloom_brick_wall",3.00,6.00
"Unseen's Dungeon Additions","da:gloom_carved",3.00,18.00
"Unseen's Dungeon Additions","da:gloom_pillar",3.00,18.00
"Unseen's Dungeon Additions","da:gloom_rough",3.00,18.00
"Unseen's Dungeon Additions","da:gloom_smooth",3.00,18.00
"Unseen's Dungeon Additions","da:gloom_smooth_double",3.00,18.00
"Unseen's Dungeon Additions","da:gloom_smooth_half",3.00,18.00
"Unseen's Dungeon Additions","da:gloom_smooth_stairs",3.00,18.00
"Unseen's Dungeon Additions","da:gloom_smooth_wall",3.00,6.00
"Unseen's Dungeon Additions","da:gloom_stone",3.00,18.00
"Unseen's Dungeon Additions","da:gloom_stone_double",3.00,18.00
"Unseen's Dungeon Additions","da:gloom_stone_half",3.00,18.00
"Unseen's Dungeon Additions","da:gloom_stone_stairs",3.00,18.00
"Unseen's Dungeon Additions","da:gloom_stone_wall",3.00,6.00
"Unseen's Dungeon Additions","da:gloom_triangle",3.00,18.00
"Unseen's Dungeon Additions","da:gold_city_brick",3.00,18.00
"Unseen's Dungeon Additions","da:gold_city_brick_double",3.00,18.00
"Unseen's Dungeon Additions","da:gold_city_brick_half",3.00,18.00
"Unseen's Dungeon Additions","da:gold_city_brick_stairs",3.00,18.00
"Unseen's Dungeon Additions","da:gold_city_brick_wall",3.00,6.00
"Unseen's Dungeon Additions","da:grum_blocker",-1.00,18.00
"Unseen's Dungeon Additions","da:grum_brick",3.00,18.00
"Unseen's Dungeon Additions","da:grum_brick_double",3.00,18.00
"Unseen's Dungeon Additions","da:grum_brick_half",3.00,18.00
"Unseen's Dungeon Additions","da:grum_brick_stairs",3.00,18.00
"Unseen's Dungeon Additions","da:grum_brick_wall",3.00,6.00
"Unseen's Dungeon Additions","da:grum_chisled",3.00,18.00
"Unseen's Dungeon Additions","da:grum_chisled_tile",3.00,18.00
"Unseen's Dungeon Additions","da:grum_dispenser",-1.00,18.00
"Unseen's Dungeon Additions","da:grum_displacer",-1.00,18.00
"Unseen's Dungeon Additions","da:grum_pillar",3.00,18.00
"Unseen's Dungeon Additions","da:grum_smooth",3.00,18.00
"Unseen's Dungeon Additions","da:grum_stone",3.00,18.00
"Unseen's Dungeon Additions","da:grum_tile",3.00,18.00
"Unseen's Dungeon Additions","da:grum_tile_r",50.00,6000.00
"Unseen's Dungeon Additions","da:high_spawner",-1.00,3000.00
"Unseen's Dungeon Additions","da:knight_key_block",-1.00,30000.00
"Unseen's Dungeon Additions","da:knight_stone",1.70,30.00
"Unseen's Dungeon Additions","da:levitation_block",1.70,6000.00
"Unseen's Dungeon Additions","da:litic_block",3.00,18.00
"Unseen's Dungeon Additions","da:mega_structure",0.00,0.00
"Unseen's Dungeon Additions","da:moss_block",0.20,6.00
"Unseen's Dungeon Additions","da:moss_carpet",0.00,0.00
"Unseen's Dungeon Additions","da:moss_spawner",-1.00,3000.00
"Unseen's Dungeon Additions","da:mossy_dungeon_brick",1.70,30.00
"Unseen's Dungeon Additions","da:mossy_spruce",1.50,15.00
"Unseen's Dungeon Additions","da:novik_block",3.00,18.00
"Unseen's Dungeon Additions","da:obsidian_end_frame",-1.00,0.00
"Unseen's Dungeon Additions","da:obsidilith_rune",50.00,6000.00
"Unseen's Dungeon Additions","da:puzzle_mirror",-1.00,18.00
"Unseen's Dungeon Additions","da:sky_key_block",-1.00,30000.00
"Unseen's Dungeon Additions","da:snow_cold_brick",3.00,18.00
"Unseen's Dungeon Additions","da:soul_star_block",-1.00,30000.00
"Unseen's Dungeon Additions","da:spore_blossom",0.20,6.00
"Unseen's Dungeon Additions","da:stormvier_block",3.00,18.00
"Unseen's Dungeon Additions","da:strong_block",-1.00,6000.00
"Unseen's Dungeon Additions","da:temple_spawner",-1.00,3000.00
"Unseen's Dungeon Additions","da:void_lily",0.00,0.00
"Unseens Nether Backport","nb:basalt",1.25,21.00
"Unseens Nether Backport","nb:black_bricks_slab_double",1.70,30.00
"Unseens Nether Backport","nb:black_bricks_slab_half",1.70,30.00
"Unseens Nether Backport","nb:black_stone",1.70,30.00
"Unseens Nether Backport","nb:black_stone_brick_stairs",1.70,30.00
"Unseens Nether Backport","nb:black_stone_bricks",1.70,30.00
"Unseens Nether Backport","nb:black_stone_slab_double",1.70,30.00
"Unseens Nether Backport","nb:black_stone_slab_half",1.70,30.00
"Unseens Nether Backport","nb:black_stone_stairs",1.70,30.00
"Unseens Nether Backport","nb:black_stone_wall",1.70,10.00
"Unseens Nether Backport","nb:bricks_stone_wall",1.70,10.00
"Unseens Nether Backport","nb:chain_block",1.70,30.00
"Unseens Nether Backport","nb:chisled_polished_black_stone",1.70,30.00
"Unseens Nether Backport","nb:cracked_stone_bricks",1.70,30.00
"Unseens Nether Backport","nb:crimson_door",1.50,15.00
"Unseens Nether Backport","nb:crimson_fence",1.50,15.00
"Unseens Nether Backport","nb:crimson_fungus",0.00,0.00
"Unseens Nether Backport","nb:crimson_gate",1.50,15.00
"Unseens Nether Backport","nb:crimson_grass",0.40,1.20
"Unseens Nether Backport","nb:crimson_hyphae",1.50,15.00
"Unseens Nether Backport","nb:crimson_planks",1.50,15.00
"Unseens Nether Backport","nb:crimson_roots",0.00,0.00
"Unseens Nether Backport","nb:crimson_slab_double",1.50,15.00
"Unseens Nether Backport","nb:crimson_slab_half",1.50,15.00
"Unseens Nether Backport","nb:crimson_stairs",1.50,15.00
"Unseens Nether Backport","nb:crimson_stem",1.50,15.00
"Unseens Nether Backport","nb:crimson_trapdoor",1.50,15.00
"Unseens Nether Backport","nb:crimson_vine",0.00,0.00
"Unseens Nether Backport","nb:crimson_wart",1.00,3.00
"Unseens Nether Backport","nb:cry_obi",50.00,6000.00
"Unseens Nether Backport","nb:gilded_blackstone",1.70,30.00
"Unseens Nether Backport","nb:lode_stone",3.50,10.50
"Unseens Nether Backport","nb:nether_gold_ore",3.00,15.00
"Unseens Nether Backport","nb:piglin_head",1.00,5.00
"Unseens Nether Backport","nb:polished_basalt",1.25,21.00
"Unseens Nether Backport","nb:polished_black_stone",1.70,30.00
"Unseens Nether Backport","nb:polished_black_stone_slab_double",1.70,30.00
"Unseens Nether Backport","nb:polished_black_stone_slab_half",1.70,30.00
"Unseens Nether Backport","nb:polished_black_stone_stairs",1.70,30.00
"Unseens Nether Backport","nb:polished_stone_wall",1.70,10.00
"Unseens Nether Backport","nb:quartz_bricks",1.70,30.00
"Unseens Nether Backport","nb:respawn_anchor",50.00,6000.00
"Unseens Nether Backport","nb:shroom_light",1.00,3.00
"Unseens Nether Backport","nb:smooth_basalt",1.25,21.00
"Unseens Nether Backport","nb:soul_fire",0.00,0.00
"Unseens Nether Backport","nb:soul_lantern",3.50,10.50
"Unseens Nether Backport","nb:soul_soil",0.50,1.50
"Unseens Nether Backport","nb:soul_torch",0.00,0.00
"Unseens Nether Backport","nb:warped_door",1.50,15.00
"Unseens Nether Backport","nb:warped_fence",1.50,15.00
"Unseens Nether Backport","nb:warped_fungus",0.00,0.00
"Unseens Nether Backport","nb:warped_gate",1.50,15.00
"Unseens Nether Backport","nb:warped_grass",0.40,1.20
"Unseens Nether Backport","nb:warped_hyphae",1.50,15.00
"Unseens Nether Backport","nb:warped_planks",1.50,15.00
"Unseens Nether Backport","nb:warped_roots",0.00,0.00
"Unseens Nether Backport","nb:warped_slab_double",1.50,15.00
"Unseens Nether Backport","nb:warped_slab_half",1.50,15.00
"Unseens Nether Backport","nb:warped_sprout",0.00,0.00
"Unseens Nether Backport","nb:warped_stairs",1.50,15.00
"Unseens Nether Backport","nb:warped_stem",1.50,15.00
"Unseens Nether Backport","nb:warped_trapdoor",1.50,15.00
"Unseens Nether Backport","nb:warped_vine",0.00,0.00
"Unseens Nether Backport","nb:warped_wart",1.00,3.00
"Village Names","villagenames:lunaringoldbrick",2.00,18.00
"Village Names","villagenames:lunarinironbrick",3.30,18.00
"Waystones","waystones:waystone",5.00,6000.00
"Wizardry Golems by Dan","wizardrygolems:living_snow",0.00,0.00
"Wizardry Golems by Dan","wizardrygolems:permafrost_custom",0.00,0.00
"Wizardry Tales","wizardry_tales:blooming_flower",0.00,0.00
"Wizardry Tales","wizardry_tales:conjured_air",-1.00,18000000.00
"WizardryNecromancersDelight","necromancersdelight:temporary_glowshroom",0.00,0.00
"Zoo and Wild Animals Mod: Rebuilt","zawa:agavoid",0.00,0.00
"Zoo and Wild Animals Mod: Rebuilt","zawa:amazon_sword",0.00,0.00
"Zoo and Wild Animals Mod: Rebuilt","zawa:arctic_moss",0.00,0.00
"Zoo and Wild Animals Mod: Rebuilt","zawa:bald_eagle_plush",0.00,0.00
"Zoo and Wild Animals Mod: Rebuilt","zawa:bamboo",0.50,27.00
"Zoo and Wild Animals Mod: Rebuilt","zawa:bamboo_decortation",0.50,27.00
"Zoo and Wild Animals Mod: Rebuilt","zawa:bamboo_fence",0.70,27.00
"Zoo and Wild Animals Mod: Rebuilt","zawa:bar_fence",0.70,27.00
"Zoo and Wild Animals Mod: Rebuilt","zawa:bar_grate",0.50,27.00
"Zoo and Wild Animals Mod: Rebuilt","zawa:bar_grate_double",0.50,27.00
"Zoo and Wild Animals Mod: Rebuilt","zawa:barfence_door",0.40,9.90
"Zoo and Wild Animals Mod: Rebuilt","zawa:barrel",0.50,27.00
"Zoo and Wild Animals Mod: Rebuilt","zawa:bassia",0.00,0.00
"Zoo and Wild Animals Mod: Rebuilt","zawa:beeplant",0.00,0.00
"Zoo and Wild Animals Mod: Rebuilt","zawa:bellflowers",0.00,0.00
"Zoo and Wild Animals Mod: Rebuilt","zawa:bench",0.20,9.00
"Zoo and Wild Animals Mod: Rebuilt","zawa:binoculars",0.00,0.00
"Zoo and Wild Animals Mod: Rebuilt","zawa:bird_perch",0.20,9.00
"Zoo and Wild Animals Mod: Rebuilt","zawa:bladderwrack",0.00,0.00
"Zoo and Wild Animals Mod: Rebuilt","zawa:brain_coral",0.00,0.00
"Zoo and Wild Animals Mod: Rebuilt","zawa:bromeliad",0.00,0.00
"Zoo and Wild Animals Mod: Rebuilt","zawa:campfire",0.50,15.00
"Zoo and Wild Animals Mod: Rebuilt","zawa:chiltepin",0.00,0.00
"Zoo and Wild Animals Mod: Rebuilt","zawa:cinnamon_fern",0.00,0.00
"Zoo and Wild Animals Mod: Rebuilt","zawa:cockatoo_plush",0.00,0.00
"Zoo and Wild Animals Mod: Rebuilt","zawa:coralberry",0.00,0.00
"Zoo and Wild Animals Mod: Rebuilt","zawa:creeping_tick_trefoil",0.00,0.00
"Zoo and Wild Animals Mod: Rebuilt","zawa:dolphin_plush",0.00,0.00
"Zoo and Wild Animals Mod: Rebuilt","zawa:dried_bamboo",0.50,27.00
"Zoo and Wild Animals Mod: Rebuilt","zawa:dried_bamboo_decortation",0.50,27.00
"Zoo and Wild Animals Mod: Rebuilt","zawa:electric_fence",0.70,27.00
"Zoo and Wild Animals Mod: Rebuilt","zawa:elegance_coral",0.00,0.00
"Zoo and Wild Animals Mod: Rebuilt","zawa:elephant_plush",0.00,0.00
"Zoo and Wild Animals Mod: Rebuilt","zawa:enrichment_ball",0.00,0.00
"Zoo and Wild Animals Mod: Rebuilt","zawa:eucalyptus_bottom",0.00,0.00
"Zoo and Wild Animals Mod: Rebuilt","zawa:eucalyptus_top",0.00,0.00
"Zoo and Wild Animals Mod: Rebuilt","zawa:eugenia_bottom",0.00,0.00
"Zoo and Wild Animals Mod: Rebuilt","zawa:eugenia_top",0.00,0.00
"Zoo and Wild Animals Mod: Rebuilt","zawa:exhibit_glass",0.30,9.00
"Zoo and Wild Animals Mod: Rebuilt","zawa:exhibit_glass_pane",0.30,9.00
"Zoo and Wild Animals Mod: Rebuilt","zawa:fan_palm_bottom",0.00,0.00
"Zoo and Wild Animals Mod: Rebuilt","zawa:fan_palm_top",0.00,0.00
"Zoo and Wild Animals Mod: Rebuilt","zawa:fire_coral",0.00,0.00
"Zoo and Wild Animals Mod: Rebuilt","zawa:giraffe_plush",0.00,0.00
"Zoo and Wild Animals Mod: Rebuilt","zawa:gold_wall_lamp",0.50,27.00
"Zoo and Wild Animals Mod: Rebuilt","zawa:golden_barrel_cactus",0.00,0.00
"Zoo and Wild Animals Mod: Rebuilt","zawa:golden_sparks",0.00,0.00
"Zoo and Wild Animals Mod: Rebuilt","zawa:gorilla_plush",0.00,0.00
"Zoo and Wild Animals Mod: Rebuilt","zawa:gracilaria",0.00,0.00
"Zoo and Wild Animals Mod: Rebuilt","zawa:grizzly_plush",0.00,0.00
"Zoo and Wild Animals Mod: Rebuilt","zawa:hanging_ball",0.00,0.00
"Zoo and Wild Animals Mod: Rebuilt","zawa:heat_lamp",0.20,9.00
"Zoo and Wild Animals Mod: Rebuilt","zawa:iron_wall_lamp",0.50,27.00
"Zoo and Wild Animals Mod: Rebuilt","zawa:jinns_tongue",0.00,0.00
"Zoo and Wild Animals Mod: Rebuilt","zawa:kangaroo_plush",0.00,0.00
"Zoo and Wild Animals Mod: Rebuilt","zawa:karvy_bottom",0.00,0.00
"Zoo and Wild Animals Mod: Rebuilt","zawa:karvy_top",0.00,0.00
"Zoo and Wild Animals Mod: Rebuilt","zawa:kelp",0.00,0.00
"Zoo and Wild Animals Mod: Rebuilt","zawa:koala_plush",0.00,0.00
"Zoo and Wild Animals Mod: Rebuilt","zawa:lamp_base",0.20,9.00
"Zoo and Wild Animals Mod: Rebuilt","zawa:lamp_middle",0.20,9.00
"Zoo and Wild Animals Mod: Rebuilt","zawa:lamp_top",0.20,9.00
"Zoo and Wild Animals Mod: Rebuilt","zawa:large_sea_anemone",0.00,0.00
"Zoo and Wild Animals Mod: Rebuilt","zawa:large_sea_urchin",0.00,0.00
"Zoo and Wild Animals Mod: Rebuilt","zawa:legume",0.00,0.00
"Zoo and Wild Animals Mod: Rebuilt","zawa:lettuce_coral",0.00,0.00
"Zoo and Wild Animals Mod: Rebuilt","zawa:light",0.00,0.00
"Zoo and Wild Animals Mod: Rebuilt","zawa:lion_plush",0.00,0.00
"Zoo and Wild Animals Mod: Rebuilt","zawa:macaw_plush",0.00,0.00
"Zoo and Wild Animals Mod: Rebuilt","zawa:macaw_plush_red",0.00,0.00
"Zoo and Wild Animals Mod: Rebuilt","zawa:maireana",0.00,0.00
"Zoo and Wild Animals Mod: Rebuilt","zawa:mimosa_pudica",0.00,0.00
"Zoo and Wild Animals Mod: Rebuilt","zawa:mixed_coral_plates",0.00,0.00
"Zoo and Wild Animals Mod: Rebuilt","zawa:mixed_coral_rocks",0.00,0.00
"Zoo and Wild Animals Mod: Rebuilt","zawa:mixed_stone",0.70,27.00
"Zoo and Wild Animals Mod: Rebuilt","zawa:mixed_stone_mossy",0.70,27.00
"Zoo and Wild Animals Mod: Rebuilt","zawa:monkey_plush",0.00,0.00
"Zoo and Wild Animals Mod: Rebuilt","zawa:moose_plush",0.00,0.00
"Zoo and Wild Animals Mod: Rebuilt","zawa:octopus_plush",0.00,0.00
"Zoo and Wild Animals Mod: Rebuilt","zawa:okapi_plush",0.00,0.00
"Zoo and Wild Animals Mod: Rebuilt","zawa:onion_grass",0.00,0.00
"Zoo and Wild Animals Mod: Rebuilt","zawa:orca_plush",0.00,0.00
"Zoo and Wild Animals Mod: Rebuilt","zawa:ostritch_fern",0.00,0.00
"Zoo and Wild Animals Mod: Rebuilt","zawa:paving_stone",0.70,27.00
"Zoo and Wild Animals Mod: Rebuilt","zawa:peach_flower",0.00,0.00
"Zoo and Wild Animals Mod: Rebuilt","zawa:platypus_plush",0.00,0.00
"Zoo and Wild Animals Mod: Rebuilt","zawa:powder_fence",0.70,27.00
"Zoo and Wild Animals Mod: Rebuilt","zawa:powder_fence_door",0.40,9.90
"Zoo and Wild Animals Mod: Rebuilt","zawa:powder_grate",0.50,27.00
"Zoo and Wild Animals Mod: Rebuilt","zawa:powder_grate_double",0.50,27.00
"Zoo and Wild Animals Mod: Rebuilt","zawa:pyropia",0.00,0.00
"Zoo and Wild Animals Mod: Rebuilt","zawa:recycle_bin",0.70,27.00
"Zoo and Wild Animals Mod: Rebuilt","zawa:red_panda_plush",0.00,0.00
"Zoo and Wild Animals Mod: Rebuilt","zawa:rhino_plush",0.00,0.00
"Zoo and Wild Animals Mod: Rebuilt","zawa:river_stone",0.70,27.00
"Zoo and Wild Animals Mod: Rebuilt","zawa:rope",0.00,0.00
"Zoo and Wild Animals Mod: Rebuilt","zawa:scratching_post",0.70,27.00
"Zoo and Wild Animals Mod: Rebuilt","zawa:sea_grass",0.00,0.00
"Zoo and Wild Animals Mod: Rebuilt","zawa:sea_urchin_tropical",0.00,0.00
"Zoo and Wild Animals Mod: Rebuilt","zawa:shark_plush",0.00,0.00
"Zoo and Wild Animals Mod: Rebuilt","zawa:small_sea_anemone",0.00,0.00
"Zoo and Wild Animals Mod: Rebuilt","zawa:small_sea_urchin",0.00,0.00
"Zoo and Wild Animals Mod: Rebuilt","zawa:spleenwort",0.00,0.00
"Zoo and Wild Animals Mod: Rebuilt","zawa:staghorn_coral",0.00,0.00
"Zoo and Wild Animals Mod: Rebuilt","zawa:steel_bars",0.70,27.00
"Zoo and Wild Animals Mod: Rebuilt","zawa:steel_grate",0.50,27.00
"Zoo and Wild Animals Mod: Rebuilt","zawa:steel_grate_double",0.50,27.00
"Zoo and Wild Animals Mod: Rebuilt","zawa:steelbar_door",0.40,9.90
"Zoo and Wild Animals Mod: Rebuilt","zawa:stonecrop",0.00,0.00
"Zoo and Wild Animals Mod: Rebuilt","zawa:swing_wheel",0.40,27.00
"Zoo and Wild Animals Mod: Rebuilt","zawa:temple_bells",0.00,0.00
"Zoo and Wild Animals Mod: Rebuilt","zawa:thin_rope",0.00,0.00
"Zoo and Wild Animals Mod: Rebuilt","zawa:tiger_plush",0.00,0.00
"Zoo and Wild Animals Mod: Rebuilt","zawa:turtle_plush",0.00,0.00
"Zoo and Wild Animals Mod: Rebuilt","zawa:underwater_feeder",0.50,27.00
"Zoo and Wild Animals Mod: Rebuilt","zawa:vine",0.00,0.00
"Zoo and Wild Animals Mod: Rebuilt","zawa:violet",0.00,0.00
"Zoo and Wild Animals Mod: Rebuilt","zawa:wall_lamp",0.50,27.00
"Zoo and Wild Animals Mod: Rebuilt","zawa:waste_bin",0.70,27.00
"Zoo and Wild Animals Mod: Rebuilt","zawa:water_bowl",0.00,0.00
"Zoo and Wild Animals Mod: Rebuilt","zawa:wild_celery",0.00,0.00
"Zoo and Wild Animals Mod: Rebuilt","zawa:wired_fence",0.70,27.00
"Zoo and Wild Animals Mod: Rebuilt","zawa:wired_grate",0.50,27.00
"Zoo and Wild Animals Mod: Rebuilt","zawa:wired_grate_double",0.50,27.00
"Zoo and Wild Animals Mod: Rebuilt","zawa:wirefence_door",0.40,9.90
"Zoo and Wild Animals Mod: Rebuilt","zawa:zebra_plush",0.00,0.00
"Zoo and Wild Animals Mod: Rebuilt","zawa:zebra_rainbow_plush",0.00,0.00
"iChunUtil","ichunutil:compact_porkchop",0.80,4.00
"uppers","uppers:upper",3.00,24.00
