"Mod name","Registry name","BlockID","Subtypes","Item ID","Item meta","Display name","Exists","Ore Dict keys"
"Abyssal Depths","abyssaldepths:seaweed",750,"false",4726,0,"Seaweed","true",""
"Ancient Warfare Automation","ancientwarfareautomation:animal_farm",757,"false",4762,0,"Animal Farm","true",""
"Ancient Warfare Automation","ancientwarfareautomation:auto_crafting",765,"false",4770,0,"Auto Crafting Table","true",""
"Ancient Warfare Automation","ancientwarfareautomation:chunk_loader_deluxe",778,"false",4783,0,"Deluxe Chunk Loader","true",""
"Ancient Warfare Automation","ancientwarfareautomation:chunk_loader_simple",777,"false",4782,0,"Simple Chunk Loader","true",""
"Ancient Warfare Automation","ancientwarfareautomation:crop_farm",755,"false",4760,0,"Crop Farm","true",""
"Ancient Warfare Automation","ancientwarfareautomation:fish_farm",758,"false",4763,0,"Fish Farm","true",""
"Ancient Warfare Automation","ancientwarfareautomation:flywheel_controller",767,"true",4772,0,"Light Flywheel Controller","true",""
"Ancient Warfare Automation","ancientwarfareautomation:flywheel_controller",767,"true",4772,1,"Medium Flywheel Controller","true",""
"Ancient Warfare Automation","ancientwarfareautomation:flywheel_controller",767,"true",4772,2,"Heavy Flywheel Controller","true",""
"Ancient Warfare Automation","ancientwarfareautomation:flywheel_storage",768,"true",4773,0,"Light Flywheel Energy Storage","true",""
"Ancient Warfare Automation","ancientwarfareautomation:flywheel_storage",768,"true",4773,1,"Medium Flywheel Energy Storage","true",""
"Ancient Warfare Automation","ancientwarfareautomation:flywheel_storage",768,"true",4773,2,"Heavy Flywheel Energy Storage","true",""
"Ancient Warfare Automation","ancientwarfareautomation:fruit_farm",756,"false",4761,0,"Fruit Farm","true",""
"Ancient Warfare Automation","ancientwarfareautomation:hand_cranked_generator",774,"false",4779,0,"Hand Cranked Torque Generator","true",""
"Ancient Warfare Automation","ancientwarfareautomation:mailbox",766,"false",4771,0,"Mailbox","true",""
"Ancient Warfare Automation","ancientwarfareautomation:quarry",753,"false",4758,0,"Quarry","true",""
"Ancient Warfare Automation","ancientwarfareautomation:stirling_generator",772,"false",4777,0,"Stirling Generator","true",""
"Ancient Warfare Automation","ancientwarfareautomation:torque_distributor",771,"true",4776,0,"Light Torque Distributor","true",""
"Ancient Warfare Automation","ancientwarfareautomation:torque_distributor",771,"true",4776,1,"Medium Torque Distributor","true",""
"Ancient Warfare Automation","ancientwarfareautomation:torque_distributor",771,"true",4776,2,"Heavy Torque Distributor","true",""
"Ancient Warfare Automation","ancientwarfareautomation:torque_junction",769,"true",4774,0,"Light Torque Junction","true",""
"Ancient Warfare Automation","ancientwarfareautomation:torque_junction",769,"true",4774,1,"Medium Torque Junction","true",""
"Ancient Warfare Automation","ancientwarfareautomation:torque_junction",769,"true",4774,2,"Heavy Torque Junction","true",""
"Ancient Warfare Automation","ancientwarfareautomation:torque_shaft",770,"true",4775,0,"Light Torque Shaft","true",""
"Ancient Warfare Automation","ancientwarfareautomation:torque_shaft",770,"true",4775,1,"Medium Torque Shaft","true",""
"Ancient Warfare Automation","ancientwarfareautomation:torque_shaft",770,"true",4775,2,"Heavy Torque Shaft","true",""
"Ancient Warfare Automation","ancientwarfareautomation:tree_farm",754,"false",4759,0,"Tree Farm","true",""
"Ancient Warfare Automation","ancientwarfareautomation:warehouse_control",759,"false",4764,0,"Warehouse Control Block","true",""
"Ancient Warfare Automation","ancientwarfareautomation:warehouse_crafting",762,"false",4767,0,"Warehouse Crafting Table","true",""
"Ancient Warfare Automation","ancientwarfareautomation:warehouse_interface",761,"false",4766,0,"Warehouse Interface","true",""
"Ancient Warfare Automation","ancientwarfareautomation:warehouse_stock_linker",764,"false",4769,0,"Warehouse Stock Linker","true",""
"Ancient Warfare Automation","ancientwarfareautomation:warehouse_stock_viewer",763,"false",4768,0,"Warehouse Stock Viewer","true",""
"Ancient Warfare Automation","ancientwarfareautomation:warehouse_storage",760,"true",4765,0,"Small Warehouse Storage","true",""
"Ancient Warfare Automation","ancientwarfareautomation:warehouse_storage",760,"true",4765,1,"Medium Warehouse Storage","true",""
"Ancient Warfare Automation","ancientwarfareautomation:warehouse_storage",760,"true",4765,2,"Large Warehouse Storage","true",""
"Ancient Warfare Automation","ancientwarfareautomation:waterwheel_generator",773,"false",4778,0,"Waterwheel Generator","true",""
"Ancient Warfare Automation","ancientwarfareautomation:windmill_blade",775,"false",4780,0,"Windmill Blade","true",""
"Ancient Warfare Automation","ancientwarfareautomation:windmill_generator",776,"false",4781,0,"Windmill Controller","true",""
"Ancient Warfare Core","ancientwarfare:engineering_station",751,"false",4739,0,"Engineering Bench","true",""
"Ancient Warfare Core","ancientwarfare:research_station",752,"false",4740,0,"Research Bench","true",""
"Ancient Warfare NPCs","ancientwarfarenpc:town_hall",779,"false",4843,0,"Town Hall","true",""
"Ancient Warfare Structures","ancientwarfarestructure:advanced_loot_chest",786,"false",4850,0,"Advanced Loot Chest","true",""
"Ancient Warfare Structures","ancientwarfarestructure:advanced_spawner",780,"false",4844,0,"Advanced Monster Spawner","true",""
"Ancient Warfare Structures","ancientwarfarestructure:altar_candle",793,"false",4857,0,"tile.altar_candle","true",""
"Ancient Warfare Structures","ancientwarfarestructure:altar_lectern",794,"false",4858,0,"Altar Lectern","true",""
"Ancient Warfare Structures","ancientwarfarestructure:altar_long_cloth",792,"false",4856,0,"tile.altar_long_cloth","true",""
"Ancient Warfare Structures","ancientwarfarestructure:altar_short_cloth",791,"false",4855,0,"tile.altar_short_cloth","true",""
"Ancient Warfare Structures","ancientwarfarestructure:altar_sun",795,"false",4859,0,"Altar Sun","true",""
"Ancient Warfare Structures","ancientwarfarestructure:bench",820,"true",4884,0,"Acacia Wood Bench","true",""
"Ancient Warfare Structures","ancientwarfarestructure:bench",820,"true",4884,0,"Birch Wood Bench","true",""
"Ancient Warfare Structures","ancientwarfarestructure:bench",820,"true",4884,0,"Dark Oak Wood Bench","true",""
"Ancient Warfare Structures","ancientwarfarestructure:bench",820,"true",4884,0,"Jungle Wood Bench","true",""
"Ancient Warfare Structures","ancientwarfarestructure:bench",820,"true",4884,0,"Oak Wood Bench","true",""
"Ancient Warfare Structures","ancientwarfarestructure:bench",820,"true",4884,0,"Spruce Wood Bench","true",""
"Ancient Warfare Structures","ancientwarfarestructure:brazier_ember",790,"true",4853,0,"Ember Brazier Lit","true",""
"Ancient Warfare Structures","ancientwarfarestructure:brazier_ember",790,"true",4853,0,"Ember Brazier Unlit","true",""
"Ancient Warfare Structures","ancientwarfarestructure:brazier_flame",789,"true",4854,0,"Flame Brazier Lit","true",""
"Ancient Warfare Structures","ancientwarfarestructure:brazier_flame",789,"true",4854,0,"Flame Brazier Unlit","true",""
"Ancient Warfare Structures","ancientwarfarestructure:chair",811,"true",4875,0,"Acacia Wood Chair","true",""
"Ancient Warfare Structures","ancientwarfarestructure:chair",811,"true",4875,0,"Birch Wood Chair","true",""
"Ancient Warfare Structures","ancientwarfarestructure:chair",811,"true",4875,0,"Dark Oak Wood Chair","true",""
"Ancient Warfare Structures","ancientwarfarestructure:chair",811,"true",4875,0,"Jungle Wood Chair","true",""
"Ancient Warfare Structures","ancientwarfarestructure:chair",811,"true",4875,0,"Oak Wood Chair","true",""
"Ancient Warfare Structures","ancientwarfarestructure:chair",811,"true",4875,0,"Spruce Wood Chair","true",""
"Ancient Warfare Structures","ancientwarfarestructure:coin_stack_ancient",827,"true",4891,0,"Ancient Coin Stack","true",""
"Ancient Warfare Structures","ancientwarfarestructure:coin_stack_ancient",827,"true",4891,0,"Ancient Coin Stack","true",""
"Ancient Warfare Structures","ancientwarfarestructure:coin_stack_ancient",827,"true",4891,0,"Ancient Coin Stack","true",""
"Ancient Warfare Structures","ancientwarfarestructure:coin_stack_ancient",827,"true",4891,0,"Ancient Coin Stack","true",""
"Ancient Warfare Structures","ancientwarfarestructure:coin_stack_ancient",827,"true",4891,0,"Ancient Coin Stack","true",""
"Ancient Warfare Structures","ancientwarfarestructure:coin_stack_ancient",827,"true",4891,0,"Ancient Coin Stack","true",""
"Ancient Warfare Structures","ancientwarfarestructure:coin_stack_ancient",827,"true",4891,0,"Ancient Coin Stack","true",""
"Ancient Warfare Structures","ancientwarfarestructure:coin_stack_ancient",827,"true",4891,0,"Ancient Coin Stack","true",""
"Ancient Warfare Structures","ancientwarfarestructure:coin_stack_copper",824,"true",4888,0,"Copper Owl Stack","true",""
"Ancient Warfare Structures","ancientwarfarestructure:coin_stack_copper",824,"true",4888,0,"Copper Owl Stack","true",""
"Ancient Warfare Structures","ancientwarfarestructure:coin_stack_copper",824,"true",4888,0,"Copper Owl Stack","true",""
"Ancient Warfare Structures","ancientwarfarestructure:coin_stack_copper",824,"true",4888,0,"Copper Owl Stack","true",""
"Ancient Warfare Structures","ancientwarfarestructure:coin_stack_copper",824,"true",4888,0,"Copper Owl Stack","true",""
"Ancient Warfare Structures","ancientwarfarestructure:coin_stack_copper",824,"true",4888,0,"Copper Owl Stack","true",""
"Ancient Warfare Structures","ancientwarfarestructure:coin_stack_copper",824,"true",4888,0,"Copper Owl Stack","true",""
"Ancient Warfare Structures","ancientwarfarestructure:coin_stack_copper",824,"true",4888,0,"Copper Owl Stack","true",""
"Ancient Warfare Structures","ancientwarfarestructure:coin_stack_gold",826,"true",4890,0,"Gold Dragon Stack","true",""
"Ancient Warfare Structures","ancientwarfarestructure:coin_stack_gold",826,"true",4890,0,"Gold Dragon Stack","true",""
"Ancient Warfare Structures","ancientwarfarestructure:coin_stack_gold",826,"true",4890,0,"Gold Dragon Stack","true",""
"Ancient Warfare Structures","ancientwarfarestructure:coin_stack_gold",826,"true",4890,0,"Gold Dragon Stack","true",""
"Ancient Warfare Structures","ancientwarfarestructure:coin_stack_gold",826,"true",4890,0,"Gold Dragon Stack","true",""
"Ancient Warfare Structures","ancientwarfarestructure:coin_stack_gold",826,"true",4890,0,"Gold Dragon Stack","true",""
"Ancient Warfare Structures","ancientwarfarestructure:coin_stack_gold",826,"true",4890,0,"Gold Dragon Stack","true",""
"Ancient Warfare Structures","ancientwarfarestructure:coin_stack_gold",826,"true",4890,0,"Gold Dragon Stack","true",""
"Ancient Warfare Structures","ancientwarfarestructure:coin_stack_silver",825,"true",4889,0,"Silver Stag Stack","true",""
"Ancient Warfare Structures","ancientwarfarestructure:coin_stack_silver",825,"true",4889,0,"Silver Stag Stack","true",""
"Ancient Warfare Structures","ancientwarfarestructure:coin_stack_silver",825,"true",4889,0,"Silver Stag Stack","true",""
"Ancient Warfare Structures","ancientwarfarestructure:coin_stack_silver",825,"true",4889,0,"Silver Stag Stack","true",""
"Ancient Warfare Structures","ancientwarfarestructure:coin_stack_silver",825,"true",4889,0,"Silver Stag Stack","true",""
"Ancient Warfare Structures","ancientwarfarestructure:coin_stack_silver",825,"true",4889,0,"Silver Stag Stack","true",""
"Ancient Warfare Structures","ancientwarfarestructure:coin_stack_silver",825,"true",4889,0,"Silver Stag Stack","true",""
"Ancient Warfare Structures","ancientwarfarestructure:coin_stack_silver",825,"true",4889,0,"Silver Stag Stack","true",""
"Ancient Warfare Structures","ancientwarfarestructure:decorative_flag",797,"true",4861,0,"Amazon Banner","true",""
"Ancient Warfare Structures","ancientwarfarestructure:decorative_flag",797,"true",4861,0,"Barbarian Banner","true",""
"Ancient Warfare Structures","ancientwarfarestructure:decorative_flag",797,"true",4861,0,"Beast Banner","true",""
"Ancient Warfare Structures","ancientwarfarestructure:decorative_flag",797,"true",4861,0,"Brigand Banner","true",""
"Ancient Warfare Structures","ancientwarfarestructure:decorative_flag",797,"true",4861,0,"Buffloka Banner","true",""
"Ancient Warfare Structures","ancientwarfarestructure:decorative_flag",797,"true",4861,0,"Coven Banner","true",""
"Ancient Warfare Structures","ancientwarfarestructure:decorative_flag",797,"true",4861,0,"Demon Banner","true",""
"Ancient Warfare Structures","ancientwarfarestructure:decorative_flag",797,"true",4861,0,"Dwarf Banner","true",""
"Ancient Warfare Structures","ancientwarfarestructure:decorative_flag",797,"true",4861,0,"Elf Banner","true",""
"Ancient Warfare Structures","ancientwarfarestructure:decorative_flag",797,"true",4861,0,"Empire Banner","true",""
"Ancient Warfare Structures","ancientwarfarestructure:decorative_flag",797,"true",4861,0,"Ent Banner","true",""
"Ancient Warfare Structures","ancientwarfarestructure:decorative_flag",797,"true",4861,0,"Evil Banner","true",""
"Ancient Warfare Structures","ancientwarfarestructure:decorative_flag",797,"true",4861,0,"Giant Banner","true",""
"Ancient Warfare Structures","ancientwarfarestructure:decorative_flag",797,"true",4861,0,"Gnome Banner","true",""
"Ancient Warfare Structures","ancientwarfarestructure:decorative_flag",797,"true",4861,0,"Good Banner","true",""
"Ancient Warfare Structures","ancientwarfarestructure:decorative_flag",797,"true",4861,0,"Gremlin Banner","true",""
"Ancient Warfare Structures","ancientwarfarestructure:decorative_flag",797,"true",4861,0,"Guild Banner","true",""
"Ancient Warfare Structures","ancientwarfarestructure:decorative_flag",797,"true",4861,0,"Hobbit Banner","true",""
"Ancient Warfare Structures","ancientwarfarestructure:decorative_flag",797,"true",4861,0,"Icelord Banner","true",""
"Ancient Warfare Structures","ancientwarfarestructure:decorative_flag",797,"true",4861,0,"Ishtari Banner","true",""
"Ancient Warfare Structures","ancientwarfarestructure:decorative_flag",797,"true",4861,0,"Klown Banner","true",""
"Ancient Warfare Structures","ancientwarfarestructure:decorative_flag",797,"true",4861,0,"Kong Banner","true",""
"Ancient Warfare Structures","ancientwarfarestructure:decorative_flag",797,"true",4861,0,"Lizardman Banner","true",""
"Ancient Warfare Structures","ancientwarfarestructure:decorative_flag",797,"true",4861,0,"Mindflayer Banner","true",""
"Ancient Warfare Structures","ancientwarfarestructure:decorative_flag",797,"true",4861,0,"Minossian Banner","true",""
"Ancient Warfare Structures","ancientwarfarestructure:decorative_flag",797,"true",4861,0,"Monster Banner","true",""
"Ancient Warfare Structures","ancientwarfarestructure:decorative_flag",797,"true",4861,0,"Nogg Banner","true",""
"Ancient Warfare Structures","ancientwarfarestructure:decorative_flag",797,"true",4861,0,"Norska Banner","true",""
"Ancient Warfare Structures","ancientwarfarestructure:decorative_flag",797,"true",4861,0,"Orc Banner","true",""
"Ancient Warfare Structures","ancientwarfarestructure:decorative_flag",797,"true",4861,0,"Pirate Banner","true",""
"Ancient Warfare Structures","ancientwarfarestructure:decorative_flag",797,"true",4861,0,"Rakshasa Banner","true",""
"Ancient Warfare Structures","ancientwarfarestructure:decorative_flag",797,"true",4861,0,"Reiksgard Banner","true",""
"Ancient Warfare Structures","ancientwarfarestructure:decorative_flag",797,"true",4861,0,"Sarkonid Banner","true",""
"Ancient Warfare Structures","ancientwarfarestructure:decorative_flag",797,"true",4861,0,"Sealsker Banner","true",""
"Ancient Warfare Structures","ancientwarfarestructure:decorative_flag",797,"true",4861,0,"Shakayana Banner","true",""
"Ancient Warfare Structures","ancientwarfarestructure:decorative_flag",797,"true",4861,0,"Smingol Banner","true",""
"Ancient Warfare Structures","ancientwarfarestructure:decorative_flag",797,"true",4861,0,"Undead Banner","true",""
"Ancient Warfare Structures","ancientwarfarestructure:decorative_flag",797,"true",4861,0,"Vampire Banner","true",""
"Ancient Warfare Structures","ancientwarfarestructure:decorative_flag",797,"true",4861,0,"Vyncan Banner","true",""
"Ancient Warfare Structures","ancientwarfarestructure:decorative_flag",797,"true",4861,0,"Witchbane Banner","true",""
"Ancient Warfare Structures","ancientwarfarestructure:decorative_flag",797,"true",4861,0,"Wizardly Banner","true",""
"Ancient Warfare Structures","ancientwarfarestructure:decorative_flag",797,"true",4861,0,"Xoltec Banner","true",""
"Ancient Warfare Structures","ancientwarfarestructure:decorative_flag",797,"true",4861,0,"Zamurai Banner","true",""
"Ancient Warfare Structures","ancientwarfarestructure:decorative_flag",797,"true",4861,0,"Zimba Banner","true",""
"Ancient Warfare Structures","ancientwarfarestructure:drafting_station",782,"false",4846,0,"Drafting Bench","true",""
"Ancient Warfare Structures","ancientwarfarestructure:fire_pit",788,"true",4851,0,"Fire Pit Lit","true",""
"Ancient Warfare Structures","ancientwarfarestructure:fire_pit",788,"true",4851,0,"Fire Pit Unlit","true",""
"Ancient Warfare Structures","ancientwarfarestructure:fire_pit",788,"true",4851,0,"Square Fire Pit Lit","true",""
"Ancient Warfare Structures","ancientwarfarestructure:fire_pit",788,"true",4851,0,"Square Fire Pit Unlit","true",""
"Ancient Warfare Structures","ancientwarfarestructure:fire_pit",788,"true",4851,0,"Wood only Fire Pit Lit","true",""
"Ancient Warfare Structures","ancientwarfarestructure:fire_pit",788,"true",4851,0,"Wood only Fire Pit Unlit","true",""
"Ancient Warfare Structures","ancientwarfarestructure:gate_proxy",781,"false",4845,0,"Gate Proxy Block","true",""
"Ancient Warfare Structures","ancientwarfarestructure:gibbet",817,"false",4881,0,"Gibbet","true",""
"Ancient Warfare Structures","ancientwarfarestructure:goblin_totem_1",799,"false",4866,0,"Goblin Totem 1","true",""
"Ancient Warfare Structures","ancientwarfarestructure:goblin_totem_2",800,"false",4867,0,"Goblin Totem 2","true",""
"Ancient Warfare Structures","ancientwarfarestructure:goblin_totem_2_lit",801,"false",4868,0,"Goblin Totem 2 Lit","true",""
"Ancient Warfare Structures","ancientwarfarestructure:golden_idol",798,"false",4862,0,"Golden Idol","true",""
"Ancient Warfare Structures","ancientwarfarestructure:golden_throne",814,"false",4878,0,"Golden Throne","true",""
"Ancient Warfare Structures","ancientwarfarestructure:gravestone",828,"true",4892,0,"Gravestone","true",""
"Ancient Warfare Structures","ancientwarfarestructure:gravestone",828,"true",4892,0,"Gravestone","true",""
"Ancient Warfare Structures","ancientwarfarestructure:gravestone",828,"true",4892,0,"Mossy Gravestone","true",""
"Ancient Warfare Structures","ancientwarfarestructure:gravestone",828,"true",4892,0,"Mossy Gravestone","true",""
"Ancient Warfare Structures","ancientwarfarestructure:gravestone",828,"true",4892,0,"Runestone","true",""
"Ancient Warfare Structures","ancientwarfarestructure:gravestone",828,"true",4892,0,"Runestone","true",""
"Ancient Warfare Structures","ancientwarfarestructure:gravestone",828,"true",4892,0,"Runestone","true",""
"Ancient Warfare Structures","ancientwarfarestructure:gravestone",828,"true",4892,0,"Sandstone Gravestone","true",""
"Ancient Warfare Structures","ancientwarfarestructure:iron_cage",816,"false",4880,0,"Iron Cage","true",""
"Ancient Warfare Structures","ancientwarfarestructure:loot_basket",805,"false",4869,0,"Basket","true",""
"Ancient Warfare Structures","ancientwarfarestructure:orc_totem_1",802,"false",4863,0,"Orc Totem 1","true",""
"Ancient Warfare Structures","ancientwarfarestructure:orc_totem_2",803,"false",4864,0,"Orc Totem 2","true",""
"Ancient Warfare Structures","ancientwarfarestructure:orc_totem_2_lit",804,"false",4865,0,"Orc Totem 2 Lit","true",""
"Ancient Warfare Structures","ancientwarfarestructure:protection_flag",796,"true",4860,0,"Amazon Protection Flag","true",""
"Ancient Warfare Structures","ancientwarfarestructure:protection_flag",796,"true",4860,0,"Barbarian Protection Flag","true",""
"Ancient Warfare Structures","ancientwarfarestructure:protection_flag",796,"true",4860,0,"Beast Protection Flag","true",""
"Ancient Warfare Structures","ancientwarfarestructure:protection_flag",796,"true",4860,0,"Brigand Protection Flag","true",""
"Ancient Warfare Structures","ancientwarfarestructure:protection_flag",796,"true",4860,0,"Buffloka Protection Flag","true",""
"Ancient Warfare Structures","ancientwarfarestructure:protection_flag",796,"true",4860,0,"Coven Protection Flag","true",""
"Ancient Warfare Structures","ancientwarfarestructure:protection_flag",796,"true",4860,0,"Demon Protection Flag","true",""
"Ancient Warfare Structures","ancientwarfarestructure:protection_flag",796,"true",4860,0,"Dwarf Protection Flag","true",""
"Ancient Warfare Structures","ancientwarfarestructure:protection_flag",796,"true",4860,0,"Elf Protection Flag","true",""
"Ancient Warfare Structures","ancientwarfarestructure:protection_flag",796,"true",4860,0,"Empire Protection Flag","true",""
"Ancient Warfare Structures","ancientwarfarestructure:protection_flag",796,"true",4860,0,"Ent Protection Flag","true",""
"Ancient Warfare Structures","ancientwarfarestructure:protection_flag",796,"true",4860,0,"Evil Protection Flag","true",""
"Ancient Warfare Structures","ancientwarfarestructure:protection_flag",796,"true",4860,0,"Giant Protection Flag","true",""
"Ancient Warfare Structures","ancientwarfarestructure:protection_flag",796,"true",4860,0,"Gnome Protection Flag","true",""
"Ancient Warfare Structures","ancientwarfarestructure:protection_flag",796,"true",4860,0,"Good Protection Flag","true",""
"Ancient Warfare Structures","ancientwarfarestructure:protection_flag",796,"true",4860,0,"Gremlin Protection Flag","true",""
"Ancient Warfare Structures","ancientwarfarestructure:protection_flag",796,"true",4860,0,"Guild Protection Flag","true",""
"Ancient Warfare Structures","ancientwarfarestructure:protection_flag",796,"true",4860,0,"Hobbit Protection Flag","true",""
"Ancient Warfare Structures","ancientwarfarestructure:protection_flag",796,"true",4860,0,"Icelord Protection Flag","true",""
"Ancient Warfare Structures","ancientwarfarestructure:protection_flag",796,"true",4860,0,"Ishtari Protection Flag","true",""
"Ancient Warfare Structures","ancientwarfarestructure:protection_flag",796,"true",4860,0,"Klown Protection Flag","true",""
"Ancient Warfare Structures","ancientwarfarestructure:protection_flag",796,"true",4860,0,"Kong Protection Flag","true",""
"Ancient Warfare Structures","ancientwarfarestructure:protection_flag",796,"true",4860,0,"Lizardman Protection Flag","true",""
"Ancient Warfare Structures","ancientwarfarestructure:protection_flag",796,"true",4860,0,"Mindflayer Protection Flag","true",""
"Ancient Warfare Structures","ancientwarfarestructure:protection_flag",796,"true",4860,0,"Minossian Protection Flag","true",""
"Ancient Warfare Structures","ancientwarfarestructure:protection_flag",796,"true",4860,0,"Monster Protection Flag","true",""
"Ancient Warfare Structures","ancientwarfarestructure:protection_flag",796,"true",4860,0,"Nogg Protection Flag","true",""
"Ancient Warfare Structures","ancientwarfarestructure:protection_flag",796,"true",4860,0,"Norska Protection Flag","true",""
"Ancient Warfare Structures","ancientwarfarestructure:protection_flag",796,"true",4860,0,"Orc Protection Flag","true",""
"Ancient Warfare Structures","ancientwarfarestructure:protection_flag",796,"true",4860,0,"Pirate Protection Flag","true",""
"Ancient Warfare Structures","ancientwarfarestructure:protection_flag",796,"true",4860,0,"Rakshasa Protection Flag","true",""
"Ancient Warfare Structures","ancientwarfarestructure:protection_flag",796,"true",4860,0,"Reiksgard Protection Flag","true",""
"Ancient Warfare Structures","ancientwarfarestructure:protection_flag",796,"true",4860,0,"Sarkonid Protection Flag","true",""
"Ancient Warfare Structures","ancientwarfarestructure:protection_flag",796,"true",4860,0,"Sealsker Protection Flag","true",""
"Ancient Warfare Structures","ancientwarfarestructure:protection_flag",796,"true",4860,0,"Shakayana Protection Flag","true",""
"Ancient Warfare Structures","ancientwarfarestructure:protection_flag",796,"true",4860,0,"Smingol Protection Flag","true",""
"Ancient Warfare Structures","ancientwarfarestructure:protection_flag",796,"true",4860,0,"Undead Protection Flag","true",""
"Ancient Warfare Structures","ancientwarfarestructure:protection_flag",796,"true",4860,0,"Vampire Protection Flag","true",""
"Ancient Warfare Structures","ancientwarfarestructure:protection_flag",796,"true",4860,0,"Vyncan Protection Flag","true",""
"Ancient Warfare Structures","ancientwarfarestructure:protection_flag",796,"true",4860,0,"Witchbane Protection Flag","true",""
"Ancient Warfare Structures","ancientwarfarestructure:protection_flag",796,"true",4860,0,"Wizardly Protection Flag","true",""
"Ancient Warfare Structures","ancientwarfarestructure:protection_flag",796,"true",4860,0,"Xoltec Protection Flag","true",""
"Ancient Warfare Structures","ancientwarfarestructure:protection_flag",796,"true",4860,0,"Zamurai Protection Flag","true",""
"Ancient Warfare Structures","ancientwarfarestructure:protection_flag",796,"true",4860,0,"Zimba Protection Flag","true",""
"Ancient Warfare Structures","ancientwarfarestructure:scissor_seat",822,"false",4886,0,"Scissor Seat","true",""
"Ancient Warfare Structures","ancientwarfarestructure:sound_block",784,"false",4848,0,"Sound Block","true",""
"Ancient Warfare Structures","ancientwarfarestructure:stake",819,"false",4883,0,"tile.stake.name","true",""
"Ancient Warfare Structures","ancientwarfarestructure:statue",823,"false",4887,0,"tile.statue.name","true",""
"Ancient Warfare Structures","ancientwarfarestructure:stone_coffin",807,"true",4871,0,"Demonic Coffin","true",""
"Ancient Warfare Structures","ancientwarfarestructure:stone_coffin",807,"true",4871,0,"Prismarine Coffin","true",""
"Ancient Warfare Structures","ancientwarfarestructure:stone_coffin",807,"true",4871,0,"Sandstone Sarcophagus","true",""
"Ancient Warfare Structures","ancientwarfarestructure:stone_coffin",807,"true",4871,0,"Stone Coffin","true",""
"Ancient Warfare Structures","ancientwarfarestructure:stool",808,"true",4872,0,"Acacia Wood Stool","true",""
"Ancient Warfare Structures","ancientwarfarestructure:stool",808,"true",4872,0,"Birch Wood Stool","true",""
"Ancient Warfare Structures","ancientwarfarestructure:stool",808,"true",4872,0,"Dark Oak Wood Stool","true",""
"Ancient Warfare Structures","ancientwarfarestructure:stool",808,"true",4872,0,"Jungle Wood Stool","true",""
"Ancient Warfare Structures","ancientwarfarestructure:stool",808,"true",4872,0,"Oak Wood Stool","true",""
"Ancient Warfare Structures","ancientwarfarestructure:stool",808,"true",4872,0,"Spruce Wood Stool","true",""
"Ancient Warfare Structures","ancientwarfarestructure:stretching_rack",818,"false",4882,0,"Stretching Rack","true",""
"Ancient Warfare Structures","ancientwarfarestructure:structure_builder_ticked",783,"true",4847,0,"Survival Structure Builder","true",""
"Ancient Warfare Structures","ancientwarfarestructure:structure_builder_ticked",783,"true",4847,0,"Survival Structure Builder","true",""
"Ancient Warfare Structures","ancientwarfarestructure:structure_builder_ticked",783,"true",4847,0,"Survival Structure Builder","true",""
"Ancient Warfare Structures","ancientwarfarestructure:structure_builder_ticked",783,"true",4847,0,"Survival Structure Builder","true",""
"Ancient Warfare Structures","ancientwarfarestructure:structure_builder_ticked",783,"true",4847,0,"Survival Structure Builder","true",""
"Ancient Warfare Structures","ancientwarfarestructure:structure_builder_ticked",783,"true",4847,0,"Survival Structure Builder","true",""
"Ancient Warfare Structures","ancientwarfarestructure:structure_builder_ticked",783,"true",4847,0,"Survival Structure Builder","true",""
"Ancient Warfare Structures","ancientwarfarestructure:structure_builder_ticked",783,"true",4847,0,"Survival Structure Builder","true",""
"Ancient Warfare Structures","ancientwarfarestructure:structure_builder_ticked",783,"true",4847,0,"Survival Structure Builder","true",""
"Ancient Warfare Structures","ancientwarfarestructure:structure_builder_ticked",783,"true",4847,0,"Survival Structure Builder","true",""
"Ancient Warfare Structures","ancientwarfarestructure:structure_builder_ticked",783,"true",4847,0,"Survival Structure Builder","true",""
"Ancient Warfare Structures","ancientwarfarestructure:structure_builder_ticked",783,"true",4847,0,"Survival Structure Builder","true",""
"Ancient Warfare Structures","ancientwarfarestructure:structure_builder_ticked",783,"true",4847,0,"Survival Structure Builder","true",""
"Ancient Warfare Structures","ancientwarfarestructure:structure_builder_ticked",783,"true",4847,0,"Survival Structure Builder","true",""
"Ancient Warfare Structures","ancientwarfarestructure:structure_builder_ticked",783,"true",4847,0,"Survival Structure Builder","true",""
"Ancient Warfare Structures","ancientwarfarestructure:structure_builder_ticked",783,"true",4847,0,"Survival Structure Builder","true",""
"Ancient Warfare Structures","ancientwarfarestructure:structure_builder_ticked",783,"true",4847,0,"Survival Structure Builder","true",""
"Ancient Warfare Structures","ancientwarfarestructure:structure_builder_ticked",783,"true",4847,0,"Survival Structure Builder","true",""
"Ancient Warfare Structures","ancientwarfarestructure:structure_builder_ticked",783,"true",4847,0,"Survival Structure Builder","true",""
"Ancient Warfare Structures","ancientwarfarestructure:structure_builder_ticked",783,"true",4847,0,"Survival Structure Builder","true",""
"Ancient Warfare Structures","ancientwarfarestructure:structure_builder_ticked",783,"true",4847,0,"Survival Structure Builder","true",""
"Ancient Warfare Structures","ancientwarfarestructure:structure_builder_ticked",783,"true",4847,0,"Survival Structure Builder","true",""
"Ancient Warfare Structures","ancientwarfarestructure:structure_builder_ticked",783,"true",4847,0,"Survival Structure Builder","true",""
"Ancient Warfare Structures","ancientwarfarestructure:structure_builder_ticked",783,"true",4847,0,"Survival Structure Builder","true",""
"Ancient Warfare Structures","ancientwarfarestructure:structure_builder_ticked",783,"true",4847,0,"Survival Structure Builder","true",""
"Ancient Warfare Structures","ancientwarfarestructure:structure_builder_ticked",783,"true",4847,0,"Survival Structure Builder","true",""
"Ancient Warfare Structures","ancientwarfarestructure:structure_builder_ticked",783,"true",4847,0,"Survival Structure Builder","true",""
"Ancient Warfare Structures","ancientwarfarestructure:structure_builder_ticked",783,"true",4847,0,"Survival Structure Builder","true",""
"Ancient Warfare Structures","ancientwarfarestructure:structure_builder_ticked",783,"true",4847,0,"Survival Structure Builder","true",""
"Ancient Warfare Structures","ancientwarfarestructure:structure_builder_ticked",783,"true",4847,0,"Survival Structure Builder","true",""
"Ancient Warfare Structures","ancientwarfarestructure:structure_builder_ticked",783,"true",4847,0,"Survival Structure Builder","true",""
"Ancient Warfare Structures","ancientwarfarestructure:structure_builder_ticked",783,"true",4847,0,"Survival Structure Builder","true",""
"Ancient Warfare Structures","ancientwarfarestructure:structure_builder_ticked",783,"true",4847,0,"Survival Structure Builder","true",""
"Ancient Warfare Structures","ancientwarfarestructure:structure_builder_ticked",783,"true",4847,0,"Survival Structure Builder","true",""
"Ancient Warfare Structures","ancientwarfarestructure:structure_builder_ticked",783,"true",4847,0,"Survival Structure Builder","true",""
"Ancient Warfare Structures","ancientwarfarestructure:structure_builder_ticked",783,"true",4847,0,"Survival Structure Builder","true",""
"Ancient Warfare Structures","ancientwarfarestructure:structure_builder_ticked",783,"true",4847,0,"Survival Structure Builder","true",""
"Ancient Warfare Structures","ancientwarfarestructure:structure_builder_ticked",783,"true",4847,0,"Survival Structure Builder","true",""
"Ancient Warfare Structures","ancientwarfarestructure:structure_builder_ticked",783,"true",4847,0,"Survival Structure Builder","true",""
"Ancient Warfare Structures","ancientwarfarestructure:structure_builder_ticked",783,"true",4847,0,"Survival Structure Builder","true",""
"Ancient Warfare Structures","ancientwarfarestructure:structure_builder_ticked",783,"true",4847,0,"Survival Structure Builder","true",""
"Ancient Warfare Structures","ancientwarfarestructure:structure_builder_ticked",783,"true",4847,0,"Survival Structure Builder","true",""
"Ancient Warfare Structures","ancientwarfarestructure:structure_builder_ticked",783,"true",4847,0,"Survival Structure Builder","true",""
"Ancient Warfare Structures","ancientwarfarestructure:structure_builder_ticked",783,"true",4847,0,"Survival Structure Builder","true",""
"Ancient Warfare Structures","ancientwarfarestructure:structure_builder_ticked",783,"true",4847,0,"Survival Structure Builder","true",""
"Ancient Warfare Structures","ancientwarfarestructure:structure_builder_ticked",783,"true",4847,0,"Survival Structure Builder","true",""
"Ancient Warfare Structures","ancientwarfarestructure:structure_builder_ticked",783,"true",4847,0,"Survival Structure Builder","true",""
"Ancient Warfare Structures","ancientwarfarestructure:structure_builder_ticked",783,"true",4847,0,"Survival Structure Builder","true",""
"Ancient Warfare Structures","ancientwarfarestructure:structure_builder_ticked",783,"true",4847,0,"Survival Structure Builder","true",""
"Ancient Warfare Structures","ancientwarfarestructure:structure_builder_ticked",783,"true",4847,0,"Survival Structure Builder","true",""
"Ancient Warfare Structures","ancientwarfarestructure:structure_builder_ticked",783,"true",4847,0,"Survival Structure Builder","true",""
"Ancient Warfare Structures","ancientwarfarestructure:structure_builder_ticked",783,"true",4847,0,"Survival Structure Builder","true",""
"Ancient Warfare Structures","ancientwarfarestructure:structure_builder_ticked",783,"true",4847,0,"Survival Structure Builder","true",""
"Ancient Warfare Structures","ancientwarfarestructure:structure_builder_ticked",783,"true",4847,0,"Survival Structure Builder","true",""
"Ancient Warfare Structures","ancientwarfarestructure:structure_builder_ticked",783,"true",4847,0,"Survival Structure Builder","true",""
"Ancient Warfare Structures","ancientwarfarestructure:structure_builder_ticked",783,"true",4847,0,"Survival Structure Builder","true",""
"Ancient Warfare Structures","ancientwarfarestructure:structure_builder_ticked",783,"true",4847,0,"Survival Structure Builder","true",""
"Ancient Warfare Structures","ancientwarfarestructure:structure_builder_ticked",783,"true",4847,0,"Survival Structure Builder","true",""
"Ancient Warfare Structures","ancientwarfarestructure:structure_builder_ticked",783,"true",4847,0,"Survival Structure Builder","true",""
"Ancient Warfare Structures","ancientwarfarestructure:structure_builder_ticked",783,"true",4847,0,"Survival Structure Builder","true",""
"Ancient Warfare Structures","ancientwarfarestructure:structure_builder_ticked",783,"true",4847,0,"Survival Structure Builder","true",""
"Ancient Warfare Structures","ancientwarfarestructure:structure_builder_ticked",783,"true",4847,0,"Survival Structure Builder","true",""
"Ancient Warfare Structures","ancientwarfarestructure:structure_builder_ticked",783,"true",4847,0,"Survival Structure Builder","true",""
"Ancient Warfare Structures","ancientwarfarestructure:structure_builder_ticked",783,"true",4847,0,"Survival Structure Builder","true",""
"Ancient Warfare Structures","ancientwarfarestructure:structure_builder_ticked",783,"true",4847,0,"Survival Structure Builder","true",""
"Ancient Warfare Structures","ancientwarfarestructure:structure_builder_ticked",783,"true",4847,0,"Survival Structure Builder","true",""
"Ancient Warfare Structures","ancientwarfarestructure:structure_builder_ticked",783,"true",4847,0,"Survival Structure Builder","true",""
"Ancient Warfare Structures","ancientwarfarestructure:structure_builder_ticked",783,"true",4847,0,"Survival Structure Builder","true",""
"Ancient Warfare Structures","ancientwarfarestructure:structure_builder_ticked",783,"true",4847,0,"Survival Structure Builder","true",""
"Ancient Warfare Structures","ancientwarfarestructure:structure_builder_ticked",783,"true",4847,0,"Survival Structure Builder","true",""
"Ancient Warfare Structures","ancientwarfarestructure:structure_builder_ticked",783,"true",4847,0,"Survival Structure Builder","true",""
"Ancient Warfare Structures","ancientwarfarestructure:structure_builder_ticked",783,"true",4847,0,"Survival Structure Builder","true",""
"Ancient Warfare Structures","ancientwarfarestructure:structure_builder_ticked",783,"true",4847,0,"Survival Structure Builder","true",""
"Ancient Warfare Structures","ancientwarfarestructure:structure_builder_ticked",783,"true",4847,0,"Survival Structure Builder","true",""
"Ancient Warfare Structures","ancientwarfarestructure:structure_builder_ticked",783,"true",4847,0,"Survival Structure Builder","true",""
"Ancient Warfare Structures","ancientwarfarestructure:structure_builder_ticked",783,"true",4847,0,"Survival Structure Builder","true",""
"Ancient Warfare Structures","ancientwarfarestructure:structure_builder_ticked",783,"true",4847,0,"Survival Structure Builder","true",""
"Ancient Warfare Structures","ancientwarfarestructure:structure_builder_ticked",783,"true",4847,0,"Survival Structure Builder","true",""
"Ancient Warfare Structures","ancientwarfarestructure:structure_builder_ticked",783,"true",4847,0,"Survival Structure Builder","true",""
"Ancient Warfare Structures","ancientwarfarestructure:structure_builder_ticked",783,"true",4847,0,"Survival Structure Builder","true",""
"Ancient Warfare Structures","ancientwarfarestructure:structure_builder_ticked",783,"true",4847,0,"Survival Structure Builder","true",""
"Ancient Warfare Structures","ancientwarfarestructure:structure_builder_ticked",783,"true",4847,0,"Survival Structure Builder","true",""
"Ancient Warfare Structures","ancientwarfarestructure:structure_builder_ticked",783,"true",4847,0,"Survival Structure Builder","true",""
"Ancient Warfare Structures","ancientwarfarestructure:structure_builder_ticked",783,"true",4847,0,"Survival Structure Builder","true",""
"Ancient Warfare Structures","ancientwarfarestructure:structure_builder_ticked",783,"true",4847,0,"Survival Structure Builder","true",""
"Ancient Warfare Structures","ancientwarfarestructure:structure_builder_ticked",783,"true",4847,0,"Survival Structure Builder","true",""
"Ancient Warfare Structures","ancientwarfarestructure:structure_builder_ticked",783,"true",4847,0,"Survival Structure Builder","true",""
"Ancient Warfare Structures","ancientwarfarestructure:structure_builder_ticked",783,"true",4847,0,"Survival Structure Builder","true",""
"Ancient Warfare Structures","ancientwarfarestructure:structure_builder_ticked",783,"true",4847,0,"Survival Structure Builder","true",""
"Ancient Warfare Structures","ancientwarfarestructure:structure_builder_ticked",783,"true",4847,0,"Survival Structure Builder","true",""
"Ancient Warfare Structures","ancientwarfarestructure:structure_builder_ticked",783,"true",4847,0,"Survival Structure Builder","true",""
"Ancient Warfare Structures","ancientwarfarestructure:structure_scanner_block",785,"false",4849,0,"Structure Scanner","true",""
"Ancient Warfare Structures","ancientwarfarestructure:table",810,"true",4874,0,"Acacia Table","true",""
"Ancient Warfare Structures","ancientwarfarestructure:table",810,"true",4874,0,"Birch Table","true",""
"Ancient Warfare Structures","ancientwarfarestructure:table",810,"true",4874,0,"Dark Oak Wood Table","true",""
"Ancient Warfare Structures","ancientwarfarestructure:table",810,"true",4874,0,"Jungle Table","true",""
"Ancient Warfare Structures","ancientwarfarestructure:table",810,"true",4874,0,"Oak Table","true",""
"Ancient Warfare Structures","ancientwarfarestructure:table",810,"true",4874,0,"Spruce Table","true",""
"Ancient Warfare Structures","ancientwarfarestructure:totem_part",787,"true",4852,0,"Elephant Statue Body","true",""
"Ancient Warfare Structures","ancientwarfarestructure:totem_part",787,"true",4852,0,"Irminsul Base","true",""
"Ancient Warfare Structures","ancientwarfarestructure:totem_part",787,"true",4852,0,"Irminsul Middle","true",""
"Ancient Warfare Structures","ancientwarfarestructure:totem_part",787,"true",4852,0,"Irminsul Side","true",""
"Ancient Warfare Structures","ancientwarfarestructure:totem_part",787,"true",4852,0,"Irminsul Top","true",""
"Ancient Warfare Structures","ancientwarfarestructure:totem_part",787,"true",4852,0,"Totem Alternate Middle","true",""
"Ancient Warfare Structures","ancientwarfarestructure:totem_part",787,"true",4852,0,"Totem Base","true",""
"Ancient Warfare Structures","ancientwarfarestructure:totem_part",787,"true",4852,0,"Totem Middle","true",""
"Ancient Warfare Structures","ancientwarfarestructure:totem_part",787,"true",4852,0,"Totem Top","true",""
"Ancient Warfare Structures","ancientwarfarestructure:totem_part",787,"true",4852,0,"Totem Wings","true",""
"Ancient Warfare Structures","ancientwarfarestructure:totem_part",787,"true",4852,0,"Xoltec Idol Body Left","true",""
"Ancient Warfare Structures","ancientwarfarestructure:tribal_chair",821,"false",4885,0,"Tribal Chair","true",""
"Ancient Warfare Structures","ancientwarfarestructure:tribal_stool",812,"false",4876,0,"Tribal Stool","true",""
"Ancient Warfare Structures","ancientwarfarestructure:urn",809,"false",4873,0,"Urn","true",""
"Ancient Warfare Structures","ancientwarfarestructure:wooden_coffin",806,"true",4870,0,"Acacia Coffin","true",""
"Ancient Warfare Structures","ancientwarfarestructure:wooden_coffin",806,"true",4870,0,"Birch Coffin","true",""
"Ancient Warfare Structures","ancientwarfarestructure:wooden_coffin",806,"true",4870,0,"Dark Oak Coffin","true",""
"Ancient Warfare Structures","ancientwarfarestructure:wooden_coffin",806,"true",4870,0,"Jungle Coffin","true",""
"Ancient Warfare Structures","ancientwarfarestructure:wooden_coffin",806,"true",4870,0,"Oak Coffin","true",""
"Ancient Warfare Structures","ancientwarfarestructure:wooden_coffin",806,"true",4870,0,"Spruce Coffin","true",""
"Ancient Warfare Structures","ancientwarfarestructure:wooden_post",815,"false",4879,0,"Wooden Post","true",""
"Ancient Warfare Structures","ancientwarfarestructure:wooden_throne",813,"false",4877,0,"Wooden Throne","true",""
"AncientSpellcraft","ancientspellcraft:arcane_anvil",4542,"false",12008,0,"Arcane Anvil","true",""
"AncientSpellcraft","ancientspellcraft:arcane_flame",4557,"false",,,"tile.ancientspellcraft:arcane_flame.name","true",""
"AncientSpellcraft","ancientspellcraft:arcane_wall",4553,"false",,,"tile.ancientspellcraft:arcane_wall.name","true",""
"AncientSpellcraft","ancientspellcraft:artefact_pensive",4488,"false",12202,0,"Pensive","true",""
"AncientSpellcraft","ancientspellcraft:astral_diamond_ore",4519,"false",11999,0,"Astral Diamond Ore","true",""
"AncientSpellcraft","ancientspellcraft:candlelight",4498,"false",,,"tile.ancientspellcraft:candlelight.name","true",""
"AncientSpellcraft","ancientspellcraft:concealed_block",4552,"false",,,"tile.ancientspellcraft:concealed_block.name","true",""
"AncientSpellcraft","ancientspellcraft:conjured_dirt",4548,"false",,,"tile.ancientspellcraft:conjured_dirt.name","true",""
"AncientSpellcraft","ancientspellcraft:conjured_magma",4547,"false",,,"tile.ancientspellcraft:conjured_magma.name","true",""
"AncientSpellcraft","ancientspellcraft:conjured_snow",4549,"false",,,"tile.ancientspellcraft:conjured_snow.name","true",""
"AncientSpellcraft","ancientspellcraft:crystal_mine",4525,"false",,,"tile.ancientspellcraft:crystal_mine.name","true",""
"AncientSpellcraft","ancientspellcraft:crystal_ore_earth",4512,"false",11992,0,"Verdant Crystal Ore","true",""
"AncientSpellcraft","ancientspellcraft:crystal_ore_fire",4511,"false",11991,0,"Fiery Crystal Ore","true",""
"AncientSpellcraft","ancientspellcraft:crystal_ore_healing",4513,"false",11993,0,"Radiant Crystal Ore","true",""
"AncientSpellcraft","ancientspellcraft:crystal_ore_ice",4514,"false",11994,0,"Icy Crystal Ore","true",""
"AncientSpellcraft","ancientspellcraft:crystal_ore_lightning",4515,"false",11995,0,"Stormy Crystal Ore","true",""
"AncientSpellcraft","ancientspellcraft:crystal_ore_necromancy",4516,"false",11996,0,"Dark Crystal Ore","true",""
"AncientSpellcraft","ancientspellcraft:crystal_ore_sorcery",4517,"false",11997,0,"Mystical Crystal Ore","true",""
"AncientSpellcraft","ancientspellcraft:crystal_silver_ore",4518,"false",11998,0,"Crystal Silver Ore","true",""
"AncientSpellcraft","ancientspellcraft:devoritium_bars",4524,"false",12003,0,"Devoritium Bars","true",""
"AncientSpellcraft","ancientspellcraft:devoritium_block",4520,"false",12001,0,"Devoritium Block","true",""
"AncientSpellcraft","ancientspellcraft:devoritium_door",4522,"false",,,"Devoritium Door","true",""
"AncientSpellcraft","ancientspellcraft:devoritium_gilded_stone",4521,"false",12002,0,"Devoritium Gilded Stone","true",""
"AncientSpellcraft","ancientspellcraft:devoritium_ore",4523,"false",12000,0,"Devoritium Ore","true",""
"AncientSpellcraft","ancientspellcraft:dimension_boundary",4499,"false",12006,0,"Pocket Dimension Boundary","true",""
"AncientSpellcraft","ancientspellcraft:dimension_boundary_earth",4505,"false",,,"tile.ancientspellcraft:dimension_boundary_earth.name","true",""
"AncientSpellcraft","ancientspellcraft:dimension_boundary_fire",4501,"false",,,"tile.ancientspellcraft:dimension_boundary_fire.name","true",""
"AncientSpellcraft","ancientspellcraft:dimension_boundary_healing",4507,"false",,,"tile.ancientspellcraft:dimension_boundary_healing.name","true",""
"AncientSpellcraft","ancientspellcraft:dimension_boundary_ice",4502,"false",,,"tile.ancientspellcraft:dimension_boundary_ice.name","true",""
"AncientSpellcraft","ancientspellcraft:dimension_boundary_lightning",4503,"false",,,"tile.ancientspellcraft:dimension_boundary_lightning.name","true",""
"AncientSpellcraft","ancientspellcraft:dimension_boundary_magic",4500,"false",,,"tile.ancientspellcraft:dimension_boundary_magic.name","true",""
"AncientSpellcraft","ancientspellcraft:dimension_boundary_necromancy",4504,"false",,,"tile.ancientspellcraft:dimension_boundary_necromancy.name","true",""
"AncientSpellcraft","ancientspellcraft:dimension_boundary_sorcery",4506,"false",,,"tile.ancientspellcraft:dimension_boundary_sorcery.name","true",""
"AncientSpellcraft","ancientspellcraft:dimension_focus",4508,"false",12007,0,"Pocket Dimension Focus","true",""
"AncientSpellcraft","ancientspellcraft:dimension_focus_gold",4509,"false",,,"tile.ancientspellcraft:dimension_focus_gold.name","true",""
"AncientSpellcraft","ancientspellcraft:hard_frosted_ice",4487,"false",,,"tile.ancientspellcraft:hard_frosted_ice.name","true",""
"AncientSpellcraft","ancientspellcraft:ice_crafting_table",4486,"false",,,"tile.ancientspellcraft:ice_crafting_table.name","true",""
"AncientSpellcraft","ancientspellcraft:ice_door",4485,"false",,,"item.ancientspellcraft:ice_door.name","true",""
"AncientSpellcraft","ancientspellcraft:imbuement_altar_ruined",4528,"false",11983,0,"Ruined Imbuement Altar","true",""
"AncientSpellcraft","ancientspellcraft:leaves_crystal_tree",4527,"false",12005,0,"Crystal Tree Leaves","true",""
"AncientSpellcraft","ancientspellcraft:lightning_block",4551,"false",,,"tile.ancientspellcraft:lightning_block.name","true",""
"AncientSpellcraft","ancientspellcraft:log_crystal_tree",4526,"false",12004,0,"Crystal Tree","true",""
"AncientSpellcraft","ancientspellcraft:magelight",4497,"false",,,"tile.ancientspellcraft:magelight.name","true",""
"AncientSpellcraft","ancientspellcraft:master_bolt",4550,"false",12010,0,"Master Bolt","true",""
"AncientSpellcraft","ancientspellcraft:mushroom_cleansing",4539,"false",,,"tile.ancientspellcraft:mushroom_cleansing.name","true",""
"AncientSpellcraft","ancientspellcraft:mushroom_empowering",4541,"false",,,"tile.ancientspellcraft:mushroom_empowering.name","true",""
"AncientSpellcraft","ancientspellcraft:mushroom_explosive",4540,"false",,,"tile.ancientspellcraft:mushroom_explosive.name","true",""
"AncientSpellcraft","ancientspellcraft:mushroom_fire",4531,"false",,,"tile.ancientspellcraft:mushroom_fire.name","true",""
"AncientSpellcraft","ancientspellcraft:mushroom_force",4535,"false",,,"tile.ancientspellcraft:mushroom_force.name","true",""
"AncientSpellcraft","ancientspellcraft:mushroom_healing",4536,"false",,,"tile.ancientspellcraft:mushroom_healing.name","true",""
"AncientSpellcraft","ancientspellcraft:mushroom_ice",4533,"false",,,"tile.ancientspellcraft:mushroom_ice.name","true",""
"AncientSpellcraft","ancientspellcraft:mushroom_mind",4538,"false",,,"tile.ancientspellcraft:mushroom_mind.name","true",""
"AncientSpellcraft","ancientspellcraft:mushroom_poison",4532,"false",,,"tile.ancientspellcraft:mushroom_poison.name","true",""
"AncientSpellcraft","ancientspellcraft:mushroom_shocking",4537,"false",,,"tile.ancientspellcraft:mushroom_shocking.name","true",""
"AncientSpellcraft","ancientspellcraft:mushroom_wither",4534,"false",,,"tile.ancientspellcraft:mushroom_wither.name","true",""
"AncientSpellcraft","ancientspellcraft:nether_fire",4482,"false",,,"tile.ancientspellcraft:nether_fire.name","true",""
"AncientSpellcraft","ancientspellcraft:placed_rune",4529,"false",,,"tile.ancientspellcraft:placed_rune.name","true",""
"AncientSpellcraft","ancientspellcraft:quicksand",4546,"false",,,"Quicksand","true",""
"AncientSpellcraft","ancientspellcraft:rune_used",4530,"false",,,"tile.ancientspellcraft:rune_used.name","true",""
"AncientSpellcraft","ancientspellcraft:sage_flax",4545,"false",12014,0,"Lunar Flax","true",""
"AncientSpellcraft","ancientspellcraft:sage_flax_day",4544,"false",,,"tile.ancientspellcraft:sage_flax_day.name","true",""
"AncientSpellcraft","ancientspellcraft:sage_lectern",4543,"false",12009,0,"Mystic Lectern","true",""
"AncientSpellcraft","ancientspellcraft:scribing_desk",4510,"false",11982,0,"Scribing Desk","true",""
"AncientSpellcraft","ancientspellcraft:sealed_stone",4554,"false",12011,0,"Magically Sealed Stone","true",""
"AncientSpellcraft","ancientspellcraft:sentinel_block_diamond",4492,"false",11987,0,"Diamond Sentinel","true",""
"AncientSpellcraft","ancientspellcraft:sentinel_block_gold",4491,"false",11986,0,"Gold Sentinel","true",""
"AncientSpellcraft","ancientspellcraft:sentinel_block_iron",4490,"false",11985,0,"Iron Sentinel","true",""
"AncientSpellcraft","ancientspellcraft:sentinel_block_large_diamond",4495,"false",11990,0,"Greater Diamond Sentinel","true",""
"AncientSpellcraft","ancientspellcraft:sentinel_block_large_gold",4494,"false",11989,0,"Greater Gold Sentinel","true",""
"AncientSpellcraft","ancientspellcraft:sentinel_block_large_iron",4493,"false",11988,0,"Greater Iron Sentinel","true",""
"AncientSpellcraft","ancientspellcraft:skull_watch",4496,"false",11981,0,"Skull Watch","true",""
"AncientSpellcraft","ancientspellcraft:snow_double_slab",4483,"false",,,"tile.ancientspellcraft:snow_double_slab.name","true",""
"AncientSpellcraft","ancientspellcraft:snow_slab",4484,"false",,,"tile.ancientspellcraft:snow_slab.name","true",""
"AncientSpellcraft","ancientspellcraft:sphere_cognizance",4489,"false",11984,0,"Sphere of Cognizance","true",""
"AncientSpellcraft","ancientspellcraft:teleportation_flame",4558,"false",,,"tile.ancientspellcraft:teleportation_flame.name","true",""
"AncientSpellcraft","ancientspellcraft:unseal_button",4556,"false",12013,0,"Unseal Glyph","true",""
"AncientSpellcraft","ancientspellcraft:unsealed_stone",4555,"false",12012,0,"Unsealed Stone","true",""
"AncientSpellcraft","ancientspellcraft:wildfire_flame",4559,"false",,,"tile.ancientspellcraft:wildfire_flame.name","true",""
"Beast Slayer","ancientbeasts:cursed_door",1320,"false",5773,0,"Weeping Door","true","doorWood"
"Beast Slayer","ancientbeasts:cursed_fence",1318,"false",5771,0,"Weeping Fence","true","fenceWood"
"Beast Slayer","ancientbeasts:cursed_gate",1319,"false",5772,0,"Weeping Fence Gate","true","fenceGateWood"
"Beast Slayer","ancientbeasts:cursed_leaves",1321,"false",5774,0,"Weeping Leaves","true","treeLeaves"
"Beast Slayer","ancientbeasts:cursed_log",1313,"false",5767,0,"Weeping Log","true","logWood"
"Beast Slayer","ancientbeasts:cursed_plank",1314,"false",5768,0,"Weeping Planks","true","plankWood"
"Beast Slayer","ancientbeasts:cursed_sapling",1323,"false",5776,0,"Weeping Sapling","true","treeSapling"
"Beast Slayer","ancientbeasts:cursed_slab_double",1316,"false",,,"tile.cursed_slab_double.name","true",""
"Beast Slayer","ancientbeasts:cursed_slab_half",1317,"false",5770,0,"Weeping Slab","true","slabWood"
"Beast Slayer","ancientbeasts:cursed_stairs",1315,"false",5769,0,"Weeping Stairs","true","stairWood"
"Beast Slayer","ancientbeasts:green_torch",1324,"false",5777,0,"Weeping Torch","true",""
"Beast Slayer","ancientbeasts:hanging_leaves",1322,"false",5775,0,"Strange Fruit","true",""
"Beast Slayer","ancientbeasts:moving_light_source",1310,"false",5764,0,"tile.moving_light_source.name","true",""
"Beast Slayer","ancientbeasts:pokey",1307,"false",5761,0,"Pokey","true",""
"Beast Slayer","ancientbeasts:skewer",1308,"false",5762,0,"Skewer","true",""
"Beast Slayer","ancientbeasts:spiky",1309,"false",5763,0,"Spike","true",""
"Beast Slayer","ancientbeasts:stick_wall",1311,"false",5765,0,"Block of Sticks","true",""
"Beast Slayer","ancientbeasts:thatch",1312,"false",5766,0,"Thatch","true",""
"Better Animals Plus","betteranimalsplus:bearhead",1350,"false",,,"tile.null.name","true",""
"Better Animals Plus","betteranimalsplus:bearhead_1",1351,"false",5798,0,"Bear Head","true",""
"Better Animals Plus","betteranimalsplus:bearhead_2",1352,"false",5799,0,"Bear Head","true",""
"Better Animals Plus","betteranimalsplus:bearhead_3",1353,"false",5800,0,"Bear Head","true",""
"Better Animals Plus","betteranimalsplus:boarhead",1345,"false",,,"tile.null.name","true",""
"Better Animals Plus","betteranimalsplus:boarhead_1",1346,"false",5793,0,"Boar Head","true",""
"Better Animals Plus","betteranimalsplus:boarhead_2",1347,"false",5794,0,"Boar Head","true",""
"Better Animals Plus","betteranimalsplus:boarhead_3",1348,"false",5795,0,"Boar Head","true",""
"Better Animals Plus","betteranimalsplus:boarhead_4",1349,"false",5796,0,"Boar Head","true",""
"Better Animals Plus","betteranimalsplus:coyotehead",1338,"false",,,"tile.null.name","true",""
"Better Animals Plus","betteranimalsplus:coyotehead_1",1339,"false",5786,0,"Coyote Head","true",""
"Better Animals Plus","betteranimalsplus:deerhead",1354,"false",,,"tile.null.name","true",""
"Better Animals Plus","betteranimalsplus:deerhead_1",1355,"false",5802,0,"Deer Head","true",""
"Better Animals Plus","betteranimalsplus:deerhead_2",1356,"false",5803,0,"Deer Head","true",""
"Better Animals Plus","betteranimalsplus:deerhead_3",1357,"false",5804,0,"Deer Head","true",""
"Better Animals Plus","betteranimalsplus:deerhead_4",1358,"false",5805,0,"Deer Head","true",""
"Better Animals Plus","betteranimalsplus:foxhead",1340,"false",,,"tile.null.name","true",""
"Better Animals Plus","betteranimalsplus:foxhead_1",1341,"false",5788,0,"Fox Head","true",""
"Better Animals Plus","betteranimalsplus:foxhead_2",1342,"false",5789,0,"Fox Head","true",""
"Better Animals Plus","betteranimalsplus:foxhead_3",1343,"false",5790,0,"Fox Head","true",""
"Better Animals Plus","betteranimalsplus:foxhead_4",1344,"false",5791,0,"Fox Head","true",""
"Better Animals Plus","betteranimalsplus:handoffate",1326,"false",5868,0,"Hand Of Fate","true",""
"Better Animals Plus","betteranimalsplus:hirschgeistskull",1369,"false",,,"tile.null.name","true",""
"Better Animals Plus","betteranimalsplus:hirschgeistskull_1",1370,"false",5817,0,"Hirschgeist Skull","true",""
"Better Animals Plus","betteranimalsplus:moosehead",1364,"false",,,"tile.null.name","true",""
"Better Animals Plus","betteranimalsplus:moosehead_1",1365,"false",5812,0,"Moose Head","true",""
"Better Animals Plus","betteranimalsplus:moosehead_2",1366,"false",5813,0,"Moose Head","true",""
"Better Animals Plus","betteranimalsplus:moosehead_3",1367,"false",5814,0,"Moose Head","true",""
"Better Animals Plus","betteranimalsplus:moosehead_4",1368,"false",5815,0,"Moose Head","true",""
"Better Animals Plus","betteranimalsplus:reindeerhead",1359,"false",,,"tile.null.name","true",""
"Better Animals Plus","betteranimalsplus:reindeerhead_1",1360,"false",5807,0,"Reindeer Head","true",""
"Better Animals Plus","betteranimalsplus:reindeerhead_2",1361,"false",5808,0,"Reindeer Head","true",""
"Better Animals Plus","betteranimalsplus:reindeerhead_3",1362,"false",5809,0,"Reindeer Head","true",""
"Better Animals Plus","betteranimalsplus:reindeerhead_4",1363,"false",5810,0,"Reindeer Head","true",""
"Better Animals Plus","betteranimalsplus:trillium",1325,"false",5867,0,"Trillium","true",""
"Better Animals Plus","betteranimalsplus:turkey_cooked",1328,"false",5870,0,"Cooked Turkey","true","listAllmeatcooked"
"Better Animals Plus","betteranimalsplus:turkey_eaten_cooked",1330,"false",,,"Cooked Half Eaten Turkey","true",""
"Better Animals Plus","betteranimalsplus:turkey_eaten_raw",1329,"false",,,"Raw Half Eaten Turkey","true",""
"Better Animals Plus","betteranimalsplus:turkey_raw",1327,"false",5869,0,"Raw Turkey","true","listAllmeatraw"
"Better Animals Plus","betteranimalsplus:wolfhead",1331,"false",,,"tile.null.name","true",""
"Better Animals Plus","betteranimalsplus:wolfhead_1",1332,"false",5779,0,"Wolf Head","true",""
"Better Animals Plus","betteranimalsplus:wolfhead_2",1333,"false",5780,0,"Wolf Head","true",""
"Better Animals Plus","betteranimalsplus:wolfhead_3",1334,"false",5781,0,"Wolf Head","true",""
"Better Animals Plus","betteranimalsplus:wolfhead_4",1335,"false",5782,0,"Wolf Head","true",""
"Better Animals Plus","betteranimalsplus:wolfhead_5",1336,"false",5783,0,"Wolf Head","true",""
"Better Animals Plus","betteranimalsplus:wolfhead_6",1337,"false",5784,0,"Wolf Head","true",""
"Better End","betterendforge:aeridium",1749,"false",6363,0,"Aeridium","true",""
"Better End","betterendforge:aeternium_block",1701,"false",6316,0,"Aeternium Block","true","blockAeternium"
"Better End","betterendforge:amaranita_cap",1842,"false",6446,0,"Amaranita Cap","true",""
"Better End","betterendforge:amaranita_fur",1841,"false",6445,0,"Amaranita Fur","true",""
"Better End","betterendforge:amaranita_hymenophore",1839,"false",6443,0,"Amaranita Hymenophore","true",""
"Better End","betterendforge:amaranita_hyphae",1838,"false",6442,0,"Amaranita Hyphae","true",""
"Better End","betterendforge:amaranita_lantern",1840,"false",6444,0,"Amaranita Lantern","true",""
"Better End","betterendforge:amaranita_stem",1837,"false",6441,0,"Amaranita Stem","true",""
"Better End","betterendforge:amber_block",1704,"false",6319,0,"Amber Block","true",""
"Better End","betterendforge:amber_grass",1738,"false",6352,0,"Amber Grass","true",""
"Better End","betterendforge:amber_moss",1674,"false",6289,0,"Amber Moss","true",""
"Better End","betterendforge:amber_moss_path",1692,"false",6307,0,"Amber Moss Path","true",""
"Better End","betterendforge:amber_ore",1718,"false",6333,0,"Amber Ore","true",""
"Better End","betterendforge:amber_root_seed",1797,"false",6402,0,"Amber Root Seed","true",""
"Better End","betterendforge:ancient_emerald_ice",1852,"false",6455,0,"Ancient Emerald Ice","true",""
"Better End","betterendforge:andesite_lantern",1707,"false",6322,0,"Andesite Lantern","true",""
"Better End","betterendforge:andesite_pedestal",1726,"false",6341,0,"Andesite Pedestal","true",""
"Better End","betterendforge:aurant_polypore",1800,"false",6405,0,"Aurant Polypore","true",""
"Better End","betterendforge:aurora_crystal",1703,"false",6318,0,"Aurora Crystal","true",""
"Better End","betterendforge:azure_jadestone",2093,"false",6684,0,"Azure Jadestone","true",""
"Better End","betterendforge:azure_jadestone_bricks",2103,"false",6694,0,"Azure Jadestone Bricks","true",""
"Better End","betterendforge:azure_jadestone_bricks_slab",2105,"false",6696,0,"Azure Jadestone Brick Slab","true",""
"Better End","betterendforge:azure_jadestone_bricks_stairs",2104,"false",6695,0,"Azure Jadestone Brick Stairs","true",""
"Better End","betterendforge:azure_jadestone_bricks_wall",2106,"false",6697,0,"Azure Jadestone Brick Wall","true",""
"Better End","betterendforge:azure_jadestone_furnace",2107,"false",6698,0,"Azure Jadestone Furnace","true",""
"Better End","betterendforge:azure_jadestone_lantern",2102,"false",6693,0,"Azure Jadestone Lantern","true",""
"Better End","betterendforge:azure_jadestone_pedestal",2101,"false",6692,0,"Azure Jadestone Pedestal","true",""
"Better End","betterendforge:azure_jadestone_pillar",2096,"false",6687,0,"Azure Jadestone Pillar","true",""
"Better End","betterendforge:azure_jadestone_polished",2094,"false",6685,0,"Azure Jadestone Polished","true",""
"Better End","betterendforge:azure_jadestone_pressure_plate",2100,"false",6691,0,"Azure Jadestone Pressure Plate","true",""
"Better End","betterendforge:azure_jadestone_slab",2098,"false",6689,0,"Azure Jadestone Slab","true",""
"Better End","betterendforge:azure_jadestone_stairs",2097,"false",6688,0,"Azure Jadestone Stairs","true",""
"Better End","betterendforge:azure_jadestone_tiles",2095,"false",6686,0,"Azure Jadestone Tiles","true",""
"Better End","betterendforge:azure_jadestone_wall",2099,"false",6690,0,"Azure Jadestone Wall","true",""
"Better End","betterendforge:blackstone_lantern",1713,"false",6328,0,"Blackstone Lantern","true",""
"Better End","betterendforge:blooming_cooksonia",1742,"false",6356,0,"Blooming Cooksonia","true",""
"Better End","betterendforge:blossom_berry_seed",1796,"false",6401,0,"Blossom Berry Seed","true",""
"Better End","betterendforge:blue_vine",1755,"false",,,"Blue Vine","true",""
"Better End","betterendforge:blue_vine_fur",1757,"false",6370,0,"Blue Vine Fur","true",""
"Better End","betterendforge:blue_vine_lantern",1756,"false",6369,0,"Blue Vine Lantern","true",""
"Better End","betterendforge:blue_vine_seed",1754,"false",6368,0,"Blue Vine Seed","true",""
"Better End","betterendforge:bolux_mushroom",1753,"false",6367,0,"Bolux Mushroom","true",""
"Better End","betterendforge:brimstone",1719,"false",6334,0,"Brimstone","true",""
"Better End","betterendforge:bubble_coral",1765,"false",6375,0,"Bubble Coral","true",""
"Better End","betterendforge:bulb_moss",1804,"false",6409,0,"Bulb Moss","true",""
"Better End","betterendforge:bulb_vine",1811,"false",6416,0,"Bulb Vine","true",""
"Better End","betterendforge:bulb_vine_seed",1812,"false",6417,0,"Bulb Vine Seed","true",""
"Better End","betterendforge:bushy_grass",1740,"false",6354,0,"Bushy Grass","true",""
"Better End","betterendforge:cave_bush",1758,"false",6371,0,"Cave Bush","true",""
"Better End","betterendforge:cave_grass",1736,"false",6350,0,"Cave Grass","true",""
"Better End","betterendforge:cave_moss",1671,"false",6286,0,"Cave Moss","true",""
"Better End","betterendforge:cave_moss_path",1689,"false",6304,0,"Cave Moss Path","true",""
"Better End","betterendforge:charcoal_block",1735,"false",6849,0,"Charcoal Block","true",""
"Better End","betterendforge:charnia_cyan",1774,"false",6384,0,"Cyan Charnia","true",""
"Better End","betterendforge:charnia_green",1775,"false",6385,0,"Green Charnia","true",""
"Better End","betterendforge:charnia_light_blue",1773,"false",6383,0,"Light Blue Charnia","true",""
"Better End","betterendforge:charnia_orange",1772,"false",6382,0,"Orange Charnia","true",""
"Better End","betterendforge:charnia_purple",1771,"false",6381,0,"Purple Charnia","true",""
"Better End","betterendforge:charnia_red",1770,"false",6380,0,"Red Charnia","true",""
"Better End","betterendforge:chorus_grass",1734,"false",6349,0,"Chorus Grass","true",""
"Better End","betterendforge:chorus_mushroom_seed",1798,"false",6403,0,"Chorus Mushroom Seed","true",""
"Better End","betterendforge:chorus_nylium",1670,"false",6285,0,"Chorus Nylium","true",""
"Better End","betterendforge:chorus_nylium_path",1688,"false",6303,0,"Chorus Nylium Path","true",""
"Better End","betterendforge:clawfern",1748,"false",6362,0,"Clawfern","true",""
"Better End","betterendforge:creeping_moss",1733,"false",6348,0,"Creeping Moss","true",""
"Better End","betterendforge:crystal_grass",1737,"false",6351,0,"Crystal Grass","true",""
"Better End","betterendforge:crystal_moss",1667,"false",6282,0,"Crystal Moss","true",""
"Better End","betterendforge:crystal_moss_path",1685,"false",6300,0,"Crystal Moss Path","true",""
"Better End","betterendforge:cyan_moss",1802,"false",6407,0,"Cyan Moss","true",""
"Better End","betterendforge:dense_emerald_ice",1851,"false",6454,0,"Dense Emerald Ice","true",""
"Better End","betterendforge:dense_snow",1849,"false",6452,0,"Dense Snow","true",""
"Better End","betterendforge:dense_vine",1809,"false",6414,0,"Dense Vine","true",""
"Better End","betterendforge:diorite_lantern",1708,"false",6323,0,"Diorite Lantern","true",""
"Better End","betterendforge:diorite_pedestal",1727,"false",6342,0,"Diorite Pedestal","true",""
"Better End","betterendforge:dragon_bone_block",1697,"false",6312,0,"Dragon Bone Block","true",""
"Better End","betterendforge:dragon_bone_slab",1699,"false",6314,0,"Dragon Bone Slab","true",""
"Better End","betterendforge:dragon_bone_stairs",1698,"false",6313,0,"Dragon Bone Stairs","true",""
"Better End","betterendforge:dragon_tree_bark",1928,"false",6525,0,"Dragon Tree Bark","true","logWood"
"Better End","betterendforge:dragon_tree_bookshelf",1941,"false",6537,0,"Dragon Tree Bookshelf","true","bookshelf,bookshelfDragonTree"
"Better End","betterendforge:dragon_tree_chest",1938,"false",6535,0,"Dragon Tree Chest","true",""
"Better End","betterendforge:dragon_tree_crafting_table",1936,"false",6533,0,"Dragon Tree Crafting Table","true",""
"Better End","betterendforge:dragon_tree_door",1935,"false",,,"Dragon Tree Door","true",""
"Better End","betterendforge:dragon_tree_fence",1932,"false",6529,0,"Dragon Tree Fence","true",""
"Better End","betterendforge:dragon_tree_ladder",1937,"false",6534,0,"Dragon Tree Ladder","true",""
"Better End","betterendforge:dragon_tree_leaves",1824,"false",6429,0,"Dragon Tree Leaves","true",""
"Better End","betterendforge:dragon_tree_log",1927,"false",6524,0,"Dragon Tree Log","true","logWood"
"Better End","betterendforge:dragon_tree_planks",1929,"false",6526,0,"Dragon Tree Planks","true",""
"Better End","betterendforge:dragon_tree_pressure_plate",1933,"false",6530,0,"Dragon Tree Pressure Plate","true",""
"Better End","betterendforge:dragon_tree_sapling",1823,"false",6428,0,"Dragon Tree Sapling","true",""
"Better End","betterendforge:dragon_tree_sign_standing",1939,"false",,,"tile.betterendforge.dragon_tree_sign_standing.name","true",""
"Better End","betterendforge:dragon_tree_sign_wall",1940,"false",,,"tile.betterendforge.dragon_tree_sign_wall.name","true",""
"Better End","betterendforge:dragon_tree_slab",1931,"false",6528,0,"Dragon Tree Slab","true","slabWood"
"Better End","betterendforge:dragon_tree_stairs",1930,"false",6527,0,"Dragon Tree Stairs","true","stairWood"
"Better End","betterendforge:dragon_tree_stripped_bark",1926,"false",6523,0,"Dragon Tree Stripped Bark","true","logWood"
"Better End","betterendforge:dragon_tree_stripped_log",1925,"false",6522,0,"Dragon Tree Stripped Log","true","logWood"
"Better End","betterendforge:dragon_tree_trapdoor",1934,"false",6531,0,"Dragon Tree Trapdoor","true",""
"Better End","betterendforge:emerald_ice",1850,"false",6453,0,"Emerald Ice","true",""
"Better End","betterendforge:end_lily",1760,"false",,,"End Lily","true",""
"Better End","betterendforge:end_lily_seed",1759,"false",6372,0,"End Lily Seed","true",""
"Better End","betterendforge:end_lotus_bark",1894,"false",6493,0,"End Lotus Bark","true","logWood"
"Better End","betterendforge:end_lotus_bookshelf",1907,"false",6505,0,"End Lotus Bookshelf","true","bookshelf,bookshelfEndLotus"
"Better End","betterendforge:end_lotus_chest",1904,"false",6503,0,"End Lotus Chest","true",""
"Better End","betterendforge:end_lotus_crafting_table",1902,"false",6501,0,"End Lotus Crafting Table","true",""
"Better End","betterendforge:end_lotus_door",1901,"false",,,"End Lotus Door","true",""
"Better End","betterendforge:end_lotus_fence",1898,"false",6497,0,"End Lotus Fence","true",""
"Better End","betterendforge:end_lotus_flower",1764,"false",,,"End Lotus Flower","true",""
"Better End","betterendforge:end_lotus_ladder",1903,"false",6502,0,"End Lotus Ladder","true",""
"Better End","betterendforge:end_lotus_leaf",1763,"false",,,"End Lotus Leaf","true",""
"Better End","betterendforge:end_lotus_log",1893,"false",6492,0,"End Lotus Log","true","logWood"
"Better End","betterendforge:end_lotus_planks",1895,"false",6494,0,"End Lotus Planks","true",""
"Better End","betterendforge:end_lotus_pressure_plate",1899,"false",6498,0,"End Lotus Pressure Plate","true",""
"Better End","betterendforge:end_lotus_seed",1761,"false",6373,0,"End Lotus Seed","true",""
"Better End","betterendforge:end_lotus_sign_standing",1905,"false",,,"tile.betterendforge.end_lotus_sign_standing.name","true",""
"Better End","betterendforge:end_lotus_sign_wall",1906,"false",,,"tile.betterendforge.end_lotus_sign_wall.name","true",""
"Better End","betterendforge:end_lotus_slab",1897,"false",6496,0,"End Lotus Slab","true","slabWood"
"Better End","betterendforge:end_lotus_stairs",1896,"false",6495,0,"End Lotus Stairs","true","stairWood"
"Better End","betterendforge:end_lotus_stem",1762,"false",6374,0,"End Lotus Stem","true",""
"Better End","betterendforge:end_lotus_stripped_bark",1892,"false",6491,0,"End Lotus Stripped Bark","true","logWood"
"Better End","betterendforge:end_lotus_stripped_log",1891,"false",6490,0,"End Lotus Stripped Log","true","logWood"
"Better End","betterendforge:end_lotus_trapdoor",1900,"false",6499,0,"End Lotus Trapdoor","true",""
"Better End","betterendforge:end_moss",1669,"false",6284,0,"End Moss","true",""
"Better End","betterendforge:end_moss_path",1687,"false",6302,0,"End Moss Path","true",""
"Better End","betterendforge:end_mycelium",1668,"false",6283,0,"End Mycelium","true",""
"Better End","betterendforge:end_mycelium_path",1686,"false",6301,0,"End Mycelium Path","true",""
"Better End","betterendforge:end_portal_block",1853,"false",,,"tile.betterendforge.end_portal_block.name","true",""
"Better End","betterendforge:end_stone_furnace",1847,"false",6451,0,"End Stone Furnace","true",""
"Better End","betterendforge:end_stone_furnace_lit",1848,"false",,,"tile.betterendforge.end_stone_furnace_lit.name","true",""
"Better End","betterendforge:end_stone_lantern",1712,"false",6327,0,"End Stone Lantern","true",""
"Better End","betterendforge:end_stone_smelter",1846,"false",6450,0,"End Stone Smelter","true",""
"Better End","betterendforge:end_stone_stalactite",1729,"false",6344,0,"End Stone Stalactite","true",""
"Better End","betterendforge:end_stone_stalactite_cavemoss",1730,"false",6345,0,"Cave Moss Endstone Stalactite","true",""
"Better End","betterendforge:ender_block",1702,"false",6317,0,"Ender Block","true",""
"Better End","betterendforge:ender_ore",1717,"false",6332,0,"Ender Ore","true",""
"Better End","betterendforge:endstone_dust",1683,"false",6298,0,"End Stone Dust","true",""
"Better End","betterendforge:eternal_pedestal",1844,"false",6448,0,"Eternal Pedestal","true",""
"Better End","betterendforge:filalux",2030,"false",6621,0,"Filalux","true",""
"Better End","betterendforge:filalux_lantern",2032,"false",6623,0,"Filalux Lantern","true",""
"Better End","betterendforge:filalux_wings",2031,"false",6622,0,"Filalux Wings","true",""
"Better End","betterendforge:flamaea",1776,"false",6848,0,"Flamaea","true",""
"Better End","betterendforge:flammalix",1682,"false",6297,0,"Flammalix","true",""
"Better End","betterendforge:flavolite",2033,"false",6624,0,"Flavolite","true",""
"Better End","betterendforge:flavolite_bricks",2043,"false",6634,0,"Flavolite Bricks","true",""
"Better End","betterendforge:flavolite_bricks_slab",2045,"false",6636,0,"Flavolite Brick Slab","true",""
"Better End","betterendforge:flavolite_bricks_stairs",2044,"false",6635,0,"Flavolite Brick Stairs","true",""
"Better End","betterendforge:flavolite_bricks_wall",2046,"false",6637,0,"Flavolite Brick Wall","true",""
"Better End","betterendforge:flavolite_furnace",2047,"false",6638,0,"Flavolite Furnace","true",""
"Better End","betterendforge:flavolite_lantern",2042,"false",6633,0,"Flavolite Lantern","true",""
"Better End","betterendforge:flavolite_pedestal",2041,"false",6632,0,"Flavolite Pedestal","true",""
"Better End","betterendforge:flavolite_pillar",2036,"false",6627,0,"Flavolite Pillar","true",""
"Better End","betterendforge:flavolite_polished",2034,"false",6625,0,"Polished Flavolite","true",""
"Better End","betterendforge:flavolite_pressure_plate",2040,"false",6631,0,"Flavolite Pressure Plate","true",""
"Better End","betterendforge:flavolite_runed",1722,"false",6337,0,"Runed Flavolite","true",""
"Better End","betterendforge:flavolite_runed_eternal",1723,"false",6338,0,"Eternal Runed Flavolite","true",""
"Better End","betterendforge:flavolite_slab",2038,"false",6629,0,"Flavolite Slab","true",""
"Better End","betterendforge:flavolite_stairs",2037,"false",6628,0,"Flavolite Stairs","true",""
"Better End","betterendforge:flavolite_tiles",2035,"false",6626,0,"Flavolite Tiles","true",""
"Better End","betterendforge:flavolite_wall",2039,"false",6630,0,"Flavolite Wall","true",""
"Better End","betterendforge:fracturn",1745,"false",6359,0,"Fracturn","true",""
"Better End","betterendforge:globulagus",1746,"false",6360,0,"Globulagus","true",""
"Better End","betterendforge:glowing_pillar_leaves",1787,"false",6392,0,"Glowing Pillar Leaves","true",""
"Better End","betterendforge:glowing_pillar_luminophor",1786,"false",6391,0,"Glowing Pillar Luminophor","true",""
"Better End","betterendforge:glowing_pillar_roots",1785,"false",,,"Glowing Pillar Roots","true",""
"Better End","betterendforge:glowing_pillar_seed",1784,"false",6390,0,"Glowing Pillar Seed","true",""
"Better End","betterendforge:gold_chandelier",1716,"false",6331,0,"Gold Chandelier","true",""
"Better End","betterendforge:granite_lantern",1709,"false",6324,0,"Granite Lantern","true",""
"Better End","betterendforge:granite_pedestal",1728,"false",6343,0,"Granite Pedestal","true",""
"Better End","betterendforge:helix_tree_bark",1962,"false",6557,0,"Helix Tree Bark","true","logWood"
"Better End","betterendforge:helix_tree_bookshelf",1975,"false",6569,0,"Helix Tree Bookshelf","true","bookshelf,bookshelfHelixTree"
"Better End","betterendforge:helix_tree_chest",1972,"false",6567,0,"Helix Tree Chest","true",""
"Better End","betterendforge:helix_tree_crafting_table",1970,"false",6565,0,"Helix Tree Crafting Table","true",""
"Better End","betterendforge:helix_tree_door",1969,"false",,,"Helix Tree Door","true",""
"Better End","betterendforge:helix_tree_fence",1966,"false",6561,0,"Helix Tree Fence","true",""
"Better End","betterendforge:helix_tree_ladder",1971,"false",6566,0,"Helix Tree Ladder","true",""
"Better End","betterendforge:helix_tree_leaves",1830,"false",6435,0,"Helix Tree Leaves","true",""
"Better End","betterendforge:helix_tree_log",1961,"false",6556,0,"Helix Tree Log","true","logWood"
"Better End","betterendforge:helix_tree_planks",1963,"false",6558,0,"Helix Tree Planks","true",""
"Better End","betterendforge:helix_tree_pressure_plate",1967,"false",6562,0,"Helix Tree Pressure Plate","true",""
"Better End","betterendforge:helix_tree_sapling",1829,"false",6434,0,"Helix Tree Sapling","true",""
"Better End","betterendforge:helix_tree_sign_standing",1973,"false",,,"tile.betterendforge.helix_tree_sign_standing.name","true",""
"Better End","betterendforge:helix_tree_sign_wall",1974,"false",,,"tile.betterendforge.helix_tree_sign_wall.name","true",""
"Better End","betterendforge:helix_tree_slab",1965,"false",6560,0,"Helix Tree Slab","true","slabWood"
"Better End","betterendforge:helix_tree_stairs",1964,"false",6559,0,"Helix Tree Stairs","true","stairWood"
"Better End","betterendforge:helix_tree_stripped_bark",1960,"false",6555,0,"Stripped Helix Tree Bark","true","logWood"
"Better End","betterendforge:helix_tree_stripped_log",1959,"false",6554,0,"Stripped Helix Tree Log","true","logWood"
"Better End","betterendforge:helix_tree_trapdoor",1968,"false",6563,0,"Helix Tree Trapdoor","true",""
"Better End","betterendforge:hydralux",1778,"false",,,"tile.betterendforge.hydralux.name","true",""
"Better End","betterendforge:hydralux_petal_block",1779,"false",6387,0,"Hydralux Petal Block","true",""
"Better End","betterendforge:hydralux_petal_block_black",2204,"false",6831,0,"Black Petal Block","true",""
"Better End","betterendforge:hydralux_petal_block_blue",2200,"false",6827,0,"Blue Petal Block","true",""
"Better End","betterendforge:hydralux_petal_block_brown",2201,"false",6828,0,"Brown Petal Block","true",""
"Better End","betterendforge:hydralux_petal_block_cyan",2198,"false",6825,0,"Cyan Petal Block","true",""
"Better End","betterendforge:hydralux_petal_block_gray",2196,"false",6823,0,"Gray Petal Block","true",""
"Better End","betterendforge:hydralux_petal_block_green",2202,"false",6829,0,"Green Petal Block","true",""
"Better End","betterendforge:hydralux_petal_block_light_blue",2192,"false",6819,0,"Light Blue Petal Block","true",""
"Better End","betterendforge:hydralux_petal_block_lime",2194,"false",6821,0,"Lime Petal Block","true",""
"Better End","betterendforge:hydralux_petal_block_magenta",2191,"false",6818,0,"Magenta Petal Block","true",""
"Better End","betterendforge:hydralux_petal_block_orange",2190,"false",6817,0,"Orange Petal Block","true",""
"Better End","betterendforge:hydralux_petal_block_pink",2195,"false",6822,0,"Pink Petal Block","true",""
"Better End","betterendforge:hydralux_petal_block_purple",2199,"false",6826,0,"Purple Petal Block","true",""
"Better End","betterendforge:hydralux_petal_block_red",2203,"false",6830,0,"Red Petal Block","true",""
"Better End","betterendforge:hydralux_petal_block_silver",2197,"false",6824,0,"Light Gray Petal Block","true",""
"Better End","betterendforge:hydralux_petal_block_white",2189,"false",6816,0,"White Petal Block","true",""
"Better End","betterendforge:hydralux_petal_block_yellow",2193,"false",6820,0,"Yellow Petal Block","true",""
"Better End","betterendforge:hydralux_sapling",1777,"false",6386,0,"Hydralux Sapling","true",""
"Better End","betterendforge:hydrothermal_vent",1721,"false",6336,0,"Hydrothermal Vent","true",""
"Better End","betterendforge:inflexia",1747,"false",6361,0,"Inflexia","true",""
"Better End","betterendforge:infusion_pedestal",1845,"false",6449,0,"Infusion Pedestal","true",""
"Better End","betterendforge:iron_bulb_lantern",1714,"false",6329,0,"Iron Bulb Lantern","true",""
"Better End","betterendforge:iron_bulb_lantern_black",2220,"false",6847,0,"Black Iron Bulb Lantern","true",""
"Better End","betterendforge:iron_bulb_lantern_blue",2216,"false",6843,0,"Blue Iron Bulb Lantern","true",""
"Better End","betterendforge:iron_bulb_lantern_brown",2217,"false",6844,0,"Brown Iron Bulb Lantern","true",""
"Better End","betterendforge:iron_bulb_lantern_cyan",2214,"false",6841,0,"Cyan Iron Bulb Lantern","true",""
"Better End","betterendforge:iron_bulb_lantern_gray",2212,"false",6839,0,"Gray Iron Bulb Lantern","true",""
"Better End","betterendforge:iron_bulb_lantern_green",2218,"false",6845,0,"Green Iron Bulb Lantern","true",""
"Better End","betterendforge:iron_bulb_lantern_light_blue",2208,"false",6835,0,"Light Blue Iron Bulb Lantern","true",""
"Better End","betterendforge:iron_bulb_lantern_lime",2210,"false",6837,0,"Lime Iron Bulb Lantern","true",""
"Better End","betterendforge:iron_bulb_lantern_magenta",2207,"false",6834,0,"Magenta Iron Bulb Lantern","true",""
"Better End","betterendforge:iron_bulb_lantern_orange",2206,"false",6833,0,"Orange Iron Bulb Lantern","true",""
"Better End","betterendforge:iron_bulb_lantern_pink",2211,"false",6838,0,"Pink Iron Bulb Lantern","true",""
"Better End","betterendforge:iron_bulb_lantern_purple",2215,"false",6842,0,"Purple Iron Bulb Lantern","true",""
"Better End","betterendforge:iron_bulb_lantern_red",2219,"false",6846,0,"Red Iron Bulb Lantern","true",""
"Better End","betterendforge:iron_bulb_lantern_silver",2213,"false",6840,0,"Light Gray Iron Bulb Lantern","true",""
"Better End","betterendforge:iron_bulb_lantern_white",2205,"false",6832,0,"White Iron Bulb Lantern","true",""
"Better End","betterendforge:iron_bulb_lantern_yellow",2209,"false",6836,0,"Yellow Iron Bulb Lantern","true",""
"Better End","betterendforge:iron_chandelier",1715,"false",6330,0,"Iron Chandelier","true",""
"Better End","betterendforge:jellyshroom_bark",1996,"false",6589,0,"Jellyshroom Bark","true","logWood"
"Better End","betterendforge:jellyshroom_bookshelf",2009,"false",6601,0,"Jellyshroom Bookshelf","true","bookshelf,bookshelfJellyshroom"
"Better End","betterendforge:jellyshroom_cap_purple",1843,"false",6447,0,"Purple Jellyshroom Cap","true",""
"Better End","betterendforge:jellyshroom_chest",2006,"false",6599,0,"Jellyshroom Chest","true",""
"Better End","betterendforge:jellyshroom_crafting_table",2004,"false",6597,0,"Jellyshroom Crafting Table","true",""
"Better End","betterendforge:jellyshroom_door",2003,"false",,,"Jellyshroom Door","true",""
"Better End","betterendforge:jellyshroom_fence",2000,"false",6593,0,"Jellyshroom Fence","true",""
"Better End","betterendforge:jellyshroom_ladder",2005,"false",6598,0,"Jellyshroom Ladder","true",""
"Better End","betterendforge:jellyshroom_log",1995,"false",6588,0,"Jellyshroom Log","true","logWood"
"Better End","betterendforge:jellyshroom_planks",1997,"false",6590,0,"Jellyshroom Planks","true",""
"Better End","betterendforge:jellyshroom_pressure_plate",2001,"false",6594,0,"Jellyshroom Pressure Plate","true",""
"Better End","betterendforge:jellyshroom_sign_standing",2007,"false",,,"tile.betterendforge.jellyshroom_sign_standing.name","true",""
"Better End","betterendforge:jellyshroom_sign_wall",2008,"false",,,"tile.betterendforge.jellyshroom_sign_wall.name","true",""
"Better End","betterendforge:jellyshroom_slab",1999,"false",6592,0,"Jellyshroom Slab","true","slabWood"
"Better End","betterendforge:jellyshroom_stairs",1998,"false",6591,0,"Jellyshroom Stairs","true","stairWood"
"Better End","betterendforge:jellyshroom_stripped_bark",1994,"false",6587,0,"Stripped Jellyshroom Bark","true","logWood"
"Better End","betterendforge:jellyshroom_stripped_log",1993,"false",6586,0,"Stripped Jellyshroom Log","true","logWood"
"Better End","betterendforge:jellyshroom_trapdoor",2002,"false",6595,0,"Jellyshroom Trapdoor","true",""
"Better End","betterendforge:jungle_fern",1806,"false",6411,0,"Jungle Fern","true",""
"Better End","betterendforge:jungle_grass",1741,"false",6355,0,"Jungle Grass","true",""
"Better End","betterendforge:jungle_moss",1675,"false",6290,0,"Jungle Moss","true",""
"Better End","betterendforge:jungle_moss_path",1693,"false",6308,0,"Jungle Moss Path","true",""
"Better End","betterendforge:jungle_vine",1813,"false",6418,0,"Jungle Vine","true",""
"Better End","betterendforge:lacugrove_bark",1877,"false",6477,0,"Lacugrove Bark","true","logWood"
"Better End","betterendforge:lacugrove_bookshelf",1890,"false",6489,0,"Lacugrove Bookshelf","true","bookshelf,bookshelfLacugrove"
"Better End","betterendforge:lacugrove_chest",1887,"false",6487,0,"Lacugrove Chest","true",""
"Better End","betterendforge:lacugrove_crafting_table",1885,"false",6485,0,"Lacugrove Crafting Table","true",""
"Better End","betterendforge:lacugrove_door",1884,"false",,,"Lacugrove Door","true",""
"Better End","betterendforge:lacugrove_fence",1881,"false",6481,0,"Lacugrove Fence","true",""
"Better End","betterendforge:lacugrove_ladder",1886,"false",6486,0,"Lacugrove Ladder","true",""
"Better End","betterendforge:lacugrove_leaves",1820,"false",6425,0,"Lacugrove Leaves","true",""
"Better End","betterendforge:lacugrove_log",1876,"false",6476,0,"Lacugrove Log","true","logWood"
"Better End","betterendforge:lacugrove_planks",1878,"false",6478,0,"Lacugrove Planks","true",""
"Better End","betterendforge:lacugrove_pressure_plate",1882,"false",6482,0,"Lacugrove Pressure Plate","true",""
"Better End","betterendforge:lacugrove_sapling",1819,"false",6424,0,"Lacugrove Sapling","true",""
"Better End","betterendforge:lacugrove_sign_standing",1888,"false",,,"tile.betterendforge.lacugrove_sign_standing.name","true",""
"Better End","betterendforge:lacugrove_sign_wall",1889,"false",,,"tile.betterendforge.lacugrove_sign_wall.name","true",""
"Better End","betterendforge:lacugrove_slab",1880,"false",6480,0,"Lacugrove Slab","true","slabWood"
"Better End","betterendforge:lacugrove_stairs",1879,"false",6479,0,"Lacugrove Stairs","true","stairWood"
"Better End","betterendforge:lacugrove_stripped_bark",1875,"false",6475,0,"Lacugrove Stripped Bark","true","logWood"
"Better End","betterendforge:lacugrove_stripped_log",1874,"false",6474,0,"Lacugrove Stripped Log","true","logWood"
"Better End","betterendforge:lacugrove_trapdoor",1883,"false",6483,0,"Lacugrove Trapdoor","true",""
"Better End","betterendforge:lamellarium",1752,"false",6366,0,"Lamellarium","true",""
"Better End","betterendforge:lanceleaf",1781,"false",,,"Lanceleaf","true",""
"Better End","betterendforge:lanceleaf_seed",1780,"false",6388,0,"Lanceleaf Seed","true",""
"Better End","betterendforge:large_amaranita_mushroom",1836,"false",,,"Large Amaranita Mushroom","true",""
"Better End","betterendforge:lucernia_bark",2013,"false",6605,0,"Lucernia Bark","true","logWood"
"Better End","betterendforge:lucernia_bookshelf",2026,"false",6617,0,"Lucernia Bookshelf","true","bookshelf,bookshelfLucernia"
"Better End","betterendforge:lucernia_chest",2023,"false",6615,0,"Lucernia Chest","true",""
"Better End","betterendforge:lucernia_crafting_table",2021,"false",6613,0,"Lucernia Crafting Table","true",""
"Better End","betterendforge:lucernia_door",2020,"false",,,"Lucernia Door","true",""
"Better End","betterendforge:lucernia_fence",2017,"false",6609,0,"Lucernia Fence","true",""
"Better End","betterendforge:lucernia_ladder",2022,"false",6614,0,"Lucernia Ladder","true",""
"Better End","betterendforge:lucernia_leaves",2028,"false",6619,0,"Lucernia Leaves","true",""
"Better End","betterendforge:lucernia_log",2012,"false",6604,0,"Lucernia Log","true","logWood"
"Better End","betterendforge:lucernia_outer_leaves",2029,"false",6620,0,"Lucernia Outer Leaves","true",""
"Better End","betterendforge:lucernia_planks",2014,"false",6606,0,"Lucernia Planks","true",""
"Better End","betterendforge:lucernia_pressure_plate",2018,"false",6610,0,"Lucernia Pressure Plate","true",""
"Better End","betterendforge:lucernia_sapling",2027,"false",6618,0,"Lucernia Sapling","true",""
"Better End","betterendforge:lucernia_sign_standing",2024,"false",,,"tile.betterendforge.lucernia_sign_standing.name","true",""
"Better End","betterendforge:lucernia_sign_wall",2025,"false",,,"tile.betterendforge.lucernia_sign_wall.name","true",""
"Better End","betterendforge:lucernia_slab",2016,"false",6608,0,"Lucernia Slab","true","slabWood"
"Better End","betterendforge:lucernia_stairs",2015,"false",6607,0,"Lucernia Stairs","true","stairWood"
"Better End","betterendforge:lucernia_stripped_bark",2011,"false",6603,0,"Stripped Lucernia Bark","true","logWood"
"Better End","betterendforge:lucernia_stripped_log",2010,"false",6602,0,"Stripped Lucernia Log","true","logWood"
"Better End","betterendforge:lucernia_trapdoor",2019,"false",6611,0,"Lucernia Trapdoor","true",""
"Better End","betterendforge:lumecorn",1783,"false",,,"Lumecorn","true",""
"Better End","betterendforge:lumecorn_seed",1782,"false",6389,0,"Lumecorn Seed","true",""
"Better End","betterendforge:lutebus",1751,"false",6365,0,"Lutebus","true",""
"Better End","betterendforge:menger_sponge",1768,"false",6378,0,"Menger Sponge","true",""
"Better End","betterendforge:menger_sponge_wet",1769,"false",6379,0,"Wet Menger Sponge","true",""
"Better End","betterendforge:missing_tile",1856,"false",6457,0,"Missing Tile","true",""
"Better End","betterendforge:mossy_dragon_bone",1700,"false",6315,0,"Mossy Dragon Bone","true",""
"Better End","betterendforge:mossy_glowshroom_bark",1860,"false",6461,0,"Mossy Glowshroom Bark","true","logWood"
"Better End","betterendforge:mossy_glowshroom_bookshelf",1873,"false",6473,0,"Mossy Glowshroom Bookshelf","true","bookshelf,bookshelfMossyGlowshroom"
"Better End","betterendforge:mossy_glowshroom_cap",1816,"false",6421,0,"Mossy Glowshroom Cap","true",""
"Better End","betterendforge:mossy_glowshroom_chest",1870,"false",6471,0,"Mossy Glowshroom Chest","true",""
"Better End","betterendforge:mossy_glowshroom_crafting_table",1868,"false",6469,0,"Mossy Glowshroom Crafting Table","true",""
"Better End","betterendforge:mossy_glowshroom_door",1867,"false",,,"Mossy Glowshroom Door","true",""
"Better End","betterendforge:mossy_glowshroom_fence",1864,"false",6465,0,"Mossy Glowshroom Fence","true",""
"Better End","betterendforge:mossy_glowshroom_fur",1818,"false",6423,0,"Mossy Glowshroom Fur","true",""
"Better End","betterendforge:mossy_glowshroom_hymenophore",1817,"false",6422,0,"Mossy Glowshroom Hymenophore","true",""
"Better End","betterendforge:mossy_glowshroom_ladder",1869,"false",6470,0,"Mossy Glowshroom Ladder","true",""
"Better End","betterendforge:mossy_glowshroom_log",1859,"false",6460,0,"Mossy Glowshroom Log","true","logWood"
"Better End","betterendforge:mossy_glowshroom_planks",1861,"false",6462,0,"Mossy Glowshroom Planks","true",""
"Better End","betterendforge:mossy_glowshroom_pressure_plate",1865,"false",6466,0,"Mossy Glowshroom Pressure Plate","true",""
"Better End","betterendforge:mossy_glowshroom_sapling",1815,"false",6420,0,"Mossy Glowshroom Sapling","true",""
"Better End","betterendforge:mossy_glowshroom_sign_standing",1871,"false",,,"tile.betterendforge.mossy_glowshroom_sign_standing.name","true",""
"Better End","betterendforge:mossy_glowshroom_sign_wall",1872,"false",,,"tile.betterendforge.mossy_glowshroom_sign_wall.name","true",""
"Better End","betterendforge:mossy_glowshroom_slab",1863,"false",6464,0,"Mossy Glowshroom Slab","true","slabWood"
"Better End","betterendforge:mossy_glowshroom_stairs",1862,"false",6463,0,"Mossy Glowshroom Stairs","true","stairWood"
"Better End","betterendforge:mossy_glowshroom_stripped_bark",1858,"false",6459,0,"Mossy Glowshroom Stripped Bark","true","logWood"
"Better End","betterendforge:mossy_glowshroom_stripped_log",1857,"false",6458,0,"Mossy Glowshroom Stripped Log","true","logWood"
"Better End","betterendforge:mossy_glowshroom_trapdoor",1866,"false",6467,0,"Mossy Glowshroom Trapdoor","true",""
"Better End","betterendforge:mossy_obsidian",1696,"false",6311,0,"Mossy Obsidian","true",""
"Better End","betterendforge:murkweed",1766,"false",6376,0,"Murkweed","true",""
"Better End","betterendforge:needlegrass",1767,"false",6377,0,"Needlegrass","true",""
"Better End","betterendforge:neon_cactus",1791,"false",6396,0,"Neon Cactus","true",""
"Better End","betterendforge:neon_cactus_block",1792,"false",6397,0,"Neon Cactus Block","true",""
"Better End","betterendforge:neon_cactus_slab",1794,"false",6399,0,"Neon Cactus Slab","true",""
"Better End","betterendforge:neon_cactus_stairs",1793,"false",6398,0,"Neon Cactus Stairs","true",""
"Better End","betterendforge:orango",1750,"false",6364,0,"Orango","true",""
"Better End","betterendforge:pallidium_full",1678,"false",6293,0,"Full Pallidium Cover","true",""
"Better End","betterendforge:pallidium_heavy",1679,"false",6294,0,"Heavy Pallidium Cover","true",""
"Better End","betterendforge:pallidium_thin",1680,"false",6295,0,"Thin Pallidium Cover","true",""
"Better End","betterendforge:pallidium_tiny",1681,"false",6296,0,"Tiny Pallidium Cover","true",""
"Better End","betterendforge:pink_moss",1673,"false",6288,0,"Pink Moss","true",""
"Better End","betterendforge:pink_moss_path",1691,"false",6306,0,"Pink Moss Path","true",""
"Better End","betterendforge:pond_anemone",1808,"false",6413,0,"Pond Anemone","true",""
"Better End","betterendforge:purple_polypore",1799,"false",6404,0,"Purple Polypore","true",""
"Better End","betterendforge:purpur_lantern",1711,"false",6326,0,"Purpur Lantern","true",""
"Better End","betterendforge:purpur_pedestal",1725,"false",6340,0,"Purpur Pedestal","true",""
"Better End","betterendforge:pythadendron_bark",1911,"false",6509,0,"Pythadendron Bark","true","logWood"
"Better End","betterendforge:pythadendron_bookshelf",1924,"false",6521,0,"Pythadendron Bookshelf","true","bookshelf,bookshelfPythadendron"
"Better End","betterendforge:pythadendron_chest",1921,"false",6519,0,"Pythadendron Chest","true",""
"Better End","betterendforge:pythadendron_crafting_table",1919,"false",6517,0,"Pythadendron Crafting Table","true",""
"Better End","betterendforge:pythadendron_door",1918,"false",,,"Pythadendron Door","true",""
"Better End","betterendforge:pythadendron_fence",1915,"false",6513,0,"Pythadendron Fence","true",""
"Better End","betterendforge:pythadendron_ladder",1920,"false",6518,0,"Pythadendron Ladder","true",""
"Better End","betterendforge:pythadendron_leaves",1822,"false",6427,0,"Pythadendron Leaves","true",""
"Better End","betterendforge:pythadendron_log",1910,"false",6508,0,"Pythadendron Log","true","logWood"
"Better End","betterendforge:pythadendron_planks",1912,"false",6510,0,"Pythadendron Planks","true",""
"Better End","betterendforge:pythadendron_pressure_plate",1916,"false",6514,0,"Pythadendron Pressure Plate","true",""
"Better End","betterendforge:pythadendron_sapling",1821,"false",6426,0,"Pythadendron Sapling","true",""
"Better End","betterendforge:pythadendron_sign_standing",1922,"false",,,"tile.betterendforge.pythadendron_sign_standing.name","true",""
"Better End","betterendforge:pythadendron_sign_wall",1923,"false",,,"tile.betterendforge.pythadendron_sign_wall.name","true",""
"Better End","betterendforge:pythadendron_slab",1914,"false",6512,0,"Pythadendron Slab","true","slabWood"
"Better End","betterendforge:pythadendron_stairs",1913,"false",6511,0,"Pythadendron Stairs","true","stairWood"
"Better End","betterendforge:pythadendron_stripped_bark",1909,"false",6507,0,"Pythadendron Stripped Bark","true","logWood"
"Better End","betterendforge:pythadendron_stripped_log",1908,"false",6506,0,"Pythadendron Stripped Log","true","logWood"
"Better End","betterendforge:pythadendron_trapdoor",1917,"false",6515,0,"Pythadendron Trapdoor","true",""
"Better End","betterendforge:quartz_lantern",1710,"false",6325,0,"Quartz Lantern","true",""
"Better End","betterendforge:quartz_pedestal",1724,"false",6339,0,"Quartz Pedestal","true",""
"Better End","betterendforge:respawn_obelisk",1854,"false",6456,0,"Respawn Obelisk (WIP)","true",""
"Better End","betterendforge:rubinea",1814,"false",6419,0,"Rubinea","true",""
"Better End","betterendforge:ruscus",1807,"false",6412,0,"Ruscus","true",""
"Better End","betterendforge:rutiscus",1677,"false",6292,0,"Rutiscus","true",""
"Better End","betterendforge:rutiscus_path",1695,"false",6310,0,"Rutiscus Path","true",""
"Better End","betterendforge:salteago",1743,"false",6357,0,"Salteago","true",""
"Better End","betterendforge:sandy_jadestone",2108,"false",6699,0,"Sandy Jadestone","true",""
"Better End","betterendforge:sandy_jadestone_bricks",2118,"false",6709,0,"Sandy Jadestone Bricks","true",""
"Better End","betterendforge:sandy_jadestone_bricks_slab",2120,"false",6711,0,"Sandy Jadestone Brick Slab","true",""
"Better End","betterendforge:sandy_jadestone_bricks_stairs",2119,"false",6710,0,"Sandy Jadestone Brick Stairs","true",""
"Better End","betterendforge:sandy_jadestone_bricks_wall",2121,"false",6712,0,"Sandy Jadestone Brick Wall","true",""
"Better End","betterendforge:sandy_jadestone_furnace",2122,"false",6713,0,"Sandy Jadestone Furnace","true",""
"Better End","betterendforge:sandy_jadestone_lantern",2117,"false",6708,0,"Sandy Jadestone Lantern","true",""
"Better End","betterendforge:sandy_jadestone_pedestal",2116,"false",6707,0,"Sandy Jadestone Pedestal","true",""
"Better End","betterendforge:sandy_jadestone_pillar",2111,"false",6702,0,"Sandy Jadestone Pillar","true",""
"Better End","betterendforge:sandy_jadestone_polished",2109,"false",6700,0,"Sandy Jadestone Polished","true",""
"Better End","betterendforge:sandy_jadestone_pressure_plate",2115,"false",6706,0,"Sandy Jadestone Pressure Plate","true",""
"Better End","betterendforge:sandy_jadestone_slab",2113,"false",6704,0,"Sandy Jadestone Slab","true",""
"Better End","betterendforge:sandy_jadestone_stairs",2112,"false",6703,0,"Sandy Jadestone Stairs","true",""
"Better End","betterendforge:sandy_jadestone_tiles",2110,"false",6701,0,"Sandy Jadestone Tiles","true",""
"Better End","betterendforge:sandy_jadestone_wall",2114,"false",6705,0,"Sandy Jadestone Wall","true",""
"Better End","betterendforge:sangnum",1676,"false",6291,0,"Sangnum","true",""
"Better End","betterendforge:sangnum_path",1694,"false",6309,0,"Sangnum Path","true",""
"Better End","betterendforge:shadow_berry",1795,"false",6400,0,"Shadow Berry Seeds","true",""
"Better End","betterendforge:shadow_grass",1672,"false",6287,0,"Shadow Grass","true",""
"Better End","betterendforge:shadow_grass_path",1690,"false",6305,0,"Shadow Grass Path","true",""
"Better End","betterendforge:shadow_plant",1739,"false",6353,0,"Shadow Plant","true",""
"Better End","betterendforge:silk_moth_nest",1684,"false",6299,0,"Silk Moth Nest","true",""
"Better End","betterendforge:small_amaranita_mushroom",1835,"false",6440,0,"Small Amaranita Mushroom","true",""
"Better End","betterendforge:small_jellyshroom",1790,"false",6395,0,"Small Jellyshroom","true",""
"Better End","betterendforge:smaragdant_crystal",1705,"false",6320,0,"Smaragdant Crystal","true",""
"Better End","betterendforge:smaragdant_crystal_shard",1706,"false",6321,0,"Smaragdant Crystal Shard","true",""
"Better End","betterendforge:sulphur_crystal",1720,"false",6335,0,"Sulfur Crystal","true",""
"Better End","betterendforge:sulphuric_rock",2063,"false",6654,0,"Sulfuric Rock","true",""
"Better End","betterendforge:sulphuric_rock_bricks",2073,"false",6664,0,"Sulfuric Rock Bricks","true",""
"Better End","betterendforge:sulphuric_rock_bricks_slab",2075,"false",6666,0,"Sulfuric Rock Bricks Slab","true",""
"Better End","betterendforge:sulphuric_rock_bricks_stairs",2074,"false",6665,0,"Sulfuric Rock Bricks Stairs","true",""
"Better End","betterendforge:sulphuric_rock_bricks_wall",2076,"false",6667,0,"Sulfuric Rock Bricks Wall","true",""
"Better End","betterendforge:sulphuric_rock_furnace",2077,"false",6668,0,"Sulfuric Rock Furnace","true",""
"Better End","betterendforge:sulphuric_rock_lantern",2072,"false",6663,0,"Sulfuric Rock Lantern","true",""
"Better End","betterendforge:sulphuric_rock_pedestal",2071,"false",6662,0,"Sulfuric Rock Pedestal","true",""
"Better End","betterendforge:sulphuric_rock_pillar",2066,"false",6657,0,"Sulfuric Rock Pillar","true",""
"Better End","betterendforge:sulphuric_rock_polished",2064,"false",6655,0,"Polished Sulfuric Rock","true",""
"Better End","betterendforge:sulphuric_rock_pressure_plate",2070,"false",6661,0,"Sulfuric Rock Pressure Plate","true",""
"Better End","betterendforge:sulphuric_rock_slab",2068,"false",6659,0,"Sulfuric Rock Slab","true",""
"Better End","betterendforge:sulphuric_rock_stairs",2067,"false",6658,0,"Sulfuric Rock Stairs","true",""
"Better End","betterendforge:sulphuric_rock_tiles",2065,"false",6656,0,"Sulfuric Rock Tiles","true",""
"Better End","betterendforge:sulphuric_rock_wall",2069,"false",6660,0,"Sulfuric Rock Wall","true",""
"Better End","betterendforge:tail_moss",1801,"false",6406,0,"Tail Moss","true",""
"Better End","betterendforge:tenanea_bark",1945,"false",6541,0,"Tenanea Bark","true","logWood"
"Better End","betterendforge:tenanea_bookshelf",1958,"false",6553,0,"Tenanea Bookshelf","true","bookshelf,bookshelfTenanea"
"Better End","betterendforge:tenanea_chest",1955,"false",6551,0,"Tenanea Chest","true",""
"Better End","betterendforge:tenanea_crafting_table",1953,"false",6549,0,"Tenanea Crafting Table","true",""
"Better End","betterendforge:tenanea_door",1952,"false",,,"Tenanea Door","true",""
"Better End","betterendforge:tenanea_fence",1949,"false",6545,0,"Tenanea Fence","true",""
"Better End","betterendforge:tenanea_flowers",1827,"false",6432,0,"Tenanea Flowers","true",""
"Better End","betterendforge:tenanea_ladder",1954,"false",6550,0,"Tenanea Ladder","true",""
"Better End","betterendforge:tenanea_leaves",1826,"false",6431,0,"Tenanea Leaves","true",""
"Better End","betterendforge:tenanea_log",1944,"false",6540,0,"Tenanea Log","true","logWood"
"Better End","betterendforge:tenanea_outer_leaves",1828,"false",6433,0,"Tenanea Outer Leaves","true",""
"Better End","betterendforge:tenanea_planks",1946,"false",6542,0,"Tenanea Planks","true",""
"Better End","betterendforge:tenanea_pressure_plate",1950,"false",6546,0,"Tenanea Pressure Plate","true",""
"Better End","betterendforge:tenanea_sapling",1825,"false",6430,0,"Tenanea Sapling","true",""
"Better End","betterendforge:tenanea_sign_standing",1956,"false",,,"tile.betterendforge.tenanea_sign_standing.name","true",""
"Better End","betterendforge:tenanea_sign_wall",1957,"false",,,"tile.betterendforge.tenanea_sign_wall.name","true",""
"Better End","betterendforge:tenanea_slab",1948,"false",6544,0,"Tenanea Slab","true","slabWood"
"Better End","betterendforge:tenanea_stairs",1947,"false",6543,0,"Tenanea Stairs","true","stairWood"
"Better End","betterendforge:tenanea_stripped_bark",1943,"false",6539,0,"Stripped Tenanea Bark","true","logWood"
"Better End","betterendforge:tenanea_stripped_log",1942,"false",6538,0,"Stripped Tenanea Log","true","logWood"
"Better End","betterendforge:tenanea_trapdoor",1951,"false",6547,0,"Tenanea Trapdoor","true",""
"Better End","betterendforge:terminite_bars",2184,"false",6793,0,"Terminite Bars","true",""
"Better End","betterendforge:terminite_block",2180,"false",6789,0,"Terminite Block","true","blockTerminite"
"Better End","betterendforge:terminite_bulb_lantern",2188,"false",6797,0,"Terminite Bulb Lantern","true",""
"Better End","betterendforge:terminite_bulb_lantern_black",2179,"false",6788,0,"Black Terminite Bulb Lantern","true",""
"Better End","betterendforge:terminite_bulb_lantern_blue",2175,"false",6784,0,"Blue Terminite Bulb Lantern","true",""
"Better End","betterendforge:terminite_bulb_lantern_brown",2176,"false",6785,0,"Brown Terminite Bulb Lantern","true",""
"Better End","betterendforge:terminite_bulb_lantern_cyan",2173,"false",6782,0,"Cyan Terminite Bulb Lantern","true",""
"Better End","betterendforge:terminite_bulb_lantern_gray",2171,"false",6780,0,"Gray Terminite Bulb Lantern","true",""
"Better End","betterendforge:terminite_bulb_lantern_green",2177,"false",6786,0,"Green Terminite Bulb Lantern","true",""
"Better End","betterendforge:terminite_bulb_lantern_light_blue",2167,"false",6776,0,"Light Blue Terminite Bulb Lantern","true",""
"Better End","betterendforge:terminite_bulb_lantern_lime",2169,"false",6778,0,"Lime Terminite Bulb Lantern","true",""
"Better End","betterendforge:terminite_bulb_lantern_magenta",2166,"false",6775,0,"Magenta Terminite Bulb Lantern","true",""
"Better End","betterendforge:terminite_bulb_lantern_orange",2165,"false",6774,0,"Orange Terminite Bulb Lantern","true",""
"Better End","betterendforge:terminite_bulb_lantern_pink",2170,"false",6779,0,"Pink Terminite Bulb Lantern","true",""
"Better End","betterendforge:terminite_bulb_lantern_purple",2174,"false",6783,0,"Purple Terminite Bulb Lantern","true",""
"Better End","betterendforge:terminite_bulb_lantern_red",2178,"false",6787,0,"Red Terminite Bulb Lantern","true",""
"Better End","betterendforge:terminite_bulb_lantern_silver",2172,"false",6781,0,"Light Gray Terminite Bulb Lantern","true",""
"Better End","betterendforge:terminite_bulb_lantern_white",2164,"false",6773,0,"White Terminite Bulb Lantern","true",""
"Better End","betterendforge:terminite_bulb_lantern_yellow",2168,"false",6777,0,"Yellow Terminite Bulb Lantern","true",""
"Better End","betterendforge:terminite_chain",2185,"false",6794,0,"Terminite Chain","true",""
"Better End","betterendforge:terminite_chandelier",2187,"false",6796,0,"Terminite Chandelier","true",""
"Better End","betterendforge:terminite_pressure_plate",2186,"false",6795,0,"Terminite Pressure Plate","true",""
"Better End","betterendforge:terminite_stairs",2182,"false",6791,0,"Terminite Stairs","true",""
"Better End","betterendforge:terminite_tile",2181,"false",6790,0,"Terminite Tile","true",""
"Better End","betterendforge:terminite_trapdoor",2183,"false",6792,0,"Terminite Trapdoor","true",""
"Better End","betterendforge:thallasium_bars",2159,"false",6750,0,"Thallasium Bars","true",""
"Better End","betterendforge:thallasium_block",2155,"false",6746,0,"Thallasium Block","true","blockThallasium"
"Better End","betterendforge:thallasium_bulb_lantern",2163,"false",6754,0,"Thallasium Bulb Lantern","true",""
"Better End","betterendforge:thallasium_bulb_lantern_black",2153,"false",6744,0,"Black Thallasium Bulb Lantern","true",""
"Better End","betterendforge:thallasium_bulb_lantern_blue",2149,"false",6740,0,"Blue Thallasium Bulb Lantern","true",""
"Better End","betterendforge:thallasium_bulb_lantern_brown",2150,"false",6741,0,"Brown Thallasium Bulb Lantern","true",""
"Better End","betterendforge:thallasium_bulb_lantern_cyan",2147,"false",6738,0,"Cyan Thallasium Bulb Lantern","true",""
"Better End","betterendforge:thallasium_bulb_lantern_gray",2145,"false",6736,0,"Gray Thallasium Bulb Lantern","true",""
"Better End","betterendforge:thallasium_bulb_lantern_green",2151,"false",6742,0,"Green Thallasium Bulb Lantern","true",""
"Better End","betterendforge:thallasium_bulb_lantern_light_blue",2141,"false",6732,0,"Light Blue Thallasium Bulb Lantern","true",""
"Better End","betterendforge:thallasium_bulb_lantern_lime",2143,"false",6734,0,"Lime Thallasium Bulb Lantern","true",""
"Better End","betterendforge:thallasium_bulb_lantern_magenta",2140,"false",6731,0,"Magenta Thallasium Bulb Lantern","true",""
"Better End","betterendforge:thallasium_bulb_lantern_orange",2139,"false",6730,0,"Orange Thallasium Bulb Lantern","true",""
"Better End","betterendforge:thallasium_bulb_lantern_pink",2144,"false",6735,0,"Pink Thallasium Bulb Lantern","true",""
"Better End","betterendforge:thallasium_bulb_lantern_purple",2148,"false",6739,0,"Purple Thallasium Bulb Lantern","true",""
"Better End","betterendforge:thallasium_bulb_lantern_red",2152,"false",6743,0,"Red Thallasium Bulb Lantern","true",""
"Better End","betterendforge:thallasium_bulb_lantern_silver",2146,"false",6737,0,"Light Gray Thallasium Bulb Lantern","true",""
"Better End","betterendforge:thallasium_bulb_lantern_white",2138,"false",6729,0,"White Thallasium Bulb Lantern","true",""
"Better End","betterendforge:thallasium_bulb_lantern_yellow",2142,"false",6733,0,"Yellow Thallasium Bulb Lantern","true",""
"Better End","betterendforge:thallasium_chain",2160,"false",6751,0,"Thallasium Chain","true",""
"Better End","betterendforge:thallasium_chandelier",2162,"false",6753,0,"Thallasium Chandelier","true",""
"Better End","betterendforge:thallasium_ore",2154,"false",6745,0,"Thallasium Ore","true","oreThallasium"
"Better End","betterendforge:thallasium_pressure_plate",2161,"false",6752,0,"Thallasium Pressure Plate","true",""
"Better End","betterendforge:thallasium_stairs",2157,"false",6748,0,"Thallasium Stairs","true",""
"Better End","betterendforge:thallasium_tile",2156,"false",6747,0,"Thallasium Tile","true",""
"Better End","betterendforge:thallasium_trapdoor",2158,"false",6749,0,"Thallasium Trapdoor","true",""
"Better End","betterendforge:tube_worm",1805,"false",6410,0,"Tube Worm","true",""
"Better End","betterendforge:twisted_moss",1803,"false",6408,0,"Twisted Moss","true",""
"Better End","betterendforge:twisted_umbrella_moss",1788,"false",6393,0,"Twisted Umbrella Moss","true",""
"Better End","betterendforge:twisted_umbrella_moss_tall",1789,"false",6394,0,"Twisted Umbrella Moss Tall","true",""
"Better End","betterendforge:twisted_vine",1810,"false",6415,0,"Twisted Vine","true",""
"Better End","betterendforge:umbralith",2123,"false",6714,0,"Umbralith","true",""
"Better End","betterendforge:umbralith_bricks",2133,"false",6724,0,"Umbralith Bricks","true",""
"Better End","betterendforge:umbralith_bricks_slab",2135,"false",6726,0,"Umbralith Bricks Slab","true",""
"Better End","betterendforge:umbralith_bricks_stairs",2134,"false",6725,0,"Umbralith Bricks Stairs","true",""
"Better End","betterendforge:umbralith_bricks_wall",2136,"false",6727,0,"Umbralith Bricks Wall","true",""
"Better End","betterendforge:umbralith_furnace",2137,"false",6728,0,"Umbralith Furnace","true",""
"Better End","betterendforge:umbralith_lantern",2132,"false",6723,0,"Umbralith Lantern","true",""
"Better End","betterendforge:umbralith_pedestal",2131,"false",6722,0,"Umbralith Pedestal","true",""
"Better End","betterendforge:umbralith_pillar",2126,"false",6717,0,"Umbralith Pillar","true",""
"Better End","betterendforge:umbralith_polished",2124,"false",6715,0,"Umbralith Polished","true",""
"Better End","betterendforge:umbralith_pressure_plate",2130,"false",6721,0,"Umbralith Pressure Plate","true",""
"Better End","betterendforge:umbralith_slab",2128,"false",6719,0,"Umbralith Slab","true",""
"Better End","betterendforge:umbralith_stairs",2127,"false",6718,0,"Umbralith Stairs","true",""
"Better End","betterendforge:umbralith_tiles",2125,"false",6716,0,"Umbralith Tiles","true",""
"Better End","betterendforge:umbralith_wall",2129,"false",6720,0,"Umbralith Wall","true",""
"Better End","betterendforge:umbrella_moss",1731,"false",6346,0,"Umbrella Moss","true",""
"Better End","betterendforge:umbrella_moss_tall",1732,"false",6347,0,"Tall Umbrella Moss","true",""
"Better End","betterendforge:umbrella_tree_bark",1979,"false",6573,0,"Umbrella Tree Bark","true","logWood"
"Better End","betterendforge:umbrella_tree_bookshelf",1992,"false",6585,0,"Umbrella Tree Bookshelf","true","bookshelf,bookshelfUmbrellaTree"
"Better End","betterendforge:umbrella_tree_chest",1989,"false",6583,0,"Umbrella Tree Chest","true",""
"Better End","betterendforge:umbrella_tree_cluster",1833,"false",6438,0,"Umbrella Tree Cluster","true",""
"Better End","betterendforge:umbrella_tree_cluster_empty",1834,"false",6439,0,"Empty Umbrella Tree Cluster","true",""
"Better End","betterendforge:umbrella_tree_crafting_table",1987,"false",6581,0,"Umbrella Tree Crafting Table","true",""
"Better End","betterendforge:umbrella_tree_door",1986,"false",,,"Umbrella Tree Door","true",""
"Better End","betterendforge:umbrella_tree_fence",1983,"false",6577,0,"Umbrella Tree Fence","true",""
"Better End","betterendforge:umbrella_tree_ladder",1988,"false",6582,0,"Umbrella Tree Ladder","true",""
"Better End","betterendforge:umbrella_tree_log",1978,"false",6572,0,"Umbrella Tree Log","true","logWood"
"Better End","betterendforge:umbrella_tree_membrane",1832,"false",6437,0,"Umbrella Tree Membrane","true",""
"Better End","betterendforge:umbrella_tree_planks",1980,"false",6574,0,"Umbrella Tree Planks","true",""
"Better End","betterendforge:umbrella_tree_pressure_plate",1984,"false",6578,0,"Umbrella Tree Pressure Plate","true",""
"Better End","betterendforge:umbrella_tree_sapling",1831,"false",6436,0,"Umbrella Tree Sapling","true",""
"Better End","betterendforge:umbrella_tree_sign_standing",1990,"false",,,"tile.betterendforge.umbrella_tree_sign_standing.name","true",""
"Better End","betterendforge:umbrella_tree_sign_wall",1991,"false",,,"tile.betterendforge.umbrella_tree_sign_wall.name","true",""
"Better End","betterendforge:umbrella_tree_slab",1982,"false",6576,0,"Umbrella Tree Slab","true","slabWood"
"Better End","betterendforge:umbrella_tree_stairs",1981,"false",6575,0,"Umbrella Tree Stairs","true","stairWood"
"Better End","betterendforge:umbrella_tree_stripped_bark",1977,"false",6571,0,"Stripped Umbrella Tree Bark","true","logWood"
"Better End","betterendforge:umbrella_tree_stripped_log",1976,"false",6570,0,"Stripped Umbrella Tree Log","true","logWood"
"Better End","betterendforge:umbrella_tree_trapdoor",1985,"false",6579,0,"Umbrella Tree Trapdoor","true",""
"Better End","betterendforge:vaiolush_fern",1744,"false",6358,0,"Vaiolush Fern","true",""
"Better End","betterendforge:vent_bubble_column",1855,"false",,,"Vent Bubble Column","true",""
"Better End","betterendforge:violecite",2048,"false",6639,0,"Violecite","true",""
"Better End","betterendforge:violecite_bricks",2058,"false",6649,0,"Violecite Bricks","true",""
"Better End","betterendforge:violecite_bricks_slab",2060,"false",6651,0,"Violecite Brick Slab","true",""
"Better End","betterendforge:violecite_bricks_stairs",2059,"false",6650,0,"Violecite Brick Stairs","true",""
"Better End","betterendforge:violecite_bricks_wall",2061,"false",6652,0,"Violecite Brick Wall","true",""
"Better End","betterendforge:violecite_furnace",2062,"false",6653,0,"Violecite Furnace","true",""
"Better End","betterendforge:violecite_lantern",2057,"false",6648,0,"Violecite Lantern","true",""
"Better End","betterendforge:violecite_pedestal",2056,"false",6647,0,"Violecite Pedestal","true",""
"Better End","betterendforge:violecite_pillar",2051,"false",6642,0,"Violecite Pillar","true",""
"Better End","betterendforge:violecite_polished",2049,"false",6640,0,"Polished Violecite","true",""
"Better End","betterendforge:violecite_pressure_plate",2055,"false",6646,0,"Violecite Pressure Plate","true",""
"Better End","betterendforge:violecite_slab",2053,"false",6644,0,"Violecite Slab","true",""
"Better End","betterendforge:violecite_stairs",2052,"false",6643,0,"Violecite Stairs","true",""
"Better End","betterendforge:violecite_tiles",2050,"false",6641,0,"Violecite Tiles","true",""
"Better End","betterendforge:violecite_wall",2054,"false",6645,0,"Violecite Wall","true",""
"Better End","betterendforge:virid_jadestone",2078,"false",6669,0,"Virid Jadestone","true",""
"Better End","betterendforge:virid_jadestone_bricks",2088,"false",6679,0,"Virid Jadestone Bricks","true",""
"Better End","betterendforge:virid_jadestone_bricks_slab",2090,"false",6681,0,"Virid Jadestone Brick Slab","true",""
"Better End","betterendforge:virid_jadestone_bricks_stairs",2089,"false",6680,0,"Virid Jadestone Brick Stairs","true",""
"Better End","betterendforge:virid_jadestone_bricks_wall",2091,"false",6682,0,"Virid Jadestone Brick Wall","true",""
"Better End","betterendforge:virid_jadestone_furnace",2092,"false",6683,0,"Virid Jadestone Furnace","true",""
"Better End","betterendforge:virid_jadestone_lantern",2087,"false",6678,0,"Virid Jadestone Lantern","true",""
"Better End","betterendforge:virid_jadestone_pedestal",2086,"false",6677,0,"Virid Jadestone Pedestal","true",""
"Better End","betterendforge:virid_jadestone_pillar",2081,"false",6672,0,"Virid Jadestone Pillar","true",""
"Better End","betterendforge:virid_jadestone_polished",2079,"false",6670,0,"Polished Virid Jadestone","true",""
"Better End","betterendforge:virid_jadestone_pressure_plate",2085,"false",6676,0,"Virid Jadestone Pressure Plate","true",""
"Better End","betterendforge:virid_jadestone_slab",2083,"false",6674,0,"Virid Jadestone Slab","true",""
"Better End","betterendforge:virid_jadestone_stairs",2082,"false",6673,0,"Virid Jadestone Stairs","true",""
"Better End","betterendforge:virid_jadestone_tiles",2080,"false",6671,0,"Virid Jadestone Tiles","true",""
"Better End","betterendforge:virid_jadestone_wall",2084,"false",6675,0,"Virid Jadestone Wall","true",""
"BetterNether: RotN Edition","betternether:agave",289,"false",4140,0,"Agave","true",""
"BetterNether: RotN Edition","betternether:barrel_cactus",288,"false",4139,0,"Barrel Cactus","true",""
"BetterNether: RotN Edition","betternether:black_apple",295,"false",,,"tile.black_apple.name","true",""
"BetterNether: RotN Edition","betternether:black_apple_seed",296,"false",4145,0,"Black Apple Seed","true",""
"BetterNether: RotN Edition","betternether:black_bush",290,"false",4141,0,"Black Bush","true",""
"BetterNether: RotN Edition","betternether:block_eyeball",253,"false",4113,0,"Eyeball Block","true",""
"BetterNether: RotN Edition","betternether:block_eyeball_small",254,"false",4114,0,"Small Eyeball Block","true",""
"BetterNether: RotN Edition","betternether:bone_block",322,"false",4168,0,"Bone Block","true",""
"BetterNether: RotN Edition","betternether:bone_button",326,"false",4171,0,"Bone Button","true",""
"BetterNether: RotN Edition","betternether:bone_cincinnasite_door",352,"false",4195,0,"Bone-Cincinnasite Door","true",""
"BetterNether: RotN Edition","betternether:bone_mushroom",334,"false",4178,0,"Bone Mushroom Spores","true",""
"BetterNether: RotN Edition","betternether:bone_plate",327,"false",4172,0,"Bone Pressure Plate","true",""
"BetterNether: RotN Edition","betternether:bone_reed_door",351,"false",4194,0,"Bone-Reed Door","true",""
"BetterNether: RotN Edition","betternether:bone_slab_double",325,"false",,,"tile.bone_slab_double.name","true",""
"BetterNether: RotN Edition","betternether:bone_slab_half",324,"false",4170,0,"Bone Slab","true",""
"BetterNether: RotN Edition","betternether:bone_stairs",323,"false",4169,0,"Bone Stairs","true",""
"BetterNether: RotN Edition","betternether:bone_tile",337,"false",4181,0,"Bone Tile","true",""
"BetterNether: RotN Edition","betternether:bone_wall",329,"false",4174,0,"Bone Wall","true",""
"BetterNether: RotN Edition","betternether:brown_large_mushroom",300,"false",,,"tile.brown_large_mushroom.name","true",""
"BetterNether: RotN Edition","betternether:chest_of_drawers",356,"false",4198,0,"tile.chest_of_drawers.name","true",""
"BetterNether: RotN Edition","betternether:cincinnasite_bars",346,"false",4189,0,"Cincinnasite Bars","true",""
"BetterNether: RotN Edition","betternether:cincinnasite_block",305,"false",4152,0,"Cincinnasite Block","true",""
"BetterNether: RotN Edition","betternether:cincinnasite_brick_plate",309,"false",4156,0,"Cincinnasite Brick Plate","true",""
"BetterNether: RotN Edition","betternether:cincinnasite_bricks",308,"false",4155,0,"Cincinnasite Bricks","true",""
"BetterNether: RotN Edition","betternether:cincinnasite_bricks_pillar",336,"false",4180,0,"Cincinnasite Brick Pillar","true",""
"BetterNether: RotN Edition","betternether:cincinnasite_button",313,"false",4159,0,"Cincinnasite Button","true",""
"BetterNether: RotN Edition","betternether:cincinnasite_carved",318,"false",4164,0,"Cincinnasite Carved","true",""
"BetterNether: RotN Edition","betternether:cincinnasite_fire_bowl",328,"false",4173,0,"Cincinnasite Fire Bowl","true",""
"BetterNether: RotN Edition","betternether:cincinnasite_forge",349,"false",4192,0,"Cincinnasite Forge","true",""
"BetterNether: RotN Edition","betternether:cincinnasite_forged",306,"false",4153,0,"Forged Cincinnasite Block","true","blockCincinnasite"
"BetterNether: RotN Edition","betternether:cincinnasite_frame",342,"false",4185,0,"Cincinnasite Frame","true",""
"BetterNether: RotN Edition","betternether:cincinnasite_lantern",315,"false",4161,0,"Cincinnasite Lantern","true",""
"BetterNether: RotN Edition","betternether:cincinnasite_ore",304,"false",4151,0,"Cincinnasite Ore","true","oreCincinnasite"
"BetterNether: RotN Edition","betternether:cincinnasite_pedestal",338,"false",4182,0,"Cincinnasite Pedestal","true",""
"BetterNether: RotN Edition","betternether:cincinnasite_pillar",307,"false",4154,0,"Cincinnasite Pillar","true","blockCincinnasite"
"BetterNether: RotN Edition","betternether:cincinnasite_plate",314,"false",4160,0,"Cincinnasite Plate","true",""
"BetterNether: RotN Edition","betternether:cincinnasite_pot",340,"false",4184,0,"Cincinnasite Pot","true",""
"BetterNether: RotN Edition","betternether:cincinnasite_slab_double",312,"false",,,"tile.cincinnasite_slab_double.name","true",""
"BetterNether: RotN Edition","betternether:cincinnasite_slab_half",311,"false",4158,0,"Cincinnasite Slab","true",""
"BetterNether: RotN Edition","betternether:cincinnasite_stairs",310,"false",4157,0,"Cincinnasite Stairs","true",""
"BetterNether: RotN Edition","betternether:cincinnasite_tile_large",316,"false",4162,0,"Large Cincinnasite Tile","true","blockCincinnasite"
"BetterNether: RotN Edition","betternether:cincinnasite_tile_small",317,"false",4163,0,"Small Cincinnasite Tile","true","blockCincinnasite"
"BetterNether: RotN Edition","betternether:cincinnasite_wall",321,"false",4167,0,"Cincinnasite Wall","true",""
"BetterNether: RotN Edition","betternether:egg_plant",294,"false",4144,0,"Egg Plant","true",""
"BetterNether: RotN Edition","betternether:eye_seed",257,"false",4115,0,"Eye Seed","true",""
"BetterNether: RotN Edition","betternether:eye_vine",256,"false",,,"tile.eye_vine.name","true",""
"BetterNether: RotN Edition","betternether:gray_mold",303,"false",4150,0,"Gray Mold","true",""
"BetterNether: RotN Edition","betternether:ink_bush",291,"false",,,"Ink Bush","true",""
"BetterNether: RotN Edition","betternether:ink_bush_seed",292,"false",4142,0,"Ink Bush Seed","true",""
"BetterNether: RotN Edition","betternether:lucis_mushroom",284,"false",,,"tile.lucis_mushroom.name","true",""
"BetterNether: RotN Edition","betternether:lucis_spore",285,"false",4136,0,"Lucis Spore","true",""
"BetterNether: RotN Edition","betternether:magma_flower",297,"false",4146,0,"Magma flower seed","true",""
"BetterNether: RotN Edition","betternether:nether_brick_tile_large",319,"false",4165,0,"Large Nether Brick Tile","true",""
"BetterNether: RotN Edition","betternether:nether_brick_tile_slab_double",332,"false",,,"tile.nether_brick_tile_slab_double.name","true",""
"BetterNether: RotN Edition","betternether:nether_brick_tile_slab_half",331,"false",4176,0,"Small Nether Brick Tile Slab","true",""
"BetterNether: RotN Edition","betternether:nether_brick_tile_small",320,"false",4166,0,"Small Nether Brick Tile","true",""
"BetterNether: RotN Edition","betternether:nether_brick_tile_stairs",333,"false",4177,0,"Small Nether Brick Tile Stairs","true",""
"BetterNether: RotN Edition","betternether:nether_brick_wall",330,"false",4175,0,"Nether Brick Wall","true",""
"BetterNether: RotN Edition","betternether:nether_cactus",286,"false",4137,0,"Nether Cactus","true",""
"BetterNether: RotN Edition","betternether:nether_grass",259,"false",4117,0,"Nether Grass","true",""
"BetterNether: RotN Edition","betternether:nether_mycelium",298,"false",4147,0,"Nether Mycelium","true",""
"BetterNether: RotN Edition","betternether:nether_reed",260,"false",4118,0,"Nether Reed","true","sugarcane"
"BetterNether: RotN Edition","betternether:netherrack_furnace",350,"false",4193,0,"Netherrack Furnace","true",""
"BetterNether: RotN Edition","betternether:netherrack_moss",258,"false",4116,0,"Nether Moss","true",""
"BetterNether: RotN Edition","betternether:orange_mushroom",301,"false",4148,0,"Jack O' Lantern Mushroom","true",""
"BetterNether: RotN Edition","betternether:pig_statue_01",339,"false",4183,0,"Respawner Statue","true",""
"BetterNether: RotN Edition","betternether:potted_plant_1",341,"false",,,"Potted Plant","true",""
"BetterNether: RotN Edition","betternether:quartz_glass",343,"false",4186,0,"Quartz Glass","true","blockQuartzGlass"
"BetterNether: RotN Edition","betternether:quartz_glass_framed",344,"false",4187,0,"Framed Quartz Glass","true",""
"BetterNether: RotN Edition","betternether:quartz_glass_framed_pane",348,"false",4191,0,"Framed Quartz Glass Pane","true",""
"BetterNether: RotN Edition","betternether:quartz_glass_pane",347,"false",4190,0,"Quartz Glass Pane","true","paneQuartzGlass"
"BetterNether: RotN Edition","betternether:quartz_stained_glass",345,"true",4188,0,"Quartz Stained Glass White","true",""
"BetterNether: RotN Edition","betternether:quartz_stained_glass",345,"true",4188,1,"Quartz Stained Glass Orange","true",""
"BetterNether: RotN Edition","betternether:quartz_stained_glass",345,"true",4188,2,"Quartz Stained Glass Magenta","true",""
"BetterNether: RotN Edition","betternether:quartz_stained_glass",345,"true",4188,3,"Quartz Stained Glass Light Blue","true",""
"BetterNether: RotN Edition","betternether:quartz_stained_glass",345,"true",4188,4,"Quartz Stained Glass Yellow","true",""
"BetterNether: RotN Edition","betternether:quartz_stained_glass",345,"true",4188,5,"Quartz Stained Glass Lime","true",""
"BetterNether: RotN Edition","betternether:quartz_stained_glass",345,"true",4188,6,"Quartz Stained Glass Pink","true",""
"BetterNether: RotN Edition","betternether:quartz_stained_glass",345,"true",4188,7,"Quartz Stained Glass Gray","true",""
"BetterNether: RotN Edition","betternether:quartz_stained_glass",345,"true",4188,8,"Quartz Stained Glass Silver","true",""
"BetterNether: RotN Edition","betternether:quartz_stained_glass",345,"true",4188,9,"Quartz Stained Glass Cyan","true",""
"BetterNether: RotN Edition","betternether:quartz_stained_glass",345,"true",4188,10,"Quartz Stained Glass Purple","true",""
"BetterNether: RotN Edition","betternether:quartz_stained_glass",345,"true",4188,11,"Quartz Stained Glass Blue","true",""
"BetterNether: RotN Edition","betternether:quartz_stained_glass",345,"true",4188,12,"Quartz Stained Glass Brown","true",""
"BetterNether: RotN Edition","betternether:quartz_stained_glass",345,"true",4188,13,"Quartz Stained Glass Green","true",""
"BetterNether: RotN Edition","betternether:quartz_stained_glass",345,"true",4188,14,"Quartz Stained Glass Red","true",""
"BetterNether: RotN Edition","betternether:quartz_stained_glass",345,"true",4188,15,"Quartz Stained Glass Black","true",""
"BetterNether: RotN Edition","betternether:quartz_stained_glass_framed",353,"true",4196,0,"Framed Quartz Stained Glass White","true",""
"BetterNether: RotN Edition","betternether:quartz_stained_glass_framed",353,"true",4196,1,"Framed Quartz Stained Glass Orange","true",""
"BetterNether: RotN Edition","betternether:quartz_stained_glass_framed",353,"true",4196,2,"Framed Quartz Stained Glass Magenta","true",""
"BetterNether: RotN Edition","betternether:quartz_stained_glass_framed",353,"true",4196,3,"Framed Quartz Stained Glass Light Blue","true",""
"BetterNether: RotN Edition","betternether:quartz_stained_glass_framed",353,"true",4196,4,"Framed Quartz Stained Glass Yellow","true",""
"BetterNether: RotN Edition","betternether:quartz_stained_glass_framed",353,"true",4196,5,"Framed Quartz Stained Glass Lime","true",""
"BetterNether: RotN Edition","betternether:quartz_stained_glass_framed",353,"true",4196,6,"Framed Quartz Stained Glass Pink","true",""
"BetterNether: RotN Edition","betternether:quartz_stained_glass_framed",353,"true",4196,7,"Framed Quartz Stained Glass Gray","true",""
"BetterNether: RotN Edition","betternether:quartz_stained_glass_framed",353,"true",4196,8,"Framed Quartz Stained Glass Silver","true",""
"BetterNether: RotN Edition","betternether:quartz_stained_glass_framed",353,"true",4196,9,"Framed Quartz Stained Glass Cyan","true",""
"BetterNether: RotN Edition","betternether:quartz_stained_glass_framed",353,"true",4196,10,"Framed Quartz Stained Glass Purple","true",""
"BetterNether: RotN Edition","betternether:quartz_stained_glass_framed",353,"true",4196,11,"Framed Quartz Stained Glass Blue","true",""
"BetterNether: RotN Edition","betternether:quartz_stained_glass_framed",353,"true",4196,12,"Framed Quartz Stained Glass Brown","true",""
"BetterNether: RotN Edition","betternether:quartz_stained_glass_framed",353,"true",4196,13,"Framed Quartz Stained Glass Green","true",""
"BetterNether: RotN Edition","betternether:quartz_stained_glass_framed",353,"true",4196,14,"Framed Quartz Stained Glass Red","true",""
"BetterNether: RotN Edition","betternether:quartz_stained_glass_framed",353,"true",4196,15,"Framed Quartz Stained Glass Black","true",""
"BetterNether: RotN Edition","betternether:quartz_stained_glass_pane",354,"true",4197,0,"tile.quartz_stained_glass_pane.white.name","true",""
"BetterNether: RotN Edition","betternether:quartz_stained_glass_pane",354,"true",4197,1,"tile.quartz_stained_glass_pane.orange.name","true",""
"BetterNether: RotN Edition","betternether:quartz_stained_glass_pane",354,"true",4197,2,"tile.quartz_stained_glass_pane.magenta.name","true",""
"BetterNether: RotN Edition","betternether:quartz_stained_glass_pane",354,"true",4197,3,"tile.quartz_stained_glass_pane.lightBlue.name","true",""
"BetterNether: RotN Edition","betternether:quartz_stained_glass_pane",354,"true",4197,4,"tile.quartz_stained_glass_pane.yellow.name","true",""
"BetterNether: RotN Edition","betternether:quartz_stained_glass_pane",354,"true",4197,5,"tile.quartz_stained_glass_pane.lime.name","true",""
"BetterNether: RotN Edition","betternether:quartz_stained_glass_pane",354,"true",4197,6,"tile.quartz_stained_glass_pane.pink.name","true",""
"BetterNether: RotN Edition","betternether:quartz_stained_glass_pane",354,"true",4197,7,"tile.quartz_stained_glass_pane.gray.name","true",""
"BetterNether: RotN Edition","betternether:quartz_stained_glass_pane",354,"true",4197,8,"tile.quartz_stained_glass_pane.silver.name","true",""
"BetterNether: RotN Edition","betternether:quartz_stained_glass_pane",354,"true",4197,9,"tile.quartz_stained_glass_pane.cyan.name","true",""
"BetterNether: RotN Edition","betternether:quartz_stained_glass_pane",354,"true",4197,10,"tile.quartz_stained_glass_pane.purple.name","true",""
"BetterNether: RotN Edition","betternether:quartz_stained_glass_pane",354,"true",4197,11,"tile.quartz_stained_glass_pane.blue.name","true",""
"BetterNether: RotN Edition","betternether:quartz_stained_glass_pane",354,"true",4197,12,"tile.quartz_stained_glass_pane.brown.name","true",""
"BetterNether: RotN Edition","betternether:quartz_stained_glass_pane",354,"true",4197,13,"tile.quartz_stained_glass_pane.green.name","true",""
"BetterNether: RotN Edition","betternether:quartz_stained_glass_pane",354,"true",4197,14,"tile.quartz_stained_glass_pane.red.name","true",""
"BetterNether: RotN Edition","betternether:quartz_stained_glass_pane",354,"true",4197,15,"tile.quartz_stained_glass_pane.black.name","true",""
"BetterNether: RotN Edition","betternether:red_large_mushroom",299,"false",,,"tile.red_large_mushroom.name","true",""
"BetterNether: RotN Edition","betternether:red_mold",302,"false",4149,0,"Red Mold","true",""
"BetterNether: RotN Edition","betternether:reeds_block",276,"false",4129,0,"Reeds Block","true","plankWood"
"BetterNether: RotN Edition","betternether:reeds_button",282,"false",4134,0,"Reeds Button","true",""
"BetterNether: RotN Edition","betternether:reeds_fence",280,"false",4132,0,"Reeds Fence","true",""
"BetterNether: RotN Edition","betternether:reeds_gate",281,"false",4133,0,"Reeds Gate","true",""
"BetterNether: RotN Edition","betternether:reeds_ladder",335,"false",4179,0,"Reeds Ladder","true",""
"BetterNether: RotN Edition","betternether:reeds_plate",283,"false",4135,0,"Reeds Pressure Plate","true",""
"BetterNether: RotN Edition","betternether:reeds_slab_double",279,"false",,,"tile.reeds_slab_double.name","true",""
"BetterNether: RotN Edition","betternether:reeds_slab_half",278,"false",4131,0,"Reeds Slab","true","slabWood"
"BetterNether: RotN Edition","betternether:reeds_stairs",277,"false",4130,0,"Reeds Stairs","true",""
"BetterNether: RotN Edition","betternether:smoker",293,"false",4143,0,"Smoker","true",""
"BetterNether: RotN Edition","betternether:stalagnate_bark",267,"false",4121,0,"Stalagnate Bark","true",""
"BetterNether: RotN Edition","betternether:stalagnate_bottom",262,"false",,,"tile.stalagnate_bottom.name","true",""
"BetterNether: RotN Edition","betternether:stalagnate_bowl_placed",355,"false",,,"Stalagnate Bowl","true",""
"BetterNether: RotN Edition","betternether:stalagnate_middle",263,"false",,,"Stalagnate","true",""
"BetterNether: RotN Edition","betternether:stalagnate_planks",268,"false",4122,0,"Stalagnate Planks","true","plankWood"
"BetterNether: RotN Edition","betternether:stalagnate_planks_button",274,"false",4127,0,"Stalagnate Button","true",""
"BetterNether: RotN Edition","betternether:stalagnate_planks_fence",272,"false",4125,0,"Stalagnate Fence","true",""
"BetterNether: RotN Edition","betternether:stalagnate_planks_gate",273,"false",4126,0,"Stalagnate Gate","true",""
"BetterNether: RotN Edition","betternether:stalagnate_planks_plate",275,"false",4128,0,"Stalagnate Pressure Plate","true",""
"BetterNether: RotN Edition","betternether:stalagnate_planks_slab_double",271,"false",,,"tile.stalagnate_planks_slab_double.name","true",""
"BetterNether: RotN Edition","betternether:stalagnate_planks_slab_half",270,"false",4124,0,"Stalagnate Slab","true","slabWood"
"BetterNether: RotN Edition","betternether:stalagnate_planks_stairs",269,"false",4123,0,"Stalagnate Stairs","true",""
"BetterNether: RotN Edition","betternether:stalagnate_seed",265,"false",4120,0,"Stalagnate Seed","true",""
"BetterNether: RotN Edition","betternether:stalagnate_seed_bottom",266,"false",,,"Stalagnate Seed","true",""
"BetterNether: RotN Edition","betternether:stalagnate_stem",261,"false",4119,0,"Stalagnate","true","logWood"
"BetterNether: RotN Edition","betternether:stalagnate_top",264,"false",,,"Stalagnate","true",""
"BetterNether: RotN Edition","betternether:wart_seed",287,"false",4138,0,"Wart Seed","true",""
"BiblioCraft","bibliocraft:armorstand",2379,"true",7573,0,"Oak Armor Stand","true",""
"BiblioCraft","bibliocraft:armorstand",2379,"true",7573,1,"Spruce Armor Stand","true",""
"BiblioCraft","bibliocraft:armorstand",2379,"true",7573,2,"Birch Armor Stand","true",""
"BiblioCraft","bibliocraft:armorstand",2379,"true",7573,3,"Jungle Armor Stand","true",""
"BiblioCraft","bibliocraft:armorstand",2379,"true",7573,4,"Acacia Armor Stand","true",""
"BiblioCraft","bibliocraft:armorstand",2379,"true",7573,5,"Dark Oak Armor Stand","true",""
"BiblioCraft","bibliocraft:armorstand",2379,"true",7573,6,"Framed Armor Stand","true",""
"BiblioCraft","bibliocraft:bell",2380,"false",7574,0,"Desk Bell","true",""
"BiblioCraft","bibliocraft:bookcase",2349,"true",7543,0,"Oak Bookcase","true",""
"BiblioCraft","bibliocraft:bookcase",2349,"true",7543,1,"Spruce Bookcase","true",""
"BiblioCraft","bibliocraft:bookcase",2349,"true",7543,2,"Birch Bookcase","true",""
"BiblioCraft","bibliocraft:bookcase",2349,"true",7543,3,"Jungle Bookcase","true",""
"BiblioCraft","bibliocraft:bookcase",2349,"true",7543,4,"Acacia Bookcase","true",""
"BiblioCraft","bibliocraft:bookcase",2349,"true",7543,5,"Dark Oak Bookcase","true",""
"BiblioCraft","bibliocraft:bookcase",2349,"true",7543,6,"Framed Bookcase","true",""
"BiblioCraft","bibliocraft:bookcasecreative",2350,"true",7544,0,"Oak Creative Bookcase","true",""
"BiblioCraft","bibliocraft:bookcasecreative",2350,"true",7544,1,"Spruce Creative Bookcase","true",""
"BiblioCraft","bibliocraft:bookcasecreative",2350,"true",7544,2,"Birch Creative Bookcase","true",""
"BiblioCraft","bibliocraft:bookcasecreative",2350,"true",7544,3,"Jungle Creative Bookcase","true",""
"BiblioCraft","bibliocraft:bookcasecreative",2350,"true",7544,4,"Acacia Creative Bookcase","true",""
"BiblioCraft","bibliocraft:bookcasecreative",2350,"true",7544,5,"Dark Oak Creative Bookcase","true",""
"BiblioCraft","bibliocraft:bookcasecreative",2350,"true",7544,6,"Framed Creative Bookcase","true",""
"BiblioCraft","bibliocraft:case",2369,"true",7563,0,"Oak Case","true",""
"BiblioCraft","bibliocraft:case",2369,"true",7563,1,"Spruce Case","true",""
"BiblioCraft","bibliocraft:case",2369,"true",7563,2,"Birch Case","true",""
"BiblioCraft","bibliocraft:case",2369,"true",7563,3,"Jungle Case","true",""
"BiblioCraft","bibliocraft:case",2369,"true",7563,4,"Acacia Case","true",""
"BiblioCraft","bibliocraft:case",2369,"true",7563,5,"Dark Oak Case","true",""
"BiblioCraft","bibliocraft:case",2369,"true",7563,6,"Framed Case","true",""
"BiblioCraft","bibliocraft:clipboard",2353,"false",7547,0,"tile.BiblioCraft:Clipboard.name","true",""
"BiblioCraft","bibliocraft:clock",2368,"true",7562,0,"Oak Clock","true",""
"BiblioCraft","bibliocraft:clock",2368,"true",7562,1,"Spruce Clock","true",""
"BiblioCraft","bibliocraft:clock",2368,"true",7562,2,"Birch Clock","true",""
"BiblioCraft","bibliocraft:clock",2368,"true",7562,3,"Jungle Clock","true",""
"BiblioCraft","bibliocraft:clock",2368,"true",7562,4,"Acacia Clock","true",""
"BiblioCraft","bibliocraft:clock",2368,"true",7562,5,"Dark Oak Clock","true",""
"BiblioCraft","bibliocraft:clock",2368,"true",7562,6,"Framed Clock","true",""
"BiblioCraft","bibliocraft:cookiejar",2383,"false",7577,0,"Cookie Jar","true",""
"BiblioCraft","bibliocraft:desk",2365,"true",7559,0,"Oak Desk","true",""
"BiblioCraft","bibliocraft:desk",2365,"true",7559,1,"Spruce Desk","true",""
"BiblioCraft","bibliocraft:desk",2365,"true",7559,2,"Birch Desk","true",""
"BiblioCraft","bibliocraft:desk",2365,"true",7559,3,"Jungle Desk","true",""
"BiblioCraft","bibliocraft:desk",2365,"true",7559,4,"Acacia Desk","true",""
"BiblioCraft","bibliocraft:desk",2365,"true",7559,5,"Dark Oak Desk","true",""
"BiblioCraft","bibliocraft:desk",2365,"true",7559,6,"Framed Desk","true",""
"BiblioCraft","bibliocraft:dinnerplate",2384,"false",7578,0,"Dinner Plate","true",""
"BiblioCraft","bibliocraft:discrack",2385,"false",7579,0,"Disc Rack","true",""
"BiblioCraft","bibliocraft:fancysign",2360,"true",7554,0,"Oak Fancy Sign","true",""
"BiblioCraft","bibliocraft:fancysign",2360,"true",7554,1,"Spruce Fancy Sign","true",""
"BiblioCraft","bibliocraft:fancysign",2360,"true",7554,2,"Birch Fancy Sign","true",""
"BiblioCraft","bibliocraft:fancysign",2360,"true",7554,3,"Jungle Fancy Sign","true",""
"BiblioCraft","bibliocraft:fancysign",2360,"true",7554,4,"Acacia Fancy Sign","true",""
"BiblioCraft","bibliocraft:fancysign",2360,"true",7554,5,"Dark Oak Fancy Sign","true",""
"BiblioCraft","bibliocraft:fancysign",2360,"true",7554,6,"Framed Fancy Sign","true",""
"BiblioCraft","bibliocraft:fancyworkbench",2361,"true",7555,0,"Oak Fancy Workbench","true",""
"BiblioCraft","bibliocraft:fancyworkbench",2361,"true",7555,1,"Spruce Fancy Workbench","true",""
"BiblioCraft","bibliocraft:fancyworkbench",2361,"true",7555,2,"Birch Fancy Workbench","true",""
"BiblioCraft","bibliocraft:fancyworkbench",2361,"true",7555,3,"Jungle Fancy Workbench","true",""
"BiblioCraft","bibliocraft:fancyworkbench",2361,"true",7555,4,"Acacia Fancy Workbench","true",""
"BiblioCraft","bibliocraft:fancyworkbench",2361,"true",7555,5,"Dark Oak Workbench","true",""
"BiblioCraft","bibliocraft:fancyworkbench",2361,"true",7555,6,"Framed Fancy Workbench","true",""
"BiblioCraft","bibliocraft:framedchest",2359,"true",7553,0,"Oak Framed Chest","true",""
"BiblioCraft","bibliocraft:framedchest",2359,"true",7553,1,"Spruce Framed Chest","true",""
"BiblioCraft","bibliocraft:framedchest",2359,"true",7553,2,"Birch Framed Chest","true",""
"BiblioCraft","bibliocraft:framedchest",2359,"true",7553,3,"Jungle Framed Chest","true",""
"BiblioCraft","bibliocraft:framedchest",2359,"true",7553,4,"Acacia Framed Chest","true",""
"BiblioCraft","bibliocraft:framedchest",2359,"true",7553,5,"Dark Oak Framed Chest","true",""
"BiblioCraft","bibliocraft:framedchest",2359,"true",7553,6,"Framed Framed Chest","true",""
"BiblioCraft","bibliocraft:furniturepaneler",2358,"true",7552,0,"Oak Furniture Paneler","true",""
"BiblioCraft","bibliocraft:furniturepaneler",2358,"true",7552,1,"Spruce Furniture Paneler","true",""
"BiblioCraft","bibliocraft:furniturepaneler",2358,"true",7552,2,"Birch Furniture Paneler","true",""
"BiblioCraft","bibliocraft:furniturepaneler",2358,"true",7552,3,"Jungle Furniture Paneler","true",""
"BiblioCraft","bibliocraft:furniturepaneler",2358,"true",7552,4,"Acacia Furniture Paneler","true",""
"BiblioCraft","bibliocraft:furniturepaneler",2358,"true",7552,5,"Dark Oak Furniture Paneler","true",""
"BiblioCraft","bibliocraft:furniturepaneler",2358,"true",7552,6,"Framed Furniture Paneler","true",""
"BiblioCraft","bibliocraft:label",2364,"true",7558,0,"Oak Wood Label","true",""
"BiblioCraft","bibliocraft:label",2364,"true",7558,1,"Spruce Wood Label","true",""
"BiblioCraft","bibliocraft:label",2364,"true",7558,2,"Birch Wood Label","true",""
"BiblioCraft","bibliocraft:label",2364,"true",7558,3,"Jungle Wood Label","true",""
"BiblioCraft","bibliocraft:label",2364,"true",7558,4,"Acacia Label","true",""
"BiblioCraft","bibliocraft:label",2364,"true",7558,5,"Dark Oak Label","true",""
"BiblioCraft","bibliocraft:label",2364,"true",7558,6,"Framed Label","true",""
"BiblioCraft","bibliocraft:lampgold",2356,"true",7550,0,"Fancy Lamp","true",""
"BiblioCraft","bibliocraft:lampgold",2356,"true",7550,1,"Fancy Lamp","true",""
"BiblioCraft","bibliocraft:lampgold",2356,"true",7550,2,"Fancy Lamp","true",""
"BiblioCraft","bibliocraft:lampgold",2356,"true",7550,3,"Fancy Lamp","true",""
"BiblioCraft","bibliocraft:lampgold",2356,"true",7550,4,"Fancy Lamp","true",""
"BiblioCraft","bibliocraft:lampgold",2356,"true",7550,5,"Fancy Lamp","true",""
"BiblioCraft","bibliocraft:lampgold",2356,"true",7550,6,"Fancy Lamp","true",""
"BiblioCraft","bibliocraft:lampgold",2356,"true",7550,7,"Fancy Lamp","true",""
"BiblioCraft","bibliocraft:lampgold",2356,"true",7550,8,"Fancy Lamp","true",""
"BiblioCraft","bibliocraft:lampgold",2356,"true",7550,9,"Fancy Lamp","true",""
"BiblioCraft","bibliocraft:lampgold",2356,"true",7550,10,"Fancy Lamp","true",""
"BiblioCraft","bibliocraft:lampgold",2356,"true",7550,11,"Fancy Lamp","true",""
"BiblioCraft","bibliocraft:lampgold",2356,"true",7550,12,"Fancy Lamp","true",""
"BiblioCraft","bibliocraft:lampgold",2356,"true",7550,13,"Fancy Lamp","true",""
"BiblioCraft","bibliocraft:lampgold",2356,"true",7550,14,"Fancy Lamp","true",""
"BiblioCraft","bibliocraft:lampgold",2356,"true",7550,15,"Fancy Lamp","true",""
"BiblioCraft","bibliocraft:lampiron",2357,"true",7551,0,"Fancy Lamp","true",""
"BiblioCraft","bibliocraft:lampiron",2357,"true",7551,1,"Fancy Lamp","true",""
"BiblioCraft","bibliocraft:lampiron",2357,"true",7551,2,"Fancy Lamp","true",""
"BiblioCraft","bibliocraft:lampiron",2357,"true",7551,3,"Fancy Lamp","true",""
"BiblioCraft","bibliocraft:lampiron",2357,"true",7551,4,"Fancy Lamp","true",""
"BiblioCraft","bibliocraft:lampiron",2357,"true",7551,5,"Fancy Lamp","true",""
"BiblioCraft","bibliocraft:lampiron",2357,"true",7551,6,"Fancy Lamp","true",""
"BiblioCraft","bibliocraft:lampiron",2357,"true",7551,7,"Fancy Lamp","true",""
"BiblioCraft","bibliocraft:lampiron",2357,"true",7551,8,"Fancy Lamp","true",""
"BiblioCraft","bibliocraft:lampiron",2357,"true",7551,9,"Fancy Lamp","true",""
"BiblioCraft","bibliocraft:lampiron",2357,"true",7551,10,"Fancy Lamp","true",""
"BiblioCraft","bibliocraft:lampiron",2357,"true",7551,11,"Fancy Lamp","true",""
"BiblioCraft","bibliocraft:lampiron",2357,"true",7551,12,"Fancy Lamp","true",""
"BiblioCraft","bibliocraft:lampiron",2357,"true",7551,13,"Fancy Lamp","true",""
"BiblioCraft","bibliocraft:lampiron",2357,"true",7551,14,"Fancy Lamp","true",""
"BiblioCraft","bibliocraft:lampiron",2357,"true",7551,15,"Fancy Lamp","true",""
"BiblioCraft","bibliocraft:lanterngold",2354,"true",7548,0,"Fancy Lantern","true",""
"BiblioCraft","bibliocraft:lanterngold",2354,"true",7548,1,"Fancy Lantern","true",""
"BiblioCraft","bibliocraft:lanterngold",2354,"true",7548,2,"Fancy Lantern","true",""
"BiblioCraft","bibliocraft:lanterngold",2354,"true",7548,3,"Fancy Lantern","true",""
"BiblioCraft","bibliocraft:lanterngold",2354,"true",7548,4,"Fancy Lantern","true",""
"BiblioCraft","bibliocraft:lanterngold",2354,"true",7548,5,"Fancy Lantern","true",""
"BiblioCraft","bibliocraft:lanterngold",2354,"true",7548,6,"Fancy Lantern","true",""
"BiblioCraft","bibliocraft:lanterngold",2354,"true",7548,7,"Fancy Lantern","true",""
"BiblioCraft","bibliocraft:lanterngold",2354,"true",7548,8,"Fancy Lantern","true",""
"BiblioCraft","bibliocraft:lanterngold",2354,"true",7548,9,"Fancy Lantern","true",""
"BiblioCraft","bibliocraft:lanterngold",2354,"true",7548,10,"Fancy Lantern","true",""
"BiblioCraft","bibliocraft:lanterngold",2354,"true",7548,11,"Fancy Lantern","true",""
"BiblioCraft","bibliocraft:lanterngold",2354,"true",7548,12,"Fancy Lantern","true",""
"BiblioCraft","bibliocraft:lanterngold",2354,"true",7548,13,"Fancy Lantern","true",""
"BiblioCraft","bibliocraft:lanterngold",2354,"true",7548,14,"Fancy Lantern","true",""
"BiblioCraft","bibliocraft:lanterngold",2354,"true",7548,15,"Fancy Lantern","true",""
"BiblioCraft","bibliocraft:lanterniron",2355,"true",7549,0,"Fancy Lantern","true",""
"BiblioCraft","bibliocraft:lanterniron",2355,"true",7549,1,"Fancy Lantern","true",""
"BiblioCraft","bibliocraft:lanterniron",2355,"true",7549,2,"Fancy Lantern","true",""
"BiblioCraft","bibliocraft:lanterniron",2355,"true",7549,3,"Fancy Lantern","true",""
"BiblioCraft","bibliocraft:lanterniron",2355,"true",7549,4,"Fancy Lantern","true",""
"BiblioCraft","bibliocraft:lanterniron",2355,"true",7549,5,"Fancy Lantern","true",""
"BiblioCraft","bibliocraft:lanterniron",2355,"true",7549,6,"Fancy Lantern","true",""
"BiblioCraft","bibliocraft:lanterniron",2355,"true",7549,7,"Fancy Lantern","true",""
"BiblioCraft","bibliocraft:lanterniron",2355,"true",7549,8,"Fancy Lantern","true",""
"BiblioCraft","bibliocraft:lanterniron",2355,"true",7549,9,"Fancy Lantern","true",""
"BiblioCraft","bibliocraft:lanterniron",2355,"true",7549,10,"Fancy Lantern","true",""
"BiblioCraft","bibliocraft:lanterniron",2355,"true",7549,11,"Fancy Lantern","true",""
"BiblioCraft","bibliocraft:lanterniron",2355,"true",7549,12,"Fancy Lantern","true",""
"BiblioCraft","bibliocraft:lanterniron",2355,"true",7549,13,"Fancy Lantern","true",""
"BiblioCraft","bibliocraft:lanterniron",2355,"true",7549,14,"Fancy Lantern","true",""
"BiblioCraft","bibliocraft:lanterniron",2355,"true",7549,15,"Fancy Lantern","true",""
"BiblioCraft","bibliocraft:mapframe",2370,"true",7564,0,"Oak Map Frame","true",""
"BiblioCraft","bibliocraft:mapframe",2370,"true",7564,1,"Spruce Map Frame","true",""
"BiblioCraft","bibliocraft:mapframe",2370,"true",7564,2,"Birch Map Frame","true",""
"BiblioCraft","bibliocraft:mapframe",2370,"true",7564,3,"Jungle Map Frame","true",""
"BiblioCraft","bibliocraft:mapframe",2370,"true",7564,4,"Acacia Map Frame","true",""
"BiblioCraft","bibliocraft:mapframe",2370,"true",7564,5,"Dark Oak Map Frame","true",""
"BiblioCraft","bibliocraft:mapframe",2370,"true",7564,6,"Framed Map Frame","true",""
"BiblioCraft","bibliocraft:markerpole",2352,"false",7546,0,"tile.BiblioCraft:MarkerPole.name","true",""
"BiblioCraft","bibliocraft:paintingframeborderless",2375,"true",7569,0,"Oak Painting Frame","true",""
"BiblioCraft","bibliocraft:paintingframeborderless",2375,"true",7569,1,"Spruce Painting Frame","true",""
"BiblioCraft","bibliocraft:paintingframeborderless",2375,"true",7569,2,"Birch Painting Frame","true",""
"BiblioCraft","bibliocraft:paintingframeborderless",2375,"true",7569,3,"Jungle Painting Frame","true",""
"BiblioCraft","bibliocraft:paintingframeborderless",2375,"true",7569,4,"Acacia Painting Frame","true",""
"BiblioCraft","bibliocraft:paintingframeborderless",2375,"true",7569,5,"Dark Oak Painting Frame","true",""
"BiblioCraft","bibliocraft:paintingframeborderless",2375,"true",7569,6,"Framed Painting Frame","true",""
"BiblioCraft","bibliocraft:paintingframefancy",2374,"true",7568,0,"Oak Painting Frame","true",""
"BiblioCraft","bibliocraft:paintingframefancy",2374,"true",7568,1,"Spruce Painting Frame","true",""
"BiblioCraft","bibliocraft:paintingframefancy",2374,"true",7568,2,"Birch Painting Frame","true",""
"BiblioCraft","bibliocraft:paintingframefancy",2374,"true",7568,3,"Jungle Painting Frame","true",""
"BiblioCraft","bibliocraft:paintingframefancy",2374,"true",7568,4,"Acacia Painting Frame","true",""
"BiblioCraft","bibliocraft:paintingframefancy",2374,"true",7568,5,"Dark Oak Painting Frame","true",""
"BiblioCraft","bibliocraft:paintingframefancy",2374,"true",7568,6,"Framed Painting Frame","true",""
"BiblioCraft","bibliocraft:paintingframeflat",2371,"true",7565,0,"Oak Painting Frame","true",""
"BiblioCraft","bibliocraft:paintingframeflat",2371,"true",7565,1,"Spruce Painting Frame","true",""
"BiblioCraft","bibliocraft:paintingframeflat",2371,"true",7565,2,"Birch Painting Frame","true",""
"BiblioCraft","bibliocraft:paintingframeflat",2371,"true",7565,3,"Jungle Painting Frame","true",""
"BiblioCraft","bibliocraft:paintingframeflat",2371,"true",7565,4,"Acacia Painting Frame","true",""
"BiblioCraft","bibliocraft:paintingframeflat",2371,"true",7565,5,"Dark Oak Painting Frame","true",""
"BiblioCraft","bibliocraft:paintingframeflat",2371,"true",7565,6,"Framed Painting Frame","true",""
"BiblioCraft","bibliocraft:paintingframemiddle",2373,"true",7567,0,"Oak Painting Frame","true",""
"BiblioCraft","bibliocraft:paintingframemiddle",2373,"true",7567,1,"Spruce Painting Frame","true",""
"BiblioCraft","bibliocraft:paintingframemiddle",2373,"true",7567,2,"Birch Painting Frame","true",""
"BiblioCraft","bibliocraft:paintingframemiddle",2373,"true",7567,3,"Jungle Painting Frame","true",""
"BiblioCraft","bibliocraft:paintingframemiddle",2373,"true",7567,4,"Acacia Painting Frame","true",""
"BiblioCraft","bibliocraft:paintingframemiddle",2373,"true",7567,5,"Dark Oak Painting Frame","true",""
"BiblioCraft","bibliocraft:paintingframemiddle",2373,"true",7567,6,"Framed Painting Frame","true",""
"BiblioCraft","bibliocraft:paintingframesimple",2372,"true",7566,0,"Oak Painting Frame","true",""
"BiblioCraft","bibliocraft:paintingframesimple",2372,"true",7566,1,"Spruce Painting Frame","true",""
"BiblioCraft","bibliocraft:paintingframesimple",2372,"true",7566,2,"Birch Painting Frame","true",""
"BiblioCraft","bibliocraft:paintingframesimple",2372,"true",7566,3,"Jungle Painting Frame","true",""
"BiblioCraft","bibliocraft:paintingframesimple",2372,"true",7566,4,"Acacia Painting Frame","true",""
"BiblioCraft","bibliocraft:paintingframesimple",2372,"true",7566,5,"Dark Oak Painting Frame","true",""
"BiblioCraft","bibliocraft:paintingframesimple",2372,"true",7566,6,"Framed Painting Frame","true",""
"BiblioCraft","bibliocraft:paintingpress",2376,"false",7570,0,"Painting Press","true",""
"BiblioCraft","bibliocraft:potionshelf",2362,"true",7556,0,"Oak Potion Shelf","true",""
"BiblioCraft","bibliocraft:potionshelf",2362,"true",7556,1,"Spruce Potion Shelf","true",""
"BiblioCraft","bibliocraft:potionshelf",2362,"true",7556,2,"Birch Potion Shelf","true",""
"BiblioCraft","bibliocraft:potionshelf",2362,"true",7556,3,"Jungle Potion Shelf","true",""
"BiblioCraft","bibliocraft:potionshelf",2362,"true",7556,4,"Acacia Potion Shelf","true",""
"BiblioCraft","bibliocraft:potionshelf",2362,"true",7556,5,"Dark Oak Potion Shelf","true",""
"BiblioCraft","bibliocraft:potionshelf",2362,"true",7556,6,"Framed Potion Shelf","true",""
"BiblioCraft","bibliocraft:printingpress",2382,"false",7576,0,"Printing Press","true",""
"BiblioCraft","bibliocraft:seat",2367,"true",7561,0,"Oak Seat","true",""
"BiblioCraft","bibliocraft:seat",2367,"true",7561,1,"Spruce Seat","true",""
"BiblioCraft","bibliocraft:seat",2367,"true",7561,2,"Birch Seat","true",""
"BiblioCraft","bibliocraft:seat",2367,"true",7561,3,"Jungle Seat","true",""
"BiblioCraft","bibliocraft:seat",2367,"true",7561,4,"Acacia Seat","true",""
"BiblioCraft","bibliocraft:seat",2367,"true",7561,5,"Dark Oak Seat","true",""
"BiblioCraft","bibliocraft:seat",2367,"true",7561,6,"Framed Seat","true",""
"BiblioCraft","bibliocraft:shelf",2351,"true",7545,0,"Oak Shelf","true",""
"BiblioCraft","bibliocraft:shelf",2351,"true",7545,1,"Spruce Shelf","true",""
"BiblioCraft","bibliocraft:shelf",2351,"true",7545,2,"Birch Shelf","true",""
"BiblioCraft","bibliocraft:shelf",2351,"true",7545,3,"Jungle Shelf","true",""
"BiblioCraft","bibliocraft:shelf",2351,"true",7545,4,"Acacia Shelf","true",""
"BiblioCraft","bibliocraft:shelf",2351,"true",7545,5,"Dark Oak Shelf","true",""
"BiblioCraft","bibliocraft:shelf",2351,"true",7545,6,"Framed Shelf","true",""
"BiblioCraft","bibliocraft:swordpedestal",2378,"true",7572,0,"Sword Pedestal","true",""
"BiblioCraft","bibliocraft:swordpedestal",2378,"true",7572,1,"Sword Pedestal","true",""
"BiblioCraft","bibliocraft:swordpedestal",2378,"true",7572,2,"Sword Pedestal","true",""
"BiblioCraft","bibliocraft:swordpedestal",2378,"true",7572,3,"Sword Pedestal","true",""
"BiblioCraft","bibliocraft:swordpedestal",2378,"true",7572,4,"Sword Pedestal","true",""
"BiblioCraft","bibliocraft:swordpedestal",2378,"true",7572,5,"Sword Pedestal","true",""
"BiblioCraft","bibliocraft:swordpedestal",2378,"true",7572,6,"Sword Pedestal","true",""
"BiblioCraft","bibliocraft:swordpedestal",2378,"true",7572,7,"Sword Pedestal","true",""
"BiblioCraft","bibliocraft:swordpedestal",2378,"true",7572,8,"Sword Pedestal","true",""
"BiblioCraft","bibliocraft:swordpedestal",2378,"true",7572,9,"Sword Pedestal","true",""
"BiblioCraft","bibliocraft:swordpedestal",2378,"true",7572,10,"Sword Pedestal","true",""
"BiblioCraft","bibliocraft:swordpedestal",2378,"true",7572,11,"Sword Pedestal","true",""
"BiblioCraft","bibliocraft:swordpedestal",2378,"true",7572,12,"Sword Pedestal","true",""
"BiblioCraft","bibliocraft:swordpedestal",2378,"true",7572,13,"Sword Pedestal","true",""
"BiblioCraft","bibliocraft:swordpedestal",2378,"true",7572,14,"Sword Pedestal","true",""
"BiblioCraft","bibliocraft:swordpedestal",2378,"true",7572,15,"Sword Pedestal","true",""
"BiblioCraft","bibliocraft:table",2366,"true",7560,0,"Oak Table","true",""
"BiblioCraft","bibliocraft:table",2366,"true",7560,1,"Spruce Table","true",""
"BiblioCraft","bibliocraft:table",2366,"true",7560,2,"Birch Table","true",""
"BiblioCraft","bibliocraft:table",2366,"true",7560,3,"Jungle Table","true",""
"BiblioCraft","bibliocraft:table",2366,"true",7560,4,"Acacia Table","true",""
"BiblioCraft","bibliocraft:table",2366,"true",7560,5,"Dark Oak Table","true",""
"BiblioCraft","bibliocraft:table",2366,"true",7560,6,"Framed Table","true",""
"BiblioCraft","bibliocraft:toolrack",2363,"true",7557,0,"Oak Tool Rack","true",""
"BiblioCraft","bibliocraft:toolrack",2363,"true",7557,1,"Spruce Tool Rack","true",""
"BiblioCraft","bibliocraft:toolrack",2363,"true",7557,2,"Birch Tool Rack","true",""
"BiblioCraft","bibliocraft:toolrack",2363,"true",7557,3,"Jungle Tool Rack","true",""
"BiblioCraft","bibliocraft:toolrack",2363,"true",7557,4,"Acacia Tool Rack","true",""
"BiblioCraft","bibliocraft:toolrack",2363,"true",7557,5,"Dark Oak Tool Rack","true",""
"BiblioCraft","bibliocraft:toolrack",2363,"true",7557,6,"Framed Tool Rack","true",""
"BiblioCraft","bibliocraft:typesettingtable",2381,"false",7575,0,"Typesetting Table","true",""
"BiblioCraft","bibliocraft:typewriter",2377,"true",7571,0,"White Typewriter","true",""
"BiblioCraft","bibliocraft:typewriter",2377,"true",7571,1,"Light Gray Typewriter","true",""
"BiblioCraft","bibliocraft:typewriter",2377,"true",7571,2,"Gray Typewriter","true",""
"BiblioCraft","bibliocraft:typewriter",2377,"true",7571,3,"Black Typewriter","true",""
"BiblioCraft","bibliocraft:typewriter",2377,"true",7571,4,"Red Typewriter","true",""
"BiblioCraft","bibliocraft:typewriter",2377,"true",7571,5,"Orange Typewriter","true",""
"BiblioCraft","bibliocraft:typewriter",2377,"true",7571,6,"Yellow Typewriter","true",""
"BiblioCraft","bibliocraft:typewriter",2377,"true",7571,7,"Lime Typewriter","true",""
"BiblioCraft","bibliocraft:typewriter",2377,"true",7571,8,"Green Typewriter","true",""
"BiblioCraft","bibliocraft:typewriter",2377,"true",7571,9,"Cyan Typewriter","true",""
"BiblioCraft","bibliocraft:typewriter",2377,"true",7571,10,"Light Blue Typewriter","true",""
"BiblioCraft","bibliocraft:typewriter",2377,"true",7571,11,"Blue Typewriter","true",""
"BiblioCraft","bibliocraft:typewriter",2377,"true",7571,12,"Purple Typewriter","true",""
"BiblioCraft","bibliocraft:typewriter",2377,"true",7571,13,"Magenta Typewriter","true",""
"BiblioCraft","bibliocraft:typewriter",2377,"true",7571,14,"Pink Typewriter","true",""
"BiblioCraft","bibliocraft:typewriter",2377,"true",7571,15,"Brown Typewriter","true",""
"Biomes O' Plenty","biomesoplenty:ash_block",367,"false",4219,0,"Ash Block","true",""
"Biomes O' Plenty","biomesoplenty:bamboo",466,"false",4315,0,"Bamboo","true","cropBamboo,stickWood"
"Biomes O' Plenty","biomesoplenty:bamboo_thatching",377,"false",4229,0,"Bamboo Thatching","true",""
"Biomes O' Plenty","biomesoplenty:biome_block",371,"false",4223,0,"Biome Essence Ore","true",""
"Biomes O' Plenty","biomesoplenty:blood",482,"false",,,"tile.null.name","true",""
"Biomes O' Plenty","biomesoplenty:blue_fire",376,"false",4228,0,"Blue Fire","true",""
"Biomes O' Plenty","biomesoplenty:bramble_plant",474,"false",4323,0,"Bramble","true",""
"Biomes O' Plenty","biomesoplenty:cherry_door_block",448,"false",,,"item.cherry_door_block.name","true",""
"Biomes O' Plenty","biomesoplenty:cherry_fence",416,"false",4265,0,"Cherry Fence","true","fenceWood"
"Biomes O' Plenty","biomesoplenty:cherry_fence_gate",432,"false",4281,0,"Cherry Fence Gate","true","fenceGateWood"
"Biomes O' Plenty","biomesoplenty:cherry_stairs",396,"false",4247,0,"Cherry Wood Stairs","true","stairWood"
"Biomes O' Plenty","biomesoplenty:coral",463,"false",4312,0,"Pink Coral","true",""
"Biomes O' Plenty","biomesoplenty:crystal",370,"false",4222,0,"Celestial Crystal","true",""
"Biomes O' Plenty","biomesoplenty:dirt",358,"false",4210,0,"Loamy Dirt","true","dirt"
"Biomes O' Plenty","biomesoplenty:double_other_slab",381,"true",,,"tile.double_other_slab.name","true",""
"Biomes O' Plenty","biomesoplenty:double_other_slab",381,"true",,,"tile.double_other_slab.name","true",""
"Biomes O' Plenty","biomesoplenty:double_plant",472,"true",4321,0,"Flax","true","plantFlax"
"Biomes O' Plenty","biomesoplenty:double_plant",472,"true",4321,2,"Eyebulb","true",""
"Biomes O' Plenty","biomesoplenty:double_plant",472,"true",4321,3,"Sea Oats","true",""
"Biomes O' Plenty","biomesoplenty:double_wood_slab_0",412,"true",,,"tile.double_wood_slab_0.name","true",""
"Biomes O' Plenty","biomesoplenty:double_wood_slab_0",412,"true",,,"tile.double_wood_slab_0.name","true",""
"Biomes O' Plenty","biomesoplenty:double_wood_slab_0",412,"true",,,"tile.double_wood_slab_0.name","true",""
"Biomes O' Plenty","biomesoplenty:double_wood_slab_0",412,"true",,,"tile.double_wood_slab_0.name","true",""
"Biomes O' Plenty","biomesoplenty:double_wood_slab_0",412,"true",,,"tile.double_wood_slab_0.name","true",""
"Biomes O' Plenty","biomesoplenty:double_wood_slab_0",412,"true",,,"tile.double_wood_slab_0.name","true",""
"Biomes O' Plenty","biomesoplenty:double_wood_slab_0",412,"true",,,"tile.double_wood_slab_0.name","true",""
"Biomes O' Plenty","biomesoplenty:double_wood_slab_0",412,"true",,,"tile.double_wood_slab_0.name","true",""
"Biomes O' Plenty","biomesoplenty:double_wood_slab_1",414,"true",,,"tile.double_wood_slab_1.name","true",""
"Biomes O' Plenty","biomesoplenty:double_wood_slab_1",414,"true",,,"tile.double_wood_slab_1.name","true",""
"Biomes O' Plenty","biomesoplenty:double_wood_slab_1",414,"true",,,"tile.double_wood_slab_1.name","true",""
"Biomes O' Plenty","biomesoplenty:double_wood_slab_1",414,"true",,,"tile.double_wood_slab_1.name","true",""
"Biomes O' Plenty","biomesoplenty:double_wood_slab_1",414,"true",,,"tile.double_wood_slab_1.name","true",""
"Biomes O' Plenty","biomesoplenty:double_wood_slab_1",414,"true",,,"tile.double_wood_slab_1.name","true",""
"Biomes O' Plenty","biomesoplenty:double_wood_slab_1",414,"true",,,"tile.double_wood_slab_1.name","true",""
"Biomes O' Plenty","biomesoplenty:double_wood_slab_1",414,"true",,,"tile.double_wood_slab_1.name","true",""
"Biomes O' Plenty","biomesoplenty:dried_sand",365,"false",4217,0,"Dried Sand","true",""
"Biomes O' Plenty","biomesoplenty:ebony_door_block",461,"false",,,"item.ebony_door_block.name","true",""
"Biomes O' Plenty","biomesoplenty:ebony_fence",429,"false",4278,0,"Ebony Fence","true","fenceWood"
"Biomes O' Plenty","biomesoplenty:ebony_fence_gate",445,"false",4294,0,"Ebony Fence Gate","true","fenceGateWood"
"Biomes O' Plenty","biomesoplenty:ebony_stairs",409,"false",4260,0,"Ebony Wood Stairs","true","stairWood"
"Biomes O' Plenty","biomesoplenty:ethereal_door_block",451,"false",,,"item.ethereal_door_block.name","true",""
"Biomes O' Plenty","biomesoplenty:ethereal_fence",419,"false",4268,0,"Ethereal Fence","true","fenceWood"
"Biomes O' Plenty","biomesoplenty:ethereal_fence_gate",435,"false",4284,0,"Ethereal Fence Gate","true","fenceGateWood"
"Biomes O' Plenty","biomesoplenty:ethereal_stairs",399,"false",4250,0,"Ethereal Wood Stairs","true","stairWood"
"Biomes O' Plenty","biomesoplenty:eucalyptus_door_block",462,"false",,,"item.eucalyptus_door_block.name","true",""
"Biomes O' Plenty","biomesoplenty:eucalyptus_fence",430,"false",4279,0,"Eucalyptus Fence","true","fenceWood"
"Biomes O' Plenty","biomesoplenty:eucalyptus_fence_gate",446,"false",4295,0,"Eucalyptus Fence Gate","true","fenceGateWood"
"Biomes O' Plenty","biomesoplenty:eucalyptus_stairs",410,"false",4261,0,"Eucalyptus Wood Stairs","true","stairWood"
"Biomes O' Plenty","biomesoplenty:farmland_0",360,"false",4212,0,"Loamy Farmland","true",""
"Biomes O' Plenty","biomesoplenty:farmland_1",361,"false",4213,0,"Silty Farmland","true",""
"Biomes O' Plenty","biomesoplenty:fir_door_block",450,"false",,,"item.fir_door_block.name","true",""
"Biomes O' Plenty","biomesoplenty:fir_fence",418,"false",4267,0,"Fir Fence","true","fenceWood"
"Biomes O' Plenty","biomesoplenty:fir_fence_gate",434,"false",4283,0,"Fir Fence Gate","true","fenceGateWood"
"Biomes O' Plenty","biomesoplenty:fir_stairs",398,"false",4249,0,"Fir Stairs","true","stairWood"
"Biomes O' Plenty","biomesoplenty:flesh",369,"false",4221,0,"Flesh","true","blockMeatRaw"
"Biomes O' Plenty","biomesoplenty:flower_0",475,"false",4324,0,"Clover","true","flowerClover"
"Biomes O' Plenty","biomesoplenty:flower_1",476,"false",4325,0,"Lavender","true","flowerLavender"
"Biomes O' Plenty","biomesoplenty:gem_block",373,"false",4225,0,"Block of Amethyst","true","blockAmethyst"
"Biomes O' Plenty","biomesoplenty:gem_ore",372,"false",4224,0,"Ender Amethyst Ore","true","oreAmethyst"
"Biomes O' Plenty","biomesoplenty:grass",357,"false",4209,0,"Spectral Moss","true","grass"
"Biomes O' Plenty","biomesoplenty:grass_path",359,"false",4211,0,"Loamy Grass Path","true",""
"Biomes O' Plenty","biomesoplenty:hard_ice",366,"false",4218,0,"Hardened Ice","true",""
"Biomes O' Plenty","biomesoplenty:hellbark_door_block",458,"false",,,"item.hellbark_door_block.name","true",""
"Biomes O' Plenty","biomesoplenty:hellbark_fence",426,"false",4275,0,"Hellbark Fence","true","fenceWood"
"Biomes O' Plenty","biomesoplenty:hellbark_fence_gate",442,"false",4291,0,"Hellbark Fence Gate","true","fenceGateWood"
"Biomes O' Plenty","biomesoplenty:hellbark_stairs",406,"false",4257,0,"Hellbark Wood Stairs","true","stairWood"
"Biomes O' Plenty","biomesoplenty:hive",374,"false",4226,0,"Hive Block","true",""
"Biomes O' Plenty","biomesoplenty:honey",481,"false",,,"tile.null.name","true",""
"Biomes O' Plenty","biomesoplenty:honey_block",375,"false",4227,0,"Honey Block","true",""
"Biomes O' Plenty","biomesoplenty:hot_spring_water",484,"false",,,"tile.null.name","true",""
"Biomes O' Plenty","biomesoplenty:ivy",477,"false",4326,0,"Ivy","true",""
"Biomes O' Plenty","biomesoplenty:jacaranda_door_block",459,"false",,,"item.jacaranda_door_block.name","true",""
"Biomes O' Plenty","biomesoplenty:jacaranda_fence",427,"false",4276,0,"Jacaranda Fence","true","fenceWood"
"Biomes O' Plenty","biomesoplenty:jacaranda_fence_gate",443,"false",4292,0,"Jacaranda Fence Gate","true","fenceGateWood"
"Biomes O' Plenty","biomesoplenty:jacaranda_stairs",407,"false",4258,0,"Jacaranda Stairs","true","stairWood"
"Biomes O' Plenty","biomesoplenty:leaves_0",387,"?",4238,,"tile.leaves_0.name","true",""
"Biomes O' Plenty","biomesoplenty:leaves_1",388,"?",4239,,"tile.leaves_1.name","true",""
"Biomes O' Plenty","biomesoplenty:leaves_2",389,"?",4240,,"tile.leaves_2.name","true",""
"Biomes O' Plenty","biomesoplenty:leaves_3",390,"?",4241,,"tile.leaves_3.name","true",""
"Biomes O' Plenty","biomesoplenty:leaves_4",391,"?",4242,,"tile.leaves_4.name","true",""
"Biomes O' Plenty","biomesoplenty:leaves_5",392,"?",4243,,"tile.leaves_5.name","true",""
"Biomes O' Plenty","biomesoplenty:leaves_6",393,"?",4244,,"tile.leaves_6.name","true",""
"Biomes O' Plenty","biomesoplenty:log_0",382,"?",4233,,"tile.log_0.name","true",""
"Biomes O' Plenty","biomesoplenty:log_1",383,"?",4234,,"tile.log_1.name","true",""
"Biomes O' Plenty","biomesoplenty:log_2",384,"?",4235,,"tile.log_2.name","true",""
"Biomes O' Plenty","biomesoplenty:log_3",385,"?",4236,,"tile.log_3.name","true",""
"Biomes O' Plenty","biomesoplenty:log_4",386,"?",4237,,"tile.log_4.name","true",""
"Biomes O' Plenty","biomesoplenty:magic_door_block",452,"false",,,"item.magic_door_block.name","true",""
"Biomes O' Plenty","biomesoplenty:magic_fence",420,"false",4269,0,"Magic Fence","true","fenceWood"
"Biomes O' Plenty","biomesoplenty:magic_fence_gate",436,"false",4285,0,"Magic Fence Gate","true","fenceGateWood"
"Biomes O' Plenty","biomesoplenty:magic_stairs",400,"false",4251,0,"Magic Wood Stairs","true","stairWood"
"Biomes O' Plenty","biomesoplenty:mahogany_door_block",460,"false",,,"item.mahogany_door_block.name","true",""
"Biomes O' Plenty","biomesoplenty:mahogany_fence",428,"false",4277,0,"Mahogany Fence","true","fenceWood"
"Biomes O' Plenty","biomesoplenty:mahogany_fence_gate",444,"false",4293,0,"Mahogany Fence Gate","true","fenceGateWood"
"Biomes O' Plenty","biomesoplenty:mahogany_stairs",408,"false",4259,0,"Mahogany Wood Stairs","true","stairWood"
"Biomes O' Plenty","biomesoplenty:mangrove_door_block",453,"false",,,"item.mangrove_door_block.name","true",""
"Biomes O' Plenty","biomesoplenty:mangrove_fence",421,"false",4270,0,"Mangrove Fence","true","fenceWood"
"Biomes O' Plenty","biomesoplenty:mangrove_fence_gate",437,"false",4286,0,"Mangrove Fence Gate","true","fenceGateWood"
"Biomes O' Plenty","biomesoplenty:mangrove_stairs",401,"false",4252,0,"Mangrove Stairs","true","stairWood"
"Biomes O' Plenty","biomesoplenty:mud",368,"false",4220,0,"Mud","true","blockMud"
"Biomes O' Plenty","biomesoplenty:mud_brick_block",378,"false",4230,0,"Mud Bricks","true",""
"Biomes O' Plenty","biomesoplenty:mud_brick_stairs",379,"false",4231,0,"Mud Brick Stairs","true",""
"Biomes O' Plenty","biomesoplenty:mushroom",473,"false",4322,0,"Toadstool","true",""
"Biomes O' Plenty","biomesoplenty:other_slab",380,"true",4232,0,"Mud Brick Slab","true",""
"Biomes O' Plenty","biomesoplenty:other_slab",380,"true",4232,1,"White Sandstone Slab","true",""
"Biomes O' Plenty","biomesoplenty:palm_door_block",454,"false",,,"item.palm_door_block.name","true",""
"Biomes O' Plenty","biomesoplenty:palm_fence",422,"false",4271,0,"Palm Fence","true","fenceWood"
"Biomes O' Plenty","biomesoplenty:palm_fence_gate",438,"false",4287,0,"Palm Fence Gate","true","fenceGateWood"
"Biomes O' Plenty","biomesoplenty:palm_stairs",402,"false",4253,0,"Palm Stairs","true","stairWood"
"Biomes O' Plenty","biomesoplenty:pine_door_block",457,"false",,,"item.pine_door_block.name","true",""
"Biomes O' Plenty","biomesoplenty:pine_fence",425,"false",4274,0,"Pine Fence","true","fenceWood"
"Biomes O' Plenty","biomesoplenty:pine_fence_gate",441,"false",4290,0,"Pine Fence Gate","true","fenceGateWood"
"Biomes O' Plenty","biomesoplenty:pine_stairs",405,"false",4256,0,"Pine Stairs","true","stairWood"
"Biomes O' Plenty","biomesoplenty:planks_0",394,"false",4245,0,"Sacred Oak Wood Planks","true","plankWood"
"Biomes O' Plenty","biomesoplenty:plant_0",470,"false",4319,0,"Short Grass","true","plantShortgrass"
"Biomes O' Plenty","biomesoplenty:plant_1",471,"false",4320,0,"Dune Grass","true","plantDunegrass"
"Biomes O' Plenty","biomesoplenty:poison",483,"false",,,"tile.null.name","true",""
"Biomes O' Plenty","biomesoplenty:redwood_door_block",455,"false",,,"item.redwood_door_block.name","true",""
"Biomes O' Plenty","biomesoplenty:redwood_fence",423,"false",4272,0,"Redwood Fence","true","fenceWood"
"Biomes O' Plenty","biomesoplenty:redwood_fence_gate",439,"false",4288,0,"Redwood Fence Gate","true","fenceGateWood"
"Biomes O' Plenty","biomesoplenty:redwood_stairs",403,"false",4254,0,"Redwood Stairs","true","stairWood"
"Biomes O' Plenty","biomesoplenty:sacred_oak_door_block",447,"false",,,"item.sacred_oak_door_block.name","true",""
"Biomes O' Plenty","biomesoplenty:sacred_oak_fence",415,"false",4264,0,"Sacred Oak Fence","true","fenceWood"
"Biomes O' Plenty","biomesoplenty:sacred_oak_fence_gate",431,"false",4280,0,"Sacred Oak Fence Gate","true","fenceGateWood"
"Biomes O' Plenty","biomesoplenty:sacred_oak_stairs",395,"false",4246,0,"Sacred Oak Wood Stairs","true","stairWood"
"Biomes O' Plenty","biomesoplenty:sand",480,"false",,,"tile.null.name","true",""
"Biomes O' Plenty","biomesoplenty:sapling_0",467,"false",4316,0,"Yellow Autumn Sapling","true","treeSapling"
"Biomes O' Plenty","biomesoplenty:sapling_1",468,"false",4317,0,"Origin Sapling","true","treeSapling"
"Biomes O' Plenty","biomesoplenty:sapling_2",469,"false",4318,0,"Mangrove Sapling","true","treeSapling"
"Biomes O' Plenty","biomesoplenty:seaweed",464,"false",4313,0,"Kelp","true",""
"Biomes O' Plenty","biomesoplenty:terrarium",479,"false",4328,0,"Fern Terrarium","true",""
"Biomes O' Plenty","biomesoplenty:umbran_door_block",449,"false",,,"item.umbran_door_block.name","true",""
"Biomes O' Plenty","biomesoplenty:umbran_fence",417,"false",4266,0,"Umbran Fence","true","fenceWood"
"Biomes O' Plenty","biomesoplenty:umbran_fence_gate",433,"false",4282,0,"Umbran Fence Gate","true","fenceGateWood"
"Biomes O' Plenty","biomesoplenty:umbran_stairs",397,"false",4248,0,"Umbran Wood Stairs","true","stairWood"
"Biomes O' Plenty","biomesoplenty:waterlily",465,"false",4314,0,"Medium Lily Pad","true",""
"Biomes O' Plenty","biomesoplenty:white_sand",362,"false",4214,0,"Sand","true","sand"
"Biomes O' Plenty","biomesoplenty:white_sandstone",363,"false",4215,0,"White Sandstone","true","sandstone"
"Biomes O' Plenty","biomesoplenty:white_sandstone_stairs",364,"false",4216,0,"White Sandstone Stairs","true",""
"Biomes O' Plenty","biomesoplenty:willow_door_block",456,"false",,,"item.willow_door_block.name","true",""
"Biomes O' Plenty","biomesoplenty:willow_fence",424,"false",4273,0,"Willow Fence","true","fenceWood"
"Biomes O' Plenty","biomesoplenty:willow_fence_gate",440,"false",4289,0,"Willow Fence Gate","true","fenceGateWood"
"Biomes O' Plenty","biomesoplenty:willow_stairs",404,"false",4255,0,"Willow Stairs","true","stairWood"
"Biomes O' Plenty","biomesoplenty:willow_vine",478,"false",4327,0,"Willow Vine","true",""
"Biomes O' Plenty","biomesoplenty:wood_slab_0",411,"true",4262,0,"Sacred Oak Wood Slab","true","slabWood"
"Biomes O' Plenty","biomesoplenty:wood_slab_0",411,"true",4262,1,"Cherry Wood Slab","true","slabWood"
"Biomes O' Plenty","biomesoplenty:wood_slab_0",411,"true",4262,2,"Umbran Wood Slab","true","slabWood"
"Biomes O' Plenty","biomesoplenty:wood_slab_0",411,"true",4262,3,"Fir Wood Slab","true","slabWood"
"Biomes O' Plenty","biomesoplenty:wood_slab_0",411,"true",4262,4,"Ethereal Wood Slab","true","slabWood"
"Biomes O' Plenty","biomesoplenty:wood_slab_0",411,"true",4262,5,"Magic Wood Slab","true","slabWood"
"Biomes O' Plenty","biomesoplenty:wood_slab_0",411,"true",4262,6,"Mangrove Wood Slab","true","slabWood"
"Biomes O' Plenty","biomesoplenty:wood_slab_0",411,"true",4262,7,"Palm Wood Slab","true","slabWood"
"Biomes O' Plenty","biomesoplenty:wood_slab_1",413,"true",4263,0,"Redwood Wood Slab","true","slabWood"
"Biomes O' Plenty","biomesoplenty:wood_slab_1",413,"true",4263,1,"Willow Wood Slab","true","slabWood"
"Biomes O' Plenty","biomesoplenty:wood_slab_1",413,"true",4263,2,"Pine Wood Slab","true","slabWood"
"Biomes O' Plenty","biomesoplenty:wood_slab_1",413,"true",4263,3,"Hellbark Wood Slab","true","slabWood"
"Biomes O' Plenty","biomesoplenty:wood_slab_1",413,"true",4263,4,"Jacaranda Wood Slab","true","slabWood"
"Biomes O' Plenty","biomesoplenty:wood_slab_1",413,"true",4263,5,"Mahogany Wood Slab","true","slabWood"
"Biomes O' Plenty","biomesoplenty:wood_slab_1",413,"true",4263,6,"Ebony Wood Slab","true","slabWood"
"Biomes O' Plenty","biomesoplenty:wood_slab_1",413,"true",4263,7,"Eucalyptus Wood Slab","true","slabWood"
"Bonsai Trees","bonsaitrees:bonsaipot",2386,"true",7611,0,"Bonsai Pot","true",""
"Bonsai Trees","bonsaitrees:bonsaipot",2386,"true",7611,1,"Hopping Bonsai Pot","true",""
"Bountiful Baubles","bountifulbaubles:reforger",2387,"false",7612,0,"Reforging Station","true",""
"Campfire","campfire:brazier",2388,"false",7651,0,"Brazier","true","campfire"
"Campfire","campfire:campfire",2389,"true",7652,0,"Acacia Log Campfire","true","campfire"
"Campfire","campfire:campfire",2389,"true",7652,0,"Acacia Wood Campfire","true","campfire"
"Campfire","campfire:campfire",2389,"true",7652,0,"Amaranth Log Campfire","true","campfire"
"Campfire","campfire:campfire",2389,"true",7652,0,"Apple Log Campfire","true","campfire"
"Campfire","campfire:campfire",2389,"true",7652,0,"Bacterial Log Campfire","true","campfire"
"Campfire","campfire:campfire",2389,"true",7652,0,"Birch Log Campfire","true","campfire"
"Campfire","campfire:campfire",2389,"true",7652,0,"Birch Wood Campfire","true","campfire"
"Campfire","campfire:campfire",2389,"true",7652,0,"Bloodwood Log Campfire","true","campfire"
"Campfire","campfire:campfire",2389,"true",7652,0,"Bloodwood Log Campfire","true","campfire"
"Campfire","campfire:campfire",2389,"true",7652,0,"Charred Log Campfire","true","campfire"
"Campfire","campfire:campfire",2389,"true",7652,0,"Cherry Wood Campfire","true","campfire"
"Campfire","campfire:campfire",2389,"true",7652,0,"Dark Oak Log Campfire","true","campfire"
"Campfire","campfire:campfire",2389,"true",7652,0,"Dark Oak Wood Campfire","true","campfire"
"Campfire","campfire:campfire",2389,"true",7652,0,"Darkwood Log Campfire","true","campfire"
"Campfire","campfire:campfire",2389,"true",7652,0,"Dead Wood Campfire","true","campfire"
"Campfire","campfire:campfire",2389,"true",7652,0,"Dreadwood Log Campfire","true","campfire"
"Campfire","campfire:campfire",2389,"true",7652,0,"Ebony Wood Campfire","true","campfire"
"Campfire","campfire:campfire",2389,"true",7652,0,"Ethereal Wood Campfire","true","campfire"
"Campfire","campfire:campfire",2389,"true",7652,0,"Eucalyptus Log Campfire","true","campfire"
"Campfire","campfire:campfire",2389,"true",7652,0,"Eucalyptus Wood Campfire","true","campfire"
"Campfire","campfire:campfire",2389,"true",7652,0,"Fir Wood Campfire","true","campfire"
"Campfire","campfire:campfire",2389,"true",7652,0,"Fusewood Log Campfire","true","campfire"
"Campfire","campfire:campfire",2389,"true",7652,0,"Ghostwood Log Campfire","true","campfire"
"Campfire","campfire:campfire",2389,"true",7652,0,"Hellbark Wood Campfire","true","campfire"
"Campfire","campfire:campfire",2389,"true",7652,0,"Hopseed Log Campfire","true","campfire"
"Campfire","campfire:campfire",2389,"true",7652,0,"Ironwood Campfire","true","campfire"
"Campfire","campfire:campfire",2389,"true",7652,0,"Jacaranda Wood Campfire","true","campfire"
"Campfire","campfire:campfire",2389,"true",7652,0,"Jungle Log Campfire","true","campfire"
"Campfire","campfire:campfire",2389,"true",7652,0,"Jungle Wood Campfire","true","campfire"
"Campfire","campfire:campfire",2389,"true",7652,0,"Lunarglow Log Campfire","true","campfire"
"Campfire","campfire:campfire",2389,"true",7652,0,"Magic Wood Campfire","true","campfire"
"Campfire","campfire:campfire",2389,"true",7652,0,"Mahogany Wood Campfire","true","campfire"
"Campfire","campfire:campfire",2389,"true",7652,0,"Mangrove Wood Campfire","true","campfire"
"Campfire","campfire:campfire",2389,"true",7652,0,"Maple Log Campfire","true","campfire"
"Campfire","campfire:campfire",2389,"true",7652,0,"Oak Log Campfire","true","campfire"
"Campfire","campfire:campfire",2389,"true",7652,0,"Oak Wood Campfire","true","campfire"
"Campfire","campfire:campfire",2389,"true",7652,0,"Olive Wood Campfire","true","campfire"
"Campfire","campfire:campfire",2389,"true",7652,0,"Palm Wood Campfire","true","campfire"
"Campfire","campfire:campfire",2389,"true",7652,0,"Pine Wood Campfire","true","campfire"
"Campfire","campfire:campfire",2389,"true",7652,0,"Redwood Wood Campfire","true","campfire"
"Campfire","campfire:campfire",2389,"true",7652,0,"Sacred Oak Wood Campfire","true","campfire"
"Campfire","campfire:campfire",2389,"true",7652,0,"Sakura Log Campfire","true","campfire"
"Campfire","campfire:campfire",2389,"true",7652,0,"Silverbell Log Campfire","true","campfire"
"Campfire","campfire:campfire",2389,"true",7652,0,"Spruce Log Campfire","true","campfire"
"Campfire","campfire:campfire",2389,"true",7652,0,"Spruce Wood Campfire","true","campfire"
"Campfire","campfire:campfire",2389,"true",7652,0,"Stalagnate Campfire","true","campfire"
"Campfire","campfire:campfire",2389,"true",7652,0,"Stripped Acacia Log Campfire","true","campfire"
"Campfire","campfire:campfire",2389,"true",7652,0,"Stripped Acacia Wood Campfire","true","campfire"
"Campfire","campfire:campfire",2389,"true",7652,0,"Stripped Birch Log Campfire","true","campfire"
"Campfire","campfire:campfire",2389,"true",7652,0,"Stripped Birch Wood Campfire","true","campfire"
"Campfire","campfire:campfire",2389,"true",7652,0,"Stripped Dark Oak Log Campfire","true","campfire"
"Campfire","campfire:campfire",2389,"true",7652,0,"Stripped Dark Oak Wood Campfire","true","campfire"
"Campfire","campfire:campfire",2389,"true",7652,0,"Stripped Jungle Log Campfire","true","campfire"
"Campfire","campfire:campfire",2389,"true",7652,0,"Stripped Jungle Wood Campfire","true","campfire"
"Campfire","campfire:campfire",2389,"true",7652,0,"Stripped Oak Log Campfire","true","campfire"
"Campfire","campfire:campfire",2389,"true",7652,0,"Stripped Oak Wood Campfire","true","campfire"
"Campfire","campfire:campfire",2389,"true",7652,0,"Stripped Spruce Log Campfire","true","campfire"
"Campfire","campfire:campfire",2389,"true",7652,0,"Stripped Spruce Wood Campfire","true","campfire"
"Campfire","campfire:campfire",2389,"true",7652,0,"Tenebra Wood Campfire","true","campfire"
"Campfire","campfire:campfire",2389,"true",7652,0,"Tigerwood Log Campfire","true","campfire"
"Campfire","campfire:campfire",2389,"true",7652,0,"Umbran Wood Campfire","true","campfire"
"Campfire","campfire:campfire",2389,"true",7652,0,"Willow Log Campfire","true","campfire"
"Campfire","campfire:campfire",2389,"true",7652,0,"Willow Wood Campfire","true","campfire"
"Campfire","campfire:campfire",2389,"true",7652,0,"Wyrmwood Log Campfire","true","campfire"
"Campfire","campfire:campfire_ash",2390,"false",7653,0,"Layer of Ashes","true",""
"Charm","charm:cake_danger_sight",4796,"false",12842,0,"Cake of Danger Sight","true",""
"Charm","charm:cake_fire_resistance",4792,"false",12838,0,"Cake of Fire Resistance","true",""
"Charm","charm:cake_haste",4797,"false",12843,0,"Cake of Haste","true",""
"Charm","charm:cake_invisibility",4794,"false",12840,0,"Cake of Invisibility","true",""
"Charm","charm:cake_leaping",4790,"false",12836,0,"Cake of Leaping","true",""
"Charm","charm:cake_night_vision",4795,"false",12841,0,"Cake of Night Vision","true",""
"Charm","charm:cake_regeneration",4791,"false",12837,0,"Cake of Regeneration","true",""
"Charm","charm:cake_resilience",4799,"false",12845,0,"Cake of Resilience","true",""
"Charm","charm:cake_resistance",4798,"false",12844,0,"Cake of Resistance","true",""
"Charm","charm:cake_strength",4789,"false",12835,0,"Cake of Strength","true",""
"Charm","charm:cake_swiftness",4788,"false",12834,0,"Cake of Swiftness","true",""
"Charm","charm:cake_water_breathing",4793,"false",12839,0,"Cake of Water Breathing","true",""
"Charm","charm:crate",4800,"false",12846,0,"Oak Crate","true",""
"Charm","charm:crate_sealed",4801,"false",12847,0,"Oak Sealed Crate","true",""
"Charm","charm:ender_pearl_block",4802,"false",12848,0,"Ender Pearl Block","true",""
"Charm","charm:gold_lantern",4803,"false",12849,0,"Gold Lantern","true",""
"Charm","charm:gunpowder_block",4785,"false",12831,0,"Gunpowder Block","true",""
"Charm","charm:redstone_sand",4786,"false",12832,0,"Redstone Sand","true",""
"Charm","charm:rotten_flesh_block",4804,"false",12850,0,"Rotten Flesh Block","true",""
"Charm","charm:rune_portal",4806,"false",12880,0,"Portal","true",""
"Charm","charm:rune_portal_frame",4807,"false",12881,0,"End Portal White Rune","true",""
"Charm","charm:smooth_glowstone",4805,"false",12851,0,"Smooth Glowstone","true",""
"Charm","charm:variable_redstone_lamp",4787,"false",12833,0,"Variable Redstone Lamp","true",""
"ChocoCraft Plus","chococraftplus:gysahlgardenblock",486,"false",4374,0,"Wild Gysahl Garden","true",""
"ChocoCraft Plus","chococraftplus:gysahlstemblock",485,"false",4373,0,"Gysahl Garden","true",""
"ChocoCraft Plus","chococraftplus:strawblock",487,"false",4375,0,"Straw Bedding","true",""
"Chocolate Quest Repoured","cqrepoured:andesite_carved",2391,"false",7901,0,"Carved Andesite","true",""
"Chocolate Quest Repoured","cqrepoured:andesite_cube",2393,"false",7903,0,"Andesite Cube","true",""
"Chocolate Quest Repoured","cqrepoured:andesite_large",2397,"false",7907,0,"Large Andesite Bricks","true",""
"Chocolate Quest Repoured","cqrepoured:andesite_pillar",2392,"false",7902,0,"Andesite Pillar","true",""
"Chocolate Quest Repoured","cqrepoured:andesite_scale",2394,"false",7904,0,"Andesite Scale","true",""
"Chocolate Quest Repoured","cqrepoured:andesite_small",2396,"false",7906,0,"Small Andesite Bricks","true",""
"Chocolate Quest Repoured","cqrepoured:andesite_square",2395,"false",7905,0,"Andesite Square","true",""
"Chocolate Quest Repoured","cqrepoured:boss_block",2450,"false",7960,0,"Boss Block","true",""
"Chocolate Quest Repoured","cqrepoured:diorite_carved",2398,"false",7908,0,"Carved Diorite","true",""
"Chocolate Quest Repoured","cqrepoured:diorite_cube",2400,"false",7910,0,"Diorite Cube","true",""
"Chocolate Quest Repoured","cqrepoured:diorite_large",2404,"false",7914,0,"Large Diorite Bricks","true",""
"Chocolate Quest Repoured","cqrepoured:diorite_pillar",2399,"false",7909,0,"Diorite Pillar","true",""
"Chocolate Quest Repoured","cqrepoured:diorite_scale",2401,"false",7911,0,"Diorite Scale","true",""
"Chocolate Quest Repoured","cqrepoured:diorite_small",2403,"false",7913,0,"Small Diorite Bricks","true",""
"Chocolate Quest Repoured","cqrepoured:diorite_square",2402,"false",7912,0,"Diorite Square","true",""
"Chocolate Quest Repoured","cqrepoured:endstone_carved",2418,"false",7928,0,"Carved Endstone","true",""
"Chocolate Quest Repoured","cqrepoured:endstone_cube",2420,"false",7930,0,"Endstone Cube","true",""
"Chocolate Quest Repoured","cqrepoured:endstone_pillar",2419,"false",7929,0,"Endstone Pillar","true",""
"Chocolate Quest Repoured","cqrepoured:endstone_scale",2421,"false",7931,0,"Endstone Scale","true",""
"Chocolate Quest Repoured","cqrepoured:endstone_small",2423,"false",7933,0,"Small Endstone Bricks","true",""
"Chocolate Quest Repoured","cqrepoured:endstone_square",2422,"false",7932,0,"Endstone Square","true",""
"Chocolate Quest Repoured","cqrepoured:exporter",2447,"false",7957,0,"Exporter Block","true",""
"Chocolate Quest Repoured","cqrepoured:exporter_chest_clutter",2458,"false",7968,0,"Exporter Chest Clutter","true",""
"Chocolate Quest Repoured","cqrepoured:exporter_chest_custom",2459,"false",7969,0,"Exporter Chest - Custom","true",""
"Chocolate Quest Repoured","cqrepoured:exporter_chest_equipment",2456,"false",7966,0,"Exporter Chest Equipment","true",""
"Chocolate Quest Repoured","cqrepoured:exporter_chest_food",2455,"false",7965,0,"Exporter Chest Food","true",""
"Chocolate Quest Repoured","cqrepoured:exporter_chest_utility",2457,"false",7967,0,"Exporter Chest Utility","true",""
"Chocolate Quest Repoured","cqrepoured:exporter_chest_valuable",2454,"false",7964,0,"Exporter Chest Treasure","true",""
"Chocolate Quest Repoured","cqrepoured:exporter_chest_vanilla_blacksmith",2460,"false",7970,0,"Exporter Chest - Village Blacksmith","true",""
"Chocolate Quest Repoured","cqrepoured:exporter_chest_vanilla_bonus",2461,"false",7971,0,"Exporter Chest - Bonus Chest","true",""
"Chocolate Quest Repoured","cqrepoured:exporter_chest_vanilla_dungeon",2462,"false",7972,0,"Exporter Chest - Dungeon","true",""
"Chocolate Quest Repoured","cqrepoured:exporter_chest_vanilla_end_city",2463,"false",7973,0,"Exporter Chest - End City","true",""
"Chocolate Quest Repoured","cqrepoured:exporter_chest_vanilla_igloo",2464,"false",7974,0,"Exporter Chest - Igloo","true",""
"Chocolate Quest Repoured","cqrepoured:exporter_chest_vanilla_jungle",2465,"false",7975,0,"Exporter Chest - Jungle Chest","true",""
"Chocolate Quest Repoured","cqrepoured:exporter_chest_vanilla_jungle_dispenser",2466,"false",7976,0,"Exporter Chest - Jungle Temple Dispenser","true",""
"Chocolate Quest Repoured","cqrepoured:exporter_chest_vanilla_mansion",2467,"false",7977,0,"Exporter Chest - Woodland Mansion","true",""
"Chocolate Quest Repoured","cqrepoured:exporter_chest_vanilla_mineshaft",2468,"false",7978,0,"Exporter Chest - Mineshaft","true",""
"Chocolate Quest Repoured","cqrepoured:exporter_chest_vanilla_nether",2469,"false",7979,0,"Exporter Chest - Nether Fortress","true",""
"Chocolate Quest Repoured","cqrepoured:exporter_chest_vanilla_pyramid",2470,"false",7980,0,"Exporter Chest - Pyramid","true",""
"Chocolate Quest Repoured","cqrepoured:exporter_chest_vanilla_stronghold",2471,"false",7981,0,"Exporter Chest - Stronghold Corridor","true",""
"Chocolate Quest Repoured","cqrepoured:exporter_chest_vanilla_stronghold_library",2472,"false",7982,0,"Exporter Chest - Stronghold Library","true",""
"Chocolate Quest Repoured","cqrepoured:exporter_chest_vanilla_stronghold_storeroom",2473,"false",7983,0,"Exporter Chest - Stronghold Mine","true",""
"Chocolate Quest Repoured","cqrepoured:force_field_nexus",2451,"false",7961,0,"Force Field Nexus","true",""
"Chocolate Quest Repoured","cqrepoured:granite_carved",2405,"false",7915,0,"Carved Granite","true",""
"Chocolate Quest Repoured","cqrepoured:granite_cube",2407,"false",7917,0,"Granite Cube","true",""
"Chocolate Quest Repoured","cqrepoured:granite_large",2411,"false",7921,0,"Large Granite Bricks","true",""
"Chocolate Quest Repoured","cqrepoured:granite_pillar",2406,"false",7916,0,"Granite Pillar","true",""
"Chocolate Quest Repoured","cqrepoured:granite_scale",2408,"false",7918,0,"Granite Scale","true",""
"Chocolate Quest Repoured","cqrepoured:granite_small",2410,"false",7920,0,"Small Granite Bricks","true",""
"Chocolate Quest Repoured","cqrepoured:granite_square",2409,"false",7919,0,"Granite Square","true",""
"Chocolate Quest Repoured","cqrepoured:map_placeholder",2452,"false",7962,0,"Map Placeholder","true",""
"Chocolate Quest Repoured","cqrepoured:null_block",2448,"false",7958,0,"Null Block","true",""
"Chocolate Quest Repoured","cqrepoured:phylactery",2474,"false",7984,0,"Lich Phylactery","true",""
"Chocolate Quest Repoured","cqrepoured:prismarine_carved",2412,"false",7922,0,"Carved Prismarine","true",""
"Chocolate Quest Repoured","cqrepoured:prismarine_cube",2414,"false",7924,0,"Prismarine Cube","true",""
"Chocolate Quest Repoured","cqrepoured:prismarine_large",2417,"false",7927,0,"Large Prismarine Bricks","true",""
"Chocolate Quest Repoured","cqrepoured:prismarine_pillar",2413,"false",7923,0,"Prismarine Pillar","true",""
"Chocolate Quest Repoured","cqrepoured:prismarine_small",2416,"false",7926,0,"Small Prismarine Bricks","true",""
"Chocolate Quest Repoured","cqrepoured:prismarine_square",2415,"false",7925,0,"Prismarine Square","true",""
"Chocolate Quest Repoured","cqrepoured:purpur_carved",2424,"false",7934,0,"Carved Purpur","true",""
"Chocolate Quest Repoured","cqrepoured:purpur_cube",2425,"false",7935,0,"Purpur Cube","true",""
"Chocolate Quest Repoured","cqrepoured:purpur_large",2428,"false",7938,0,"Large Purpur Bricks","true",""
"Chocolate Quest Repoured","cqrepoured:purpur_scale",2426,"false",7936,0,"Purpur Scale","true",""
"Chocolate Quest Repoured","cqrepoured:purpur_small",2427,"false",7937,0,"Small Purpur Bricks","true",""
"Chocolate Quest Repoured","cqrepoured:red_netherbrick_carved",2429,"false",7939,0,"Carved Red Netherbrick","true",""
"Chocolate Quest Repoured","cqrepoured:red_netherbrick_cube",2431,"false",7941,0,"Red Netherbrick Cube","true",""
"Chocolate Quest Repoured","cqrepoured:red_netherbrick_large",2434,"false",7944,0,"Large Red Netherbricks","true",""
"Chocolate Quest Repoured","cqrepoured:red_netherbrick_pillar",2430,"false",7940,0,"Red Netherbrick Pillar","true",""
"Chocolate Quest Repoured","cqrepoured:red_netherbrick_scale",2432,"false",7942,0,"Red Netherbrick Scale","true",""
"Chocolate Quest Repoured","cqrepoured:red_netherbrick_square",2433,"false",7943,0,"Red Netherbrick Square","true",""
"Chocolate Quest Repoured","cqrepoured:spawner",2449,"false",7959,0,"Spawner","true",""
"Chocolate Quest Repoured","cqrepoured:stone_cube",2436,"false",7946,0,"Stone Cube","true",""
"Chocolate Quest Repoured","cqrepoured:stone_pillar",2435,"false",7945,0,"Stone Pillar","true",""
"Chocolate Quest Repoured","cqrepoured:stone_scale",2437,"false",7947,0,"Stone Scale","true",""
"Chocolate Quest Repoured","cqrepoured:stone_small",2439,"false",7949,0,"Small Stone Bricks","true",""
"Chocolate Quest Repoured","cqrepoured:stone_square",2438,"false",7948,0,"Stone Square","true",""
"Chocolate Quest Repoured","cqrepoured:table_acacia",2444,"false",7954,0,"Acacia Table","true",""
"Chocolate Quest Repoured","cqrepoured:table_birch",2442,"false",7952,0,"Birch Table","true",""
"Chocolate Quest Repoured","cqrepoured:table_dark",2445,"false",7955,0,"Dark Oak Table","true",""
"Chocolate Quest Repoured","cqrepoured:table_jungle",2443,"false",7953,0,"Jungle Table","true",""
"Chocolate Quest Repoured","cqrepoured:table_oak",2440,"false",7950,0,"Oak Table","true",""
"Chocolate Quest Repoured","cqrepoured:table_spruce",2441,"false",7951,0,"Spruce Table","true",""
"Chocolate Quest Repoured","cqrepoured:temporary_web",2475,"false",,,"Decaying Web","true",""
"Chocolate Quest Repoured","cqrepoured:tnt",2453,"false",7963,0,"TNT","true",""
"Chocolate Quest Repoured","cqrepoured:unlit_torch",2446,"false",7956,0,"Unlit Torch","true",""
"Classy Hats","classyhats:hat_stand",2348,"false",7542,0,"Oak Wood Hat Stand","true",""
"Comforts","comforts:hammock_black",2508,"false",,,"tile.comforts.hammock.black.name","true",""
"Comforts","comforts:hammock_blue",2504,"false",,,"tile.comforts.hammock.blue.name","true",""
"Comforts","comforts:hammock_brown",2505,"false",,,"tile.comforts.hammock.brown.name","true",""
"Comforts","comforts:hammock_cyan",2502,"false",,,"tile.comforts.hammock.cyan.name","true",""
"Comforts","comforts:hammock_gray",2500,"false",,,"tile.comforts.hammock.gray.name","true",""
"Comforts","comforts:hammock_green",2506,"false",,,"tile.comforts.hammock.green.name","true",""
"Comforts","comforts:hammock_light_blue",2496,"false",,,"tile.comforts.hammock.light_blue.name","true",""
"Comforts","comforts:hammock_lime",2498,"false",,,"tile.comforts.hammock.lime.name","true",""
"Comforts","comforts:hammock_magenta",2495,"false",,,"tile.comforts.hammock.magenta.name","true",""
"Comforts","comforts:hammock_orange",2494,"false",,,"tile.comforts.hammock.orange.name","true",""
"Comforts","comforts:hammock_pink",2499,"false",,,"tile.comforts.hammock.pink.name","true",""
"Comforts","comforts:hammock_purple",2503,"false",,,"tile.comforts.hammock.purple.name","true",""
"Comforts","comforts:hammock_red",2507,"false",,,"tile.comforts.hammock.red.name","true",""
"Comforts","comforts:hammock_silver",2501,"false",,,"tile.comforts.hammock.silver.name","true",""
"Comforts","comforts:hammock_white",2493,"false",,,"tile.comforts.hammock.white.name","true",""
"Comforts","comforts:hammock_yellow",2497,"false",,,"tile.comforts.hammock.yellow.name","true",""
"Comforts","comforts:rope",2476,"false",7987,0,"Rope and Nail","true",""
"Comforts","comforts:sleeping_bag_black",2492,"false",,,"tile.comforts.sleeping_bag.black.name","true",""
"Comforts","comforts:sleeping_bag_blue",2488,"false",,,"tile.comforts.sleeping_bag.blue.name","true",""
"Comforts","comforts:sleeping_bag_brown",2489,"false",,,"tile.comforts.sleeping_bag.brown.name","true",""
"Comforts","comforts:sleeping_bag_cyan",2486,"false",,,"tile.comforts.sleeping_bag.cyan.name","true",""
"Comforts","comforts:sleeping_bag_gray",2484,"false",,,"tile.comforts.sleeping_bag.gray.name","true",""
"Comforts","comforts:sleeping_bag_green",2490,"false",,,"tile.comforts.sleeping_bag.green.name","true",""
"Comforts","comforts:sleeping_bag_light_blue",2480,"false",,,"tile.comforts.sleeping_bag.light_blue.name","true",""
"Comforts","comforts:sleeping_bag_lime",2482,"false",,,"tile.comforts.sleeping_bag.lime.name","true",""
"Comforts","comforts:sleeping_bag_magenta",2479,"false",,,"tile.comforts.sleeping_bag.magenta.name","true",""
"Comforts","comforts:sleeping_bag_orange",2478,"false",,,"tile.comforts.sleeping_bag.orange.name","true",""
"Comforts","comforts:sleeping_bag_pink",2483,"false",,,"tile.comforts.sleeping_bag.pink.name","true",""
"Comforts","comforts:sleeping_bag_purple",2487,"false",,,"tile.comforts.sleeping_bag.purple.name","true",""
"Comforts","comforts:sleeping_bag_red",2491,"false",,,"tile.comforts.sleeping_bag.red.name","true",""
"Comforts","comforts:sleeping_bag_silver",2485,"false",,,"tile.comforts.sleeping_bag.silver.name","true",""
"Comforts","comforts:sleeping_bag_white",2477,"false",,,"tile.comforts.sleeping_bag.white.name","true",""
"Comforts","comforts:sleeping_bag_yellow",2481,"false",,,"tile.comforts.sleeping_bag.yellow.name","true",""
"Coralreef","coralreef:coral",2509,"true",7988,0,"Orange Coral","true","dyeOrange"
"Coralreef","coralreef:coral",2509,"true",7988,1,"Magenta Coral","true","dyeMagenta"
"Coralreef","coralreef:coral",2509,"true",7988,2,"Pink Coral","true","dyePink"
"Coralreef","coralreef:coral",2509,"true",7988,3,"Cyan Coral","true","dyeCyan"
"Coralreef","coralreef:coral",2509,"true",7988,4,"Green Coral","true","dyeGreen"
"Coralreef","coralreef:coral",2509,"true",7988,5,"Gray Coral","true","dyeGray"
"Coralreef","coralreef:reef",2510,"true",7989,0,"Coral Reef","true",""
"Coralreef","coralreef:reef",2510,"true",7989,1,"Dry Reef","true",""
"CyclopsTek","cyclopstek:beacon_eye",4560,"false",12416,0,"Beacon Eye","true",""
"Davinci's Vessels","davincisvessels:anchorpoint",4817,"false",12893,0,"Anchor Point","true",""
"Davinci's Vessels","davincisvessels:balloon",4810,"true",12886,0,"Air Balloon","true",""
"Davinci's Vessels","davincisvessels:balloon",4810,"true",12886,1,"Orange Air Balloon","true",""
"Davinci's Vessels","davincisvessels:balloon",4810,"true",12886,2,"Magenta Air Balloon","true",""
"Davinci's Vessels","davincisvessels:balloon",4810,"true",12886,3,"Light Blue Air Balloon","true",""
"Davinci's Vessels","davincisvessels:balloon",4810,"true",12886,4,"Yellow Air Balloon","true",""
"Davinci's Vessels","davincisvessels:balloon",4810,"true",12886,5,"Lime Air Balloon","true",""
"Davinci's Vessels","davincisvessels:balloon",4810,"true",12886,6,"Pink Air Balloon","true",""
"Davinci's Vessels","davincisvessels:balloon",4810,"true",12886,7,"Gray Air Balloon","true",""
"Davinci's Vessels","davincisvessels:balloon",4810,"true",12886,8,"Silver Air Balloon","true",""
"Davinci's Vessels","davincisvessels:balloon",4810,"true",12886,9,"Cyan Air Balloon","true",""
"Davinci's Vessels","davincisvessels:balloon",4810,"true",12886,10,"Purple Air Balloon","true",""
"Davinci's Vessels","davincisvessels:balloon",4810,"true",12886,11,"Blue Air Balloon","true",""
"Davinci's Vessels","davincisvessels:balloon",4810,"true",12886,12,"Brown Air Balloon","true",""
"Davinci's Vessels","davincisvessels:balloon",4810,"true",12886,13,"Green Air Balloon","true",""
"Davinci's Vessels","davincisvessels:balloon",4810,"true",12886,14,"Red Air Balloon","true",""
"Davinci's Vessels","davincisvessels:balloon",4810,"true",12886,15,"Black Air Balloon","true",""
"Davinci's Vessels","davincisvessels:buffer",4813,"false",12889,0,"Shore Buffer","true",""
"Davinci's Vessels","davincisvessels:crate_wood",4816,"false",12892,0,"Wooden Crate","true",""
"Davinci's Vessels","davincisvessels:engine",4815,"false",12891,0,"Steam Engine","true",""
"Davinci's Vessels","davincisvessels:floater",4809,"false",12885,0,"Floater","true",""
"Davinci's Vessels","davincisvessels:gauge",4811,"true",12887,0,"Measurement Gauges","true",""
"Davinci's Vessels","davincisvessels:gauge",4811,"true",12887,1,"Extended Measurement Gauges","true",""
"Davinci's Vessels","davincisvessels:marker",4808,"false",12884,0,"Ship's Helm","true",""
"Davinci's Vessels","davincisvessels:seat",4812,"false",12888,0,"Passenger Seat","true",""
"Davinci's Vessels","davincisvessels:securedbed",4818,"false",,,"tile.davincis.securedBed.name","true",""
"Davinci's Vessels","davincisvessels:stickybuffer",4814,"false",12890,0,"Sticky Buffer","true",""
"Deeper Depths","deeperdepths:amethyst_block",2578,"false",8057,0,"Amethyst Block","true",""
"Deeper Depths","deeperdepths:amethyst_cluster",2583,"false",8062,0,"Amethyst Cluster","true",""
"Deeper Depths","deeperdepths:black_candle",2601,"false",8080,0,"Black Candle","true",""
"Deeper Depths","deeperdepths:blue_candle",2597,"false",8076,0,"Blue Candle","true",""
"Deeper Depths","deeperdepths:brown_candle",2598,"false",8077,0,"Brown Candle","true",""
"Deeper Depths","deeperdepths:budding_amethyst",2579,"false",8058,0,"Budding Amethyst","true",""
"Deeper Depths","deeperdepths:candle",2585,"false",8064,0,"Candle","true",""
"Deeper Depths","deeperdepths:chiseled_copper",2529,"true",8008,0,"Chiseled Copper","true","blockCopperChiseled"
"Deeper Depths","deeperdepths:chiseled_copper",2529,"true",8008,1,"Exposed Chiseled Copper","true","blockCopperChiseled"
"Deeper Depths","deeperdepths:chiseled_copper",2529,"true",8008,2,"Weathered Chiseled Copper","true","blockCopperChiseled"
"Deeper Depths","deeperdepths:chiseled_copper",2529,"true",8008,3,"Oxidized Chiseled Copper","true","blockCopperChiseled"
"Deeper Depths","deeperdepths:chiseled_copper",2529,"true",8008,4,"Waxed Chiseled Copper","true","blockCopperChiseled"
"Deeper Depths","deeperdepths:chiseled_copper",2529,"true",8008,5,"Waxed Exposed Chiseled Copper","true","blockCopperChiseled"
"Deeper Depths","deeperdepths:chiseled_copper",2529,"true",8008,6,"Waxed Weathered Chiseled Copper","true","blockCopperChiseled"
"Deeper Depths","deeperdepths:chiseled_copper",2529,"true",8008,7,"Waxed Oxidized Chiseled Copper","true","blockCopperChiseled"
"Deeper Depths","deeperdepths:cobbled_deepslate_stairs",2518,"false",7998,0,"Cobbled Deepslate Stairs","true",""
"Deeper Depths","deeperdepths:copper_bars",2565,"false",8044,0,"Copper Bars","true",""
"Deeper Depths","deeperdepths:copper_block",2525,"true",8005,0,"Block of Copper","true","blockCopper"
"Deeper Depths","deeperdepths:copper_block",2525,"true",8005,1,"Exposed Copper","true","blockCopper"
"Deeper Depths","deeperdepths:copper_block",2525,"true",8005,2,"Weathered Copper","true","blockCopper"
"Deeper Depths","deeperdepths:copper_block",2525,"true",8005,3,"Oxidized Copper","true","blockCopper"
"Deeper Depths","deeperdepths:copper_block",2525,"true",8005,4,"Waxed Block of Copper","true","blockCopper"
"Deeper Depths","deeperdepths:copper_block",2525,"true",8005,5,"Waxed Exposed Copper","true","blockCopper"
"Deeper Depths","deeperdepths:copper_block",2525,"true",8005,6,"Waxed Weathered Copper","true","blockCopper"
"Deeper Depths","deeperdepths:copper_block",2525,"true",8005,7,"Waxed Oxidized Copper","true","blockCopper"
"Deeper Depths","deeperdepths:copper_bulb",2531,"true",8010,0,"Copper Bulb","true",""
"Deeper Depths","deeperdepths:copper_bulb",2531,"true",8010,1,"Exposed Copper Bulb","true",""
"Deeper Depths","deeperdepths:copper_bulb",2531,"true",8010,2,"Weathered Copper Bulb","true",""
"Deeper Depths","deeperdepths:copper_bulb",2531,"true",8010,3,"Oxidized Copper Bulb","true",""
"Deeper Depths","deeperdepths:copper_chain",2575,"true",8054,0,"Copper Chain","true",""
"Deeper Depths","deeperdepths:copper_chain",2575,"true",8054,1,"Exposed Copper Chain","true",""
"Deeper Depths","deeperdepths:copper_chain",2575,"true",8054,2,"Weathered Copper Chain","true",""
"Deeper Depths","deeperdepths:copper_chain",2575,"true",8054,3,"Oxidized Copper Chain","true",""
"Deeper Depths","deeperdepths:copper_chest",2573,"true",8052,0,"Copper Chest","true",""
"Deeper Depths","deeperdepths:copper_chest",2573,"true",8052,1,"Exposed Copper Chest","true",""
"Deeper Depths","deeperdepths:copper_chest",2573,"true",8052,2,"Weathered Copper Chest","true",""
"Deeper Depths","deeperdepths:copper_chest",2573,"true",8052,3,"Oxidized Copper Chest","true",""
"Deeper Depths","deeperdepths:copper_door",2549,"false",,,"Copper Door","true",""
"Deeper Depths","deeperdepths:copper_grate",2530,"true",8009,0,"Copper Grate","true",""
"Deeper Depths","deeperdepths:copper_grate",2530,"true",8009,1,"Exposed Copper Grate","true",""
"Deeper Depths","deeperdepths:copper_grate",2530,"true",8009,2,"Weathered Copper Grate","true",""
"Deeper Depths","deeperdepths:copper_grate",2530,"true",8009,3,"Oxidized Copper Grate","true",""
"Deeper Depths","deeperdepths:copper_grate",2530,"true",8009,4,"Waxed Copper Grate","true",""
"Deeper Depths","deeperdepths:copper_grate",2530,"true",8009,5,"Waxed Exposed Copper Grate","true",""
"Deeper Depths","deeperdepths:copper_grate",2530,"true",8009,6,"Waxed Weathered Copper Grate","true",""
"Deeper Depths","deeperdepths:copper_grate",2530,"true",8009,7,"Waxed Oxidized Copper Grate","true",""
"Deeper Depths","deeperdepths:copper_lantern",2577,"true",8056,0,"Copper Lantern","true",""
"Deeper Depths","deeperdepths:copper_lantern",2577,"true",8056,1,"Exposed Copper Lantern","true",""
"Deeper Depths","deeperdepths:copper_lantern",2577,"true",8056,2,"Weathered Copper Lantern","true",""
"Deeper Depths","deeperdepths:copper_lantern",2577,"true",8056,3,"Oxidized Copper Lantern","true",""
"Deeper Depths","deeperdepths:copper_lantern",2577,"true",8056,4,"Waxed Copper Lantern","true",""
"Deeper Depths","deeperdepths:copper_lantern",2577,"true",8056,5,"Waxed Exposed Copper Lantern","true",""
"Deeper Depths","deeperdepths:copper_lantern",2577,"true",8056,6,"Waxed Weathered Copper Lantern","true",""
"Deeper Depths","deeperdepths:copper_lantern",2577,"true",8056,7,"Waxed Oxidized Copper Lantern","true",""
"Deeper Depths","deeperdepths:copper_ore",2524,"false",8004,0,"Copper Ore","true","oreCopper"
"Deeper Depths","deeperdepths:copper_torch",2606,"false",8085,0,"Copper Torch","true",""
"Deeper Depths","deeperdepths:copper_trapdoor",2541,"false",8020,0,"Copper Trapdoor","true",""
"Deeper Depths","deeperdepths:cut_copper",2526,"true",8006,0,"Cut Copper","true","blockCopperCut"
"Deeper Depths","deeperdepths:cut_copper",2526,"true",8006,1,"Exposed Cut Copper","true","blockCopperCut"
"Deeper Depths","deeperdepths:cut_copper",2526,"true",8006,2,"Weathered Cut Copper","true","blockCopperCut"
"Deeper Depths","deeperdepths:cut_copper",2526,"true",8006,3,"Oxidized Cut Copper","true","blockCopperCut"
"Deeper Depths","deeperdepths:cut_copper",2526,"true",8006,4,"Waxed Cut Copper","true","blockCopperCut"
"Deeper Depths","deeperdepths:cut_copper",2526,"true",8006,5,"Waxed Exposed Cut Copper","true","blockCopperCut"
"Deeper Depths","deeperdepths:cut_copper",2526,"true",8006,6,"Waxed Weathered Cut Copper","true","blockCopperCut"
"Deeper Depths","deeperdepths:cut_copper",2526,"true",8006,7,"Waxed Oxidized Cut Copper","true","blockCopperCut"
"Deeper Depths","deeperdepths:cut_copper_slab",2527,"true",8007,0,"Cut Copper Slab","true",""
"Deeper Depths","deeperdepths:cut_copper_slab",2527,"true",8007,1,"Exposed Cut Copper Slab","true",""
"Deeper Depths","deeperdepths:cut_copper_slab",2527,"true",8007,2,"Weathered Cut Copper Slab","true",""
"Deeper Depths","deeperdepths:cut_copper_slab",2527,"true",8007,3,"Oxidized Cut Copper Slab","true",""
"Deeper Depths","deeperdepths:cut_copper_slab",2527,"true",8007,4,"Waxed Cut Copper Slab","true",""
"Deeper Depths","deeperdepths:cut_copper_slab",2527,"true",8007,5,"Waxed Exposed Cut Copper Slab","true",""
"Deeper Depths","deeperdepths:cut_copper_slab",2527,"true",8007,6,"Waxed Weathered Cut Copper Slab","true",""
"Deeper Depths","deeperdepths:cut_copper_slab",2527,"true",8007,7,"Waxed Oxidized Cut Copper Slab","true",""
"Deeper Depths","deeperdepths:cut_copper_stairs",2533,"false",8012,0,"Cut Copper Stairs","true",""
"Deeper Depths","deeperdepths:cyan_candle",2595,"false",8074,0,"Cyan Candle","true",""
"Deeper Depths","deeperdepths:deepslate",2511,"true",7992,0,"Deepslate","true","stone,stoneDeepslate"
"Deeper Depths","deeperdepths:deepslate",2511,"true",7992,1,"Infested Deepslate","true",""
"Deeper Depths","deeperdepths:deepslate_brick_stairs",2520,"false",8000,0,"Deepslate Brick Stairs","true",""
"Deeper Depths","deeperdepths:deepslate_tile_stairs",2521,"false",8001,0,"Deepslate Tile Stairs","true",""
"Deeper Depths","deeperdepths:double_cut_copper_slab",2528,"true",,,"tile.deeperdepths.double_cut_copper_slab.name","true",""
"Deeper Depths","deeperdepths:double_cut_copper_slab",2528,"true",,,"tile.deeperdepths.double_cut_copper_slab.name","true",""
"Deeper Depths","deeperdepths:double_cut_copper_slab",2528,"true",,,"tile.deeperdepths.double_cut_copper_slab.name","true",""
"Deeper Depths","deeperdepths:double_cut_copper_slab",2528,"true",,,"tile.deeperdepths.double_cut_copper_slab.name","true",""
"Deeper Depths","deeperdepths:double_cut_copper_slab",2528,"true",,,"tile.deeperdepths.double_cut_copper_slab.name","true",""
"Deeper Depths","deeperdepths:double_cut_copper_slab",2528,"true",,,"tile.deeperdepths.double_cut_copper_slab.name","true",""
"Deeper Depths","deeperdepths:double_cut_copper_slab",2528,"true",,,"tile.deeperdepths.double_cut_copper_slab.name","true",""
"Deeper Depths","deeperdepths:double_cut_copper_slab",2528,"true",,,"tile.deeperdepths.double_cut_copper_slab.name","true",""
"Deeper Depths","deeperdepths:double_stone_slab",2514,"true",,,"tile.deeperdepths.double_stone_slab.name","true",""
"Deeper Depths","deeperdepths:double_stone_slab",2514,"true",,,"tile.deeperdepths.double_stone_slab.name","true",""
"Deeper Depths","deeperdepths:double_stone_slab",2514,"true",,,"tile.deeperdepths.double_stone_slab.name","true",""
"Deeper Depths","deeperdepths:double_stone_slab",2514,"true",,,"tile.deeperdepths.double_stone_slab.name","true",""
"Deeper Depths","deeperdepths:double_stone_slab",2514,"true",,,"tile.deeperdepths.double_stone_slab.name","true",""
"Deeper Depths","deeperdepths:double_stone_slab",2514,"true",,,"tile.deeperdepths.double_stone_slab.name","true",""
"Deeper Depths","deeperdepths:double_stone_slab",2514,"true",,,"tile.deeperdepths.double_stone_slab.name","true",""
"Deeper Depths","deeperdepths:exposed_copper_bars",2566,"false",8045,0,"Exposed Copper Bars","true",""
"Deeper Depths","deeperdepths:exposed_copper_door",2550,"false",,,"Exposed Copper Door","true",""
"Deeper Depths","deeperdepths:exposed_copper_trapdoor",2542,"false",8021,0,"Exposed Copper Trapdoor","true",""
"Deeper Depths","deeperdepths:exposed_cut_copper_stairs",2534,"false",8013,0,"Exposed Cut Copper Stairs","true",""
"Deeper Depths","deeperdepths:exposed_lightning_rod",2558,"false",8037,0,"Exposed Lightning Rod","true",""
"Deeper Depths","deeperdepths:gray_candle",2593,"false",8072,0,"Gray Candle","true",""
"Deeper Depths","deeperdepths:green_candle",2599,"false",8078,0,"Green Candle","true",""
"Deeper Depths","deeperdepths:heavy_core",2605,"false",8084,0,"Heavy Core","true",""
"Deeper Depths","deeperdepths:large_amethyst_bud",2582,"false",8061,0,"Large Amethyst Bud","true",""
"Deeper Depths","deeperdepths:light_blue_candle",2589,"false",8068,0,"Light Blue Candle","true",""
"Deeper Depths","deeperdepths:light_gray_candle",2594,"false",8073,0,"Light Gray Candle","true",""
"Deeper Depths","deeperdepths:lightning_rod",2557,"false",8036,0,"Lightning Rod","true",""
"Deeper Depths","deeperdepths:lime_candle",2591,"false",8070,0,"Lime Candle","true",""
"Deeper Depths","deeperdepths:magenta_candle",2588,"false",8067,0,"Magenta Candle","true",""
"Deeper Depths","deeperdepths:medium_amethyst_bud",2581,"false",8060,0,"Medium Amethyst Bud","true",""
"Deeper Depths","deeperdepths:orange_candle",2587,"false",8066,0,"Orange Candle","true",""
"Deeper Depths","deeperdepths:oxidized_copper_bars",2568,"false",8047,0,"Oxidized Copper Bars","true",""
"Deeper Depths","deeperdepths:oxidized_copper_door",2552,"false",,,"Oxidized Copper Door","true",""
"Deeper Depths","deeperdepths:oxidized_copper_trapdoor",2544,"false",8023,0,"Oxidized Copper Trapdoor","true",""
"Deeper Depths","deeperdepths:oxidized_cut_copper_stairs",2536,"false",8015,0,"Oxidized Cut Copper Stairs","true",""
"Deeper Depths","deeperdepths:oxidized_lightning_rod",2560,"false",8039,0,"Oxidized Lightning Rod","true",""
"Deeper Depths","deeperdepths:pink_candle",2592,"false",8071,0,"Pink Candle","true",""
"Deeper Depths","deeperdepths:polished_deepslate_stairs",2519,"false",7999,0,"Polished Deepslate Stairs","true",""
"Deeper Depths","deeperdepths:polished_tuff_stairs",2516,"false",7996,0,"Polished Tuff Stairs","true",""
"Deeper Depths","deeperdepths:purple_candle",2596,"false",8075,0,"Purple Candle","true",""
"Deeper Depths","deeperdepths:red_candle",2600,"false",8079,0,"Red Candle","true",""
"Deeper Depths","deeperdepths:reinforced_deepslate",2523,"false",8003,0,"Reinforced Deepslate","true",""
"Deeper Depths","deeperdepths:small_amethyst_bud",2580,"false",8059,0,"Small Amethyst Bud","true",""
"Deeper Depths","deeperdepths:stone",2512,"true",7993,0,"Tuff","true","stone,stoneTuff"
"Deeper Depths","deeperdepths:stone",2512,"true",7993,1,"Polished Tuff","true",""
"Deeper Depths","deeperdepths:stone",2512,"true",7993,2,"Chiseled Tuff","true",""
"Deeper Depths","deeperdepths:stone",2512,"true",7993,3,"Tuff Bricks","true",""
"Deeper Depths","deeperdepths:stone",2512,"true",7993,4,"Chiseled Tuff Bricks","true",""
"Deeper Depths","deeperdepths:stone",2512,"true",7993,5,"Calcite","true","stoneCalcite"
"Deeper Depths","deeperdepths:stone",2512,"true",7993,6,"Cobbled Deepslate","true","cobblestone,cobblestoneDeepslate"
"Deeper Depths","deeperdepths:stone",2512,"true",7993,7,"Chiseled Deepslate","true",""
"Deeper Depths","deeperdepths:stone",2512,"true",7993,8,"Polished Deepslate","true",""
"Deeper Depths","deeperdepths:stone",2512,"true",7993,9,"Deepslate Bricks","true",""
"Deeper Depths","deeperdepths:stone",2512,"true",7993,10,"Cracked Deepslate Bricks","true",""
"Deeper Depths","deeperdepths:stone",2512,"true",7993,11,"Deepslate Tiles","true",""
"Deeper Depths","deeperdepths:stone",2512,"true",7993,12,"Cracked Deepslate Tiles","true",""
"Deeper Depths","deeperdepths:stone_slab",2513,"true",7994,0,"Tuff Slab","true",""
"Deeper Depths","deeperdepths:stone_slab",2513,"true",7994,1,"Polished Tuff Slab","true",""
"Deeper Depths","deeperdepths:stone_slab",2513,"true",7994,2,"Tuff Brick Slab","true",""
"Deeper Depths","deeperdepths:stone_slab",2513,"true",7994,3,"Cobbled Deepslate Slab","true",""
"Deeper Depths","deeperdepths:stone_slab",2513,"true",7994,4,"Polished Deepslate Slab","true",""
"Deeper Depths","deeperdepths:stone_slab",2513,"true",7994,5,"Deepslate Brick Slab","true",""
"Deeper Depths","deeperdepths:stone_slab",2513,"true",7994,6,"Deepslate Tile Slab","true",""
"Deeper Depths","deeperdepths:stone_wall",2522,"true",8002,0,"Tuff Wall","true",""
"Deeper Depths","deeperdepths:stone_wall",2522,"true",8002,1,"Polished Tuff Wall","true",""
"Deeper Depths","deeperdepths:stone_wall",2522,"true",8002,2,"Tuff Brick Wall","true",""
"Deeper Depths","deeperdepths:stone_wall",2522,"true",8002,3,"Cobbled Deepslate Wall","true",""
"Deeper Depths","deeperdepths:stone_wall",2522,"true",8002,4,"Polished Deepslate Wall","true",""
"Deeper Depths","deeperdepths:stone_wall",2522,"true",8002,5,"Deepslate Brick Wall","true",""
"Deeper Depths","deeperdepths:stone_wall",2522,"true",8002,6,"Deepslate Tile Wall","true",""
"Deeper Depths","deeperdepths:tinted_glass",2584,"false",8063,0,"Tinted Glass","true","blockGlass"
"Deeper Depths","deeperdepths:trial_pot",2604,"false",8083,0,"Trial Pot","true",""
"Deeper Depths","deeperdepths:trial_spawner",2602,"false",8081,0,"Trial Spawner","true",""
"Deeper Depths","deeperdepths:tuff_brick_stairs",2517,"false",7997,0,"Tuff Brick Stairs","true",""
"Deeper Depths","deeperdepths:tuff_stairs",2515,"false",7995,0,"Tuff Stairs","true",""
"Deeper Depths","deeperdepths:vault",2603,"true",8082,0,"Vault","true",""
"Deeper Depths","deeperdepths:vault",2603,"true",8082,1,"Ominous Vault","true",""
"Deeper Depths","deeperdepths:waxed_copper_bars",2569,"false",8048,0,"Waxed Copper Bars","true",""
"Deeper Depths","deeperdepths:waxed_copper_bulb",2532,"true",8011,0,"Waxed Copper Bulb","true",""
"Deeper Depths","deeperdepths:waxed_copper_bulb",2532,"true",8011,1,"Waxed Exposed Copper Bulb","true",""
"Deeper Depths","deeperdepths:waxed_copper_bulb",2532,"true",8011,2,"Waxed Weathered Copper Bulb","true",""
"Deeper Depths","deeperdepths:waxed_copper_bulb",2532,"true",8011,3,"Waxed Oxidized Copper Bulb","true",""
"Deeper Depths","deeperdepths:waxed_copper_chain",2576,"true",8055,0,"Waxed Copper Chain","true",""
"Deeper Depths","deeperdepths:waxed_copper_chain",2576,"true",8055,1,"Waxed Exposed Copper Chain","true",""
"Deeper Depths","deeperdepths:waxed_copper_chain",2576,"true",8055,2,"Waxed Weathered Copper Chain","true",""
"Deeper Depths","deeperdepths:waxed_copper_chain",2576,"true",8055,3,"Waxed Oxidized Copper Chain","true",""
"Deeper Depths","deeperdepths:waxed_copper_chest",2574,"true",8053,0,"Waxed Copper Chest","true",""
"Deeper Depths","deeperdepths:waxed_copper_chest",2574,"true",8053,1,"Waxed Exposed Copper Chest","true",""
"Deeper Depths","deeperdepths:waxed_copper_chest",2574,"true",8053,2,"Waxed Weathered Copper Chest","true",""
"Deeper Depths","deeperdepths:waxed_copper_chest",2574,"true",8053,3,"Waxed Oxidized Copper Chest","true",""
"Deeper Depths","deeperdepths:waxed_copper_door",2553,"false",,,"Waxed Copper Door","true",""
"Deeper Depths","deeperdepths:waxed_copper_trapdoor",2545,"false",8024,0,"Waxed Copper Trapdoor","true",""
"Deeper Depths","deeperdepths:waxed_cut_copper_stairs",2537,"false",8016,0,"Waxed Cut Copper Stairs","true",""
"Deeper Depths","deeperdepths:waxed_exposed_copper_bars",2570,"false",8049,0,"Waxed Exposed Copper Bars","true",""
"Deeper Depths","deeperdepths:waxed_exposed_copper_door",2554,"false",,,"Waxed Exposed Copper Door","true",""
"Deeper Depths","deeperdepths:waxed_exposed_copper_trapdoor",2546,"false",8025,0,"Waxed Exposed Copper Trapdoor","true",""
"Deeper Depths","deeperdepths:waxed_exposed_cut_copper_stairs",2538,"false",8017,0,"Waxed Exposed Cut Copper Stairs","true",""
"Deeper Depths","deeperdepths:waxed_exposed_lightning_rod",2562,"false",8041,0,"Waxed Exposed Lightning Rod","true",""
"Deeper Depths","deeperdepths:waxed_lightning_rod",2561,"false",8040,0,"Waxed Lightning Rod","true",""
"Deeper Depths","deeperdepths:waxed_oxidized_copper_bars",2572,"false",8051,0,"Waxed Oxidized Copper Bars","true",""
"Deeper Depths","deeperdepths:waxed_oxidized_copper_door",2556,"false",,,"Waxed Oxidized Copper Door","true",""
"Deeper Depths","deeperdepths:waxed_oxidized_copper_trapdoor",2548,"false",8027,0,"Waxed Oxidized Copper Trapdoor","true",""
"Deeper Depths","deeperdepths:waxed_oxidized_cut_copper_stairs",2540,"false",8019,0,"Waxed Oxidized Cut Copper Stairs","true",""
"Deeper Depths","deeperdepths:waxed_oxidized_lightning_rod",2564,"false",8043,0,"Waxed Oxidized Lightning Rod","true",""
"Deeper Depths","deeperdepths:waxed_weathered_copper_bars",2571,"false",8050,0,"Waxed Weathered Copper Bars","true",""
"Deeper Depths","deeperdepths:waxed_weathered_copper_door",2555,"false",,,"Waxed Weathered Copper Door","true",""
"Deeper Depths","deeperdepths:waxed_weathered_copper_trapdoor",2547,"false",8026,0,"Waxed Weathered Copper Trapdoor","true",""
"Deeper Depths","deeperdepths:waxed_weathered_cut_copper_stairs",2539,"false",8018,0,"Waxed Weathered Cut Copper Stairs","true",""
"Deeper Depths","deeperdepths:waxed_weathered_lightning_rod",2563,"false",8042,0,"Waxed Weathered Lightning Rod","true",""
"Deeper Depths","deeperdepths:weathered_copper_bars",2567,"false",8046,0,"Weathered Copper Bars","true",""
"Deeper Depths","deeperdepths:weathered_copper_door",2551,"false",,,"Weathered Copper Door","true",""
"Deeper Depths","deeperdepths:weathered_copper_trapdoor",2543,"false",8022,0,"Weathered Copper Trapdoor","true",""
"Deeper Depths","deeperdepths:weathered_cut_copper_stairs",2535,"false",8014,0,"Weathered Cut Copper Stairs","true",""
"Deeper Depths","deeperdepths:weathered_lightning_rod",2559,"false",8038,0,"Weathered Lightning Rod","true",""
"Deeper Depths","deeperdepths:white_candle",2586,"false",8065,0,"White Candle","true",""
"Deeper Depths","deeperdepths:yellow_candle",2590,"false",8069,0,"Yellow Candle","true",""
"Defiled Lands","defiledlands:blastem",2636,"false",,,"Blastem","true",""
"Defiled Lands","defiledlands:conjuring_altar",2639,"false",8132,0,"Conjuring Altar","true",""
"Defiled Lands","defiledlands:dirt_defiled",2610,"false",8107,0,"Defiled Dirt","true","dirtDefiled"
"Defiled Lands","defiledlands:glass_obscure",2628,"false",8122,0,"Obscure Glass","true",""
"Defiled Lands","defiledlands:grass_defiled",2611,"false",8108,0,"Defiled Grass","true",""
"Defiled Lands","defiledlands:gravel_defiled",2612,"false",8109,0,"Defiled Gravel","true","gravelDefiled"
"Defiled Lands","defiledlands:healing_pad",2638,"false",8131,0,"Healing Pad","true",""
"Defiled Lands","defiledlands:hephaestite_block",2630,"false",8124,0,"Block of Hephaestite","true","blockHephaestite"
"Defiled Lands","defiledlands:hephaestite_ore",2629,"false",8123,0,"Hephaestite Ore","true","oreHephaestite"
"Defiled Lands","defiledlands:ravaging_decoration",2627,"true",8121,0,"Ravaging Stone","true",""
"Defiled Lands","defiledlands:ravaging_decoration",2627,"true",8121,1,"Ravaging Bricks","true",""
"Defiled Lands","defiledlands:sand_defiled",2608,"false",8105,0,"Defiled Sand","true","sandDefiled"
"Defiled Lands","defiledlands:sandstone_defiled",2609,"false",8106,0,"Defiled Sandstone","true","sandstoneDefiled"
"Defiled Lands","defiledlands:sandstone_defiled_stairs",2624,"false",8118,0,"Defiled Sandstone Stairs","true",""
"Defiled Lands","defiledlands:scarlite_block",2634,"false",8128,0,"Block of Scarlite","true","blockScarlite"
"Defiled Lands","defiledlands:scarlite_ore",2633,"false",8127,0,"Scarlite Ore","true","oreScarlite"
"Defiled Lands","defiledlands:scuronotte",2637,"false",8130,0,"Scuronotte","true","listAllmushroom"
"Defiled Lands","defiledlands:stone_defiled",2607,"false",8104,0,"Defiled Stone","true","stoneDefiled"
"Defiled Lands","defiledlands:stone_defiled_bricks_stairs",2625,"false",8119,0,"Defiled Stone Bricks Stairs","true",""
"Defiled Lands","defiledlands:stone_defiled_decoration",2617,"true",8114,0,"Defiled Stone Bricks","true","stoneDefiled"
"Defiled Lands","defiledlands:stone_defiled_decoration",2617,"true",8114,1,"Cracked Defiled Stone Bricks","true","stoneDefiled"
"Defiled Lands","defiledlands:stone_defiled_decoration",2617,"true",8114,2,"Mossy Defiled Stone Bricks","true","stoneDefiled"
"Defiled Lands","defiledlands:stone_defiled_decoration",2617,"true",8114,3,"Mossy Defiled Stone","true","stoneDefiled"
"Defiled Lands","defiledlands:stone_defiled_slab",2620,"true",8115,0,"Defiled Stone Slab","true",""
"Defiled Lands","defiledlands:stone_defiled_slab",2620,"true",8115,1,"Defiled Sandstone Slab","true",""
"Defiled Lands","defiledlands:stone_defiled_slab",2620,"true",8115,2,"Defiled Stone Bricks Slab","true",""
"Defiled Lands","defiledlands:stone_defiled_slab_double",2619,"true",,,"tile.defiledlands.stone_defiled_slab_double.name","true",""
"Defiled Lands","defiledlands:stone_defiled_slab_double",2619,"true",,,"tile.defiledlands.stone_defiled_slab_double.name","true",""
"Defiled Lands","defiledlands:stone_defiled_slab_double",2619,"true",,,"tile.defiledlands.stone_defiled_slab_double.name","true",""
"Defiled Lands","defiledlands:stone_defiled_stairs",2623,"false",8117,0,"Defiled Stone Stairs","true",""
"Defiled Lands","defiledlands:tenebra_door",2618,"false",,,"Tenebra Door","true",""
"Defiled Lands","defiledlands:tenebra_leaves",2614,"false",8111,0,"Tenebra Leaves","true","treeLeaves"
"Defiled Lands","defiledlands:tenebra_log",2613,"false",8110,0,"Tenebra Wood","true","logWood"
"Defiled Lands","defiledlands:tenebra_planks",2616,"false",8113,0,"Tenebra Wood Planks","true","plankWood"
"Defiled Lands","defiledlands:tenebra_sapling",2615,"false",8112,0,"Tenebra Sapling","true","treeSapling"
"Defiled Lands","defiledlands:tenebra_stairs",2626,"false",8120,0,"Tenebra Wood Stairs","true",""
"Defiled Lands","defiledlands:umbrium_block",2632,"false",8126,0,"Block of Umbrium","true","blockUmbrium"
"Defiled Lands","defiledlands:umbrium_ore",2631,"false",8125,0,"Umbrium Ore","true","oreUmbrium"
"Defiled Lands","defiledlands:vilespine",2635,"false",8129,0,"Vilespine","true",""
"Defiled Lands","defiledlands:wood_defiled_slab",2622,"false",8116,0,"Tenebra Wood Slab","true",""
"Defiled Lands","defiledlands:wood_defiled_slab_double",2621,"false",,,"tile.defiledlands.wood_defiled_slab_double.name","true",""
"Depths of Madness","db:disappearing_spawner",4134,"false",11046,0,"Disappearing Spawner","true",""
"Depths of Madness","db:gold_chisle_brick",4141,"false",11053,0,"Golden Chiseled Brick","true",""
"Depths of Madness","db:lighting_updater",4136,"false",11048,0,"tile.lighting_updater.name","true",""
"Depths of Madness","db:mega_structure_block",4135,"false",11047,0,"Mega Structure Block","true",""
"Depths of Madness","db:temple_brick",4137,"false",11049,0,"Temple Brick","true",""
"Depths of Madness","db:temple_brick_slab_double",4145,"false",,,"Double Temple Brick Slab","true",""
"Depths of Madness","db:temple_brick_slab_half",4146,"false",11057,0,"Temple Brick Slab","true",""
"Depths of Madness","db:temple_brick_stairs",4144,"false",11056,0,"Temple Brick Stairs","true",""
"Depths of Madness","db:temple_chisle_brick",4140,"false",11052,0,"Temple Chiseled Brick","true",""
"Depths of Madness","db:temple_cobble",4139,"false",11051,0,"Temple Cobblestone","true",""
"Depths of Madness","db:temple_cobble_slab_double",4148,"false",,,"Double Temple Cobblestone Slab","true",""
"Depths of Madness","db:temple_cobble_slab_half",4149,"false",11059,0,"Temple Cobblestone Slab","true",""
"Depths of Madness","db:temple_gold_brick",4142,"false",11054,0,"Golden Temple Brick","true",""
"Depths of Madness","db:temple_lamp",4143,"false",11055,0,"Temple Lamp","true",""
"Depths of Madness","db:temple_pillar",4147,"false",11058,0,"Temple Pillar","true",""
"Depths of Madness","db:temple_polish",4138,"false",11050,0,"Polished Temple Brick","true",""
"Disenchanter","disenchanter:disenchantmenttable",2640,"true",8190,0,"Disenchantment Table","true",""
"Disenchanter","disenchanter:disenchantmenttable",2640,"true",8190,1,"Disenchantment Table","true",""
"Disenchanter","disenchanter:disenchantmenttable",2640,"true",8190,2,"Disenchantment Table","true",""
"Disenchanter","disenchanter:disenchantmenttable",2640,"true",8190,3,"Disenchantment Table","true",""
"Disenchanter","disenchanter:disenchantmenttable",2640,"true",8190,4,"Disenchantment Table","true",""
"Disenchanter","disenchanter:disenchantmenttable",2640,"true",8190,5,"Disenchantment Table","true",""
"Disenchanter","disenchanter:disenchantmenttable",2640,"true",8190,6,"Disenchantment Table","true",""
"Disenchanter","disenchanter:disenchantmenttable",2640,"true",8190,7,"Disenchantment Table","true",""
"Disenchanter","disenchanter:disenchantmenttable",2640,"true",8190,8,"Disenchantment Table","true",""
"Disenchanter","disenchanter:disenchantmenttable",2640,"true",8190,9,"Disenchantment Table","true",""
"Doggy Talents","doggytalents:dog_bath",2642,"false",8192,0,"Dog Bath","true",""
"Doggy Talents","doggytalents:dog_bed",2641,"true",8191,0,"Dog Bed","true",""
"Doggy Talents","doggytalents:dog_bed",2641,"true",8191,0,"Dog Bed","true",""
"Doggy Talents","doggytalents:dog_bed",2641,"true",8191,0,"Dog Bed","true",""
"Doggy Talents","doggytalents:dog_bed",2641,"true",8191,0,"Dog Bed","true",""
"Doggy Talents","doggytalents:dog_bed",2641,"true",8191,0,"Dog Bed","true",""
"Doggy Talents","doggytalents:dog_bed",2641,"true",8191,0,"Dog Bed","true",""
"Doggy Talents","doggytalents:dog_bed",2641,"true",8191,0,"Dog Bed","true",""
"Doggy Talents","doggytalents:dog_bed",2641,"true",8191,0,"Dog Bed","true",""
"Doggy Talents","doggytalents:dog_bed",2641,"true",8191,0,"Dog Bed","true",""
"Doggy Talents","doggytalents:dog_bed",2641,"true",8191,0,"Dog Bed","true",""
"Doggy Talents","doggytalents:dog_bed",2641,"true",8191,0,"Dog Bed","true",""
"Doggy Talents","doggytalents:dog_bed",2641,"true",8191,0,"Dog Bed","true",""
"Doggy Talents","doggytalents:dog_bed",2641,"true",8191,0,"Dog Bed","true",""
"Doggy Talents","doggytalents:dog_bed",2641,"true",8191,0,"Dog Bed","true",""
"Doggy Talents","doggytalents:dog_bed",2641,"true",8191,0,"Dog Bed","true",""
"Doggy Talents","doggytalents:dog_bed",2641,"true",8191,0,"Dog Bed","true",""
"Doggy Talents","doggytalents:dog_bed",2641,"true",8191,0,"Dog Bed","true",""
"Doggy Talents","doggytalents:dog_bed",2641,"true",8191,0,"Dog Bed","true",""
"Doggy Talents","doggytalents:dog_bed",2641,"true",8191,0,"Dog Bed","true",""
"Doggy Talents","doggytalents:dog_bed",2641,"true",8191,0,"Dog Bed","true",""
"Doggy Talents","doggytalents:dog_bed",2641,"true",8191,0,"Dog Bed","true",""
"Doggy Talents","doggytalents:dog_bed",2641,"true",8191,0,"Dog Bed","true",""
"Doggy Talents","doggytalents:dog_bed",2641,"true",8191,0,"Dog Bed","true",""
"Doggy Talents","doggytalents:dog_bed",2641,"true",8191,0,"Dog Bed","true",""
"Doggy Talents","doggytalents:dog_bed",2641,"true",8191,0,"Dog Bed","true",""
"Doggy Talents","doggytalents:dog_bed",2641,"true",8191,0,"Dog Bed","true",""
"Doggy Talents","doggytalents:dog_bed",2641,"true",8191,0,"Dog Bed","true",""
"Doggy Talents","doggytalents:dog_bed",2641,"true",8191,0,"Dog Bed","true",""
"Doggy Talents","doggytalents:dog_bed",2641,"true",8191,0,"Dog Bed","true",""
"Doggy Talents","doggytalents:dog_bed",2641,"true",8191,0,"Dog Bed","true",""
"Doggy Talents","doggytalents:dog_bed",2641,"true",8191,0,"Dog Bed","true",""
"Doggy Talents","doggytalents:dog_bed",2641,"true",8191,0,"Dog Bed","true",""
"Doggy Talents","doggytalents:dog_bed",2641,"true",8191,0,"Dog Bed","true",""
"Doggy Talents","doggytalents:dog_bed",2641,"true",8191,0,"Dog Bed","true",""
"Doggy Talents","doggytalents:dog_bed",2641,"true",8191,0,"Dog Bed","true",""
"Doggy Talents","doggytalents:dog_bed",2641,"true",8191,0,"Dog Bed","true",""
"Doggy Talents","doggytalents:dog_bed",2641,"true",8191,0,"Dog Bed","true",""
"Doggy Talents","doggytalents:dog_bed",2641,"true",8191,0,"Dog Bed","true",""
"Doggy Talents","doggytalents:dog_bed",2641,"true",8191,0,"Dog Bed","true",""
"Doggy Talents","doggytalents:dog_bed",2641,"true",8191,0,"Dog Bed","true",""
"Doggy Talents","doggytalents:dog_bed",2641,"true",8191,0,"Dog Bed","true",""
"Doggy Talents","doggytalents:dog_bed",2641,"true",8191,0,"Dog Bed","true",""
"Doggy Talents","doggytalents:dog_bed",2641,"true",8191,0,"Dog Bed","true",""
"Doggy Talents","doggytalents:dog_bed",2641,"true",8191,0,"Dog Bed","true",""
"Doggy Talents","doggytalents:dog_bed",2641,"true",8191,0,"Dog Bed","true",""
"Doggy Talents","doggytalents:dog_bed",2641,"true",8191,0,"Dog Bed","true",""
"Doggy Talents","doggytalents:dog_bed",2641,"true",8191,0,"Dog Bed","true",""
"Doggy Talents","doggytalents:dog_bed",2641,"true",8191,0,"Dog Bed","true",""
"Doggy Talents","doggytalents:dog_bed",2641,"true",8191,0,"Dog Bed","true",""
"Doggy Talents","doggytalents:dog_bed",2641,"true",8191,0,"Dog Bed","true",""
"Doggy Talents","doggytalents:dog_bed",2641,"true",8191,0,"Dog Bed","true",""
"Doggy Talents","doggytalents:dog_bed",2641,"true",8191,0,"Dog Bed","true",""
"Doggy Talents","doggytalents:dog_bed",2641,"true",8191,0,"Dog Bed","true",""
"Doggy Talents","doggytalents:dog_bed",2641,"true",8191,0,"Dog Bed","true",""
"Doggy Talents","doggytalents:dog_bed",2641,"true",8191,0,"Dog Bed","true",""
"Doggy Talents","doggytalents:dog_bed",2641,"true",8191,0,"Dog Bed","true",""
"Doggy Talents","doggytalents:dog_bed",2641,"true",8191,0,"Dog Bed","true",""
"Doggy Talents","doggytalents:dog_bed",2641,"true",8191,0,"Dog Bed","true",""
"Doggy Talents","doggytalents:dog_bed",2641,"true",8191,0,"Dog Bed","true",""
"Doggy Talents","doggytalents:dog_bed",2641,"true",8191,0,"Dog Bed","true",""
"Doggy Talents","doggytalents:dog_bed",2641,"true",8191,0,"Dog Bed","true",""
"Doggy Talents","doggytalents:dog_bed",2641,"true",8191,0,"Dog Bed","true",""
"Doggy Talents","doggytalents:dog_bed",2641,"true",8191,0,"Dog Bed","true",""
"Doggy Talents","doggytalents:dog_bed",2641,"true",8191,0,"Dog Bed","true",""
"Doggy Talents","doggytalents:dog_bed",2641,"true",8191,0,"Dog Bed","true",""
"Doggy Talents","doggytalents:dog_bed",2641,"true",8191,0,"Dog Bed","true",""
"Doggy Talents","doggytalents:dog_bed",2641,"true",8191,0,"Dog Bed","true",""
"Doggy Talents","doggytalents:dog_bed",2641,"true",8191,0,"Dog Bed","true",""
"Doggy Talents","doggytalents:dog_bed",2641,"true",8191,0,"Dog Bed","true",""
"Doggy Talents","doggytalents:dog_bed",2641,"true",8191,0,"Dog Bed","true",""
"Doggy Talents","doggytalents:dog_bed",2641,"true",8191,0,"Dog Bed","true",""
"Doggy Talents","doggytalents:dog_bed",2641,"true",8191,0,"Dog Bed","true",""
"Doggy Talents","doggytalents:dog_bed",2641,"true",8191,0,"Dog Bed","true",""
"Doggy Talents","doggytalents:dog_bed",2641,"true",8191,0,"Dog Bed","true",""
"Doggy Talents","doggytalents:dog_bed",2641,"true",8191,0,"Dog Bed","true",""
"Doggy Talents","doggytalents:dog_bed",2641,"true",8191,0,"Dog Bed","true",""
"Doggy Talents","doggytalents:dog_bed",2641,"true",8191,0,"Dog Bed","true",""
"Doggy Talents","doggytalents:dog_bed",2641,"true",8191,0,"Dog Bed","true",""
"Doggy Talents","doggytalents:dog_bed",2641,"true",8191,0,"Dog Bed","true",""
"Doggy Talents","doggytalents:dog_bed",2641,"true",8191,0,"Dog Bed","true",""
"Doggy Talents","doggytalents:dog_bed",2641,"true",8191,0,"Dog Bed","true",""
"Doggy Talents","doggytalents:dog_bed",2641,"true",8191,0,"Dog Bed","true",""
"Doggy Talents","doggytalents:dog_bed",2641,"true",8191,0,"Dog Bed","true",""
"Doggy Talents","doggytalents:dog_bed",2641,"true",8191,0,"Dog Bed","true",""
"Doggy Talents","doggytalents:dog_bed",2641,"true",8191,0,"Dog Bed","true",""
"Doggy Talents","doggytalents:dog_bed",2641,"true",8191,0,"Dog Bed","true",""
"Doggy Talents","doggytalents:dog_bed",2641,"true",8191,0,"Dog Bed","true",""
"Doggy Talents","doggytalents:dog_bed",2641,"true",8191,0,"Dog Bed","true",""
"Doggy Talents","doggytalents:dog_bed",2641,"true",8191,0,"Dog Bed","true",""
"Doggy Talents","doggytalents:dog_bed",2641,"true",8191,0,"Dog Bed","true",""
"Doggy Talents","doggytalents:dog_bed",2641,"true",8191,0,"Dog Bed","true",""
"Doggy Talents","doggytalents:dog_bed",2641,"true",8191,0,"Dog Bed","true",""
"Doggy Talents","doggytalents:dog_bed",2641,"true",8191,0,"Dog Bed","true",""
"Doggy Talents","doggytalents:dog_bed",2641,"true",8191,0,"Dog Bed","true",""
"Doggy Talents","doggytalents:dog_bed",2641,"true",8191,0,"Dog Bed","true",""
"Doggy Talents","doggytalents:dog_bed",2641,"true",8191,0,"Dog Bed","true",""
"Doggy Talents","doggytalents:dog_bed",2641,"true",8191,0,"Dog Bed","true",""
"Doggy Talents","doggytalents:dog_bed",2641,"true",8191,0,"Dog Bed","true",""
"Doggy Talents","doggytalents:dog_bed",2641,"true",8191,0,"Dog Bed","true",""
"Doggy Talents","doggytalents:dog_bed",2641,"true",8191,0,"Dog Bed","true",""
"Doggy Talents","doggytalents:dog_bed",2641,"true",8191,0,"Dog Bed","true",""
"Doggy Talents","doggytalents:dog_bed",2641,"true",8191,0,"Dog Bed","true",""
"Doggy Talents","doggytalents:dog_bed",2641,"true",8191,0,"Dog Bed","true",""
"Doggy Talents","doggytalents:dog_bed",2641,"true",8191,0,"Dog Bed","true",""
"Doggy Talents","doggytalents:dog_bed",2641,"true",8191,0,"Dog Bed","true",""
"Doggy Talents","doggytalents:dog_bed",2641,"true",8191,0,"Dog Bed","true",""
"Doggy Talents","doggytalents:dog_bed",2641,"true",8191,0,"Dog Bed","true",""
"Doggy Talents","doggytalents:dog_bed",2641,"true",8191,0,"Dog Bed","true",""
"Doggy Talents","doggytalents:dog_bed",2641,"true",8191,0,"Dog Bed","true",""
"Doggy Talents","doggytalents:dog_bed",2641,"true",8191,0,"Dog Bed","true",""
"Doggy Talents","doggytalents:dog_bed",2641,"true",8191,0,"Dog Bed","true",""
"Doggy Talents","doggytalents:dog_bed",2641,"true",8191,0,"Dog Bed","true",""
"Doggy Talents","doggytalents:dog_bed",2641,"true",8191,0,"Dog Bed","true",""
"Doggy Talents","doggytalents:dog_bed",2641,"true",8191,0,"Dog Bed","true",""
"Doggy Talents","doggytalents:dog_bed",2641,"true",8191,0,"Dog Bed","true",""
"Doggy Talents","doggytalents:dog_bed",2641,"true",8191,0,"Dog Bed","true",""
"Doggy Talents","doggytalents:dog_bed",2641,"true",8191,0,"Dog Bed","true",""
"Doggy Talents","doggytalents:dog_bed",2641,"true",8191,0,"Dog Bed","true",""
"Doggy Talents","doggytalents:dog_bed",2641,"true",8191,0,"Dog Bed","true",""
"Doggy Talents","doggytalents:dog_bed",2641,"true",8191,0,"Dog Bed","true",""
"Doggy Talents","doggytalents:dog_bed",2641,"true",8191,0,"Dog Bed","true",""
"Doggy Talents","doggytalents:dog_bed",2641,"true",8191,0,"Dog Bed","true",""
"Doggy Talents","doggytalents:dog_bed",2641,"true",8191,0,"Dog Bed","true",""
"Doggy Talents","doggytalents:dog_bed",2641,"true",8191,0,"Dog Bed","true",""
"Doggy Talents","doggytalents:dog_bed",2641,"true",8191,0,"Dog Bed","true",""
"Doggy Talents","doggytalents:dog_bed",2641,"true",8191,0,"Dog Bed","true",""
"Doggy Talents","doggytalents:dog_bed",2641,"true",8191,0,"Dog Bed","true",""
"Doggy Talents","doggytalents:dog_bed",2641,"true",8191,0,"Dog Bed","true",""
"Doggy Talents","doggytalents:dog_bed",2641,"true",8191,0,"Dog Bed","true",""
"Doggy Talents","doggytalents:dog_bed",2641,"true",8191,0,"Dog Bed","true",""
"Doggy Talents","doggytalents:dog_bed",2641,"true",8191,0,"Dog Bed","true",""
"Doggy Talents","doggytalents:dog_bed",2641,"true",8191,0,"Dog Bed","true",""
"Doggy Talents","doggytalents:dog_bed",2641,"true",8191,0,"Dog Bed","true",""
"Doggy Talents","doggytalents:dog_bed",2641,"true",8191,0,"Dog Bed","true",""
"Doggy Talents","doggytalents:dog_bed",2641,"true",8191,0,"Dog Bed","true",""
"Doggy Talents","doggytalents:dog_bed",2641,"true",8191,0,"Dog Bed","true",""
"Doggy Talents","doggytalents:dog_bed",2641,"true",8191,0,"Dog Bed","true",""
"Doggy Talents","doggytalents:dog_bed",2641,"true",8191,0,"Dog Bed","true",""
"Doggy Talents","doggytalents:dog_bed",2641,"true",8191,0,"Dog Bed","true",""
"Doggy Talents","doggytalents:dog_bed",2641,"true",8191,0,"Dog Bed","true",""
"Doggy Talents","doggytalents:dog_bed",2641,"true",8191,0,"Dog Bed","true",""
"Doggy Talents","doggytalents:dog_bed",2641,"true",8191,0,"Dog Bed","true",""
"Doggy Talents","doggytalents:dog_bed",2641,"true",8191,0,"Dog Bed","true",""
"Doggy Talents","doggytalents:dog_bed",2641,"true",8191,0,"Dog Bed","true",""
"Doggy Talents","doggytalents:dog_bed",2641,"true",8191,0,"Dog Bed","true",""
"Doggy Talents","doggytalents:dog_bed",2641,"true",8191,0,"Dog Bed","true",""
"Doggy Talents","doggytalents:dog_bed",2641,"true",8191,0,"Dog Bed","true",""
"Doggy Talents","doggytalents:dog_bed",2641,"true",8191,0,"Dog Bed","true",""
"Doggy Talents","doggytalents:dog_bed",2641,"true",8191,0,"Dog Bed","true",""
"Doggy Talents","doggytalents:dog_bed",2641,"true",8191,0,"Dog Bed","true",""
"Doggy Talents","doggytalents:dog_bed",2641,"true",8191,0,"Dog Bed","true",""
"Doggy Talents","doggytalents:dog_bed",2641,"true",8191,0,"Dog Bed","true",""
"Doggy Talents","doggytalents:dog_bed",2641,"true",8191,0,"Dog Bed","true",""
"Doggy Talents","doggytalents:dog_bed",2641,"true",8191,0,"Dog Bed","true",""
"Doggy Talents","doggytalents:dog_bed",2641,"true",8191,0,"Dog Bed","true",""
"Doggy Talents","doggytalents:dog_bed",2641,"true",8191,0,"Dog Bed","true",""
"Doggy Talents","doggytalents:dog_bed",2641,"true",8191,0,"Dog Bed","true",""
"Doggy Talents","doggytalents:dog_bed",2641,"true",8191,0,"Dog Bed","true",""
"Doggy Talents","doggytalents:dog_bed",2641,"true",8191,0,"Dog Bed","true",""
"Doggy Talents","doggytalents:dog_bed",2641,"true",8191,0,"Dog Bed","true",""
"Doggy Talents","doggytalents:dog_bed",2641,"true",8191,0,"Dog Bed","true",""
"Doggy Talents","doggytalents:dog_bed",2641,"true",8191,0,"Dog Bed","true",""
"Doggy Talents","doggytalents:dog_bed",2641,"true",8191,0,"Dog Bed","true",""
"Doggy Talents","doggytalents:dog_bed",2641,"true",8191,0,"Dog Bed","true",""
"Doggy Talents","doggytalents:dog_bed",2641,"true",8191,0,"Dog Bed","true",""
"Doggy Talents","doggytalents:dog_bed",2641,"true",8191,0,"Dog Bed","true",""
"Doggy Talents","doggytalents:dog_bed",2641,"true",8191,0,"Dog Bed","true",""
"Doggy Talents","doggytalents:dog_bed",2641,"true",8191,0,"Dog Bed","true",""
"Doggy Talents","doggytalents:dog_bed",2641,"true",8191,0,"Dog Bed","true",""
"Doggy Talents","doggytalents:dog_bed",2641,"true",8191,0,"Dog Bed","true",""
"Doggy Talents","doggytalents:dog_bed",2641,"true",8191,0,"Dog Bed","true",""
"Doggy Talents","doggytalents:dog_bed",2641,"true",8191,0,"Dog Bed","true",""
"Doggy Talents","doggytalents:dog_bed",2641,"true",8191,0,"Dog Bed","true",""
"Doggy Talents","doggytalents:dog_bed",2641,"true",8191,0,"Dog Bed","true",""
"Doggy Talents","doggytalents:dog_bed",2641,"true",8191,0,"Dog Bed","true",""
"Doggy Talents","doggytalents:dog_bed",2641,"true",8191,0,"Dog Bed","true",""
"Doggy Talents","doggytalents:dog_bed",2641,"true",8191,0,"Dog Bed","true",""
"Doggy Talents","doggytalents:dog_bed",2641,"true",8191,0,"Dog Bed","true",""
"Doggy Talents","doggytalents:dog_bed",2641,"true",8191,0,"Dog Bed","true",""
"Doggy Talents","doggytalents:dog_bed",2641,"true",8191,0,"Dog Bed","true",""
"Doggy Talents","doggytalents:dog_bed",2641,"true",8191,0,"Dog Bed","true",""
"Doggy Talents","doggytalents:dog_bed",2641,"true",8191,0,"Dog Bed","true",""
"Doggy Talents","doggytalents:dog_bed",2641,"true",8191,0,"Dog Bed","true",""
"Doggy Talents","doggytalents:dog_bed",2641,"true",8191,0,"Dog Bed","true",""
"Doggy Talents","doggytalents:dog_bed",2641,"true",8191,0,"Dog Bed","true",""
"Doggy Talents","doggytalents:dog_bed",2641,"true",8191,0,"Dog Bed","true",""
"Doggy Talents","doggytalents:dog_bed",2641,"true",8191,0,"Dog Bed","true",""
"Doggy Talents","doggytalents:dog_bed",2641,"true",8191,0,"Dog Bed","true",""
"Doggy Talents","doggytalents:dog_bed",2641,"true",8191,0,"Dog Bed","true",""
"Doggy Talents","doggytalents:dog_bed",2641,"true",8191,0,"Dog Bed","true",""
"Doggy Talents","doggytalents:dog_bed",2641,"true",8191,0,"Dog Bed","true",""
"Doggy Talents","doggytalents:dog_bed",2641,"true",8191,0,"Dog Bed","true",""
"Doggy Talents","doggytalents:dog_bed",2641,"true",8191,0,"Dog Bed","true",""
"Doggy Talents","doggytalents:dog_bed",2641,"true",8191,0,"Dog Bed","true",""
"Doggy Talents","doggytalents:dog_bed",2641,"true",8191,0,"Dog Bed","true",""
"Doggy Talents","doggytalents:dog_bed",2641,"true",8191,0,"Dog Bed","true",""
"Doggy Talents","doggytalents:dog_bed",2641,"true",8191,0,"Dog Bed","true",""
"Doggy Talents","doggytalents:dog_bed",2641,"true",8191,0,"Dog Bed","true",""
"Doggy Talents","doggytalents:dog_bed",2641,"true",8191,0,"Dog Bed","true",""
"Doggy Talents","doggytalents:dog_bed",2641,"true",8191,0,"Dog Bed","true",""
"Doggy Talents","doggytalents:dog_bed",2641,"true",8191,0,"Dog Bed","true",""
"Doggy Talents","doggytalents:dog_bed",2641,"true",8191,0,"Dog Bed","true",""
"Doggy Talents","doggytalents:dog_bed",2641,"true",8191,0,"Dog Bed","true",""
"Doggy Talents","doggytalents:dog_bed",2641,"true",8191,0,"Dog Bed","true",""
"Doggy Talents","doggytalents:dog_bed",2641,"true",8191,0,"Dog Bed","true",""
"Doggy Talents","doggytalents:dog_bed",2641,"true",8191,0,"Dog Bed","true",""
"Doggy Talents","doggytalents:dog_bed",2641,"true",8191,0,"Dog Bed","true",""
"Doggy Talents","doggytalents:dog_bed",2641,"true",8191,0,"Dog Bed","true",""
"Doggy Talents","doggytalents:dog_bed",2641,"true",8191,0,"Dog Bed","true",""
"Doggy Talents","doggytalents:dog_bed",2641,"true",8191,0,"Dog Bed","true",""
"Doggy Talents","doggytalents:dog_bed",2641,"true",8191,0,"Dog Bed","true",""
"Doggy Talents","doggytalents:dog_bed",2641,"true",8191,0,"Dog Bed","true",""
"Doggy Talents","doggytalents:dog_bed",2641,"true",8191,0,"Dog Bed","true",""
"Doggy Talents","doggytalents:dog_bed",2641,"true",8191,0,"Dog Bed","true",""
"Doggy Talents","doggytalents:dog_bed",2641,"true",8191,0,"Dog Bed","true",""
"Doggy Talents","doggytalents:dog_bed",2641,"true",8191,0,"Dog Bed","true",""
"Doggy Talents","doggytalents:dog_bed",2641,"true",8191,0,"Dog Bed","true",""
"Doggy Talents","doggytalents:dog_bed",2641,"true",8191,0,"Dog Bed","true",""
"Doggy Talents","doggytalents:dog_bed",2641,"true",8191,0,"Dog Bed","true",""
"Doggy Talents","doggytalents:dog_bed",2641,"true",8191,0,"Dog Bed","true",""
"Doggy Talents","doggytalents:dog_bed",2641,"true",8191,0,"Dog Bed","true",""
"Doggy Talents","doggytalents:dog_bed",2641,"true",8191,0,"Dog Bed","true",""
"Doggy Talents","doggytalents:dog_bed",2641,"true",8191,0,"Dog Bed","true",""
"Doggy Talents","doggytalents:dog_bed",2641,"true",8191,0,"Dog Bed","true",""
"Doggy Talents","doggytalents:dog_bed",2641,"true",8191,0,"Dog Bed","true",""
"Doggy Talents","doggytalents:dog_bed",2641,"true",8191,0,"Dog Bed","true",""
"Doggy Talents","doggytalents:dog_bed",2641,"true",8191,0,"Dog Bed","true",""
"Doggy Talents","doggytalents:dog_bed",2641,"true",8191,0,"Dog Bed","true",""
"Doggy Talents","doggytalents:dog_bed",2641,"true",8191,0,"Dog Bed","true",""
"Doggy Talents","doggytalents:dog_bed",2641,"true",8191,0,"Dog Bed","true",""
"Doggy Talents","doggytalents:dog_bed",2641,"true",8191,0,"Dog Bed","true",""
"Doggy Talents","doggytalents:dog_bed",2641,"true",8191,0,"Dog Bed","true",""
"Doggy Talents","doggytalents:dog_bed",2641,"true",8191,0,"Dog Bed","true",""
"Doggy Talents","doggytalents:dog_bed",2641,"true",8191,0,"Dog Bed","true",""
"Doggy Talents","doggytalents:dog_bed",2641,"true",8191,0,"Dog Bed","true",""
"Doggy Talents","doggytalents:dog_bed",2641,"true",8191,0,"Dog Bed","true",""
"Doggy Talents","doggytalents:dog_bed",2641,"true",8191,0,"Dog Bed","true",""
"Doggy Talents","doggytalents:dog_bed",2641,"true",8191,0,"Dog Bed","true",""
"Doggy Talents","doggytalents:dog_bed",2641,"true",8191,0,"Dog Bed","true",""
"Doggy Talents","doggytalents:dog_bed",2641,"true",8191,0,"Dog Bed","true",""
"Doggy Talents","doggytalents:dog_bed",2641,"true",8191,0,"Dog Bed","true",""
"Doggy Talents","doggytalents:dog_bed",2641,"true",8191,0,"Dog Bed","true",""
"Doggy Talents","doggytalents:dog_bed",2641,"true",8191,0,"Dog Bed","true",""
"Doggy Talents","doggytalents:dog_bed",2641,"true",8191,0,"Dog Bed","true",""
"Doggy Talents","doggytalents:dog_bed",2641,"true",8191,0,"Dog Bed","true",""
"Doggy Talents","doggytalents:dog_bed",2641,"true",8191,0,"Dog Bed","true",""
"Doggy Talents","doggytalents:dog_bed",2641,"true",8191,0,"Dog Bed","true",""
"Doggy Talents","doggytalents:dog_bed",2641,"true",8191,0,"Dog Bed","true",""
"Doggy Talents","doggytalents:dog_bed",2641,"true",8191,0,"Dog Bed","true",""
"Doggy Talents","doggytalents:dog_bed",2641,"true",8191,0,"Dog Bed","true",""
"Doggy Talents","doggytalents:dog_bed",2641,"true",8191,0,"Dog Bed","true",""
"Doggy Talents","doggytalents:dog_bed",2641,"true",8191,0,"Dog Bed","true",""
"Doggy Talents","doggytalents:dog_bed",2641,"true",8191,0,"Dog Bed","true",""
"Doggy Talents","doggytalents:dog_bed",2641,"true",8191,0,"Dog Bed","true",""
"Doggy Talents","doggytalents:dog_bed",2641,"true",8191,0,"Dog Bed","true",""
"Doggy Talents","doggytalents:dog_bed",2641,"true",8191,0,"Dog Bed","true",""
"Doggy Talents","doggytalents:dog_bed",2641,"true",8191,0,"Dog Bed","true",""
"Doggy Talents","doggytalents:dog_bed",2641,"true",8191,0,"Dog Bed","true",""
"Doggy Talents","doggytalents:dog_bed",2641,"true",8191,0,"Dog Bed","true",""
"Doggy Talents","doggytalents:dog_bed",2641,"true",8191,0,"Dog Bed","true",""
"Doggy Talents","doggytalents:dog_bed",2641,"true",8191,0,"Dog Bed","true",""
"Doggy Talents","doggytalents:dog_bed",2641,"true",8191,0,"Dog Bed","true",""
"Doggy Talents","doggytalents:dog_bed",2641,"true",8191,0,"Dog Bed","true",""
"Doggy Talents","doggytalents:dog_bed",2641,"true",8191,0,"Dog Bed","true",""
"Doggy Talents","doggytalents:dog_bed",2641,"true",8191,0,"Dog Bed","true",""
"Doggy Talents","doggytalents:dog_bed",2641,"true",8191,0,"Dog Bed","true",""
"Doggy Talents","doggytalents:dog_bed",2641,"true",8191,0,"Dog Bed","true",""
"Doggy Talents","doggytalents:dog_bed",2641,"true",8191,0,"Dog Bed","true",""
"Doggy Talents","doggytalents:dog_bed",2641,"true",8191,0,"Dog Bed","true",""
"Doggy Talents","doggytalents:dog_bed",2641,"true",8191,0,"Dog Bed","true",""
"Doggy Talents","doggytalents:dog_bed",2641,"true",8191,0,"Dog Bed","true",""
"Doggy Talents","doggytalents:dog_bed",2641,"true",8191,0,"Dog Bed","true",""
"Doggy Talents","doggytalents:dog_bed",2641,"true",8191,0,"Dog Bed","true",""
"Doggy Talents","doggytalents:dog_bed",2641,"true",8191,0,"Dog Bed","true",""
"Doggy Talents","doggytalents:dog_bed",2641,"true",8191,0,"Dog Bed","true",""
"Doggy Talents","doggytalents:dog_bed",2641,"true",8191,0,"Dog Bed","true",""
"Doggy Talents","doggytalents:dog_bed",2641,"true",8191,0,"Dog Bed","true",""
"Doggy Talents","doggytalents:dog_bed",2641,"true",8191,0,"Dog Bed","true",""
"Doggy Talents","doggytalents:dog_bed",2641,"true",8191,0,"Dog Bed","true",""
"Doggy Talents","doggytalents:dog_bed",2641,"true",8191,0,"Dog Bed","true",""
"Doggy Talents","doggytalents:dog_bed",2641,"true",8191,0,"Dog Bed","true",""
"Doggy Talents","doggytalents:dog_bed",2641,"true",8191,0,"Dog Bed","true",""
"Doggy Talents","doggytalents:dog_bed",2641,"true",8191,0,"Dog Bed","true",""
"Doggy Talents","doggytalents:dog_bed",2641,"true",8191,0,"Dog Bed","true",""
"Doggy Talents","doggytalents:dog_bed",2641,"true",8191,0,"Dog Bed","true",""
"Doggy Talents","doggytalents:dog_bed",2641,"true",8191,0,"Dog Bed","true",""
"Doggy Talents","doggytalents:dog_bed",2641,"true",8191,0,"Dog Bed","true",""
"Doggy Talents","doggytalents:dog_bed",2641,"true",8191,0,"Dog Bed","true",""
"Doggy Talents","doggytalents:dog_bed",2641,"true",8191,0,"Dog Bed","true",""
"Doggy Talents","doggytalents:dog_bed",2641,"true",8191,0,"Dog Bed","true",""
"Doggy Talents","doggytalents:dog_bed",2641,"true",8191,0,"Dog Bed","true",""
"Doggy Talents","doggytalents:dog_bed",2641,"true",8191,0,"Dog Bed","true",""
"Doggy Talents","doggytalents:dog_bed",2641,"true",8191,0,"Dog Bed","true",""
"Doggy Talents","doggytalents:dog_bed",2641,"true",8191,0,"Dog Bed","true",""
"Doggy Talents","doggytalents:dog_bed",2641,"true",8191,0,"Dog Bed","true",""
"Doggy Talents","doggytalents:dog_bed",2641,"true",8191,0,"Dog Bed","true",""
"Doggy Talents","doggytalents:dog_bed",2641,"true",8191,0,"Dog Bed","true",""
"Doggy Talents","doggytalents:dog_bed",2641,"true",8191,0,"Dog Bed","true",""
"Doggy Talents","doggytalents:dog_bed",2641,"true",8191,0,"Dog Bed","true",""
"Doggy Talents","doggytalents:dog_bed",2641,"true",8191,0,"Dog Bed","true",""
"Doggy Talents","doggytalents:dog_bed",2641,"true",8191,0,"Dog Bed","true",""
"Doggy Talents","doggytalents:dog_bed",2641,"true",8191,0,"Dog Bed","true",""
"Doggy Talents","doggytalents:dog_bed",2641,"true",8191,0,"Dog Bed","true",""
"Doggy Talents","doggytalents:dog_bed",2641,"true",8191,0,"Dog Bed","true",""
"Doggy Talents","doggytalents:dog_bed",2641,"true",8191,0,"Dog Bed","true",""
"Doggy Talents","doggytalents:dog_bed",2641,"true",8191,0,"Dog Bed","true",""
"Doggy Talents","doggytalents:dog_bed",2641,"true",8191,0,"Dog Bed","true",""
"Doggy Talents","doggytalents:dog_bed",2641,"true",8191,0,"Dog Bed","true",""
"Doggy Talents","doggytalents:dog_bed",2641,"true",8191,0,"Dog Bed","true",""
"Doggy Talents","doggytalents:dog_bed",2641,"true",8191,0,"Dog Bed","true",""
"Doggy Talents","doggytalents:dog_bed",2641,"true",8191,0,"Dog Bed","true",""
"Doggy Talents","doggytalents:dog_bed",2641,"true",8191,0,"Dog Bed","true",""
"Doggy Talents","doggytalents:dog_bed",2641,"true",8191,0,"Dog Bed","true",""
"Doggy Talents","doggytalents:dog_bed",2641,"true",8191,0,"Dog Bed","true",""
"Doggy Talents","doggytalents:dog_bed",2641,"true",8191,0,"Dog Bed","true",""
"Doggy Talents","doggytalents:dog_bed",2641,"true",8191,0,"Dog Bed","true",""
"Doggy Talents","doggytalents:dog_bed",2641,"true",8191,0,"Dog Bed","true",""
"Doggy Talents","doggytalents:dog_bed",2641,"true",8191,0,"Dog Bed","true",""
"Doggy Talents","doggytalents:dog_bed",2641,"true",8191,0,"Dog Bed","true",""
"Doggy Talents","doggytalents:dog_bed",2641,"true",8191,0,"Dog Bed","true",""
"Doggy Talents","doggytalents:dog_bed",2641,"true",8191,0,"Dog Bed","true",""
"Doggy Talents","doggytalents:dog_bed",2641,"true",8191,0,"Dog Bed","true",""
"Doggy Talents","doggytalents:dog_bed",2641,"true",8191,0,"Dog Bed","true",""
"Doggy Talents","doggytalents:dog_bed",2641,"true",8191,0,"Dog Bed","true",""
"Doggy Talents","doggytalents:dog_bed",2641,"true",8191,0,"Dog Bed","true",""
"Doggy Talents","doggytalents:dog_bed",2641,"true",8191,0,"Dog Bed","true",""
"Doggy Talents","doggytalents:dog_bed",2641,"true",8191,0,"Dog Bed","true",""
"Doggy Talents","doggytalents:dog_bed",2641,"true",8191,0,"Dog Bed","true",""
"Doggy Talents","doggytalents:dog_bed",2641,"true",8191,0,"Dog Bed","true",""
"Doggy Talents","doggytalents:dog_bed",2641,"true",8191,0,"Dog Bed","true",""
"Doggy Talents","doggytalents:dog_bed",2641,"true",8191,0,"Dog Bed","true",""
"Doggy Talents","doggytalents:dog_bed",2641,"true",8191,0,"Dog Bed","true",""
"Doggy Talents","doggytalents:dog_bed",2641,"true",8191,0,"Dog Bed","true",""
"Doggy Talents","doggytalents:dog_bed",2641,"true",8191,0,"Dog Bed","true",""
"Doggy Talents","doggytalents:dog_bed",2641,"true",8191,0,"Dog Bed","true",""
"Doggy Talents","doggytalents:dog_bed",2641,"true",8191,0,"Dog Bed","true",""
"Doggy Talents","doggytalents:dog_bed",2641,"true",8191,0,"Dog Bed","true",""
"Doggy Talents","doggytalents:dog_bed",2641,"true",8191,0,"Dog Bed","true",""
"Doggy Talents","doggytalents:dog_bed",2641,"true",8191,0,"Dog Bed","true",""
"Doggy Talents","doggytalents:dog_bed",2641,"true",8191,0,"Dog Bed","true",""
"Doggy Talents","doggytalents:dog_bed",2641,"true",8191,0,"Dog Bed","true",""
"Doggy Talents","doggytalents:dog_bed",2641,"true",8191,0,"Dog Bed","true",""
"Doggy Talents","doggytalents:dog_bed",2641,"true",8191,0,"Dog Bed","true",""
"Doggy Talents","doggytalents:dog_bed",2641,"true",8191,0,"Dog Bed","true",""
"Doggy Talents","doggytalents:dog_bed",2641,"true",8191,0,"Dog Bed","true",""
"Doggy Talents","doggytalents:dog_bed",2641,"true",8191,0,"Dog Bed","true",""
"Doggy Talents","doggytalents:dog_bed",2641,"true",8191,0,"Dog Bed","true",""
"Doggy Talents","doggytalents:dog_bed",2641,"true",8191,0,"Dog Bed","true",""
"Doggy Talents","doggytalents:dog_bed",2641,"true",8191,0,"Dog Bed","true",""
"Doggy Talents","doggytalents:dog_bed",2641,"true",8191,0,"Dog Bed","true",""
"Doggy Talents","doggytalents:dog_bed",2641,"true",8191,0,"Dog Bed","true",""
"Doggy Talents","doggytalents:dog_bed",2641,"true",8191,0,"Dog Bed","true",""
"Doggy Talents","doggytalents:dog_bed",2641,"true",8191,0,"Dog Bed","true",""
"Doggy Talents","doggytalents:dog_bed",2641,"true",8191,0,"Dog Bed","true",""
"Doggy Talents","doggytalents:dog_bed",2641,"true",8191,0,"Dog Bed","true",""
"Doggy Talents","doggytalents:dog_bed",2641,"true",8191,0,"Dog Bed","true",""
"Doggy Talents","doggytalents:dog_bed",2641,"true",8191,0,"Dog Bed","true",""
"Doggy Talents","doggytalents:dog_bed",2641,"true",8191,0,"Dog Bed","true",""
"Doggy Talents","doggytalents:dog_bed",2641,"true",8191,0,"Dog Bed","true",""
"Doggy Talents","doggytalents:dog_bed",2641,"true",8191,0,"Dog Bed","true",""
"Doggy Talents","doggytalents:dog_bed",2641,"true",8191,0,"Dog Bed","true",""
"Doggy Talents","doggytalents:dog_bed",2641,"true",8191,0,"Dog Bed","true",""
"Doggy Talents","doggytalents:dog_bed",2641,"true",8191,0,"Dog Bed","true",""
"Doggy Talents","doggytalents:dog_bed",2641,"true",8191,0,"Dog Bed","true",""
"Doggy Talents","doggytalents:dog_bed",2641,"true",8191,0,"Dog Bed","true",""
"Doggy Talents","doggytalents:dog_bed",2641,"true",8191,0,"Dog Bed","true",""
"Doggy Talents","doggytalents:dog_bed",2641,"true",8191,0,"Dog Bed","true",""
"Doggy Talents","doggytalents:dog_bed",2641,"true",8191,0,"Dog Bed","true",""
"Doggy Talents","doggytalents:dog_bed",2641,"true",8191,0,"Dog Bed","true",""
"Doggy Talents","doggytalents:dog_bed",2641,"true",8191,0,"Dog Bed","true",""
"Doggy Talents","doggytalents:dog_bed",2641,"true",8191,0,"Dog Bed","true",""
"Doggy Talents","doggytalents:dog_bed",2641,"true",8191,0,"Dog Bed","true",""
"Doggy Talents","doggytalents:dog_bed",2641,"true",8191,0,"Dog Bed","true",""
"Doggy Talents","doggytalents:dog_bed",2641,"true",8191,0,"Dog Bed","true",""
"Doggy Talents","doggytalents:dog_bed",2641,"true",8191,0,"Dog Bed","true",""
"Doggy Talents","doggytalents:dog_bed",2641,"true",8191,0,"Dog Bed","true",""
"Doggy Talents","doggytalents:dog_bed",2641,"true",8191,0,"Dog Bed","true",""
"Doggy Talents","doggytalents:dog_bed",2641,"true",8191,0,"Dog Bed","true",""
"Doggy Talents","doggytalents:dog_bed",2641,"true",8191,0,"Dog Bed","true",""
"Doggy Talents","doggytalents:dog_bed",2641,"true",8191,0,"Dog Bed","true",""
"Doggy Talents","doggytalents:dog_bed",2641,"true",8191,0,"Dog Bed","true",""
"Doggy Talents","doggytalents:dog_bed",2641,"true",8191,0,"Dog Bed","true",""
"Doggy Talents","doggytalents:dog_bed",2641,"true",8191,0,"Dog Bed","true",""
"Doggy Talents","doggytalents:dog_bed",2641,"true",8191,0,"Dog Bed","true",""
"Doggy Talents","doggytalents:dog_bed",2641,"true",8191,0,"Dog Bed","true",""
"Doggy Talents","doggytalents:dog_bed",2641,"true",8191,0,"Dog Bed","true",""
"Doggy Talents","doggytalents:dog_bed",2641,"true",8191,0,"Dog Bed","true",""
"Doggy Talents","doggytalents:dog_bed",2641,"true",8191,0,"Dog Bed","true",""
"Doggy Talents","doggytalents:dog_bed",2641,"true",8191,0,"Dog Bed","true",""
"Doggy Talents","doggytalents:dog_bed",2641,"true",8191,0,"Dog Bed","true",""
"Doggy Talents","doggytalents:dog_bed",2641,"true",8191,0,"Dog Bed","true",""
"Doggy Talents","doggytalents:dog_bed",2641,"true",8191,0,"Dog Bed","true",""
"Doggy Talents","doggytalents:dog_bed",2641,"true",8191,0,"Dog Bed","true",""
"Doggy Talents","doggytalents:dog_bed",2641,"true",8191,0,"Dog Bed","true",""
"Doggy Talents","doggytalents:dog_bed",2641,"true",8191,0,"Dog Bed","true",""
"Doggy Talents","doggytalents:dog_bed",2641,"true",8191,0,"Dog Bed","true",""
"Doggy Talents","doggytalents:dog_bed",2641,"true",8191,0,"Dog Bed","true",""
"Doggy Talents","doggytalents:dog_bed",2641,"true",8191,0,"Dog Bed","true",""
"Doggy Talents","doggytalents:dog_bed",2641,"true",8191,0,"Dog Bed","true",""
"Doggy Talents","doggytalents:dog_bed",2641,"true",8191,0,"Dog Bed","true",""
"Doggy Talents","doggytalents:dog_bed",2641,"true",8191,0,"Dog Bed","true",""
"Doggy Talents","doggytalents:dog_bed",2641,"true",8191,0,"Dog Bed","true",""
"Doggy Talents","doggytalents:dog_bed",2641,"true",8191,0,"Dog Bed","true",""
"Doggy Talents","doggytalents:dog_bed",2641,"true",8191,0,"Dog Bed","true",""
"Doggy Talents","doggytalents:dog_bed",2641,"true",8191,0,"Dog Bed","true",""
"Doggy Talents","doggytalents:dog_bed",2641,"true",8191,0,"Dog Bed","true",""
"Doggy Talents","doggytalents:dog_bed",2641,"true",8191,0,"Dog Bed","true",""
"Doggy Talents","doggytalents:dog_bed",2641,"true",8191,0,"Dog Bed","true",""
"Doggy Talents","doggytalents:dog_bed",2641,"true",8191,0,"Dog Bed","true",""
"Doggy Talents","doggytalents:dog_bed",2641,"true",8191,0,"Dog Bed","true",""
"Doggy Talents","doggytalents:dog_bed",2641,"true",8191,0,"Dog Bed","true",""
"Doggy Talents","doggytalents:dog_bed",2641,"true",8191,0,"Dog Bed","true",""
"Doggy Talents","doggytalents:dog_bed",2641,"true",8191,0,"Dog Bed","true",""
"Doggy Talents","doggytalents:dog_bed",2641,"true",8191,0,"Dog Bed","true",""
"Doggy Talents","doggytalents:dog_bed",2641,"true",8191,0,"Dog Bed","true",""
"Doggy Talents","doggytalents:dog_bed",2641,"true",8191,0,"Dog Bed","true",""
"Doggy Talents","doggytalents:dog_bed",2641,"true",8191,0,"Dog Bed","true",""
"Doggy Talents","doggytalents:dog_bed",2641,"true",8191,0,"Dog Bed","true",""
"Doggy Talents","doggytalents:dog_bed",2641,"true",8191,0,"Dog Bed","true",""
"Doggy Talents","doggytalents:dog_bed",2641,"true",8191,0,"Dog Bed","true",""
"Doggy Talents","doggytalents:dog_bed",2641,"true",8191,0,"Dog Bed","true",""
"Doggy Talents","doggytalents:dog_bed",2641,"true",8191,0,"Dog Bed","true",""
"Doggy Talents","doggytalents:dog_bed",2641,"true",8191,0,"Dog Bed","true",""
"Doggy Talents","doggytalents:dog_bed",2641,"true",8191,0,"Dog Bed","true",""
"Doggy Talents","doggytalents:dog_bed",2641,"true",8191,0,"Dog Bed","true",""
"Doggy Talents","doggytalents:dog_bed",2641,"true",8191,0,"Dog Bed","true",""
"Doggy Talents","doggytalents:dog_bed",2641,"true",8191,0,"Dog Bed","true",""
"Doggy Talents","doggytalents:dog_bed",2641,"true",8191,0,"Dog Bed","true",""
"Doggy Talents","doggytalents:dog_bed",2641,"true",8191,0,"Dog Bed","true",""
"Doggy Talents","doggytalents:dog_bed",2641,"true",8191,0,"Dog Bed","true",""
"Doggy Talents","doggytalents:dog_bed",2641,"true",8191,0,"Dog Bed","true",""
"Doggy Talents","doggytalents:dog_bed",2641,"true",8191,0,"Dog Bed","true",""
"Doggy Talents","doggytalents:dog_bed",2641,"true",8191,0,"Dog Bed","true",""
"Doggy Talents","doggytalents:dog_bed",2641,"true",8191,0,"Dog Bed","true",""
"Doggy Talents","doggytalents:dog_bed",2641,"true",8191,0,"Dog Bed","true",""
"Doggy Talents","doggytalents:dog_bed",2641,"true",8191,0,"Dog Bed","true",""
"Doggy Talents","doggytalents:dog_bed",2641,"true",8191,0,"Dog Bed","true",""
"Doggy Talents","doggytalents:dog_bed",2641,"true",8191,0,"Dog Bed","true",""
"Doggy Talents","doggytalents:dog_bed",2641,"true",8191,0,"Dog Bed","true",""
"Doggy Talents","doggytalents:dog_bed",2641,"true",8191,0,"Dog Bed","true",""
"Doggy Talents","doggytalents:dog_bed",2641,"true",8191,0,"Dog Bed","true",""
"Doggy Talents","doggytalents:dog_bed",2641,"true",8191,0,"Dog Bed","true",""
"Doggy Talents","doggytalents:dog_bed",2641,"true",8191,0,"Dog Bed","true",""
"Doggy Talents","doggytalents:dog_bed",2641,"true",8191,0,"Dog Bed","true",""
"Doggy Talents","doggytalents:dog_bed",2641,"true",8191,0,"Dog Bed","true",""
"Doggy Talents","doggytalents:dog_bed",2641,"true",8191,0,"Dog Bed","true",""
"Doggy Talents","doggytalents:dog_bed",2641,"true",8191,0,"Dog Bed","true",""
"Doggy Talents","doggytalents:dog_bed",2641,"true",8191,0,"Dog Bed","true",""
"Doggy Talents","doggytalents:dog_bed",2641,"true",8191,0,"Dog Bed","true",""
"Doggy Talents","doggytalents:dog_bed",2641,"true",8191,0,"Dog Bed","true",""
"Doggy Talents","doggytalents:dog_bed",2641,"true",8191,0,"Dog Bed","true",""
"Doggy Talents","doggytalents:dog_bed",2641,"true",8191,0,"Dog Bed","true",""
"Doggy Talents","doggytalents:dog_bed",2641,"true",8191,0,"Dog Bed","true",""
"Doggy Talents","doggytalents:dog_bed",2641,"true",8191,0,"Dog Bed","true",""
"Doggy Talents","doggytalents:dog_bed",2641,"true",8191,0,"Dog Bed","true",""
"Doggy Talents","doggytalents:dog_bed",2641,"true",8191,0,"Dog Bed","true",""
"Doggy Talents","doggytalents:dog_bed",2641,"true",8191,0,"Dog Bed","true",""
"Doggy Talents","doggytalents:dog_bed",2641,"true",8191,0,"Dog Bed","true",""
"Doggy Talents","doggytalents:dog_bed",2641,"true",8191,0,"Dog Bed","true",""
"Doggy Talents","doggytalents:dog_bed",2641,"true",8191,0,"Dog Bed","true",""
"Doggy Talents","doggytalents:dog_bed",2641,"true",8191,0,"Dog Bed","true",""
"Doggy Talents","doggytalents:dog_bed",2641,"true",8191,0,"Dog Bed","true",""
"Doggy Talents","doggytalents:dog_bed",2641,"true",8191,0,"Dog Bed","true",""
"Doggy Talents","doggytalents:dog_bed",2641,"true",8191,0,"Dog Bed","true",""
"Doggy Talents","doggytalents:dog_bed",2641,"true",8191,0,"Dog Bed","true",""
"Doggy Talents","doggytalents:dog_bed",2641,"true",8191,0,"Dog Bed","true",""
"Doggy Talents","doggytalents:dog_bed",2641,"true",8191,0,"Dog Bed","true",""
"Doggy Talents","doggytalents:dog_bed",2641,"true",8191,0,"Dog Bed","true",""
"Doggy Talents","doggytalents:dog_bed",2641,"true",8191,0,"Dog Bed","true",""
"Doggy Talents","doggytalents:dog_bed",2641,"true",8191,0,"Dog Bed","true",""
"Doggy Talents","doggytalents:dog_bed",2641,"true",8191,0,"Dog Bed","true",""
"Doggy Talents","doggytalents:dog_bed",2641,"true",8191,0,"Dog Bed","true",""
"Doggy Talents","doggytalents:dog_bed",2641,"true",8191,0,"Dog Bed","true",""
"Doggy Talents","doggytalents:dog_bed",2641,"true",8191,0,"Dog Bed","true",""
"Doggy Talents","doggytalents:dog_bed",2641,"true",8191,0,"Dog Bed","true",""
"Doggy Talents","doggytalents:dog_bed",2641,"true",8191,0,"Dog Bed","true",""
"Doggy Talents","doggytalents:dog_bed",2641,"true",8191,0,"Dog Bed","true",""
"Doggy Talents","doggytalents:dog_bed",2641,"true",8191,0,"Dog Bed","true",""
"Doggy Talents","doggytalents:dog_bed",2641,"true",8191,0,"Dog Bed","true",""
"Doggy Talents","doggytalents:dog_bed",2641,"true",8191,0,"Dog Bed","true",""
"Doggy Talents","doggytalents:dog_bed",2641,"true",8191,0,"Dog Bed","true",""
"Doggy Talents","doggytalents:dog_bed",2641,"true",8191,0,"Dog Bed","true",""
"Doggy Talents","doggytalents:dog_bed",2641,"true",8191,0,"Dog Bed","true",""
"Doggy Talents","doggytalents:dog_bed",2641,"true",8191,0,"Dog Bed","true",""
"Doggy Talents","doggytalents:dog_bed",2641,"true",8191,0,"Dog Bed","true",""
"Doggy Talents","doggytalents:dog_bed",2641,"true",8191,0,"Dog Bed","true",""
"Doggy Talents","doggytalents:dog_bed",2641,"true",8191,0,"Dog Bed","true",""
"Doggy Talents","doggytalents:dog_bed",2641,"true",8191,0,"Dog Bed","true",""
"Doggy Talents","doggytalents:dog_bed",2641,"true",8191,0,"Dog Bed","true",""
"Doggy Talents","doggytalents:dog_bed",2641,"true",8191,0,"Dog Bed","true",""
"Doggy Talents","doggytalents:dog_bed",2641,"true",8191,0,"Dog Bed","true",""
"Doggy Talents","doggytalents:dog_bed",2641,"true",8191,0,"Dog Bed","true",""
"Doggy Talents","doggytalents:dog_bed",2641,"true",8191,0,"Dog Bed","true",""
"Doggy Talents","doggytalents:dog_bed",2641,"true",8191,0,"Dog Bed","true",""
"Doggy Talents","doggytalents:dog_bed",2641,"true",8191,0,"Dog Bed","true",""
"Doggy Talents","doggytalents:dog_bed",2641,"true",8191,0,"Dog Bed","true",""
"Doggy Talents","doggytalents:dog_bed",2641,"true",8191,0,"Dog Bed","true",""
"Doggy Talents","doggytalents:dog_bed",2641,"true",8191,0,"Dog Bed","true",""
"Doggy Talents","doggytalents:dog_bed",2641,"true",8191,0,"Dog Bed","true",""
"Doggy Talents","doggytalents:dog_bed",2641,"true",8191,0,"Dog Bed","true",""
"Doggy Talents","doggytalents:dog_bed",2641,"true",8191,0,"Dog Bed","true",""
"Doggy Talents","doggytalents:dog_bed",2641,"true",8191,0,"Dog Bed","true",""
"Doggy Talents","doggytalents:dog_bed",2641,"true",8191,0,"Dog Bed","true",""
"Doggy Talents","doggytalents:dog_bed",2641,"true",8191,0,"Dog Bed","true",""
"Doggy Talents","doggytalents:dog_bed",2641,"true",8191,0,"Dog Bed","true",""
"Doggy Talents","doggytalents:dog_bed",2641,"true",8191,0,"Dog Bed","true",""
"Doggy Talents","doggytalents:dog_bed",2641,"true",8191,0,"Dog Bed","true",""
"Doggy Talents","doggytalents:dog_bed",2641,"true",8191,0,"Dog Bed","true",""
"Doggy Talents","doggytalents:dog_bed",2641,"true",8191,0,"Dog Bed","true",""
"Doggy Talents","doggytalents:dog_bed",2641,"true",8191,0,"Dog Bed","true",""
"Doggy Talents","doggytalents:dog_bed",2641,"true",8191,0,"Dog Bed","true",""
"Doggy Talents","doggytalents:dog_bed",2641,"true",8191,0,"Dog Bed","true",""
"Doggy Talents","doggytalents:dog_bed",2641,"true",8191,0,"Dog Bed","true",""
"Doggy Talents","doggytalents:dog_bed",2641,"true",8191,0,"Dog Bed","true",""
"Doggy Talents","doggytalents:dog_bed",2641,"true",8191,0,"Dog Bed","true",""
"Doggy Talents","doggytalents:dog_bed",2641,"true",8191,0,"Dog Bed","true",""
"Doggy Talents","doggytalents:dog_bed",2641,"true",8191,0,"Dog Bed","true",""
"Doggy Talents","doggytalents:dog_bed",2641,"true",8191,0,"Dog Bed","true",""
"Doggy Talents","doggytalents:dog_bed",2641,"true",8191,0,"Dog Bed","true",""
"Doggy Talents","doggytalents:dog_bed",2641,"true",8191,0,"Dog Bed","true",""
"Doggy Talents","doggytalents:dog_bed",2641,"true",8191,0,"Dog Bed","true",""
"Doggy Talents","doggytalents:dog_bed",2641,"true",8191,0,"Dog Bed","true",""
"Doggy Talents","doggytalents:dog_bed",2641,"true",8191,0,"Dog Bed","true",""
"Doggy Talents","doggytalents:dog_bed",2641,"true",8191,0,"Dog Bed","true",""
"Doggy Talents","doggytalents:dog_bed",2641,"true",8191,0,"Dog Bed","true",""
"Doggy Talents","doggytalents:dog_bed",2641,"true",8191,0,"Dog Bed","true",""
"Doggy Talents","doggytalents:dog_bed",2641,"true",8191,0,"Dog Bed","true",""
"Doggy Talents","doggytalents:dog_bed",2641,"true",8191,0,"Dog Bed","true",""
"Doggy Talents","doggytalents:dog_bed",2641,"true",8191,0,"Dog Bed","true",""
"Doggy Talents","doggytalents:dog_bed",2641,"true",8191,0,"Dog Bed","true",""
"Doggy Talents","doggytalents:dog_bed",2641,"true",8191,0,"Dog Bed","true",""
"Doggy Talents","doggytalents:dog_bed",2641,"true",8191,0,"Dog Bed","true",""
"Doggy Talents","doggytalents:dog_bed",2641,"true",8191,0,"Dog Bed","true",""
"Doggy Talents","doggytalents:dog_bed",2641,"true",8191,0,"Dog Bed","true",""
"Doggy Talents","doggytalents:dog_bed",2641,"true",8191,0,"Dog Bed","true",""
"Doggy Talents","doggytalents:dog_bed",2641,"true",8191,0,"Dog Bed","true",""
"Doggy Talents","doggytalents:dog_bed",2641,"true",8191,0,"Dog Bed","true",""
"Doggy Talents","doggytalents:dog_bed",2641,"true",8191,0,"Dog Bed","true",""
"Doggy Talents","doggytalents:dog_bed",2641,"true",8191,0,"Dog Bed","true",""
"Doggy Talents","doggytalents:dog_bed",2641,"true",8191,0,"Dog Bed","true",""
"Doggy Talents","doggytalents:dog_bed",2641,"true",8191,0,"Dog Bed","true",""
"Doggy Talents","doggytalents:dog_bed",2641,"true",8191,0,"Dog Bed","true",""
"Doggy Talents","doggytalents:dog_bed",2641,"true",8191,0,"Dog Bed","true",""
"Doggy Talents","doggytalents:dog_bed",2641,"true",8191,0,"Dog Bed","true",""
"Doggy Talents","doggytalents:dog_bed",2641,"true",8191,0,"Dog Bed","true",""
"Doggy Talents","doggytalents:dog_bed",2641,"true",8191,0,"Dog Bed","true",""
"Doggy Talents","doggytalents:dog_bed",2641,"true",8191,0,"Dog Bed","true",""
"Doggy Talents","doggytalents:dog_bed",2641,"true",8191,0,"Dog Bed","true",""
"Doggy Talents","doggytalents:dog_bed",2641,"true",8191,0,"Dog Bed","true",""
"Doggy Talents","doggytalents:dog_bed",2641,"true",8191,0,"Dog Bed","true",""
"Doggy Talents","doggytalents:dog_bed",2641,"true",8191,0,"Dog Bed","true",""
"Doggy Talents","doggytalents:dog_bed",2641,"true",8191,0,"Dog Bed","true",""
"Doggy Talents","doggytalents:dog_bed",2641,"true",8191,0,"Dog Bed","true",""
"Doggy Talents","doggytalents:dog_bed",2641,"true",8191,0,"Dog Bed","true",""
"Doggy Talents","doggytalents:dog_bed",2641,"true",8191,0,"Dog Bed","true",""
"Doggy Talents","doggytalents:dog_bed",2641,"true",8191,0,"Dog Bed","true",""
"Doggy Talents","doggytalents:dog_bed",2641,"true",8191,0,"Dog Bed","true",""
"Doggy Talents","doggytalents:dog_bed",2641,"true",8191,0,"Dog Bed","true",""
"Doggy Talents","doggytalents:dog_bed",2641,"true",8191,0,"Dog Bed","true",""
"Doggy Talents","doggytalents:dog_bed",2641,"true",8191,0,"Dog Bed","true",""
"Doggy Talents","doggytalents:dog_bed",2641,"true",8191,0,"Dog Bed","true",""
"Doggy Talents","doggytalents:dog_bed",2641,"true",8191,0,"Dog Bed","true",""
"Doggy Talents","doggytalents:dog_bed",2641,"true",8191,0,"Dog Bed","true",""
"Doggy Talents","doggytalents:dog_bed",2641,"true",8191,0,"Dog Bed","true",""
"Doggy Talents","doggytalents:dog_bed",2641,"true",8191,0,"Dog Bed","true",""
"Doggy Talents","doggytalents:dog_bed",2641,"true",8191,0,"Dog Bed","true",""
"Doggy Talents","doggytalents:dog_bed",2641,"true",8191,0,"Dog Bed","true",""
"Doggy Talents","doggytalents:dog_bed",2641,"true",8191,0,"Dog Bed","true",""
"Doggy Talents","doggytalents:dog_bed",2641,"true",8191,0,"Dog Bed","true",""
"Doggy Talents","doggytalents:dog_bed",2641,"true",8191,0,"Dog Bed","true",""
"Doggy Talents","doggytalents:dog_bed",2641,"true",8191,0,"Dog Bed","true",""
"Doggy Talents","doggytalents:dog_bed",2641,"true",8191,0,"Dog Bed","true",""
"Doggy Talents","doggytalents:dog_bed",2641,"true",8191,0,"Dog Bed","true",""
"Doggy Talents","doggytalents:dog_bed",2641,"true",8191,0,"Dog Bed","true",""
"Doggy Talents","doggytalents:dog_bed",2641,"true",8191,0,"Dog Bed","true",""
"Doggy Talents","doggytalents:dog_bed",2641,"true",8191,0,"Dog Bed","true",""
"Doggy Talents","doggytalents:food_bowl",2643,"false",8193,0,"Food Bowl","true",""
"Dungeon Mobs","dungeonmobs:bladetrap",2645,"false",8223,0,"Blade Trap","true",""
"Dungeon Mobs","dungeonmobs:lavarock",2644,"false",8222,0,"tile.dungeonmobs.lavarock.name","true",""
"Dungeons2!","dungeons2:basic_facade_cobblestone",2647,"false",8226,0,"Basic Cobblestone Facade","true",""
"Dungeons2!","dungeons2:basic_facade_cobblestone_mossy",2648,"false",8227,0,"Basic Mossy Cobblestone Facade","true",""
"Dungeons2!","dungeons2:basic_facade_obsidianbrick",2653,"false",8232,0,"Basic Obsidanbrick Facade","true",""
"Dungeons2!","dungeons2:basic_facade_sandstone",2655,"false",8234,0,"Basic Sandstone Facade","true",""
"Dungeons2!","dungeons2:basic_facade_smooth_sandstone",2654,"false",8233,0,"Basic Smooth Sandstone Facade","true",""
"Dungeons2!","dungeons2:basic_facade_stone",2646,"false",8225,0,"Basic Stone Facade","true",""
"Dungeons2!","dungeons2:basic_facade_stonebrick",2649,"false",8228,0,"Basic Stonebrick Facade","true",""
"Dungeons2!","dungeons2:basic_facade_stonebrick_chiseled",2652,"false",8231,0,"Basic Chiseled Stonebrick Facade","true",""
"Dungeons2!","dungeons2:basic_facade_stonebrick_cracked",2651,"false",8230,0,"Basic Cracked Stonebrick Facade","true",""
"Dungeons2!","dungeons2:basic_facade_stonebrick_mossy",2650,"false",8229,0,"Basic Mossy Stonebrick Facade","true",""
"Dungeons2!","dungeons2:coffer_cobblestone",2775,"false",8354,0,"Cobblestone Coffer","true",""
"Dungeons2!","dungeons2:coffer_cobblestone_mossy",2776,"false",8355,0,"Mossy Cobblestone Coffer","true",""
"Dungeons2!","dungeons2:coffer_middle_cobblestone",2766,"false",8345,0,"Cobblestone Middle Coffer","true",""
"Dungeons2!","dungeons2:coffer_middle_cobblestone_mossy",2767,"false",8346,0,"Mossy Cobblestone Middle Coffer","true",""
"Dungeons2!","dungeons2:coffer_middle_obsidianbrick",2771,"false",8350,0,"Obsidanbrick Middle Coffer","true",""
"Dungeons2!","dungeons2:coffer_middle_sandstone",2772,"false",8351,0,"Sandstone Middle Coffer","true",""
"Dungeons2!","dungeons2:coffer_middle_smooth_sandstone",2773,"false",8352,0,"Smooth Sandstone Middle Coffer","true",""
"Dungeons2!","dungeons2:coffer_middle_stone",2765,"false",8344,0,"Stone Middle Coffer","true",""
"Dungeons2!","dungeons2:coffer_middle_stonebrick",2768,"false",8347,0,"Stonebrick Middle Coffer","true",""
"Dungeons2!","dungeons2:coffer_middle_stonebrick_cracked",2770,"false",8349,0,"Cracked Stonebrick Middle Coffer","true",""
"Dungeons2!","dungeons2:coffer_middle_stonebrick_mossy",2769,"false",8348,0,"Mossy Stonebrick Middle Coffer","true",""
"Dungeons2!","dungeons2:coffer_obsidianbrick",2780,"false",8359,0,"Obsidanbrick Coffer","true",""
"Dungeons2!","dungeons2:coffer_sandstone",2781,"false",8360,0,"Sandstone Coffer","true",""
"Dungeons2!","dungeons2:coffer_smooth_sandstone",2782,"false",8361,0,"Smooth Sandstone Coffer","true",""
"Dungeons2!","dungeons2:coffer_stone",2774,"false",8353,0,"Stone Coffer","true",""
"Dungeons2!","dungeons2:coffer_stonebrick",2777,"false",8356,0,"Stonebrick Coffer","true",""
"Dungeons2!","dungeons2:coffer_stonebrick_cracked",2779,"false",8358,0,"Cracked Stonebrick Coffer","true",""
"Dungeons2!","dungeons2:coffer_stonebrick_mossy",2778,"false",8357,0,"Mossy Stonebrick Coffer","true",""
"Dungeons2!","dungeons2:cornice_cobblestone",2703,"false",8282,0,"Cobblestone Cornice","true",""
"Dungeons2!","dungeons2:cornice_cobblestone_mossy",2704,"false",8283,0,"Mossy Cobblestone Cornice","true",""
"Dungeons2!","dungeons2:cornice_obsidianbrick",2708,"false",8287,0,"Obsidanbrick Cornice","true",""
"Dungeons2!","dungeons2:cornice_sandstone",2709,"false",8288,0,"Sandstone Cornice","true",""
"Dungeons2!","dungeons2:cornice_smooth_sandstone",2710,"false",8289,0,"Smooth Sandstone Cornice","true",""
"Dungeons2!","dungeons2:cornice_stone",2702,"false",8281,0,"Stone Cornice","true",""
"Dungeons2!","dungeons2:cornice_stonebrick",2705,"false",8284,0,"Stonebrick Cornice","true",""
"Dungeons2!","dungeons2:cornice_stonebrick_cracked",2707,"false",8286,0,"Cracked Stonebrick Cornice","true",""
"Dungeons2!","dungeons2:cornice_stonebrick_mossy",2706,"false",8285,0,"Mossy Stonebrick Cornice","true",""
"Dungeons2!","dungeons2:crown_molding_cobblestone",2712,"false",8291,0,"Cobblestone Crown Molding","true",""
"Dungeons2!","dungeons2:crown_molding_cobblestone_mossy",2713,"false",8292,0,"Mossy Cobblestone Crown Molding","true",""
"Dungeons2!","dungeons2:crown_molding_obsidianbrick",2717,"false",8296,0,"Obsidanbrick Crown Molding","true",""
"Dungeons2!","dungeons2:crown_molding_sandstone",2718,"false",8297,0,"Sandstone Crown Molding","true",""
"Dungeons2!","dungeons2:crown_molding_smooth_sandstone",2719,"false",8298,0,"Smooth Sandstone Crown Molding","true",""
"Dungeons2!","dungeons2:crown_molding_stone",2711,"false",8290,0,"Stone Crown Molding","true",""
"Dungeons2!","dungeons2:crown_molding_stonebrick",2714,"false",8293,0,"Stonebrick Crown Molding","true",""
"Dungeons2!","dungeons2:crown_molding_stonebrick_cracked",2716,"false",8295,0,"Cracked Stonebrick Crown Molding","true",""
"Dungeons2!","dungeons2:crown_molding_stonebrick_mossy",2715,"false",8294,0,"Mossy Stonebrick Crown Molding","true",""
"Dungeons2!","dungeons2:deferred_dungeon_generator",2794,"false",,,"tile.dungeons2:deferred_dungeon_generator.name","true",""
"Dungeons2!","dungeons2:double_sill_cobblestone",2739,"false",8318,0,"Cobblestone Double Sill","true",""
"Dungeons2!","dungeons2:double_sill_cobblestone_mossy",2740,"false",8319,0,"Mossy Cobblestone Double Sill","true",""
"Dungeons2!","dungeons2:double_sill_obsidianbrick",2744,"false",8323,0,"Obsidanbrick Double Sill","true",""
"Dungeons2!","dungeons2:double_sill_sandstone",2745,"false",8324,0,"Sandstone Double Sill","true",""
"Dungeons2!","dungeons2:double_sill_smooth_sandstone",2746,"false",8325,0,"Smooth Sandstone Double Sill","true",""
"Dungeons2!","dungeons2:double_sill_stone",2738,"false",8317,0,"Stone Double Sill","true",""
"Dungeons2!","dungeons2:double_sill_stonebrick",2741,"false",8320,0,"Stonebrick Double Sill","true",""
"Dungeons2!","dungeons2:double_sill_stonebrick_cracked",2743,"false",8322,0,"Cracked Stonebrick Double Sill","true",""
"Dungeons2!","dungeons2:double_sill_stonebrick_mossy",2742,"false",8321,0,"Mossy Stonebrick Double Sill","true",""
"Dungeons2!","dungeons2:flute_pillar_cobblestone",2685,"false",8264,0,"Cobblestone Fluted Pillar","true",""
"Dungeons2!","dungeons2:flute_pillar_cobblestone_mossy",2686,"false",8265,0,"Mossy Cobblestone Fluted Pillar","true",""
"Dungeons2!","dungeons2:flute_pillar_obsidianbrick",2690,"false",8269,0,"Obsidanbrick Fluted Pillar","true",""
"Dungeons2!","dungeons2:flute_pillar_sandstone",2691,"false",8270,0,"Sandstone Fluted Pillar","true",""
"Dungeons2!","dungeons2:flute_pillar_smooth_sandstone",2692,"false",8271,0,"Smooth Sandstone Fluted Pillar","true",""
"Dungeons2!","dungeons2:flute_pillar_stone",2684,"false",8263,0,"Stone Fluted Pillar","true",""
"Dungeons2!","dungeons2:flute_pillar_stonebrick",2687,"false",8266,0,"Stonebrick Fluted Pillar","true",""
"Dungeons2!","dungeons2:flute_pillar_stonebrick_cracked",2689,"false",8268,0,"Cracked Stonebrick Fluted Pillar","true",""
"Dungeons2!","dungeons2:flute_pillar_stonebrick_mossy",2688,"false",8267,0,"Mossy Stonebrick Fluted Pillar","true",""
"Dungeons2!","dungeons2:flute_thin_pillar_cobblestone",2694,"false",8273,0,"Cobblestone Fluted Facade","true",""
"Dungeons2!","dungeons2:flute_thin_pillar_cobblestone_mossy",2695,"false",8274,0,"Mossy Cobblestone Fluted Facade","true",""
"Dungeons2!","dungeons2:flute_thin_pillar_obsidianbrick",2699,"false",8278,0,"Obsidanbrick Fluted Facade","true",""
"Dungeons2!","dungeons2:flute_thin_pillar_sandstone",2700,"false",8279,0,"Sandstone Fluted Facade","true",""
"Dungeons2!","dungeons2:flute_thin_pillar_smooth_sandstone",2701,"false",8280,0,"Smooth Sandstone Fluted Facade","true",""
"Dungeons2!","dungeons2:flute_thin_pillar_stone",2693,"false",8272,0,"Stone Fluted Facade","true",""
"Dungeons2!","dungeons2:flute_thin_pillar_stonebrick",2696,"false",8275,0,"Stonebrick Fluted Facade","true",""
"Dungeons2!","dungeons2:flute_thin_pillar_stonebrick_cracked",2698,"false",8277,0,"Cracked Stonebrick Fluted Facade","true",""
"Dungeons2!","dungeons2:flute_thin_pillar_stonebrick_mossy",2697,"false",8276,0,"Mossy Stonebrick Fluted Facade","true",""
"Dungeons2!","dungeons2:grate",2792,"false",8371,0,"Grate","true",""
"Dungeons2!","dungeons2:half_pillar_base_cobblestone",2748,"false",8327,0,"Cobblestone Middle Pillar Base","true",""
"Dungeons2!","dungeons2:half_pillar_base_cobblestone_mossy",2749,"false",8328,0,"Mossy Cobblestone Middle Pillar Base","true",""
"Dungeons2!","dungeons2:half_pillar_base_obsidianbrick",2753,"false",8332,0,"Obsidanbrick Middle Pillar Base","true",""
"Dungeons2!","dungeons2:half_pillar_base_sandstone",2754,"false",8333,0,"Sandstone Middle Pillar Base","true",""
"Dungeons2!","dungeons2:half_pillar_base_smooth_sandstone",2755,"false",8334,0,"Smooth Sandstone Middle Pillar Base","true",""
"Dungeons2!","dungeons2:half_pillar_base_stone",2747,"false",8326,0,"Stone Middle Pillar Base","true",""
"Dungeons2!","dungeons2:half_pillar_base_stonebrick",2750,"false",8329,0,"Stonebrick Middle Pillar Base","true",""
"Dungeons2!","dungeons2:half_pillar_base_stonebrick_cracked",2752,"false",8331,0,"Cracked Stonebrick Middle Pillar Base","true",""
"Dungeons2!","dungeons2:half_pillar_base_stonebrick_mossy",2751,"false",8330,0,"Mossy Stonebrick Middle Pillar Base","true",""
"Dungeons2!","dungeons2:half_pillar_cobblestone",2757,"false",8336,0,"Cobblestone Middle Pillar","true",""
"Dungeons2!","dungeons2:half_pillar_cobblestone_mossy",2758,"false",8337,0,"Mossy Cobblestone Middle Pillar","true",""
"Dungeons2!","dungeons2:half_pillar_obsidianbrick",2762,"false",8341,0,"Obsidanbrick Middle Pillar","true",""
"Dungeons2!","dungeons2:half_pillar_sandstone",2763,"false",8342,0,"Sandstone Middle Pillar","true",""
"Dungeons2!","dungeons2:half_pillar_smooth_sandstone",2764,"false",8343,0,"Smooth Sandstone Middle Pillar","true",""
"Dungeons2!","dungeons2:half_pillar_stone",2756,"false",8335,0,"Stone Middle Pillar","true",""
"Dungeons2!","dungeons2:half_pillar_stonebrick",2759,"false",8338,0,"Stonebrick Middle Pillar","true",""
"Dungeons2!","dungeons2:half_pillar_stonebrick_cracked",2761,"false",8340,0,"Cracked Stonebrick Middle Pillar","true",""
"Dungeons2!","dungeons2:half_pillar_stonebrick_mossy",2760,"false",8339,0,"Mossy Stonebrick Middle Pillar","true",""
"Dungeons2!","dungeons2:quarter_facade_cobblestone",2657,"false",8236,0,"Quarter Cobblestone Facade","true",""
"Dungeons2!","dungeons2:quarter_facade_cobblestone_mossy",2658,"false",8237,0,"Quarter Mossy Cobblestone Facade","true",""
"Dungeons2!","dungeons2:quarter_facade_obsidianbrick",2663,"false",8242,0,"Quarter Obsidanbrick Facade","true",""
"Dungeons2!","dungeons2:quarter_facade_sandstone",2664,"false",8243,0,"Quarter Sandstone Facade","true",""
"Dungeons2!","dungeons2:quarter_facade_smooth_sandstone",2665,"false",8244,0,"Quarter Smooth Sandstone Facade","true",""
"Dungeons2!","dungeons2:quarter_facade_stone",2656,"false",8235,0,"Quarter Stone Facade","true",""
"Dungeons2!","dungeons2:quarter_facade_stonebrick",2659,"false",8238,0,"Quarter Stonebrick Facade","true",""
"Dungeons2!","dungeons2:quarter_facade_stonebrick_chiseled",2662,"false",8241,0,"Quarter Chiseled Stonebrick Facade","true",""
"Dungeons2!","dungeons2:quarter_facade_stonebrick_cracked",2661,"false",8240,0,"Quarter Cracked Stonebrick Facade","true",""
"Dungeons2!","dungeons2:quarter_facade_stonebrick_mossy",2660,"false",8239,0,"Quarter Mossy Stonebrick Facade","true",""
"Dungeons2!","dungeons2:sandstone_gravel",2793,"false",8372,0,"Sandstone Gravel","true","gravel"
"Dungeons2!","dungeons2:seven_eights_pillar_cobblestone",2721,"false",8300,0,"Cobblestone Seven-Eights Pillar","true",""
"Dungeons2!","dungeons2:seven_eights_pillar_cobblestone_mossy",2722,"false",8301,0,"Mossy Cobblestone Seven-Eights Pillar","true",""
"Dungeons2!","dungeons2:seven_eights_pillar_obsidianbrick",2726,"false",8305,0,"Obsidanbrick Seven-Eights Pillar","true",""
"Dungeons2!","dungeons2:seven_eights_pillar_sandstone",2727,"false",8306,0,"Sandstone Seven-Eights Pillar","true",""
"Dungeons2!","dungeons2:seven_eights_pillar_smooth_sandstone",2728,"false",8307,0,"Smooth Sandstone Seven-Eights Pillar","true",""
"Dungeons2!","dungeons2:seven_eights_pillar_stone",2720,"false",8299,0,"Stone Seven-Eights Pillar","true",""
"Dungeons2!","dungeons2:seven_eights_pillar_stonebrick",2723,"false",8302,0,"Stonebrick Seven-Eights Pillar","true",""
"Dungeons2!","dungeons2:seven_eights_pillar_stonebrick_cracked",2725,"false",8304,0,"Cracked Stonebrick Seven-Eights Pillar","true",""
"Dungeons2!","dungeons2:seven_eights_pillar_stonebrick_mossy",2724,"false",8303,0,"Mossy Stonebrick Seven-Eights Pillar","true",""
"Dungeons2!","dungeons2:sill_cobblestone",2730,"false",8309,0,"Cobblestone Sill","true",""
"Dungeons2!","dungeons2:sill_cobblestone_mossy",2731,"false",8310,0,"Mossy Cobblestone Sill","true",""
"Dungeons2!","dungeons2:sill_obsidianbrick",2735,"false",8314,0,"Obsidanbrick Sill","true",""
"Dungeons2!","dungeons2:sill_sandstone",2736,"false",8315,0,"Sandstone Sill","true",""
"Dungeons2!","dungeons2:sill_smooth_sandstone",2737,"false",8316,0,"Smooth Sandstone Sill","true",""
"Dungeons2!","dungeons2:sill_stone",2729,"false",8308,0,"Stone Sill","true",""
"Dungeons2!","dungeons2:sill_stonebrick",2732,"false",8311,0,"Stonebrick Sill","true",""
"Dungeons2!","dungeons2:sill_stonebrick_cracked",2734,"false",8313,0,"Cracked Stonebrick Sill","true",""
"Dungeons2!","dungeons2:sill_stonebrick_mossy",2733,"false",8312,0,"Mossy Stonebrick Sill","true",""
"Dungeons2!","dungeons2:tee_pillar_cobblestone",2667,"false",8246,0,"Cobblestone ""T"" Pillar","true",""
"Dungeons2!","dungeons2:tee_pillar_cobblestone_mossy",2668,"false",8247,0,"Mossy Cobblestone ""T"" Pillar","true",""
"Dungeons2!","dungeons2:tee_pillar_obsidianbrick",2672,"false",8251,0,"Obsidanbrick ""T"" Pillar","true",""
"Dungeons2!","dungeons2:tee_pillar_sandstone",2674,"false",8253,0,"Sandstone ""T"" Pillar","true",""
"Dungeons2!","dungeons2:tee_pillar_smooth_sandstone",2673,"false",8252,0,"Smooth Sandstone ""T"" Pillar","true",""
"Dungeons2!","dungeons2:tee_pillar_stone",2666,"false",8245,0,"Stone ""T"" Pillar","true",""
"Dungeons2!","dungeons2:tee_pillar_stonebrick",2669,"false",8248,0,"Stonebrick ""T"" Pillar","true",""
"Dungeons2!","dungeons2:tee_pillar_stonebrick_cracked",2671,"false",8250,0,"Cracked Stonebrick ""T"" Pillar","true",""
"Dungeons2!","dungeons2:tee_pillar_stonebrick_mossy",2670,"false",8249,0,"Mossy Stonebrick ""T"" Pillar","true",""
"Dungeons2!","dungeons2:tee_thin_pillar_cobblestone",2676,"false",8255,0,"Cobblestone Thin ""T"" Pillar","true",""
"Dungeons2!","dungeons2:tee_thin_pillar_cobblestone_mossy",2677,"false",8256,0,"Mossy Cobblestone Thin ""T"" Pillar","true",""
"Dungeons2!","dungeons2:tee_thin_pillar_obsidianbrick",2681,"false",8260,0,"Obsidanbrick Thin ""T"" Pillar","true",""
"Dungeons2!","dungeons2:tee_thin_pillar_sandstone",2683,"false",8262,0,"Sandstone Thin ""T"" Pillar","true",""
"Dungeons2!","dungeons2:tee_thin_pillar_smooth_sandstone",2682,"false",8261,0,"Smooth Sandstone Thin ""T"" Pillar","true",""
"Dungeons2!","dungeons2:tee_thin_pillar_stone",2675,"false",8254,0,"Stone Thin ""T"" Pillar","true",""
"Dungeons2!","dungeons2:tee_thin_pillar_stonebrick",2678,"false",8257,0,"Stonebrick Thin ""T"" Pillar","true",""
"Dungeons2!","dungeons2:tee_thin_pillar_stonebrick_cracked",2680,"false",8259,0,"Cracked Stonebrick Thin ""T"" Pillar","true",""
"Dungeons2!","dungeons2:tee_thin_pillar_stonebrick_mossy",2679,"false",8258,0,"Mossy Stonebrick Thin ""T"" Pillar","true",""
"Dungeons2!","dungeons2:wall_sconce_cobblestone",2784,"false",8363,0,"Cobblestone Wall Sconce","true",""
"Dungeons2!","dungeons2:wall_sconce_cobblestone_mossy",2785,"false",8364,0,"Mossy Cobblestone Wall Sconce","true",""
"Dungeons2!","dungeons2:wall_sconce_obsidianbrick",2789,"false",8368,0,"Obsidianbrick Wall Sconce","true",""
"Dungeons2!","dungeons2:wall_sconce_sandstone",2790,"false",8369,0,"Sandstone Wall Sconce","true",""
"Dungeons2!","dungeons2:wall_sconce_smooth_sandstone",2791,"false",8370,0,"Smooth Sandstone Wall Sconce","true",""
"Dungeons2!","dungeons2:wall_sconce_stone",2783,"false",8362,0,"Stone Wall Sconce","true",""
"Dungeons2!","dungeons2:wall_sconce_stonebrick",2786,"false",8365,0,"Stonebrick Wall Sconce","true",""
"Dungeons2!","dungeons2:wall_sconce_stonebrick_cracked",2788,"false",8367,0,"Cracked Stonebrick Wall Sconce","true",""
"Dungeons2!","dungeons2:wall_sconce_stonebrick_mossy",2787,"false",8366,0,"Mossy Stonebrick Wall Sconce","true",""
"Eerie Entities","eerieentities:pumpkin_creeper",2795,"false",8374,0,"Pumpkin","true",""
"Eerie Entities","eerieentities:pumpkin_cyclops",2801,"false",8380,0,"Pumpkin","true",""
"Eerie Entities","eerieentities:pumpkin_lit_creeper",2796,"false",8375,0,"Jack o'Lantern","true",""
"Eerie Entities","eerieentities:pumpkin_lit_cyclops",2802,"false",8381,0,"Jack o'Lantern","true",""
"Eerie Entities","eerieentities:pumpkin_lit_owo",2798,"false",8377,0,"Jack o'Lantern","true",""
"Eerie Entities","eerieentities:pumpkin_lit_rawr",2800,"false",8379,0,"Jack o'Lantern","true",""
"Eerie Entities","eerieentities:pumpkin_lit_surprised",2804,"false",8383,0,"Jack o'Lantern","true",""
"Eerie Entities","eerieentities:pumpkin_owo",2797,"false",8376,0,"Pumpkin","true",""
"Eerie Entities","eerieentities:pumpkin_rawr",2799,"false",8378,0,"Pumpkin","true",""
"Eerie Entities","eerieentities:pumpkin_surprised",2803,"false",8382,0,"Pumpkin","true",""
"Electroblob's Wizardry","ebwizardry:acacia_bookshelf",853,"false",5000,0,"Acacia Bookshelf","true",""
"Electroblob's Wizardry","ebwizardry:acacia_lectern",859,"false",5006,0,"Acacia Lectern","true",""
"Electroblob's Wizardry","ebwizardry:arcane_workbench",829,"false",4988,0,"Arcane Workbench","true",""
"Electroblob's Wizardry","ebwizardry:birch_bookshelf",851,"false",4998,0,"Birch Bookshelf","true",""
"Electroblob's Wizardry","ebwizardry:birch_lectern",856,"false",5004,0,"Birch Lectern","true",""
"Electroblob's Wizardry","ebwizardry:crystal_block",833,"true",4992,0,"Block of Crystal","true",""
"Electroblob's Wizardry","ebwizardry:crystal_block",833,"true",4992,1,"Block of Fiery Crystal","true",""
"Electroblob's Wizardry","ebwizardry:crystal_block",833,"true",4992,2,"Block of Icy Crystal","true",""
"Electroblob's Wizardry","ebwizardry:crystal_block",833,"true",4992,3,"Block of Stormy Crystal","true",""
"Electroblob's Wizardry","ebwizardry:crystal_block",833,"true",4992,4,"Block of Dark Crystal","true",""
"Electroblob's Wizardry","ebwizardry:crystal_block",833,"true",4992,5,"Block of Verdant Crystal","true",""
"Electroblob's Wizardry","ebwizardry:crystal_block",833,"true",4992,6,"Block of Mystical Crystal","true",""
"Electroblob's Wizardry","ebwizardry:crystal_block",833,"true",4992,7,"Block of Radiant Crystal","true",""
"Electroblob's Wizardry","ebwizardry:crystal_flower",831,"false",4990,0,"Crystal Flower","true",""
"Electroblob's Wizardry","ebwizardry:crystal_flower_pot",844,"false",,,"Flower Pot","true",""
"Electroblob's Wizardry","ebwizardry:crystal_ore",830,"false",4989,0,"Crystal Ore","true",""
"Electroblob's Wizardry","ebwizardry:dark_oak_bookshelf",854,"false",5001,0,"Dark Oak Bookshelf","true",""
"Electroblob's Wizardry","ebwizardry:dark_oak_lectern",860,"false",5007,0,"Dark Oak Lectern","true",""
"Electroblob's Wizardry","ebwizardry:dry_frosted_ice",843,"false",,,"Dry Frosted Ice","true",""
"Electroblob's Wizardry","ebwizardry:gilded_wood",848,"true",4995,0,"Gilded Oak Wood","true",""
"Electroblob's Wizardry","ebwizardry:gilded_wood",848,"true",4995,1,"Gilded Spruce Wood","true",""
"Electroblob's Wizardry","ebwizardry:gilded_wood",848,"true",4995,2,"Gilded Birch Wood","true",""
"Electroblob's Wizardry","ebwizardry:gilded_wood",848,"true",4995,3,"Gilded Jungle Wood","true",""
"Electroblob's Wizardry","ebwizardry:gilded_wood",848,"true",4995,4,"Gilded Acacia Wood","true",""
"Electroblob's Wizardry","ebwizardry:gilded_wood",848,"true",4995,5,"Gilded Dark Oak Wood","true",""
"Electroblob's Wizardry","ebwizardry:ice_statue",835,"false",,,"Ice Statue","true",""
"Electroblob's Wizardry","ebwizardry:imbuement_altar",862,"false",5009,0,"Imbuement Altar","true",""
"Electroblob's Wizardry","ebwizardry:jungle_bookshelf",852,"false",4999,0,"Jungle Bookshelf","true",""
"Electroblob's Wizardry","ebwizardry:jungle_lectern",858,"false",5005,0,"Jungle Lectern","true",""
"Electroblob's Wizardry","ebwizardry:magic_light",836,"false",,,"tile.ebwizardry:magic_light.name","true",""
"Electroblob's Wizardry","ebwizardry:meteor",839,"false",,,"tile.ebwizardry:meteor.name","true",""
"Electroblob's Wizardry","ebwizardry:oak_bookshelf",849,"false",4996,0,"Oak Bookshelf","true",""
"Electroblob's Wizardry","ebwizardry:oak_lectern",855,"false",5002,0,"Oak Lectern","true",""
"Electroblob's Wizardry","ebwizardry:obsidian_crust",842,"false",,,"Obsidian Crust","true",""
"Electroblob's Wizardry","ebwizardry:permafrost",845,"false",,,"Permafrost","true",""
"Electroblob's Wizardry","ebwizardry:petrified_stone",834,"false",,,"Petrified Stone","true",""
"Electroblob's Wizardry","ebwizardry:receptacle",861,"false",5008,0,"Receptacle","true",""
"Electroblob's Wizardry","ebwizardry:runestone",846,"true",4993,1,"Runestone","true",""
"Electroblob's Wizardry","ebwizardry:runestone",846,"true",4993,2,"Runestone","true",""
"Electroblob's Wizardry","ebwizardry:runestone",846,"true",4993,3,"Runestone","true",""
"Electroblob's Wizardry","ebwizardry:runestone",846,"true",4993,4,"Runestone","true",""
"Electroblob's Wizardry","ebwizardry:runestone",846,"true",4993,5,"Runestone","true",""
"Electroblob's Wizardry","ebwizardry:runestone",846,"true",4993,6,"Runestone","true",""
"Electroblob's Wizardry","ebwizardry:runestone",846,"true",4993,7,"Runestone","true",""
"Electroblob's Wizardry","ebwizardry:runestone_pedestal",847,"true",4994,1,"Runestone Pedestal","true",""
"Electroblob's Wizardry","ebwizardry:runestone_pedestal",847,"true",4994,2,"Runestone Pedestal","true",""
"Electroblob's Wizardry","ebwizardry:runestone_pedestal",847,"true",4994,3,"Runestone Pedestal","true",""
"Electroblob's Wizardry","ebwizardry:runestone_pedestal",847,"true",4994,4,"Runestone Pedestal","true",""
"Electroblob's Wizardry","ebwizardry:runestone_pedestal",847,"true",4994,5,"Runestone Pedestal","true",""
"Electroblob's Wizardry","ebwizardry:runestone_pedestal",847,"true",4994,6,"Runestone Pedestal","true",""
"Electroblob's Wizardry","ebwizardry:runestone_pedestal",847,"true",4994,7,"Runestone Pedestal","true",""
"Electroblob's Wizardry","ebwizardry:snare",837,"false",,,"Snare","true",""
"Electroblob's Wizardry","ebwizardry:spectral_block",838,"false",,,"Spectral Block","true",""
"Electroblob's Wizardry","ebwizardry:spruce_bookshelf",850,"false",4997,0,"Spruce Bookshelf","true",""
"Electroblob's Wizardry","ebwizardry:spruce_lectern",857,"false",5003,0,"Spruce Lectern","true",""
"Electroblob's Wizardry","ebwizardry:thorns",841,"false",,,"Thorns","true",""
"Electroblob's Wizardry","ebwizardry:transportation_stone",832,"false",4991,0,"Stone of Transportation","true",""
"Electroblob's Wizardry","ebwizardry:vanishing_cobweb",840,"false",,,"tile.ebwizardry:vanishing_cobweb.name","true",""
"End Expansion","ee:amber_ore",3379,"false",9552,0,"Cordium Ore","true",""
"End Expansion","ee:amber_torch",3380,"false",9553,0,"Cordium Torch","true",""
"End Expansion","ee:ash_brick",3357,"false",9532,0,"Ashed Brick","true",""
"End Expansion","ee:ash_brick_double",3360,"false",,,"Ashed Brick Double Slab","true",""
"End Expansion","ee:ash_brick_half",3361,"false",9535,0,"Ashed Brick Slab","true",""
"End Expansion","ee:ash_brick_pillar",3367,"false",9540,0,"Ashed Pillar","true",""
"End Expansion","ee:ash_brick_stairs",3358,"false",9533,0,"Ashed Brick Stairs","true",""
"End Expansion","ee:ash_brick_wall",3364,"false",9537,0,"Ashed Brick Wall","true",""
"End Expansion","ee:ash_chisle",3368,"false",9541,0,"Chiseled Ashed Brick","true",""
"End Expansion","ee:ash_chute",3393,"false",9566,0,"Ashed Geyser","true",""
"End Expansion","ee:ash_door",3373,"false",9546,0,"Ashed Keyhole","true",""
"End Expansion","ee:ash_key_block",3349,"false",9524,0,"Ashed Key Block","true",""
"End Expansion","ee:ash_skull",3369,"false",9542,0,"Chiseled Ashed Skull Brick","true",""
"End Expansion","ee:ash_spawner",3428,"false",9599,0,"Disappearing Spawner Ash","true",""
"End Expansion","ee:ash_trap_floor",3371,"false",9544,0,"Ash Trap Block","true",""
"End Expansion","ee:bare_acid",3419,"false",9590,0,"Barrend Goop","true",""
"End Expansion","ee:bare_bark",3421,"false",9592,0,"Barrend Log","true",""
"End Expansion","ee:bare_bark_hole",3422,"false",9593,0,"Barrend Log Hole","true",""
"End Expansion","ee:bare_bricks",3409,"false",9581,0,"Barrend Dungeon Bricks","true",""
"End Expansion","ee:bare_bricks_crack",3411,"false",9583,0,"Cracked Barrend Dungeon Bricks","true",""
"End Expansion","ee:bare_bricks_hole",3410,"false",9582,0,"Worn Barrend Dungeon Bricks","true",""
"End Expansion","ee:bare_door",3413,"false",9585,0,"Barrend Gate","true",""
"End Expansion","ee:bare_door_connect",3414,"false",9586,0,"Barrend Gate Connector","true",""
"End Expansion","ee:bare_grass",3418,"false",9589,0,"Barrend Grass","true",""
"End Expansion","ee:bare_leaves",3420,"false",9591,0,"Barrend Leaves","true",""
"End Expansion","ee:bare_planks",3402,"false",9575,0,"Barrend Wood Planks","true",""
"End Expansion","ee:bare_planks_double",3404,"false",,,"Double Barrend Wood Slab","true",""
"End Expansion","ee:bare_planks_half",3405,"false",9577,0,"Barrend Wood Slab","true",""
"End Expansion","ee:bare_planks_stairs",3403,"false",9576,0,"Barrend Wood Stairs","true",""
"End Expansion","ee:bare_plant",3417,"false",9588,0,"Barrend Blood Weed","true",""
"End Expansion","ee:bare_sand",3396,"false",9569,0,"Barrend Essand","true",""
"End Expansion","ee:bare_small_pot",3412,"false",9584,0,"Small Crypt Pot","true",""
"End Expansion","ee:bare_stairs",3399,"false",9572,0,"Barrend Stone Stairs","true",""
"End Expansion","ee:bare_stone",3397,"false",9570,0,"Barrend Stone","true",""
"End Expansion","ee:bare_stone_cobble",3398,"false",9571,0,"Barrend Cobblestone","true",""
"End Expansion","ee:bare_stone_double",3415,"false",,,"Double Barrend Stone Slab","true",""
"End Expansion","ee:bare_stone_half",3416,"false",9587,0,"Barrend Stone Slab","true",""
"End Expansion","ee:bare_stone_smooth",3407,"false",9579,0,"Barrend Smooth Stone","true",""
"End Expansion","ee:bare_stone_wall",3408,"false",9580,0,"Smooth Barrend Stone Wall","true",""
"End Expansion","ee:bare_vine",3388,"false",9561,0,"Barrend Blood Vine","true",""
"End Expansion","ee:bark_hole_filled",3423,"false",9594,0,"Barrend Filled Log","true",""
"End Expansion","ee:brown_brick",3384,"false",9557,0,"Burnt End Brick","true",""
"End Expansion","ee:brown_smooth",3385,"false",9558,0,"Burnt Smooth End Stone","true",""
"End Expansion","ee:brown_stone",3378,"false",9551,0,"Burnt End Stone","true",""
"End Expansion","ee:compulsor",3392,"false",9565,0,"End Compulsor","true",""
"End Expansion","ee:disappearing_spawner",3427,"false",9598,0,"Disappearing Spawner","true",""
"End Expansion","ee:door_on",3425,"false",9596,0,"Ashed Key Activated","true",""
"End Expansion","ee:end_ash",3356,"false",9531,0,"Ashed End Stone","true",""
"End Expansion","ee:end_barrier",3395,"false",9568,0,"Lustrian Barrier","true",""
"End Expansion","ee:end_brick_double",3362,"false",,,"End Stone Brick Double Slab","true",""
"End Expansion","ee:end_brick_half",3363,"false",9536,0,"End Stone Brick Slab","true",""
"End Expansion","ee:end_door",3372,"false",9545,0,"Ashed Door Creator","true",""
"End Expansion","ee:end_h_plant",3394,"false",9567,0,"Turium Plant","true",""
"End Expansion","ee:end_pillar",3391,"false",9564,0,"End Stone Brick Alternative","true",""
"End Expansion","ee:end_stone_stairs",3359,"false",9534,0,"End Stone Brick Stairs","true",""
"End Expansion","ee:end_stone_wall",3366,"false",9539,0,"End Stone Brick Wall","true",""
"End Expansion","ee:eye_stone",3400,"false",9573,0,"Barrend Decoration Stone","true",""
"End Expansion","ee:eye_stone_lit",3401,"false",9574,0,"Barrend Madness Stone","true",""
"End Expansion","ee:eyed_obi",3381,"false",9554,0,"Ancient Eyed Obsidian","true",""
"End Expansion","ee:green_crystal",3352,"false",9527,0,"Vacuian Crystal Block","true",""
"End Expansion","ee:green_crystal_top",3353,"false",9528,0,"Small Vacuian Crystal Block","true",""
"End Expansion","ee:key_block",3348,"false",9523,0,"End Dungeon Key Block","true",""
"End Expansion","ee:lamented_end_stone",3347,"false",9522,0,"Lamented End Stone","true",""
"End Expansion","ee:lighting_updater",3426,"false",9597,0,"tile.lighting_updater.name","true",""
"End Expansion","ee:mega_structure_block",3424,"false",9595,0,"Mega Structure Block","true",""
"End Expansion","ee:mini_nuke",3390,"false",9563,0,"Mini-Nuke","true",""
"End Expansion","ee:obi_health",3383,"false",9556,0,"Avalon's Health Orb","true",""
"End Expansion","ee:purple_crystal",3350,"false",9525,0,"Pure Crystal Block","true",""
"End Expansion","ee:purple_crystal_top",3351,"false",9526,0,"Small Pure Crystal Block","true",""
"End Expansion","ee:red_crystal",3354,"false",9529,0,"Lustrian Crystal Block","true",""
"End Expansion","ee:red_crystal_top",3355,"false",9530,0,"Small Lustrian Crystal Block","true",""
"End Expansion","ee:red_lamp",3370,"false",9543,0,"Red Lamp","true",""
"End Expansion","ee:reverse_off",3374,"false",9547,0,"Reverse Block","true",""
"End Expansion","ee:reverse_on",3375,"false",9548,0,"Reverse Block Activated","true",""
"End Expansion","ee:smooth_obi",3382,"false",9555,0,"Ancient Smooth Obsidian","true",""
"End Expansion","ee:source_off",3376,"false",9549,0,"Source Block","true",""
"End Expansion","ee:source_on",3377,"false",9550,0,"Source Block Activated","true",""
"End Expansion","ee:sprout_plant",3386,"false",9559,0,"Depths Sprout","true",""
"End Expansion","ee:sprout_stone",3389,"false",9562,0,"Depths Covered Stone","true",""
"End Expansion","ee:sprout_vine",3387,"false",9560,0,"Depths Vine","true",""
"End Expansion","ee:stone_brick_wall",3365,"false",9538,0,"Stone Brick Wall","true",""
"End Expansion","ee:unending_arena",3406,"false",9578,0,"Barrend Arena Spawner","true",""
"Environs++","environs:coarse_dried_dirt",2828,"false",8408,0,"Coarse Dried Dirt","true",""
"Environs++","environs:coarse_end_dirt",2834,"false",8414,0,"Coarse End Dirt","true",""
"Environs++","environs:coarse_frozen_dirt",2837,"false",8417,0,"Coarse Frozen Dirt","true",""
"Environs++","environs:cyan_mushroom",2843,"false",8423,0,"Mushroom","true","mushroom"
"Environs++","environs:cyan_mushroom_block",2841,"false",8421,0,"Mushroom","true",""
"Environs++","environs:cyan_mushroom_stem",2842,"false",8422,0,"Mushroom","true",""
"Environs++","environs:cypress_bark",2815,"false",8395,0,"Cypress Bark","true",""
"Environs++","environs:cypress_door",2885,"false",8451,0,"Cypress Door","true",""
"Environs++","environs:cypress_fence",2875,"false",8441,0,"Cypress Fence","true",""
"Environs++","environs:cypress_fence_gate",2880,"false",8446,0,"Cypress Fence Gate","true",""
"Environs++","environs:cypress_leaves",2805,"false",8385,0,"Cypress Leaves","true",""
"Environs++","environs:cypress_log",2810,"false",8390,0,"Cypress Wood","true","logWood"
"Environs++","environs:cypress_planks",2849,"false",8429,0,"Cypress Wood Planks","true","plankWood"
"Environs++","environs:cypress_sapling",2820,"false",8400,0,"Cypress Sapling","true",""
"Environs++","environs:cypress_slab",2854,"false",8456,0,"Cypress Wood Slab","true","slabWood"
"Environs++","environs:cypress_slab_double",2855,"false",,,"tile.cypress_slab_double.name","true",""
"Environs++","environs:cypress_stairs",2868,"false",8434,0,"Cypress Wood Stairs","true","stairWood"
"Environs++","environs:dried_cobblestone",2826,"false",8406,0,"Dried Cobblestone","true","cobblestone"
"Environs++","environs:dried_cobblestone_slab",2864,"false",8461,0,"Dried Cobblestone Slab","true",""
"Environs++","environs:dried_cobblestone_slab_double",2865,"false",,,"tile.dried_cobblestone_slab_double.name","true",""
"Environs++","environs:dried_cobblestone_stairs",2873,"false",8439,0,"Dried Cobblestone Stairs","true",""
"Environs++","environs:dried_dirt",2827,"false",8407,0,"Dried Dirt","true","dryDirt"
"Environs++","environs:dried_meteorite",2831,"false",8411,0,"Dried Stone Meteorite","true",""
"Environs++","environs:dried_stone",2825,"false",8405,0,"Dried Stone","true","stone"
"Environs++","environs:dried_stone_slab",2866,"false",8462,0,"Dried Stone Slab","true",""
"Environs++","environs:dried_stone_slab_double",2867,"false",,,"tile.dried_stone_slab_double.name","true",""
"Environs++","environs:dried_stone_stairs",2874,"false",8440,0,"Dried Stone Stairs","true",""
"Environs++","environs:end_bark",2819,"false",8399,0,"End Bark","true",""
"Environs++","environs:end_dirt",2833,"false",8413,0,"End Dirt","true","endDirt"
"Environs++","environs:end_door",2886,"false",8452,0,"Ashed Door Creator","true",""
"Environs++","environs:end_farmland",2844,"false",8424,0,"End Farmland","true",""
"Environs++","environs:end_fence",2876,"false",8442,0,"End Fence","true",""
"Environs++","environs:end_fence_gate",2881,"false",8447,0,"End Fence Gate","true",""
"Environs++","environs:end_grass",2832,"false",8412,0,"End Grass Block","true","grass"
"Environs++","environs:end_grass_path",2847,"false",8427,0,"End Grass Path","true",""
"Environs++","environs:end_leaves",2809,"false",8389,0,"End Leaves","true",""
"Environs++","environs:end_log",2814,"false",8394,0,"End Wood","true","logWood"
"Environs++","environs:end_planks",2850,"false",8430,0,"End Wood Planks","true","plankWood"
"Environs++","environs:end_sapling",2824,"false",8404,0,"End Sapling","true",""
"Environs++","environs:end_slab",2856,"false",8457,0,"End Wood Slab","true","slabWood"
"Environs++","environs:end_slab_double",2857,"false",,,"tile.end_slab_double.name","true",""
"Environs++","environs:end_stairs",2869,"false",8435,0,"End Wood Stairs","true","stairWood"
"Environs++","environs:eucalyptus_bark",2818,"false",8398,0,"Eucalyptus Bark","true",""
"Environs++","environs:eucalyptus_door",2887,"false",8453,0,"Eucalyptus Door","true",""
"Environs++","environs:eucalyptus_fence",2877,"false",8443,0,"Eucalyptus Fence","true",""
"Environs++","environs:eucalyptus_fence_gate",2882,"false",8448,0,"Eucalyptus Fence Gate","true",""
"Environs++","environs:eucalyptus_leaves",2808,"false",8388,0,"Eucalyptus Leaves","true",""
"Environs++","environs:eucalyptus_log",2813,"false",8393,0,"Eucalyptus Wood","true","logWood"
"Environs++","environs:eucalyptus_planks",2851,"false",8431,0,"Eucalyptus Wood Planks","true","plankWood"
"Environs++","environs:eucalyptus_sapling",2822,"false",8402,0,"Eucalyptus Sapling","true",""
"Environs++","environs:eucalyptus_slab",2858,"false",8458,0,"Eucalyptus Wood Slab","true","slabWood"
"Environs++","environs:eucalyptus_slab_double",2859,"false",,,"tile.eucalyptus_slab_double.name","true",""
"Environs++","environs:eucalyptus_stairs",2870,"false",8436,0,"Eucalyptus Wood Stairs","true","stairWood"
"Environs++","environs:frozen_bark",2817,"false",8397,0,"Frozen Bark","true",""
"Environs++","environs:frozen_dirt",2836,"false",8416,0,"Frozen Dirt","true","frozenDirt"
"Environs++","environs:frozen_door",2888,"false",8454,0,"Frozen Door","true",""
"Environs++","environs:frozen_farmland",2845,"false",8425,0,"Frozen Farmland","true",""
"Environs++","environs:frozen_fence",2878,"false",8444,0,"Frozen Fence","true",""
"Environs++","environs:frozen_fence_gate",2883,"false",8449,0,"Frozen Fence Gate","true",""
"Environs++","environs:frozen_grass",2835,"false",8415,0,"Frozen Grass Block","true","grass"
"Environs++","environs:frozen_grass_path",2848,"false",8428,0,"Frozen Grass Path","true",""
"Environs++","environs:frozen_leaves",2807,"false",8387,0,"Frozen Leaves","true",""
"Environs++","environs:frozen_log",2812,"false",8392,0,"Frozen Wood","true","logWood"
"Environs++","environs:frozen_planks",2852,"false",8432,0,"Frozen Wood Planks","true","plankWood"
"Environs++","environs:frozen_sapling",2823,"false",8403,0,"Frozen Sapling","true",""
"Environs++","environs:frozen_slab",2860,"false",8459,0,"Frozen Wood Slab","true","slabWood"
"Environs++","environs:frozen_slab_double",2861,"false",,,"tile.frozen_slab_double.name","true",""
"Environs++","environs:frozen_stairs",2871,"false",8437,0,"Frozen Wood Stairs","true","stairWood"
"Environs++","environs:meteorite",2830,"false",8410,0,"Stone Meteorite","true",""
"Environs++","environs:pine_bark",2816,"false",8396,0,"Pine Bark","true",""
"Environs++","environs:pine_door",2889,"false",8455,0,"Pine Door","true",""
"Environs++","environs:pine_fence",2879,"false",8445,0,"Pine Fence","true",""
"Environs++","environs:pine_fence_gate",2884,"false",8450,0,"Pine Fence Gate","true",""
"Environs++","environs:pine_leaves",2806,"false",8386,0,"Pine Leaves","true",""
"Environs++","environs:pine_log",2811,"false",8391,0,"Pine Wood","true","logWood"
"Environs++","environs:pine_planks",2853,"false",8433,0,"Pine Wood Planks","true","plankWood"
"Environs++","environs:pine_sapling",2821,"false",8401,0,"Pine Sapling","true",""
"Environs++","environs:pine_slab",2862,"false",8460,0,"Pine Slab","true","slabWood"
"Environs++","environs:pine_slab_double",2863,"false",,,"tile.pine_slab_double.name","true",""
"Environs++","environs:pine_stairs",2872,"false",8438,0,"Pine Stairs","true","stairWood"
"Environs++","environs:purple_mushroom",2840,"false",8420,0,"Mushroom","true","mushroom"
"Environs++","environs:purple_mushroom_block",2838,"false",8418,0,"Mushroom","true",""
"Environs++","environs:purple_mushroom_stem",2839,"false",8419,0,"Mushroom","true",""
"Environs++","environs:ranges_dirt",2829,"false",8409,0,"Ranges Dirt","true","sandyDirt"
"Environs++","environs:ranges_farmland",2846,"false",8426,0,"Ranges Farmland","true",""
"Exotic Birds","exoticbirds:birdcage_acacia",2902,"false",8511,0,"Acacia Birdcage","true",""
"Exotic Birds","exoticbirds:birdcage_birch",2900,"false",8509,0,"Birch Birdcage","true",""
"Exotic Birds","exoticbirds:birdcage_dark_oak",2903,"false",8512,0,"Dark Oak Birdcage","true",""
"Exotic Birds","exoticbirds:birdcage_gold",2897,"false",8505,0,"Gold Birdcage","true",""
"Exotic Birds","exoticbirds:birdcage_iron",2896,"false",8506,0,"Iron Birdcage","true",""
"Exotic Birds","exoticbirds:birdcage_jungle",2901,"false",8510,0,"Jungle Birdcage","true",""
"Exotic Birds","exoticbirds:birdcage_oak",2898,"false",8507,0,"Oak Birdcage","true",""
"Exotic Birds","exoticbirds:birdcage_spruce",2899,"false",8508,0,"Spruce Birdcage","true",""
"Exotic Birds","exoticbirds:egg_incubator",2891,"false",8502,0,"Egg Incubator","true",""
"Exotic Birds","exoticbirds:egg_sorter",2890,"false",8501,0,"Egg Identifier","true",""
"Exotic Birds","exoticbirds:lit_egg_incubator",2895,"false",,,"Egg Incubator","true",""
"Exotic Birds","exoticbirds:lit_egg_sorter",2894,"false",,,"Egg Identifier","true",""
"Exotic Birds","exoticbirds:nest",2892,"false",8503,0,"Nest","true",""
"Exotic Birds","exoticbirds:phoenix_egg",2893,"false",8504,0,"Phoenix Egg","true",""
"ExplorerCraft","explorercraft:amethyst_block",2908,"false",8580,0,"Amethyst Block","true","blockAmethyst"
"ExplorerCraft","explorercraft:amethyst_ore",2905,"false",8577,0,"Amethyst Ore","true","oreAmethyst"
"ExplorerCraft","explorercraft:ash_door",2972,"false",,,"Ash Door","true",""
"ExplorerCraft","explorercraft:ash_double_slab",2963,"false",,,"tile.explorercraft.ash_double_slab.name","true",""
"ExplorerCraft","explorercraft:ash_fence",2964,"false",8622,0,"Ash Fence","true","fenceWood"
"ExplorerCraft","explorercraft:ash_fence_gate",2968,"false",8626,0,"Ash Fence Gate","true","fenceGateWood"
"ExplorerCraft","explorercraft:ash_leaves",2933,"false",8605,0,"Ash Leaves","true","treeLeaves"
"ExplorerCraft","explorercraft:ash_log",2937,"false",8609,0,"Ash Wood","true","logWood"
"ExplorerCraft","explorercraft:ash_planks",2941,"false",8613,0,"Ash Wood Planks","true","plankWood"
"ExplorerCraft","explorercraft:ash_sapling",2946,"false",8618,0,"Ash Sapling","true","treeSapling"
"ExplorerCraft","explorercraft:ash_slab",2962,"false",8572,0,"Ash Wood Slab","true","slabWood"
"ExplorerCraft","explorercraft:ash_stairs",5274,"false",8641,0,"Ash Wood Stairs","true","stairWood"
"ExplorerCraft","explorercraft:bamboo_door",2973,"false",,,"Bamboo Door","true",""
"ExplorerCraft","explorercraft:bamboo_double_slab",2957,"false",,,"tile.explorercraft.bamboo_double_slab.name","true",""
"ExplorerCraft","explorercraft:bamboo_fence",2965,"false",8623,0,"Bamboo Fence","true","fenceWood"
"ExplorerCraft","explorercraft:bamboo_fence_gate",2969,"false",8627,0,"Bamboo Fence Gate","true","fenceGateWood"
"ExplorerCraft","explorercraft:bamboo_leaves",2934,"false",8606,0,"Bamboo Leaves","true","treeLeaves"
"ExplorerCraft","explorercraft:bamboo_log",2938,"false",8610,0,"Bamboo","true","stickWood"
"ExplorerCraft","explorercraft:bamboo_planks",2942,"false",8614,0,"Bamboo Planks","true","plankWood"
"ExplorerCraft","explorercraft:bamboo_planks_vertical",2943,"false",8615,0,"Bamboo Wall","true",""
"ExplorerCraft","explorercraft:bamboo_sapling",2947,"false",8619,0,"Bamboo Sapling","true","treeSapling"
"ExplorerCraft","explorercraft:bamboo_slab",2956,"false",8573,0,"Bamboo Slab","true","slabWood"
"ExplorerCraft","explorercraft:bamboo_stairs",5275,"false",8642,0,"Bamboo Stairs","true","stairWood"
"ExplorerCraft","explorercraft:basalt",2910,"false",8582,0,"Basalt","true","stoneBasalt"
"ExplorerCraft","explorercraft:basalt_brick_double_slab",2951,"false",,,"tile.explorercraft.basalt_brick_double_slab.name","true",""
"ExplorerCraft","explorercraft:basalt_brick_slab",2950,"false",8569,0,"Basalt Brick Slab","true","stoneBasaltSlab"
"ExplorerCraft","explorercraft:basalt_brick_stairs",5270,"false",8637,0,"Basalt Brick Stairs","true","stoneBasaltStairs"
"ExplorerCraft","explorercraft:basalt_brick_wall",2976,"false",8630,0,"Basalt Brick Wall","true","stoneBasaltWall"
"ExplorerCraft","explorercraft:basalt_bricks",2913,"false",8585,0,"Basalt Bricks","true","stoneBasaltBricks"
"ExplorerCraft","explorercraft:basalt_chiseled",2916,"false",8588,0,"Chiselled Basalt Bricks","true","stoneBasaltChiseled"
"ExplorerCraft","explorercraft:basalt_cobblestone",2911,"false",8583,0,"Basalt Cobblestone","true","stoneBasaltCobblestone"
"ExplorerCraft","explorercraft:basalt_cracked",2915,"false",8587,0,"Cracked Basalt Bricks","true","stoneBasaltCracked"
"ExplorerCraft","explorercraft:basalt_mossy",2914,"false",8586,0,"Mossy Basalt Bricks","true","stoneBasaltMossy"
"ExplorerCraft","explorercraft:basalt_pillar",2917,"false",8589,0,"Basalt Pillar","true","stoneBasaltPillar"
"ExplorerCraft","explorercraft:basalt_polished",2912,"false",8584,0,"Polished Basalt","true","stoneBasaltPolished"
"ExplorerCraft","explorercraft:cherry_door",2974,"false",,,"Sakura Door","true",""
"ExplorerCraft","explorercraft:cherry_double_slab",2959,"false",,,"tile.explorercraft.cherry_double_slab.name","true",""
"ExplorerCraft","explorercraft:cherry_fence",2966,"false",8624,0,"Sakura Fence","true","fenceWood"
"ExplorerCraft","explorercraft:cherry_fence_gate",2970,"false",8628,0,"Sakura Fence Gate","true","fenceGateWood"
"ExplorerCraft","explorercraft:cherry_leaves",2935,"false",8607,0,"Cherry Blossom Leaves","true","treeLeaves"
"ExplorerCraft","explorercraft:cherry_log",2939,"false",8611,0,"Cherry Blossom Wood","true","logWood"
"ExplorerCraft","explorercraft:cherry_planks",2944,"false",8616,0,"Sakura Wood Planks","true","plankWood"
"ExplorerCraft","explorercraft:cherry_sapling",2948,"false",8620,0,"Cherry Blossom Sapling","true","treeSapling"
"ExplorerCraft","explorercraft:cherry_slab",2958,"false",8574,0,"Sakura Wood Slab","true","slabWood"
"ExplorerCraft","explorercraft:cherry_stairs",5276,"false",8643,0,"Sakura Wood Stairs","true","stairWood"
"ExplorerCraft","explorercraft:daffodil",2985,"false",8634,0,"Daffodils","true",""
"ExplorerCraft","explorercraft:dragon_heart",2988,"false",8636,0,"Heart of Y Ddraig Goch","true",""
"ExplorerCraft","explorercraft:jade_block",2909,"false",8581,0,"Jade Block","true","blockJade"
"ExplorerCraft","explorercraft:jade_ore",2906,"false",8578,0,"Jade Ore","true","oreJade"
"ExplorerCraft","explorercraft:leek_crop",2983,"false",,,"Leek Crops","true",""
"ExplorerCraft","explorercraft:leek_wild",2984,"false",8633,0,"Wild Leeks","true",""
"ExplorerCraft","explorercraft:maple_door",2975,"false",,,"Maple Door","true",""
"ExplorerCraft","explorercraft:maple_double_slab",2961,"false",,,"tile.explorercraft.maple_double_slab.name","true",""
"ExplorerCraft","explorercraft:maple_fence",2967,"false",8625,0,"Maple Fence","true","fenceWood"
"ExplorerCraft","explorercraft:maple_fence_gate",2971,"false",8629,0,"Maple Fence Gate","true","fenceGateWood"
"ExplorerCraft","explorercraft:maple_leaves",2936,"false",8608,0,"Maple Leaves","true","treeLeaves"
"ExplorerCraft","explorercraft:maple_log",2940,"false",8612,0,"Maple Wood","true","logWood"
"ExplorerCraft","explorercraft:maple_planks",2945,"false",8617,0,"Maple Wood Planks","true","plankWood"
"ExplorerCraft","explorercraft:maple_sapling",2949,"false",8621,0,"Maple Sapling","true","treeSapling"
"ExplorerCraft","explorercraft:maple_slab",2960,"false",8575,0,"Maple Wood Slab","true","slabWood"
"ExplorerCraft","explorercraft:maple_stairs",5277,"false",8644,0,"Maple Wood Stairs","true","stairWood"
"ExplorerCraft","explorercraft:marble",2918,"false",8590,0,"Marble","true","stoneMarble"
"ExplorerCraft","explorercraft:marble_brick_double_slab",2953,"false",,,"tile.explorercraft.marble_brick_double_slab.name","true",""
"ExplorerCraft","explorercraft:marble_brick_slab",2952,"false",8570,0,"Marble Brick Slab","true","stoneMarbleSlab"
"ExplorerCraft","explorercraft:marble_brick_stairs",5271,"false",8638,0,"Marble Brick Stairs","true","stoneMarbleStairs"
"ExplorerCraft","explorercraft:marble_brick_wall",2977,"false",8631,0,"Marble Brick Wall","true","stoneMarbleWall"
"ExplorerCraft","explorercraft:marble_bricks",2920,"false",8592,0,"Marble Bricks","true","stoneMarbleBricks"
"ExplorerCraft","explorercraft:marble_chiseled",2923,"false",8595,0,"Chiselled Marble Bricks","true","stoneMarbleChiseled"
"ExplorerCraft","explorercraft:marble_cracked",2922,"false",8594,0,"Cracked Marble Bricks","true","stoneMarbleCracked"
"ExplorerCraft","explorercraft:marble_mossy",2921,"false",8593,0,"Mossy Marble Bricks","true","stoneMarbleMossy"
"ExplorerCraft","explorercraft:marble_pillar",2924,"false",8596,0,"Marble Pillar","true","stoneMarblePillar"
"ExplorerCraft","explorercraft:marble_polished",2919,"false",8591,0,"Polished Marble","true","stoneMarblePolished"
"ExplorerCraft","explorercraft:noctiluca_plant",2987,"false",,,"tile.explorercraft.noctiluca_plant.name","true",""
"ExplorerCraft","explorercraft:rice_base",2981,"false",,,"tile.explorercraft.rice_base.name","true",""
"ExplorerCraft","explorercraft:rice_top",2982,"false",,,"tile.explorercraft.rice_top.name","true",""
"ExplorerCraft","explorercraft:ruby_block",2907,"false",8579,0,"Ruby Block","true","blockRuby"
"ExplorerCraft","explorercraft:ruby_ore",2904,"false",8576,0,"Ruby Ore","true","oreRuby"
"ExplorerCraft","explorercraft:slate",2925,"false",8597,0,"Slate","true","stoneSlate"
"ExplorerCraft","explorercraft:slate_brick_double_slab",2955,"false",,,"tile.explorercraft.slate_brick_double_slab.name","true",""
"ExplorerCraft","explorercraft:slate_brick_slab",2954,"false",8571,0,"Slate Brick Slab","true","stoneSlateSlab"
"ExplorerCraft","explorercraft:slate_brick_stairs",5272,"false",8639,0,"Slate Brick Stairs","true","stoneSlateStairs"
"ExplorerCraft","explorercraft:slate_brick_wall",2978,"false",8632,0,"Slate Brick Wall","true","stoneSlateWall"
"ExplorerCraft","explorercraft:slate_bricks",2927,"false",8599,0,"Slate Bricks","true","stoneSlateBricks"
"ExplorerCraft","explorercraft:slate_chiseled",2930,"false",8602,0,"Chiselled Slate","true","stoneSlateChiseled"
"ExplorerCraft","explorercraft:slate_mossy",2928,"false",8600,0,"Mossy Slate Bricks","true","stoneSlateMossy"
"ExplorerCraft","explorercraft:slate_pillar",2932,"false",8604,0,"Slate Pillar","true","stoneSlatePillar"
"ExplorerCraft","explorercraft:slate_polished",2926,"false",8598,0,"Polished Slate","true","stoneSlatePolished"
"ExplorerCraft","explorercraft:slate_tile",2929,"false",8601,0,"Slate Tiles","true","stoneSlateTile"
"ExplorerCraft","explorercraft:slate_tile_stairs",5273,"false",8640,0,"Slate Tile Stairs","true",""
"ExplorerCraft","explorercraft:slate_welsh",2931,"false",8603,0,"Welsh Slate","true",""
"ExplorerCraft","explorercraft:tatami",2979,"false",,,"tile.explorercraft.tatami.name","true",""
"ExplorerCraft","explorercraft:tatami_half",2980,"false",,,"Tatami Half Mat","true",""
"ExplorerCraft","explorercraft:water_grass",2986,"false",8635,0,"Water Grass","true",""
"Extra Alchemy","extraalchemy:encasing_ice",2989,"false",,,"tile.encasing_ice.name","true",""
"Extra Golems","golems:golem_head",2990,"false",8651,0,"Golem Head","true",""
"Extra Golems","golems:light_provider_full",2991,"false",,,"Dynamic Golem Light (Air)","true",""
"Extra Golems","golems:power_provider_all",2993,"false",,,"tile.power_provider_all.name","true",""
"Extra Golems","golems:water_light_provider_full",2992,"false",,,"Dynamic Golem Light (Water)","true",""
"Fairy Lights","fairylights:fastener",2994,"false",,,"tile.fastener.name","true",""
"Farmer's Delight Legacy","farmersdelight:acacia_cabinet",3087,"false",8778,0,"Acacia Cabinet","true",""
"Farmer's Delight Legacy","farmersdelight:apple_pie",3108,"false",8799,0,"Apple Pie","true",""
"Farmer's Delight Legacy","farmersdelight:bamboo_cabinet",3088,"false",8779,0,"Bamboo Cabinet","true",""
"Farmer's Delight Legacy","farmersdelight:basket",3076,"false",8767,0,"Basket","true",""
"Farmer's Delight Legacy","farmersdelight:beetroot_crate",3079,"false",8770,0,"Beetroot Crate","true",""
"Farmer's Delight Legacy","farmersdelight:birch_cabinet",3089,"false",8780,0,"Birch Cabinet","true",""
"Farmer's Delight Legacy","farmersdelight:black_canvas_sign",3191,"false",8849,0,"Black Canvas Sign","true","fdCanvasSigns"
"Farmer's Delight Legacy","farmersdelight:black_canvas_wall_sign",3190,"false",,,"Black Canvas Wall Sign","true",""
"Farmer's Delight Legacy","farmersdelight:black_hanging_canvas_sign",3193,"false",8850,0,"Black Hanging Canvas Sign","true","fdHangingCanvasSigns"
"Farmer's Delight Legacy","farmersdelight:black_wall_hanging_canvas_sign",3192,"false",,,"Black Wall Hanging Canvas Sign","true",""
"Farmer's Delight Legacy","farmersdelight:blue_canvas_sign",3175,"false",8841,0,"Blue Canvas Sign","true","fdCanvasSigns"
"Farmer's Delight Legacy","farmersdelight:blue_canvas_wall_sign",3174,"false",,,"Blue Canvas Wall Sign","true",""
"Farmer's Delight Legacy","farmersdelight:blue_hanging_canvas_sign",3177,"false",8842,0,"Blue Hanging Canvas Sign","true","fdHangingCanvasSigns"
"Farmer's Delight Legacy","farmersdelight:blue_wall_hanging_canvas_sign",3176,"false",,,"Blue Wall Hanging Canvas Sign","true",""
"Farmer's Delight Legacy","farmersdelight:brown_canvas_sign",3179,"false",8843,0,"Brown Canvas Sign","true","fdCanvasSigns"
"Farmer's Delight Legacy","farmersdelight:brown_canvas_wall_sign",3178,"false",,,"Brown Canvas Wall Sign","true",""
"Farmer's Delight Legacy","farmersdelight:brown_hanging_canvas_sign",3181,"false",8844,0,"Brown Hanging Canvas Sign","true","fdHangingCanvasSigns"
"Farmer's Delight Legacy","farmersdelight:brown_mushroom_colony",3119,"false",8810,0,"Brown Mushroom Colony","true",""
"Farmer's Delight Legacy","farmersdelight:brown_wall_hanging_canvas_sign",3180,"false",,,"Brown Wall Hanging Canvas Sign","true",""
"Farmer's Delight Legacy","farmersdelight:budding_tomatoes",3072,"false",,,"Budding Tomato Vine","true",""
"Farmer's Delight Legacy","farmersdelight:cabbage_crate",3080,"false",8771,0,"Cabbage Crate","true",""
"Farmer's Delight Legacy","farmersdelight:cabbages",3070,"false",,,"Cabbage","true",""
"Farmer's Delight Legacy","farmersdelight:canvas_rug",3122,"false",8813,0,"Canvas Rug","true",""
"Farmer's Delight Legacy","farmersdelight:canvas_sign",3127,"false",8817,0,"Canvas Sign","true","fdCanvasSigns"
"Farmer's Delight Legacy","farmersdelight:canvas_wall_sign",3126,"false",,,"Canvas Wall Sign","true",""
"Farmer's Delight Legacy","farmersdelight:carrot_crate",3077,"false",8768,0,"Carrot Crate","true",""
"Farmer's Delight Legacy","farmersdelight:cherry_cabinet",3090,"false",8781,0,"Cherry Cabinet","true",""
"Farmer's Delight Legacy","farmersdelight:chocolate_pie",3110,"false",8801,0,"Chocolate Pie","true",""
"Farmer's Delight Legacy","farmersdelight:cooking_pot",3074,"false",8765,0,"Cooking Pot","true",""
"Farmer's Delight Legacy","farmersdelight:crimson_cabinet",3091,"false",8782,0,"Crimson Cabinet","true",""
"Farmer's Delight Legacy","farmersdelight:cutting_board",3075,"false",8766,0,"Cutting Board","true",""
"Farmer's Delight Legacy","farmersdelight:cyan_canvas_sign",3167,"false",8837,0,"Cyan Canvas Sign","true","fdCanvasSigns"
"Farmer's Delight Legacy","farmersdelight:cyan_canvas_wall_sign",3166,"false",,,"Cyan Canvas Wall Sign","true",""
"Farmer's Delight Legacy","farmersdelight:cyan_hanging_canvas_sign",3169,"false",8838,0,"Cyan Hanging Canvas Sign","true","fdHangingCanvasSigns"
"Farmer's Delight Legacy","farmersdelight:cyan_wall_hanging_canvas_sign",3168,"false",,,"Cyan Wall Hanging Canvas Sign","true",""
"Farmer's Delight Legacy","farmersdelight:dark_oak_cabinet",3092,"false",8783,0,"Dark Oak Cabinet","true",""
"Farmer's Delight Legacy","farmersdelight:full_tatami_mat",3124,"false",8815,0,"Full Tatami Mat","true",""
"Farmer's Delight Legacy","farmersdelight:gray_canvas_sign",3159,"false",8833,0,"Gray Canvas Sign","true","fdCanvasSigns"
"Farmer's Delight Legacy","farmersdelight:gray_canvas_wall_sign",3158,"false",,,"Gray Canvas Wall Sign","true",""
"Farmer's Delight Legacy","farmersdelight:gray_hanging_canvas_sign",3161,"false",8834,0,"Gray Hanging Canvas Sign","true","fdHangingCanvasSigns"
"Farmer's Delight Legacy","farmersdelight:gray_wall_hanging_canvas_sign",3160,"false",,,"Gray Wall Hanging Canvas Sign","true",""
"Farmer's Delight Legacy","farmersdelight:green_canvas_sign",3183,"false",8845,0,"Green Canvas Sign","true","fdCanvasSigns"
"Farmer's Delight Legacy","farmersdelight:green_canvas_wall_sign",3182,"false",,,"Green Canvas Wall Sign","true",""
"Farmer's Delight Legacy","farmersdelight:green_hanging_canvas_sign",3185,"false",8846,0,"Green Hanging Canvas Sign","true","fdHangingCanvasSigns"
"Farmer's Delight Legacy","farmersdelight:green_wall_hanging_canvas_sign",3184,"false",,,"Green Wall Hanging Canvas Sign","true",""
"Farmer's Delight Legacy","farmersdelight:half_tatami_mat",3125,"false",8816,0,"Half Tatami Mat","true",""
"Farmer's Delight Legacy","farmersdelight:hanging_canvas_sign",3129,"false",8818,0,"Hanging Canvas Sign","true","fdHangingCanvasSigns"
"Farmer's Delight Legacy","farmersdelight:honey_glazed_ham_block",3101,"false",8792,0,"Honey Glazed Ham","true",""
"Farmer's Delight Legacy","farmersdelight:jungle_cabinet",3093,"false",8784,0,"Jungle Cabinet","true",""
"Farmer's Delight Legacy","farmersdelight:light_blue_canvas_sign",3143,"false",8825,0,"Light Blue Canvas Sign","true","fdCanvasSigns"
"Farmer's Delight Legacy","farmersdelight:light_blue_canvas_wall_sign",3142,"false",,,"Light Blue Canvas Wall Sign","true",""
"Farmer's Delight Legacy","farmersdelight:light_blue_hanging_canvas_sign",3145,"false",8826,0,"Light Blue Hanging Canvas Sign","true","fdHangingCanvasSigns"
"Farmer's Delight Legacy","farmersdelight:light_blue_wall_hanging_canvas_sign",3144,"false",,,"Light Blue Wall Hanging Canvas Sign","true",""
"Farmer's Delight Legacy","farmersdelight:light_gray_canvas_sign",3163,"false",8835,0,"Light Gray Canvas Sign","true","fdCanvasSigns"
"Farmer's Delight Legacy","farmersdelight:light_gray_canvas_wall_sign",3162,"false",,,"Light Gray Canvas Wall Sign","true",""
"Farmer's Delight Legacy","farmersdelight:light_gray_hanging_canvas_sign",3165,"false",8836,0,"Light Gray Hanging Canvas Sign","true","fdHangingCanvasSigns"
"Farmer's Delight Legacy","farmersdelight:light_gray_wall_hanging_canvas_sign",3164,"false",,,"Light Gray Wall Hanging Canvas Sign","true",""
"Farmer's Delight Legacy","farmersdelight:lime_canvas_sign",3151,"false",8829,0,"Lime Canvas Sign","true","fdCanvasSigns"
"Farmer's Delight Legacy","farmersdelight:lime_canvas_wall_sign",3150,"false",,,"Lime Canvas Wall Sign","true",""
"Farmer's Delight Legacy","farmersdelight:lime_hanging_canvas_sign",3153,"false",8830,0,"Lime Hanging Canvas Sign","true","fdHangingCanvasSigns"
"Farmer's Delight Legacy","farmersdelight:lime_wall_hanging_canvas_sign",3152,"false",,,"Lime Wall Hanging Canvas Sign","true",""
"Farmer's Delight Legacy","farmersdelight:magenta_canvas_sign",3139,"false",8823,0,"Magenta Canvas Sign","true","fdCanvasSigns"
"Farmer's Delight Legacy","farmersdelight:magenta_canvas_wall_sign",3138,"false",,,"Magenta Canvas Wall Sign","true",""
"Farmer's Delight Legacy","farmersdelight:magenta_hanging_canvas_sign",3141,"false",8824,0,"Magenta Hanging Canvas Sign","true","fdHangingCanvasSigns"
"Farmer's Delight Legacy","farmersdelight:magenta_wall_hanging_canvas_sign",3140,"false",,,"Magenta Wall Hanging Canvas Sign","true",""
"Farmer's Delight Legacy","farmersdelight:mangrove_cabinet",3094,"false",8785,0,"Mangrove Cabinet","true",""
"Farmer's Delight Legacy","farmersdelight:oak_cabinet",3095,"false",8786,0,"Oak Cabinet","true",""
"Farmer's Delight Legacy","farmersdelight:onion_crate",3082,"false",8773,0,"Onion Crate","true",""
"Farmer's Delight Legacy","farmersdelight:onions",3071,"false",,,"Onions","true",""
"Farmer's Delight Legacy","farmersdelight:orange_canvas_sign",3135,"false",8821,0,"Orange Canvas Sign","true","fdCanvasSigns"
"Farmer's Delight Legacy","farmersdelight:orange_canvas_wall_sign",3134,"false",,,"Orange Canvas Wall Sign","true",""
"Farmer's Delight Legacy","farmersdelight:orange_hanging_canvas_sign",3137,"false",8822,0,"Orange Hanging Canvas Sign","true","fdHangingCanvasSigns"
"Farmer's Delight Legacy","farmersdelight:orange_wall_hanging_canvas_sign",3136,"false",,,"Orange Wall Hanging Canvas Sign","true",""
"Farmer's Delight Legacy","farmersdelight:organic_compost",3105,"false",8796,0,"Organic Compost","true",""
"Farmer's Delight Legacy","farmersdelight:pink_canvas_sign",3155,"false",8831,0,"Pink Canvas Sign","true","fdCanvasSigns"
"Farmer's Delight Legacy","farmersdelight:pink_canvas_wall_sign",3154,"false",,,"Pink Canvas Wall Sign","true",""
"Farmer's Delight Legacy","farmersdelight:pink_hanging_canvas_sign",3157,"false",8832,0,"Pink Hanging Canvas Sign","true","fdHangingCanvasSigns"
"Farmer's Delight Legacy","farmersdelight:pink_wall_hanging_canvas_sign",3156,"false",,,"Pink Wall Hanging Canvas Sign","true",""
"Farmer's Delight Legacy","farmersdelight:potato_crate",3078,"false",8769,0,"Potato Crate","true",""
"Farmer's Delight Legacy","farmersdelight:purple_canvas_sign",3171,"false",8839,0,"Purple Canvas Sign","true","fdCanvasSigns"
"Farmer's Delight Legacy","farmersdelight:purple_canvas_wall_sign",3170,"false",,,"Purple Canvas Wall Sign","true",""
"Farmer's Delight Legacy","farmersdelight:purple_hanging_canvas_sign",3173,"false",8840,0,"Purple Hanging Canvas Sign","true","fdHangingCanvasSigns"
"Farmer's Delight Legacy","farmersdelight:purple_wall_hanging_canvas_sign",3172,"false",,,"Purple Wall Hanging Canvas Sign","true",""
"Farmer's Delight Legacy","farmersdelight:red_canvas_sign",3187,"false",8847,0,"Red Canvas Sign","true","fdCanvasSigns"
"Farmer's Delight Legacy","farmersdelight:red_canvas_wall_sign",3186,"false",,,"Red Canvas Wall Sign","true",""
"Farmer's Delight Legacy","farmersdelight:red_hanging_canvas_sign",3189,"false",8848,0,"Red Hanging Canvas Sign","true","fdHangingCanvasSigns"
"Farmer's Delight Legacy","farmersdelight:red_mushroom_colony",3120,"false",8811,0,"Red Mushroom Colony","true",""
"Farmer's Delight Legacy","farmersdelight:red_wall_hanging_canvas_sign",3188,"false",,,"Red Wall Hanging Canvas Sign","true",""
"Farmer's Delight Legacy","farmersdelight:rice",3069,"false",,,"Rice Crops","true",""
"Farmer's Delight Legacy","farmersdelight:rice_bag",3084,"false",8775,0,"Bag of Rice","true",""
"Farmer's Delight Legacy","farmersdelight:rice_bale",3083,"false",8774,0,"Rice Bale","true",""
"Farmer's Delight Legacy","farmersdelight:rice_panicles",3073,"false",,,"Rice Crops","true",""
"Farmer's Delight Legacy","farmersdelight:rice_roll_medley_block",3104,"false",8795,0,"Rice Roll Medley","true",""
"Farmer's Delight Legacy","farmersdelight:rich_soil",3106,"false",8797,0,"Rich Soil","true",""
"Farmer's Delight Legacy","farmersdelight:rich_soil_farmland",3107,"false",8798,0,"Rich Soil Farmland","true",""
"Farmer's Delight Legacy","farmersdelight:roast_chicken_block",3100,"false",8791,0,"Roast Chicken","true",""
"Farmer's Delight Legacy","farmersdelight:rope",3121,"false",8812,0,"Rope","true","blockRope,fdRopes,rope"
"Farmer's Delight Legacy","farmersdelight:safety_net",3086,"false",8777,0,"Safety Net","true",""
"Farmer's Delight Legacy","farmersdelight:sandy_shrub",3111,"false",8802,0,"Sandy Shrub","true",""
"Farmer's Delight Legacy","farmersdelight:shepherds_pie_block",3102,"false",8793,0,"Shepherd's Pie","true",""
"Farmer's Delight Legacy","farmersdelight:skillet",3099,"false",8790,0,"Skillet","true",""
"Farmer's Delight Legacy","farmersdelight:spruce_cabinet",3096,"false",8787,0,"Spruce Cabinet","true",""
"Farmer's Delight Legacy","farmersdelight:stove",3098,"false",8789,0,"Stove","true",""
"Farmer's Delight Legacy","farmersdelight:straw_bale",3085,"false",8776,0,"Straw Bale","true",""
"Farmer's Delight Legacy","farmersdelight:stuffed_pumpkin_block",3103,"false",8794,0,"Stuffed Pumpkin","true",""
"Farmer's Delight Legacy","farmersdelight:sweet_berry_cheesecake",3109,"false",8800,0,"Sweet Berry Cheesecake","true",""
"Farmer's Delight Legacy","farmersdelight:tatami",3123,"false",8814,0,"Tatami Block","true",""
"Farmer's Delight Legacy","farmersdelight:tomato_crate",3081,"false",8772,0,"Tomato Crate","true",""
"Farmer's Delight Legacy","farmersdelight:tomatoes",3068,"false",,,"Tomato Vine","true",""
"Farmer's Delight Legacy","farmersdelight:wall_hanging_canvas_sign",3128,"false",,,"Wall Hanging Canvas Sign","true",""
"Farmer's Delight Legacy","farmersdelight:warped_cabinet",3097,"false",8788,0,"Warped Cabinet","true",""
"Farmer's Delight Legacy","farmersdelight:white_canvas_sign",3131,"false",8819,0,"White Canvas Sign","true","fdCanvasSigns"
"Farmer's Delight Legacy","farmersdelight:white_canvas_wall_sign",3130,"false",,,"White Canvas Wall Sign","true",""
"Farmer's Delight Legacy","farmersdelight:white_hanging_canvas_sign",3133,"false",8820,0,"White Hanging Canvas Sign","true","fdHangingCanvasSigns"
"Farmer's Delight Legacy","farmersdelight:white_wall_hanging_canvas_sign",3132,"false",,,"White Wall Hanging Canvas Sign","true",""
"Farmer's Delight Legacy","farmersdelight:wild_beetroots",3117,"false",8808,0,"Sea Beet","true",""
"Farmer's Delight Legacy","farmersdelight:wild_cabbages",3112,"false",8803,0,"Wild Cabbage","true",""
"Farmer's Delight Legacy","farmersdelight:wild_carrots",3115,"false",8806,0,"Wild Carrot","true",""
"Farmer's Delight Legacy","farmersdelight:wild_onions",3113,"false",8804,0,"Wild Onion","true",""
"Farmer's Delight Legacy","farmersdelight:wild_potatoes",3116,"false",8807,0,"Wild Potato","true",""
"Farmer's Delight Legacy","farmersdelight:wild_rice",3118,"false",8809,0,"Wild Rice","true",""
"Farmer's Delight Legacy","farmersdelight:wild_tomatoes",3114,"false",8805,0,"Tomato Shrub","true",""
"Farmer's Delight Legacy","farmersdelight:yellow_canvas_sign",3147,"false",8827,0,"Yellow Canvas Sign","true","fdCanvasSigns"
"Farmer's Delight Legacy","farmersdelight:yellow_canvas_wall_sign",3146,"false",,,"Yellow Canvas Wall Sign","true",""
"Farmer's Delight Legacy","farmersdelight:yellow_hanging_canvas_sign",3149,"false",8828,0,"Yellow Hanging Canvas Sign","true","fdHangingCanvasSigns"
"Farmer's Delight Legacy","farmersdelight:yellow_wall_hanging_canvas_sign",3148,"false",,,"Yellow Wall Hanging Canvas Sign","true",""
"Fish's Undead Rising","mod_lavacow:bloodtooth_shroom",3198,"false",9093,0,"Bloodtooth","true","listAllmushroom"
"Fish's Undead Rising","mod_lavacow:cactoid_sprout",3205,"false",9100,0,"Cactoid Sprout","true",""
"Fish's Undead Rising","mod_lavacow:cordy_shroom",3199,"false",9094,0,"Cordyceps","true","listAllmushroom"
"Fish's Undead Rising","mod_lavacow:diseased_hay_block",3206,"false",9101,0,"Diseased Hay Block","true",""
"Fish's Undead Rising","mod_lavacow:ectoplasm_block",3207,"false",9102,0,"Block of Ectoplasm","true",""
"Fish's Undead Rising","mod_lavacow:glowshroom",3194,"false",9089,0,"Glow Shroom","true","listAllmushroom"
"Fish's Undead Rising","mod_lavacow:glowshroom_block_cap",3197,"false",9092,0,"Glow Shroom Cap","true",""
"Fish's Undead Rising","mod_lavacow:glowshroom_block_stem",3196,"false",9091,0,"Glow Shroom Stem","true",""
"Fish's Undead Rising","mod_lavacow:molten_alloy_block",3208,"false",9103,0,"Block of Molten Alloy","true",""
"Fish's Undead Rising","mod_lavacow:molten_meat_block",3211,"false",9106,0,"Molten Meat Barrel","true",""
"Fish's Undead Rising","mod_lavacow:pileofsludge",3195,"false",9090,0,"Sludge Pile","true",""
"Fish's Undead Rising","mod_lavacow:scarecrowhead_common",3201,"false",9096,0,"Scarecrow Head","true",""
"Fish's Undead Rising","mod_lavacow:scarecrowhead_plague",3203,"false",9098,0,"Scarecrow Head","true",""
"Fish's Undead Rising","mod_lavacow:scarecrowhead_straw",3202,"false",9097,0,"Scarecrow Head","true",""
"Fish's Undead Rising","mod_lavacow:scythe_claw_block",3209,"false",9104,0,"Scythe Claw Barrel","true",""
"Fish's Undead Rising","mod_lavacow:tombstone",3204,"false",9099,0,"Tombstone","true",""
"Fish's Undead Rising","mod_lavacow:veil_shroom",3200,"false",9095,0,"Veil Shroom","true","listAllmushroom"
"Fish's Undead Rising","mod_lavacow:vespa_carapace_block",3210,"false",9105,0,"Vespa Carapace Barrel","true",""
"Fishing Made Better","fishingmadebetter:baitbox",3212,"false",9107,0,"Bait Box","true",""
"Future MC","futuremc:acacia_standing_sign",3280,"false",,,"tile.futuremc.acacia_standing_sign.name","true",""
"Future MC","futuremc:acacia_trapdoor",3269,"false",9244,0,"Acacia Trapdoor","true","trapdoorWood"
"Future MC","futuremc:acacia_wall_sign",3281,"false",,,"tile.futuremc.acacia_wall_sign.name","true",""
"Future MC","futuremc:acacia_wood",3263,"false",9238,0,"Acacia Wood","true","logWood"
"Future MC","futuremc:ancient_debris",3279,"false",9265,0,"Ancient Debris","true","oreAncientDebris"
"Future MC","futuremc:andesite_wall",3242,"false",9217,0,"Andesite Wall","true",""
"Future MC","futuremc:bamboo",3231,"false",9183,0,"Bamboo","true","cropBamboo"
"Future MC","futuremc:barrel",3215,"false",9191,0,"Barrel","true",""
"Future MC","futuremc:bee_nest",3232,"false",9207,0,"Bee Nest","true",""
"Future MC","futuremc:beehive",3233,"false",9208,0,"Bee Hive","true",""
"Future MC","futuremc:bell",3223,"false",9199,0,"Bell","true",""
"Future MC","futuremc:birch_standing_sign",3282,"false",,,"tile.futuremc.birch_standing_sign.name","true",""
"Future MC","futuremc:birch_trapdoor",3271,"false",9246,0,"Birch Trapdoor","true","trapdoorWood"
"Future MC","futuremc:birch_wall_sign",3283,"false",,,"tile.futuremc.birch_wall_sign.name","true",""
"Future MC","futuremc:birch_wood",3265,"false",9240,0,"Birch Wood","true","logWood"
"Future MC","futuremc:blast_furnace",3217,"false",9193,0,"Blast Furnace","true",""
"Future MC","futuremc:blue_ice",3256,"false",9231,0,"Blue Ice","true",""
"Future MC","futuremc:brick_wall",3240,"false",9215,0,"Brick Wall","true",""
"Future MC","futuremc:campfire",3230,"false",9205,0,"Campfire","true",""
"Future MC","futuremc:cartography_table",3221,"false",9197,0,"Cartography Table","true",""
"Future MC","futuremc:chain",3277,"false",9263,0,"Chain","true",""
"Future MC","futuremc:composter",3222,"false",9198,0,"Composter","true",""
"Future MC","futuremc:cornflower",3228,"false",9203,0,"Cornflower","true",""
"Future MC","futuremc:dark_oak_standing_sign",3284,"false",,,"tile.futuremc.dark_oak_standing_sign.name","true",""
"Future MC","futuremc:dark_oak_trapdoor",3273,"false",9248,0,"Dark Oak Trapdoor","true","trapdoorWood"
"Future MC","futuremc:dark_oak_wall_sign",3285,"false",,,"tile.futuremc.dark_oak_wall_sign.name","true",""
"Future MC","futuremc:dark_oak_wood",3268,"false",9243,0,"Dark Oak Wood","true","logWood"
"Future MC","futuremc:diorite_wall",3243,"false",9218,0,"Diorite Wall","true",""
"Future MC","futuremc:end_stone_brick_wall",3250,"false",9225,0,"End Stone Brick Wall","true",""
"Future MC","futuremc:fletching_table",3219,"false",9195,0,"Fletching Table","true",""
"Future MC","futuremc:granite_wall",3241,"false",9216,0,"Granite Wall","true",""
"Future MC","futuremc:honey_block",3225,"false",9200,0,"Honey Block","true","blockHoney"
"Future MC","futuremc:honeycomb_block",3226,"false",9201,0,"Honeycomb Block","true",""
"Future MC","futuremc:jungle_standing_sign",3286,"false",,,"tile.futuremc.jungle_standing_sign.name","true",""
"Future MC","futuremc:jungle_trapdoor",3270,"false",9245,0,"Jungle Trapdoor","true","trapdoorWood"
"Future MC","futuremc:jungle_wall_sign",3287,"false",,,"tile.futuremc.jungle_wall_sign.name","true",""
"Future MC","futuremc:jungle_wood",3264,"false",9239,0,"Jungle Wood","true","logWood"
"Future MC","futuremc:lantern",3213,"false",9189,0,"Lantern","true",""
"Future MC","futuremc:lily_of_the_valley",3227,"false",9202,0,"Lily of the Valley","true",""
"Future MC","futuremc:loom",3218,"false",9194,0,"Loom","true",""
"Future MC","futuremc:mossy_stone_brick_wall",3247,"false",9222,0,"Mossy Stone Brick Wall","true",""
"Future MC","futuremc:nether_brick_wall",3248,"false",9223,0,"Nether Brick Wall","true",""
"Future MC","futuremc:netherite_block",3278,"false",9264,0,"Block of Netherite","true","blockNetherite"
"Future MC","futuremc:oak_wood",3266,"false",9241,0,"Oak Wood","true","logWood"
"Future MC","futuremc:prismarine_wall",3251,"false",9226,0,"Prismarine Wall","true",""
"Future MC","futuremc:red_nether_brick_wall",3249,"false",9224,0,"Red Nether Brick Wall","true",""
"Future MC","futuremc:red_sandstone_wall",3245,"false",9220,0,"Red Sandstone Wall","true",""
"Future MC","futuremc:sandstone_wall",3244,"false",9219,0,"Sandstone Wall","true",""
"Future MC","futuremc:scaffolding",3224,"false",9206,0,"Scaffolding","true",""
"Future MC","futuremc:smithing_table",3220,"false",9196,0,"Smithing Table","true",""
"Future MC","futuremc:smoker",3216,"false",9192,0,"Smoker","true",""
"Future MC","futuremc:smooth_quartz",3254,"false",9229,0,"Smooth Quartz","true",""
"Future MC","futuremc:smooth_red_sandstone",3255,"false",9230,0,"Smooth Red Sandstone","true",""
"Future MC","futuremc:smooth_sandstone",3253,"false",9228,0,"Smooth Sandstone","true",""
"Future MC","futuremc:smooth_stone",3252,"false",9227,0,"Smooth Stone","true",""
"Future MC","futuremc:soul_fire_lantern",3274,"false",9249,0,"Soul Lantern","true",""
"Future MC","futuremc:soul_fire_torch",3275,"false",9250,0,"Soul Torch","true",""
"Future MC","futuremc:soul_soil",3276,"false",9251,0,"Soul Soil","true",""
"Future MC","futuremc:spruce_standing_sign",3288,"false",,,"tile.futuremc.spruce_standing_sign.name","true",""
"Future MC","futuremc:spruce_trapdoor",3272,"false",9247,0,"Spruce Trapdoor","true","trapdoorWood"
"Future MC","futuremc:spruce_wall_sign",3289,"false",,,"tile.futuremc.spruce_wall_sign.name","true",""
"Future MC","futuremc:spruce_wood",3267,"false",9242,0,"Spruce Wood","true","logWood"
"Future MC","futuremc:stone_brick_wall",3246,"false",9221,0,"Stone Brick Wall","true",""
"Future MC","futuremc:stonecutter",3214,"false",9190,0,"Stonecutter","true",""
"Future MC","futuremc:stripped_acacia_log",3234,"false",9209,0,"Stripped Acacia Log","true","logWood"
"Future MC","futuremc:stripped_acacia_wood",3257,"false",9232,0,"Stripped Acacia Wood","true","logWood"
"Future MC","futuremc:stripped_birch_log",3236,"false",9211,0,"Stripped Birch Log","true","logWood"
"Future MC","futuremc:stripped_birch_wood",3259,"false",9234,0,"Stripped Birch Wood","true","logWood"
"Future MC","futuremc:stripped_dark_oak_log",3239,"false",9214,0,"Stripped Dark Oak Log","true","logWood"
"Future MC","futuremc:stripped_dark_oak_wood",3262,"false",9237,0,"Stripped Dark Oak Wood","true","logWood"
"Future MC","futuremc:stripped_jungle_log",3235,"false",9210,0,"Stripped Jungle Log","true","logWood"
"Future MC","futuremc:stripped_jungle_wood",3258,"false",9233,0,"Stripped Jungle Wood","true","logWood"
"Future MC","futuremc:stripped_oak_log",3237,"false",9212,0,"Stripped Oak Log","true","logWood"
"Future MC","futuremc:stripped_oak_wood",3260,"false",9235,0,"Stripped Oak Wood","true","logWood"
"Future MC","futuremc:stripped_spruce_log",3238,"false",9213,0,"Stripped Spruce Log","true","logWood"
"Future MC","futuremc:stripped_spruce_wood",3261,"false",9236,0,"Stripped Spruce Wood","true","logWood"
"Future MC","futuremc:wither_rose",3229,"false",9204,0,"Wither Rose","true",""
"Grimoire of Gaia 3","grimoireofgaia:block_pearl",3290,"false",9364,0,"Pearl Block","true",""
"Grimoire of Gaia 3","grimoireofgaia:bust_gorgon",3291,"false",9365,0,"The Gorgon","true",""
"Grimoire of Gaia 3","grimoireofgaia:bust_sphinx",3292,"false",9366,0,"The Sphinx","true",""
"Grimoire of Gaia 3","grimoireofgaia:bust_valkyrie",3293,"false",9367,0,"The Valkyrie","true",""
"Grimoire of Gaia 3","grimoireofgaia:bust_vampire",3294,"false",9368,0,"The Vampire","true",""
"Grimoire of Gaia 3","grimoireofgaia:deco_bust_minotaur",3305,"false",9379,0,"Minotaur Bust","true",""
"Grimoire of Gaia 3","grimoireofgaia:deco_garden_gnome",3303,"false",9377,0,"Garden Gnome","true",""
"Grimoire of Gaia 3","grimoireofgaia:deco_mandragora_pot",3304,"false",9378,0,"Mandragora Pot","true",""
"Grimoire of Gaia 3","grimoireofgaia:deco_nest_harpy",3306,"false",9380,0,"Harpy Nest","true",""
"Grimoire of Gaia 3","grimoireofgaia:doll_creeper_girl",3295,"false",9369,0,"Creeper Girl Doll","true",""
"Grimoire of Gaia 3","grimoireofgaia:doll_dryad",3302,"false",9376,0,"Dryad Doll","true",""
"Grimoire of Gaia 3","grimoireofgaia:doll_dullahan",3299,"false",9373,0,"Dullahan Doll","true",""
"Grimoire of Gaia 3","grimoireofgaia:doll_ender_girl",3296,"false",9370,0,"Ender Girl Doll","true",""
"Grimoire of Gaia 3","grimoireofgaia:doll_maid",3298,"false",9372,0,"Maid Doll","true",""
"Grimoire of Gaia 3","grimoireofgaia:doll_mermaid",3300,"false",9374,0,"Mermaid Doll","true",""
"Grimoire of Gaia 3","grimoireofgaia:doll_nine_tails",3301,"false",9375,0,"Nine Tails Doll","true",""
"Grimoire of Gaia 3","grimoireofgaia:doll_slime_girl",3297,"false",9371,0,"Slime Girl Doll","true",""
"Grimoire of Gaia 3","grimoireofgaia:fire_camp",3309,"false",9383,0,"Campfire","true",""
"Grimoire of Gaia 3","grimoireofgaia:spawn_guard",3307,"false",9381,0,"Protection Talisman","true",""
"Grimoire of Gaia 3","grimoireofgaia:web_temp",3308,"false",9382,0,"Decaying Cobweb","true",""
"HappyGhast","suikehappyghast:dried_ghast",3310,"false",13747,0,"Dried Ghast","true",""
"Ice and Fire: RotN Edition","iceandfire:amythest_block",2319,"false",6948,0,"Block of Amethyst","true","blockAmythest"
"Ice and Fire: RotN Edition","iceandfire:amythest_ore",2317,"false",6946,0,"Amethyst Ore","true","oreAmythest"
"Ice and Fire: RotN Edition","iceandfire:ash",2237,"false",6866,0,"Ash","true",""
"Ice and Fire: RotN Edition","iceandfire:burnt_torch",2299,"false",6928,0,"Burnt Out Torch","true",""
"Ice and Fire: RotN Edition","iceandfire:chared_cobblestone",2234,"false",6863,0,"Charred Cobblestone","true","charredBlock"
"Ice and Fire: RotN Edition","iceandfire:chared_dirt",2231,"false",6860,0,"Charred Dirt","true","charredBlock"
"Ice and Fire: RotN Edition","iceandfire:chared_grass",2232,"false",6861,0,"Charred Grass","true","charredBlock"
"Ice and Fire: RotN Edition","iceandfire:chared_grass_path",2236,"false",6865,0,"Charred Grass Path","true","charredBlock"
"Ice and Fire: RotN Edition","iceandfire:chared_gravel",2235,"false",6864,0,"Charred Gravel","true","charredBlock"
"Ice and Fire: RotN Edition","iceandfire:chared_stone",2233,"false",6862,0,"Charred Stone","true","charredBlock"
"Ice and Fire: RotN Edition","iceandfire:copper_block",2318,"false",6947,0,"Block of Copper","true","blockCopper"
"Ice and Fire: RotN Edition","iceandfire:copper_ore",2316,"false",6945,0,"Copper Ore","true","oreCopper"
"Ice and Fire: RotN Edition","iceandfire:copperpile",2310,"false",6939,0,"Pile of Copper","true",""
"Ice and Fire: RotN Edition","iceandfire:crackled_cobblestone",2303,"false",6932,0,"Crackled Cobblestone","true","crackledBlock"
"Ice and Fire: RotN Edition","iceandfire:crackled_dirt",2300,"false",6929,0,"Crackled Dirt","true","crackledBlock"
"Ice and Fire: RotN Edition","iceandfire:crackled_grass",2301,"false",6930,0,"Crackled Grass","true","crackledBlock"
"Ice and Fire: RotN Edition","iceandfire:crackled_grass_path",2305,"false",6934,0,"Crackled Grass Path","true","crackledBlock"
"Ice and Fire: RotN Edition","iceandfire:crackled_gravel",2304,"false",6933,0,"Crackled Gravel","true","crackledBlock"
"Ice and Fire: RotN Edition","iceandfire:crackled_stone",2302,"false",6931,0,"Crackled Stone","true","crackledBlock"
"Ice and Fire: RotN Edition","iceandfire:desert_myrmex_cocoon",2273,"false",6902,0,"Desert Myrmex Cocoon","true",""
"Ice and Fire: RotN Edition","iceandfire:dragon_bone_block",2256,"false",6885,0,"Block of Dragon Bones","true",""
"Ice and Fire: RotN Edition","iceandfire:dragon_bone_wall",2257,"false",6886,0,"Dragon Bone Wall","true",""
"Ice and Fire: RotN Edition","iceandfire:dragon_ice",2245,"false",6874,0,"Dragon Ice","true",""
"Ice and Fire: RotN Edition","iceandfire:dragon_ice_spikes",2246,"false",6875,0,"Dragon Ice Spikes","true",""
"Ice and Fire: RotN Edition","iceandfire:dragonforge_fire_brick",2258,"false",6887,0,"Dragonforge Fire Brick","true",""
"Ice and Fire: RotN Edition","iceandfire:dragonforge_fire_core",2262,"false",6893,0,"Dragonforge Fire Core","true",""
"Ice and Fire: RotN Edition","iceandfire:dragonforge_fire_core_disabled",2265,"false",6891,0,"Dragonforge Fire Core","true",""
"Ice and Fire: RotN Edition","iceandfire:dragonforge_fire_input",2260,"false",6889,0,"Dragonforge Fire Aperture","true",""
"Ice and Fire: RotN Edition","iceandfire:dragonforge_ice_brick",2259,"false",6888,0,"Dragonforge Ice Brick","true",""
"Ice and Fire: RotN Edition","iceandfire:dragonforge_ice_core",2263,"false",6894,0,"Dragonforge Ice Core","true",""
"Ice and Fire: RotN Edition","iceandfire:dragonforge_ice_core_disabled",2264,"false",6892,0,"Dragonforge Ice Core","true",""
"Ice and Fire: RotN Edition","iceandfire:dragonforge_ice_input",2261,"false",6890,0,"Dragonforge Ice Aperture","true",""
"Ice and Fire: RotN Edition","iceandfire:dragonforge_lightning_brick",2306,"false",6935,0,"Dragonforge Lightning Brick","true",""
"Ice and Fire: RotN Edition","iceandfire:dragonforge_lightning_core",2308,"false",6938,0,"Dragonforge Lightning Core","true",""
"Ice and Fire: RotN Edition","iceandfire:dragonforge_lightning_core_disabled",2309,"false",6937,0,"Dragonforge Lightning Core","true",""
"Ice and Fire: RotN Edition","iceandfire:dragonforge_lightning_input",2307,"false",6936,0,"Dragonforge Lightning Aperture","true",""
"Ice and Fire: RotN Edition","iceandfire:dragonscale_amythest",2313,"false",6942,0,"Block of Dragon Scales","true","lightningDragonScaleBlock"
"Ice and Fire: RotN Edition","iceandfire:dragonscale_black",2315,"false",6944,0,"Block of Dragon Scales","true","lightningDragonScaleBlock"
"Ice and Fire: RotN Edition","iceandfire:dragonscale_blue",2252,"false",6881,0,"Block of Dragon Scales","true","iceDragonScaleBlock"
"Ice and Fire: RotN Edition","iceandfire:dragonscale_bronze",2250,"false",6879,0,"Block of Dragon Scales","true","fireDragonScaleBlock"
"Ice and Fire: RotN Edition","iceandfire:dragonscale_copper",2314,"false",6943,0,"Block of Dragon Scales","true","lightningDragonScaleBlock"
"Ice and Fire: RotN Edition","iceandfire:dragonscale_electric",2312,"false",6941,0,"Block of Dragon Scales","true","lightningDragonScaleBlock"
"Ice and Fire: RotN Edition","iceandfire:dragonscale_gray",2251,"false",6880,0,"Block of Dragon Scales","true","fireDragonScaleBlock"
"Ice and Fire: RotN Edition","iceandfire:dragonscale_green",2249,"false",6878,0,"Block of Dragon Scales","true","fireDragonScaleBlock"
"Ice and Fire: RotN Edition","iceandfire:dragonscale_red",2248,"false",6877,0,"Block of Dragon Scales","true","fireDragonScaleBlock"
"Ice and Fire: RotN Edition","iceandfire:dragonscale_sapphire",2254,"false",6883,0,"Block of Dragon Scales","true","iceDragonScaleBlock"
"Ice and Fire: RotN Edition","iceandfire:dragonscale_silver",2255,"false",6884,0,"Block of Dragon Scales","true","iceDragonScaleBlock"
"Ice and Fire: RotN Edition","iceandfire:dragonscale_white",2253,"false",6882,0,"Block of Dragon Scales","true","iceDragonScaleBlock"
"Ice and Fire: RotN Edition","iceandfire:dragonsteel_fire_block",2281,"false",6910,0,"Block of Fire Dragonsteel","true","blockFireDragonsteel"
"Ice and Fire: RotN Edition","iceandfire:dragonsteel_ice_block",2282,"false",6911,0,"Block of Ice Dragonsteel","true","blockIceDragonsteel"
"Ice and Fire: RotN Edition","iceandfire:dragonsteel_lightning_block",2320,"false",6949,0,"Block of Lightning Dragonsteel","true","blockLightningDragonsteel"
"Ice and Fire: RotN Edition","iceandfire:dread_portal",2297,"false",6926,0,"Dread Lands Portal","true",""
"Ice and Fire: RotN Edition","iceandfire:dread_spawner",2298,"false",6927,0,"Dreadstone Mob Spawner","true",""
"Ice and Fire: RotN Edition","iceandfire:dread_stone",2283,"false",6912,0,"Dreadstone","true","stoneDreastone"
"Ice and Fire: RotN Edition","iceandfire:dread_stone_bricks",2284,"false",6913,0,"Dreadstone Bricks","true","brickDreadstone"
"Ice and Fire: RotN Edition","iceandfire:dread_stone_bricks_chiseled",2285,"false",6914,0,"Chiseled Dreadstone Bricks","true",""
"Ice and Fire: RotN Edition","iceandfire:dread_stone_bricks_cracked",2286,"false",6915,0,"Cracked Dreadstone Bricks","true",""
"Ice and Fire: RotN Edition","iceandfire:dread_stone_bricks_mossy",2287,"false",6916,0,"Mossy Dreadstone Bricks","true","blockMossy"
"Ice and Fire: RotN Edition","iceandfire:dread_stone_face",2289,"false",6918,0,"Dreadstone Chiseled Skull","true",""
"Ice and Fire: RotN Edition","iceandfire:dread_stone_slab",2293,"false",6922,0,"Dreadstone Bricks Slab","true",""
"Ice and Fire: RotN Edition","iceandfire:dread_stone_slab_double",2292,"false",6921,0,"Dreadstone Bricks Slab","true",""
"Ice and Fire: RotN Edition","iceandfire:dread_stone_stairs",2291,"false",6920,0,"Dreadstone Bricks Stairs","true",""
"Ice and Fire: RotN Edition","iceandfire:dread_stone_tile",2288,"false",6917,0,"Dreadstone Tile","true","stoneDreastonePolished"
"Ice and Fire: RotN Edition","iceandfire:dread_torch",2290,"false",6919,0,"Dreadstone Torch","true",""
"Ice and Fire: RotN Edition","iceandfire:dreadwood_log",2294,"false",6923,0,"Dreadwood Log","true","logWood"
"Ice and Fire: RotN Edition","iceandfire:dreadwood_planks",2295,"false",6924,0,"Dreadwood Planks","true","plankWood"
"Ice and Fire: RotN Edition","iceandfire:dreadwood_planks_lock",2296,"false",6925,0,"Dreadwood Keyhole","true",""
"Ice and Fire: RotN Edition","iceandfire:egginice",2266,"false",6895,0,"Frozen Dragon Egg","true",""
"Ice and Fire: RotN Edition","iceandfire:fire_lily",2223,"false",6852,0,"Fire Lily","true",""
"Ice and Fire: RotN Edition","iceandfire:frost_lily",2224,"false",6853,0,"Frost Lily","true",""
"Ice and Fire: RotN Edition","iceandfire:frozen_cobblestone",2241,"false",6870,0,"Frozen Cobblestone","true","frozenBlock"
"Ice and Fire: RotN Edition","iceandfire:frozen_dirt",2238,"false",6867,0,"Frozen Dirt","true","frozenBlock"
"Ice and Fire: RotN Edition","iceandfire:frozen_grass",2239,"false",6868,0,"Frozen Grass","true","frozenBlock"
"Ice and Fire: RotN Edition","iceandfire:frozen_grass_path",2243,"false",6872,0,"Frozen Grass Path","true","frozenBlock"
"Ice and Fire: RotN Edition","iceandfire:frozen_gravel",2242,"false",6871,0,"Frozen Gravel","true","frozenBlock"
"Ice and Fire: RotN Edition","iceandfire:frozen_splinters",2244,"false",6873,0,"Frozen Splinters","true",""
"Ice and Fire: RotN Edition","iceandfire:frozen_stone",2240,"false",6869,0,"Frozen Stone","true","frozenBlock"
"Ice and Fire: RotN Edition","iceandfire:goldpile",2225,"false",6854,0,"Pile of Gold","true",""
"Ice and Fire: RotN Edition","iceandfire:jar_empty",2269,"false",6898,0,"Jar","true",""
"Ice and Fire: RotN Edition","iceandfire:jar_pixie",2270,"false",6899,0,"Pixie Jar","true",""
"Ice and Fire: RotN Edition","iceandfire:jungle_myrmex_cocoon",2274,"false",6903,0,"Jungle Myrmex Cocoon","true",""
"Ice and Fire: RotN Edition","iceandfire:lectern",2221,"false",6850,0,"Lectern","true",""
"Ice and Fire: RotN Edition","iceandfire:lightning_lily",2311,"false",6940,0,"Lightning Lily","true",""
"Ice and Fire: RotN Edition","iceandfire:myrmex_desert_biolight",2275,"false",6904,0,"Desert Myrmex Bioluminescence","true",""
"Ice and Fire: RotN Edition","iceandfire:myrmex_desert_resin_block",2277,"false",6906,0,"Hardened Desert Myrmex Resin","true",""
"Ice and Fire: RotN Edition","iceandfire:myrmex_desert_resin_glass",2279,"false",6908,0,"Desert Myrmex Resin Glass","true",""
"Ice and Fire: RotN Edition","iceandfire:myrmex_jungle_biolight",2276,"false",6905,0,"Jungle Myrmex Bioluminescence","true",""
"Ice and Fire: RotN Edition","iceandfire:myrmex_jungle_resin_block",2278,"false",6907,0,"Hardened Jungle Myrmex Resin","true",""
"Ice and Fire: RotN Edition","iceandfire:myrmex_jungle_resin_glass",2280,"false",6909,0,"Jungle Myrmex Resin Glass","true",""
"Ice and Fire: RotN Edition","iceandfire:myrmex_resin",2271,"true",6900,0,"Desert Myrmex Resin","true",""
"Ice and Fire: RotN Edition","iceandfire:myrmex_resin",2271,"true",6900,1,"Jungle Myrmex Resin","true",""
"Ice and Fire: RotN Edition","iceandfire:myrmex_resin_sticky",2272,"true",6901,0,"Sticky Desert Myrmex Resin","true",""
"Ice and Fire: RotN Edition","iceandfire:myrmex_resin_sticky",2272,"true",6901,1,"Sticky Jungle Myrmex Resin","true",""
"Ice and Fire: RotN Edition","iceandfire:nest",2247,"false",6876,0,"Dragon Nest","true",""
"Ice and Fire: RotN Edition","iceandfire:pixie_house",2267,"true",6896,0,"Brown Mushroom Pixie Hovel","true",""
"Ice and Fire: RotN Edition","iceandfire:pixie_house",2267,"true",6896,1,"Red Mushroom Pixie Hovel","true",""
"Ice and Fire: RotN Edition","iceandfire:pixie_house",2267,"true",6896,2,"Birch Pixie Hovel","true",""
"Ice and Fire: RotN Edition","iceandfire:pixie_house",2267,"true",6896,3,"Oak Pixie Hovel","true",""
"Ice and Fire: RotN Edition","iceandfire:pixie_house",2267,"true",6896,4,"Dark Oak Pixie Hovel","true",""
"Ice and Fire: RotN Edition","iceandfire:pixie_house",2267,"true",6896,5,"Spruce Pixie Hovel","true",""
"Ice and Fire: RotN Edition","iceandfire:podium",2222,"true",6851,0,"Oak Podium","true",""
"Ice and Fire: RotN Edition","iceandfire:podium",2222,"true",6851,1,"Spruce Podium","true",""
"Ice and Fire: RotN Edition","iceandfire:podium",2222,"true",6851,2,"Birch Podium","true",""
"Ice and Fire: RotN Edition","iceandfire:podium",2222,"true",6851,3,"Jungle Podium","true",""
"Ice and Fire: RotN Edition","iceandfire:podium",2222,"true",6851,4,"Acacia Podium","true",""
"Ice and Fire: RotN Edition","iceandfire:podium",2222,"true",6851,5,"Dark Oak Podium","true",""
"Ice and Fire: RotN Edition","iceandfire:sapphire_block",2230,"false",6859,0,"Sapphire Block","true","blockSapphire"
"Ice and Fire: RotN Edition","iceandfire:sapphire_ore",2228,"false",6857,0,"Sapphire Ore","true","oreSapphire"
"Ice and Fire: RotN Edition","iceandfire:sea_serpent_scale_block_blue",2321,"false",6950,0,"Block of Sea Serpent Scales","true",""
"Ice and Fire: RotN Edition","iceandfire:sea_serpent_scale_block_bronze",2322,"false",6951,0,"Block of Sea Serpent Scales","true",""
"Ice and Fire: RotN Edition","iceandfire:sea_serpent_scale_block_deepblue",2323,"false",6952,0,"Block of Sea Serpent Scales","true",""
"Ice and Fire: RotN Edition","iceandfire:sea_serpent_scale_block_green",2324,"false",6953,0,"Block of Sea Serpent Scales","true",""
"Ice and Fire: RotN Edition","iceandfire:sea_serpent_scale_block_purple",2325,"false",6954,0,"Block of Sea Serpent Scales","true",""
"Ice and Fire: RotN Edition","iceandfire:sea_serpent_scale_block_red",2326,"false",6955,0,"Block of Sea Serpent Scales","true",""
"Ice and Fire: RotN Edition","iceandfire:sea_serpent_scale_block_teal",2327,"false",6956,0,"Block of Sea Serpent Scales","true",""
"Ice and Fire: RotN Edition","iceandfire:silver_block",2229,"false",6858,0,"Silver Block","true","blockSilver"
"Ice and Fire: RotN Edition","iceandfire:silver_ore",2227,"false",6856,0,"Silver Ore","true","oreSilver"
"Ice and Fire: RotN Edition","iceandfire:silverpile",2226,"false",6855,0,"Pile of Silver","true",""
"Ice and Fire: RotN Edition","iceandfire:venerable_stump",2268,"false",6897,0,"Venerable Stump","true",""
"Inspirations","inspirations:bookshelf",3311,"true",9392,0,"Bookshelf","true",""
"Inspirations","inspirations:bookshelf",3311,"true",9392,0,"Bookshelf","true",""
"Inspirations","inspirations:bookshelf",3311,"true",9392,0,"Bookshelf","true",""
"Inspirations","inspirations:bookshelf",3311,"true",9392,0,"Bookshelf","true",""
"Inspirations","inspirations:bookshelf",3311,"true",9392,0,"Bookshelf","true",""
"Inspirations","inspirations:bookshelf",3311,"true",9392,0,"Bookshelf","true",""
"Inspirations","inspirations:bookshelf",3311,"true",9392,0,"Bookshelf","true",""
"Inspirations","inspirations:bookshelf",3311,"true",9392,0,"Bookshelf","true",""
"Inspirations","inspirations:bookshelf",3311,"true",9392,0,"Bookshelf","true",""
"Inspirations","inspirations:bookshelf",3311,"true",9392,0,"Bookshelf","true",""
"Inspirations","inspirations:bookshelf",3311,"true",9392,0,"Bookshelf","true",""
"Inspirations","inspirations:bookshelf",3311,"true",9392,0,"Bookshelf","true",""
"Inspirations","inspirations:bookshelf",3311,"true",9392,0,"Bookshelf","true",""
"Inspirations","inspirations:bookshelf",3311,"true",9392,0,"Bookshelf","true",""
"Inspirations","inspirations:bookshelf",3311,"true",9392,0,"Bookshelf","true",""
"Inspirations","inspirations:bookshelf",3311,"true",9392,0,"Bookshelf","true",""
"Inspirations","inspirations:bookshelf",3311,"true",9392,0,"Bookshelf","true",""
"Inspirations","inspirations:bookshelf",3311,"true",9392,0,"Bookshelf","true",""
"Inspirations","inspirations:bookshelf",3311,"true",9392,0,"Bookshelf","true",""
"Inspirations","inspirations:bookshelf",3311,"true",9392,0,"Bookshelf","true",""
"Inspirations","inspirations:bookshelf",3311,"true",9392,0,"Bookshelf","true",""
"Inspirations","inspirations:bookshelf",3311,"true",9392,0,"Bookshelf","true",""
"Inspirations","inspirations:bookshelf",3311,"true",9392,0,"Bookshelf","true",""
"Inspirations","inspirations:bookshelf",3311,"true",9392,0,"Bookshelf","true",""
"Inspirations","inspirations:bookshelf",3311,"true",9392,0,"Bookshelf","true",""
"Inspirations","inspirations:bookshelf",3311,"true",9392,0,"Bookshelf","true",""
"Inspirations","inspirations:bookshelf",3311,"true",9392,0,"Bookshelf","true",""
"Inspirations","inspirations:bookshelf",3311,"true",9392,0,"Bookshelf","true",""
"Inspirations","inspirations:bookshelf",3311,"true",9392,0,"Bookshelf","true",""
"Inspirations","inspirations:bookshelf",3311,"true",9392,0,"Bookshelf","true",""
"Inspirations","inspirations:bookshelf",3311,"true",9392,0,"Bookshelf","true",""
"Inspirations","inspirations:bookshelf",3311,"true",9392,0,"Bookshelf","true",""
"Inspirations","inspirations:bookshelf",3311,"true",9392,0,"Bookshelf","true",""
"Inspirations","inspirations:bookshelf",3311,"true",9392,0,"Bookshelf","true",""
"Inspirations","inspirations:bookshelf",3311,"true",9392,0,"Bookshelf","true",""
"Inspirations","inspirations:bookshelf",3311,"true",9392,0,"Bookshelf","true",""
"Inspirations","inspirations:bookshelf",3311,"true",9392,0,"Bookshelf","true",""
"Inspirations","inspirations:bookshelf",3311,"true",9392,0,"Bookshelf","true",""
"Inspirations","inspirations:bookshelf",3311,"true",9392,0,"Bookshelf","true",""
"Inspirations","inspirations:bookshelf",3311,"true",9392,0,"Bookshelf","true",""
"Inspirations","inspirations:bookshelf",3311,"true",9392,0,"Bookshelf","true",""
"Inspirations","inspirations:bookshelf",3311,"true",9392,0,"Bookshelf","true",""
"Inspirations","inspirations:bookshelf",3311,"true",9392,0,"Bookshelf","true",""
"Inspirations","inspirations:bookshelf",3311,"true",9392,0,"Bookshelf","true",""
"Inspirations","inspirations:bookshelf",3311,"true",9392,0,"Bookshelf","true",""
"Inspirations","inspirations:bookshelf",3311,"true",9392,0,"Bookshelf","true",""
"Inspirations","inspirations:bookshelf",3311,"true",9392,0,"Bookshelf","true",""
"Inspirations","inspirations:bookshelf",3311,"true",9392,0,"Bookshelf","true",""
"Inspirations","inspirations:bookshelf",3311,"true",9392,0,"Bookshelf","true",""
"Inspirations","inspirations:bookshelf",3311,"true",9392,0,"Bookshelf","true",""
"Inspirations","inspirations:bookshelf",3311,"true",9392,0,"Bookshelf","true",""
"Inspirations","inspirations:bookshelf",3311,"true",9392,0,"Bookshelf","true",""
"Inspirations","inspirations:bookshelf",3311,"true",9392,0,"Bookshelf","true",""
"Inspirations","inspirations:bookshelf",3311,"true",9392,0,"Bookshelf","true",""
"Inspirations","inspirations:bookshelf",3311,"true",9392,0,"Bookshelf","true",""
"Inspirations","inspirations:bookshelf",3311,"true",9392,0,"Bookshelf","true",""
"Inspirations","inspirations:bookshelf",3311,"true",9392,0,"Bookshelf","true",""
"Inspirations","inspirations:bookshelf",3311,"true",9392,0,"Bookshelf","true",""
"Inspirations","inspirations:bookshelf",3311,"true",9392,0,"Bookshelf","true",""
"Inspirations","inspirations:bookshelf",3311,"true",9392,0,"Bookshelf","true",""
"Inspirations","inspirations:bookshelf",3311,"true",9392,0,"Bookshelf","true",""
"Inspirations","inspirations:bookshelf",3311,"true",9392,0,"Bookshelf","true",""
"Inspirations","inspirations:bookshelf",3311,"true",9392,0,"Bookshelf","true",""
"Inspirations","inspirations:bookshelf",3311,"true",9392,0,"Bookshelf","true",""
"Inspirations","inspirations:bookshelf",3311,"true",9392,0,"Bookshelf","true",""
"Inspirations","inspirations:bookshelf",3311,"true",9392,0,"Bookshelf","true",""
"Inspirations","inspirations:bookshelf",3311,"true",9392,0,"Bookshelf","true",""
"Inspirations","inspirations:bookshelf",3311,"true",9392,0,"Bookshelf","true",""
"Inspirations","inspirations:bookshelf",3311,"true",9392,0,"Bookshelf","true",""
"Inspirations","inspirations:bookshelf",3311,"true",9392,0,"Bookshelf","true",""
"Inspirations","inspirations:bookshelf",3311,"true",9392,0,"Bookshelf","true",""
"Inspirations","inspirations:bookshelf",3311,"true",9392,0,"Bookshelf","true",""
"Inspirations","inspirations:bookshelf",3311,"true",9392,0,"Bookshelf","true",""
"Inspirations","inspirations:bookshelf",3311,"true",9392,0,"Bookshelf","true",""
"Inspirations","inspirations:bookshelf",3311,"true",9392,0,"Bookshelf","true",""
"Inspirations","inspirations:bookshelf",3311,"true",9392,0,"Bookshelf","true",""
"Inspirations","inspirations:bookshelf",3311,"true",9392,0,"Bookshelf","true",""
"Inspirations","inspirations:bookshelf",3311,"true",9392,0,"Bookshelf","true",""
"Inspirations","inspirations:bookshelf",3311,"true",9392,1,"Rainbow Bookshelf","true",""
"Inspirations","inspirations:bookshelf",3311,"true",9392,1,"Rainbow Bookshelf","true",""
"Inspirations","inspirations:bookshelf",3311,"true",9392,1,"Rainbow Bookshelf","true",""
"Inspirations","inspirations:bookshelf",3311,"true",9392,1,"Rainbow Bookshelf","true",""
"Inspirations","inspirations:bookshelf",3311,"true",9392,1,"Rainbow Bookshelf","true",""
"Inspirations","inspirations:bookshelf",3311,"true",9392,1,"Rainbow Bookshelf","true",""
"Inspirations","inspirations:bookshelf",3311,"true",9392,1,"Rainbow Bookshelf","true",""
"Inspirations","inspirations:bookshelf",3311,"true",9392,1,"Rainbow Bookshelf","true",""
"Inspirations","inspirations:bookshelf",3311,"true",9392,1,"Rainbow Bookshelf","true",""
"Inspirations","inspirations:bookshelf",3311,"true",9392,1,"Rainbow Bookshelf","true",""
"Inspirations","inspirations:bookshelf",3311,"true",9392,1,"Rainbow Bookshelf","true",""
"Inspirations","inspirations:bookshelf",3311,"true",9392,1,"Rainbow Bookshelf","true",""
"Inspirations","inspirations:bookshelf",3311,"true",9392,1,"Rainbow Bookshelf","true",""
"Inspirations","inspirations:bookshelf",3311,"true",9392,1,"Rainbow Bookshelf","true",""
"Inspirations","inspirations:bookshelf",3311,"true",9392,1,"Rainbow Bookshelf","true",""
"Inspirations","inspirations:bookshelf",3311,"true",9392,1,"Rainbow Bookshelf","true",""
"Inspirations","inspirations:bookshelf",3311,"true",9392,1,"Rainbow Bookshelf","true",""
"Inspirations","inspirations:bookshelf",3311,"true",9392,1,"Rainbow Bookshelf","true",""
"Inspirations","inspirations:bookshelf",3311,"true",9392,1,"Rainbow Bookshelf","true",""
"Inspirations","inspirations:bookshelf",3311,"true",9392,1,"Rainbow Bookshelf","true",""
"Inspirations","inspirations:bookshelf",3311,"true",9392,1,"Rainbow Bookshelf","true",""
"Inspirations","inspirations:bookshelf",3311,"true",9392,1,"Rainbow Bookshelf","true",""
"Inspirations","inspirations:bookshelf",3311,"true",9392,1,"Rainbow Bookshelf","true",""
"Inspirations","inspirations:bookshelf",3311,"true",9392,1,"Rainbow Bookshelf","true",""
"Inspirations","inspirations:bookshelf",3311,"true",9392,1,"Rainbow Bookshelf","true",""
"Inspirations","inspirations:bookshelf",3311,"true",9392,1,"Rainbow Bookshelf","true",""
"Inspirations","inspirations:bookshelf",3311,"true",9392,1,"Rainbow Bookshelf","true",""
"Inspirations","inspirations:bookshelf",3311,"true",9392,1,"Rainbow Bookshelf","true",""
"Inspirations","inspirations:bookshelf",3311,"true",9392,1,"Rainbow Bookshelf","true",""
"Inspirations","inspirations:bookshelf",3311,"true",9392,1,"Rainbow Bookshelf","true",""
"Inspirations","inspirations:bookshelf",3311,"true",9392,1,"Rainbow Bookshelf","true",""
"Inspirations","inspirations:bookshelf",3311,"true",9392,1,"Rainbow Bookshelf","true",""
"Inspirations","inspirations:bookshelf",3311,"true",9392,1,"Rainbow Bookshelf","true",""
"Inspirations","inspirations:bookshelf",3311,"true",9392,1,"Rainbow Bookshelf","true",""
"Inspirations","inspirations:bookshelf",3311,"true",9392,1,"Rainbow Bookshelf","true",""
"Inspirations","inspirations:bookshelf",3311,"true",9392,1,"Rainbow Bookshelf","true",""
"Inspirations","inspirations:bookshelf",3311,"true",9392,1,"Rainbow Bookshelf","true",""
"Inspirations","inspirations:bookshelf",3311,"true",9392,1,"Rainbow Bookshelf","true",""
"Inspirations","inspirations:bookshelf",3311,"true",9392,1,"Rainbow Bookshelf","true",""
"Inspirations","inspirations:bookshelf",3311,"true",9392,1,"Rainbow Bookshelf","true",""
"Inspirations","inspirations:bookshelf",3311,"true",9392,1,"Rainbow Bookshelf","true",""
"Inspirations","inspirations:bookshelf",3311,"true",9392,1,"Rainbow Bookshelf","true",""
"Inspirations","inspirations:bookshelf",3311,"true",9392,1,"Rainbow Bookshelf","true",""
"Inspirations","inspirations:bookshelf",3311,"true",9392,1,"Rainbow Bookshelf","true",""
"Inspirations","inspirations:bookshelf",3311,"true",9392,1,"Rainbow Bookshelf","true",""
"Inspirations","inspirations:bookshelf",3311,"true",9392,1,"Rainbow Bookshelf","true",""
"Inspirations","inspirations:bookshelf",3311,"true",9392,1,"Rainbow Bookshelf","true",""
"Inspirations","inspirations:bookshelf",3311,"true",9392,1,"Rainbow Bookshelf","true",""
"Inspirations","inspirations:bookshelf",3311,"true",9392,1,"Rainbow Bookshelf","true",""
"Inspirations","inspirations:bookshelf",3311,"true",9392,1,"Rainbow Bookshelf","true",""
"Inspirations","inspirations:bookshelf",3311,"true",9392,1,"Rainbow Bookshelf","true",""
"Inspirations","inspirations:bookshelf",3311,"true",9392,1,"Rainbow Bookshelf","true",""
"Inspirations","inspirations:bookshelf",3311,"true",9392,1,"Rainbow Bookshelf","true",""
"Inspirations","inspirations:bookshelf",3311,"true",9392,1,"Rainbow Bookshelf","true",""
"Inspirations","inspirations:bookshelf",3311,"true",9392,1,"Rainbow Bookshelf","true",""
"Inspirations","inspirations:bookshelf",3311,"true",9392,1,"Rainbow Bookshelf","true",""
"Inspirations","inspirations:bookshelf",3311,"true",9392,1,"Rainbow Bookshelf","true",""
"Inspirations","inspirations:bookshelf",3311,"true",9392,1,"Rainbow Bookshelf","true",""
"Inspirations","inspirations:bookshelf",3311,"true",9392,1,"Rainbow Bookshelf","true",""
"Inspirations","inspirations:bookshelf",3311,"true",9392,1,"Rainbow Bookshelf","true",""
"Inspirations","inspirations:bookshelf",3311,"true",9392,1,"Rainbow Bookshelf","true",""
"Inspirations","inspirations:bookshelf",3311,"true",9392,1,"Rainbow Bookshelf","true",""
"Inspirations","inspirations:bookshelf",3311,"true",9392,1,"Rainbow Bookshelf","true",""
"Inspirations","inspirations:bookshelf",3311,"true",9392,1,"Rainbow Bookshelf","true",""
"Inspirations","inspirations:bookshelf",3311,"true",9392,1,"Rainbow Bookshelf","true",""
"Inspirations","inspirations:bookshelf",3311,"true",9392,1,"Rainbow Bookshelf","true",""
"Inspirations","inspirations:bookshelf",3311,"true",9392,1,"Rainbow Bookshelf","true",""
"Inspirations","inspirations:bookshelf",3311,"true",9392,1,"Rainbow Bookshelf","true",""
"Inspirations","inspirations:bookshelf",3311,"true",9392,1,"Rainbow Bookshelf","true",""
"Inspirations","inspirations:bookshelf",3311,"true",9392,1,"Rainbow Bookshelf","true",""
"Inspirations","inspirations:bookshelf",3311,"true",9392,1,"Rainbow Bookshelf","true",""
"Inspirations","inspirations:bookshelf",3311,"true",9392,1,"Rainbow Bookshelf","true",""
"Inspirations","inspirations:bookshelf",3311,"true",9392,1,"Rainbow Bookshelf","true",""
"Inspirations","inspirations:bookshelf",3311,"true",9392,1,"Rainbow Bookshelf","true",""
"Inspirations","inspirations:bookshelf",3311,"true",9392,1,"Rainbow Bookshelf","true",""
"Inspirations","inspirations:bookshelf",3311,"true",9392,1,"Rainbow Bookshelf","true",""
"Inspirations","inspirations:bookshelf",3311,"true",9392,1,"Rainbow Bookshelf","true",""
"Inspirations","inspirations:bookshelf",3311,"true",9392,1,"Rainbow Bookshelf","true",""
"Inspirations","inspirations:bookshelf",3311,"true",9392,2,"Tomes Bookshelf","true",""
"Inspirations","inspirations:bookshelf",3311,"true",9392,2,"Tomes Bookshelf","true",""
"Inspirations","inspirations:bookshelf",3311,"true",9392,2,"Tomes Bookshelf","true",""
"Inspirations","inspirations:bookshelf",3311,"true",9392,2,"Tomes Bookshelf","true",""
"Inspirations","inspirations:bookshelf",3311,"true",9392,2,"Tomes Bookshelf","true",""
"Inspirations","inspirations:bookshelf",3311,"true",9392,2,"Tomes Bookshelf","true",""
"Inspirations","inspirations:bookshelf",3311,"true",9392,2,"Tomes Bookshelf","true",""
"Inspirations","inspirations:bookshelf",3311,"true",9392,2,"Tomes Bookshelf","true",""
"Inspirations","inspirations:bookshelf",3311,"true",9392,2,"Tomes Bookshelf","true",""
"Inspirations","inspirations:bookshelf",3311,"true",9392,2,"Tomes Bookshelf","true",""
"Inspirations","inspirations:bookshelf",3311,"true",9392,2,"Tomes Bookshelf","true",""
"Inspirations","inspirations:bookshelf",3311,"true",9392,2,"Tomes Bookshelf","true",""
"Inspirations","inspirations:bookshelf",3311,"true",9392,2,"Tomes Bookshelf","true",""
"Inspirations","inspirations:bookshelf",3311,"true",9392,2,"Tomes Bookshelf","true",""
"Inspirations","inspirations:bookshelf",3311,"true",9392,2,"Tomes Bookshelf","true",""
"Inspirations","inspirations:bookshelf",3311,"true",9392,2,"Tomes Bookshelf","true",""
"Inspirations","inspirations:bookshelf",3311,"true",9392,2,"Tomes Bookshelf","true",""
"Inspirations","inspirations:bookshelf",3311,"true",9392,2,"Tomes Bookshelf","true",""
"Inspirations","inspirations:bookshelf",3311,"true",9392,2,"Tomes Bookshelf","true",""
"Inspirations","inspirations:bookshelf",3311,"true",9392,2,"Tomes Bookshelf","true",""
"Inspirations","inspirations:bookshelf",3311,"true",9392,2,"Tomes Bookshelf","true",""
"Inspirations","inspirations:bookshelf",3311,"true",9392,2,"Tomes Bookshelf","true",""
"Inspirations","inspirations:bookshelf",3311,"true",9392,2,"Tomes Bookshelf","true",""
"Inspirations","inspirations:bookshelf",3311,"true",9392,2,"Tomes Bookshelf","true",""
"Inspirations","inspirations:bookshelf",3311,"true",9392,2,"Tomes Bookshelf","true",""
"Inspirations","inspirations:bookshelf",3311,"true",9392,2,"Tomes Bookshelf","true",""
"Inspirations","inspirations:bookshelf",3311,"true",9392,2,"Tomes Bookshelf","true",""
"Inspirations","inspirations:bookshelf",3311,"true",9392,2,"Tomes Bookshelf","true",""
"Inspirations","inspirations:bookshelf",3311,"true",9392,2,"Tomes Bookshelf","true",""
"Inspirations","inspirations:bookshelf",3311,"true",9392,2,"Tomes Bookshelf","true",""
"Inspirations","inspirations:bookshelf",3311,"true",9392,2,"Tomes Bookshelf","true",""
"Inspirations","inspirations:bookshelf",3311,"true",9392,2,"Tomes Bookshelf","true",""
"Inspirations","inspirations:bookshelf",3311,"true",9392,2,"Tomes Bookshelf","true",""
"Inspirations","inspirations:bookshelf",3311,"true",9392,2,"Tomes Bookshelf","true",""
"Inspirations","inspirations:bookshelf",3311,"true",9392,2,"Tomes Bookshelf","true",""
"Inspirations","inspirations:bookshelf",3311,"true",9392,2,"Tomes Bookshelf","true",""
"Inspirations","inspirations:bookshelf",3311,"true",9392,2,"Tomes Bookshelf","true",""
"Inspirations","inspirations:bookshelf",3311,"true",9392,2,"Tomes Bookshelf","true",""
"Inspirations","inspirations:bookshelf",3311,"true",9392,2,"Tomes Bookshelf","true",""
"Inspirations","inspirations:bookshelf",3311,"true",9392,2,"Tomes Bookshelf","true",""
"Inspirations","inspirations:bookshelf",3311,"true",9392,2,"Tomes Bookshelf","true",""
"Inspirations","inspirations:bookshelf",3311,"true",9392,2,"Tomes Bookshelf","true",""
"Inspirations","inspirations:bookshelf",3311,"true",9392,2,"Tomes Bookshelf","true",""
"Inspirations","inspirations:bookshelf",3311,"true",9392,2,"Tomes Bookshelf","true",""
"Inspirations","inspirations:bookshelf",3311,"true",9392,2,"Tomes Bookshelf","true",""
"Inspirations","inspirations:bookshelf",3311,"true",9392,2,"Tomes Bookshelf","true",""
"Inspirations","inspirations:bookshelf",3311,"true",9392,2,"Tomes Bookshelf","true",""
"Inspirations","inspirations:bookshelf",3311,"true",9392,2,"Tomes Bookshelf","true",""
"Inspirations","inspirations:bookshelf",3311,"true",9392,2,"Tomes Bookshelf","true",""
"Inspirations","inspirations:bookshelf",3311,"true",9392,2,"Tomes Bookshelf","true",""
"Inspirations","inspirations:bookshelf",3311,"true",9392,2,"Tomes Bookshelf","true",""
"Inspirations","inspirations:bookshelf",3311,"true",9392,2,"Tomes Bookshelf","true",""
"Inspirations","inspirations:bookshelf",3311,"true",9392,2,"Tomes Bookshelf","true",""
"Inspirations","inspirations:bookshelf",3311,"true",9392,2,"Tomes Bookshelf","true",""
"Inspirations","inspirations:bookshelf",3311,"true",9392,2,"Tomes Bookshelf","true",""
"Inspirations","inspirations:bookshelf",3311,"true",9392,2,"Tomes Bookshelf","true",""
"Inspirations","inspirations:bookshelf",3311,"true",9392,2,"Tomes Bookshelf","true",""
"Inspirations","inspirations:bookshelf",3311,"true",9392,2,"Tomes Bookshelf","true",""
"Inspirations","inspirations:bookshelf",3311,"true",9392,2,"Tomes Bookshelf","true",""
"Inspirations","inspirations:bookshelf",3311,"true",9392,2,"Tomes Bookshelf","true",""
"Inspirations","inspirations:bookshelf",3311,"true",9392,2,"Tomes Bookshelf","true",""
"Inspirations","inspirations:bookshelf",3311,"true",9392,2,"Tomes Bookshelf","true",""
"Inspirations","inspirations:bookshelf",3311,"true",9392,2,"Tomes Bookshelf","true",""
"Inspirations","inspirations:bookshelf",3311,"true",9392,2,"Tomes Bookshelf","true",""
"Inspirations","inspirations:bookshelf",3311,"true",9392,2,"Tomes Bookshelf","true",""
"Inspirations","inspirations:bookshelf",3311,"true",9392,2,"Tomes Bookshelf","true",""
"Inspirations","inspirations:bookshelf",3311,"true",9392,2,"Tomes Bookshelf","true",""
"Inspirations","inspirations:bookshelf",3311,"true",9392,2,"Tomes Bookshelf","true",""
"Inspirations","inspirations:bookshelf",3311,"true",9392,2,"Tomes Bookshelf","true",""
"Inspirations","inspirations:bookshelf",3311,"true",9392,2,"Tomes Bookshelf","true",""
"Inspirations","inspirations:bookshelf",3311,"true",9392,2,"Tomes Bookshelf","true",""
"Inspirations","inspirations:bookshelf",3311,"true",9392,2,"Tomes Bookshelf","true",""
"Inspirations","inspirations:bookshelf",3311,"true",9392,2,"Tomes Bookshelf","true",""
"Inspirations","inspirations:bookshelf",3311,"true",9392,2,"Tomes Bookshelf","true",""
"Inspirations","inspirations:bookshelf",3311,"true",9392,2,"Tomes Bookshelf","true",""
"Inspirations","inspirations:bookshelf",3311,"true",9392,2,"Tomes Bookshelf","true",""
"Inspirations","inspirations:bookshelf",3311,"true",9392,2,"Tomes Bookshelf","true",""
"Inspirations","inspirations:bookshelf",3311,"true",9392,2,"Tomes Bookshelf","true",""
"Inspirations","inspirations:bookshelf",3311,"true",9392,3,"Ancient Bookshelf","true",""
"Inspirations","inspirations:bookshelf",3311,"true",9392,3,"Ancient Bookshelf","true",""
"Inspirations","inspirations:bookshelf",3311,"true",9392,3,"Ancient Bookshelf","true",""
"Inspirations","inspirations:bookshelf",3311,"true",9392,3,"Ancient Bookshelf","true",""
"Inspirations","inspirations:bookshelf",3311,"true",9392,3,"Ancient Bookshelf","true",""
"Inspirations","inspirations:bookshelf",3311,"true",9392,3,"Ancient Bookshelf","true",""
"Inspirations","inspirations:bookshelf",3311,"true",9392,3,"Ancient Bookshelf","true",""
"Inspirations","inspirations:bookshelf",3311,"true",9392,3,"Ancient Bookshelf","true",""
"Inspirations","inspirations:bookshelf",3311,"true",9392,3,"Ancient Bookshelf","true",""
"Inspirations","inspirations:bookshelf",3311,"true",9392,3,"Ancient Bookshelf","true",""
"Inspirations","inspirations:bookshelf",3311,"true",9392,3,"Ancient Bookshelf","true",""
"Inspirations","inspirations:bookshelf",3311,"true",9392,3,"Ancient Bookshelf","true",""
"Inspirations","inspirations:bookshelf",3311,"true",9392,3,"Ancient Bookshelf","true",""
"Inspirations","inspirations:bookshelf",3311,"true",9392,3,"Ancient Bookshelf","true",""
"Inspirations","inspirations:bookshelf",3311,"true",9392,3,"Ancient Bookshelf","true",""
"Inspirations","inspirations:bookshelf",3311,"true",9392,3,"Ancient Bookshelf","true",""
"Inspirations","inspirations:bookshelf",3311,"true",9392,3,"Ancient Bookshelf","true",""
"Inspirations","inspirations:bookshelf",3311,"true",9392,3,"Ancient Bookshelf","true",""
"Inspirations","inspirations:bookshelf",3311,"true",9392,3,"Ancient Bookshelf","true",""
"Inspirations","inspirations:bookshelf",3311,"true",9392,3,"Ancient Bookshelf","true",""
"Inspirations","inspirations:bookshelf",3311,"true",9392,3,"Ancient Bookshelf","true",""
"Inspirations","inspirations:bookshelf",3311,"true",9392,3,"Ancient Bookshelf","true",""
"Inspirations","inspirations:bookshelf",3311,"true",9392,3,"Ancient Bookshelf","true",""
"Inspirations","inspirations:bookshelf",3311,"true",9392,3,"Ancient Bookshelf","true",""
"Inspirations","inspirations:bookshelf",3311,"true",9392,3,"Ancient Bookshelf","true",""
"Inspirations","inspirations:bookshelf",3311,"true",9392,3,"Ancient Bookshelf","true",""
"Inspirations","inspirations:bookshelf",3311,"true",9392,3,"Ancient Bookshelf","true",""
"Inspirations","inspirations:bookshelf",3311,"true",9392,3,"Ancient Bookshelf","true",""
"Inspirations","inspirations:bookshelf",3311,"true",9392,3,"Ancient Bookshelf","true",""
"Inspirations","inspirations:bookshelf",3311,"true",9392,3,"Ancient Bookshelf","true",""
"Inspirations","inspirations:bookshelf",3311,"true",9392,3,"Ancient Bookshelf","true",""
"Inspirations","inspirations:bookshelf",3311,"true",9392,3,"Ancient Bookshelf","true",""
"Inspirations","inspirations:bookshelf",3311,"true",9392,3,"Ancient Bookshelf","true",""
"Inspirations","inspirations:bookshelf",3311,"true",9392,3,"Ancient Bookshelf","true",""
"Inspirations","inspirations:bookshelf",3311,"true",9392,3,"Ancient Bookshelf","true",""
"Inspirations","inspirations:bookshelf",3311,"true",9392,3,"Ancient Bookshelf","true",""
"Inspirations","inspirations:bookshelf",3311,"true",9392,3,"Ancient Bookshelf","true",""
"Inspirations","inspirations:bookshelf",3311,"true",9392,3,"Ancient Bookshelf","true",""
"Inspirations","inspirations:bookshelf",3311,"true",9392,3,"Ancient Bookshelf","true",""
"Inspirations","inspirations:bookshelf",3311,"true",9392,3,"Ancient Bookshelf","true",""
"Inspirations","inspirations:bookshelf",3311,"true",9392,3,"Ancient Bookshelf","true",""
"Inspirations","inspirations:bookshelf",3311,"true",9392,3,"Ancient Bookshelf","true",""
"Inspirations","inspirations:bookshelf",3311,"true",9392,3,"Ancient Bookshelf","true",""
"Inspirations","inspirations:bookshelf",3311,"true",9392,3,"Ancient Bookshelf","true",""
"Inspirations","inspirations:bookshelf",3311,"true",9392,3,"Ancient Bookshelf","true",""
"Inspirations","inspirations:bookshelf",3311,"true",9392,3,"Ancient Bookshelf","true",""
"Inspirations","inspirations:bookshelf",3311,"true",9392,3,"Ancient Bookshelf","true",""
"Inspirations","inspirations:bookshelf",3311,"true",9392,3,"Ancient Bookshelf","true",""
"Inspirations","inspirations:bookshelf",3311,"true",9392,3,"Ancient Bookshelf","true",""
"Inspirations","inspirations:bookshelf",3311,"true",9392,3,"Ancient Bookshelf","true",""
"Inspirations","inspirations:bookshelf",3311,"true",9392,3,"Ancient Bookshelf","true",""
"Inspirations","inspirations:bookshelf",3311,"true",9392,3,"Ancient Bookshelf","true",""
"Inspirations","inspirations:bookshelf",3311,"true",9392,3,"Ancient Bookshelf","true",""
"Inspirations","inspirations:bookshelf",3311,"true",9392,3,"Ancient Bookshelf","true",""
"Inspirations","inspirations:bookshelf",3311,"true",9392,3,"Ancient Bookshelf","true",""
"Inspirations","inspirations:bookshelf",3311,"true",9392,3,"Ancient Bookshelf","true",""
"Inspirations","inspirations:bookshelf",3311,"true",9392,3,"Ancient Bookshelf","true",""
"Inspirations","inspirations:bookshelf",3311,"true",9392,3,"Ancient Bookshelf","true",""
"Inspirations","inspirations:bookshelf",3311,"true",9392,3,"Ancient Bookshelf","true",""
"Inspirations","inspirations:bookshelf",3311,"true",9392,3,"Ancient Bookshelf","true",""
"Inspirations","inspirations:bookshelf",3311,"true",9392,3,"Ancient Bookshelf","true",""
"Inspirations","inspirations:bookshelf",3311,"true",9392,3,"Ancient Bookshelf","true",""
"Inspirations","inspirations:bookshelf",3311,"true",9392,3,"Ancient Bookshelf","true",""
"Inspirations","inspirations:bookshelf",3311,"true",9392,3,"Ancient Bookshelf","true",""
"Inspirations","inspirations:bookshelf",3311,"true",9392,3,"Ancient Bookshelf","true",""
"Inspirations","inspirations:bookshelf",3311,"true",9392,3,"Ancient Bookshelf","true",""
"Inspirations","inspirations:bookshelf",3311,"true",9392,3,"Ancient Bookshelf","true",""
"Inspirations","inspirations:bookshelf",3311,"true",9392,3,"Ancient Bookshelf","true",""
"Inspirations","inspirations:bookshelf",3311,"true",9392,3,"Ancient Bookshelf","true",""
"Inspirations","inspirations:bookshelf",3311,"true",9392,3,"Ancient Bookshelf","true",""
"Inspirations","inspirations:bookshelf",3311,"true",9392,3,"Ancient Bookshelf","true",""
"Inspirations","inspirations:bookshelf",3311,"true",9392,3,"Ancient Bookshelf","true",""
"Inspirations","inspirations:bookshelf",3311,"true",9392,3,"Ancient Bookshelf","true",""
"Inspirations","inspirations:bookshelf",3311,"true",9392,3,"Ancient Bookshelf","true",""
"Inspirations","inspirations:bookshelf",3311,"true",9392,3,"Ancient Bookshelf","true",""
"Inspirations","inspirations:bookshelf",3311,"true",9392,3,"Ancient Bookshelf","true",""
"Inspirations","inspirations:bookshelf",3311,"true",9392,3,"Ancient Bookshelf","true",""
"Inspirations","inspirations:bookshelf",3311,"true",9392,3,"Ancient Bookshelf","true",""
"Inspirations","inspirations:bricks_button",3320,"true",9401,0,"Bricks Button","true",""
"Inspirations","inspirations:bricks_button",3320,"true",9401,1,"Nether Brick Button","true",""
"Inspirations","inspirations:cactus_crop",3345,"false",,,"Cactus","true",""
"Inspirations","inspirations:carpeted_pressure_plate_1",3340,"false",,,"tile.inspirations.carpeted_pressure_plate_1.name","true",""
"Inspirations","inspirations:carpeted_pressure_plate_2",3341,"false",,,"tile.inspirations.carpeted_pressure_plate_2.name","true",""
"Inspirations","inspirations:carpeted_trapdoor_black",3339,"false",9419,0,"Black Carpeted Trapdoor","true","trapdoorCarpeted"
"Inspirations","inspirations:carpeted_trapdoor_blue",3335,"false",9415,0,"Blue Carpeted Trapdoor","true","trapdoorCarpeted"
"Inspirations","inspirations:carpeted_trapdoor_brown",3336,"false",9416,0,"Brown Carpeted Trapdoor","true","trapdoorCarpeted"
"Inspirations","inspirations:carpeted_trapdoor_cyan",3333,"false",9413,0,"Cyan Carpeted Trapdoor","true","trapdoorCarpeted"
"Inspirations","inspirations:carpeted_trapdoor_gray",3331,"false",9411,0,"Gray Carpeted Trapdoor","true","trapdoorCarpeted"
"Inspirations","inspirations:carpeted_trapdoor_green",3337,"false",9417,0,"Green Carpeted Trapdoor","true","trapdoorCarpeted"
"Inspirations","inspirations:carpeted_trapdoor_light_blue",3327,"false",9407,0,"Light Blue Carpeted Trapdoor","true","trapdoorCarpeted"
"Inspirations","inspirations:carpeted_trapdoor_lime",3329,"false",9409,0,"Lime Carpeted Trapdoor","true","trapdoorCarpeted"
"Inspirations","inspirations:carpeted_trapdoor_magenta",3326,"false",9406,0,"Magenta Carpeted Trapdoor","true","trapdoorCarpeted"
"Inspirations","inspirations:carpeted_trapdoor_orange",3325,"false",9405,0,"Orange Carpeted Trapdoor","true","trapdoorCarpeted"
"Inspirations","inspirations:carpeted_trapdoor_pink",3330,"false",9410,0,"Pink Carpeted Trapdoor","true","trapdoorCarpeted"
"Inspirations","inspirations:carpeted_trapdoor_purple",3334,"false",9414,0,"Purple Carpeted Trapdoor","true","trapdoorCarpeted"
"Inspirations","inspirations:carpeted_trapdoor_red",3338,"false",9418,0,"Red Carpeted Trapdoor","true","trapdoorCarpeted"
"Inspirations","inspirations:carpeted_trapdoor_silver",3332,"false",9412,0,"Light Gray Carpeted Trapdoor","true","trapdoorCarpeted"
"Inspirations","inspirations:carpeted_trapdoor_white",3324,"false",9404,0,"White Carpeted Trapdoor","true","trapdoorCarpeted"
"Inspirations","inspirations:carpeted_trapdoor_yellow",3328,"false",9408,0,"Yellow Carpeted Trapdoor","true","trapdoorCarpeted"
"Inspirations","inspirations:collector",3342,"false",9420,0,"Collector","true",""
"Inspirations","inspirations:enlightened_bush",3318,"true",9397,0,"White Enlightened Bush","true",""
"Inspirations","inspirations:enlightened_bush",3318,"true",9397,0,"White Enlightened Bush","true",""
"Inspirations","inspirations:enlightened_bush",3318,"true",9397,0,"White Enlightened Bush","true",""
"Inspirations","inspirations:enlightened_bush",3318,"true",9397,0,"White Enlightened Bush","true",""
"Inspirations","inspirations:enlightened_bush",3318,"true",9397,0,"White Enlightened Bush","true",""
"Inspirations","inspirations:enlightened_bush",3318,"true",9397,0,"White Enlightened Bush","true",""
"Inspirations","inspirations:enlightened_bush",3318,"true",9397,0,"White Enlightened Bush","true",""
"Inspirations","inspirations:enlightened_bush",3318,"true",9397,0,"White Enlightened Bush","true",""
"Inspirations","inspirations:enlightened_bush",3318,"true",9397,0,"White Enlightened Bush","true",""
"Inspirations","inspirations:enlightened_bush",3318,"true",9397,0,"White Enlightened Bush","true",""
"Inspirations","inspirations:enlightened_bush",3318,"true",9397,0,"White Enlightened Bush","true",""
"Inspirations","inspirations:enlightened_bush",3318,"true",9397,0,"White Enlightened Bush","true",""
"Inspirations","inspirations:enlightened_bush",3318,"true",9397,0,"White Enlightened Bush","true",""
"Inspirations","inspirations:enlightened_bush",3318,"true",9397,0,"White Enlightened Bush","true",""
"Inspirations","inspirations:enlightened_bush",3318,"true",9397,0,"White Enlightened Bush","true",""
"Inspirations","inspirations:enlightened_bush",3318,"true",9397,0,"White Enlightened Bush","true",""
"Inspirations","inspirations:enlightened_bush",3318,"true",9397,0,"White Enlightened Bush","true",""
"Inspirations","inspirations:enlightened_bush",3318,"true",9397,0,"White Enlightened Bush","true",""
"Inspirations","inspirations:enlightened_bush",3318,"true",9397,0,"White Enlightened Bush","true",""
"Inspirations","inspirations:enlightened_bush",3318,"true",9397,0,"White Enlightened Bush","true",""
"Inspirations","inspirations:enlightened_bush",3318,"true",9397,0,"White Enlightened Bush","true",""
"Inspirations","inspirations:enlightened_bush",3318,"true",9397,0,"White Enlightened Bush","true",""
"Inspirations","inspirations:enlightened_bush",3318,"true",9397,0,"White Enlightened Bush","true",""
"Inspirations","inspirations:enlightened_bush",3318,"true",9397,0,"White Enlightened Bush","true",""
"Inspirations","inspirations:enlightened_bush",3318,"true",9397,0,"White Enlightened Bush","true",""
"Inspirations","inspirations:enlightened_bush",3318,"true",9397,0,"White Enlightened Bush","true",""
"Inspirations","inspirations:enlightened_bush",3318,"true",9397,0,"White Enlightened Bush","true",""
"Inspirations","inspirations:enlightened_bush",3318,"true",9397,0,"White Enlightened Bush","true",""
"Inspirations","inspirations:enlightened_bush",3318,"true",9397,0,"White Enlightened Bush","true",""
"Inspirations","inspirations:enlightened_bush",3318,"true",9397,0,"White Enlightened Bush","true",""
"Inspirations","inspirations:enlightened_bush",3318,"true",9397,0,"White Enlightened Bush","true",""
"Inspirations","inspirations:enlightened_bush",3318,"true",9397,0,"White Enlightened Bush","true",""
"Inspirations","inspirations:enlightened_bush",3318,"true",9397,0,"White Enlightened Bush","true",""
"Inspirations","inspirations:enlightened_bush",3318,"true",9397,0,"White Enlightened Bush","true",""
"Inspirations","inspirations:enlightened_bush",3318,"true",9397,0,"White Enlightened Bush","true",""
"Inspirations","inspirations:enlightened_bush",3318,"true",9397,0,"White Enlightened Bush","true",""
"Inspirations","inspirations:enlightened_bush",3318,"true",9397,0,"White Enlightened Bush","true",""
"Inspirations","inspirations:enlightened_bush",3318,"true",9397,0,"White Enlightened Bush","true",""
"Inspirations","inspirations:enlightened_bush",3318,"true",9397,0,"White Enlightened Bush","true",""
"Inspirations","inspirations:enlightened_bush",3318,"true",9397,0,"White Enlightened Bush","true",""
"Inspirations","inspirations:enlightened_bush",3318,"true",9397,0,"White Enlightened Bush","true",""
"Inspirations","inspirations:enlightened_bush",3318,"true",9397,0,"White Enlightened Bush","true",""
"Inspirations","inspirations:enlightened_bush",3318,"true",9397,0,"White Enlightened Bush","true",""
"Inspirations","inspirations:enlightened_bush",3318,"true",9397,0,"White Enlightened Bush","true",""
"Inspirations","inspirations:enlightened_bush",3318,"true",9397,0,"White Enlightened Bush","true",""
"Inspirations","inspirations:enlightened_bush",3318,"true",9397,0,"White Enlightened Bush","true",""
"Inspirations","inspirations:enlightened_bush",3318,"true",9397,0,"White Enlightened Bush","true",""
"Inspirations","inspirations:enlightened_bush",3318,"true",9397,0,"White Enlightened Bush","true",""
"Inspirations","inspirations:enlightened_bush",3318,"true",9397,0,"White Enlightened Bush","true",""
"Inspirations","inspirations:enlightened_bush",3318,"true",9397,0,"White Enlightened Bush","true",""
"Inspirations","inspirations:enlightened_bush",3318,"true",9397,0,"White Enlightened Bush","true",""
"Inspirations","inspirations:enlightened_bush",3318,"true",9397,0,"White Enlightened Bush","true",""
"Inspirations","inspirations:enlightened_bush",3318,"true",9397,0,"White Enlightened Bush","true",""
"Inspirations","inspirations:enlightened_bush",3318,"true",9397,0,"White Enlightened Bush","true",""
"Inspirations","inspirations:enlightened_bush",3318,"true",9397,0,"White Enlightened Bush","true",""
"Inspirations","inspirations:enlightened_bush",3318,"true",9397,0,"White Enlightened Bush","true",""
"Inspirations","inspirations:enlightened_bush",3318,"true",9397,0,"White Enlightened Bush","true",""
"Inspirations","inspirations:enlightened_bush",3318,"true",9397,0,"White Enlightened Bush","true",""
"Inspirations","inspirations:enlightened_bush",3318,"true",9397,0,"White Enlightened Bush","true",""
"Inspirations","inspirations:enlightened_bush",3318,"true",9397,0,"White Enlightened Bush","true",""
"Inspirations","inspirations:enlightened_bush",3318,"true",9397,0,"White Enlightened Bush","true",""
"Inspirations","inspirations:enlightened_bush",3318,"true",9397,0,"White Enlightened Bush","true",""
"Inspirations","inspirations:enlightened_bush",3318,"true",9397,0,"White Enlightened Bush","true",""
"Inspirations","inspirations:enlightened_bush",3318,"true",9397,0,"White Enlightened Bush","true",""
"Inspirations","inspirations:enlightened_bush",3318,"true",9397,0,"White Enlightened Bush","true",""
"Inspirations","inspirations:enlightened_bush",3318,"true",9397,0,"White Enlightened Bush","true",""
"Inspirations","inspirations:enlightened_bush",3318,"true",9397,0,"White Enlightened Bush","true",""
"Inspirations","inspirations:enlightened_bush",3318,"true",9397,0,"White Enlightened Bush","true",""
"Inspirations","inspirations:enlightened_bush",3318,"true",9397,0,"White Enlightened Bush","true",""
"Inspirations","inspirations:enlightened_bush",3318,"true",9397,0,"White Enlightened Bush","true",""
"Inspirations","inspirations:enlightened_bush",3318,"true",9397,0,"White Enlightened Bush","true",""
"Inspirations","inspirations:enlightened_bush",3318,"true",9397,0,"White Enlightened Bush","true",""
"Inspirations","inspirations:enlightened_bush",3318,"true",9397,0,"White Enlightened Bush","true",""
"Inspirations","inspirations:enlightened_bush",3318,"true",9397,0,"White Enlightened Bush","true",""
"Inspirations","inspirations:enlightened_bush",3318,"true",9397,0,"White Enlightened Bush","true",""
"Inspirations","inspirations:enlightened_bush",3318,"true",9397,0,"White Enlightened Bush","true",""
"Inspirations","inspirations:enlightened_bush",3318,"true",9397,0,"White Enlightened Bush","true",""
"Inspirations","inspirations:enlightened_bush",3318,"true",9397,0,"White Enlightened Bush","true",""
"Inspirations","inspirations:enlightened_bush",3318,"true",9397,0,"White Enlightened Bush","true",""
"Inspirations","inspirations:enlightened_bush",3318,"true",9397,0,"White Enlightened Bush","true",""
"Inspirations","inspirations:enlightened_bush",3318,"true",9397,0,"White Enlightened Bush","true",""
"Inspirations","inspirations:enlightened_bush",3318,"true",9397,0,"White Enlightened Bush","true",""
"Inspirations","inspirations:enlightened_bush",3318,"true",9397,0,"White Enlightened Bush","true",""
"Inspirations","inspirations:enlightened_bush",3318,"true",9397,0,"White Enlightened Bush","true",""
"Inspirations","inspirations:enlightened_bush",3318,"true",9397,0,"White Enlightened Bush","true",""
"Inspirations","inspirations:enlightened_bush",3318,"true",9397,0,"White Enlightened Bush","true",""
"Inspirations","inspirations:enlightened_bush",3318,"true",9397,0,"White Enlightened Bush","true",""
"Inspirations","inspirations:enlightened_bush",3318,"true",9397,0,"White Enlightened Bush","true",""
"Inspirations","inspirations:enlightened_bush",3318,"true",9397,0,"White Enlightened Bush","true",""
"Inspirations","inspirations:enlightened_bush",3318,"true",9397,0,"White Enlightened Bush","true",""
"Inspirations","inspirations:enlightened_bush",3318,"true",9397,0,"White Enlightened Bush","true",""
"Inspirations","inspirations:enlightened_bush",3318,"true",9397,0,"White Enlightened Bush","true",""
"Inspirations","inspirations:enlightened_bush",3318,"true",9397,0,"White Enlightened Bush","true",""
"Inspirations","inspirations:enlightened_bush",3318,"true",9397,0,"White Enlightened Bush","true",""
"Inspirations","inspirations:enlightened_bush",3318,"true",9397,0,"White Enlightened Bush","true",""
"Inspirations","inspirations:enlightened_bush",3318,"true",9397,0,"White Enlightened Bush","true",""
"Inspirations","inspirations:enlightened_bush",3318,"true",9397,0,"White Enlightened Bush","true",""
"Inspirations","inspirations:enlightened_bush",3318,"true",9397,0,"White Enlightened Bush","true",""
"Inspirations","inspirations:enlightened_bush",3318,"true",9397,0,"White Enlightened Bush","true",""
"Inspirations","inspirations:enlightened_bush",3318,"true",9397,0,"White Enlightened Bush","true",""
"Inspirations","inspirations:enlightened_bush",3318,"true",9397,0,"White Enlightened Bush","true",""
"Inspirations","inspirations:enlightened_bush",3318,"true",9397,0,"White Enlightened Bush","true",""
"Inspirations","inspirations:enlightened_bush",3318,"true",9397,0,"White Enlightened Bush","true",""
"Inspirations","inspirations:enlightened_bush",3318,"true",9397,0,"White Enlightened Bush","true",""
"Inspirations","inspirations:enlightened_bush",3318,"true",9397,0,"White Enlightened Bush","true",""
"Inspirations","inspirations:enlightened_bush",3318,"true",9397,0,"White Enlightened Bush","true",""
"Inspirations","inspirations:enlightened_bush",3318,"true",9397,0,"White Enlightened Bush","true",""
"Inspirations","inspirations:enlightened_bush",3318,"true",9397,0,"White Enlightened Bush","true",""
"Inspirations","inspirations:enlightened_bush",3318,"true",9397,0,"White Enlightened Bush","true",""
"Inspirations","inspirations:enlightened_bush",3318,"true",9397,0,"White Enlightened Bush","true",""
"Inspirations","inspirations:enlightened_bush",3318,"true",9397,0,"White Enlightened Bush","true",""
"Inspirations","inspirations:enlightened_bush",3318,"true",9397,0,"White Enlightened Bush","true",""
"Inspirations","inspirations:enlightened_bush",3318,"true",9397,0,"White Enlightened Bush","true",""
"Inspirations","inspirations:enlightened_bush",3318,"true",9397,0,"White Enlightened Bush","true",""
"Inspirations","inspirations:enlightened_bush",3318,"true",9397,1,"Red Enlightened Bush","true",""
"Inspirations","inspirations:enlightened_bush",3318,"true",9397,1,"Red Enlightened Bush","true",""
"Inspirations","inspirations:enlightened_bush",3318,"true",9397,1,"Red Enlightened Bush","true",""
"Inspirations","inspirations:enlightened_bush",3318,"true",9397,1,"Red Enlightened Bush","true",""
"Inspirations","inspirations:enlightened_bush",3318,"true",9397,1,"Red Enlightened Bush","true",""
"Inspirations","inspirations:enlightened_bush",3318,"true",9397,1,"Red Enlightened Bush","true",""
"Inspirations","inspirations:enlightened_bush",3318,"true",9397,1,"Red Enlightened Bush","true",""
"Inspirations","inspirations:enlightened_bush",3318,"true",9397,1,"Red Enlightened Bush","true",""
"Inspirations","inspirations:enlightened_bush",3318,"true",9397,1,"Red Enlightened Bush","true",""
"Inspirations","inspirations:enlightened_bush",3318,"true",9397,1,"Red Enlightened Bush","true",""
"Inspirations","inspirations:enlightened_bush",3318,"true",9397,1,"Red Enlightened Bush","true",""
"Inspirations","inspirations:enlightened_bush",3318,"true",9397,1,"Red Enlightened Bush","true",""
"Inspirations","inspirations:enlightened_bush",3318,"true",9397,1,"Red Enlightened Bush","true",""
"Inspirations","inspirations:enlightened_bush",3318,"true",9397,1,"Red Enlightened Bush","true",""
"Inspirations","inspirations:enlightened_bush",3318,"true",9397,1,"Red Enlightened Bush","true",""
"Inspirations","inspirations:enlightened_bush",3318,"true",9397,1,"Red Enlightened Bush","true",""
"Inspirations","inspirations:enlightened_bush",3318,"true",9397,1,"Red Enlightened Bush","true",""
"Inspirations","inspirations:enlightened_bush",3318,"true",9397,1,"Red Enlightened Bush","true",""
"Inspirations","inspirations:enlightened_bush",3318,"true",9397,1,"Red Enlightened Bush","true",""
"Inspirations","inspirations:enlightened_bush",3318,"true",9397,1,"Red Enlightened Bush","true",""
"Inspirations","inspirations:enlightened_bush",3318,"true",9397,1,"Red Enlightened Bush","true",""
"Inspirations","inspirations:enlightened_bush",3318,"true",9397,1,"Red Enlightened Bush","true",""
"Inspirations","inspirations:enlightened_bush",3318,"true",9397,1,"Red Enlightened Bush","true",""
"Inspirations","inspirations:enlightened_bush",3318,"true",9397,1,"Red Enlightened Bush","true",""
"Inspirations","inspirations:enlightened_bush",3318,"true",9397,1,"Red Enlightened Bush","true",""
"Inspirations","inspirations:enlightened_bush",3318,"true",9397,1,"Red Enlightened Bush","true",""
"Inspirations","inspirations:enlightened_bush",3318,"true",9397,1,"Red Enlightened Bush","true",""
"Inspirations","inspirations:enlightened_bush",3318,"true",9397,1,"Red Enlightened Bush","true",""
"Inspirations","inspirations:enlightened_bush",3318,"true",9397,1,"Red Enlightened Bush","true",""
"Inspirations","inspirations:enlightened_bush",3318,"true",9397,1,"Red Enlightened Bush","true",""
"Inspirations","inspirations:enlightened_bush",3318,"true",9397,1,"Red Enlightened Bush","true",""
"Inspirations","inspirations:enlightened_bush",3318,"true",9397,1,"Red Enlightened Bush","true",""
"Inspirations","inspirations:enlightened_bush",3318,"true",9397,1,"Red Enlightened Bush","true",""
"Inspirations","inspirations:enlightened_bush",3318,"true",9397,1,"Red Enlightened Bush","true",""
"Inspirations","inspirations:enlightened_bush",3318,"true",9397,1,"Red Enlightened Bush","true",""
"Inspirations","inspirations:enlightened_bush",3318,"true",9397,1,"Red Enlightened Bush","true",""
"Inspirations","inspirations:enlightened_bush",3318,"true",9397,1,"Red Enlightened Bush","true",""
"Inspirations","inspirations:enlightened_bush",3318,"true",9397,1,"Red Enlightened Bush","true",""
"Inspirations","inspirations:enlightened_bush",3318,"true",9397,1,"Red Enlightened Bush","true",""
"Inspirations","inspirations:enlightened_bush",3318,"true",9397,1,"Red Enlightened Bush","true",""
"Inspirations","inspirations:enlightened_bush",3318,"true",9397,1,"Red Enlightened Bush","true",""
"Inspirations","inspirations:enlightened_bush",3318,"true",9397,1,"Red Enlightened Bush","true",""
"Inspirations","inspirations:enlightened_bush",3318,"true",9397,1,"Red Enlightened Bush","true",""
"Inspirations","inspirations:enlightened_bush",3318,"true",9397,1,"Red Enlightened Bush","true",""
"Inspirations","inspirations:enlightened_bush",3318,"true",9397,1,"Red Enlightened Bush","true",""
"Inspirations","inspirations:enlightened_bush",3318,"true",9397,1,"Red Enlightened Bush","true",""
"Inspirations","inspirations:enlightened_bush",3318,"true",9397,1,"Red Enlightened Bush","true",""
"Inspirations","inspirations:enlightened_bush",3318,"true",9397,1,"Red Enlightened Bush","true",""
"Inspirations","inspirations:enlightened_bush",3318,"true",9397,1,"Red Enlightened Bush","true",""
"Inspirations","inspirations:enlightened_bush",3318,"true",9397,1,"Red Enlightened Bush","true",""
"Inspirations","inspirations:enlightened_bush",3318,"true",9397,1,"Red Enlightened Bush","true",""
"Inspirations","inspirations:enlightened_bush",3318,"true",9397,1,"Red Enlightened Bush","true",""
"Inspirations","inspirations:enlightened_bush",3318,"true",9397,1,"Red Enlightened Bush","true",""
"Inspirations","inspirations:enlightened_bush",3318,"true",9397,1,"Red Enlightened Bush","true",""
"Inspirations","inspirations:enlightened_bush",3318,"true",9397,1,"Red Enlightened Bush","true",""
"Inspirations","inspirations:enlightened_bush",3318,"true",9397,1,"Red Enlightened Bush","true",""
"Inspirations","inspirations:enlightened_bush",3318,"true",9397,1,"Red Enlightened Bush","true",""
"Inspirations","inspirations:enlightened_bush",3318,"true",9397,1,"Red Enlightened Bush","true",""
"Inspirations","inspirations:enlightened_bush",3318,"true",9397,1,"Red Enlightened Bush","true",""
"Inspirations","inspirations:enlightened_bush",3318,"true",9397,1,"Red Enlightened Bush","true",""
"Inspirations","inspirations:enlightened_bush",3318,"true",9397,1,"Red Enlightened Bush","true",""
"Inspirations","inspirations:enlightened_bush",3318,"true",9397,1,"Red Enlightened Bush","true",""
"Inspirations","inspirations:enlightened_bush",3318,"true",9397,1,"Red Enlightened Bush","true",""
"Inspirations","inspirations:enlightened_bush",3318,"true",9397,1,"Red Enlightened Bush","true",""
"Inspirations","inspirations:enlightened_bush",3318,"true",9397,1,"Red Enlightened Bush","true",""
"Inspirations","inspirations:enlightened_bush",3318,"true",9397,1,"Red Enlightened Bush","true",""
"Inspirations","inspirations:enlightened_bush",3318,"true",9397,1,"Red Enlightened Bush","true",""
"Inspirations","inspirations:enlightened_bush",3318,"true",9397,1,"Red Enlightened Bush","true",""
"Inspirations","inspirations:enlightened_bush",3318,"true",9397,1,"Red Enlightened Bush","true",""
"Inspirations","inspirations:enlightened_bush",3318,"true",9397,1,"Red Enlightened Bush","true",""
"Inspirations","inspirations:enlightened_bush",3318,"true",9397,1,"Red Enlightened Bush","true",""
"Inspirations","inspirations:enlightened_bush",3318,"true",9397,1,"Red Enlightened Bush","true",""
"Inspirations","inspirations:enlightened_bush",3318,"true",9397,1,"Red Enlightened Bush","true",""
"Inspirations","inspirations:enlightened_bush",3318,"true",9397,1,"Red Enlightened Bush","true",""
"Inspirations","inspirations:enlightened_bush",3318,"true",9397,1,"Red Enlightened Bush","true",""
"Inspirations","inspirations:enlightened_bush",3318,"true",9397,1,"Red Enlightened Bush","true",""
"Inspirations","inspirations:enlightened_bush",3318,"true",9397,1,"Red Enlightened Bush","true",""
"Inspirations","inspirations:enlightened_bush",3318,"true",9397,1,"Red Enlightened Bush","true",""
"Inspirations","inspirations:enlightened_bush",3318,"true",9397,1,"Red Enlightened Bush","true",""
"Inspirations","inspirations:enlightened_bush",3318,"true",9397,1,"Red Enlightened Bush","true",""
"Inspirations","inspirations:enlightened_bush",3318,"true",9397,1,"Red Enlightened Bush","true",""
"Inspirations","inspirations:enlightened_bush",3318,"true",9397,1,"Red Enlightened Bush","true",""
"Inspirations","inspirations:enlightened_bush",3318,"true",9397,1,"Red Enlightened Bush","true",""
"Inspirations","inspirations:enlightened_bush",3318,"true",9397,1,"Red Enlightened Bush","true",""
"Inspirations","inspirations:enlightened_bush",3318,"true",9397,1,"Red Enlightened Bush","true",""
"Inspirations","inspirations:enlightened_bush",3318,"true",9397,1,"Red Enlightened Bush","true",""
"Inspirations","inspirations:enlightened_bush",3318,"true",9397,1,"Red Enlightened Bush","true",""
"Inspirations","inspirations:enlightened_bush",3318,"true",9397,1,"Red Enlightened Bush","true",""
"Inspirations","inspirations:enlightened_bush",3318,"true",9397,1,"Red Enlightened Bush","true",""
"Inspirations","inspirations:enlightened_bush",3318,"true",9397,1,"Red Enlightened Bush","true",""
"Inspirations","inspirations:enlightened_bush",3318,"true",9397,1,"Red Enlightened Bush","true",""
"Inspirations","inspirations:enlightened_bush",3318,"true",9397,1,"Red Enlightened Bush","true",""
"Inspirations","inspirations:enlightened_bush",3318,"true",9397,1,"Red Enlightened Bush","true",""
"Inspirations","inspirations:enlightened_bush",3318,"true",9397,1,"Red Enlightened Bush","true",""
"Inspirations","inspirations:enlightened_bush",3318,"true",9397,1,"Red Enlightened Bush","true",""
"Inspirations","inspirations:enlightened_bush",3318,"true",9397,1,"Red Enlightened Bush","true",""
"Inspirations","inspirations:enlightened_bush",3318,"true",9397,1,"Red Enlightened Bush","true",""
"Inspirations","inspirations:enlightened_bush",3318,"true",9397,1,"Red Enlightened Bush","true",""
"Inspirations","inspirations:enlightened_bush",3318,"true",9397,1,"Red Enlightened Bush","true",""
"Inspirations","inspirations:enlightened_bush",3318,"true",9397,1,"Red Enlightened Bush","true",""
"Inspirations","inspirations:enlightened_bush",3318,"true",9397,1,"Red Enlightened Bush","true",""
"Inspirations","inspirations:enlightened_bush",3318,"true",9397,1,"Red Enlightened Bush","true",""
"Inspirations","inspirations:enlightened_bush",3318,"true",9397,1,"Red Enlightened Bush","true",""
"Inspirations","inspirations:enlightened_bush",3318,"true",9397,1,"Red Enlightened Bush","true",""
"Inspirations","inspirations:enlightened_bush",3318,"true",9397,1,"Red Enlightened Bush","true",""
"Inspirations","inspirations:enlightened_bush",3318,"true",9397,1,"Red Enlightened Bush","true",""
"Inspirations","inspirations:enlightened_bush",3318,"true",9397,1,"Red Enlightened Bush","true",""
"Inspirations","inspirations:enlightened_bush",3318,"true",9397,1,"Red Enlightened Bush","true",""
"Inspirations","inspirations:enlightened_bush",3318,"true",9397,1,"Red Enlightened Bush","true",""
"Inspirations","inspirations:enlightened_bush",3318,"true",9397,1,"Red Enlightened Bush","true",""
"Inspirations","inspirations:enlightened_bush",3318,"true",9397,1,"Red Enlightened Bush","true",""
"Inspirations","inspirations:enlightened_bush",3318,"true",9397,1,"Red Enlightened Bush","true",""
"Inspirations","inspirations:enlightened_bush",3318,"true",9397,1,"Red Enlightened Bush","true",""
"Inspirations","inspirations:enlightened_bush",3318,"true",9397,1,"Red Enlightened Bush","true",""
"Inspirations","inspirations:enlightened_bush",3318,"true",9397,2,"Green Enlightened Bush","true",""
"Inspirations","inspirations:enlightened_bush",3318,"true",9397,2,"Green Enlightened Bush","true",""
"Inspirations","inspirations:enlightened_bush",3318,"true",9397,2,"Green Enlightened Bush","true",""
"Inspirations","inspirations:enlightened_bush",3318,"true",9397,2,"Green Enlightened Bush","true",""
"Inspirations","inspirations:enlightened_bush",3318,"true",9397,2,"Green Enlightened Bush","true",""
"Inspirations","inspirations:enlightened_bush",3318,"true",9397,2,"Green Enlightened Bush","true",""
"Inspirations","inspirations:enlightened_bush",3318,"true",9397,2,"Green Enlightened Bush","true",""
"Inspirations","inspirations:enlightened_bush",3318,"true",9397,2,"Green Enlightened Bush","true",""
"Inspirations","inspirations:enlightened_bush",3318,"true",9397,2,"Green Enlightened Bush","true",""
"Inspirations","inspirations:enlightened_bush",3318,"true",9397,2,"Green Enlightened Bush","true",""
"Inspirations","inspirations:enlightened_bush",3318,"true",9397,2,"Green Enlightened Bush","true",""
"Inspirations","inspirations:enlightened_bush",3318,"true",9397,2,"Green Enlightened Bush","true",""
"Inspirations","inspirations:enlightened_bush",3318,"true",9397,2,"Green Enlightened Bush","true",""
"Inspirations","inspirations:enlightened_bush",3318,"true",9397,2,"Green Enlightened Bush","true",""
"Inspirations","inspirations:enlightened_bush",3318,"true",9397,2,"Green Enlightened Bush","true",""
"Inspirations","inspirations:enlightened_bush",3318,"true",9397,2,"Green Enlightened Bush","true",""
"Inspirations","inspirations:enlightened_bush",3318,"true",9397,2,"Green Enlightened Bush","true",""
"Inspirations","inspirations:enlightened_bush",3318,"true",9397,2,"Green Enlightened Bush","true",""
"Inspirations","inspirations:enlightened_bush",3318,"true",9397,2,"Green Enlightened Bush","true",""
"Inspirations","inspirations:enlightened_bush",3318,"true",9397,2,"Green Enlightened Bush","true",""
"Inspirations","inspirations:enlightened_bush",3318,"true",9397,2,"Green Enlightened Bush","true",""
"Inspirations","inspirations:enlightened_bush",3318,"true",9397,2,"Green Enlightened Bush","true",""
"Inspirations","inspirations:enlightened_bush",3318,"true",9397,2,"Green Enlightened Bush","true",""
"Inspirations","inspirations:enlightened_bush",3318,"true",9397,2,"Green Enlightened Bush","true",""
"Inspirations","inspirations:enlightened_bush",3318,"true",9397,2,"Green Enlightened Bush","true",""
"Inspirations","inspirations:enlightened_bush",3318,"true",9397,2,"Green Enlightened Bush","true",""
"Inspirations","inspirations:enlightened_bush",3318,"true",9397,2,"Green Enlightened Bush","true",""
"Inspirations","inspirations:enlightened_bush",3318,"true",9397,2,"Green Enlightened Bush","true",""
"Inspirations","inspirations:enlightened_bush",3318,"true",9397,2,"Green Enlightened Bush","true",""
"Inspirations","inspirations:enlightened_bush",3318,"true",9397,2,"Green Enlightened Bush","true",""
"Inspirations","inspirations:enlightened_bush",3318,"true",9397,2,"Green Enlightened Bush","true",""
"Inspirations","inspirations:enlightened_bush",3318,"true",9397,2,"Green Enlightened Bush","true",""
"Inspirations","inspirations:enlightened_bush",3318,"true",9397,2,"Green Enlightened Bush","true",""
"Inspirations","inspirations:enlightened_bush",3318,"true",9397,2,"Green Enlightened Bush","true",""
"Inspirations","inspirations:enlightened_bush",3318,"true",9397,2,"Green Enlightened Bush","true",""
"Inspirations","inspirations:enlightened_bush",3318,"true",9397,2,"Green Enlightened Bush","true",""
"Inspirations","inspirations:enlightened_bush",3318,"true",9397,2,"Green Enlightened Bush","true",""
"Inspirations","inspirations:enlightened_bush",3318,"true",9397,2,"Green Enlightened Bush","true",""
"Inspirations","inspirations:enlightened_bush",3318,"true",9397,2,"Green Enlightened Bush","true",""
"Inspirations","inspirations:enlightened_bush",3318,"true",9397,2,"Green Enlightened Bush","true",""
"Inspirations","inspirations:enlightened_bush",3318,"true",9397,2,"Green Enlightened Bush","true",""
"Inspirations","inspirations:enlightened_bush",3318,"true",9397,2,"Green Enlightened Bush","true",""
"Inspirations","inspirations:enlightened_bush",3318,"true",9397,2,"Green Enlightened Bush","true",""
"Inspirations","inspirations:enlightened_bush",3318,"true",9397,2,"Green Enlightened Bush","true",""
"Inspirations","inspirations:enlightened_bush",3318,"true",9397,2,"Green Enlightened Bush","true",""
"Inspirations","inspirations:enlightened_bush",3318,"true",9397,2,"Green Enlightened Bush","true",""
"Inspirations","inspirations:enlightened_bush",3318,"true",9397,2,"Green Enlightened Bush","true",""
"Inspirations","inspirations:enlightened_bush",3318,"true",9397,2,"Green Enlightened Bush","true",""
"Inspirations","inspirations:enlightened_bush",3318,"true",9397,2,"Green Enlightened Bush","true",""
"Inspirations","inspirations:enlightened_bush",3318,"true",9397,2,"Green Enlightened Bush","true",""
"Inspirations","inspirations:enlightened_bush",3318,"true",9397,2,"Green Enlightened Bush","true",""
"Inspirations","inspirations:enlightened_bush",3318,"true",9397,2,"Green Enlightened Bush","true",""
"Inspirations","inspirations:enlightened_bush",3318,"true",9397,2,"Green Enlightened Bush","true",""
"Inspirations","inspirations:enlightened_bush",3318,"true",9397,2,"Green Enlightened Bush","true",""
"Inspirations","inspirations:enlightened_bush",3318,"true",9397,2,"Green Enlightened Bush","true",""
"Inspirations","inspirations:enlightened_bush",3318,"true",9397,2,"Green Enlightened Bush","true",""
"Inspirations","inspirations:enlightened_bush",3318,"true",9397,2,"Green Enlightened Bush","true",""
"Inspirations","inspirations:enlightened_bush",3318,"true",9397,2,"Green Enlightened Bush","true",""
"Inspirations","inspirations:enlightened_bush",3318,"true",9397,2,"Green Enlightened Bush","true",""
"Inspirations","inspirations:enlightened_bush",3318,"true",9397,2,"Green Enlightened Bush","true",""
"Inspirations","inspirations:enlightened_bush",3318,"true",9397,2,"Green Enlightened Bush","true",""
"Inspirations","inspirations:enlightened_bush",3318,"true",9397,2,"Green Enlightened Bush","true",""
"Inspirations","inspirations:enlightened_bush",3318,"true",9397,2,"Green Enlightened Bush","true",""
"Inspirations","inspirations:enlightened_bush",3318,"true",9397,2,"Green Enlightened Bush","true",""
"Inspirations","inspirations:enlightened_bush",3318,"true",9397,2,"Green Enlightened Bush","true",""
"Inspirations","inspirations:enlightened_bush",3318,"true",9397,2,"Green Enlightened Bush","true",""
"Inspirations","inspirations:enlightened_bush",3318,"true",9397,2,"Green Enlightened Bush","true",""
"Inspirations","inspirations:enlightened_bush",3318,"true",9397,2,"Green Enlightened Bush","true",""
"Inspirations","inspirations:enlightened_bush",3318,"true",9397,2,"Green Enlightened Bush","true",""
"Inspirations","inspirations:enlightened_bush",3318,"true",9397,2,"Green Enlightened Bush","true",""
"Inspirations","inspirations:enlightened_bush",3318,"true",9397,2,"Green Enlightened Bush","true",""
"Inspirations","inspirations:enlightened_bush",3318,"true",9397,2,"Green Enlightened Bush","true",""
"Inspirations","inspirations:enlightened_bush",3318,"true",9397,2,"Green Enlightened Bush","true",""
"Inspirations","inspirations:enlightened_bush",3318,"true",9397,2,"Green Enlightened Bush","true",""
"Inspirations","inspirations:enlightened_bush",3318,"true",9397,2,"Green Enlightened Bush","true",""
"Inspirations","inspirations:enlightened_bush",3318,"true",9397,2,"Green Enlightened Bush","true",""
"Inspirations","inspirations:enlightened_bush",3318,"true",9397,2,"Green Enlightened Bush","true",""
"Inspirations","inspirations:enlightened_bush",3318,"true",9397,2,"Green Enlightened Bush","true",""
"Inspirations","inspirations:enlightened_bush",3318,"true",9397,2,"Green Enlightened Bush","true",""
"Inspirations","inspirations:enlightened_bush",3318,"true",9397,2,"Green Enlightened Bush","true",""
"Inspirations","inspirations:enlightened_bush",3318,"true",9397,2,"Green Enlightened Bush","true",""
"Inspirations","inspirations:enlightened_bush",3318,"true",9397,2,"Green Enlightened Bush","true",""
"Inspirations","inspirations:enlightened_bush",3318,"true",9397,2,"Green Enlightened Bush","true",""
"Inspirations","inspirations:enlightened_bush",3318,"true",9397,2,"Green Enlightened Bush","true",""
"Inspirations","inspirations:enlightened_bush",3318,"true",9397,2,"Green Enlightened Bush","true",""
"Inspirations","inspirations:enlightened_bush",3318,"true",9397,2,"Green Enlightened Bush","true",""
"Inspirations","inspirations:enlightened_bush",3318,"true",9397,2,"Green Enlightened Bush","true",""
"Inspirations","inspirations:enlightened_bush",3318,"true",9397,2,"Green Enlightened Bush","true",""
"Inspirations","inspirations:enlightened_bush",3318,"true",9397,2,"Green Enlightened Bush","true",""
"Inspirations","inspirations:enlightened_bush",3318,"true",9397,2,"Green Enlightened Bush","true",""
"Inspirations","inspirations:enlightened_bush",3318,"true",9397,2,"Green Enlightened Bush","true",""
"Inspirations","inspirations:enlightened_bush",3318,"true",9397,2,"Green Enlightened Bush","true",""
"Inspirations","inspirations:enlightened_bush",3318,"true",9397,2,"Green Enlightened Bush","true",""
"Inspirations","inspirations:enlightened_bush",3318,"true",9397,2,"Green Enlightened Bush","true",""
"Inspirations","inspirations:enlightened_bush",3318,"true",9397,2,"Green Enlightened Bush","true",""
"Inspirations","inspirations:enlightened_bush",3318,"true",9397,2,"Green Enlightened Bush","true",""
"Inspirations","inspirations:enlightened_bush",3318,"true",9397,2,"Green Enlightened Bush","true",""
"Inspirations","inspirations:enlightened_bush",3318,"true",9397,2,"Green Enlightened Bush","true",""
"Inspirations","inspirations:enlightened_bush",3318,"true",9397,2,"Green Enlightened Bush","true",""
"Inspirations","inspirations:enlightened_bush",3318,"true",9397,2,"Green Enlightened Bush","true",""
"Inspirations","inspirations:enlightened_bush",3318,"true",9397,2,"Green Enlightened Bush","true",""
"Inspirations","inspirations:enlightened_bush",3318,"true",9397,2,"Green Enlightened Bush","true",""
"Inspirations","inspirations:enlightened_bush",3318,"true",9397,2,"Green Enlightened Bush","true",""
"Inspirations","inspirations:enlightened_bush",3318,"true",9397,2,"Green Enlightened Bush","true",""
"Inspirations","inspirations:enlightened_bush",3318,"true",9397,2,"Green Enlightened Bush","true",""
"Inspirations","inspirations:enlightened_bush",3318,"true",9397,2,"Green Enlightened Bush","true",""
"Inspirations","inspirations:enlightened_bush",3318,"true",9397,2,"Green Enlightened Bush","true",""
"Inspirations","inspirations:enlightened_bush",3318,"true",9397,2,"Green Enlightened Bush","true",""
"Inspirations","inspirations:enlightened_bush",3318,"true",9397,2,"Green Enlightened Bush","true",""
"Inspirations","inspirations:enlightened_bush",3318,"true",9397,2,"Green Enlightened Bush","true",""
"Inspirations","inspirations:enlightened_bush",3318,"true",9397,2,"Green Enlightened Bush","true",""
"Inspirations","inspirations:enlightened_bush",3318,"true",9397,2,"Green Enlightened Bush","true",""
"Inspirations","inspirations:enlightened_bush",3318,"true",9397,2,"Green Enlightened Bush","true",""
"Inspirations","inspirations:enlightened_bush",3318,"true",9397,2,"Green Enlightened Bush","true",""
"Inspirations","inspirations:enlightened_bush",3318,"true",9397,3,"Blue Enlightened Bush","true",""
"Inspirations","inspirations:enlightened_bush",3318,"true",9397,3,"Blue Enlightened Bush","true",""
"Inspirations","inspirations:enlightened_bush",3318,"true",9397,3,"Blue Enlightened Bush","true",""
"Inspirations","inspirations:enlightened_bush",3318,"true",9397,3,"Blue Enlightened Bush","true",""
"Inspirations","inspirations:enlightened_bush",3318,"true",9397,3,"Blue Enlightened Bush","true",""
"Inspirations","inspirations:enlightened_bush",3318,"true",9397,3,"Blue Enlightened Bush","true",""
"Inspirations","inspirations:enlightened_bush",3318,"true",9397,3,"Blue Enlightened Bush","true",""
"Inspirations","inspirations:enlightened_bush",3318,"true",9397,3,"Blue Enlightened Bush","true",""
"Inspirations","inspirations:enlightened_bush",3318,"true",9397,3,"Blue Enlightened Bush","true",""
"Inspirations","inspirations:enlightened_bush",3318,"true",9397,3,"Blue Enlightened Bush","true",""
"Inspirations","inspirations:enlightened_bush",3318,"true",9397,3,"Blue Enlightened Bush","true",""
"Inspirations","inspirations:enlightened_bush",3318,"true",9397,3,"Blue Enlightened Bush","true",""
"Inspirations","inspirations:enlightened_bush",3318,"true",9397,3,"Blue Enlightened Bush","true",""
"Inspirations","inspirations:enlightened_bush",3318,"true",9397,3,"Blue Enlightened Bush","true",""
"Inspirations","inspirations:enlightened_bush",3318,"true",9397,3,"Blue Enlightened Bush","true",""
"Inspirations","inspirations:enlightened_bush",3318,"true",9397,3,"Blue Enlightened Bush","true",""
"Inspirations","inspirations:enlightened_bush",3318,"true",9397,3,"Blue Enlightened Bush","true",""
"Inspirations","inspirations:enlightened_bush",3318,"true",9397,3,"Blue Enlightened Bush","true",""
"Inspirations","inspirations:enlightened_bush",3318,"true",9397,3,"Blue Enlightened Bush","true",""
"Inspirations","inspirations:enlightened_bush",3318,"true",9397,3,"Blue Enlightened Bush","true",""
"Inspirations","inspirations:enlightened_bush",3318,"true",9397,3,"Blue Enlightened Bush","true",""
"Inspirations","inspirations:enlightened_bush",3318,"true",9397,3,"Blue Enlightened Bush","true",""
"Inspirations","inspirations:enlightened_bush",3318,"true",9397,3,"Blue Enlightened Bush","true",""
"Inspirations","inspirations:enlightened_bush",3318,"true",9397,3,"Blue Enlightened Bush","true",""
"Inspirations","inspirations:enlightened_bush",3318,"true",9397,3,"Blue Enlightened Bush","true",""
"Inspirations","inspirations:enlightened_bush",3318,"true",9397,3,"Blue Enlightened Bush","true",""
"Inspirations","inspirations:enlightened_bush",3318,"true",9397,3,"Blue Enlightened Bush","true",""
"Inspirations","inspirations:enlightened_bush",3318,"true",9397,3,"Blue Enlightened Bush","true",""
"Inspirations","inspirations:enlightened_bush",3318,"true",9397,3,"Blue Enlightened Bush","true",""
"Inspirations","inspirations:enlightened_bush",3318,"true",9397,3,"Blue Enlightened Bush","true",""
"Inspirations","inspirations:enlightened_bush",3318,"true",9397,3,"Blue Enlightened Bush","true",""
"Inspirations","inspirations:enlightened_bush",3318,"true",9397,3,"Blue Enlightened Bush","true",""
"Inspirations","inspirations:enlightened_bush",3318,"true",9397,3,"Blue Enlightened Bush","true",""
"Inspirations","inspirations:enlightened_bush",3318,"true",9397,3,"Blue Enlightened Bush","true",""
"Inspirations","inspirations:enlightened_bush",3318,"true",9397,3,"Blue Enlightened Bush","true",""
"Inspirations","inspirations:enlightened_bush",3318,"true",9397,3,"Blue Enlightened Bush","true",""
"Inspirations","inspirations:enlightened_bush",3318,"true",9397,3,"Blue Enlightened Bush","true",""
"Inspirations","inspirations:enlightened_bush",3318,"true",9397,3,"Blue Enlightened Bush","true",""
"Inspirations","inspirations:enlightened_bush",3318,"true",9397,3,"Blue Enlightened Bush","true",""
"Inspirations","inspirations:enlightened_bush",3318,"true",9397,3,"Blue Enlightened Bush","true",""
"Inspirations","inspirations:enlightened_bush",3318,"true",9397,3,"Blue Enlightened Bush","true",""
"Inspirations","inspirations:enlightened_bush",3318,"true",9397,3,"Blue Enlightened Bush","true",""
"Inspirations","inspirations:enlightened_bush",3318,"true",9397,3,"Blue Enlightened Bush","true",""
"Inspirations","inspirations:enlightened_bush",3318,"true",9397,3,"Blue Enlightened Bush","true",""
"Inspirations","inspirations:enlightened_bush",3318,"true",9397,3,"Blue Enlightened Bush","true",""
"Inspirations","inspirations:enlightened_bush",3318,"true",9397,3,"Blue Enlightened Bush","true",""
"Inspirations","inspirations:enlightened_bush",3318,"true",9397,3,"Blue Enlightened Bush","true",""
"Inspirations","inspirations:enlightened_bush",3318,"true",9397,3,"Blue Enlightened Bush","true",""
"Inspirations","inspirations:enlightened_bush",3318,"true",9397,3,"Blue Enlightened Bush","true",""
"Inspirations","inspirations:enlightened_bush",3318,"true",9397,3,"Blue Enlightened Bush","true",""
"Inspirations","inspirations:enlightened_bush",3318,"true",9397,3,"Blue Enlightened Bush","true",""
"Inspirations","inspirations:enlightened_bush",3318,"true",9397,3,"Blue Enlightened Bush","true",""
"Inspirations","inspirations:enlightened_bush",3318,"true",9397,3,"Blue Enlightened Bush","true",""
"Inspirations","inspirations:enlightened_bush",3318,"true",9397,3,"Blue Enlightened Bush","true",""
"Inspirations","inspirations:enlightened_bush",3318,"true",9397,3,"Blue Enlightened Bush","true",""
"Inspirations","inspirations:enlightened_bush",3318,"true",9397,3,"Blue Enlightened Bush","true",""
"Inspirations","inspirations:enlightened_bush",3318,"true",9397,3,"Blue Enlightened Bush","true",""
"Inspirations","inspirations:enlightened_bush",3318,"true",9397,3,"Blue Enlightened Bush","true",""
"Inspirations","inspirations:enlightened_bush",3318,"true",9397,3,"Blue Enlightened Bush","true",""
"Inspirations","inspirations:enlightened_bush",3318,"true",9397,3,"Blue Enlightened Bush","true",""
"Inspirations","inspirations:enlightened_bush",3318,"true",9397,3,"Blue Enlightened Bush","true",""
"Inspirations","inspirations:enlightened_bush",3318,"true",9397,3,"Blue Enlightened Bush","true",""
"Inspirations","inspirations:enlightened_bush",3318,"true",9397,3,"Blue Enlightened Bush","true",""
"Inspirations","inspirations:enlightened_bush",3318,"true",9397,3,"Blue Enlightened Bush","true",""
"Inspirations","inspirations:enlightened_bush",3318,"true",9397,3,"Blue Enlightened Bush","true",""
"Inspirations","inspirations:enlightened_bush",3318,"true",9397,3,"Blue Enlightened Bush","true",""
"Inspirations","inspirations:enlightened_bush",3318,"true",9397,3,"Blue Enlightened Bush","true",""
"Inspirations","inspirations:enlightened_bush",3318,"true",9397,3,"Blue Enlightened Bush","true",""
"Inspirations","inspirations:enlightened_bush",3318,"true",9397,3,"Blue Enlightened Bush","true",""
"Inspirations","inspirations:enlightened_bush",3318,"true",9397,3,"Blue Enlightened Bush","true",""
"Inspirations","inspirations:enlightened_bush",3318,"true",9397,3,"Blue Enlightened Bush","true",""
"Inspirations","inspirations:enlightened_bush",3318,"true",9397,3,"Blue Enlightened Bush","true",""
"Inspirations","inspirations:enlightened_bush",3318,"true",9397,3,"Blue Enlightened Bush","true",""
"Inspirations","inspirations:enlightened_bush",3318,"true",9397,3,"Blue Enlightened Bush","true",""
"Inspirations","inspirations:enlightened_bush",3318,"true",9397,3,"Blue Enlightened Bush","true",""
"Inspirations","inspirations:enlightened_bush",3318,"true",9397,3,"Blue Enlightened Bush","true",""
"Inspirations","inspirations:enlightened_bush",3318,"true",9397,3,"Blue Enlightened Bush","true",""
"Inspirations","inspirations:enlightened_bush",3318,"true",9397,3,"Blue Enlightened Bush","true",""
"Inspirations","inspirations:enlightened_bush",3318,"true",9397,3,"Blue Enlightened Bush","true",""
"Inspirations","inspirations:enlightened_bush",3318,"true",9397,3,"Blue Enlightened Bush","true",""
"Inspirations","inspirations:enlightened_bush",3318,"true",9397,3,"Blue Enlightened Bush","true",""
"Inspirations","inspirations:enlightened_bush",3318,"true",9397,3,"Blue Enlightened Bush","true",""
"Inspirations","inspirations:enlightened_bush",3318,"true",9397,3,"Blue Enlightened Bush","true",""
"Inspirations","inspirations:enlightened_bush",3318,"true",9397,3,"Blue Enlightened Bush","true",""
"Inspirations","inspirations:enlightened_bush",3318,"true",9397,3,"Blue Enlightened Bush","true",""
"Inspirations","inspirations:enlightened_bush",3318,"true",9397,3,"Blue Enlightened Bush","true",""
"Inspirations","inspirations:enlightened_bush",3318,"true",9397,3,"Blue Enlightened Bush","true",""
"Inspirations","inspirations:enlightened_bush",3318,"true",9397,3,"Blue Enlightened Bush","true",""
"Inspirations","inspirations:enlightened_bush",3318,"true",9397,3,"Blue Enlightened Bush","true",""
"Inspirations","inspirations:enlightened_bush",3318,"true",9397,3,"Blue Enlightened Bush","true",""
"Inspirations","inspirations:enlightened_bush",3318,"true",9397,3,"Blue Enlightened Bush","true",""
"Inspirations","inspirations:enlightened_bush",3318,"true",9397,3,"Blue Enlightened Bush","true",""
"Inspirations","inspirations:enlightened_bush",3318,"true",9397,3,"Blue Enlightened Bush","true",""
"Inspirations","inspirations:enlightened_bush",3318,"true",9397,3,"Blue Enlightened Bush","true",""
"Inspirations","inspirations:enlightened_bush",3318,"true",9397,3,"Blue Enlightened Bush","true",""
"Inspirations","inspirations:enlightened_bush",3318,"true",9397,3,"Blue Enlightened Bush","true",""
"Inspirations","inspirations:enlightened_bush",3318,"true",9397,3,"Blue Enlightened Bush","true",""
"Inspirations","inspirations:enlightened_bush",3318,"true",9397,3,"Blue Enlightened Bush","true",""
"Inspirations","inspirations:enlightened_bush",3318,"true",9397,3,"Blue Enlightened Bush","true",""
"Inspirations","inspirations:enlightened_bush",3318,"true",9397,3,"Blue Enlightened Bush","true",""
"Inspirations","inspirations:enlightened_bush",3318,"true",9397,3,"Blue Enlightened Bush","true",""
"Inspirations","inspirations:enlightened_bush",3318,"true",9397,3,"Blue Enlightened Bush","true",""
"Inspirations","inspirations:enlightened_bush",3318,"true",9397,3,"Blue Enlightened Bush","true",""
"Inspirations","inspirations:enlightened_bush",3318,"true",9397,3,"Blue Enlightened Bush","true",""
"Inspirations","inspirations:enlightened_bush",3318,"true",9397,3,"Blue Enlightened Bush","true",""
"Inspirations","inspirations:enlightened_bush",3318,"true",9397,3,"Blue Enlightened Bush","true",""
"Inspirations","inspirations:enlightened_bush",3318,"true",9397,3,"Blue Enlightened Bush","true",""
"Inspirations","inspirations:enlightened_bush",3318,"true",9397,3,"Blue Enlightened Bush","true",""
"Inspirations","inspirations:enlightened_bush",3318,"true",9397,3,"Blue Enlightened Bush","true",""
"Inspirations","inspirations:enlightened_bush",3318,"true",9397,3,"Blue Enlightened Bush","true",""
"Inspirations","inspirations:enlightened_bush",3318,"true",9397,3,"Blue Enlightened Bush","true",""
"Inspirations","inspirations:enlightened_bush",3318,"true",9397,3,"Blue Enlightened Bush","true",""
"Inspirations","inspirations:enlightened_bush",3318,"true",9397,3,"Blue Enlightened Bush","true",""
"Inspirations","inspirations:enlightened_bush",3318,"true",9397,3,"Blue Enlightened Bush","true",""
"Inspirations","inspirations:enlightened_bush",3318,"true",9397,4,"Rainbow Enlightened Bush","true",""
"Inspirations","inspirations:enlightened_bush",3318,"true",9397,4,"Rainbow Enlightened Bush","true",""
"Inspirations","inspirations:enlightened_bush",3318,"true",9397,4,"Rainbow Enlightened Bush","true",""
"Inspirations","inspirations:enlightened_bush",3318,"true",9397,4,"Rainbow Enlightened Bush","true",""
"Inspirations","inspirations:enlightened_bush",3318,"true",9397,4,"Rainbow Enlightened Bush","true",""
"Inspirations","inspirations:enlightened_bush",3318,"true",9397,4,"Rainbow Enlightened Bush","true",""
"Inspirations","inspirations:enlightened_bush",3318,"true",9397,4,"Rainbow Enlightened Bush","true",""
"Inspirations","inspirations:enlightened_bush",3318,"true",9397,4,"Rainbow Enlightened Bush","true",""
"Inspirations","inspirations:enlightened_bush",3318,"true",9397,4,"Rainbow Enlightened Bush","true",""
"Inspirations","inspirations:enlightened_bush",3318,"true",9397,4,"Rainbow Enlightened Bush","true",""
"Inspirations","inspirations:enlightened_bush",3318,"true",9397,4,"Rainbow Enlightened Bush","true",""
"Inspirations","inspirations:enlightened_bush",3318,"true",9397,4,"Rainbow Enlightened Bush","true",""
"Inspirations","inspirations:enlightened_bush",3318,"true",9397,4,"Rainbow Enlightened Bush","true",""
"Inspirations","inspirations:enlightened_bush",3318,"true",9397,4,"Rainbow Enlightened Bush","true",""
"Inspirations","inspirations:enlightened_bush",3318,"true",9397,4,"Rainbow Enlightened Bush","true",""
"Inspirations","inspirations:enlightened_bush",3318,"true",9397,4,"Rainbow Enlightened Bush","true",""
"Inspirations","inspirations:enlightened_bush",3318,"true",9397,4,"Rainbow Enlightened Bush","true",""
"Inspirations","inspirations:enlightened_bush",3318,"true",9397,4,"Rainbow Enlightened Bush","true",""
"Inspirations","inspirations:enlightened_bush",3318,"true",9397,4,"Rainbow Enlightened Bush","true",""
"Inspirations","inspirations:enlightened_bush",3318,"true",9397,4,"Rainbow Enlightened Bush","true",""
"Inspirations","inspirations:enlightened_bush",3318,"true",9397,4,"Rainbow Enlightened Bush","true",""
"Inspirations","inspirations:enlightened_bush",3318,"true",9397,4,"Rainbow Enlightened Bush","true",""
"Inspirations","inspirations:enlightened_bush",3318,"true",9397,4,"Rainbow Enlightened Bush","true",""
"Inspirations","inspirations:enlightened_bush",3318,"true",9397,4,"Rainbow Enlightened Bush","true",""
"Inspirations","inspirations:enlightened_bush",3318,"true",9397,4,"Rainbow Enlightened Bush","true",""
"Inspirations","inspirations:enlightened_bush",3318,"true",9397,4,"Rainbow Enlightened Bush","true",""
"Inspirations","inspirations:enlightened_bush",3318,"true",9397,4,"Rainbow Enlightened Bush","true",""
"Inspirations","inspirations:enlightened_bush",3318,"true",9397,4,"Rainbow Enlightened Bush","true",""
"Inspirations","inspirations:enlightened_bush",3318,"true",9397,4,"Rainbow Enlightened Bush","true",""
"Inspirations","inspirations:enlightened_bush",3318,"true",9397,4,"Rainbow Enlightened Bush","true",""
"Inspirations","inspirations:enlightened_bush",3318,"true",9397,4,"Rainbow Enlightened Bush","true",""
"Inspirations","inspirations:enlightened_bush",3318,"true",9397,4,"Rainbow Enlightened Bush","true",""
"Inspirations","inspirations:enlightened_bush",3318,"true",9397,4,"Rainbow Enlightened Bush","true",""
"Inspirations","inspirations:enlightened_bush",3318,"true",9397,4,"Rainbow Enlightened Bush","true",""
"Inspirations","inspirations:enlightened_bush",3318,"true",9397,4,"Rainbow Enlightened Bush","true",""
"Inspirations","inspirations:enlightened_bush",3318,"true",9397,4,"Rainbow Enlightened Bush","true",""
"Inspirations","inspirations:enlightened_bush",3318,"true",9397,4,"Rainbow Enlightened Bush","true",""
"Inspirations","inspirations:enlightened_bush",3318,"true",9397,4,"Rainbow Enlightened Bush","true",""
"Inspirations","inspirations:enlightened_bush",3318,"true",9397,4,"Rainbow Enlightened Bush","true",""
"Inspirations","inspirations:enlightened_bush",3318,"true",9397,4,"Rainbow Enlightened Bush","true",""
"Inspirations","inspirations:enlightened_bush",3318,"true",9397,4,"Rainbow Enlightened Bush","true",""
"Inspirations","inspirations:enlightened_bush",3318,"true",9397,4,"Rainbow Enlightened Bush","true",""
"Inspirations","inspirations:enlightened_bush",3318,"true",9397,4,"Rainbow Enlightened Bush","true",""
"Inspirations","inspirations:enlightened_bush",3318,"true",9397,4,"Rainbow Enlightened Bush","true",""
"Inspirations","inspirations:enlightened_bush",3318,"true",9397,4,"Rainbow Enlightened Bush","true",""
"Inspirations","inspirations:enlightened_bush",3318,"true",9397,4,"Rainbow Enlightened Bush","true",""
"Inspirations","inspirations:enlightened_bush",3318,"true",9397,4,"Rainbow Enlightened Bush","true",""
"Inspirations","inspirations:enlightened_bush",3318,"true",9397,4,"Rainbow Enlightened Bush","true",""
"Inspirations","inspirations:enlightened_bush",3318,"true",9397,4,"Rainbow Enlightened Bush","true",""
"Inspirations","inspirations:enlightened_bush",3318,"true",9397,4,"Rainbow Enlightened Bush","true",""
"Inspirations","inspirations:enlightened_bush",3318,"true",9397,4,"Rainbow Enlightened Bush","true",""
"Inspirations","inspirations:enlightened_bush",3318,"true",9397,4,"Rainbow Enlightened Bush","true",""
"Inspirations","inspirations:enlightened_bush",3318,"true",9397,4,"Rainbow Enlightened Bush","true",""
"Inspirations","inspirations:enlightened_bush",3318,"true",9397,4,"Rainbow Enlightened Bush","true",""
"Inspirations","inspirations:enlightened_bush",3318,"true",9397,4,"Rainbow Enlightened Bush","true",""
"Inspirations","inspirations:enlightened_bush",3318,"true",9397,4,"Rainbow Enlightened Bush","true",""
"Inspirations","inspirations:enlightened_bush",3318,"true",9397,4,"Rainbow Enlightened Bush","true",""
"Inspirations","inspirations:enlightened_bush",3318,"true",9397,4,"Rainbow Enlightened Bush","true",""
"Inspirations","inspirations:enlightened_bush",3318,"true",9397,4,"Rainbow Enlightened Bush","true",""
"Inspirations","inspirations:enlightened_bush",3318,"true",9397,4,"Rainbow Enlightened Bush","true",""
"Inspirations","inspirations:enlightened_bush",3318,"true",9397,4,"Rainbow Enlightened Bush","true",""
"Inspirations","inspirations:enlightened_bush",3318,"true",9397,4,"Rainbow Enlightened Bush","true",""
"Inspirations","inspirations:enlightened_bush",3318,"true",9397,4,"Rainbow Enlightened Bush","true",""
"Inspirations","inspirations:enlightened_bush",3318,"true",9397,4,"Rainbow Enlightened Bush","true",""
"Inspirations","inspirations:enlightened_bush",3318,"true",9397,4,"Rainbow Enlightened Bush","true",""
"Inspirations","inspirations:enlightened_bush",3318,"true",9397,4,"Rainbow Enlightened Bush","true",""
"Inspirations","inspirations:enlightened_bush",3318,"true",9397,4,"Rainbow Enlightened Bush","true",""
"Inspirations","inspirations:enlightened_bush",3318,"true",9397,4,"Rainbow Enlightened Bush","true",""
"Inspirations","inspirations:enlightened_bush",3318,"true",9397,4,"Rainbow Enlightened Bush","true",""
"Inspirations","inspirations:enlightened_bush",3318,"true",9397,4,"Rainbow Enlightened Bush","true",""
"Inspirations","inspirations:enlightened_bush",3318,"true",9397,4,"Rainbow Enlightened Bush","true",""
"Inspirations","inspirations:enlightened_bush",3318,"true",9397,4,"Rainbow Enlightened Bush","true",""
"Inspirations","inspirations:enlightened_bush",3318,"true",9397,4,"Rainbow Enlightened Bush","true",""
"Inspirations","inspirations:enlightened_bush",3318,"true",9397,4,"Rainbow Enlightened Bush","true",""
"Inspirations","inspirations:enlightened_bush",3318,"true",9397,4,"Rainbow Enlightened Bush","true",""
"Inspirations","inspirations:enlightened_bush",3318,"true",9397,4,"Rainbow Enlightened Bush","true",""
"Inspirations","inspirations:enlightened_bush",3318,"true",9397,4,"Rainbow Enlightened Bush","true",""
"Inspirations","inspirations:enlightened_bush",3318,"true",9397,4,"Rainbow Enlightened Bush","true",""
"Inspirations","inspirations:enlightened_bush",3318,"true",9397,4,"Rainbow Enlightened Bush","true",""
"Inspirations","inspirations:enlightened_bush",3318,"true",9397,4,"Rainbow Enlightened Bush","true",""
"Inspirations","inspirations:enlightened_bush",3318,"true",9397,4,"Rainbow Enlightened Bush","true",""
"Inspirations","inspirations:enlightened_bush",3318,"true",9397,4,"Rainbow Enlightened Bush","true",""
"Inspirations","inspirations:enlightened_bush",3318,"true",9397,4,"Rainbow Enlightened Bush","true",""
"Inspirations","inspirations:enlightened_bush",3318,"true",9397,4,"Rainbow Enlightened Bush","true",""
"Inspirations","inspirations:enlightened_bush",3318,"true",9397,4,"Rainbow Enlightened Bush","true",""
"Inspirations","inspirations:enlightened_bush",3318,"true",9397,4,"Rainbow Enlightened Bush","true",""
"Inspirations","inspirations:enlightened_bush",3318,"true",9397,4,"Rainbow Enlightened Bush","true",""
"Inspirations","inspirations:enlightened_bush",3318,"true",9397,4,"Rainbow Enlightened Bush","true",""
"Inspirations","inspirations:enlightened_bush",3318,"true",9397,4,"Rainbow Enlightened Bush","true",""
"Inspirations","inspirations:enlightened_bush",3318,"true",9397,4,"Rainbow Enlightened Bush","true",""
"Inspirations","inspirations:enlightened_bush",3318,"true",9397,4,"Rainbow Enlightened Bush","true",""
"Inspirations","inspirations:enlightened_bush",3318,"true",9397,4,"Rainbow Enlightened Bush","true",""
"Inspirations","inspirations:enlightened_bush",3318,"true",9397,4,"Rainbow Enlightened Bush","true",""
"Inspirations","inspirations:enlightened_bush",3318,"true",9397,4,"Rainbow Enlightened Bush","true",""
"Inspirations","inspirations:enlightened_bush",3318,"true",9397,4,"Rainbow Enlightened Bush","true",""
"Inspirations","inspirations:enlightened_bush",3318,"true",9397,4,"Rainbow Enlightened Bush","true",""
"Inspirations","inspirations:enlightened_bush",3318,"true",9397,4,"Rainbow Enlightened Bush","true",""
"Inspirations","inspirations:enlightened_bush",3318,"true",9397,4,"Rainbow Enlightened Bush","true",""
"Inspirations","inspirations:enlightened_bush",3318,"true",9397,4,"Rainbow Enlightened Bush","true",""
"Inspirations","inspirations:enlightened_bush",3318,"true",9397,4,"Rainbow Enlightened Bush","true",""
"Inspirations","inspirations:enlightened_bush",3318,"true",9397,4,"Rainbow Enlightened Bush","true",""
"Inspirations","inspirations:enlightened_bush",3318,"true",9397,4,"Rainbow Enlightened Bush","true",""
"Inspirations","inspirations:enlightened_bush",3318,"true",9397,4,"Rainbow Enlightened Bush","true",""
"Inspirations","inspirations:enlightened_bush",3318,"true",9397,4,"Rainbow Enlightened Bush","true",""
"Inspirations","inspirations:enlightened_bush",3318,"true",9397,4,"Rainbow Enlightened Bush","true",""
"Inspirations","inspirations:enlightened_bush",3318,"true",9397,4,"Rainbow Enlightened Bush","true",""
"Inspirations","inspirations:enlightened_bush",3318,"true",9397,4,"Rainbow Enlightened Bush","true",""
"Inspirations","inspirations:enlightened_bush",3318,"true",9397,4,"Rainbow Enlightened Bush","true",""
"Inspirations","inspirations:enlightened_bush",3318,"true",9397,4,"Rainbow Enlightened Bush","true",""
"Inspirations","inspirations:enlightened_bush",3318,"true",9397,4,"Rainbow Enlightened Bush","true",""
"Inspirations","inspirations:enlightened_bush",3318,"true",9397,4,"Rainbow Enlightened Bush","true",""
"Inspirations","inspirations:enlightened_bush",3318,"true",9397,4,"Rainbow Enlightened Bush","true",""
"Inspirations","inspirations:enlightened_bush",3318,"true",9397,4,"Rainbow Enlightened Bush","true",""
"Inspirations","inspirations:enlightened_bush",3318,"true",9397,4,"Rainbow Enlightened Bush","true",""
"Inspirations","inspirations:enlightened_bush",3318,"true",9397,5,"Christmas Enlightened Bush","true",""
"Inspirations","inspirations:enlightened_bush",3318,"true",9397,5,"Christmas Enlightened Bush","true",""
"Inspirations","inspirations:enlightened_bush",3318,"true",9397,5,"Christmas Enlightened Bush","true",""
"Inspirations","inspirations:enlightened_bush",3318,"true",9397,5,"Christmas Enlightened Bush","true",""
"Inspirations","inspirations:enlightened_bush",3318,"true",9397,5,"Christmas Enlightened Bush","true",""
"Inspirations","inspirations:enlightened_bush",3318,"true",9397,5,"Christmas Enlightened Bush","true",""
"Inspirations","inspirations:enlightened_bush",3318,"true",9397,5,"Christmas Enlightened Bush","true",""
"Inspirations","inspirations:enlightened_bush",3318,"true",9397,5,"Christmas Enlightened Bush","true",""
"Inspirations","inspirations:enlightened_bush",3318,"true",9397,5,"Christmas Enlightened Bush","true",""
"Inspirations","inspirations:enlightened_bush",3318,"true",9397,5,"Christmas Enlightened Bush","true",""
"Inspirations","inspirations:enlightened_bush",3318,"true",9397,5,"Christmas Enlightened Bush","true",""
"Inspirations","inspirations:enlightened_bush",3318,"true",9397,5,"Christmas Enlightened Bush","true",""
"Inspirations","inspirations:enlightened_bush",3318,"true",9397,5,"Christmas Enlightened Bush","true",""
"Inspirations","inspirations:enlightened_bush",3318,"true",9397,5,"Christmas Enlightened Bush","true",""
"Inspirations","inspirations:enlightened_bush",3318,"true",9397,5,"Christmas Enlightened Bush","true",""
"Inspirations","inspirations:enlightened_bush",3318,"true",9397,5,"Christmas Enlightened Bush","true",""
"Inspirations","inspirations:enlightened_bush",3318,"true",9397,5,"Christmas Enlightened Bush","true",""
"Inspirations","inspirations:enlightened_bush",3318,"true",9397,5,"Christmas Enlightened Bush","true",""
"Inspirations","inspirations:enlightened_bush",3318,"true",9397,5,"Christmas Enlightened Bush","true",""
"Inspirations","inspirations:enlightened_bush",3318,"true",9397,5,"Christmas Enlightened Bush","true",""
"Inspirations","inspirations:enlightened_bush",3318,"true",9397,5,"Christmas Enlightened Bush","true",""
"Inspirations","inspirations:enlightened_bush",3318,"true",9397,5,"Christmas Enlightened Bush","true",""
"Inspirations","inspirations:enlightened_bush",3318,"true",9397,5,"Christmas Enlightened Bush","true",""
"Inspirations","inspirations:enlightened_bush",3318,"true",9397,5,"Christmas Enlightened Bush","true",""
"Inspirations","inspirations:enlightened_bush",3318,"true",9397,5,"Christmas Enlightened Bush","true",""
"Inspirations","inspirations:enlightened_bush",3318,"true",9397,5,"Christmas Enlightened Bush","true",""
"Inspirations","inspirations:enlightened_bush",3318,"true",9397,5,"Christmas Enlightened Bush","true",""
"Inspirations","inspirations:enlightened_bush",3318,"true",9397,5,"Christmas Enlightened Bush","true",""
"Inspirations","inspirations:enlightened_bush",3318,"true",9397,5,"Christmas Enlightened Bush","true",""
"Inspirations","inspirations:enlightened_bush",3318,"true",9397,5,"Christmas Enlightened Bush","true",""
"Inspirations","inspirations:enlightened_bush",3318,"true",9397,5,"Christmas Enlightened Bush","true",""
"Inspirations","inspirations:enlightened_bush",3318,"true",9397,5,"Christmas Enlightened Bush","true",""
"Inspirations","inspirations:enlightened_bush",3318,"true",9397,5,"Christmas Enlightened Bush","true",""
"Inspirations","inspirations:enlightened_bush",3318,"true",9397,5,"Christmas Enlightened Bush","true",""
"Inspirations","inspirations:enlightened_bush",3318,"true",9397,5,"Christmas Enlightened Bush","true",""
"Inspirations","inspirations:enlightened_bush",3318,"true",9397,5,"Christmas Enlightened Bush","true",""
"Inspirations","inspirations:enlightened_bush",3318,"true",9397,5,"Christmas Enlightened Bush","true",""
"Inspirations","inspirations:enlightened_bush",3318,"true",9397,5,"Christmas Enlightened Bush","true",""
"Inspirations","inspirations:enlightened_bush",3318,"true",9397,5,"Christmas Enlightened Bush","true",""
"Inspirations","inspirations:enlightened_bush",3318,"true",9397,5,"Christmas Enlightened Bush","true",""
"Inspirations","inspirations:enlightened_bush",3318,"true",9397,5,"Christmas Enlightened Bush","true",""
"Inspirations","inspirations:enlightened_bush",3318,"true",9397,5,"Christmas Enlightened Bush","true",""
"Inspirations","inspirations:enlightened_bush",3318,"true",9397,5,"Christmas Enlightened Bush","true",""
"Inspirations","inspirations:enlightened_bush",3318,"true",9397,5,"Christmas Enlightened Bush","true",""
"Inspirations","inspirations:enlightened_bush",3318,"true",9397,5,"Christmas Enlightened Bush","true",""
"Inspirations","inspirations:enlightened_bush",3318,"true",9397,5,"Christmas Enlightened Bush","true",""
"Inspirations","inspirations:enlightened_bush",3318,"true",9397,5,"Christmas Enlightened Bush","true",""
"Inspirations","inspirations:enlightened_bush",3318,"true",9397,5,"Christmas Enlightened Bush","true",""
"Inspirations","inspirations:enlightened_bush",3318,"true",9397,5,"Christmas Enlightened Bush","true",""
"Inspirations","inspirations:enlightened_bush",3318,"true",9397,5,"Christmas Enlightened Bush","true",""
"Inspirations","inspirations:enlightened_bush",3318,"true",9397,5,"Christmas Enlightened Bush","true",""
"Inspirations","inspirations:enlightened_bush",3318,"true",9397,5,"Christmas Enlightened Bush","true",""
"Inspirations","inspirations:enlightened_bush",3318,"true",9397,5,"Christmas Enlightened Bush","true",""
"Inspirations","inspirations:enlightened_bush",3318,"true",9397,5,"Christmas Enlightened Bush","true",""
"Inspirations","inspirations:enlightened_bush",3318,"true",9397,5,"Christmas Enlightened Bush","true",""
"Inspirations","inspirations:enlightened_bush",3318,"true",9397,5,"Christmas Enlightened Bush","true",""
"Inspirations","inspirations:enlightened_bush",3318,"true",9397,5,"Christmas Enlightened Bush","true",""
"Inspirations","inspirations:enlightened_bush",3318,"true",9397,5,"Christmas Enlightened Bush","true",""
"Inspirations","inspirations:enlightened_bush",3318,"true",9397,5,"Christmas Enlightened Bush","true",""
"Inspirations","inspirations:enlightened_bush",3318,"true",9397,5,"Christmas Enlightened Bush","true",""
"Inspirations","inspirations:enlightened_bush",3318,"true",9397,5,"Christmas Enlightened Bush","true",""
"Inspirations","inspirations:enlightened_bush",3318,"true",9397,5,"Christmas Enlightened Bush","true",""
"Inspirations","inspirations:enlightened_bush",3318,"true",9397,5,"Christmas Enlightened Bush","true",""
"Inspirations","inspirations:enlightened_bush",3318,"true",9397,5,"Christmas Enlightened Bush","true",""
"Inspirations","inspirations:enlightened_bush",3318,"true",9397,5,"Christmas Enlightened Bush","true",""
"Inspirations","inspirations:enlightened_bush",3318,"true",9397,5,"Christmas Enlightened Bush","true",""
"Inspirations","inspirations:enlightened_bush",3318,"true",9397,5,"Christmas Enlightened Bush","true",""
"Inspirations","inspirations:enlightened_bush",3318,"true",9397,5,"Christmas Enlightened Bush","true",""
"Inspirations","inspirations:enlightened_bush",3318,"true",9397,5,"Christmas Enlightened Bush","true",""
"Inspirations","inspirations:enlightened_bush",3318,"true",9397,5,"Christmas Enlightened Bush","true",""
"Inspirations","inspirations:enlightened_bush",3318,"true",9397,5,"Christmas Enlightened Bush","true",""
"Inspirations","inspirations:enlightened_bush",3318,"true",9397,5,"Christmas Enlightened Bush","true",""
"Inspirations","inspirations:enlightened_bush",3318,"true",9397,5,"Christmas Enlightened Bush","true",""
"Inspirations","inspirations:enlightened_bush",3318,"true",9397,5,"Christmas Enlightened Bush","true",""
"Inspirations","inspirations:enlightened_bush",3318,"true",9397,5,"Christmas Enlightened Bush","true",""
"Inspirations","inspirations:enlightened_bush",3318,"true",9397,5,"Christmas Enlightened Bush","true",""
"Inspirations","inspirations:enlightened_bush",3318,"true",9397,5,"Christmas Enlightened Bush","true",""
"Inspirations","inspirations:enlightened_bush",3318,"true",9397,5,"Christmas Enlightened Bush","true",""
"Inspirations","inspirations:enlightened_bush",3318,"true",9397,5,"Christmas Enlightened Bush","true",""
"Inspirations","inspirations:enlightened_bush",3318,"true",9397,5,"Christmas Enlightened Bush","true",""
"Inspirations","inspirations:enlightened_bush",3318,"true",9397,5,"Christmas Enlightened Bush","true",""
"Inspirations","inspirations:enlightened_bush",3318,"true",9397,5,"Christmas Enlightened Bush","true",""
"Inspirations","inspirations:enlightened_bush",3318,"true",9397,5,"Christmas Enlightened Bush","true",""
"Inspirations","inspirations:enlightened_bush",3318,"true",9397,5,"Christmas Enlightened Bush","true",""
"Inspirations","inspirations:enlightened_bush",3318,"true",9397,5,"Christmas Enlightened Bush","true",""
"Inspirations","inspirations:enlightened_bush",3318,"true",9397,5,"Christmas Enlightened Bush","true",""
"Inspirations","inspirations:enlightened_bush",3318,"true",9397,5,"Christmas Enlightened Bush","true",""
"Inspirations","inspirations:enlightened_bush",3318,"true",9397,5,"Christmas Enlightened Bush","true",""
"Inspirations","inspirations:enlightened_bush",3318,"true",9397,5,"Christmas Enlightened Bush","true",""
"Inspirations","inspirations:enlightened_bush",3318,"true",9397,5,"Christmas Enlightened Bush","true",""
"Inspirations","inspirations:enlightened_bush",3318,"true",9397,5,"Christmas Enlightened Bush","true",""
"Inspirations","inspirations:enlightened_bush",3318,"true",9397,5,"Christmas Enlightened Bush","true",""
"Inspirations","inspirations:enlightened_bush",3318,"true",9397,5,"Christmas Enlightened Bush","true",""
"Inspirations","inspirations:enlightened_bush",3318,"true",9397,5,"Christmas Enlightened Bush","true",""
"Inspirations","inspirations:enlightened_bush",3318,"true",9397,5,"Christmas Enlightened Bush","true",""
"Inspirations","inspirations:enlightened_bush",3318,"true",9397,5,"Christmas Enlightened Bush","true",""
"Inspirations","inspirations:enlightened_bush",3318,"true",9397,5,"Christmas Enlightened Bush","true",""
"Inspirations","inspirations:enlightened_bush",3318,"true",9397,5,"Christmas Enlightened Bush","true",""
"Inspirations","inspirations:enlightened_bush",3318,"true",9397,5,"Christmas Enlightened Bush","true",""
"Inspirations","inspirations:enlightened_bush",3318,"true",9397,5,"Christmas Enlightened Bush","true",""
"Inspirations","inspirations:enlightened_bush",3318,"true",9397,5,"Christmas Enlightened Bush","true",""
"Inspirations","inspirations:enlightened_bush",3318,"true",9397,5,"Christmas Enlightened Bush","true",""
"Inspirations","inspirations:enlightened_bush",3318,"true",9397,5,"Christmas Enlightened Bush","true",""
"Inspirations","inspirations:enlightened_bush",3318,"true",9397,5,"Christmas Enlightened Bush","true",""
"Inspirations","inspirations:enlightened_bush",3318,"true",9397,5,"Christmas Enlightened Bush","true",""
"Inspirations","inspirations:enlightened_bush",3318,"true",9397,5,"Christmas Enlightened Bush","true",""
"Inspirations","inspirations:enlightened_bush",3318,"true",9397,5,"Christmas Enlightened Bush","true",""
"Inspirations","inspirations:enlightened_bush",3318,"true",9397,5,"Christmas Enlightened Bush","true",""
"Inspirations","inspirations:enlightened_bush",3318,"true",9397,5,"Christmas Enlightened Bush","true",""
"Inspirations","inspirations:enlightened_bush",3318,"true",9397,5,"Christmas Enlightened Bush","true",""
"Inspirations","inspirations:enlightened_bush",3318,"true",9397,5,"Christmas Enlightened Bush","true",""
"Inspirations","inspirations:enlightened_bush",3318,"true",9397,5,"Christmas Enlightened Bush","true",""
"Inspirations","inspirations:enlightened_bush",3318,"true",9397,5,"Christmas Enlightened Bush","true",""
"Inspirations","inspirations:enlightened_bush",3318,"true",9397,5,"Christmas Enlightened Bush","true",""
"Inspirations","inspirations:flower",3317,"true",9396,0,"Rose","true",""
"Inspirations","inspirations:flower",3317,"true",9396,1,"Syringa","true",""
"Inspirations","inspirations:flower",3317,"true",9396,2,"Paeonia","true",""
"Inspirations","inspirations:flower",3317,"true",9396,3,"Cyan Flower","true",""
"Inspirations","inspirations:glass_door",3313,"false",,,"Glass Door","true",""
"Inspirations","inspirations:glass_trapdoor",3314,"false",9399,0,"Glass Trapdoor","true",""
"Inspirations","inspirations:mulch",3315,"true",9394,0,"Mulch","true",""
"Inspirations","inspirations:mulch",3315,"true",9394,1,"Brown Mulch","true",""
"Inspirations","inspirations:mulch",3315,"true",9394,2,"Yellow Mulch","true",""
"Inspirations","inspirations:mulch",3315,"true",9394,3,"Amber Mulch","true",""
"Inspirations","inspirations:mulch",3315,"true",9394,4,"Ruby Mulch","true",""
"Inspirations","inspirations:mulch",3315,"true",9394,5,"Red Mulch","true",""
"Inspirations","inspirations:mulch",3315,"true",9394,6,"Black Mulch","true",""
"Inspirations","inspirations:mulch",3315,"true",9394,7,"Blue Mulch","true",""
"Inspirations","inspirations:path",3316,"true",9395,0,"Cobble Path","true",""
"Inspirations","inspirations:path",3316,"true",9395,1,"Round Path","true",""
"Inspirations","inspirations:path",3316,"true",9395,2,"Path Tiles","true",""
"Inspirations","inspirations:path",3316,"true",9395,3,"Bricks Path","true",""
"Inspirations","inspirations:pipe",3343,"false",9421,0,"Pipe","true",""
"Inspirations","inspirations:redstone_barrel",3321,"false",9402,0,"Redstone Barrel","true",""
"Inspirations","inspirations:redstone_charge",3344,"false",,,"Redstone Charge","true",""
"Inspirations","inspirations:redstone_torch_lever",3322,"false",9403,0,"Redstone Torch Lever","true",""
"Inspirations","inspirations:redstone_torch_lever_powered",3323,"false",,,"tile.inspirations.redstone_torch_lever_powered.name","true",""
"Inspirations","inspirations:rope",3312,"true",9393,0,"Rope","true",""
"Inspirations","inspirations:rope",3312,"true",9393,1,"Chain","true",""
"Inspirations","inspirations:rope",3312,"true",9393,2,"Vine Rope","true",""
"Inspirations","inspirations:sugar_cane_crop",3346,"false",,,"Sugar cane","true",""
"Inspirations","inspirations:torch_lever",3319,"false",9400,0,"Torch Lever","true",""
"Iron Barrels","iron_barrels:barrel",4821,"false",12927,0,"Food Barrel","true",""
"Iron Barrels","iron_barrels:diamond_barrel",4824,"false",12930,0,"Diamond Barrel","true",""
"Iron Barrels","iron_barrels:gold_barrel",4823,"false",12929,0,"Gold Barrel","true",""
"Iron Barrels","iron_barrels:iron_barrel",4822,"false",12928,0,"Iron Barrel","true",""
"Iron Barrels","iron_barrels:netherite_barrel",4825,"false",12935,0,"Netherite Barrel","true",""
"Iron Barrels","iron_barrels:obsidian_barrel",4820,"false",12926,0,"Obsidian Barrel","true",""
"Iron Chest","ironchest:iron_chest",3429,"true",9600,0,"Iron Chest","true",""
"Iron Chest","ironchest:iron_chest",3429,"true",9600,1,"Gold Chest","true",""
"Iron Chest","ironchest:iron_chest",3429,"true",9600,2,"Diamond Chest","true",""
"Iron Chest","ironchest:iron_chest",3429,"true",9600,3,"Copper Chest","true",""
"Iron Chest","ironchest:iron_chest",3429,"true",9600,4,"Silver Chest","true",""
"Iron Chest","ironchest:iron_chest",3429,"true",9600,5,"Crystal Chest","true",""
"Iron Chest","ironchest:iron_chest",3429,"true",9600,6,"Obsidian Chest","true",""
"Iron Chest","ironchest:iron_chest",3429,"true",9600,7,"DirtChest 9000!","true",""
"Iron Chest","ironchest:iron_shulker_box_black",3445,"true",9616,0,"Black Iron Shulker Box","true",""
"Iron Chest","ironchest:iron_shulker_box_black",3445,"true",9616,1,"Black Gold Shulker Box","true",""
"Iron Chest","ironchest:iron_shulker_box_black",3445,"true",9616,2,"Black Diamond Shulker Box","true",""
"Iron Chest","ironchest:iron_shulker_box_black",3445,"true",9616,3,"Black Copper Shulker Box","true",""
"Iron Chest","ironchest:iron_shulker_box_black",3445,"true",9616,4,"Black Silver Shulker Box","true",""
"Iron Chest","ironchest:iron_shulker_box_black",3445,"true",9616,5,"Black Crystal Shulker Box","true",""
"Iron Chest","ironchest:iron_shulker_box_black",3445,"true",9616,6,"Black Obsidian Shulker Box","true",""
"Iron Chest","ironchest:iron_shulker_box_blue",3441,"true",9612,0,"Blue Iron Shulker Box","true",""
"Iron Chest","ironchest:iron_shulker_box_blue",3441,"true",9612,1,"Blue Gold Shulker Box","true",""
"Iron Chest","ironchest:iron_shulker_box_blue",3441,"true",9612,2,"Blue Diamond Shulker Box","true",""
"Iron Chest","ironchest:iron_shulker_box_blue",3441,"true",9612,3,"Blue Copper Shulker Box","true",""
"Iron Chest","ironchest:iron_shulker_box_blue",3441,"true",9612,4,"Blue Silver Shulker Box","true",""
"Iron Chest","ironchest:iron_shulker_box_blue",3441,"true",9612,5,"Blue Crystal Shulker Box","true",""
"Iron Chest","ironchest:iron_shulker_box_blue",3441,"true",9612,6,"Blue Obsidian Shulker Box","true",""
"Iron Chest","ironchest:iron_shulker_box_brown",3442,"true",9613,0,"Brown Iron Shulker Box","true",""
"Iron Chest","ironchest:iron_shulker_box_brown",3442,"true",9613,1,"Brown Gold Shulker Box","true",""
"Iron Chest","ironchest:iron_shulker_box_brown",3442,"true",9613,2,"Brown Diamond Shulker Box","true",""
"Iron Chest","ironchest:iron_shulker_box_brown",3442,"true",9613,3,"Brown Copper Shulker Box","true",""
"Iron Chest","ironchest:iron_shulker_box_brown",3442,"true",9613,4,"Brown Silver Shulker Box","true",""
"Iron Chest","ironchest:iron_shulker_box_brown",3442,"true",9613,5,"Brown Crystal Shulker Box","true",""
"Iron Chest","ironchest:iron_shulker_box_brown",3442,"true",9613,6,"Brown Obsidian Shulker Box","true",""
"Iron Chest","ironchest:iron_shulker_box_cyan",3439,"true",9610,0,"Cyan Iron Shulker Box","true",""
"Iron Chest","ironchest:iron_shulker_box_cyan",3439,"true",9610,1,"Cyan Gold Shulker Box","true",""
"Iron Chest","ironchest:iron_shulker_box_cyan",3439,"true",9610,2,"Cyan Diamond Shulker Box","true",""
"Iron Chest","ironchest:iron_shulker_box_cyan",3439,"true",9610,3,"Cyan Copper Shulker Box","true",""
"Iron Chest","ironchest:iron_shulker_box_cyan",3439,"true",9610,4,"Cyan Silver Shulker Box","true",""
"Iron Chest","ironchest:iron_shulker_box_cyan",3439,"true",9610,5,"Cyan Crystal Shulker Box","true",""
"Iron Chest","ironchest:iron_shulker_box_cyan",3439,"true",9610,6,"Cyan Obsidian Shulker Box","true",""
"Iron Chest","ironchest:iron_shulker_box_gray",3437,"true",9608,0,"Gray Iron Shulker Box","true",""
"Iron Chest","ironchest:iron_shulker_box_gray",3437,"true",9608,1,"Gray Gold Shulker Box","true",""
"Iron Chest","ironchest:iron_shulker_box_gray",3437,"true",9608,2,"Gray Diamond Shulker Box","true",""
"Iron Chest","ironchest:iron_shulker_box_gray",3437,"true",9608,3,"Gray Copper Shulker Box","true",""
"Iron Chest","ironchest:iron_shulker_box_gray",3437,"true",9608,4,"Gray Silver Shulker Box","true",""
"Iron Chest","ironchest:iron_shulker_box_gray",3437,"true",9608,5,"Gray Crystal Shulker Box","true",""
"Iron Chest","ironchest:iron_shulker_box_gray",3437,"true",9608,6,"Gray Obsidian Shulker Box","true",""
"Iron Chest","ironchest:iron_shulker_box_green",3443,"true",9614,0,"Green Iron Shulker Box","true",""
"Iron Chest","ironchest:iron_shulker_box_green",3443,"true",9614,1,"Green Gold Shulker Box","true",""
"Iron Chest","ironchest:iron_shulker_box_green",3443,"true",9614,2,"Green Diamond Shulker Box","true",""
"Iron Chest","ironchest:iron_shulker_box_green",3443,"true",9614,3,"Green Copper Shulker Box","true",""
"Iron Chest","ironchest:iron_shulker_box_green",3443,"true",9614,4,"Green Silver Shulker Box","true",""
"Iron Chest","ironchest:iron_shulker_box_green",3443,"true",9614,5,"Green Crystal Shulker Box","true",""
"Iron Chest","ironchest:iron_shulker_box_green",3443,"true",9614,6,"Green Obsidian Shulker Box","true",""
"Iron Chest","ironchest:iron_shulker_box_light_blue",3433,"true",9604,0,"Light Blue Iron Shulker Box","true",""
"Iron Chest","ironchest:iron_shulker_box_light_blue",3433,"true",9604,1,"Light Blue Gold Shulker Box","true",""
"Iron Chest","ironchest:iron_shulker_box_light_blue",3433,"true",9604,2,"Light Blue Diamond Shulker Box","true",""
"Iron Chest","ironchest:iron_shulker_box_light_blue",3433,"true",9604,3,"Light Blue Copper Shulker Box","true",""
"Iron Chest","ironchest:iron_shulker_box_light_blue",3433,"true",9604,4,"Light Blue Silver Shulker Box","true",""
"Iron Chest","ironchest:iron_shulker_box_light_blue",3433,"true",9604,5,"Light Blue Crystal Shulker Box","true",""
"Iron Chest","ironchest:iron_shulker_box_light_blue",3433,"true",9604,6,"Light Blue Obsidian Shulker Box","true",""
"Iron Chest","ironchest:iron_shulker_box_lime",3435,"true",9606,0,"Lime Iron Shulker Box","true",""
"Iron Chest","ironchest:iron_shulker_box_lime",3435,"true",9606,1,"Lime Gold Shulker Box","true",""
"Iron Chest","ironchest:iron_shulker_box_lime",3435,"true",9606,2,"Lime Diamond Shulker Box","true",""
"Iron Chest","ironchest:iron_shulker_box_lime",3435,"true",9606,3,"Lime Copper Shulker Box","true",""
"Iron Chest","ironchest:iron_shulker_box_lime",3435,"true",9606,4,"Lime Silver Shulker Box","true",""
"Iron Chest","ironchest:iron_shulker_box_lime",3435,"true",9606,5,"Lime Crystal Shulker Box","true",""
"Iron Chest","ironchest:iron_shulker_box_lime",3435,"true",9606,6,"Lime Obsidian Shulker Box","true",""
"Iron Chest","ironchest:iron_shulker_box_magenta",3432,"true",9603,0,"Magenta Iron Shulker Box","true",""
"Iron Chest","ironchest:iron_shulker_box_magenta",3432,"true",9603,1,"Magenta Gold Shulker Box","true",""
"Iron Chest","ironchest:iron_shulker_box_magenta",3432,"true",9603,2,"Magenta Diamond Shulker Box","true",""
"Iron Chest","ironchest:iron_shulker_box_magenta",3432,"true",9603,3,"Magenta Copper Shulker Box","true",""
"Iron Chest","ironchest:iron_shulker_box_magenta",3432,"true",9603,4,"Magenta Silver Shulker Box","true",""
"Iron Chest","ironchest:iron_shulker_box_magenta",3432,"true",9603,5,"Magenta Crystal Shulker Box","true",""
"Iron Chest","ironchest:iron_shulker_box_magenta",3432,"true",9603,6,"Magenta Obsidian Shulker Box","true",""
"Iron Chest","ironchest:iron_shulker_box_orange",3431,"true",9602,0,"Orange Iron Shulker Box","true",""
"Iron Chest","ironchest:iron_shulker_box_orange",3431,"true",9602,1,"Orange Gold Shulker Box","true",""
"Iron Chest","ironchest:iron_shulker_box_orange",3431,"true",9602,2,"Orange Diamond Shulker Box","true",""
"Iron Chest","ironchest:iron_shulker_box_orange",3431,"true",9602,3,"Orange Copper Shulker Box","true",""
"Iron Chest","ironchest:iron_shulker_box_orange",3431,"true",9602,4,"Orange Silver Shulker Box","true",""
"Iron Chest","ironchest:iron_shulker_box_orange",3431,"true",9602,5,"Orange Crystal Shulker Box","true",""
"Iron Chest","ironchest:iron_shulker_box_orange",3431,"true",9602,6,"Orange Obsidian Shulker Box","true",""
"Iron Chest","ironchest:iron_shulker_box_pink",3436,"true",9607,0,"Pink Iron Shulker Box","true",""
"Iron Chest","ironchest:iron_shulker_box_pink",3436,"true",9607,1,"Pink Gold Shulker Box","true",""
"Iron Chest","ironchest:iron_shulker_box_pink",3436,"true",9607,2,"Pink Diamond Shulker Box","true",""
"Iron Chest","ironchest:iron_shulker_box_pink",3436,"true",9607,3,"Pink Copper Shulker Box","true",""
"Iron Chest","ironchest:iron_shulker_box_pink",3436,"true",9607,4,"Pink Silver Shulker Box","true",""
"Iron Chest","ironchest:iron_shulker_box_pink",3436,"true",9607,5,"Pink Crystal Shulker Box","true",""
"Iron Chest","ironchest:iron_shulker_box_pink",3436,"true",9607,6,"Pink Obsidian Shulker Box","true",""
"Iron Chest","ironchest:iron_shulker_box_purple",3440,"true",9611,0,"Purple Iron Shulker Box","true",""
"Iron Chest","ironchest:iron_shulker_box_purple",3440,"true",9611,1,"Purple Gold Shulker Box","true",""
"Iron Chest","ironchest:iron_shulker_box_purple",3440,"true",9611,2,"Purple Diamond Shulker Box","true",""
"Iron Chest","ironchest:iron_shulker_box_purple",3440,"true",9611,3,"Purple Copper Shulker Box","true",""
"Iron Chest","ironchest:iron_shulker_box_purple",3440,"true",9611,4,"Purple Silver Shulker Box","true",""
"Iron Chest","ironchest:iron_shulker_box_purple",3440,"true",9611,5,"Purple Crystal Shulker Box","true",""
"Iron Chest","ironchest:iron_shulker_box_purple",3440,"true",9611,6,"Purple Obsidian Shulker Box","true",""
"Iron Chest","ironchest:iron_shulker_box_red",3444,"true",9615,0,"Red Iron Shulker Box","true",""
"Iron Chest","ironchest:iron_shulker_box_red",3444,"true",9615,1,"Red Gold Shulker Box","true",""
"Iron Chest","ironchest:iron_shulker_box_red",3444,"true",9615,2,"Red Diamond Shulker Box","true",""
"Iron Chest","ironchest:iron_shulker_box_red",3444,"true",9615,3,"Red Copper Shulker Box","true",""
"Iron Chest","ironchest:iron_shulker_box_red",3444,"true",9615,4,"Red Silver Shulker Box","true",""
"Iron Chest","ironchest:iron_shulker_box_red",3444,"true",9615,5,"Red Crystal Shulker Box","true",""
"Iron Chest","ironchest:iron_shulker_box_red",3444,"true",9615,6,"Red Obsidian Shulker Box","true",""
"Iron Chest","ironchest:iron_shulker_box_silver",3438,"true",9609,0,"Light Gray Iron Shulker Box","true",""
"Iron Chest","ironchest:iron_shulker_box_silver",3438,"true",9609,1,"Light Gray Gold Shulker Box","true",""
"Iron Chest","ironchest:iron_shulker_box_silver",3438,"true",9609,2,"Light Gray Diamond Shulker Box","true",""
"Iron Chest","ironchest:iron_shulker_box_silver",3438,"true",9609,3,"Light Gray Copper Shulker Box","true",""
"Iron Chest","ironchest:iron_shulker_box_silver",3438,"true",9609,4,"Light Gray Silver Shulker Box","true",""
"Iron Chest","ironchest:iron_shulker_box_silver",3438,"true",9609,5,"Light Gray Crystal Shulker Box","true",""
"Iron Chest","ironchest:iron_shulker_box_silver",3438,"true",9609,6,"Light Gray Obsidian Shulker Box","true",""
"Iron Chest","ironchest:iron_shulker_box_white",3430,"true",9601,0,"White Iron Shulker Box","true",""
"Iron Chest","ironchest:iron_shulker_box_white",3430,"true",9601,1,"White Gold Shulker Box","true",""
"Iron Chest","ironchest:iron_shulker_box_white",3430,"true",9601,2,"White Diamond Shulker Box","true",""
"Iron Chest","ironchest:iron_shulker_box_white",3430,"true",9601,3,"White Copper Shulker Box","true",""
"Iron Chest","ironchest:iron_shulker_box_white",3430,"true",9601,4,"White Silver Shulker Box","true",""
"Iron Chest","ironchest:iron_shulker_box_white",3430,"true",9601,5,"White Crystal Shulker Box","true",""
"Iron Chest","ironchest:iron_shulker_box_white",3430,"true",9601,6,"White Obsidian Shulker Box","true",""
"Iron Chest","ironchest:iron_shulker_box_yellow",3434,"true",9605,0,"Yellow Iron Shulker Box","true",""
"Iron Chest","ironchest:iron_shulker_box_yellow",3434,"true",9605,1,"Yellow Gold Shulker Box","true",""
"Iron Chest","ironchest:iron_shulker_box_yellow",3434,"true",9605,2,"Yellow Diamond Shulker Box","true",""
"Iron Chest","ironchest:iron_shulker_box_yellow",3434,"true",9605,3,"Yellow Copper Shulker Box","true",""
"Iron Chest","ironchest:iron_shulker_box_yellow",3434,"true",9605,4,"Yellow Silver Shulker Box","true",""
"Iron Chest","ironchest:iron_shulker_box_yellow",3434,"true",9605,5,"Yellow Crystal Shulker Box","true",""
"Iron Chest","ironchest:iron_shulker_box_yellow",3434,"true",9605,6,"Yellow Obsidian Shulker Box","true",""
"Lost Aether Content","lost_aether:crystal_sapling",5280,"false",12937,0,"Crystal Sapling","true","treeSapling"
"Lost Aether Content","lost_aether:gale_double_slab",5286,"false",12943,0,"tile.gale_double_slab.name","true",""
"Lost Aether Content","lost_aether:gale_slab",5287,"false",12944,0,"Gale Slab","true",""
"Lost Aether Content","lost_aether:gale_stairs",5288,"false",12945,0,"Gale Stairs","true",""
"Lost Aether Content","lost_aether:gale_stone",5282,"false",12939,0,"Gale Stone","true",""
"Lost Aether Content","lost_aether:gale_wall",5289,"false",12946,0,"Gale Wall","true",""
"Lost Aether Content","lost_aether:light_gale_stone",5283,"false",12940,0,"Light Gale Stone","true",""
"Lost Aether Content","lost_aether:locked_gale_stone",5284,"false",12941,0,"Locked Gale Stone","true",""
"Lost Aether Content","lost_aether:locked_light_gale_stone",5285,"false",12942,0,"Locked Light Gale Stone","true",""
"Lost Aether Content","lost_aether:songstone",5281,"false",12938,0,"Songstone","true",""
"Macaw's Bridges","mcwbridges:acacia_log_bridge_end",3452,"false",9643,0,"Acacia Bridge End","true",""
"Macaw's Bridges","mcwbridges:acacia_log_bridge_middle",3453,"false",9644,0,"Acacia Bridge Middle","true",""
"Macaw's Bridges","mcwbridges:acacia_rail_bridge",3490,"false",9681,0,"Acacia Rail Bridge","true",""
"Macaw's Bridges","mcwbridges:acacia_rail_bridge_end",3491,"false",9682,0,"Acacia Rail Bridge End","true",""
"Macaw's Bridges","mcwbridges:bamboo_bridge",3494,"false",9685,0,"Bamboo Bridge","true",""
"Macaw's Bridges","mcwbridges:bamboo_bridge_end",3495,"false",9686,0,"Bamboo Bridge End","true",""
"Macaw's Bridges","mcwbridges:birch_log_bridge_end",3450,"false",9641,0,"Birch Bridge End","true",""
"Macaw's Bridges","mcwbridges:birch_log_bridge_middle",3451,"false",9642,0,"Birch Bridge Middle","true",""
"Macaw's Bridges","mcwbridges:birch_rail_bridge",3486,"false",9677,0,"Birch Rail Bridge","true",""
"Macaw's Bridges","mcwbridges:birch_rail_bridge_end",3487,"false",9678,0,"Birch Rail Bridge End","true",""
"Macaw's Bridges","mcwbridges:brick_bridge",3474,"false",9665,0,"Brick Bridge","true",""
"Macaw's Bridges","mcwbridges:brick_bridge_end",3475,"false",9666,0,"Brick Bridge End","true",""
"Macaw's Bridges","mcwbridges:dark_oak_log_bridge_end",3458,"false",9649,0,"Dark Oak Bridge End","true",""
"Macaw's Bridges","mcwbridges:dark_oak_log_bridge_middle",3459,"false",9650,0,"Dark Oak Bridge Middle","true",""
"Macaw's Bridges","mcwbridges:dark_oak_rail_bridge",3492,"false",9683,0,"Dark Oak Rail Bridge","true",""
"Macaw's Bridges","mcwbridges:dark_oak_rail_bridge_end",3493,"false",9684,0,"Dark Oak Rail Bridge End","true",""
"Macaw's Bridges","mcwbridges:dry_bamboo_bridge",3496,"false",9687,0,"Dry Bamboo Bridge","true",""
"Macaw's Bridges","mcwbridges:dry_bamboo_bridge_end",3497,"false",9688,0,"Dry Bamboo Bridge End","true",""
"Macaw's Bridges","mcwbridges:jungle_log_bridge_end",3456,"false",9647,0,"Jungle Bridge End","true",""
"Macaw's Bridges","mcwbridges:jungle_log_bridge_middle",3457,"false",9648,0,"Jungle Bridge Middle","true",""
"Macaw's Bridges","mcwbridges:jungle_rail_bridge",3488,"false",9679,0,"Jungle Rail Bridge","true",""
"Macaw's Bridges","mcwbridges:jungle_rail_bridge_end",3489,"false",9680,0,"Jungle Rail Bridge End","true",""
"Macaw's Bridges","mcwbridges:mossy_stone_brick_bridge",3480,"false",9671,0,"Mossy Stone Brick Bridge","true",""
"Macaw's Bridges","mcwbridges:mossy_stone_brick_bridge_end",3481,"false",9672,0,"Mossy Stone Brick Bridge End","true",""
"Macaw's Bridges","mcwbridges:most1",3446,"false",9637,0,"Iron Bridge Middle","true",""
"Macaw's Bridges","mcwbridges:most2",3447,"false",9638,0,"Iron Bridge End","true",""
"Macaw's Bridges","mcwbridges:oak_log_bridge_end",3449,"false",9640,0,"Oak Bridge End","true",""
"Macaw's Bridges","mcwbridges:oak_log_bridge_middle",3448,"false",9639,0,"Oak Bridge Middle","true",""
"Macaw's Bridges","mcwbridges:oak_rail_bridge",3482,"false",9673,0,"Oak Rail Bridge","true",""
"Macaw's Bridges","mcwbridges:oak_rail_bridge_end",3483,"false",9674,0,"Oak Rail Bridge End","true",""
"Macaw's Bridges","mcwbridges:orange_sandstone_bridge",3478,"false",9669,0,"Red Sandstone Bridge","true",""
"Macaw's Bridges","mcwbridges:orange_sandstone_bridge_end",3479,"false",9670,0,"Red Sandstone Bridge End","true",""
"Macaw's Bridges","mcwbridges:rope_acacia_bridge",3468,"false",9659,0,"Rope Acacia Bridge","true",""
"Macaw's Bridges","mcwbridges:rope_acacia_bridge_end",3469,"false",9660,0,"Rope Acacia Bridge End","true",""
"Macaw's Bridges","mcwbridges:rope_birch_bridge",3462,"false",9653,0,"Rope Birch Bridge","true",""
"Macaw's Bridges","mcwbridges:rope_birch_bridge_end",3463,"false",9654,0,"Rope Birch Bridge End","true",""
"Macaw's Bridges","mcwbridges:rope_dark_oak_bridge",3470,"false",9661,0,"Rope Dark Oak Bridge","true",""
"Macaw's Bridges","mcwbridges:rope_dark_oak_bridge_end",3471,"false",9662,0,"Rope Dark Oak Bridge End","true",""
"Macaw's Bridges","mcwbridges:rope_jungle_bridge",3466,"false",9657,0,"Rope Jungle Bridge","true",""
"Macaw's Bridges","mcwbridges:rope_jungle_bridge_end",3467,"false",9658,0,"Rope Jungle Bridge End","true",""
"Macaw's Bridges","mcwbridges:rope_oak_bridge",3460,"false",9651,0,"Rope Oak Bridge","true",""
"Macaw's Bridges","mcwbridges:rope_oak_bridge_end",3461,"false",9652,0,"Rope Oak Bridge End","true",""
"Macaw's Bridges","mcwbridges:rope_spruce_bridge",3464,"false",9655,0,"Rope Spruce Bridge","true",""
"Macaw's Bridges","mcwbridges:rope_spruce_bridge_end",3465,"false",9656,0,"Rope Spruce Bridge End","true",""
"Macaw's Bridges","mcwbridges:sandstone_bridge",3476,"false",9667,0,"Sandstone Bridge","true",""
"Macaw's Bridges","mcwbridges:sandstone_bridge_end",3477,"false",9668,0,"Sandstone Bridge End","true",""
"Macaw's Bridges","mcwbridges:spruce_log_bridge_end",3454,"false",9645,0,"Spruce Bridge End","true",""
"Macaw's Bridges","mcwbridges:spruce_log_bridge_middle",3455,"false",9646,0,"Spruce Bridge Middle","true",""
"Macaw's Bridges","mcwbridges:spruce_rail_bridge",3484,"false",9675,0,"Spruce Rail Bridge","true",""
"Macaw's Bridges","mcwbridges:spruce_rail_bridge_end",3485,"false",9676,0,"Spruce Rail Bridge End","true",""
"Macaw's Bridges","mcwbridges:stone_brick_bridge",3472,"false",9663,0,"Stone Brick Bridge","true",""
"Macaw's Bridges","mcwbridges:stone_brick_bridge_end",3473,"false",9664,0,"Stone Brick Bridge End","true",""
"Macaw's Doors","mcwdoors:acacia_bark_glass_door",3592,"false",9789,0,"Acacia Bark Glass Door","true",""
"Macaw's Doors","mcwdoors:acacia_barn_door",3514,"false",9711,0,"Acacia Barn Door","true",""
"Macaw's Doors","mcwdoors:acacia_barn_glass_door",3520,"false",9717,0,"Acacia Barn Glassed Door","true",""
"Macaw's Doors","mcwdoors:acacia_beach_door",3541,"false",9738,0,"Acacia Beach Door","true",""
"Macaw's Doors","mcwdoors:acacia_classic_door",3536,"false",9733,0,"Acacia Classic Door","true",""
"Macaw's Doors","mcwdoors:acacia_cottage_door",3531,"false",9728,0,"Acacia Cottage Door","true",""
"Macaw's Doors","mcwdoors:acacia_four_panel_door",3552,"false",9749,0,"Acacia Four Panel Door","true",""
"Macaw's Doors","mcwdoors:acacia_glass_door",3568,"false",9765,0,"Acacia Glass Door","true",""
"Macaw's Doors","mcwdoors:acacia_japanese2_door",3508,"false",9705,0,"Acacia Shoji Whole Door","true",""
"Macaw's Doors","mcwdoors:acacia_japanese_door",3502,"false",9699,0,"Acacia Shoji Door","true",""
"Macaw's Doors","mcwdoors:acacia_modern_door",3526,"false",9723,0,"Acacia Oak Modern Door","true",""
"Macaw's Doors","mcwdoors:acacia_paper_door",3546,"false",9743,0,"Acacia Paper Door","true",""
"Macaw's Doors","mcwdoors:acacia_stable_door",3574,"false",9771,0,"Acacia Stable Door","true",""
"Macaw's Doors","mcwdoors:acacia_stable_head_door",3580,"false",9777,0,"Acacia Stable Horse Door","true",""
"Macaw's Doors","mcwdoors:acacia_western_door",3586,"false",9783,0,"Acacia Western Door","true",""
"Macaw's Doors","mcwdoors:birch_bark_glass_door",3590,"false",9787,0,"Birch Bark Glass Door","true",""
"Macaw's Doors","mcwdoors:birch_barn_door",3512,"false",9709,0,"Birch Barn Door","true",""
"Macaw's Doors","mcwdoors:birch_barn_glass_door",3518,"false",9715,0,"Birch Barn Glassed Door","true",""
"Macaw's Doors","mcwdoors:birch_beach_door",3540,"false",9737,0,"Birch Beach Door","true",""
"Macaw's Doors","mcwdoors:birch_classic_door",3534,"false",9731,0,"Birch Classic Door","true",""
"Macaw's Doors","mcwdoors:birch_cottage_door",3529,"false",9726,0,"Birch Cottage Door","true",""
"Macaw's Doors","mcwdoors:birch_four_panel_door",3550,"false",9747,0,"Birch Four Panel Door","true",""
"Macaw's Doors","mcwdoors:birch_glass_door",3566,"false",9763,0,"Birch Glass Door","true",""
"Macaw's Doors","mcwdoors:birch_japanese2_door",3506,"false",9703,0,"Birch Shoji Whole Door","true",""
"Macaw's Doors","mcwdoors:birch_japanese_door",3500,"false",9697,0,"Birch Shoji Door","true",""
"Macaw's Doors","mcwdoors:birch_modern_door",3524,"false",9721,0,"Birch Oak Modern Door","true",""
"Macaw's Doors","mcwdoors:birch_stable_door",3572,"false",9769,0,"Birch Stable Door","true",""
"Macaw's Doors","mcwdoors:birch_stable_head_door",3578,"false",9775,0,"Birch Stable Horse Door","true",""
"Macaw's Doors","mcwdoors:birch_tropical_door",3555,"false",9752,0,"Birch Tropical Door","true",""
"Macaw's Doors","mcwdoors:birch_western_door",3584,"false",9781,0,"Birch Western Door","true",""
"Macaw's Doors","mcwdoors:dark_oak_bark_glass_door",3593,"false",9790,0,"Dark Oak Bark Glass Door","true",""
"Macaw's Doors","mcwdoors:dark_oak_barn_door",3515,"false",9712,0,"Dark Oak Barn Door","true",""
"Macaw's Doors","mcwdoors:dark_oak_barn_glass_door",3521,"false",9718,0,"Dark Oak Barn Glassed Door","true",""
"Macaw's Doors","mcwdoors:dark_oak_beach_door",3542,"false",9739,0,"Dark Oak Beach Door","true",""
"Macaw's Doors","mcwdoors:dark_oak_classic_door",3537,"false",9734,0,"Dark Oak Classic Door","true",""
"Macaw's Doors","mcwdoors:dark_oak_cottage_door",3532,"false",9729,0,"Dark Oak Cottage Door","true",""
"Macaw's Doors","mcwdoors:dark_oak_glass_door",3569,"false",9766,0,"Dark Oak Glass Door","true",""
"Macaw's Doors","mcwdoors:dark_oak_japanese2_door",3509,"false",9706,0,"Dark Oak Shoji Whole Door","true",""
"Macaw's Doors","mcwdoors:dark_oak_japanese_door",3503,"false",9700,0,"Dark Oak Shoji Door","true",""
"Macaw's Doors","mcwdoors:dark_oak_modern_door",3527,"false",9724,0,"Dark Oak Modern Door","true",""
"Macaw's Doors","mcwdoors:dark_oak_paper_door",3547,"false",9744,0,"Dark Oak Paper Door","true",""
"Macaw's Doors","mcwdoors:dark_oak_stable_door",3575,"false",9772,0,"Dark Oak Stable Door","true",""
"Macaw's Doors","mcwdoors:dark_oak_stable_head_door",3581,"false",9778,0,"Dark Oak Stable Horse Door","true",""
"Macaw's Doors","mcwdoors:dark_oak_tropical_door",3557,"false",9754,0,"Dark Oak Tropical Door","true",""
"Macaw's Doors","mcwdoors:dark_oak_western_door",3587,"false",9784,0,"Dark Oak Western Door","true",""
"Macaw's Doors","mcwdoors:jail_door",3563,"false",9760,0,"Jail Door","true",""
"Macaw's Doors","mcwdoors:jungle_bark_glass_door",3591,"false",9788,0,"Jungle Bark Glass Door","true",""
"Macaw's Doors","mcwdoors:jungle_barn_door",3513,"false",9710,0,"Jungle Barn Door","true",""
"Macaw's Doors","mcwdoors:jungle_barn_glass_door",3519,"false",9716,0,"Jungle Barn Glassed Door","true",""
"Macaw's Doors","mcwdoors:jungle_classic_door",3535,"false",9732,0,"Jungle Classic Door","true",""
"Macaw's Doors","mcwdoors:jungle_cottage_door",3530,"false",9727,0,"Jungle Cottage Door","true",""
"Macaw's Doors","mcwdoors:jungle_four_panel_door",3551,"false",9748,0,"Jungle Four Panel Door","true",""
"Macaw's Doors","mcwdoors:jungle_glass_door",3567,"false",9764,0,"Jungle Glass Door","true",""
"Macaw's Doors","mcwdoors:jungle_japanese2_door",3507,"false",9704,0,"Jungle Shoji Whole Door","true",""
"Macaw's Doors","mcwdoors:jungle_japanese_door",3501,"false",9698,0,"Jungle Shoji Door","true",""
"Macaw's Doors","mcwdoors:jungle_modern_door",3525,"false",9722,0,"Jungle Oak Modern Door","true",""
"Macaw's Doors","mcwdoors:jungle_paper_door",3545,"false",9742,0,"Jungle Paper Door","true",""
"Macaw's Doors","mcwdoors:jungle_stable_door",3573,"false",9770,0,"Jungle Stable Door","true",""
"Macaw's Doors","mcwdoors:jungle_stable_head_door",3579,"false",9776,0,"Jungle Stable Horse Door","true",""
"Macaw's Doors","mcwdoors:jungle_tropical_door",3556,"false",9753,0,"Jungle Tropical Door","true",""
"Macaw's Doors","mcwdoors:jungle_western_door",3585,"false",9782,0,"Jungle Western Door","true",""
"Macaw's Doors","mcwdoors:metal_door",3558,"false",9755,0,"Metal Door","true",""
"Macaw's Doors","mcwdoors:metal_hospital_door",3560,"false",9757,0,"Metal Hospital Door","true",""
"Macaw's Doors","mcwdoors:metal_reinforced_door",3561,"false",9758,0,"Metal Reinforced Door","true",""
"Macaw's Doors","mcwdoors:metal_warning_door",3559,"false",9756,0,"Metal Warning Door","true",""
"Macaw's Doors","mcwdoors:metal_windowed_door",3562,"false",9759,0,"Metal Windowed Door","true",""
"Macaw's Doors","mcwdoors:oak_bark_glass_door",3588,"false",9785,0,"Oak Bark Glass Door","true",""
"Macaw's Doors","mcwdoors:oak_barn_door",3510,"false",9707,0,"Oak Barn Door","true",""
"Macaw's Doors","mcwdoors:oak_barn_glass_door",3516,"false",9713,0,"Oak Barn Glassed Door","true",""
"Macaw's Doors","mcwdoors:oak_beach_door",3538,"false",9735,0,"Oak Beach Door","true",""
"Macaw's Doors","mcwdoors:oak_cottage_door",3528,"false",9725,0,"Oak Cottage Door","true",""
"Macaw's Doors","mcwdoors:oak_four_panel_door",3548,"false",9745,0,"Oak Four Panel Door","true",""
"Macaw's Doors","mcwdoors:oak_glass_door",3564,"false",9761,0,"Oak Glass Door","true",""
"Macaw's Doors","mcwdoors:oak_japanese2_door",3504,"false",9701,0,"Oak Shoji Whole Door","true",""
"Macaw's Doors","mcwdoors:oak_japanese_door",3498,"false",9695,0,"Oak Shoji Door","true",""
"Macaw's Doors","mcwdoors:oak_modern_door",3522,"false",9719,0,"Oak Oak Modern Door","true",""
"Macaw's Doors","mcwdoors:oak_paper_door",3543,"false",9740,0,"Oak Paper Door","true",""
"Macaw's Doors","mcwdoors:oak_stable_door",3570,"false",9767,0,"Oak Stable Door","true",""
"Macaw's Doors","mcwdoors:oak_stable_head_door",3576,"false",9773,0,"Oak Stable Horse Door","true",""
"Macaw's Doors","mcwdoors:oak_tropical_door",3553,"false",9750,0,"Oak Tropical Door","true",""
"Macaw's Doors","mcwdoors:oak_western_door",3582,"false",9779,0,"Oak Western Door","true",""
"Macaw's Doors","mcwdoors:spruce_bark_glass_door",3589,"false",9786,0,"Spruce Bark Glass Door","true",""
"Macaw's Doors","mcwdoors:spruce_barn_door",3511,"false",9708,0,"Spruce Barn Door","true",""
"Macaw's Doors","mcwdoors:spruce_barn_glass_door",3517,"false",9714,0,"Spruce Barn Glassed Door","true",""
"Macaw's Doors","mcwdoors:spruce_beach_door",3539,"false",9736,0,"Spruce Beach Door","true",""
"Macaw's Doors","mcwdoors:spruce_classic_door",3533,"false",9730,0,"Spruce Classic Door","true",""
"Macaw's Doors","mcwdoors:spruce_four_panel_door",3549,"false",9746,0,"Spruce Four Panel Door","true",""
"Macaw's Doors","mcwdoors:spruce_glass_door",3565,"false",9762,0,"Spruce Glass Door","true",""
"Macaw's Doors","mcwdoors:spruce_japanese2_door",3505,"false",9702,0,"Spruce Shoji Whole Door","true",""
"Macaw's Doors","mcwdoors:spruce_japanese_door",3499,"false",9696,0,"Spruce Shoji Door","true",""
"Macaw's Doors","mcwdoors:spruce_modern_door",3523,"false",9720,0,"Spruce Oak Modern Door","true",""
"Macaw's Doors","mcwdoors:spruce_paper_door",3544,"false",9741,0,"Spruce Paper Door","true",""
"Macaw's Doors","mcwdoors:spruce_stable_door",3571,"false",9768,0,"Spruce Stable Door","true",""
"Macaw's Doors","mcwdoors:spruce_stable_head_door",3577,"false",9774,0,"Spruce Stable Horse Door","true",""
"Macaw's Doors","mcwdoors:spruce_tropical_door",3554,"false",9751,0,"Spruce Tropical Door","true",""
"Macaw's Doors","mcwdoors:spruce_western_door",3583,"false",9780,0,"Spruce Western Door","true",""
"Macaw's Lights and Lamps","mcwlights:acacia_tiki_torch",3598,"false",9795,0,"Acacia Tiki Torch","true",""
"Macaw's Lights and Lamps","mcwlights:bell_lantern",3656,"false",9853,0,"Bell Lantern","true",""
"Macaw's Lights and Lamps","mcwlights:bell_wall_lantern",3663,"false",9860,0,"Bell Wall Lantern","true",""
"Macaw's Lights and Lamps","mcwlights:birch_tiki_torch",3596,"false",9793,0,"Birch Tiki Torch","true",""
"Macaw's Lights and Lamps","mcwlights:black_ceiling_light",3647,"false",9844,0,"Black Ceiling Light","true",""
"Macaw's Lights and Lamps","mcwlights:black_lamp",3631,"false",9828,0,"Black Lamp","true",""
"Macaw's Lights and Lamps","mcwlights:black_paper_lamp",3615,"false",9812,0,"Black Paper Lamp","true",""
"Macaw's Lights and Lamps","mcwlights:black_square_wall_lamp",3705,"false",9902,0,"Black Square Wall Lamp","true",""
"Macaw's Lights and Lamps","mcwlights:black_wall_lamp",3689,"false",9886,0,"Black Wall Lamp","true",""
"Macaw's Lights and Lamps","mcwlights:blue_ceiling_light",3643,"false",9840,0,"Blue Ceiling Light","true",""
"Macaw's Lights and Lamps","mcwlights:blue_lamp",3627,"false",9824,0,"Blue Lamp","true",""
"Macaw's Lights and Lamps","mcwlights:blue_paper_lamp",3611,"false",9808,0,"Blue Paper Lamp","true",""
"Macaw's Lights and Lamps","mcwlights:blue_square_wall_lamp",3701,"false",9898,0,"Blue Square Wall Lamp","true",""
"Macaw's Lights and Lamps","mcwlights:blue_wall_lamp",3685,"false",9882,0,"Blue Wall Lamp","true",""
"Macaw's Lights and Lamps","mcwlights:brown_ceiling_light",3644,"false",9841,0,"Brown Ceiling Light","true",""
"Macaw's Lights and Lamps","mcwlights:brown_lamp",3628,"false",9825,0,"Brown Lamp","true",""
"Macaw's Lights and Lamps","mcwlights:brown_paper_lamp",3612,"false",9809,0,"Brown Paper Lamp","true",""
"Macaw's Lights and Lamps","mcwlights:brown_square_wall_lamp",3702,"false",9899,0,"Brown Square Wall Lamp","true",""
"Macaw's Lights and Lamps","mcwlights:brown_wall_lamp",3686,"false",9883,0,"Brown Wall Lamp","true",""
"Macaw's Lights and Lamps","mcwlights:chain_lantern",3652,"false",9849,0,"Chain Lantern","true",""
"Macaw's Lights and Lamps","mcwlights:chain_wall_lantern",3659,"false",9856,0,"Chain Wall Lantern","true",""
"Macaw's Lights and Lamps","mcwlights:classic_street_lamp",3664,"false",9861,0,"Street Lamp Post","true",""
"Macaw's Lights and Lamps","mcwlights:covered_lantern",3651,"false",9848,0,"Covered Lantern","true",""
"Macaw's Lights and Lamps","mcwlights:covered_wall_lantern",3658,"false",9855,0,"Covered Wall Lantern","true",""
"Macaw's Lights and Lamps","mcwlights:cross_lantern",3655,"false",9852,0,"Cross Lantern","true",""
"Macaw's Lights and Lamps","mcwlights:cross_wall_lantern",3662,"false",9859,0,"Cross Wall Lantern","true",""
"Macaw's Lights and Lamps","mcwlights:cyan_ceiling_light",3641,"false",9838,0,"Cyan Ceiling Light","true",""
"Macaw's Lights and Lamps","mcwlights:cyan_lamp",3625,"false",9822,0,"Cyan Lamp","true",""
"Macaw's Lights and Lamps","mcwlights:cyan_paper_lamp",3609,"false",9806,0,"Cyan Paper Lamp","true",""
"Macaw's Lights and Lamps","mcwlights:cyan_square_wall_lamp",3699,"false",9896,0,"Cyan Square Wall Lamp","true",""
"Macaw's Lights and Lamps","mcwlights:cyan_wall_lamp",3683,"false",9880,0,"Cyan Wall Lamp","true",""
"Macaw's Lights and Lamps","mcwlights:dark_oak_tiki_torch",3599,"false",9796,0,"Dark Oak Tiki Torch","true",""
"Macaw's Lights and Lamps","mcwlights:double_street_lamp",3665,"false",9862,0,"Double Street Lamp Post","true",""
"Macaw's Lights and Lamps","mcwlights:festive_lantern",3654,"false",9851,0,"Festive Lantern","true",""
"Macaw's Lights and Lamps","mcwlights:festive_wall_lantern",3661,"false",9858,0,"Festive Wall Lantern","true",""
"Macaw's Lights and Lamps","mcwlights:framed_torch",3669,"false",9866,0,"Framed Torch","true",""
"Macaw's Lights and Lamps","mcwlights:garden_light",3649,"false",9846,0,"Garden Light","true",""
"Macaw's Lights and Lamps","mcwlights:glowstone_slab",3667,"false",9864,0,"Glowstone Slab","true",""
"Macaw's Lights and Lamps","mcwlights:gray_ceiling_light",3639,"false",9836,0,"Gray Ceiling Light","true",""
"Macaw's Lights and Lamps","mcwlights:gray_lamp",3623,"false",9820,0,"Gray Lamp","true",""
"Macaw's Lights and Lamps","mcwlights:gray_paper_lamp",3607,"false",9804,0,"Gray Paper Lamp","true",""
"Macaw's Lights and Lamps","mcwlights:gray_square_wall_lamp",3697,"false",9894,0,"Gray Square Wall Lamp","true",""
"Macaw's Lights and Lamps","mcwlights:gray_wall_lamp",3681,"false",9878,0,"Gray Wall Lamp","true",""
"Macaw's Lights and Lamps","mcwlights:green_ceiling_light",3645,"false",9842,0,"Green Ceiling Light","true",""
"Macaw's Lights and Lamps","mcwlights:green_lamp",3629,"false",9826,0,"Green Lamp","true",""
"Macaw's Lights and Lamps","mcwlights:green_paper_lamp",3613,"false",9810,0,"Green Paper Lamp","true",""
"Macaw's Lights and Lamps","mcwlights:green_square_wall_lamp",3703,"false",9900,0,"Green Square Wall Lamp","true",""
"Macaw's Lights and Lamps","mcwlights:green_wall_lamp",3687,"false",9884,0,"Green Wall Lamp","true",""
"Macaw's Lights and Lamps","mcwlights:iron_framed_torch",3670,"false",9867,0,"Iron Framed Torch","true",""
"Macaw's Lights and Lamps","mcwlights:jungle_tiki_torch",3597,"false",9794,0,"Jungle Tiki Torch","true",""
"Macaw's Lights and Lamps","mcwlights:lava_lamp",3648,"false",9845,0,"Lava Lamp","true",""
"Macaw's Lights and Lamps","mcwlights:light_blue_ceiling_light",3635,"false",9832,0,"Light Blue Ceiling Light","true",""
"Macaw's Lights and Lamps","mcwlights:light_blue_lamp",3619,"false",9816,0,"Light Blue Lamp","true",""
"Macaw's Lights and Lamps","mcwlights:light_blue_paper_lamp",3603,"false",9800,0,"Light Blue Paper Lamp","true",""
"Macaw's Lights and Lamps","mcwlights:light_blue_square_wall_lamp",3693,"false",9890,0,"Light Blue Square Wall Lamp","true",""
"Macaw's Lights and Lamps","mcwlights:light_blue_wall_lamp",3677,"false",9874,0,"Light Blue Wall Lamp","true",""
"Macaw's Lights and Lamps","mcwlights:light_gray_ceiling_light",3640,"false",9837,0,"Light Gray Ceiling Light","true",""
"Macaw's Lights and Lamps","mcwlights:light_gray_lamp",3624,"false",9821,0,"Light Gray Lamp","true",""
"Macaw's Lights and Lamps","mcwlights:light_gray_paper_lamp",3608,"false",9805,0,"Light Gray Paper Lamp","true",""
"Macaw's Lights and Lamps","mcwlights:light_gray_square_wall_lamp",3698,"false",9895,0,"Light Gray Square Wall Lamp","true",""
"Macaw's Lights and Lamps","mcwlights:light_gray_wall_lamp",3682,"false",9879,0,"Light Gray Wall Lamp","true",""
"Macaw's Lights and Lamps","mcwlights:lime_ceiling_light",3637,"false",9834,0,"Lime Ceiling Light","true",""
"Macaw's Lights and Lamps","mcwlights:lime_lamp",3621,"false",9818,0,"Lime Lamp","true",""
"Macaw's Lights and Lamps","mcwlights:lime_paper_lamp",3605,"false",9802,0,"Lime Paper Lamp","true",""
"Macaw's Lights and Lamps","mcwlights:lime_square_wall_lamp",3695,"false",9892,0,"Lime Square Wall Lamp","true",""
"Macaw's Lights and Lamps","mcwlights:lime_wall_lamp",3679,"false",9876,0,"Lime Wall Lamp","true",""
"Macaw's Lights and Lamps","mcwlights:magenta_ceiling_light",3634,"false",9831,0,"Magenta Ceiling Light","true",""
"Macaw's Lights and Lamps","mcwlights:magenta_lamp",3618,"false",9815,0,"Magenta Lamp","true",""
"Macaw's Lights and Lamps","mcwlights:magenta_paper_lamp",3602,"false",9799,0,"Magenta Paper Lamp","true",""
"Macaw's Lights and Lamps","mcwlights:magenta_square_wall_lamp",3692,"false",9889,0,"Magenta Square Wall Lamp","true",""
"Macaw's Lights and Lamps","mcwlights:magenta_wall_lamp",3676,"false",9873,0,"Magenta Wall Lamp","true",""
"Macaw's Lights and Lamps","mcwlights:oak_tiki_torch",3594,"false",9791,0,"Oak Tiki Torch","true",""
"Macaw's Lights and Lamps","mcwlights:orange_ceiling_light",3633,"false",9830,0,"Orange Ceiling Light","true",""
"Macaw's Lights and Lamps","mcwlights:orange_lamp",3617,"false",9814,0,"Orange Lamp","true",""
"Macaw's Lights and Lamps","mcwlights:orange_paper_lamp",3601,"false",9798,0,"Orange Paper Lamp","true",""
"Macaw's Lights and Lamps","mcwlights:orange_square_wall_lamp",3691,"false",9888,0,"Orange Square Wall Lamp","true",""
"Macaw's Lights and Lamps","mcwlights:orange_wall_lamp",3675,"false",9872,0,"Orange Wall Lamp","true",""
"Macaw's Lights and Lamps","mcwlights:pink_ceiling_light",3638,"false",9835,0,"Pink Ceiling Light","true",""
"Macaw's Lights and Lamps","mcwlights:pink_lamp",3622,"false",9819,0,"Pink Lamp","true",""
"Macaw's Lights and Lamps","mcwlights:pink_paper_lamp",3606,"false",9803,0,"Pink Paper Lamp","true",""
"Macaw's Lights and Lamps","mcwlights:pink_square_wall_lamp",3696,"false",9893,0,"Pink Square Wall Lamp","true",""
"Macaw's Lights and Lamps","mcwlights:pink_wall_lamp",3680,"false",9877,0,"Pink Wall Lamp","true",""
"Macaw's Lights and Lamps","mcwlights:purple_ceiling_light",3642,"false",9839,0,"Purple Ceiling Light","true",""
"Macaw's Lights and Lamps","mcwlights:purple_lamp",3626,"false",9823,0,"Purple Lamp","true",""
"Macaw's Lights and Lamps","mcwlights:purple_paper_lamp",3610,"false",9807,0,"Purple Paper Lamp","true",""
"Macaw's Lights and Lamps","mcwlights:purple_square_wall_lamp",3700,"false",9897,0,"Purple Square Wall Lamp","true",""
"Macaw's Lights and Lamps","mcwlights:purple_wall_lamp",3684,"false",9881,0,"Purple Wall Lamp","true",""
"Macaw's Lights and Lamps","mcwlights:red_ceiling_light",3646,"false",9843,0,"Red Ceiling Light","true",""
"Macaw's Lights and Lamps","mcwlights:red_lamp",3630,"false",9827,0,"Red Lamp","true",""
"Macaw's Lights and Lamps","mcwlights:red_paper_lamp",3614,"false",9811,0,"Red Paper Lamp","true",""
"Macaw's Lights and Lamps","mcwlights:red_square_wall_lamp",3704,"false",9901,0,"Red Square Wall Lamp","true",""
"Macaw's Lights and Lamps","mcwlights:red_wall_lamp",3688,"false",9885,0,"Red Wall Lamp","true",""
"Macaw's Lights and Lamps","mcwlights:redstone_lamp_slab",3666,"false",9863,0,"Redstone Lamp Slab","true",""
"Macaw's Lights and Lamps","mcwlights:reinforced_torch",3671,"false",9868,0,"Reinforced Torch","true",""
"Macaw's Lights and Lamps","mcwlights:rustic_torch",3672,"false",9869,0,"Rustic Torch","true",""
"Macaw's Lights and Lamps","mcwlights:sea_lantern_slab",3668,"false",9865,0,"Sea Lantern Slab","true",""
"Macaw's Lights and Lamps","mcwlights:spruce_tiki_torch",3595,"false",9792,0,"Spruce Tiki Torch","true",""
"Macaw's Lights and Lamps","mcwlights:striped_lantern",3650,"false",9847,0,"Striped Lantern","true",""
"Macaw's Lights and Lamps","mcwlights:striped_wall_lantern",3657,"false",9854,0,"Striped Wall Lantern","true",""
"Macaw's Lights and Lamps","mcwlights:tavern_lantern",3653,"false",9850,0,"Tavern Lantern","true",""
"Macaw's Lights and Lamps","mcwlights:tavern_wall_lantern",3660,"false",9857,0,"Tavern Wall Lantern","true",""
"Macaw's Lights and Lamps","mcwlights:upgraded_torch",3673,"false",9870,0,"Upgraded Torch","true",""
"Macaw's Lights and Lamps","mcwlights:white_ceiling_light",3632,"false",9829,0,"White Ceiling Light","true",""
"Macaw's Lights and Lamps","mcwlights:white_lamp",3616,"false",9813,0,"White Lamp","true",""
"Macaw's Lights and Lamps","mcwlights:white_paper_lamp",3600,"false",9797,0,"White Paper Lamp","true",""
"Macaw's Lights and Lamps","mcwlights:white_square_wall_lamp",3690,"false",9887,0,"White Square Wall Lamp","true",""
"Macaw's Lights and Lamps","mcwlights:white_wall_lamp",3674,"false",9871,0,"White Wall Lamp","true",""
"Macaw's Lights and Lamps","mcwlights:yellow_ceiling_light",3636,"false",9833,0,"Yellow Ceiling Light","true",""
"Macaw's Lights and Lamps","mcwlights:yellow_lamp",3620,"false",9817,0,"Yellow Lamp","true",""
"Macaw's Lights and Lamps","mcwlights:yellow_paper_lamp",3604,"false",9801,0,"Yellow Paper Lamp","true",""
"Macaw's Lights and Lamps","mcwlights:yellow_square_wall_lamp",3694,"false",9891,0,"Yellow Square Wall Lamp","true",""
"Macaw's Lights and Lamps","mcwlights:yellow_wall_lamp",3678,"false",9875,0,"Yellow Wall Lamp","true",""
"Macaw's Windows","mcwwindows:acacia_plank_window",3716,"false",9915,0,"Acacia Plank Framed Window","true",""
"Macaw's Windows","mcwwindows:acacia_plank_window2",3739,"false",9938,0,"Acacia Plank Window","true",""
"Macaw's Windows","mcwwindows:acacia_plank_window2_2tall",3751,"false",9950,0,"Acacia Plank 2x1 Window","true",""
"Macaw's Windows","mcwwindows:acacia_planks_win_2tall",3726,"false",9925,0,"2x1 Acacia Plank Framed Window","true",""
"Macaw's Windows","mcwwindows:acacia_win_2tall",3727,"false",9926,0,"2x1 Acacia Framed Window","true",""
"Macaw's Windows","mcwwindows:acacia_window",3710,"false",9909,0,"Acacia Framed Window","true",""
"Macaw's Windows","mcwwindows:acacia_window2",3738,"false",9937,0,"Acacia Window","true",""
"Macaw's Windows","mcwwindows:acacia_window2_2tall",3750,"false",9949,0,"Acacia 2x1 Window","true",""
"Macaw's Windows","mcwwindows:birch_plank_window",3714,"false",9913,0,"Birch Plank Framed Window","true",""
"Macaw's Windows","mcwwindows:birch_plank_window2",3735,"false",9934,0,"Birch Plank Window","true",""
"Macaw's Windows","mcwwindows:birch_plank_window2_2tall",3747,"false",9946,0,"Birch Plank 2x1  Window","true",""
"Macaw's Windows","mcwwindows:birch_planks_win_2tall",3722,"false",9921,0,"2x1 Birch Plank Framed Window","true",""
"Macaw's Windows","mcwwindows:birch_win_2tall",3723,"false",9922,0,"2x1 Birch Framed Window","true",""
"Macaw's Windows","mcwwindows:birch_window",3708,"false",9907,0,"Birch Framed Window","true",""
"Macaw's Windows","mcwwindows:birch_window2",3734,"false",9933,0,"Birch Window","true",""
"Macaw's Windows","mcwwindows:birch_window2_2tall",3746,"false",9945,0,"Birch 2x1 Window","true",""
"Macaw's Windows","mcwwindows:dark_oak_plank_window",3717,"false",9916,0,"Dark Oak Plank Framed Window","true",""
"Macaw's Windows","mcwwindows:dark_oak_plank_window2",3741,"false",9940,0,"Dark Oak Window","true",""
"Macaw's Windows","mcwwindows:dark_oak_plank_window2_2tall",3753,"false",9952,0,"Dark Oak 2x1 Window","true",""
"Macaw's Windows","mcwwindows:dark_oak_planks_win_2tall",3728,"false",9927,0,"2x1 Dark Oak Framed Plank Window","true",""
"Macaw's Windows","mcwwindows:dark_oak_win_2tall",3729,"false",9928,0,"2x1 Dark Oak Framed Window","true",""
"Macaw's Windows","mcwwindows:dark_oak_window",3711,"false",9910,0,"Dark Oak Framed Window","true",""
"Macaw's Windows","mcwwindows:dark_oak_window2",3740,"false",9939,0,"Dark Oak Window","true",""
"Macaw's Windows","mcwwindows:dark_oak_window2_2tall",3752,"false",9951,0,"Dark Oak 2x1 Window","true",""
"Macaw's Windows","mcwwindows:jungle_plank_window",3715,"false",9914,0,"Jungle Plank Framed Window","true",""
"Macaw's Windows","mcwwindows:jungle_plank_window2",3737,"false",9936,0,"Jungle Window","true",""
"Macaw's Windows","mcwwindows:jungle_plank_window2_2tall",3749,"false",9948,0,"Jungle Plank 2x1 Window","true",""
"Macaw's Windows","mcwwindows:jungle_planks_win_2tall",3724,"false",9923,0,"2x1 Jungle Plank Framed Window","true",""
"Macaw's Windows","mcwwindows:jungle_win_2tall",3725,"false",9924,0,"2x1 Jungle Framed Window","true",""
"Macaw's Windows","mcwwindows:jungle_window",3709,"false",9908,0,"Jungle Framed Window","true",""
"Macaw's Windows","mcwwindows:jungle_window2",3736,"false",9935,0,"Jungle Window","true",""
"Macaw's Windows","mcwwindows:jungle_window2_2tall",3748,"false",9947,0,"Jungle 2x1 Window","true",""
"Macaw's Windows","mcwwindows:oak_plank_window",3712,"false",9911,0,"Oak Plank Framed Window","true",""
"Macaw's Windows","mcwwindows:oak_plank_window2",3731,"false",9930,0,"Oak Plank Window","true",""
"Macaw's Windows","mcwwindows:oak_plank_window2_2tall",3743,"false",9942,0,"Oak Plank 2x1 Window","true",""
"Macaw's Windows","mcwwindows:oak_planks_win_2tall",3718,"false",9917,0,"2x1 Oak Plank Framed Window","true",""
"Macaw's Windows","mcwwindows:oak_win_2tall",3719,"false",9918,0,"2x1 Oak Framed Window","true",""
"Macaw's Windows","mcwwindows:oak_window",3706,"false",9905,0,"Oak Framed Window","true",""
"Macaw's Windows","mcwwindows:oak_window2",3730,"false",9929,0,"Oak Window","true",""
"Macaw's Windows","mcwwindows:oak_window2_2tall",3742,"false",9941,0,"Oak 2x1 Window","true",""
"Macaw's Windows","mcwwindows:spruce_plank_window",3713,"false",9912,0,"Spruce Plank Framed Window","true",""
"Macaw's Windows","mcwwindows:spruce_plank_window2",3733,"false",9932,0,"Spruce Plank Window","true",""
"Macaw's Windows","mcwwindows:spruce_plank_window2_2tall",3745,"false",9944,0,"Sruce Plank 2x1 Window","true",""
"Macaw's Windows","mcwwindows:spruce_planks_win_2tall",3720,"false",9919,0,"2x1 Spruce Plank Framed Window","true",""
"Macaw's Windows","mcwwindows:spruce_win_2tall",3721,"false",9920,0,"2x1 Spruce Framed Window","true",""
"Macaw's Windows","mcwwindows:spruce_window",3707,"false",9906,0,"Spruce Framed Window","true",""
"Macaw's Windows","mcwwindows:spruce_window2",3732,"false",9931,0,"Spruce Window","true",""
"Macaw's Windows","mcwwindows:spruce_window2_2tall",3744,"false",9943,0,"Spruce 2x1 Window","true",""
"Minecraft","minecraft:acacia_door",196,"false",,,"Acacia Door","true",""
"Minecraft","minecraft:acacia_fence",192,"false",192,0,"Acacia Fence","true","fenceWood"
"Minecraft","minecraft:acacia_fence_gate",187,"false",187,0,"Acacia Fence Gate","true","fenceGateWood"
"Minecraft","minecraft:acacia_stairs",163,"false",163,0,"Acacia Wood Stairs","true","stairWood"
"Minecraft","minecraft:activator_rail",157,"false",157,0,"Activator Rail","true","rail"
"Minecraft","minecraft:air",0,"false",,,"Air","true",""
"Minecraft","minecraft:anvil",145,"true",145,0,"Anvil","true",""
"Minecraft","minecraft:anvil",145,"true",145,1,"Slightly Damaged Anvil","true",""
"Minecraft","minecraft:anvil",145,"true",145,2,"Very Damaged Anvil","true",""
"Minecraft","minecraft:barrier",166,"false",166,0,"Barrier","true",""
"Minecraft","minecraft:beacon",138,"false",138,0,"Beacon","true",""
"Minecraft","minecraft:bed",26,"false",,,"tile.bed.name","true",""
"Minecraft","minecraft:bedrock",7,"false",7,0,"Bedrock","true",""
"Minecraft","minecraft:beetroots",207,"false",,,"Beetroots","true",""
"Minecraft","minecraft:birch_door",194,"false",,,"Birch Door","true",""
"Minecraft","minecraft:birch_fence",189,"false",189,0,"Birch Fence","true","fenceWood"
"Minecraft","minecraft:birch_fence_gate",184,"false",184,0,"Birch Fence Gate","true","fenceGateWood"
"Minecraft","minecraft:birch_stairs",135,"false",135,0,"Birch Wood Stairs","true","stairWood"
"Minecraft","minecraft:black_glazed_terracotta",250,"false",250,0,"Black Glazed Terracotta","true",""
"Minecraft","minecraft:black_shulker_box",234,"false",234,0,"Black Shulker Box","true","chest,shulkerBox"
"Minecraft","minecraft:blue_glazed_terracotta",246,"false",246,0,"Blue Glazed Terracotta","true",""
"Minecraft","minecraft:blue_shulker_box",230,"false",230,0,"Blue Shulker Box","true","chest,shulkerBox"
"Minecraft","minecraft:bone_block",216,"false",216,0,"Bone Block","true","blockBone"
"Minecraft","minecraft:bookshelf",47,"false",47,0,"Oak Bookshelf","true","bookshelf,bookshelfOak"
"Minecraft","minecraft:brewing_stand",117,"false",,,"Brewing Stand","true",""
"Minecraft","minecraft:brick_block",45,"false",45,0,"Bricks","true",""
"Minecraft","minecraft:brick_stairs",108,"false",108,0,"Brick Stairs","true",""
"Minecraft","minecraft:brown_glazed_terracotta",247,"false",247,0,"Brown Glazed Terracotta","true",""
"Minecraft","minecraft:brown_mushroom",39,"false",39,0,"Mushroom","true","cabbageRoolIngredients,dumplingFilling,listAllmushroom,mushroom,mushroomAny"
"Minecraft","minecraft:brown_mushroom_block",99,"false",99,0,"Mushroom","true",""
"Minecraft","minecraft:brown_shulker_box",231,"false",231,0,"Brown Shulker Box","true","chest,shulkerBox"
"Minecraft","minecraft:cactus",81,"false",81,0,"Cactus","true","blockCactus,cactus"
"Minecraft","minecraft:cake",92,"false",,,"Cake","true",""
"Minecraft","minecraft:carpet",171,"true",171,0,"White Carpet","true",""
"Minecraft","minecraft:carpet",171,"true",171,1,"Orange Carpet","true",""
"Minecraft","minecraft:carpet",171,"true",171,2,"Magenta Carpet","true",""
"Minecraft","minecraft:carpet",171,"true",171,3,"Light Blue Carpet","true",""
"Minecraft","minecraft:carpet",171,"true",171,4,"Yellow Carpet","true",""
"Minecraft","minecraft:carpet",171,"true",171,5,"Lime Carpet","true",""
"Minecraft","minecraft:carpet",171,"true",171,6,"Pink Carpet","true",""
"Minecraft","minecraft:carpet",171,"true",171,7,"Gray Carpet","true",""
"Minecraft","minecraft:carpet",171,"true",171,8,"Light Gray Carpet","true",""
"Minecraft","minecraft:carpet",171,"true",171,9,"Cyan Carpet","true",""
"Minecraft","minecraft:carpet",171,"true",171,10,"Purple Carpet","true",""
"Minecraft","minecraft:carpet",171,"true",171,11,"Blue Carpet","true",""
"Minecraft","minecraft:carpet",171,"true",171,12,"Brown Carpet","true",""
"Minecraft","minecraft:carpet",171,"true",171,13,"Green Carpet","true",""
"Minecraft","minecraft:carpet",171,"true",171,14,"Red Carpet","true",""
"Minecraft","minecraft:carpet",171,"true",171,15,"Black Carpet","true",""
"Minecraft","minecraft:carrots",141,"false",,,"Carrots","true",""
"Minecraft","minecraft:cauldron",118,"false",,,"Cauldron","true",""
"Minecraft","minecraft:chain_command_block",211,"false",211,0,"Chain Command Block","true",""
"Minecraft","minecraft:chest",54,"false",54,0,"Oak Chest","true","chest,chestWood"
"Minecraft","minecraft:chorus_flower",200,"false",200,0,"Chorus Flower","true",""
"Minecraft","minecraft:chorus_plant",199,"false",199,0,"Chorus Plant","true",""
"Minecraft","minecraft:clay",82,"false",82,0,"Clay","true",""
"Minecraft","minecraft:coal_block",173,"false",173,0,"Block of Coal","true","blockCoal"
"Minecraft","minecraft:coal_ore",16,"false",16,0,"Coal Ore","true","oreCoal"
"Minecraft","minecraft:cobblestone",4,"false",4,0,"Cobblestone","true","cobblestone,materialStoneTool"
"Minecraft","minecraft:cobblestone_wall",139,"true",139,0,"Cobblestone Wall","true",""
"Minecraft","minecraft:cobblestone_wall",139,"true",139,1,"Mossy Cobblestone Wall","true",""
"Minecraft","minecraft:cocoa",127,"false",,,"Cocoa","true",""
"Minecraft","minecraft:command_block",137,"false",137,0,"Command Block","true",""
"Minecraft","minecraft:concrete",251,"true",251,0,"White Concrete","true",""
"Minecraft","minecraft:concrete",251,"true",251,1,"Orange Concrete","true",""
"Minecraft","minecraft:concrete",251,"true",251,2,"Magenta Concrete","true",""
"Minecraft","minecraft:concrete",251,"true",251,3,"Light Blue Concrete","true",""
"Minecraft","minecraft:concrete",251,"true",251,4,"Yellow Concrete","true",""
"Minecraft","minecraft:concrete",251,"true",251,5,"Lime Concrete","true",""
"Minecraft","minecraft:concrete",251,"true",251,6,"Pink Concrete","true",""
"Minecraft","minecraft:concrete",251,"true",251,7,"Gray Concrete","true",""
"Minecraft","minecraft:concrete",251,"true",251,8,"Light Gray Concrete","true",""
"Minecraft","minecraft:concrete",251,"true",251,9,"Cyan Concrete","true",""
"Minecraft","minecraft:concrete",251,"true",251,10,"Purple Concrete","true",""
"Minecraft","minecraft:concrete",251,"true",251,11,"Blue Concrete","true",""
"Minecraft","minecraft:concrete",251,"true",251,12,"Brown Concrete","true",""
"Minecraft","minecraft:concrete",251,"true",251,13,"Green Concrete","true",""
"Minecraft","minecraft:concrete",251,"true",251,14,"Red Concrete","true",""
"Minecraft","minecraft:concrete",251,"true",251,15,"Black Concrete","true",""
"Minecraft","minecraft:concrete_powder",252,"true",252,0,"White Concrete Powder","true",""
"Minecraft","minecraft:concrete_powder",252,"true",252,1,"Orange Concrete Powder","true",""
"Minecraft","minecraft:concrete_powder",252,"true",252,2,"Magenta Concrete Powder","true",""
"Minecraft","minecraft:concrete_powder",252,"true",252,3,"Light Blue Concrete Powder","true",""
"Minecraft","minecraft:concrete_powder",252,"true",252,4,"Yellow Concrete Powder","true",""
"Minecraft","minecraft:concrete_powder",252,"true",252,5,"Lime Concrete Powder","true",""
"Minecraft","minecraft:concrete_powder",252,"true",252,6,"Pink Concrete Powder","true",""
"Minecraft","minecraft:concrete_powder",252,"true",252,7,"Gray Concrete Powder","true",""
"Minecraft","minecraft:concrete_powder",252,"true",252,8,"Light Gray Concrete Powder","true",""
"Minecraft","minecraft:concrete_powder",252,"true",252,9,"Cyan Concrete Powder","true",""
"Minecraft","minecraft:concrete_powder",252,"true",252,10,"Purple Concrete Powder","true",""
"Minecraft","minecraft:concrete_powder",252,"true",252,11,"Blue Concrete Powder","true",""
"Minecraft","minecraft:concrete_powder",252,"true",252,12,"Brown Concrete Powder","true",""
"Minecraft","minecraft:concrete_powder",252,"true",252,13,"Green Concrete Powder","true",""
"Minecraft","minecraft:concrete_powder",252,"true",252,14,"Red Concrete Powder","true",""
"Minecraft","minecraft:concrete_powder",252,"true",252,15,"Black Concrete Powder","true",""
"Minecraft","minecraft:crafting_table",58,"false",58,0,"Crafting Table","true","workbench"
"Minecraft","minecraft:cyan_glazed_terracotta",244,"false",244,0,"Cyan Glazed Terracotta","true",""
"Minecraft","minecraft:cyan_shulker_box",228,"false",228,0,"Cyan Shulker Box","true","chest,shulkerBox"
"Minecraft","minecraft:dark_oak_door",197,"false",,,"Dark Oak Door","true",""
"Minecraft","minecraft:dark_oak_fence",191,"false",191,0,"Dark Oak Fence","true","fenceWood"
"Minecraft","minecraft:dark_oak_fence_gate",186,"false",186,0,"Dark Oak Fence Gate","true","fenceGateWood"
"Minecraft","minecraft:dark_oak_stairs",164,"false",164,0,"Dark Oak Wood Stairs","true","stairWood"
"Minecraft","minecraft:daylight_detector",151,"false",151,0,"Daylight Sensor","true",""
"Minecraft","minecraft:daylight_detector_inverted",178,"?",,,"Daylight Sensor","true",""
"Minecraft","minecraft:deadbush",32,"false",32,0,"Dead Bush","true",""
"Minecraft","minecraft:detector_rail",28,"false",28,0,"Detector Rail","true","rail"
"Minecraft","minecraft:diamond_block",57,"false",57,0,"Block of Diamond","true","blockDiamond"
"Minecraft","minecraft:diamond_ore",56,"false",56,0,"Diamond Ore","true","oreDiamond"
"Minecraft","minecraft:dirt",3,"true",3,0,"Dirt","true","dirt"
"Minecraft","minecraft:dirt",3,"true",3,1,"Coarse Dirt","true",""
"Minecraft","minecraft:dirt",3,"true",3,2,"Podzol","true",""
"Minecraft","minecraft:dispenser",23,"false",23,0,"Dispenser","true",""
"Minecraft","minecraft:double_plant",175,"true",175,0,"Sunflower","true",""
"Minecraft","minecraft:double_plant",175,"true",175,1,"Lilac","true",""
"Minecraft","minecraft:double_plant",175,"true",175,2,"Double Tallgrass","true",""
"Minecraft","minecraft:double_plant",175,"true",175,3,"Large Fern","true",""
"Minecraft","minecraft:double_plant",175,"true",175,4,"Rose Bush","true",""
"Minecraft","minecraft:double_plant",175,"true",175,5,"Peony","true",""
"Minecraft","minecraft:double_stone_slab",43,"true",,,"Stone Slab","true",""
"Minecraft","minecraft:double_stone_slab",43,"true",,,"Stone Slab","true",""
"Minecraft","minecraft:double_stone_slab",43,"true",,,"Stone Slab","true",""
"Minecraft","minecraft:double_stone_slab",43,"true",,,"Stone Slab","true",""
"Minecraft","minecraft:double_stone_slab",43,"true",,,"Stone Slab","true",""
"Minecraft","minecraft:double_stone_slab",43,"true",,,"Stone Slab","true",""
"Minecraft","minecraft:double_stone_slab",43,"true",,,"Stone Slab","true",""
"Minecraft","minecraft:double_stone_slab2",181,"false",,,"Red Sandstone Slab","true",""
"Minecraft","minecraft:double_wooden_slab",125,"true",,,"Wood Slab","true",""
"Minecraft","minecraft:double_wooden_slab",125,"true",,,"Wood Slab","true",""
"Minecraft","minecraft:double_wooden_slab",125,"true",,,"Wood Slab","true",""
"Minecraft","minecraft:double_wooden_slab",125,"true",,,"Wood Slab","true",""
"Minecraft","minecraft:double_wooden_slab",125,"true",,,"Wood Slab","true",""
"Minecraft","minecraft:double_wooden_slab",125,"true",,,"Wood Slab","true",""
"Minecraft","minecraft:dragon_egg",122,"false",122,0,"Dragon Egg","true",""
"Minecraft","minecraft:dropper",158,"false",158,0,"Dropper","true",""
"Minecraft","minecraft:emerald_block",133,"false",133,0,"Block of Emerald","true","blockEmerald"
"Minecraft","minecraft:emerald_ore",129,"false",129,0,"Emerald Ore","true","oreEmerald"
"Minecraft","minecraft:enchanting_table",116,"false",116,0,"Enchantment Table","true",""
"Minecraft","minecraft:end_bricks",206,"false",206,0,"End Stone Bricks","true",""
"Minecraft","minecraft:end_gateway",209,"false",,,"tile.null.name","true",""
"Minecraft","minecraft:end_portal",119,"false",,,"tile.null.name","true",""
"Minecraft","minecraft:end_portal_frame",120,"false",120,0,"End Portal","true",""
"Minecraft","minecraft:end_rod",198,"false",198,0,"End Rod","true",""
"Minecraft","minecraft:end_stone",121,"false",121,0,"End Stone","true","endstone"
"Minecraft","minecraft:ender_chest",130,"false",130,0,"Ender Chest","true","chest,chestEnder"
"Minecraft","minecraft:farmland",60,"false",60,0,"Farmland","true",""
"Minecraft","minecraft:fence",85,"false",85,0,"Oak Fence","true","fenceWood"
"Minecraft","minecraft:fence_gate",107,"false",107,0,"Oak Fence Gate","true","fenceGateWood"
"Minecraft","minecraft:fire",51,"false",,,"Fire","true",""
"Minecraft","minecraft:flower_pot",140,"false",,,"Flower Pot","true",""
"Minecraft","minecraft:flowing_lava",10,"false",,,"Lava","true",""
"Minecraft","minecraft:flowing_water",8,"false",,,"Water","true",""
"Minecraft","minecraft:frosted_ice",212,"false",,,"Frosted Ice","true",""
"Minecraft","minecraft:furnace",61,"false",61,0,"Furnace","true",""
"Minecraft","minecraft:glass",20,"false",20,0,"Glass","true","blockGlass,blockGlassColorless"
"Minecraft","minecraft:glass_pane",102,"false",102,0,"Glass Pane","true","paneGlass,paneGlassColorless,plasticOrGlass"
"Minecraft","minecraft:glowstone",89,"false",89,0,"Glowstone","true","blockGlowstone,glowstone"
"Minecraft","minecraft:gold_block",41,"false",41,0,"Block of Gold","true","blockGold"
"Minecraft","minecraft:gold_ore",14,"false",14,0,"Gold Ore","true","oreGold"
"Minecraft","minecraft:golden_rail",27,"false",27,0,"Powered Rail","true","rail"
"Minecraft","minecraft:grass",2,"false",2,0,"Grass Block","true","grass"
"Minecraft","minecraft:grass_path",208,"false",208,0,"Dirt Path","true",""
"Minecraft","minecraft:gravel",13,"false",13,0,"Gravel","true","gravel"
"Minecraft","minecraft:gray_glazed_terracotta",242,"false",242,0,"Gray Glazed Terracotta","true",""
"Minecraft","minecraft:gray_shulker_box",226,"false",226,0,"Gray Shulker Box","true","chest,shulkerBox"
"Minecraft","minecraft:green_glazed_terracotta",248,"false",248,0,"Green Glazed Terracotta","true",""
"Minecraft","minecraft:green_shulker_box",232,"false",232,0,"Green Shulker Box","true","chest,shulkerBox"
"Minecraft","minecraft:hardened_clay",172,"false",172,0,"Terracotta","true",""
"Minecraft","minecraft:hay_block",170,"false",170,0,"Hay Bale","true",""
"Minecraft","minecraft:heavy_weighted_pressure_plate",148,"false",148,0,"Weighted Pressure Plate (Heavy)","true",""
"Minecraft","minecraft:hopper",154,"false",154,0,"Hopper","true","hopper"
"Minecraft","minecraft:ice",79,"false",79,0,"Ice","true",""
"Minecraft","minecraft:iron_bars",101,"false",101,0,"Iron Bars","true",""
"Minecraft","minecraft:iron_block",42,"false",42,0,"Block of Iron","true","blockIron"
"Minecraft","minecraft:iron_door",71,"false",,,"Iron Door","true",""
"Minecraft","minecraft:iron_ore",15,"false",15,0,"Iron Ore","true","oreIron"
"Minecraft","minecraft:iron_trapdoor",167,"false",167,0,"Iron Trapdoor","true",""
"Minecraft","minecraft:jukebox",84,"false",84,0,"Jukebox","true",""
"Minecraft","minecraft:jungle_door",195,"false",,,"Jungle Door","true",""
"Minecraft","minecraft:jungle_fence",190,"false",190,0,"Jungle Fence","true","fenceWood"
"Minecraft","minecraft:jungle_fence_gate",185,"false",185,0,"Jungle Fence Gate","true","fenceGateWood"
"Minecraft","minecraft:jungle_stairs",136,"false",136,0,"Jungle Wood Stairs","true","stairWood"
"Minecraft","minecraft:ladder",65,"false",65,0,"Ladder","true",""
"Minecraft","minecraft:lapis_block",22,"false",22,0,"Lapis Lazuli Block","true","blockLapis"
"Minecraft","minecraft:lapis_ore",21,"false",21,0,"Lapis Lazuli Ore","true","oreLapis"
"Minecraft","minecraft:lava",11,"false",,,"Lava","true",""
"Minecraft","minecraft:leaves",18,"true",18,0,"Oak Leaves","true","treeLeaves"
"Minecraft","minecraft:leaves",18,"true",18,1,"Spruce Leaves","true","treeLeaves"
"Minecraft","minecraft:leaves",18,"true",18,2,"Birch Leaves","true","treeLeaves"
"Minecraft","minecraft:leaves",18,"true",18,3,"Jungle Leaves","true","treeLeaves"
"Minecraft","minecraft:leaves2",161,"true",161,0,"Acacia Leaves","true","treeLeaves"
"Minecraft","minecraft:leaves2",161,"true",161,1,"Dark Oak Leaves","true","treeLeaves"
"Minecraft","minecraft:lever",69,"false",69,0,"Lever","true",""
"Minecraft","minecraft:light_blue_glazed_terracotta",238,"false",238,0,"Light Blue Glazed Terracotta","true",""
"Minecraft","minecraft:light_blue_shulker_box",222,"false",222,0,"Light Blue Shulker Box","true","chest,shulkerBox"
"Minecraft","minecraft:light_weighted_pressure_plate",147,"false",147,0,"Weighted Pressure Plate (Light)","true",""
"Minecraft","minecraft:lime_glazed_terracotta",240,"false",240,0,"Lime Glazed Terracotta","true",""
"Minecraft","minecraft:lime_shulker_box",224,"false",224,0,"Lime Shulker Box","true","chest,shulkerBox"
"Minecraft","minecraft:lit_furnace",62,"false",,,"Furnace","true",""
"Minecraft","minecraft:lit_pumpkin",91,"false",91,0,"Jack o'Lantern","true",""
"Minecraft","minecraft:lit_redstone_lamp",124,"false",,,"Redstone Lamp","true",""
"Minecraft","minecraft:lit_redstone_ore",74,"false",,,"Redstone Ore","true",""
"Minecraft","minecraft:log",17,"true",17,0,"Oak Log","true","logWood"
"Minecraft","minecraft:log",17,"true",17,1,"Spruce Log","true","logWood"
"Minecraft","minecraft:log",17,"true",17,2,"Birch Log","true","logWood"
"Minecraft","minecraft:log",17,"true",17,3,"Jungle Log","true","logWood"
"Minecraft","minecraft:log2",162,"true",162,0,"Acacia Log","true","logWood"
"Minecraft","minecraft:log2",162,"true",162,1,"Dark Oak Log","true","logWood"
"Minecraft","minecraft:magenta_glazed_terracotta",237,"false",237,0,"Magenta Glazed Terracotta","true",""
"Minecraft","minecraft:magenta_shulker_box",221,"false",221,0,"Magenta Shulker Box","true","chest,shulkerBox"
"Minecraft","minecraft:magma",213,"false",213,0,"Magma Block","true","blockMagma"
"Minecraft","minecraft:melon_block",103,"false",103,0,"Melon","true",""
"Minecraft","minecraft:melon_stem",105,"false",,,"Pumpkin Stem","true",""
"Minecraft","minecraft:mob_spawner",52,"false",52,0,"Monster Spawner","true",""
"Minecraft","minecraft:monster_egg",97,"true",97,0,"Stone Monster Egg","true",""
"Minecraft","minecraft:monster_egg",97,"true",97,1,"Cobblestone Monster Egg","true",""
"Minecraft","minecraft:monster_egg",97,"true",97,2,"Stone Brick Monster Egg","true",""
"Minecraft","minecraft:monster_egg",97,"true",97,3,"Mossy Stone Brick Monster Egg","true",""
"Minecraft","minecraft:monster_egg",97,"true",97,4,"Cracked Stone Brick Monster Egg","true",""
"Minecraft","minecraft:monster_egg",97,"true",97,5,"Chiseled Stone Brick Monster Egg","true",""
"Minecraft","minecraft:mossy_cobblestone",48,"false",48,0,"Moss Stone","true",""
"Minecraft","minecraft:mycelium",110,"false",110,0,"Mycelium","true",""
"Minecraft","minecraft:nether_brick",112,"false",112,0,"Nether Brick","true",""
"Minecraft","minecraft:nether_brick_fence",113,"false",113,0,"Nether Brick Fence","true",""
"Minecraft","minecraft:nether_brick_stairs",114,"false",114,0,"Nether Brick Stairs","true",""
"Minecraft","minecraft:nether_wart",115,"false",,,"Nether Wart","true",""
"Minecraft","minecraft:nether_wart_block",214,"false",214,0,"Nether Wart Block","true","blockNetherWart"
"Minecraft","minecraft:netherrack",87,"false",87,0,"Netherrack","true","netherrack"
"Minecraft","minecraft:noteblock",25,"false",25,0,"Note Block","true",""
"Minecraft","minecraft:oak_stairs",53,"false",53,0,"Oak Wood Stairs","true","stairWood"
"Minecraft","minecraft:observer",218,"false",218,0,"Observer","true",""
"Minecraft","minecraft:obsidian",49,"false",49,0,"Obsidian","true","obsidian"
"Minecraft","minecraft:orange_glazed_terracotta",236,"false",236,0,"Orange Glazed Terracotta","true",""
"Minecraft","minecraft:orange_shulker_box",220,"false",220,0,"Orange Shulker Box","true","chest,shulkerBox"
"Minecraft","minecraft:packed_ice",174,"false",174,0,"Packed Ice","true",""
"Minecraft","minecraft:pink_glazed_terracotta",241,"false",241,0,"Pink Glazed Terracotta","true",""
"Minecraft","minecraft:pink_shulker_box",225,"false",225,0,"Pink Shulker Box","true","chest,shulkerBox"
"Minecraft","minecraft:piston",33,"false",33,0,"Piston","true",""
"Minecraft","minecraft:piston_extension",36,"false",,,"tile.null.name","true",""
"Minecraft","minecraft:piston_head",34,"false",,,"Piston","true",""
"Minecraft","minecraft:planks",5,"true",5,0,"Oak Planks","true","plankWood"
"Minecraft","minecraft:planks",5,"true",5,1,"Spruce Planks","true","plankWood"
"Minecraft","minecraft:planks",5,"true",5,2,"Birch Planks","true","plankWood"
"Minecraft","minecraft:planks",5,"true",5,3,"Jungle Planks","true","plankWood"
"Minecraft","minecraft:planks",5,"true",5,4,"Acacia Planks","true","plankWood"
"Minecraft","minecraft:planks",5,"true",5,5,"Dark Oak Planks","true","plankWood"
"Minecraft","minecraft:portal",90,"false",,,"Portal","true",""
"Minecraft","minecraft:potatoes",142,"false",,,"Potatoes","true",""
"Minecraft","minecraft:powered_comparator",150,"false",,,"Redstone Comparator","true",""
"Minecraft","minecraft:powered_repeater",94,"false",,,"Redstone Repeater","true",""
"Minecraft","minecraft:prismarine",168,"true",168,0,"Prismarine","true","blockPrismarine"
"Minecraft","minecraft:prismarine",168,"true",168,1,"Prismarine Bricks","true","blockPrismarineBrick"
"Minecraft","minecraft:prismarine",168,"true",168,2,"Dark Prismarine","true","blockPrismarineDark"
"Minecraft","minecraft:pumpkin",86,"false",86,0,"Pumpkin","true","foodVegetable,pumpkinOrSlice"
"Minecraft","minecraft:pumpkin_stem",104,"false",,,"Pumpkin Stem","true",""
"Minecraft","minecraft:purple_glazed_terracotta",245,"false",245,0,"Purple Glazed Terracotta","true",""
"Minecraft","minecraft:purple_shulker_box",229,"false",229,0,"Purple Shulker Box","true","chest,shulkerBox"
"Minecraft","minecraft:purpur_block",201,"false",201,0,"Purpur Block","true",""
"Minecraft","minecraft:purpur_double_slab",204,"false",,,"Purpur Slab","true",""
"Minecraft","minecraft:purpur_pillar",202,"false",202,0,"Purpur Pillar","true",""
"Minecraft","minecraft:purpur_slab",205,"false",205,0,"Purpur Slab","true",""
"Minecraft","minecraft:purpur_stairs",203,"false",203,0,"Purpur Stairs","true",""
"Minecraft","minecraft:quartz_block",155,"true",155,0,"Block of Quartz","true","blockQuartz"
"Minecraft","minecraft:quartz_block",155,"true",155,1,"Chiseled Quartz Block","true",""
"Minecraft","minecraft:quartz_block",155,"true",155,2,"Pillar Quartz Block","true",""
"Minecraft","minecraft:quartz_ore",153,"false",153,0,"Nether Quartz Ore","true","oreQuartz"
"Minecraft","minecraft:quartz_stairs",156,"false",156,0,"Quartz Stairs","true",""
"Minecraft","minecraft:rail",66,"false",66,0,"Rail","true","rail"
"Minecraft","minecraft:red_flower",38,"true",38,0,"Poppy","true","flower"
"Minecraft","minecraft:red_flower",38,"true",38,1,"Blue Orchid","true","flower"
"Minecraft","minecraft:red_flower",38,"true",38,2,"Allium","true","flower"
"Minecraft","minecraft:red_flower",38,"true",38,3,"Azure Bluet","true","flower"
"Minecraft","minecraft:red_flower",38,"true",38,4,"Red Tulip","true","flower"
"Minecraft","minecraft:red_flower",38,"true",38,5,"Orange Tulip","true","flower"
"Minecraft","minecraft:red_flower",38,"true",38,6,"White Tulip","true","flower"
"Minecraft","minecraft:red_flower",38,"true",38,7,"Pink Tulip","true","flower"
"Minecraft","minecraft:red_flower",38,"true",38,8,"Oxeye Daisy","true","flower"
"Minecraft","minecraft:red_glazed_terracotta",249,"false",249,0,"Red Glazed Terracotta","true",""
"Minecraft","minecraft:red_mushroom",40,"false",40,0,"Mushroom","true","cabbageRoolIngredients,dumplingFilling,listAllmushroom,mushroom,mushroomAny"
"Minecraft","minecraft:red_mushroom_block",100,"false",100,0,"Mushroom","true",""
"Minecraft","minecraft:red_nether_brick",215,"false",215,0,"Red Nether Brick","true",""
"Minecraft","minecraft:red_sandstone",179,"true",179,0,"Red Sandstone","true","sandstone"
"Minecraft","minecraft:red_sandstone",179,"true",179,1,"Chiseled Red Sandstone","true","sandstone"
"Minecraft","minecraft:red_sandstone",179,"true",179,2,"Cut Red Sandstone","true","sandstone"
"Minecraft","minecraft:red_sandstone_stairs",180,"false",180,0,"Red Sandstone Stairs","true",""
"Minecraft","minecraft:red_shulker_box",233,"false",233,0,"Red Shulker Box","true","chest,shulkerBox"
"Minecraft","minecraft:redstone_block",152,"false",152,0,"Block of Redstone","true","blockRedstone"
"Minecraft","minecraft:redstone_lamp",123,"false",123,0,"Redstone Lamp","true",""
"Minecraft","minecraft:redstone_ore",73,"false",73,0,"Redstone Ore","true","oreRedstone"
"Minecraft","minecraft:redstone_torch",76,"false",76,0,"Redstone Torch","true",""
"Minecraft","minecraft:redstone_wire",55,"false",,,"Redstone Dust","true",""
"Minecraft","minecraft:reeds",83,"false",,,"Sugar cane","true",""
"Minecraft","minecraft:repeating_command_block",210,"false",210,0,"Repeating Command Block","true",""
"Minecraft","minecraft:sand",12,"true",12,0,"Sand","true","sand"
"Minecraft","minecraft:sand",12,"true",12,1,"Red Sand","true","sand"
"Minecraft","minecraft:sandstone",24,"true",24,0,"Sandstone","true","sandstone"
"Minecraft","minecraft:sandstone",24,"true",24,1,"Chiseled Sandstone","true","sandstone"
"Minecraft","minecraft:sandstone",24,"true",24,2,"Cut Sandstone","true","sandstone"
"Minecraft","minecraft:sandstone_stairs",128,"false",128,0,"Sandstone Stairs","true",""
"Minecraft","minecraft:sapling",6,"true",6,0,"Oak Sapling","true","treeSapling"
"Minecraft","minecraft:sapling",6,"true",6,1,"Spruce Sapling","true","treeSapling"
"Minecraft","minecraft:sapling",6,"true",6,2,"Birch Sapling","true","treeSapling"
"Minecraft","minecraft:sapling",6,"true",6,3,"Jungle Sapling","true","treeSapling"
"Minecraft","minecraft:sapling",6,"true",6,4,"Acacia Sapling","true","treeSapling"
"Minecraft","minecraft:sapling",6,"true",6,5,"Dark Oak Sapling","true","treeSapling"
"Minecraft","minecraft:sea_lantern",169,"false",169,0,"Sea Lantern","true",""
"Minecraft","minecraft:silver_glazed_terracotta",243,"false",243,0,"Light Gray Glazed Terracotta","true",""
"Minecraft","minecraft:silver_shulker_box",227,"false",227,0,"Light Gray Shulker Box","true","chest,shulkerBox"
"Minecraft","minecraft:skull",144,"false",,,"tile.skull.skeleton.name","true",""
"Minecraft","minecraft:slime",165,"false",165,0,"Green Slime Block","true","blockSlime,blockSlimeGreen"
"Minecraft","minecraft:snow",80,"false",80,0,"Snow","true",""
"Minecraft","minecraft:snow_layer",78,"false",78,0,"Snow","true",""
"Minecraft","minecraft:soul_sand",88,"false",88,0,"Soul Sand","true",""
"Minecraft","minecraft:sponge",19,"true",19,0,"Sponge","true",""
"Minecraft","minecraft:sponge",19,"true",19,1,"Wet Sponge","true",""
"Minecraft","minecraft:spruce_door",193,"false",,,"Spruce Door","true",""
"Minecraft","minecraft:spruce_fence",188,"false",188,0,"Spruce Fence","true","fenceWood"
"Minecraft","minecraft:spruce_fence_gate",183,"false",183,0,"Spruce Fence Gate","true","fenceGateWood"
"Minecraft","minecraft:spruce_stairs",134,"false",134,0,"Spruce Wood Stairs","true","stairWood"
"Minecraft","minecraft:stained_glass",95,"true",95,0,"White Stained Glass","true","blockGlass,blockGlassWhite"
"Minecraft","minecraft:stained_glass",95,"true",95,1,"Orange Stained Glass","true","blockGlass,blockGlassOrange"
"Minecraft","minecraft:stained_glass",95,"true",95,2,"Magenta Stained Glass","true","blockGlass,blockGlassMagenta"
"Minecraft","minecraft:stained_glass",95,"true",95,3,"Light Blue Stained Glass","true","blockGlass,blockGlassLightBlue"
"Minecraft","minecraft:stained_glass",95,"true",95,4,"Yellow Stained Glass","true","blockGlass,blockGlassYellow"
"Minecraft","minecraft:stained_glass",95,"true",95,5,"Lime Stained Glass","true","blockGlass,blockGlassLime"
"Minecraft","minecraft:stained_glass",95,"true",95,6,"Pink Stained Glass","true","blockGlass,blockGlassPink"
"Minecraft","minecraft:stained_glass",95,"true",95,7,"Gray Stained Glass","true","blockGlass,blockGlassGray"
"Minecraft","minecraft:stained_glass",95,"true",95,8,"Light Gray Stained Glass","true","blockGlass,blockGlassLightGray"
"Minecraft","minecraft:stained_glass",95,"true",95,9,"Cyan Stained Glass","true","blockGlass,blockGlassCyan"
"Minecraft","minecraft:stained_glass",95,"true",95,10,"Purple Stained Glass","true","blockGlass,blockGlassPurple"
"Minecraft","minecraft:stained_glass",95,"true",95,11,"Blue Stained Glass","true","blockGlass,blockGlassBlue"
"Minecraft","minecraft:stained_glass",95,"true",95,12,"Brown Stained Glass","true","blockGlass,blockGlassBrown"
"Minecraft","minecraft:stained_glass",95,"true",95,13,"Green Stained Glass","true","blockGlass,blockGlassGreen"
"Minecraft","minecraft:stained_glass",95,"true",95,14,"Red Stained Glass","true","blockGlass,blockGlassRed"
"Minecraft","minecraft:stained_glass",95,"true",95,15,"Black Stained Glass","true","blockGlass,blockGlassBlack"
"Minecraft","minecraft:stained_glass_pane",160,"true",160,0,"White Stained Glass Pane","true","paneGlass,paneGlassWhite"
"Minecraft","minecraft:stained_glass_pane",160,"true",160,1,"Orange Stained Glass Pane","true","paneGlass,paneGlassOrange"
"Minecraft","minecraft:stained_glass_pane",160,"true",160,2,"Magenta Stained Glass Pane","true","paneGlass,paneGlassMagenta"
"Minecraft","minecraft:stained_glass_pane",160,"true",160,3,"Light Blue Stained Glass Pane","true","paneGlass,paneGlassLightBlue"
"Minecraft","minecraft:stained_glass_pane",160,"true",160,4,"Yellow Stained Glass Pane","true","paneGlass,paneGlassYellow"
"Minecraft","minecraft:stained_glass_pane",160,"true",160,5,"Lime Stained Glass Pane","true","paneGlass,paneGlassLime"
"Minecraft","minecraft:stained_glass_pane",160,"true",160,6,"Pink Stained Glass Pane","true","paneGlass,paneGlassPink"
"Minecraft","minecraft:stained_glass_pane",160,"true",160,7,"Gray Stained Glass Pane","true","paneGlass,paneGlassGray"
"Minecraft","minecraft:stained_glass_pane",160,"true",160,8,"Light Gray Stained Glass Pane","true","paneGlass,paneGlassLightGray"
"Minecraft","minecraft:stained_glass_pane",160,"true",160,9,"Cyan Stained Glass Pane","true","paneGlass,paneGlassCyan"
"Minecraft","minecraft:stained_glass_pane",160,"true",160,10,"Purple Stained Glass Pane","true","paneGlass,paneGlassPurple"
"Minecraft","minecraft:stained_glass_pane",160,"true",160,11,"Blue Stained Glass Pane","true","paneGlass,paneGlassBlue"
"Minecraft","minecraft:stained_glass_pane",160,"true",160,12,"Brown Stained Glass Pane","true","paneGlass,paneGlassBrown"
"Minecraft","minecraft:stained_glass_pane",160,"true",160,13,"Green Stained Glass Pane","true","paneGlass,paneGlassGreen"
"Minecraft","minecraft:stained_glass_pane",160,"true",160,14,"Red Stained Glass Pane","true","paneGlass,paneGlassRed"
"Minecraft","minecraft:stained_glass_pane",160,"true",160,15,"Black Stained Glass Pane","true","paneGlass,paneGlassBlack"
"Minecraft","minecraft:stained_hardened_clay",159,"true",159,0,"White Terracotta","true",""
"Minecraft","minecraft:stained_hardened_clay",159,"true",159,1,"Orange Terracotta","true",""
"Minecraft","minecraft:stained_hardened_clay",159,"true",159,2,"Magenta Terracotta","true",""
"Minecraft","minecraft:stained_hardened_clay",159,"true",159,3,"Light Blue Terracotta","true",""
"Minecraft","minecraft:stained_hardened_clay",159,"true",159,4,"Yellow Terracotta","true",""
"Minecraft","minecraft:stained_hardened_clay",159,"true",159,5,"Lime Terracotta","true",""
"Minecraft","minecraft:stained_hardened_clay",159,"true",159,6,"Pink Terracotta","true",""
"Minecraft","minecraft:stained_hardened_clay",159,"true",159,7,"Gray Terracotta","true",""
"Minecraft","minecraft:stained_hardened_clay",159,"true",159,8,"Light Gray Terracotta","true",""
"Minecraft","minecraft:stained_hardened_clay",159,"true",159,9,"Cyan Terracotta","true",""
"Minecraft","minecraft:stained_hardened_clay",159,"true",159,10,"Purple Terracotta","true",""
"Minecraft","minecraft:stained_hardened_clay",159,"true",159,11,"Blue Terracotta","true",""
"Minecraft","minecraft:stained_hardened_clay",159,"true",159,12,"Brown Terracotta","true",""
"Minecraft","minecraft:stained_hardened_clay",159,"true",159,13,"Green Terracotta","true",""
"Minecraft","minecraft:stained_hardened_clay",159,"true",159,14,"Red Terracotta","true",""
"Minecraft","minecraft:stained_hardened_clay",159,"true",159,15,"Black Terracotta","true",""
"Minecraft","minecraft:standing_banner",176,"false",425,0,"Black Banner","true",""
"Minecraft","minecraft:standing_sign",63,"false",,,"Sign","true",""
"Minecraft","minecraft:sticky_piston",29,"false",29,0,"Sticky Piston","true",""
"Minecraft","minecraft:stone",1,"true",1,0,"Stone","true","materialStoneTool,stone"
"Minecraft","minecraft:stone",1,"true",1,1,"Granite","true","materialStoneTool,stoneGranite"
"Minecraft","minecraft:stone",1,"true",1,2,"Polished Granite","true","stoneGranitePolished"
"Minecraft","minecraft:stone",1,"true",1,3,"Diorite","true","materialStoneTool,stoneDiorite"
"Minecraft","minecraft:stone",1,"true",1,4,"Polished Diorite","true","stoneDioritePolished"
"Minecraft","minecraft:stone",1,"true",1,5,"Andesite","true","materialStoneTool,stoneAndesite"
"Minecraft","minecraft:stone",1,"true",1,6,"Polished Andesite","true","stoneAndesitePolished"
"Minecraft","minecraft:stone_brick_stairs",109,"false",109,0,"Stone Brick Stairs","true",""
"Minecraft","minecraft:stone_button",77,"false",77,0,"Button","true",""
"Minecraft","minecraft:stone_pressure_plate",70,"false",70,0,"Stone Pressure Plate","true",""
"Minecraft","minecraft:stone_slab",44,"true",44,0,"Stone Slab","true",""
"Minecraft","minecraft:stone_slab",44,"true",44,1,"Sandstone Slab","true",""
"Minecraft","minecraft:stone_slab",44,"true",44,3,"Cobblestone Slab","true",""
"Minecraft","minecraft:stone_slab",44,"true",44,4,"Bricks Slab","true",""
"Minecraft","minecraft:stone_slab",44,"true",44,5,"Stone Bricks Slab","true",""
"Minecraft","minecraft:stone_slab",44,"true",44,6,"Nether Brick Slab","true",""
"Minecraft","minecraft:stone_slab",44,"true",44,7,"Quartz Slab","true",""
"Minecraft","minecraft:stone_slab2",182,"false",182,0,"Red Sandstone Slab","true",""
"Minecraft","minecraft:stone_stairs",67,"false",67,0,"Cobblestone Stairs","true",""
"Minecraft","minecraft:stonebrick",98,"true",98,0,"Stone Bricks","true",""
"Minecraft","minecraft:stonebrick",98,"true",98,1,"Mossy Stone Bricks","true",""
"Minecraft","minecraft:stonebrick",98,"true",98,2,"Cracked Stone Bricks","true",""
"Minecraft","minecraft:stonebrick",98,"true",98,3,"Chiseled Stone Bricks","true",""
"Minecraft","minecraft:structure_block",255,"false",255,0,"Structure Block","true",""
"Minecraft","minecraft:structure_void",217,"false",217,0,"Structure Void","true",""
"Minecraft","minecraft:tallgrass",31,"true",31,1,"Grass","true",""
"Minecraft","minecraft:tallgrass",31,"true",31,2,"Fern","true",""
"Minecraft","minecraft:tnt",46,"false",46,0,"TNT","true",""
"Minecraft","minecraft:torch",50,"false",50,0,"Torch","true","torch"
"Minecraft","minecraft:trapdoor",96,"false",96,0,"Oak Trapdoor","true","trapdoorWood"
"Minecraft","minecraft:trapped_chest",146,"false",146,0,"Oak Trapped Chest","true","chest,chestTrapped,chestWood"
"Minecraft","minecraft:tripwire",132,"false",,,"Tripwire","true",""
"Minecraft","minecraft:tripwire_hook",131,"false",131,0,"Tripwire Hook","true",""
"Minecraft","minecraft:unlit_redstone_torch",75,"false",,,"Redstone Torch","true",""
"Minecraft","minecraft:unpowered_comparator",149,"false",,,"Redstone Comparator","true",""
"Minecraft","minecraft:unpowered_repeater",93,"false",,,"Redstone Repeater","true",""
"Minecraft","minecraft:vine",106,"false",106,0,"Vines","true","vine"
"Minecraft","minecraft:wall_banner",177,"false",,,"White Banner","true",""
"Minecraft","minecraft:wall_sign",68,"false",,,"Sign","true",""
"Minecraft","minecraft:water",9,"false",,,"Water","true",""
"Minecraft","minecraft:waterlily",111,"false",111,0,"Lily Pad","true",""
"Minecraft","minecraft:web",30,"false",30,0,"Cobweb","true",""
"Minecraft","minecraft:wheat",59,"false",,,"Crops","true",""
"Minecraft","minecraft:white_glazed_terracotta",235,"false",235,0,"White Glazed Terracotta","true",""
"Minecraft","minecraft:white_shulker_box",219,"false",219,0,"White Shulker Box","true","chest,shulkerBox"
"Minecraft","minecraft:wooden_button",143,"false",143,0,"Oak Button","true","buttonWood"
"Minecraft","minecraft:wooden_door",64,"false",,,"Oak Door","true",""
"Minecraft","minecraft:wooden_pressure_plate",72,"false",72,0,"Oak Pressure Plate","true","pressurePlateWood"
"Minecraft","minecraft:wooden_slab",126,"true",126,0,"Oak Wood Slab","true","slabWood"
"Minecraft","minecraft:wooden_slab",126,"true",126,1,"Spruce Wood Slab","true","slabWood"
"Minecraft","minecraft:wooden_slab",126,"true",126,2,"Birch Wood Slab","true","slabWood"
"Minecraft","minecraft:wooden_slab",126,"true",126,3,"Jungle Wood Slab","true","slabWood"
"Minecraft","minecraft:wooden_slab",126,"true",126,4,"Acacia Wood Slab","true","slabWood"
"Minecraft","minecraft:wooden_slab",126,"true",126,5,"Dark Oak Wood Slab","true","slabWood"
"Minecraft","minecraft:wool",35,"true",35,0,"White Wool","true","blockWoolWhite,wool,woolBlock,woolWhite"
"Minecraft","minecraft:wool",35,"true",35,1,"Orange Wool","true","blockWoolOrange,wool,woolBlock,woolOrange"
"Minecraft","minecraft:wool",35,"true",35,2,"Magenta Wool","true","blockWoolMagenta,wool,woolBlock,woolMagenta"
"Minecraft","minecraft:wool",35,"true",35,3,"Light Blue Wool","true","blockWoolLightBlue,wool,woolBlock,woolLightBlue,woolLightblue"
"Minecraft","minecraft:wool",35,"true",35,4,"Yellow Wool","true","blockWoolYellow,wool,woolBlock,woolYellow"
"Minecraft","minecraft:wool",35,"true",35,5,"Lime Wool","true","blockWoolLime,wool,woolBlock,woolLime"
"Minecraft","minecraft:wool",35,"true",35,6,"Pink Wool","true","blockWoolPink,wool,woolBlock,woolPink"
"Minecraft","minecraft:wool",35,"true",35,7,"Gray Wool","true","blockWoolGray,wool,woolBlock,woolGray"
"Minecraft","minecraft:wool",35,"true",35,8,"Light Gray Wool","true","blockWoolLightGray,wool,woolBlock,woolLightGray,woolSilver"
"Minecraft","minecraft:wool",35,"true",35,9,"Cyan Wool","true","blockWoolCyan,wool,woolBlock,woolCyan"
"Minecraft","minecraft:wool",35,"true",35,10,"Purple Wool","true","blockWoolPurple,wool,woolBlock,woolPurple"
"Minecraft","minecraft:wool",35,"true",35,11,"Blue Wool","true","blockWoolBlue,wool,woolBlock,woolBlue"
"Minecraft","minecraft:wool",35,"true",35,12,"Brown Wool","true","blockWoolBrown,wool,woolBlock,woolBrown"
"Minecraft","minecraft:wool",35,"true",35,13,"Green Wool","true","blockWoolGreen,wool,woolBlock,woolGreen"
"Minecraft","minecraft:wool",35,"true",35,14,"Red Wool","true","blockWoolRed,wool,woolBlock,woolRed"
"Minecraft","minecraft:wool",35,"true",35,15,"Black Wool","true","blockWoolBlack,wool,woolBlack,woolBlock"
"Minecraft","minecraft:yellow_flower",37,"false",37,0,"Dandelion","true","flower"
"Minecraft","minecraft:yellow_glazed_terracotta",239,"false",239,0,"Yellow Glazed Terracotta","true",""
"Minecraft","minecraft:yellow_shulker_box",223,"false",223,0,"Yellow Shulker Box","true","chest,shulkerBox"
"Minor Integrations and Additions","mia:armored_glass",4826,"false",12962,0,"Armored Glass","true",""
"Minor Integrations and Additions","mia:door_stone",4830,"?",,,"Stone Door","true",""
"Minor Integrations and Additions","mia:flower_dead",4829,"false",12965,0,"Dead Flower","true","dyeBlack"
"Minor Integrations and Additions","mia:packed_paper",4827,"true",12963,0,"Packed Paper","true","blockPaper"
"Minor Integrations and Additions","mia:packed_paper",4827,"true",12963,1,"Packed Paper","true","blockPaper"
"Minor Integrations and Additions","mia:packed_paper",4827,"true",12963,2,"Packed Paper","true","blockPaper"
"Minor Integrations and Additions","mia:packed_paper",4827,"true",12963,3,"Packed Paper","true","blockPaper"
"Minor Integrations and Additions","mia:pixie_dust_extractor",4832,"false",12968,0,"Pixie Dust Collector","true",""
"Minor Integrations and Additions","mia:redstone_lantern",4831,"false",12967,0,"Redstone Lantern","true",""
"Minor Integrations and Additions","mia:torch_gold",4828,"true",12964,0,"Golden Torch","true",""
"Minor Integrations and Additions","mia:torch_gold",4828,"true",12964,1,"Golden Torch","true",""
"Minor Integrations and Additions","mia:white_sandstone_futuremc_wall",4837,"false",12971,0,"White Sandstone Wall","true",""
"Minor Integrations and Additions","mia:white_sandstone_new",4833,"true",12969,0,"Polished White Sandstone","true",""
"Minor Integrations and Additions","mia:white_sandstone_new",4833,"true",12969,1,"White Sandstone Bricks","true",""
"Minor Integrations and Additions","mia:white_sandstone_new_slab",4834,"true",12972,0,"Polished White Sandstone Slab","true",""
"Minor Integrations and Additions","mia:white_sandstone_new_slab",4834,"true",12972,1,"White Sandstone Brick Slab","true",""
"Minor Integrations and Additions","mia:white_sandstone_new_slab_double",4835,"?",,,"tile.white_sandstone_new_slab_double.name","true",""
"Minor Integrations and Additions","mia:white_sandstone_stairs_brick",4836,"false",12970,0,"White Sandstone Brick Stairs","true",""
"Mo' Glowstone","moglowstone:black_gsblock",488,"false",4433,0,"Black Glowstone Block","true","blockGlowstone,glowstone,glowstoneColored"
"Mo' Glowstone","moglowstone:blue_gsblock",489,"false",4434,0,"Blue Glowstone Block","true","blockGlowstone,glowstone,glowstoneColored"
"Mo' Glowstone","moglowstone:brick_gsblock",490,"false",4435,0,"Glowstone Brick","true",""
"Mo' Glowstone","moglowstone:brown_gsblock",491,"false",4436,0,"Brown Glowstone Block","true","blockGlowstone,glowstone,glowstoneColored"
"Mo' Glowstone","moglowstone:cyan_gsblock",492,"false",4437,0,"Cyan Glowstone Block","true","blockGlowstone,glowstone,glowstoneColored"
"Mo' Glowstone","moglowstone:glowstone_ore",505,"false",4450,0,"Glowstone Ore","true","oreGlowstone"
"Mo' Glowstone","moglowstone:gray_gsblock",493,"false",4438,0,"Gray Glowstone Block","true","blockGlowstone,glowstone,glowstoneColored"
"Mo' Glowstone","moglowstone:green_gsblock",494,"false",4439,0,"Green Glowstone Block","true","blockGlowstone,glowstone,glowstoneColored"
"Mo' Glowstone","moglowstone:lamp_gsblock",495,"false",4440,0,"Glowstone Lamp","true",""
"Mo' Glowstone","moglowstone:lblue_gsblock",496,"false",4441,0,"Light Blue Glowstone Block","true","blockGlowstone,glowstone,glowstoneColored"
"Mo' Glowstone","moglowstone:lgray_gsblock",497,"false",4442,0,"Light Gray Glowstone Block","true","blockGlowstone,glowstone,glowstoneColored"
"Mo' Glowstone","moglowstone:lime_gsblock",498,"false",4443,0,"Lime Glowstone Block","true","blockGlowstone,glowstone,glowstoneColored"
"Mo' Glowstone","moglowstone:magenta_gsblock",499,"false",4444,0,"Magenta Glowstone Block","true","blockGlowstone,glowstone,glowstoneColored"
"Mo' Glowstone","moglowstone:orange_gsblock",500,"false",4445,0,"Orange Glowstone Block","true","blockGlowstone,glowstone,glowstoneColored"
"Mo' Glowstone","moglowstone:pink_gsblock",501,"false",4446,0,"Pink Glowstone Block","true","blockGlowstone,glowstone,glowstoneColored"
"Mo' Glowstone","moglowstone:purple_gsblock",502,"false",4447,0,"Purple Glowstone Block","true","blockGlowstone,glowstone,glowstoneColored"
"Mo' Glowstone","moglowstone:red_gsblock",503,"false",4448,0,"Red Glowstone Block","true","blockGlowstone,glowstone,glowstoneColored"
"Mo' Glowstone","moglowstone:white_gsblock",504,"false",4449,0,"White Glowstone Block","true","blockGlowstone,glowstone,glowstoneColored"
"Mowzie's Mobs","mowziesmobs:campfire",3757,"false",,,"Campfire","true",""
"Mowzie's Mobs","mowziesmobs:grottol",3758,"false",,,"Grottol","true",""
"Mowzie's Mobs","mowziesmobs:painted_acacia",3754,"false",9973,0,"Painted Acacia Wood","true",""
"Mowzie's Mobs","mowziesmobs:painted_acacia_double_slab",3756,"false",,,"Painted Acacia Wood Slab","true",""
"Mowzie's Mobs","mowziesmobs:painted_acacia_slab",3755,"false",9974,0,"Painted Acacia Wood Slab","true",""
"Mystical World","mysticalworld:amethyst_block",5266,"false",13726,0,"Block of Amethyst","true",""
"Mystical World","mysticalworld:amethyst_ore",5267,"false",13727,0,"Amethyst Ore","true",""
"Mystical World","mysticalworld:aubergine_crop",5220,"false",,,"tile.aubergine_crop.name","true",""
"Mystical World","mysticalworld:charred_button",5228,"false",13692,0,"Charred Button","true",""
"Mystical World","mysticalworld:charred_double_slab",5225,"?",,,"tile.charred_double_slab.name","true",""
"Mystical World","mysticalworld:charred_fence",5230,"false",13694,0,"Charred Fence","true","fenceWood"
"Mystical World","mysticalworld:charred_fence_gate",5231,"false",13695,0,"Charred Fence Gate","true",""
"Mystical World","mysticalworld:charred_log",5222,"false",13687,0,"Charred Log","true","logWood"
"Mystical World","mysticalworld:charred_planks",5223,"false",13688,0,"Charred Planks","true","plankWood"
"Mystical World","mysticalworld:charred_pressure_plate",5229,"false",13693,0,"Charred Pressure Plate","true",""
"Mystical World","mysticalworld:charred_slab",5224,"false",13689,0,"Charred Slab","true","slabWood"
"Mystical World","mysticalworld:charred_stairs",5226,"false",13690,0,"Charred Stairs","true","stairWood"
"Mystical World","mysticalworld:charred_wall",5227,"false",13691,0,"Charred Wall","true",""
"Mystical World","mysticalworld:copper_block",5262,"false",13722,0,"Block of Copper","true","blockCopper"
"Mystical World","mysticalworld:copper_ore",5263,"false",13723,0,"Copper Ore","true",""
"Mystical World","mysticalworld:gall_apple_crop",5221,"false",,,"tile.gall_apple_crop.name","true",""
"Mystical World","mysticalworld:granite_quartz_ore",5269,"false",13729,0,"Quartz Ore","true","oreQuartz"
"Mystical World","mysticalworld:mud_block",5232,"false",13696,0,"Mud Block","true",""
"Mystical World","mysticalworld:mud_block_button",5240,"false",13703,0,"Mud Block Button","true",""
"Mystical World","mysticalworld:mud_block_double_slab",5237,"?",,,"tile.mud_block_double_slab.name","true",""
"Mystical World","mysticalworld:mud_block_fence",5242,"false",13705,0,"Mud Block Fence","true",""
"Mystical World","mysticalworld:mud_block_fence_gate",5243,"false",13706,0,"Mud Block Fence Gate","true",""
"Mystical World","mysticalworld:mud_block_pressure_plate",5241,"false",13704,0,"Mud Block Pressure Plate","true",""
"Mystical World","mysticalworld:mud_block_slab",5236,"false",13700,0,"Mud Block Slab","true",""
"Mystical World","mysticalworld:mud_block_stairs",5238,"false",13701,0,"Mud Block Stairs","true",""
"Mystical World","mysticalworld:mud_block_wall",5239,"false",13702,0,"Mud Block Wall","true",""
"Mystical World","mysticalworld:mud_brick",5233,"false",13697,0,"Mud Brick","true",""
"Mystical World","mysticalworld:mud_brick_button",5248,"false",13710,0,"Mud Brick Button","true",""
"Mystical World","mysticalworld:mud_brick_double_slab",5245,"?",,,"tile.mud_brick_double_slab.name","true",""
"Mystical World","mysticalworld:mud_brick_fence",5250,"false",13712,0,"Mud Brick Fence","true",""
"Mystical World","mysticalworld:mud_brick_fence_gate",5251,"false",13713,0,"Mud Brick Fence Gate","true",""
"Mystical World","mysticalworld:mud_brick_pressure_plate",5249,"false",13711,0,"Mud Brick Pressure Plate","true",""
"Mystical World","mysticalworld:mud_brick_slab",5244,"false",13707,0,"Mud Brick Slab","true",""
"Mystical World","mysticalworld:mud_brick_stairs",5246,"false",13708,0,"Mud Brick Stairs","true",""
"Mystical World","mysticalworld:mud_brick_wall",5247,"false",13709,0,"Mud Brick Wall","true",""
"Mystical World","mysticalworld:pearl_block",5252,"false",13714,0,"Pearl Block","true",""
"Mystical World","mysticalworld:pearl_button",5257,"false",13718,0,"Pearl Button","true",""
"Mystical World","mysticalworld:pearl_double_slab",5254,"?",,,"tile.pearl_double_slab.name","true",""
"Mystical World","mysticalworld:pearl_fence",5259,"false",13720,0,"Pearl Fence","true",""
"Mystical World","mysticalworld:pearl_fence_gate",5260,"false",13721,0,"Pearl Fence Gate","true",""
"Mystical World","mysticalworld:pearl_pressure_plate",5258,"false",13719,0,"Pearl Pressure Plate","true",""
"Mystical World","mysticalworld:pearl_slab",5253,"false",13715,0,"Pearl Slab","true",""
"Mystical World","mysticalworld:pearl_stairs",5255,"false",13716,0,"Pearl Stairs","true",""
"Mystical World","mysticalworld:pearl_wall",5256,"false",13717,0,"Pearl Wall","true",""
"Mystical World","mysticalworld:quartz_ore",5268,"false",13728,0,"Quartz Ore","true","oreQuartz"
"Mystical World","mysticalworld:silver_block",5264,"false",13724,0,"Block of Silver","true","blockSilver"
"Mystical World","mysticalworld:silver_ore",5265,"false",13725,0,"Silver Ore","true",""
"Mystical World","mysticalworld:slime_eggs",5261,"false",,,"tile.slime_eggs.name","true",""
"Mystical World","mysticalworld:thatch",5215,"false",13683,0,"Thatch","true",""
"Mystical World","mysticalworld:thatch_double_slab",5217,"?",,,"tile.thatch_double_slab.name","true",""
"Mystical World","mysticalworld:thatch_slab",5216,"false",13684,0,"Thatch Slab","true",""
"Mystical World","mysticalworld:thatch_stairs",5218,"false",13685,0,"Thatch Stairs","true",""
"Mystical World","mysticalworld:thatch_wall",5219,"false",13686,0,"Thatch Wall","true",""
"Mystical World","mysticalworld:wet_mud_block",5234,"false",13698,0,"Wet Mud Block","true",""
"Mystical World","mysticalworld:wet_mud_brick",5235,"false",13699,0,"Wet Mud Brick","true",""
"Natura Legacy","natura:amaranth_button",1475,"false",5987,0,"Amaranth Button","true","buttonWood"
"Natura Legacy","natura:amaranth_fence",1478,"false",5990,0,"Amaranth Fence","true","fenceWood"
"Natura Legacy","natura:amaranth_fence_gate",1479,"false",5991,0,"Amaranth Fence Gate","true","fenceGateWood"
"Natura Legacy","natura:amaranth_pressure_plate",1476,"false",5988,0,"Amaranth Pressure Plate","true","pressurePlateWood"
"Natura Legacy","natura:amaranth_trap_door",1477,"false",5989,0,"Amaranth Trapdoor","true","trapDoorWood,trapdoorWood"
"Natura Legacy","natura:apple_button",1510,"false",6022,0,"Apple Button","true","buttonWood"
"Natura Legacy","natura:apple_fence",1513,"false",6025,0,"Apple Fence","true","fenceWood"
"Natura Legacy","natura:apple_fence_gate",1514,"false",6026,0,"Apple Fence Gate","true","fenceGateWood"
"Natura Legacy","natura:apple_leaves",1384,"true",5891,0,"Apple Leaves","true","treeLeaves"
"Natura Legacy","natura:apple_leaves",1384,"true",5891,1,"Apple Leaves","true","treeLeaves"
"Natura Legacy","natura:apple_leaves",1384,"true",5891,2,"Apple Leaves","true","treeLeaves"
"Natura Legacy","natura:apple_leaves",1384,"true",5891,3,"Apple Leaves","true","treeLeaves"
"Natura Legacy","natura:apple_log",1380,"false",5887,0,"Apple Log","true","logWood"
"Natura Legacy","natura:apple_pressure_plate",1511,"false",6023,0,"Apple Pressure Plate","true","pressurePlateWood"
"Natura Legacy","natura:apple_sapling",1388,"false",5895,0,"Apple Sapling","true","treeSapling"
"Natura Legacy","natura:apple_trap_door",1512,"false",6024,0,"Apple Trapdoor","true","trapDoorWood,trapdoorWood"
"Natura Legacy","natura:barley_crop",1407,"false",5914,0,"tile.natura.barley_crop.name","true",""
"Natura Legacy","natura:blaze_hopper",1455,"false",5966,0,"Blaze Hopper","true",""
"Natura Legacy","natura:blaze_rail",1459,"false",5970,0,"Blaze Rail","true",""
"Natura Legacy","natura:blaze_rail_activator",1461,"false",5972,0,"Activator Blaze Rail","true",""
"Natura Legacy","natura:blaze_rail_detector",1462,"false",5973,0,"Detector Blaze Rail","true",""
"Natura Legacy","natura:blaze_rail_golden",1460,"false",5971,0,"Powered Blaze Rail","true",""
"Natura Legacy","natura:bloodwood_button",1522,"false",6034,0,"Bloodwood Button","true","buttonWood"
"Natura Legacy","natura:bloodwood_fence",1525,"false",6037,0,"Bloodwood Fence","true","fenceWood"
"Natura Legacy","natura:bloodwood_fence_gate",1526,"false",6038,0,"Bloodwood Fence Gate","true","fenceGateWood"
"Natura Legacy","natura:bloodwood_pressure_plate",1523,"false",6035,0,"Bloodwood Pressure Plate","true","pressurePlateWood"
"Natura Legacy","natura:bloodwood_trap_door",1524,"false",6036,0,"Bloodwood Trapdoor","true","trapDoorWood,trapdoorWood"
"Natura Legacy","natura:bluebells_flower",1389,"false",5896,0,"Bluebell","true",""
"Natura Legacy","natura:charred_netherrack_bricks",1437,"false",5948,0,"Charred Netherrack Bricks","true",""
"Natura Legacy","natura:clouds",1371,"true",5871,0,"Cloud","true",""
"Natura Legacy","natura:clouds",1371,"true",5871,1,"Dark Cloud","true",""
"Natura Legacy","natura:clouds",1371,"true",5871,2,"Ash Cloud","true",""
"Natura Legacy","natura:clouds",1371,"true",5871,3,"Sulfur Cloud","true",""
"Natura Legacy","natura:colored_grass",1372,"true",5879,0,"Topiary Grass","true",""
"Natura Legacy","natura:colored_grass",1372,"true",5879,1,"Bluegrass","true",""
"Natura Legacy","natura:colored_grass",1372,"true",5879,2,"Autumnal Grass","true",""
"Natura Legacy","natura:colored_grass_slab",1373,"true",5880,0,"Topiary Grass Slab","true",""
"Natura Legacy","natura:colored_grass_slab",1373,"true",5880,1,"Bluegrass Slab","true",""
"Natura Legacy","natura:colored_grass_slab",1373,"true",5880,2,"Autumnal Grass Slab","true",""
"Natura Legacy","natura:colored_grass_stairs_autumnal",1376,"false",5883,0,"Autumnal Grass Stairs","true",""
"Natura Legacy","natura:colored_grass_stairs_bluegrass",1375,"false",5882,0,"Bluegrass Stairs","true",""
"Natura Legacy","natura:colored_grass_stairs_topiary",1374,"false",5881,0,"Topiary Grass Stairs","true",""
"Natura Legacy","natura:cotton_crop",1408,"false",5915,0,"tile.natura.cotton_crop.name","true",""
"Natura Legacy","natura:darkwood_button",1532,"false",6044,0,"Darkwood Button","true","buttonWood"
"Natura Legacy","natura:darkwood_fence",1535,"false",6047,0,"Darkwood Fence","true","fenceWood"
"Natura Legacy","natura:darkwood_fence_gate",1536,"false",6048,0,"Darkwood Fence Gate","true","fenceGateWood"
"Natura Legacy","natura:darkwood_pressure_plate",1533,"false",6045,0,"Darkwood Pressure Plate","true","pressurePlateWood"
"Natura Legacy","natura:darkwood_trap_door",1534,"false",6046,0,"Darkwood Trapdoor","true","trapDoorWood,trapdoorWood"
"Natura Legacy","natura:eucalyptus_button",1490,"false",6002,0,"Eucalyptus Button","true","buttonWood"
"Natura Legacy","natura:eucalyptus_fence",1493,"false",6005,0,"Eucalyptus Fence","true","fenceWood"
"Natura Legacy","natura:eucalyptus_fence_gate",1494,"false",6006,0,"Eucalyptus Fence Gate","true","fenceGateWood"
"Natura Legacy","natura:eucalyptus_pressure_plate",1491,"false",6003,0,"Eucalyptus Pressure Plate","true","pressurePlateWood"
"Natura Legacy","natura:eucalyptus_trap_door",1492,"false",6004,0,"Eucalyptus Trapdoor","true","trapDoorWood,trapdoorWood"
"Natura Legacy","natura:fusewood_button",1527,"false",6039,0,"Fusewood Button","true","buttonWood"
"Natura Legacy","natura:fusewood_fence",1530,"false",6042,0,"Fusewood Fence","true","fenceWood"
"Natura Legacy","natura:fusewood_fence_gate",1531,"false",6043,0,"Fusewood Fence Gate","true","fenceGateWood"
"Natura Legacy","natura:fusewood_pressure_plate",1528,"false",6040,0,"Fusewood Pressure Plate","true","pressurePlateWood"
"Natura Legacy","natura:fusewood_trap_door",1529,"false",6041,0,"Fusewood Trapdoor","true","trapDoorWood,trapdoorWood"
"Natura Legacy","natura:ghostwood_button",1517,"false",6029,0,"Ghostwood Button","true","buttonWood"
"Natura Legacy","natura:ghostwood_fence",1520,"false",6032,0,"Ghostwood Fence","true","fenceWood"
"Natura Legacy","natura:ghostwood_fence_gate",1521,"false",6033,0,"Ghostwood Fence Gate","true","fenceGateWood"
"Natura Legacy","natura:ghostwood_pressure_plate",1518,"false",6030,0,"Ghostwood Pressure Plate","true","pressurePlateWood"
"Natura Legacy","natura:ghostwood_trap_door",1519,"false",6031,0,"Ghostwood Trapdoor","true","trapDoorWood,trapdoorWood"
"Natura Legacy","natura:hopseed_button",1495,"false",6007,0,"Hopseed Button","true","buttonWood"
"Natura Legacy","natura:hopseed_fence",1498,"false",6010,0,"Hopseed Fence","true","fenceWood"
"Natura Legacy","natura:hopseed_fence_gate",1499,"false",6011,0,"Hopseed Fence Gate","true","fenceGateWood"
"Natura Legacy","natura:hopseed_pressure_plate",1496,"false",6008,0,"Hopseed Pressure Plate","true","pressurePlateWood"
"Natura Legacy","natura:hopseed_trap_door",1497,"false",6009,0,"Hopseed Trapdoor","true","trapDoorWood,trapdoorWood"
"Natura Legacy","natura:lit_netherrack_furnace",1464,"false",5975,0,"Lit Netherrack Furnace","true",""
"Natura Legacy","natura:maple_button",1465,"false",5977,0,"Maple Button","true","buttonWood"
"Natura Legacy","natura:maple_fence",1468,"false",5980,0,"Maple Fence","true","fenceWood"
"Natura Legacy","natura:maple_fence_gate",1469,"false",5981,0,"Maple Fence Gate","true","fenceGateWood"
"Natura Legacy","natura:maple_pressure_plate",1466,"false",5978,0,"Maple Pressure Plate","true","pressurePlateWood"
"Natura Legacy","natura:maple_trap_door",1467,"false",5979,0,"Maple Trapdoor","true","trapDoorWood,trapdoorWood"
"Natura Legacy","natura:nether_berrybush_blightberry",1442,"false",5953,0,"Blightberry Bush","true",""
"Natura Legacy","natura:nether_berrybush_duskberry",1443,"false",5954,0,"Duskberry Bush","true",""
"Natura Legacy","natura:nether_berrybush_skyberry",1444,"false",5955,0,"Skyberry Bush","true",""
"Natura Legacy","natura:nether_berrybush_stingberry",1445,"false",5956,0,"Stingberry Bush","true",""
"Natura Legacy","natura:nether_blue_large_glowshroom",1449,"false",5960,0,"Blue Glowshroom","true",""
"Natura Legacy","natura:nether_bookshelves",1537,"true",6049,0,"Ghostwood Bookshelf","true","bookshelf"
"Natura Legacy","natura:nether_bookshelves",1537,"true",6049,1,"Bloodwood Bookshelf","true","bookshelf"
"Natura Legacy","natura:nether_bookshelves",1537,"true",6049,2,"Darkwood Bookshelf","true","bookshelf"
"Natura Legacy","natura:nether_bookshelves",1537,"true",6049,3,"Fusewood Bookshelf","true","bookshelf"
"Natura Legacy","natura:nether_button",1457,"false",5968,0,"Netherrack Button","true",""
"Natura Legacy","natura:nether_door_bloodwood",1452,"false",5963,0,"tile.natura.nether_door_bloodwood.name","true",""
"Natura Legacy","natura:nether_door_darkwood",1453,"false",5964,0,"tile.natura.nether_door_darkwood.name","true",""
"Natura Legacy","natura:nether_door_fusewood",1454,"false",5965,0,"tile.natura.nether_door_fusewood.name","true",""
"Natura Legacy","natura:nether_door_ghostwood",1451,"false",5962,0,"tile.natura.nether_door_ghostwood.name","true",""
"Natura Legacy","natura:nether_glass",1434,"true",5945,0,"Soul Glass","true","glass,glassSoul"
"Natura Legacy","natura:nether_glass",1434,"true",5945,1,"Heat Glass","true","glass"
"Natura Legacy","natura:nether_glowshroom",1447,"true",5958,0,"Green Glowshroom","true","listAllmushroom,mushroomAny"
"Natura Legacy","natura:nether_glowshroom",1447,"true",5958,1,"Blue Glowshroom","true","listAllmushroom,mushroomAny"
"Natura Legacy","natura:nether_glowshroom",1447,"true",5958,2,"Purple Glowshroom","true","listAllmushroom,mushroomAny"
"Natura Legacy","natura:nether_green_large_glowshroom",1448,"false",5959,0,"Green Glowshroom","true",""
"Natura Legacy","natura:nether_heat_sand",1431,"false",5942,0,"Heat Sand","true","sand"
"Natura Legacy","natura:nether_leaves",1425,"true",5936,0,"Ghostwood Leaves","true","treeLeaves"
"Natura Legacy","natura:nether_leaves",1425,"true",5936,1,"Bloodwood Leaves","true","treeLeaves"
"Natura Legacy","natura:nether_leaves",1425,"true",5936,2,"Fusewood Leaves","true","treeLeaves"
"Natura Legacy","natura:nether_leaves2",1426,"true",5937,0,"Darkwood Leaves","true","treeLeaves"
"Natura Legacy","natura:nether_leaves2",1426,"true",5937,1,"Darkwood Leaves","true","treeLeaves"
"Natura Legacy","natura:nether_leaves2",1426,"true",5937,2,"Darkwood Leaves","true","treeLeaves"
"Natura Legacy","natura:nether_lever",1456,"false",5967,0,"Netherrack Lever","true",""
"Natura Legacy","natura:nether_logs",1423,"true",5934,0,"Ghostwood Log","true","logWood"
"Natura Legacy","natura:nether_logs",1423,"true",5934,1,"Darkwood Log","true","logWood"
"Natura Legacy","natura:nether_logs",1423,"true",5934,2,"Fusewood Log","true","logWood"
"Natura Legacy","natura:nether_logs2",1424,"true",5935,0,"Bloodwood Log","true","logWood"
"Natura Legacy","natura:nether_logs2",1424,"true",5935,15,"Bloodwood Log","true","logWood"
"Natura Legacy","natura:nether_planks",1429,"true",5940,0,"Ghostwood Planks","true","plankWood"
"Natura Legacy","natura:nether_planks",1429,"true",5940,1,"Bloodwood Planks","true","plankWood"
"Natura Legacy","natura:nether_planks",1429,"true",5940,2,"Darkwood Planks","true","plankWood"
"Natura Legacy","natura:nether_planks",1429,"true",5940,3,"Fusewood Planks","true","plankWood"
"Natura Legacy","natura:nether_pressure_plate",1458,"false",5969,0,"Netherrack Pressure Plate","true",""
"Natura Legacy","natura:nether_purple_large_glowshroom",1450,"false",5961,0,"Purple Glowshroom","true",""
"Natura Legacy","natura:nether_sapling",1427,"true",5938,0,"Ghostwood Sapling","true","treeSapling"
"Natura Legacy","natura:nether_sapling",1427,"true",5938,1,"Fusewood Sapling","true","treeSapling"
"Natura Legacy","natura:nether_sapling",1427,"true",5938,2,"Darkwood Sapling","true","treeSapling"
"Natura Legacy","natura:nether_sapling2",1428,"false",5939,0,"Bloodwood Sapling","true",""
"Natura Legacy","natura:nether_slab",1430,"true",5941,0,"Ghostwood Slab","true","slabWood"
"Natura Legacy","natura:nether_slab",1430,"true",5941,1,"Bloodwood Slab","true","slabWood"
"Natura Legacy","natura:nether_slab",1430,"true",5941,2,"Darkwood Slab","true","slabWood"
"Natura Legacy","natura:nether_slab",1430,"true",5941,3,"Fusewood Slab","true","slabWood"
"Natura Legacy","natura:nether_stairs_bloodwood",1439,"false",5950,0,"Bloodwood Stairs","true","stairWood"
"Natura Legacy","natura:nether_stairs_darkwood",1440,"false",5951,0,"Darkwood Stairs","true","stairWood"
"Natura Legacy","natura:nether_stairs_fusewood",1441,"false",5952,0,"Fusewood Stairs","true","stairWood"
"Natura Legacy","natura:nether_stairs_ghostwood",1438,"false",5949,0,"Ghostwood Stairs","true","stairWood"
"Natura Legacy","natura:nether_tainted_soil",1432,"true",5943,0,"Tainted Soil","true","dirt,taintedSoil"
"Natura Legacy","natura:nether_tainted_soil",1432,"true",5943,1,"Tainted Farmland","true","dirt,taintedSoil"
"Natura Legacy","natura:nether_tainted_soil",1432,"true",5943,2,"Heated Tainted Farmland","true","dirt,taintedSoil"
"Natura Legacy","natura:nether_thorn_vines",1433,"false",5944,0,"Thornvines","true","cropVine"
"Natura Legacy","natura:nether_workbenches",1538,"true",6050,0,"Ghostwood Crafting Table","true","crafterWood,craftingTableWood,workbench"
"Natura Legacy","natura:nether_workbenches",1538,"true",6050,1,"Bloodwood Crafting Table","true","crafterWood,craftingTableWood,workbench"
"Natura Legacy","natura:nether_workbenches",1538,"true",6050,2,"Darkwood Crafting Table","true","crafterWood,craftingTableWood,workbench"
"Natura Legacy","natura:nether_workbenches",1538,"true",6050,3,"Fusewood Crafting Table","true","crafterWood,craftingTableWood,workbench"
"Natura Legacy","natura:netherrack_bricks",1436,"false",5947,0,"Netherrack Bricks","true",""
"Natura Legacy","natura:netherrack_furnace",1463,"false",5974,0,"Netherrack Furnace","true",""
"Natura Legacy","natura:overworld_berrybush_blackberry",1405,"false",5912,0,"Blackberry Bush","true",""
"Natura Legacy","natura:overworld_berrybush_blueberry",1404,"false",5911,0,"Blueberry Bush","true",""
"Natura Legacy","natura:overworld_berrybush_maloberry",1406,"false",5913,0,"Maloberry Bush","true",""
"Natura Legacy","natura:overworld_berrybush_raspberry",1403,"false",5910,0,"Raspberry Bush","true",""
"Natura Legacy","natura:overworld_bookshelves",1515,"true",6027,0,"Maple Bookshelf","true","bookshelf"
"Natura Legacy","natura:overworld_bookshelves",1515,"true",6027,1,"Silverbell Bookshelf","true","bookshelf"
"Natura Legacy","natura:overworld_bookshelves",1515,"true",6027,2,"Amaranth Bookshelf","true","bookshelf"
"Natura Legacy","natura:overworld_bookshelves",1515,"true",6027,3,"Tigerwood Bookshelf","true","bookshelf"
"Natura Legacy","natura:overworld_bookshelves",1515,"true",6027,4,"Willow Bookshelf","true","bookshelf"
"Natura Legacy","natura:overworld_bookshelves",1515,"true",6027,5,"Eucalyptus Bookshelf","true","bookshelf"
"Natura Legacy","natura:overworld_bookshelves",1515,"true",6027,6,"Hopseed Bookshelf","true","bookshelf"
"Natura Legacy","natura:overworld_bookshelves",1515,"true",6027,7,"Sakura Bookshelf","true","bookshelf"
"Natura Legacy","natura:overworld_bookshelves",1515,"true",6027,8,"Redwood Bookshelf","true","bookshelf"
"Natura Legacy","natura:overworld_bookshelves",1515,"true",6027,9,"Apple Bookshelf","true","bookshelf"
"Natura Legacy","natura:overworld_door_amaranth",1417,"false",5924,0,"tile.natura.overworld_door_amaranth.name","true",""
"Natura Legacy","natura:overworld_door_apple",1419,"false",5926,0,"tile.natura.overworld_door_apple.name","true","doorWood"
"Natura Legacy","natura:overworld_door_eucalyptus",1409,"false",5916,0,"tile.natura.overworld_door_eucalyptus.name","true",""
"Natura Legacy","natura:overworld_door_hopseed",1410,"false",5917,0,"tile.natura.overworld_door_hopseed.name","true",""
"Natura Legacy","natura:overworld_door_maple",1415,"false",5922,0,"tile.natura.overworld_door_maple.name","true",""
"Natura Legacy","natura:overworld_door_redwood",1412,"false",5919,0,"tile.natura.overworld_door_redwood.name","true",""
"Natura Legacy","natura:overworld_door_redwood_bark",1413,"false",5920,0,"tile.natura.overworld_door_redwood_bark.name","true",""
"Natura Legacy","natura:overworld_door_sakura",1411,"false",5918,0,"tile.natura.overworld_door_sakura.name","true",""
"Natura Legacy","natura:overworld_door_silverbell",1416,"false",5923,0,"tile.natura.overworld_door_silverbell.name","true",""
"Natura Legacy","natura:overworld_door_tiger",1414,"false",5921,0,"tile.natura.overworld_door_tiger.name","true",""
"Natura Legacy","natura:overworld_door_willow",1418,"false",5925,0,"tile.natura.overworld_door_willow.name","true",""
"Natura Legacy","natura:overworld_leaves",1381,"true",5888,0,"Maple Leaves","true","treeLeaves"
"Natura Legacy","natura:overworld_leaves",1381,"true",5888,1,"Silverbell Leaves","true","treeLeaves"
"Natura Legacy","natura:overworld_leaves",1381,"true",5888,2,"Amaranth Leaves","true","treeLeaves"
"Natura Legacy","natura:overworld_leaves",1381,"true",5888,3,"Tigerwood Leaves","true","treeLeaves"
"Natura Legacy","natura:overworld_leaves2",1382,"true",5889,0,"Willow Leaves","true","treeLeaves"
"Natura Legacy","natura:overworld_leaves2",1382,"true",5889,1,"Eucalyptus Leaves","true","treeLeaves"
"Natura Legacy","natura:overworld_leaves2",1382,"true",5889,2,"Hopseed Leaves","true","treeLeaves"
"Natura Legacy","natura:overworld_leaves2",1382,"true",5889,3,"Sakura Leaves","true","treeLeaves"
"Natura Legacy","natura:overworld_logs",1377,"true",5884,0,"Maple Log","true","logWood"
"Natura Legacy","natura:overworld_logs",1377,"true",5884,1,"Silverbell Log","true","logWood"
"Natura Legacy","natura:overworld_logs",1377,"true",5884,2,"Amaranth Log","true","logWood"
"Natura Legacy","natura:overworld_logs",1377,"true",5884,3,"Tigerwood Log","true","logWood"
"Natura Legacy","natura:overworld_logs2",1378,"true",5885,0,"Willow Log","true","logWood"
"Natura Legacy","natura:overworld_logs2",1378,"true",5885,1,"Eucalyptus Log","true","logWood"
"Natura Legacy","natura:overworld_logs2",1378,"true",5885,2,"Hopseed Log","true","logWood"
"Natura Legacy","natura:overworld_logs2",1378,"true",5885,3,"Sakura Log","true","logWood"
"Natura Legacy","natura:overworld_planks",1390,"true",5897,0,"Maple Planks","true","plankWood"
"Natura Legacy","natura:overworld_planks",1390,"true",5897,1,"Silverbell Planks","true","plankWood"
"Natura Legacy","natura:overworld_planks",1390,"true",5897,2,"Amaranth Planks","true","plankWood"
"Natura Legacy","natura:overworld_planks",1390,"true",5897,3,"Tigerwood Planks","true","plankWood"
"Natura Legacy","natura:overworld_planks",1390,"true",5897,4,"Willow Planks","true","plankWood"
"Natura Legacy","natura:overworld_planks",1390,"true",5897,5,"Eucalyptus Planks","true","plankWood"
"Natura Legacy","natura:overworld_planks",1390,"true",5897,6,"Hopseed Planks","true","plankWood"
"Natura Legacy","natura:overworld_planks",1390,"true",5897,7,"Sakura Planks","true","plankWood"
"Natura Legacy","natura:overworld_planks",1390,"true",5897,8,"Redwood Planks","true","plankWood"
"Natura Legacy","natura:overworld_planks",1390,"true",5897,9,"Apple Planks","true","plankWood"
"Natura Legacy","natura:overworld_sapling",1385,"true",5892,0,"Maple Sapling","true","treeSapling"
"Natura Legacy","natura:overworld_sapling",1385,"true",5892,1,"Silverbell Sapling","true","treeSapling"
"Natura Legacy","natura:overworld_sapling",1385,"true",5892,2,"Amaranth Sapling","true","treeSapling"
"Natura Legacy","natura:overworld_sapling",1385,"true",5892,3,"Tigerwood Sapling","true","treeSapling"
"Natura Legacy","natura:overworld_sapling2",1386,"true",5893,0,"Willow Sapling","true","treeSapling"
"Natura Legacy","natura:overworld_sapling2",1386,"true",5893,1,"Eucalyptus Sapling","true","treeSapling"
"Natura Legacy","natura:overworld_sapling2",1386,"true",5893,2,"Hopseed Sapling","true","treeSapling"
"Natura Legacy","natura:overworld_sapling2",1386,"true",5893,3,"Sakura Sapling","true","treeSapling"
"Natura Legacy","natura:overworld_slab",1391,"true",5898,0,"Maple Slab","true","slabWood"
"Natura Legacy","natura:overworld_slab",1391,"true",5898,1,"Silverbell Slab","true","slabWood"
"Natura Legacy","natura:overworld_slab",1391,"true",5898,2,"Amaranth Slab","true","slabWood"
"Natura Legacy","natura:overworld_slab",1391,"true",5898,3,"Tigerwood Slab","true","slabWood"
"Natura Legacy","natura:overworld_slab",1391,"true",5898,4,"Willow Slab","true","slabWood"
"Natura Legacy","natura:overworld_slab2",1392,"true",5899,0,"Eucalyptus Slab","true","slabWood"
"Natura Legacy","natura:overworld_slab2",1392,"true",5899,1,"Hopseed Slab","true","slabWood"
"Natura Legacy","natura:overworld_slab2",1392,"true",5899,2,"Sakura Slab","true","slabWood"
"Natura Legacy","natura:overworld_slab2",1392,"true",5899,3,"Redwood Slab","true","slabWood"
"Natura Legacy","natura:overworld_slab2",1392,"true",5899,4,"Apple Slab","true","slabWood"
"Natura Legacy","natura:overworld_stairs_amaranth",1395,"false",5902,0,"Amaranth Stairs","true","stairWood"
"Natura Legacy","natura:overworld_stairs_apple",1402,"false",5909,0,"Apple Stairs","true","stairWood"
"Natura Legacy","natura:overworld_stairs_eucalyptus",1398,"false",5905,0,"Eucalyptus Stairs","true","stairWood"
"Natura Legacy","natura:overworld_stairs_hopseed",1399,"false",5906,0,"Hopseed Stairs","true","stairWood"
"Natura Legacy","natura:overworld_stairs_maple",1393,"false",5900,0,"Maple Stairs","true","stairWood"
"Natura Legacy","natura:overworld_stairs_redwood",1401,"false",5908,0,"Redwood Stairs","true","stairWood"
"Natura Legacy","natura:overworld_stairs_sakura",1400,"false",5907,0,"Sakura Stairs","true","stairWood"
"Natura Legacy","natura:overworld_stairs_silverbell",1394,"false",5901,0,"Silverbell Stairs","true","stairWood"
"Natura Legacy","natura:overworld_stairs_tiger",1396,"false",5903,0,"Tigerwood Stairs","true","stairWood"
"Natura Legacy","natura:overworld_stairs_willow",1397,"false",5904,0,"Willow Stairs","true","stairWood"
"Natura Legacy","natura:overworld_workbenches",1516,"true",6028,0,"Maple Crafting Table","true","crafterWood,craftingTableWood,workbench"
"Natura Legacy","natura:overworld_workbenches",1516,"true",6028,1,"Silverbell Crafting Table","true","crafterWood,craftingTableWood,workbench"
"Natura Legacy","natura:overworld_workbenches",1516,"true",6028,2,"Amaranth Crafting Table","true","crafterWood,craftingTableWood,workbench"
"Natura Legacy","natura:overworld_workbenches",1516,"true",6028,3,"Tigerwood Crafting Table","true","crafterWood,craftingTableWood,workbench"
"Natura Legacy","natura:overworld_workbenches",1516,"true",6028,4,"Willow Crafting Table","true","crafterWood,craftingTableWood,workbench"
"Natura Legacy","natura:overworld_workbenches",1516,"true",6028,5,"Eucalyptus Crafting Table","true","crafterWood,craftingTableWood,workbench"
"Natura Legacy","natura:overworld_workbenches",1516,"true",6028,6,"Hopseed Crafting Table","true","crafterWood,craftingTableWood,workbench"
"Natura Legacy","natura:overworld_workbenches",1516,"true",6028,7,"Sakura Crafting Table","true","crafterWood,craftingTableWood,workbench"
"Natura Legacy","natura:overworld_workbenches",1516,"true",6028,8,"Redwood Crafting Table","true","crafterWood,craftingTableWood,workbench"
"Natura Legacy","natura:overworld_workbenches",1516,"true",6028,9,"Apple Crafting Table","true","crafterWood,craftingTableWood,workbench"
"Natura Legacy","natura:redwood_button",1505,"false",6017,0,"Redwood Button","true","buttonWood"
"Natura Legacy","natura:redwood_fence",1508,"false",6020,0,"Redwood Fence","true","fenceWood"
"Natura Legacy","natura:redwood_fence_gate",1509,"false",6021,0,"Redwood Fence Gate","true","fenceGateWood"
"Natura Legacy","natura:redwood_leaves",1383,"false",5890,0,"Redwood Leaves","true","treeLeaves"
"Natura Legacy","natura:redwood_logs",1379,"true",5886,0,"Redwood Bark","true","logWood"
"Natura Legacy","natura:redwood_logs",1379,"true",5886,1,"Redwood","true","logWood"
"Natura Legacy","natura:redwood_logs",1379,"true",5886,2,"Redwood Root","true","logWood"
"Natura Legacy","natura:redwood_pressure_plate",1506,"false",6018,0,"Redwood Pressure Plate","true","pressurePlateWood"
"Natura Legacy","natura:redwood_sapling",1387,"false",5894,0,"Redwood Sapling","true","treeSapling"
"Natura Legacy","natura:redwood_trap_door",1507,"false",6019,0,"Redwood Trapdoor","true","trapDoorWood,trapdoorWood"
"Natura Legacy","natura:respawn_obelisk",1446,"false",5957,0,"Inactive Respawn Obelisk","true",""
"Natura Legacy","natura:saguaro",1420,"false",5927,0,"Saguaro Cactus","true","blockCactus"
"Natura Legacy","natura:saguaro_baby",1421,"false",5928,0,"Baby Saguaro Cactus","true",""
"Natura Legacy","natura:saguaro_fruit",1422,"false",5929,0,"Saguaro Fruit","true",""
"Natura Legacy","natura:sakura_button",1500,"false",6012,0,"Sakura Button","true","buttonWood"
"Natura Legacy","natura:sakura_fence",1503,"false",6015,0,"Sakura Fence","true","fenceWood"
"Natura Legacy","natura:sakura_fence_gate",1504,"false",6016,0,"Sakura Fence Gate","true","fenceGateWood"
"Natura Legacy","natura:sakura_pressure_plate",1501,"false",6013,0,"Sakura Pressure Plate","true","pressurePlateWood"
"Natura Legacy","natura:sakura_trap_door",1502,"false",6014,0,"Sakura Trapdoor","true","trapDoorWood,trapdoorWood"
"Natura Legacy","natura:silverbell_button",1470,"false",5982,0,"Silverbell Button","true","buttonWood"
"Natura Legacy","natura:silverbell_fence",1473,"false",5985,0,"Silverbell Fence","true","fenceWood"
"Natura Legacy","natura:silverbell_fence_gate",1474,"false",5986,0,"Silverbell Fence Gate","true","fenceGateWood"
"Natura Legacy","natura:silverbell_pressure_plate",1471,"false",5983,0,"Silverbell Pressure Plate","true","pressurePlateWood"
"Natura Legacy","natura:silverbell_trap_door",1472,"false",5984,0,"Silverbell Trapdoor","true","trapDoorWood,trapdoorWood"
"Natura Legacy","natura:smooth_netherrack",1435,"false",5946,0,"Smooth Netherrack","true",""
"Natura Legacy","natura:tiger_button",1480,"false",5992,0,"Tigerwood Button","true","buttonWood"
"Natura Legacy","natura:tiger_fence",1483,"false",5995,0,"Tigerwood Fence","true","fenceWood"
"Natura Legacy","natura:tiger_fence_gate",1484,"false",5996,0,"Tigerwood Fence Gate","true","fenceGateWood"
"Natura Legacy","natura:tiger_pressure_plate",1481,"false",5993,0,"Tigerwood Pressure Plate","true","pressurePlateWood"
"Natura Legacy","natura:tiger_trap_door",1482,"false",5994,0,"Tigerwood Trapdoor","true","trapDoorWood,trapdoorWood"
"Natura Legacy","natura:willow_button",1485,"false",5997,0,"Willow Button","true","buttonWood"
"Natura Legacy","natura:willow_fence",1488,"false",6000,0,"Willow Fence","true","fenceWood"
"Natura Legacy","natura:willow_fence_gate",1489,"false",6001,0,"Willow Fence Gate","true","fenceGateWood"
"Natura Legacy","natura:willow_pressure_plate",1486,"false",5998,0,"Willow Pressure Plate","true","pressurePlateWood"
"Natura Legacy","natura:willow_trap_door",1487,"false",5999,0,"Willow Trapdoor","true","trapDoorWood,trapdoorWood"
"Novam Terram","nt:black_sand",3952,"false",10189,0,"Sand","true","sand"
"Novam Terram","nt:black_sandstone",3953,"false",10190,0,"Sandstone","true","sandstone"
"Novam Terram","nt:black_sandstone_carved",3955,"false",10192,0,"Carved Sandstone","true","sandstone"
"Novam Terram","nt:black_sandstone_face",3956,"false",10193,0,"Face Sandstone","true","sandstone"
"Novam Terram","nt:black_sandstone_glyph",3957,"false",10194,0,"Glyph Sandstone","true","sandstone"
"Novam Terram","nt:black_sandstone_smooth",3954,"false",10191,0,"Smooth Sandstone","true","sandstone"
"Novam Terram","nt:blue_podzol",3995,"false",10232,0,"Podzol","true",""
"Novam Terram","nt:brownautumn_leaves",3770,"false",10007,0,"Autumn Leaves","true","treeLeaves"
"Novam Terram","nt:brownautumn_sapling",3915,"false",10152,0,"Autumn Sapling","true","treeSapling"
"Novam Terram","nt:cherry_leaves_pink",3764,"false",10001,0,"Cherry Leaves","true","treeLeaves"
"Novam Terram","nt:cherry_leaves_purple",3762,"false",9999,0,"Cherry Leaves","true","treeLeaves"
"Novam Terram","nt:cherry_leaves_white",3763,"false",10000,0,"Cherry Leaves","true","treeLeaves"
"Novam Terram","nt:cherry_sapling_pink",3909,"false",10146,0,"Cherry Sapling","true","treeSapling"
"Novam Terram","nt:cherry_sapling_purple",3907,"false",10144,0,"Cherry Sapling","true","treeSapling"
"Novam Terram","nt:cherry_sapling_white",3908,"false",10145,0,"Cherry Sapling","true","treeSapling"
"Novam Terram","nt:cold_sand",3946,"false",10183,0,"Sand","true","sand"
"Novam Terram","nt:cold_sandstone",3947,"false",10184,0,"Sandstone","true","sandstone"
"Novam Terram","nt:cold_sandstone_carved",3949,"false",10186,0,"Carved Sandstone","true","sandstone"
"Novam Terram","nt:cold_sandstone_face",3950,"false",10187,0,"Face Sandstone","true","sandstone"
"Novam Terram","nt:cold_sandstone_glyph",3951,"false",10188,0,"Glyph Sandstone","true","sandstone"
"Novam Terram","nt:cold_sandstone_smooth",3948,"false",10185,0,"Smooth Sandstone","true","sandstone"
"Novam Terram","nt:conifer_leaves_orange",3761,"false",9998,0,"Orange Conifer Leaves","true","treeLeaves"
"Novam Terram","nt:conifer_leaves_yellow",3760,"false",9997,0,"Yellow Conifer Leaves","true","treeLeaves"
"Novam Terram","nt:conifer_sapling_orange",3906,"false",10143,0,"Orange Conifer Sapling","true","treeSapling"
"Novam Terram","nt:conifer_sapling_yellow",3905,"false",10142,0,"Yellow Conifer Sapling","true","treeSapling"
"Novam Terram","nt:continental_sand",3976,"false",10213,0,"Sand","true","sand"
"Novam Terram","nt:continental_sandstone",3977,"false",10214,0,"Sandstone","true","sandstone"
"Novam Terram","nt:continental_sandstone_carved",3979,"false",10216,0,"Carved Sandstone","true","sandstone"
"Novam Terram","nt:continental_sandstone_face",3980,"false",10217,0,"Face Sandstone","true","sandstone"
"Novam Terram","nt:continental_sandstone_glyph",3981,"false",10218,0,"Glyph Sandstone","true","sandstone"
"Novam Terram","nt:continental_sandstone_smooth",3978,"false",10215,0,"Smooth Sandstone","true","sandstone"
"Novam Terram","nt:flower_abelia_top",3780,"false",10017,0,"Aelia Top Flower","true",""
"Novam Terram","nt:flower_abeliophyllum",3781,"false",10018,0,"Abeliophyllum Flower","true",""
"Novam Terram","nt:flower_abroma",3782,"false",10019,0,"Abroma Flower","true",""
"Novam Terram","nt:flower_abronia_bot",3783,"false",10020,0,"Abronia Bot Flower","true",""
"Novam Terram","nt:flower_abronia_top",3784,"false",10021,0,"Abronia Top Flower","true",""
"Novam Terram","nt:flower_abutilon",3785,"false",10022,0,"Abutilon Flower","true",""
"Novam Terram","nt:flower_acaena",3786,"false",10023,0,"Acaena Flower","true",""
"Novam Terram","nt:flower_acalypha_r",3787,"false",10024,0,"Acalypha R Flower","true",""
"Novam Terram","nt:flower_acantholimon",3788,"false",10025,0,"Acantholimon Flower","true",""
"Novam Terram","nt:flower_acanthus_bot",3789,"false",10026,0,"Acanthus Bot Flower","true",""
"Novam Terram","nt:flower_acanthus_top",3790,"false",10027,0,"Acanthus Top Flower","true",""
"Novam Terram","nt:flower_achillea",3791,"false",10028,0,"Achillea Flower","true",""
"Novam Terram","nt:flower_achimenes",3792,"false",10029,0,"Achimenes Flower","true",""
"Novam Terram","nt:flower_acinos",3793,"false",10030,0,"Acinos Flower","true",""
"Novam Terram","nt:flower_aciphylla",3794,"false",10031,0,"Aciphylla Flower","true",""
"Novam Terram","nt:flower_adenocarpus_bot",3795,"false",10032,0,"Adenocarpus Bot Flower","true",""
"Novam Terram","nt:flower_adenocarpus_top",3796,"false",10033,0,"Adenocarpus Top Flower","true",""
"Novam Terram","nt:flower_adenophora",3797,"false",10034,0,"Adenophora Flower","true",""
"Novam Terram","nt:flower_adonis",3798,"false",10035,0,"Adonis Flower","true",""
"Novam Terram","nt:flower_aechmea",3799,"false",10036,0,"Aechmea Flower","true",""
"Novam Terram","nt:flower_aeschynanthus",3800,"false",10037,0,"Aeschynanthus Flower","true",""
"Novam Terram","nt:flower_aethionema",3801,"false",10038,0,"Aethionema Flower","true",""
"Novam Terram","nt:flower_agapanthus",3802,"false",10039,0,"Agapanthus Flower","true",""
"Novam Terram","nt:flower_ageratum",3803,"false",10040,0,"Ageratum Flower","true",""
"Novam Terram","nt:flower_agonis_bot",3804,"false",10041,0,"Agonist Bot Flower","true",""
"Novam Terram","nt:flower_agonis_top",3805,"false",10042,0,"Agonis Top Flower","true",""
"Novam Terram","nt:flower_agrostemma",3806,"false",10043,0,"Agrostemma Flower","true",""
"Novam Terram","nt:flower_aira",3807,"false",10044,0,"Aira Flower","true",""
"Novam Terram","nt:flower_ajuga",3808,"false",10045,0,"Ajuga Flower","true",""
"Novam Terram","nt:flower_albuca",3809,"false",10046,0,"Albuca Flower","true",""
"Novam Terram","nt:flower_alcea",3810,"false",10047,0,"Alcea Flower","true",""
"Novam Terram","nt:flower_alkanna",3811,"false",10048,0,"Alkanna Flower","true",""
"Novam Terram","nt:flower_alliaria",3812,"false",10049,0,"Alliaria Flower","true",""
"Novam Terram","nt:flower_allium",3778,"false",10015,0,"Allium Flower","true","flower"
"Novam Terram","nt:flower_aloe",3813,"false",10050,0,"Aloe Flower","true",""
"Novam Terram","nt:flower_alonsoa_bot",3814,"false",10051,0,"Alonsoa Bot Flower","true",""
"Novam Terram","nt:flower_alonsoa_top",3815,"false",10052,0,"Alonsoa Top Flower","true",""
"Novam Terram","nt:flower_alopecurus",3816,"false",10053,0,"Alopecurus Flower","true",""
"Novam Terram","nt:flower_alsobia",3817,"false",10054,0,"Alsobia Flower","true",""
"Novam Terram","nt:flower_alstroemeria",3818,"false",10055,0,"Alstroemeria Flower","true",""
"Novam Terram","nt:flower_alyogyne",3819,"false",10056,0,"Alyogyne Flower","true",""
"Novam Terram","nt:flower_amaryllis",3820,"false",10057,0,"Amaryllis Flower","true",""
"Novam Terram","nt:flower_ambrosia",3821,"false",10058,0,"Ambrosia Flower","true",""
"Novam Terram","nt:flower_amesiella",3822,"false",10059,0,"Amesiella Flower","true",""
"Novam Terram","nt:flower_ammobium",3823,"false",10060,0,"Ammobium Flower","true",""
"Novam Terram","nt:flower_amphipappus",3824,"false",10061,0,"Amphipappus Flower","true",""
"Novam Terram","nt:flower_anacyclus",3825,"false",10062,0,"Anacyclus Flower","true",""
"Novam Terram","nt:flower_anagallis",3826,"false",10063,0,"Anagallis Flower","true",""
"Novam Terram","nt:flower_anchusa",3827,"false",10064,0,"Anchusa Flower","true",""
"Novam Terram","nt:flower_apache_plume",3828,"false",10065,0,"Apache Plume Flower","true",""
"Novam Terram","nt:flower_argocoffeeopsis",3829,"false",10066,0,"Argocoffeeopsis Flower","true",""
"Novam Terram","nt:flower_arizona_poppy",3830,"false",10067,0,"Arizona Poppy Flower","true",""
"Novam Terram","nt:flower_asclepias",3831,"false",10068,0,"Asclepias Flower","true",""
"Novam Terram","nt:flower_asclepias_t",3832,"false",10069,0,"Asclepias T Flower","true",""
"Novam Terram","nt:flower_asian_mustard",3833,"false",10070,0,"Asian Mustard Flower","true",""
"Novam Terram","nt:flower_aspalathus",3779,"false",10016,0,"Aspalathus Flower","true","flower"
"Novam Terram","nt:flower_barbarea",3834,"false",10071,0,"Barbarea Flower","true",""
"Novam Terram","nt:flower_barren_strawberry",3835,"false",10072,0,"Barren Strawberry Flower","true",""
"Novam Terram","nt:flower_beardtongue",3836,"false",10073,0,"Beardtongue Flower","true",""
"Novam Terram","nt:flower_begonia",3837,"false",10074,0,"Begonia Flower","true",""
"Novam Terram","nt:flower_bigelows_monkey_flower",3838,"false",10075,0,"Bigelows Monkey Flower","true",""
"Novam Terram","nt:flower_blacktack_phacelia",3839,"false",10076,0,"Blocktack Phacelia Flower","true",""
"Novam Terram","nt:flower_blazing_star",3840,"false",10077,0,"Blazing Star Flower","true",""
"Novam Terram","nt:flower_blue_flax",3841,"false",10078,0,"Blug Fax Flower","true",""
"Novam Terram","nt:flower_brachystelma",3842,"false",10079,0,"Brachystelma Flower","true",""
"Novam Terram","nt:flower_bristly_fiddleneck",3843,"false",10080,0,"Bristly Fiddleneck Flower","true",""
"Novam Terram","nt:flower_brown_eyes",3844,"false",10081,0,"Brown Eyes Flower","true",""
"Novam Terram","nt:flower_buckbrush",3845,"false",10082,0,"Buckbrush Flower","true",""
"Novam Terram","nt:flower_bulbil_buglelily_bot",3846,"false",10083,0,"Bulbil Buglelily Bot Flower","true",""
"Novam Terram","nt:flower_bulbil_buglelily_top",3847,"false",10084,0,"Bulbil Buglelily Top Flower","true",""
"Novam Terram","nt:flower_button_brittlebush",3848,"false",10085,0,"Button Brittlebush Flower","true",""
"Novam Terram","nt:flower_cambridge_blue",3849,"false",10086,0,"Cambridge Blue Flower","true",""
"Novam Terram","nt:flower_canaigre",3850,"false",10087,0,"Canaigre Flower","true",""
"Novam Terram","nt:flower_cardamine",3851,"false",10088,0,"Cardamine Flower","true",""
"Novam Terram","nt:flower_cephalophyllum",3852,"false",10089,0,"Cephalophyllum Flower","true",""
"Novam Terram","nt:flower_chocolate_drops",3853,"false",10090,0,"Chocolate Drops Flower","true",""
"Novam Terram","nt:flower_chrysanthemum",3854,"false",10091,0,"Chrysanthemum Flower","true",""
"Novam Terram","nt:flower_chuparosa",3855,"false",10092,0,"Chuparosa Flower","true",""
"Novam Terram","nt:flower_clove",3856,"false",10093,0,"Clove Flower","true",""
"Novam Terram","nt:flower_clustered_broomrape",3857,"false",10094,0,"Clustered Broomrape Flower","true",""
"Novam Terram","nt:flower_corydalis",3858,"false",10095,0,"Corydalis Flower","true",""
"Novam Terram","nt:flower_coulters_jewelflower",3859,"false",10096,0,"Coulters Jewel Flower","true",""
"Novam Terram","nt:flower_crassula",3860,"false",10097,0,"Crassula Flower","true",""
"Novam Terram","nt:flower_disa",3861,"false",10098,0,"Disa Flower","true",""
"Novam Terram","nt:flower_distant_scorpionweed",3862,"false",10099,0,"Distant Scorpion Weed Flower","true",""
"Novam Terram","nt:flower_epipogium",3863,"false",10100,0,"Epipogium Flower","true",""
"Novam Terram","nt:flower_fabaceae",3864,"false",10101,0,"Fabaceae Flower","true",""
"Novam Terram","nt:flower_fairy_lily",3865,"false",10102,0,"Fairy Lily Flower","true",""
"Novam Terram","nt:flower_flower_abelia_bot",3866,"false",10103,0,"Abelia Bot Flower","true",""
"Novam Terram","nt:flower_fruit_bot",3867,"false",10104,0,"Fruit Bot Flower","true",""
"Novam Terram","nt:flower_fruit_top",3868,"false",10105,0,"Fruit Top Flower","true",""
"Novam Terram","nt:flower_galanthus",3869,"false",10106,0,"Galanthus Flower","true",""
"Novam Terram","nt:flower_heliotropium",3870,"false",10107,0,"Helioptropium Flower","true",""
"Novam Terram","nt:flower_hellebore",3871,"false",10108,0,"Hellebore Flower","true",""
"Novam Terram","nt:flower_hesperis",3872,"false",10109,0,"Hesperis Flower","true",""
"Novam Terram","nt:flower_impatiens",3873,"false",10110,0,"Impatiens Flower","true",""
"Novam Terram","nt:flower_isolepis",3874,"false",10111,0,"Isolepis Flower","true",""
"Novam Terram","nt:flower_narthecium",3875,"false",10112,0,"Narthecium Flower","true",""
"Novam Terram","nt:flower_neglected_scorpionweed",3876,"false",10113,0,"Neglected Scorpion Weed Flower","true",""
"Novam Terram","nt:flower_nemesia",3877,"false",10114,0,"Nemesia Flower","true",""
"Novam Terram","nt:flower_none_bot",3878,"false",10115,0,"None Bot Flower","true",""
"Novam Terram","nt:flower_none_top",3879,"false",10116,0,"None Top Flower","true",""
"Novam Terram","nt:flower_olive",3904,"false",10141,0,"Olive Fruit","true",""
"Novam Terram","nt:flower_pink_corydalis",3880,"false",10117,0,"Pink Corydalis Flower","true",""
"Novam Terram","nt:flower_pluchea_glutinosa",3881,"false",10118,0,"Pluchea Glutinosa Flower","true",""
"Novam Terram","nt:flower_primevere",3777,"false",10014,0,"Primevere Flower","true","flower"
"Novam Terram","nt:flower_psoralea_cataracta",3882,"false",10119,0,"Psoralea Cataracta Flower","true",""
"Novam Terram","nt:flower_psoralea_macrophylla",3883,"false",10120,0,"Psoralea Macrophylla Flower","true",""
"Novam Terram","nt:flower_pueraria",3884,"false",10121,0,"Pueraria Flower","true",""
"Novam Terram","nt:flower_rhanterium",3885,"false",10122,0,"Rhanterium Flower","true",""
"Novam Terram","nt:flower_rorippa",3886,"false",10123,0,"Rorippa Flower","true",""
"Novam Terram","nt:flower_royal_bluebell",3887,"false",10124,0,"Royal Bluebell Flower","true",""
"Novam Terram","nt:flower_rudbeckia_h",3888,"false",10125,0,"Rudbeckia H Flower","true",""
"Novam Terram","nt:flower_sagebrush",3889,"false",10126,0,"Sage Brush Flower","true",""
"Novam Terram","nt:flower_san_angelo_yucca",3890,"false",10127,0,"San Angelo Yucca Flower","true",""
"Novam Terram","nt:flower_sandbog_death_camas",3891,"false",10128,0,"Sandbog Death Camas Flower","true",""
"Novam Terram","nt:flower_snowy_river_westringia",3892,"false",10129,0,"Snowy River Westringia Flower","true",""
"Novam Terram","nt:flower_streblorrhiza",3893,"false",10130,0,"Streblorrhiza Flower","true",""
"Novam Terram","nt:flower_sumatra",3894,"false",10131,0,"Sumatra Flower","true",""
"Novam Terram","nt:flower_thismia",3895,"false",10132,0,"Thismia Flower","true",""
"Novam Terram","nt:flower_trillium",3896,"false",10133,0,"Trillium Flower","true",""
"Novam Terram","nt:flower_veratrum",3897,"false",10134,0,"Veratrum Flower","true",""
"Novam Terram","nt:flower_veronica",3898,"false",10135,0,"Veronica Flower","true",""
"Novam Terram","nt:flower_viola",3899,"false",10136,0,"Viola Flower","true",""
"Novam Terram","nt:flower_weldenia_candida",3900,"false",10137,0,"Weldenia Candida Flower","true",""
"Novam Terram","nt:flower_wild_rice",3901,"false",10138,0,"Wild Rice Flower","true",""
"Novam Terram","nt:flower_yellowroot",3902,"false",10139,0,"Yellowroot Flower","true",""
"Novam Terram","nt:flower_zenobia",3903,"false",10140,0,"Zenobia Flower","true",""
"Novam Terram","nt:iron_sand",3982,"false",10219,0,"Sand","true","sand"
"Novam Terram","nt:iron_sandstone",3983,"false",10220,0,"Sandstone","true","sandstone"
"Novam Terram","nt:iron_sandstone_carved",3985,"false",10222,0,"Carved Sandstone","true","sandstone"
"Novam Terram","nt:iron_sandstone_face",3986,"false",10223,0,"Face Sandstone","true","sandstone"
"Novam Terram","nt:iron_sandstone_glyph",3987,"false",10224,0,"Glyph Sandstone","true","sandstone"
"Novam Terram","nt:iron_sandstone_smooth",3984,"false",10221,0,"Smooth Sandstone","true","sandstone"
"Novam Terram","nt:jacaranda_leaves",3766,"false",10003,0,"Jacaranda Leaves","true","treeLeaves"
"Novam Terram","nt:jacaranda_sapling",3911,"false",10148,0,"Jacaranda Sapling","true","treeSapling"
"Novam Terram","nt:maple_leaves",3765,"false",10002,0,"Maple Leaves","true","treeLeaves"
"Novam Terram","nt:maple_sapling",3910,"false",10147,0,"Maple Sapling","true","treeSapling"
"Novam Terram","nt:oak_leaves_red",3769,"false",10006,0,"Red Oak Leaves","true","treeLeaves"
"Novam Terram","nt:oak_sapling_red",3914,"false",10151,0,"Red Oak Sapling","true","treeSapling"
"Novam Terram","nt:olive_leaves_green",3759,"false",9996,0,"Green Olive Leaves","true",""
"Novam Terram","nt:olivine_sand",3958,"false",10195,0,"Sand","true","sand"
"Novam Terram","nt:olivine_sandstone",3959,"false",10196,0,"Sandstone","true","sandstone"
"Novam Terram","nt:olivine_sandstone_carved",3961,"false",10198,0,"Carved Sandstone","true","sandstone"
"Novam Terram","nt:olivine_sandstone_face",3962,"false",10199,0,"Face Sandstone","true","sandstone"
"Novam Terram","nt:olivine_sandstone_glyph",3963,"false",10200,0,"Glyph Sandstone","true","sandstone"
"Novam Terram","nt:olivine_sandstone_smooth",3960,"false",10197,0,"Smooth Sandstone","true","sandstone"
"Novam Terram","nt:orange_sand",3988,"false",10225,0,"Sand","true","sand"
"Novam Terram","nt:orange_sandstone",3989,"false",10226,0,"Sandstone","true","sandstone"
"Novam Terram","nt:orange_sandstone_carved",3991,"false",10228,0,"Carved Sandstone","true","sandstone"
"Novam Terram","nt:orange_sandstone_face",3992,"false",10229,0,"Face Sandstone","true","sandstone"
"Novam Terram","nt:orange_sandstone_glyph",3993,"false",10230,0,"Glyph Sandstone","true","sandstone"
"Novam Terram","nt:orange_sandstone_smooth",3990,"false",10227,0,"Smooth Sandstone","true","sandstone"
"Novam Terram","nt:orangeautumn_leaves",3771,"false",10008,0,"Autumn Leaves","true","treeLeaves"
"Novam Terram","nt:orangeautumn_sapling",3916,"false",10153,0,"Autumn Sapling","true","treeSapling"
"Novam Terram","nt:orchard_leaves",3775,"false",10012,0,"White Leaves","true","treeLeaves"
"Novam Terram","nt:orchard_sapling",3920,"false",10157,0,"White Sapling","true","treeSapling"
"Novam Terram","nt:paulownia_leaves",3774,"false",10011,0,"Paulownia Leaves","true","treeLeaves"
"Novam Terram","nt:paulownia_sapling",3919,"false",10156,0,"Paulownia Sapling","true","treeSapling"
"Novam Terram","nt:pink_sand",3964,"false",10201,0,"Sand","true","sand"
"Novam Terram","nt:pink_sandstone",3965,"false",10202,0,"Sandstone","true","sandstone"
"Novam Terram","nt:pink_sandstone_carved",3967,"false",10204,0,"Carved Sandstone","true","sandstone"
"Novam Terram","nt:pink_sandstone_face",3968,"false",10205,0,"Face Sandstone","true","sandstone"
"Novam Terram","nt:pink_sandstone_glyph",3969,"false",10206,0,"Glyph Sandstone","true","sandstone"
"Novam Terram","nt:pink_sandstone_smooth",3966,"false",10203,0,"Smooth Sandstone","true","sandstone"
"Novam Terram","nt:purple_sand",3970,"false",10207,0,"Sand","true","sand"
"Novam Terram","nt:purple_sandstone",3971,"false",10208,0,"Sandstone","true","sandstone"
"Novam Terram","nt:purple_sandstone_carved",3973,"false",10210,0,"Carved Sandstone","true","sandstone"
"Novam Terram","nt:purple_sandstone_face",3974,"false",10211,0,"Face Sandstone","true","sandstone"
"Novam Terram","nt:purple_sandstone_glyph",3975,"false",10212,0,"Glyph Sandstone","true","sandstone"
"Novam Terram","nt:purple_sandstone_smooth",3972,"false",10209,0,"Smooth Sandstone","true","sandstone"
"Novam Terram","nt:red_podzol",3994,"false",10231,0,"Podzol","true",""
"Novam Terram","nt:redautumn_leaves",3772,"false",10009,0,"Autumn Leaves","true","treeLeaves"
"Novam Terram","nt:redautumn_sapling",3917,"false",10154,0,"Autumn Sapling","true","treeSapling"
"Novam Terram","nt:sapling_poplar",3938,"false",10175,0,"Poplar Sapling","true",""
"Novam Terram","nt:sapling_tallspruce",3939,"false",10176,0,"Taller Spruce Sapling","true",""
"Novam Terram","nt:shrub_sapling_acacia",3922,"false",10159,0,"Acacia Shrub Sapling","true","treeSapling"
"Novam Terram","nt:shrub_sapling_birch",3923,"false",10160,0,"Birch Shrub Sapling","true","treeSapling"
"Novam Terram","nt:shrub_sapling_bluespruce",3924,"false",10161,0,"Blue Spruce Shrub Sapling","true","treeSapling"
"Novam Terram","nt:shrub_sapling_cherrypink",3925,"false",10162,0,"Cherry Shrub Sapling","true","treeSapling"
"Novam Terram","nt:shrub_sapling_cherrypurple",3926,"false",10163,0,"Cherry Shrub Sapling","true","treeSapling"
"Novam Terram","nt:shrub_sapling_cherrywhite",3927,"false",10164,0,"Cherry Shrub Sapling","true","treeSapling"
"Novam Terram","nt:shrub_sapling_coniferorange",3928,"false",10165,0,"Orange Conifer Shrub Sapling","true","treeSapling"
"Novam Terram","nt:shrub_sapling_coniferyellow",3929,"false",10166,0,"Yellow Conifer Shrub Sapling","true","treeSapling"
"Novam Terram","nt:shrub_sapling_darkoak",3930,"false",10167,0,"Dark Oak Shrub Sapling","true","treeSapling"
"Novam Terram","nt:shrub_sapling_jacaranda",3931,"false",10168,0,"Jacaranda Shrub Sapling","true","treeSapling"
"Novam Terram","nt:shrub_sapling_jungle",3932,"false",10169,0,"Jungle Shrub Sapling","true","treeSapling"
"Novam Terram","nt:shrub_sapling_maple",3933,"false",10170,0,"Maple Shrub Sapling","true","treeSapling"
"Novam Terram","nt:shrub_sapling_oak",3934,"false",10171,0,"Oak Shrub Sapling","true","treeSapling"
"Novam Terram","nt:shrub_sapling_redoak",3935,"false",10172,0,"Red Oak Shrub Sapling","true","treeSapling"
"Novam Terram","nt:shrub_sapling_redspruce",3936,"false",10173,0,"Red Spruce Shrub Sapling","true","treeSapling"
"Novam Terram","nt:shrub_sapling_spruce",3937,"false",10174,0,"Spruce Shrub Sapling","true","treeSapling"
"Novam Terram","nt:spruce_leaves_blue",3768,"false",10005,0,"Blue Spruce Leaves","true","treeLeaves"
"Novam Terram","nt:spruce_leaves_red",3767,"false",10004,0,"Red Spruce Leaves","true","treeLeaves"
"Novam Terram","nt:spruce_sapling_blue",3913,"false",10150,0,"Blue Spruce Sapling","true","treeSapling"
"Novam Terram","nt:spruce_sapling_red",3912,"false",10149,0,"Red Spruce Sapling","true","treeSapling"
"Novam Terram","nt:white_sand",3940,"false",10177,0,"Sand","true","sand"
"Novam Terram","nt:white_sandstone",3941,"false",10178,0,"Sandstone","true","sandstone"
"Novam Terram","nt:white_sandstone_carved",3943,"false",10180,0,"Sandstone","true","sandstone"
"Novam Terram","nt:white_sandstone_face",3944,"false",10181,0,"Sandstone","true","sandstone"
"Novam Terram","nt:white_sandstone_glyph",3945,"false",10182,0,"Sandstone","true","sandstone"
"Novam Terram","nt:white_sandstone_smooth",3942,"false",10179,0,"Sandstone","true","sandstone"
"Novam Terram","nt:whitemyrtle_leaves",3776,"false",10013,0,"White Myrtle Leaves","true","treeLeaves"
"Novam Terram","nt:whitemyrtle_sapling",3921,"false",10158,0,"White Myrtle Sapling","true","treeSapling"
"Novam Terram","nt:yellowautumn_leaves",3773,"false",10010,0,"Autumn Leaves","true","treeLeaves"
"Novam Terram","nt:yellowautumn_sapling",3918,"false",10155,0,"Autumn Sapling","true","treeSapling"
"Oceanic Expanse","oe:blue_coral",3028,"false",8701,0,"Tube Coral","true",""
"Oceanic Expanse","oe:blue_coral_block",3008,"false",8681,0,"Tube Coral Block","true",""
"Oceanic Expanse","oe:blue_coral_block_dead",3013,"false",8686,0,"Dead Tube Coral Block","true",""
"Oceanic Expanse","oe:blue_coral_dead",3033,"false",8706,0,"Dead Tube Coral","true",""
"Oceanic Expanse","oe:blue_coral_fan",3018,"false",8691,0,"Tube Coral Fan","true",""
"Oceanic Expanse","oe:blue_coral_fan_dead",3023,"false",8696,0,"Dead Tube Coral Fan","true",""
"Oceanic Expanse","oe:blue_ice",2995,"false",8670,0,"Blue Ice","true",""
"Oceanic Expanse","oe:blue_slime_block",3058,"false",8728,0,"Tropical Slime Block","true",""
"Oceanic Expanse","oe:coconut",2996,"false",8671,0,"Coconut","true",""
"Oceanic Expanse","oe:conduit",2997,"false",8672,0,"Conduit","true",""
"Oceanic Expanse","oe:coquina",2998,"false",8673,0,"Coquina","true",""
"Oceanic Expanse","oe:coquina_brick",2999,"false",8674,0,"Coquina Brick","true",""
"Oceanic Expanse","oe:coquina_brick_slab",3000,"false",8666,0,"Coquina Brick Slab","true",""
"Oceanic Expanse","oe:coquina_brick_slab_double",3001,"false",8675,0,"Coquina Brick Slab","true",""
"Oceanic Expanse","oe:coquina_brick_stairs",3002,"false",8676,0,"Coquina Brick Stairs","true",""
"Oceanic Expanse","oe:coquina_brick_wall",3003,"false",8677,0,"Coquina Brick Wall","true",""
"Oceanic Expanse","oe:dried_dulse_block",3006,"false",8680,0,"Dried Dulse Block","true",""
"Oceanic Expanse","oe:dried_kelp_block",3039,"false",8712,0,"Dried Kelp Block","true",""
"Oceanic Expanse","oe:dulse",3005,"false",8679,0,"Dulse","true",""
"Oceanic Expanse","oe:guardian_spike",3007,"false",8663,0,"Guardian Spike","true",""
"Oceanic Expanse","oe:kelp",3038,"false",8711,0,"Kelp","true",""
"Oceanic Expanse","oe:nacre_block",3056,"false",8726,0,"Nacre Block","true",""
"Oceanic Expanse","oe:nacre_smooth",3057,"false",8727,0,"Smooth Nacre Block","true",""
"Oceanic Expanse","oe:palm_door",3053,"false",,,"item.oe.palm_door.name","true",""
"Oceanic Expanse","oe:palm_fence",3051,"false",8723,0,"Palm Fence","true","fenceWood"
"Oceanic Expanse","oe:palm_fence_gate",3052,"false",8724,0,"Palm Fence Gate","true","fenceGateWood"
"Oceanic Expanse","oe:palm_leaves",3041,"false",8714,0,"Palm Leaves","true","treeLeaves"
"Oceanic Expanse","oe:palm_leaves_flowering",3042,"false",8715,0,"Flowering Palm Leaves","true","treeLeaves"
"Oceanic Expanse","oe:palm_log",3043,"false",8716,0,"Palm Log","true","logWood"
"Oceanic Expanse","oe:palm_log_stripped",3045,"false",8718,0,"Stripped Palm Log","true","logWood"
"Oceanic Expanse","oe:palm_planks",3047,"false",8720,0,"Palm Planks","true","plankWood"
"Oceanic Expanse","oe:palm_sapling",3040,"false",8713,0,"Palm Sapling","true","treeSapling"
"Oceanic Expanse","oe:palm_slab",3048,"false",8667,0,"Palm Slab","true","slabWood"
"Oceanic Expanse","oe:palm_slab_double",3049,"false",8721,0,"Palm Slab","true",""
"Oceanic Expanse","oe:palm_stairs",3050,"false",8722,0,"Palm Stairs","true","stairWood"
"Oceanic Expanse","oe:palm_wood",3044,"false",8717,0,"Palm Wood","true","logWood"
"Oceanic Expanse","oe:palm_wood_stripped",3046,"false",8719,0,"Stripped Palm Wood","true","logWood"
"Oceanic Expanse","oe:pickled_head",3054,"false",8669,0,"Pickled Head","true",""
"Oceanic Expanse","oe:pink_coral",3029,"false",8702,0,"Brain Coral","true",""
"Oceanic Expanse","oe:pink_coral_block",3009,"false",8682,0,"Brain Coral Block","true",""
"Oceanic Expanse","oe:pink_coral_block_dead",3014,"false",8687,0,"Dead Brain Coral Block","true",""
"Oceanic Expanse","oe:pink_coral_dead",3034,"false",8707,0,"Dead Brain Coral","true",""
"Oceanic Expanse","oe:pink_coral_fan",3019,"false",8692,0,"Brain Coral Fan","true",""
"Oceanic Expanse","oe:pink_coral_fan_dead",3024,"false",8697,0,"Dead Brain Coral Fan","true",""
"Oceanic Expanse","oe:prismarine_pot",3055,"false",8725,0,"Prismarine Pot","true",""
"Oceanic Expanse","oe:purple_coral",3030,"false",8703,0,"Bubble Coral","true",""
"Oceanic Expanse","oe:purple_coral_block",3010,"false",8683,0,"Bubble Coral Block","true",""
"Oceanic Expanse","oe:purple_coral_block_dead",3015,"false",8688,0,"Dead Bubble Coral Block","true",""
"Oceanic Expanse","oe:purple_coral_dead",3035,"false",8708,0,"Dead Bubble Coral","true",""
"Oceanic Expanse","oe:purple_coral_fan",3020,"false",8693,0,"Bubble Coral Fan","true",""
"Oceanic Expanse","oe:purple_coral_fan_dead",3025,"false",8698,0,"Dead Bubble Coral Fan","true",""
"Oceanic Expanse","oe:red_coral",3031,"false",8704,0,"Fire Coral","true",""
"Oceanic Expanse","oe:red_coral_block",3011,"false",8684,0,"Fire Coral Block","true",""
"Oceanic Expanse","oe:red_coral_block_dead",3016,"false",8689,0,"Dead Fire Coral Block","true",""
"Oceanic Expanse","oe:red_coral_dead",3036,"false",8709,0,"Dead Fire Coral","true",""
"Oceanic Expanse","oe:red_coral_fan",3021,"false",8694,0,"Fire Coral Fan","true",""
"Oceanic Expanse","oe:red_coral_fan_dead",3026,"false",8699,0,"Dead Fire Coral Fan","true",""
"Oceanic Expanse","oe:sea_oats",3061,"false",8730,0,"Sea Oats","true",""
"Oceanic Expanse","oe:sea_pickle",3060,"false",8664,0,"Sea Pickle","true",""
"Oceanic Expanse","oe:seagrass",3059,"false",8729,0,"Seagrass","true",""
"Oceanic Expanse","oe:seastar",3062,"false",8731,0,"Sea Star","true",""
"Oceanic Expanse","oe:shell_sand",3063,"false",8732,0,"Shelly Sand","true",""
"Oceanic Expanse","oe:stagnant",3004,"false",8678,0,"Stagnant","true",""
"Oceanic Expanse","oe:tube_sponge",3064,"false",8733,0,"Tube Sponge","true",""
"Oceanic Expanse","oe:turtle_egg",3065,"false",8665,0,"Turtle Egg","true",""
"Oceanic Expanse","oe:underwater_tnt",3066,"false",8734,0,"Underwater TNT","true",""
"Oceanic Expanse","oe:underwater_torch",3067,"false",8735,0,"Underwater Torch","true",""
"Oceanic Expanse","oe:yellow_coral",3032,"false",8705,0,"Horn Coral","true",""
"Oceanic Expanse","oe:yellow_coral_block",3012,"false",8685,0,"Horn Coral Block","true",""
"Oceanic Expanse","oe:yellow_coral_block_dead",3017,"false",8690,0,"Dead Horn Coral Block","true",""
"Oceanic Expanse","oe:yellow_coral_dead",3037,"false",8710,0,"Dead Horn Coral","true",""
"Oceanic Expanse","oe:yellow_coral_fan",3022,"false",8695,0,"Horn Coral Fan","true",""
"Oceanic Expanse","oe:yellow_coral_fan_dead",3027,"false",8700,0,"Dead Horn Coral Fan","true",""
"Pirates Mod","pirates:barrel",4002,"false",10261,0,"Barrel","true",""
"Pirates Mod","pirates:boat_sling",4000,"false",10259,0,"Boat Sling","true",""
"Pirates Mod","pirates:cannon",3997,"false",10256,0,"Cannon","true",""
"Pirates Mod","pirates:cannonball",4010,"false",10269,0,"Cannonball","true",""
"Pirates Mod","pirates:capstan",4014,"false",10273,0,"Capstan","true",""
"Pirates Mod","pirates:cell",3998,"false",10257,0,"Cell","true",""
"Pirates Mod","pirates:cleat",4013,"false",10272,0,"Cleat","true",""
"Pirates Mod","pirates:forge",4009,"false",10268,0,"Forge","true",""
"Pirates Mod","pirates:ghastly_bell",4007,"false",10266,0,"Ghastly Bell","true",""
"Pirates Mod","pirates:ghastly_log",4005,"false",10264,0,"Ghastly Log","true",""
"Pirates Mod","pirates:ghastly_planks",4003,"false",10262,0,"Ghastly Planks","true",""
"Pirates Mod","pirates:ghastly_rail",4004,"false",10263,0,"Ghastly Railing","true",""
"Pirates Mod","pirates:ghastly_stairs",4006,"false",10265,0,"Ghastly Stairs","true",""
"Pirates Mod","pirates:jib_sheet",4012,"false",10271,0,"Jib Sheet","true",""
"Pirates Mod","pirates:light_te",4017,"false",10276,0,"tile.pirates.light_te.name","true",""
"Pirates Mod","pirates:liquor_rack",4016,"false",10275,0,"tile.pirates.liquor_rack.name","true",""
"Pirates Mod","pirates:pirate_chest",4008,"false",10267,0,"Cursed Chest","true",""
"Pirates Mod","pirates:rail",3996,"false",10255,0,"Railing","true",""
"Pirates Mod","pirates:ratlines",3999,"false",10258,0,"Ratlines","true",""
"Pirates Mod","pirates:ship_bell",4001,"false",10260,0,"Ship's Bell","true",""
"Pirates Mod","pirates:ship_wheel",4015,"false",10274,0,"tile.pirates.ship_wheel.name","true",""
"Pirates Mod","pirates:square_sail",4011,"false",10270,0,"Square Sail","true",""
"Project: Vibrant Journeys","pvj:acacia_twigs",5067,"false",13213,0,"Acacia Twigs","true","twigs"
"Project: Vibrant Journeys","pvj:adobe",5109,"false",13255,0,"Adobe","true",""
"Project: Vibrant Journeys","pvj:adobe_brick",5110,"false",13256,0,"Adobe Bricks","true",""
"Project: Vibrant Journeys","pvj:adobe_brick_double_slab",5137,"false",,,"tile.null.name","true",""
"Project: Vibrant Journeys","pvj:adobe_brick_slab",5136,"false",13274,0,"Adobe Brick Slab","true",""
"Project: Vibrant Journeys","pvj:adobe_brick_stairs",5119,"false",13265,0,"Adobe Brick Stairs","true",""
"Project: Vibrant Journeys","pvj:adobe_double_slab",5135,"false",,,"tile.null.name","true",""
"Project: Vibrant Journeys","pvj:adobe_slab",5134,"false",13273,0,"Adobe Slab","true",""
"Project: Vibrant Journeys","pvj:adobe_stairs",5118,"false",13264,0,"Adobe Stairs","true",""
"Project: Vibrant Journeys","pvj:andesite_rocks",5089,"false",13235,0,"Andesite Rocks","true","rocks"
"Project: Vibrant Journeys","pvj:aspen_button",5019,"false",13165,0,"Aspen Button","true",""
"Project: Vibrant Journeys","pvj:aspen_door",4993,"false",13132,0,"tile.aspen_door.name","true",""
"Project: Vibrant Journeys","pvj:aspen_double_slab",4948,"false",,,"tile.null.name","true",""
"Project: Vibrant Journeys","pvj:aspen_fence",4967,"false",13100,0,"Aspen Fence","true","fenceWood"
"Project: Vibrant Journeys","pvj:aspen_fence_gate",4980,"false",13113,0,"Aspen Fence Gate","true","fenceGateWood"
"Project: Vibrant Journeys","pvj:aspen_pressure_plate",5032,"false",13178,0,"Aspen Pressure Plate","true",""
"Project: Vibrant Journeys","pvj:aspen_slab",4947,"false",13087,0,"Aspen Slab","true","slabWood"
"Project: Vibrant Journeys","pvj:aspen_stairs",4928,"false",13074,0,"Aspen Stairs","true","stairWood"
"Project: Vibrant Journeys","pvj:aspen_trapdoor",5006,"false",13152,0,"Aspen Trapdoor","true",""
"Project: Vibrant Journeys","pvj:aspen_twigs",5075,"false",13221,0,"Aspen Twigs","true","twigs"
"Project: Vibrant Journeys","pvj:bamboo_bop_twigs",5171,"false",13308,0,"Bamboo Twigs","true","twigs"
"Project: Vibrant Journeys","pvj:baobab_button",5021,"false",13167,0,"Baobab Button","true",""
"Project: Vibrant Journeys","pvj:baobab_door",4995,"false",13136,0,"tile.baobab_door.name","true",""
"Project: Vibrant Journeys","pvj:baobab_double_slab",4952,"false",,,"tile.null.name","true",""
"Project: Vibrant Journeys","pvj:baobab_fence",4969,"false",13102,0,"Baobab Fence","true","fenceWood"
"Project: Vibrant Journeys","pvj:baobab_fence_gate",4982,"false",13115,0,"Baobab Fence Gate","true","fenceGateWood"
"Project: Vibrant Journeys","pvj:baobab_pressure_plate",5034,"false",13180,0,"Baobab Pressure Plate","true",""
"Project: Vibrant Journeys","pvj:baobab_slab",4951,"false",13089,0,"Baobab Slab","true","slabWood"
"Project: Vibrant Journeys","pvj:baobab_stairs",4930,"false",13076,0,"Baobab Stairs","true","stairWood"
"Project: Vibrant Journeys","pvj:baobab_trapdoor",5008,"false",13154,0,"Baobab Trapdoor","true",""
"Project: Vibrant Journeys","pvj:baobab_twigs",5078,"false",13224,0,"Baobab Twigs","true","twigs"
"Project: Vibrant Journeys","pvj:basalt",5103,"false",13249,0,"Basalt","true",""
"Project: Vibrant Journeys","pvj:basalt_brick",5104,"false",13250,0,"Basalt Bricks","true",""
"Project: Vibrant Journeys","pvj:basalt_brick_double_slab",5125,"false",,,"tile.null.name","true",""
"Project: Vibrant Journeys","pvj:basalt_brick_slab",5124,"false",13268,0,"Basalt Brick Slab","true",""
"Project: Vibrant Journeys","pvj:basalt_brick_stairs",5113,"false",13259,0,"Basalt Brick Stairs","true",""
"Project: Vibrant Journeys","pvj:basalt_double_slab",5123,"false",,,"tile.null.name","true",""
"Project: Vibrant Journeys","pvj:basalt_slab",5122,"false",13267,0,"Basalt Slab","true",""
"Project: Vibrant Journeys","pvj:basalt_stairs",5112,"false",13258,0,"Basalt Stairs","true",""
"Project: Vibrant Journeys","pvj:beach_grass",4852,"false",12998,0,"Beach Grass","true",""
"Project: Vibrant Journeys","pvj:birch_twigs",5064,"false",13210,0,"Birch Twigs","true","twigs"
"Project: Vibrant Journeys","pvj:bloodnettle",4861,"false",13007,0,"Bloodnettle","true",""
"Project: Vibrant Journeys","pvj:bones",5094,"false",13240,0,"Bones","true",""
"Project: Vibrant Journeys","pvj:bracket_fungus",4844,"false",12990,0,"Polypore","true",""
"Project: Vibrant Journeys","pvj:brown_autumn_traverse_twigs",5196,"false",13333,0,"Brown Autumnal Twigs","true","twigs"
"Project: Vibrant Journeys","pvj:cattail",4851,"false",12997,0,"Cattail","true",""
"Project: Vibrant Journeys","pvj:cherry_blossom_button",5024,"false",13170,0,"Cherry Blossom Button","true",""
"Project: Vibrant Journeys","pvj:cherry_blossom_door",4998,"false",13142,0,"tile.cherry_blossom_door.name","true",""
"Project: Vibrant Journeys","pvj:cherry_blossom_double_slab",4958,"false",,,"tile.null.name","true",""
"Project: Vibrant Journeys","pvj:cherry_blossom_fence",4972,"false",13105,0,"Cherry Blossom Fence","true","fenceWood"
"Project: Vibrant Journeys","pvj:cherry_blossom_fence_gate",4985,"false",13118,0,"Cherry Blossom Fence Gate","true","fenceGateWood"
"Project: Vibrant Journeys","pvj:cherry_blossom_pressure_plate",5037,"false",13183,0,"Cherry Blossom Pressure Plate.name","true",""
"Project: Vibrant Journeys","pvj:cherry_blossom_slab",4957,"false",13092,0,"Cherry Blossom Slab","true","slabWood"
"Project: Vibrant Journeys","pvj:cherry_blossom_stairs",4933,"false",13079,0,"Cherry Blossom Stairs","true","stairWood"
"Project: Vibrant Journeys","pvj:cherry_blossom_trapdoor",5011,"false",13157,0,"Cherry Blossom Trapdoor","true",""
"Project: Vibrant Journeys","pvj:chickweed",4841,"false",12987,0,"Chickweed","true",""
"Project: Vibrant Journeys","pvj:clovers",4842,"false",12988,0,"Clover Patch","true",""
"Project: Vibrant Journeys","pvj:cobblestone_brick",5102,"false",13248,0,"Cobblestone Bricks","true",""
"Project: Vibrant Journeys","pvj:cobblestone_brick_double_slab",5121,"false",,,"tile.null.name","true",""
"Project: Vibrant Journeys","pvj:cobblestone_brick_slab",5120,"false",13266,0,"Cobblestone Bricks Slab","true",""
"Project: Vibrant Journeys","pvj:cobblestone_brick_stairs",5111,"false",13257,0,"Cobblestone Bricks Stairs","true",""
"Project: Vibrant Journeys","pvj:cobblestone_brick_wall",5138,"true",13275,0,"Cobblestone Brick Wall","true",""
"Project: Vibrant Journeys","pvj:cobblestone_brick_wall",5138,"true",13275,1,"Cobblestone Brick Wall","true",""
"Project: Vibrant Journeys","pvj:cobblestone_rocks",5087,"false",13233,0,"Cobblestone Rocks","true","rocks"
"Project: Vibrant Journeys","pvj:coconut",5085,"false",13231,0,"Coconut","true",""
"Project: Vibrant Journeys","pvj:cottonwood_button",5022,"false",13168,0,"Cottonwood Button","true",""
"Project: Vibrant Journeys","pvj:cottonwood_door",4996,"false",13138,0,"tile.cottonwood_door.name","true",""
"Project: Vibrant Journeys","pvj:cottonwood_double_slab",4954,"false",,,"tile.null.name","true",""
"Project: Vibrant Journeys","pvj:cottonwood_fence",4970,"false",13103,0,"Cottonwood Fence","true","fenceWood"
"Project: Vibrant Journeys","pvj:cottonwood_fence_gate",4983,"false",13116,0,"Cottonwood Fence Gate","true","fenceGateWood"
"Project: Vibrant Journeys","pvj:cottonwood_pressure_plate",5035,"false",13181,0,"Cottonwood Pressure Plate","true",""
"Project: Vibrant Journeys","pvj:cottonwood_slab",4953,"false",13090,0,"Cottonwood Slab","true","slabWood"
"Project: Vibrant Journeys","pvj:cottonwood_stairs",4931,"false",13077,0,"Cottonwood Stairs","true","stairWood"
"Project: Vibrant Journeys","pvj:cottonwood_trapdoor",5009,"false",13155,0,"Cottonwood Trapdoor","true",""
"Project: Vibrant Journeys","pvj:cottonwood_twigs",5079,"false",13225,0,"Cottonwood Twigs","true","twigs"
"Project: Vibrant Journeys","pvj:crabgrass",4843,"false",12989,0,"Crabgrass","true",""
"Project: Vibrant Journeys","pvj:cracked_sand",5098,"false",13244,0,"Cracked Sand","true",""
"Project: Vibrant Journeys","pvj:dark_oak_twigs",5068,"false",13214,0,"Dark Oak Twigs","true","twigs"
"Project: Vibrant Journeys","pvj:dead_bop_twigs",5174,"false",13311,0,"Dead Twigs","true","twigs"
"Project: Vibrant Journeys","pvj:deathcap",4850,"false",12996,0,"Deathcap","true",""
"Project: Vibrant Journeys","pvj:diorite_rocks",5091,"false",13237,0,"Diorite Rocks","true","rocks"
"Project: Vibrant Journeys","pvj:duckweed",4847,"false",12993,0,"Duckweed","true",""
"Project: Vibrant Journeys","pvj:ebony_bop_twigs",5191,"false",13328,0,"Ebony Twigs","true","twigs"
"Project: Vibrant Journeys","pvj:ethereal_bop_twigs",5176,"false",13313,0,"Ethereal Twigs","true","twigs"
"Project: Vibrant Journeys","pvj:eucalyptus_bop_twigs",5192,"false",13329,0,"Eucalyptus Twigs","true","twigs"
"Project: Vibrant Journeys","pvj:fallenleaves_acacia",5045,"false",13191,0,"Acacia Fallen Leaves","true",""
"Project: Vibrant Journeys","pvj:fallenleaves_aspen",5053,"false",13199,0,"Aspen Fallen Leaves","true",""
"Project: Vibrant Journeys","pvj:fallenleaves_baobab",5056,"false",13202,0,"Baobab Fallen Leaves","true",""
"Project: Vibrant Journeys","pvj:fallenleaves_birch",5041,"false",13187,0,"Birch Fallen Leaves","true",""
"Project: Vibrant Journeys","pvj:fallenleaves_bop_bamboo",5145,"false",13282,0,"Bamboo Fallen Leaves","true",""
"Project: Vibrant Journeys","pvj:fallenleaves_bop_dead",5148,"false",13285,0,"Dead Fallen Leaves","true",""
"Project: Vibrant Journeys","pvj:fallenleaves_bop_ebony",5165,"false",13302,0,"Ebony Fallen Leaves","true",""
"Project: Vibrant Journeys","pvj:fallenleaves_bop_ethereal",5150,"false",13287,0,"Ethereal Fallen Leaves","true",""
"Project: Vibrant Journeys","pvj:fallenleaves_bop_eucalyptus",5166,"false",13303,0,"Eucalyptus Fallen Leaves","true",""
"Project: Vibrant Journeys","pvj:fallenleaves_bop_fir",5149,"false",13286,0,"Fir Fallen Leaves","true",""
"Project: Vibrant Journeys","pvj:fallenleaves_bop_flowering",5156,"false",13293,0,"Flowering Oak Fallen Leaves","true",""
"Project: Vibrant Journeys","pvj:fallenleaves_bop_hellbark",5155,"false",13292,0,"Hellbark Fallen Leaves","true",""
"Project: Vibrant Journeys","pvj:fallenleaves_bop_jacaranda",5157,"false",13294,0,"Jacaranda Fallen Leaves","true",""
"Project: Vibrant Journeys","pvj:fallenleaves_bop_magic",5146,"false",13283,0,"Magic Fallen Leaves","true",""
"Project: Vibrant Journeys","pvj:fallenleaves_bop_mahogany",5164,"false",13301,0,"Mahogany Fallen Leaves","true",""
"Project: Vibrant Journeys","pvj:fallenleaves_bop_mangrove",5159,"false",13296,0,"Mangrove Fallen Leaves","true",""
"Project: Vibrant Journeys","pvj:fallenleaves_bop_maple",5154,"false",13291,0,"Maple Fallen Leaves","true",""
"Project: Vibrant Journeys","pvj:fallenleaves_bop_orange_autumn",5144,"false",13281,0,"Orange Autumn Fallen Leaves","true",""
"Project: Vibrant Journeys","pvj:fallenleaves_bop_origin",5151,"false",13288,0,"Origin Fallen Leaves","true",""
"Project: Vibrant Journeys","pvj:fallenleaves_bop_palm",5160,"false",13297,0,"Palm Fallen Leaves","true",""
"Project: Vibrant Journeys","pvj:fallenleaves_bop_pine",5163,"false",13300,0,"Pine Fallen Leaves","true",""
"Project: Vibrant Journeys","pvj:fallenleaves_bop_pink_cherry",5152,"false",13289,0,"Pink Cherry Fallen Leaves","true",""
"Project: Vibrant Journeys","pvj:fallenleaves_bop_red_big_flower",5167,"false",13304,0,"Red Fallen Petals","true",""
"Project: Vibrant Journeys","pvj:fallenleaves_bop_redwood",5161,"false",13298,0,"Redwood Fallen Leaves","true",""
"Project: Vibrant Journeys","pvj:fallenleaves_bop_sacred_oak",5158,"false",13295,0,"Sacred Oak Fallen Leaves","true",""
"Project: Vibrant Journeys","pvj:fallenleaves_bop_umbran",5147,"false",13284,0,"Umbran Fallen Leaves","true",""
"Project: Vibrant Journeys","pvj:fallenleaves_bop_white_cherry",5153,"false",13290,0,"White Cherry Fallen Leaves","true",""
"Project: Vibrant Journeys","pvj:fallenleaves_bop_willow",5162,"false",13299,0,"Willow Fallen Leaves","true",""
"Project: Vibrant Journeys","pvj:fallenleaves_bop_yellow_autumn",5143,"false",13280,0,"Yellow Autumn Fallen Leaves","true",""
"Project: Vibrant Journeys","pvj:fallenleaves_bop_yellow_big_flower",5168,"false",13305,0,"Yellow Fallen Petals","true",""
"Project: Vibrant Journeys","pvj:fallenleaves_cottonwood",5057,"false",13203,0,"Cottonwood Fallen Leaves","true",""
"Project: Vibrant Journeys","pvj:fallenleaves_darkoak",5044,"false",13190,0,"Dark Oak Fallen Leaves","true",""
"Project: Vibrant Journeys","pvj:fallenleaves_dead",5046,"false",13192,0,"Dead Fallen Leaves","true",""
"Project: Vibrant Journeys","pvj:fallenleaves_fir",5051,"false",13197,0,"Fir Fallen Leaves","true",""
"Project: Vibrant Journeys","pvj:fallenleaves_jacaranda",5062,"false",13208,0,"Jacaranda Fallen Leaves","true",""
"Project: Vibrant Journeys","pvj:fallenleaves_jungle",5043,"false",13189,0,"Jungle Fallen Leaves","true",""
"Project: Vibrant Journeys","pvj:fallenleaves_juniper",5058,"false",13204,0,"Juniper Fallen Leaves","true",""
"Project: Vibrant Journeys","pvj:fallenleaves_juniper_berried",5059,"false",13205,0,"tile.fallenleaves_juniper_berried.name","true",""
"Project: Vibrant Journeys","pvj:fallenleaves_mangrove",5048,"false",13194,0,"Mangrove Fallen Leaves","true",""
"Project: Vibrant Journeys","pvj:fallenleaves_oak",5040,"false",13186,0,"Oak Fallen Leaves","true",""
"Project: Vibrant Journeys","pvj:fallenleaves_orange_maple",5055,"false",13201,0,"Orange Maple Fallen Leaves","true",""
"Project: Vibrant Journeys","pvj:fallenleaves_palm",5049,"false",13195,0,"Palm Fallen Leaves","true",""
"Project: Vibrant Journeys","pvj:fallenleaves_pine",5052,"false",13198,0,"Pine Fallen Leaves","true",""
"Project: Vibrant Journeys","pvj:fallenleaves_pink_cherry_blossom",5061,"false",13207,0,"Pink Cherry Blossom Fallen Leaves","true",""
"Project: Vibrant Journeys","pvj:fallenleaves_red_maple",5054,"false",13200,0,"Red Maple Fallen Leaves","true",""
"Project: Vibrant Journeys","pvj:fallenleaves_redwood",5050,"false",13196,0,"Redwood Fallen Leaves","true",""
"Project: Vibrant Journeys","pvj:fallenleaves_spruce",5042,"false",13188,0,"Spruce Fallen Leaves","true",""
"Project: Vibrant Journeys","pvj:fallenleaves_traverse_brown_autumn",5201,"false",13338,0,"Brown Autumnal Fallen Leaves","true",""
"Project: Vibrant Journeys","pvj:fallenleaves_traverse_fir",5204,"false",13341,0,"Fir Fallen Leaves","true",""
"Project: Vibrant Journeys","pvj:fallenleaves_traverse_orange_autumn",5202,"false",13339,0,"Orange Autumnal Fallen Leaves","true",""
"Project: Vibrant Journeys","pvj:fallenleaves_traverse_red_autumn",5200,"false",13337,0,"Red Autumnal Fallen Leaves","true",""
"Project: Vibrant Journeys","pvj:fallenleaves_traverse_yellow_autumn",5203,"false",13340,0,"Yellow Autumnal Fallen Leaves","true",""
"Project: Vibrant Journeys","pvj:fallenleaves_white_cherry_blossom",5060,"false",13206,0,"White Cherry Blossom Fallen Leaves","true",""
"Project: Vibrant Journeys","pvj:fallenleaves_willow",5047,"false",13193,0,"Willow Fallen Leaves","true",""
"Project: Vibrant Journeys","pvj:fir_bop_twigs",5175,"false",13312,0,"Fir Twigs","true","twigs"
"Project: Vibrant Journeys","pvj:fir_button",5017,"false",13163,0,"Fir Button","true",""
"Project: Vibrant Journeys","pvj:fir_door",4991,"false",13128,0,"tile.fir_door.name","true",""
"Project: Vibrant Journeys","pvj:fir_double_slab",4944,"false",,,"tile.null.name","true",""
"Project: Vibrant Journeys","pvj:fir_fence",4965,"false",13098,0,"Fir Fence","true","fenceWood"
"Project: Vibrant Journeys","pvj:fir_fence_gate",4978,"false",13111,0,"Fir Fence Gate","true","fenceGateWood"
"Project: Vibrant Journeys","pvj:fir_pressure_plate",5030,"false",13176,0,"Fir Pressure Plate","true",""
"Project: Vibrant Journeys","pvj:fir_slab",4943,"false",13085,0,"Fir Slab","true","slabWood"
"Project: Vibrant Journeys","pvj:fir_stairs",4926,"false",13072,0,"Fir Stairs","true","stairWood"
"Project: Vibrant Journeys","pvj:fir_trapdoor",5004,"false",13150,0,"Fir Trapdoor","true",""
"Project: Vibrant Journeys","pvj:fir_traverse_twigs",5199,"false",13336,0,"Fir Twigs","true","twigs"
"Project: Vibrant Journeys","pvj:fir_twigs",5073,"false",13219,0,"Fir Twigs","true","twigs"
"Project: Vibrant Journeys","pvj:flouropore",4845,"false",12991,0,"Flouropore","true",""
"Project: Vibrant Journeys","pvj:flower_patch",5097,"false",13243,0,"Flower Patch","true",""
"Project: Vibrant Journeys","pvj:flowering_bop_twigs",5182,"false",13319,0,"Flowering Oak Twigs","true","twigs"
"Project: Vibrant Journeys","pvj:frogbit",4846,"false",12992,0,"Frogbit","true",""
"Project: Vibrant Journeys","pvj:frost_lotus",4839,"false",12985,0,"Frost Lotus","true",""
"Project: Vibrant Journeys","pvj:glowcap",4862,"false",13008,0,"Glowcap","true",""
"Project: Vibrant Journeys","pvj:granite_rocks",5090,"false",13236,0,"Granite Rocks","true","rocks"
"Project: Vibrant Journeys","pvj:hellbark_bop_twigs",5181,"false",13318,0,"Hellbark Twigs","true","twigs"
"Project: Vibrant Journeys","pvj:ice_formation",5141,"false",13278,0,"tile.ice_formation.name","true",""
"Project: Vibrant Journeys","pvj:jacaranda_bop_twigs",5183,"false",13320,0,"Jacaranda Twigs","true","twigs"
"Project: Vibrant Journeys","pvj:jacaranda_button",5025,"false",13171,0,"Jacaranda Button","true",""
"Project: Vibrant Journeys","pvj:jacaranda_door",4999,"false",13144,0,"tile.jacaranda_door.name","true",""
"Project: Vibrant Journeys","pvj:jacaranda_double_slab",4960,"false",,,"tile.null.name","true",""
"Project: Vibrant Journeys","pvj:jacaranda_fence",4973,"false",13106,0,"Jacaranda Fence","true","fenceWood"
"Project: Vibrant Journeys","pvj:jacaranda_fence_gate",4986,"false",13119,0,"Jacaranda Fence Gate","true","fenceGateWood"
"Project: Vibrant Journeys","pvj:jacaranda_pressure_plate",5038,"false",13184,0,"Jacaranda Pressure Plate.name","true",""
"Project: Vibrant Journeys","pvj:jacaranda_slab",4959,"false",13093,0,"Jacaranda Slab","true","slabWood"
"Project: Vibrant Journeys","pvj:jacaranda_stairs",4934,"false",13080,0,"Jacaranda Stairs","true","stairWood"
"Project: Vibrant Journeys","pvj:jacaranda_trapdoor",5012,"false",13158,0,"Jacaranda Trapdoor","true",""
"Project: Vibrant Journeys","pvj:jacaranda_twigs",5084,"false",13230,0,"Jacaranda Twigs","true","twigs"
"Project: Vibrant Journeys","pvj:jungle_twigs",5066,"false",13212,0,"Jungle Twigs","true","twigs"
"Project: Vibrant Journeys","pvj:juniper_berried_twigs",5081,"false",13227,0,"tile.juniper_berried_twigs.name","true","twigs"
"Project: Vibrant Journeys","pvj:juniper_button",5023,"false",13169,0,"Juniper Button","true",""
"Project: Vibrant Journeys","pvj:juniper_door",4997,"false",13140,0,"tile.juniper_door.name","true",""
"Project: Vibrant Journeys","pvj:juniper_double_slab",4956,"false",,,"tile.null.name","true",""
"Project: Vibrant Journeys","pvj:juniper_fence",4971,"false",13104,0,"Juniper Fence","true","fenceWood"
"Project: Vibrant Journeys","pvj:juniper_fence_gate",4984,"false",13117,0,"Juniper Fence Gate","true","fenceGateWood"
"Project: Vibrant Journeys","pvj:juniper_pressure_plate",5036,"false",13182,0,"Juniper Pressure Plate.name","true",""
"Project: Vibrant Journeys","pvj:juniper_slab",4955,"false",13091,0,"Juniper Slab","true","slabWood"
"Project: Vibrant Journeys","pvj:juniper_stairs",4932,"false",13078,0,"Juniper Stairs","true","stairWood"
"Project: Vibrant Journeys","pvj:juniper_trapdoor",5010,"false",13156,0,"Juniper Trapdoor","true",""
"Project: Vibrant Journeys","pvj:juniper_twigs",5080,"false",13226,0,"Juniper Twigs","true","twigs"
"Project: Vibrant Journeys","pvj:leaves_aspen",4883,"false",13029,0,"Aspen Leaves","true","treeLeaves"
"Project: Vibrant Journeys","pvj:leaves_baobab",4886,"false",13032,0,"Baobab Leaves","true","treeLeaves"
"Project: Vibrant Journeys","pvj:leaves_cottonwood",4887,"false",13033,0,"Cottonwood Leaves","true","treeLeaves"
"Project: Vibrant Journeys","pvj:leaves_fir",4881,"false",13027,0,"Fir Leaves","true","treeLeaves"
"Project: Vibrant Journeys","pvj:leaves_jacaranda",4892,"false",13038,0,"Jacaranda Leaves","true","treeLeaves"
"Project: Vibrant Journeys","pvj:leaves_juniper",4888,"false",13034,0,"Juniper Leaves","true","treeLeaves"
"Project: Vibrant Journeys","pvj:leaves_juniper_berried",4889,"false",13035,0,"Berried Juniper Leaves.name","true","treeLeaves"
"Project: Vibrant Journeys","pvj:leaves_mangrove",4878,"false",13024,0,"Mangrove Leaves","true","treeLeaves"
"Project: Vibrant Journeys","pvj:leaves_orange_maple",4885,"false",13031,0,"Orange Maple Leaves","true","treeLeaves"
"Project: Vibrant Journeys","pvj:leaves_palm",4879,"false",13025,0,"Palm Leaves","true","treeLeaves"
"Project: Vibrant Journeys","pvj:leaves_pine",4882,"false",13028,0,"Pine Leaves","true","treeLeaves"
"Project: Vibrant Journeys","pvj:leaves_pink_cherry_blossom",4891,"false",13037,0,"Pink Cherry Blossom Leaves","true","treeLeaves"
"Project: Vibrant Journeys","pvj:leaves_red_maple",4884,"false",13030,0,"Red Maple Leaves","true","treeLeaves"
"Project: Vibrant Journeys","pvj:leaves_redwood",4880,"false",13026,0,"Redwood Leaves","true","treeLeaves"
"Project: Vibrant Journeys","pvj:leaves_white_cherry_blossom",4890,"false",13036,0,"White Cherry Blossom Leaves","true","treeLeaves"
"Project: Vibrant Journeys","pvj:leaves_willow",4877,"false",13023,0,"Willow Leaves","true","treeLeaves"
"Project: Vibrant Journeys","pvj:limestone",5105,"false",13251,0,"Limestone","true",""
"Project: Vibrant Journeys","pvj:limestone_double_slab",5127,"false",,,"tile.null.name","true",""
"Project: Vibrant Journeys","pvj:limestone_slab",5126,"false",13269,0,"Limestone Slab","true",""
"Project: Vibrant Journeys","pvj:limestone_stairs",5114,"false",13260,0,"Limestone Stairs","true",""
"Project: Vibrant Journeys","pvj:log_aspen",4870,"false",13016,0,"Aspen Wood","true","logWood"
"Project: Vibrant Journeys","pvj:log_baobab",4872,"false",13018,0,"Baobab Wood","true","logWood"
"Project: Vibrant Journeys","pvj:log_cherry_blossom",4875,"false",13021,0,"Cherry Blossom Wood","true","logWood"
"Project: Vibrant Journeys","pvj:log_cottonwood",4873,"false",13019,0,"Cottonwood Wood","true","logWood"
"Project: Vibrant Journeys","pvj:log_fir",4868,"false",13014,0,"Fir Wood","true","logWood"
"Project: Vibrant Journeys","pvj:log_jacaranda",4876,"false",13022,0,"Jacaranda Wood","true","logWood"
"Project: Vibrant Journeys","pvj:log_juniper",4874,"false",13020,0,"Juniper Wood","true","logWood"
"Project: Vibrant Journeys","pvj:log_mangrove",4865,"false",13011,0,"Mangrove Wood","true","logWood"
"Project: Vibrant Journeys","pvj:log_maple",4871,"false",13017,0,"Maple Wood","true","logWood"
"Project: Vibrant Journeys","pvj:log_palm",4866,"false",13012,0,"Palm Wood","true","logWood"
"Project: Vibrant Journeys","pvj:log_pine",4869,"false",13015,0,"Pine Wood","true","logWood"
"Project: Vibrant Journeys","pvj:log_redwood",4867,"false",13013,0,"Redwood Wood","true","logWood"
"Project: Vibrant Journeys","pvj:log_willow",4864,"false",13010,0,"Willow Wood","true","logWood"
"Project: Vibrant Journeys","pvj:magic_bop_twigs",5172,"false",13309,0,"Magic Twigs","true","twigs"
"Project: Vibrant Journeys","pvj:mahogany_bop_twigs",5190,"false",13327,0,"Mahogany Twigs","true","twigs"
"Project: Vibrant Journeys","pvj:mangrove_bop_twigs",5185,"false",13322,0,"Mangrove Twigs","true","twigs"
"Project: Vibrant Journeys","pvj:mangrove_button",5014,"false",13160,0,"Mangrove Button","true",""
"Project: Vibrant Journeys","pvj:mangrove_door",4988,"false",13122,0,"tile.mangrove_door.name","true",""
"Project: Vibrant Journeys","pvj:mangrove_double_slab",4938,"false",,,"tile.null.name","true",""
"Project: Vibrant Journeys","pvj:mangrove_fence",4962,"false",13095,0,"Mangrove Fence","true","fenceWood"
"Project: Vibrant Journeys","pvj:mangrove_fence_gate",4975,"false",13108,0,"Mangrove Fence Gate","true","fenceGateWood"
"Project: Vibrant Journeys","pvj:mangrove_pressure_plate",5027,"false",13173,0,"Mangrove Pressure Plate","true",""
"Project: Vibrant Journeys","pvj:mangrove_slab",4937,"false",13082,0,"Mangrove Slab","true","slabWood"
"Project: Vibrant Journeys","pvj:mangrove_stairs",4923,"false",13069,0,"Mangrove Stairs","true","stairWood"
"Project: Vibrant Journeys","pvj:mangrove_trapdoor",5001,"false",13147,0,"Mangrove Trapdoor","true",""
"Project: Vibrant Journeys","pvj:mangrove_twigs",5070,"false",13216,0,"Mangrove Twigs","true","twigs"
"Project: Vibrant Journeys","pvj:maple_bop_twigs",5180,"false",13317,0,"Maple Twigs","true","twigs"
"Project: Vibrant Journeys","pvj:maple_button",5020,"false",13166,0,"Maple Button","true",""
"Project: Vibrant Journeys","pvj:maple_door",4994,"false",13134,0,"tile.maple_door.name","true",""
"Project: Vibrant Journeys","pvj:maple_double_slab",4950,"false",,,"tile.null.name","true",""
"Project: Vibrant Journeys","pvj:maple_fence",4968,"false",13101,0,"Maple Fence","true","fenceWood"
"Project: Vibrant Journeys","pvj:maple_fence_gate",4981,"false",13114,0,"Maple Fence Gate","true","fenceGateWood"
"Project: Vibrant Journeys","pvj:maple_pressure_plate",5033,"false",13179,0,"Maple Pressure Plate","true",""
"Project: Vibrant Journeys","pvj:maple_slab",4949,"false",13088,0,"Maple Slab","true","slabWood"
"Project: Vibrant Journeys","pvj:maple_stairs",4929,"false",13075,0,"Maple Stairs","true","stairWood"
"Project: Vibrant Journeys","pvj:maple_trapdoor",5007,"false",13153,0,"Maple Trapdoor","true",""
"Project: Vibrant Journeys","pvj:marble",5106,"false",13252,0,"Marble","true",""
"Project: Vibrant Journeys","pvj:marble_brick",5107,"false",13253,0,"Marble Bricks","true",""
"Project: Vibrant Journeys","pvj:marble_brick_double_slab",5131,"false",,,"tile.null.name","true",""
"Project: Vibrant Journeys","pvj:marble_brick_slab",5130,"false",13271,0,"Marble Brick Slab","true",""
"Project: Vibrant Journeys","pvj:marble_brick_stairs",5116,"false",13262,0,"Marble Brick Stairs","true",""
"Project: Vibrant Journeys","pvj:marble_double_slab",5129,"false",,,"tile.null.name","true",""
"Project: Vibrant Journeys","pvj:marble_slab",5128,"false",13270,0,"Marble Slab","true",""
"Project: Vibrant Journeys","pvj:marble_stairs",5115,"false",13261,0,"Marble Stairs","true",""
"Project: Vibrant Journeys","pvj:mossy_cobblestone_rocks",5088,"false",13234,0,"Mossy Cobblestone Rocks","true","rocks"
"Project: Vibrant Journeys","pvj:mud",5100,"false",13246,0,"Mud","true",""
"Project: Vibrant Journeys","pvj:mystical_grill",5139,"false",13276,0,"Mystical Grill","true",""
"Project: Vibrant Journeys","pvj:oak_twigs",5063,"false",13209,0,"Oak Twigs","true","twigs"
"Project: Vibrant Journeys","pvj:orange_autumn_bop_twigs",5170,"false",13307,0,"Orange Autumn Twigs","true","twigs"
"Project: Vibrant Journeys","pvj:orange_autumn_traverse_twigs",5197,"false",13334,0,"Orange Autumnal Twigs","true","twigs"
"Project: Vibrant Journeys","pvj:orange_maple_twigs",5077,"false",13223,0,"Orange Maple Twigs","true","twigs"
"Project: Vibrant Journeys","pvj:orange_mushroom",4849,"false",12995,0,"Jack O' Lantern Mushroom","true",""
"Project: Vibrant Journeys","pvj:origin_bop_twigs",5177,"false",13314,0,"Origin Twigs","true","twigs"
"Project: Vibrant Journeys","pvj:palm_bop_twigs",5186,"false",13323,0,"Palm Twigs","true","twigs"
"Project: Vibrant Journeys","pvj:palm_button",5015,"false",13161,0,"Palm Button","true",""
"Project: Vibrant Journeys","pvj:palm_door",4989,"false",13124,0,"tile.palm_door.name","true",""
"Project: Vibrant Journeys","pvj:palm_double_slab",4940,"false",,,"tile.null.name","true",""
"Project: Vibrant Journeys","pvj:palm_fence",4963,"false",13096,0,"Palm Fence","true","fenceWood"
"Project: Vibrant Journeys","pvj:palm_fence_gate",4976,"false",13109,0,"Palm Fence Gate","true","fenceGateWood"
"Project: Vibrant Journeys","pvj:palm_pressure_plate",5028,"false",13174,0,"Palm Pressure Plate","true",""
"Project: Vibrant Journeys","pvj:palm_slab",4939,"false",13083,0,"Palm Slab","true","slabWood"
"Project: Vibrant Journeys","pvj:palm_stairs",4924,"false",13070,0,"Palm Stairs","true","stairWood"
"Project: Vibrant Journeys","pvj:palm_trapdoor",5002,"false",13148,0,"Palm Trapdoor","true",""
"Project: Vibrant Journeys","pvj:palm_twigs",5071,"false",13217,0,"Palm Twigs","true","twigs"
"Project: Vibrant Journeys","pvj:pine_bop_twigs",5189,"false",13326,0,"Pine Twigs","true","twigs"
"Project: Vibrant Journeys","pvj:pine_button",5018,"false",13164,0,"Pine Button","true",""
"Project: Vibrant Journeys","pvj:pine_door",4992,"false",13130,0,"Pine Door","true",""
"Project: Vibrant Journeys","pvj:pine_double_slab",4946,"false",,,"tile.null.name","true",""
"Project: Vibrant Journeys","pvj:pine_fence",4966,"false",13099,0,"Pine Fence","true","fenceWood"
"Project: Vibrant Journeys","pvj:pine_fence_gate",4979,"false",13112,0,"Pine Fence Gate","true","fenceGateWood"
"Project: Vibrant Journeys","pvj:pine_pressure_plate",5031,"false",13177,0,"Pine Pressure Plate","true",""
"Project: Vibrant Journeys","pvj:pine_slab",4945,"false",13086,0,"Pine Slab","true","slabWood"
"Project: Vibrant Journeys","pvj:pine_stairs",4927,"false",13073,0,"Pine Stairs","true","stairWood"
"Project: Vibrant Journeys","pvj:pine_trapdoor",5005,"false",13151,0,"Pine Trapdoor","true",""
"Project: Vibrant Journeys","pvj:pine_twigs",5074,"false",13220,0,"Pine Twigs","true","twigs"
"Project: Vibrant Journeys","pvj:pinecones",5096,"false",13242,0,"Pinecones","true",""
"Project: Vibrant Journeys","pvj:pink_cherry_blossom_twigs",5083,"false",13229,0,"Pink Cherry Blossom Twigs","true","twigs"
"Project: Vibrant Journeys","pvj:pink_cherry_bop_twigs",5178,"false",13315,0,"Pink Cherry Twigs","true","twigs"
"Project: Vibrant Journeys","pvj:planks_aspen",4915,"false",13061,0,"Aspen Wood Planks","true","plankWood"
"Project: Vibrant Journeys","pvj:planks_baobab",4917,"false",13063,0,"Baobab Wood Planks","true","plankWood"
"Project: Vibrant Journeys","pvj:planks_cherry_blossom",4920,"false",13066,0,"Cherry Blossom Planks","true","plankWood"
"Project: Vibrant Journeys","pvj:planks_cottonwood",4918,"false",13064,0,"Cottonwood Planks","true","plankWood"
"Project: Vibrant Journeys","pvj:planks_fir",4913,"false",13059,0,"Fir Wood Planks","true","plankWood"
"Project: Vibrant Journeys","pvj:planks_jacaranda",4921,"false",13067,0,"Jacaranda Planks","true","plankWood"
"Project: Vibrant Journeys","pvj:planks_juniper",4919,"false",13065,0,"Juniper Planks","true","plankWood"
"Project: Vibrant Journeys","pvj:planks_mangrove",4910,"false",13056,0,"Mangrove Wood Planks","true","plankWood"
"Project: Vibrant Journeys","pvj:planks_maple",4916,"false",13062,0,"Maple Wood Planks","true","plankWood"
"Project: Vibrant Journeys","pvj:planks_palm",4911,"false",13057,0,"Palm Wood Planks","true","plankWood"
"Project: Vibrant Journeys","pvj:planks_pine",4914,"false",13060,0,"Pine Wood Planks","true","plankWood"
"Project: Vibrant Journeys","pvj:planks_redwood",4912,"false",13058,0,"Redwood Wood Planks","true","plankWood"
"Project: Vibrant Journeys","pvj:planks_willow",4909,"false",13055,0,"Willow Wood Planks","true","plankWood"
"Project: Vibrant Journeys","pvj:pvj_cobweb",5142,"false",13279,0,"tile.pvj_cobweb.name","true",""
"Project: Vibrant Journeys","pvj:red_autumn_traverse_twigs",5195,"false",13332,0,"Red Autumnal Twigs","true","twigs"
"Project: Vibrant Journeys","pvj:red_big_flower_bop_twigs",5193,"false",13330,0,"unused","true","twigs"
"Project: Vibrant Journeys","pvj:red_cracked_sand",5099,"false",13245,0,"Red Cracked Sand","true",""
"Project: Vibrant Journeys","pvj:red_maple_twigs",5076,"false",13222,0,"Red Maple Twigs","true","twigs"
"Project: Vibrant Journeys","pvj:red_sandstone_rocks",5093,"false",13239,0,"Red Sandstone Rocks","true","rocks"
"Project: Vibrant Journeys","pvj:redwood_bark",5039,"false",13185,0,"Redwood Bark","true",""
"Project: Vibrant Journeys","pvj:redwood_bop_twigs",5187,"false",13324,0,"Redwood Twigs","true","twigs"
"Project: Vibrant Journeys","pvj:redwood_button",5016,"false",13162,0,"Redwood Button","true",""
"Project: Vibrant Journeys","pvj:redwood_door",4990,"false",13126,0,"tile.redwood_door.name","true",""
"Project: Vibrant Journeys","pvj:redwood_double_slab",4942,"false",,,"tile.null.name","true",""
"Project: Vibrant Journeys","pvj:redwood_fence",4964,"false",13097,0,"Redwood Fence","true","fenceWood"
"Project: Vibrant Journeys","pvj:redwood_fence_gate",4977,"false",13110,0,"Redwood Fence Gate","true","fenceGateWood"
"Project: Vibrant Journeys","pvj:redwood_pressure_plate",5029,"false",13175,0,"Redwood Pressure Plate","true",""
"Project: Vibrant Journeys","pvj:redwood_slab",4941,"false",13084,0,"Redwood Slab","true","slabWood"
"Project: Vibrant Journeys","pvj:redwood_stairs",4925,"false",13071,0,"Redwood Stairs","true","stairWood"
"Project: Vibrant Journeys","pvj:redwood_trapdoor",5003,"false",13149,0,"Redwood Trapdoor","true",""
"Project: Vibrant Journeys","pvj:redwood_twigs",5072,"false",13218,0,"Redwood Twigs","true","twigs"
"Project: Vibrant Journeys","pvj:rock_formation",5140,"false",13277,0,"Rock Formation","true",""
"Project: Vibrant Journeys","pvj:sacred_oak_bop_twigs",5184,"false",13321,0,"Sacred Oak Twigs","true","twigs"
"Project: Vibrant Journeys","pvj:sandstone_rocks",5092,"false",13238,0,"Sandstone Rocks","true","rocks"
"Project: Vibrant Journeys","pvj:sapling_aspen",4899,"false",13045,0,"Aspen Sapling","true","treeSapling"
"Project: Vibrant Journeys","pvj:sapling_baobab",4902,"false",13048,0,"Baobab Sapling","true","treeSapling"
"Project: Vibrant Journeys","pvj:sapling_cottonwood",4903,"false",13049,0,"Cottonwood Sapling","true","treeSapling"
"Project: Vibrant Journeys","pvj:sapling_fir",4897,"false",13043,0,"Fir Sapling","true","treeSapling"
"Project: Vibrant Journeys","pvj:sapling_jacaranda",4908,"false",13054,0,"Jacaranda Sapling","true","treeSapling"
"Project: Vibrant Journeys","pvj:sapling_juniper",4904,"false",13050,0,"Juniper Sapling","true","treeSapling"
"Project: Vibrant Journeys","pvj:sapling_juniper_berried",4905,"false",13051,0,"tile.sapling_juniper_berried.name","true","treeSapling"
"Project: Vibrant Journeys","pvj:sapling_mangrove",4894,"false",13040,0,"Mangrove Sapling","true","treeSapling"
"Project: Vibrant Journeys","pvj:sapling_orange_maple",4901,"false",13047,0,"Orange Maple Sapling","true","treeSapling"
"Project: Vibrant Journeys","pvj:sapling_palm",4895,"false",13041,0,"Palm Sapling","true","treeSapling"
"Project: Vibrant Journeys","pvj:sapling_pine",4898,"false",13044,0,"Pine Sapling","true","treeSapling"
"Project: Vibrant Journeys","pvj:sapling_pink_cherry_blossom",4907,"false",13053,0,"Pink Cherry Blossom Sapling","true","treeSapling"
"Project: Vibrant Journeys","pvj:sapling_red_maple",4900,"false",13046,0,"Red Maple Sapling","true","treeSapling"
"Project: Vibrant Journeys","pvj:sapling_redwood",4896,"false",13042,0,"Redwood Sapling","true","treeSapling"
"Project: Vibrant Journeys","pvj:sapling_white_cherry_blossom",4906,"false",13052,0,"White Cherry Blossom Sapling","true","treeSapling"
"Project: Vibrant Journeys","pvj:sapling_willow",4893,"false",13039,0,"Willow Sapling","true","treeSapling"
"Project: Vibrant Journeys","pvj:sea_oats",4853,"false",12999,0,"Sea Oats","true",""
"Project: Vibrant Journeys","pvj:seashells",5095,"false",13241,0,"Seashells","true",""
"Project: Vibrant Journeys","pvj:short_grass",4838,"false",12984,0,"Short Grass","true",""
"Project: Vibrant Journeys","pvj:siltstone",5108,"false",13254,0,"Siltstone","true",""
"Project: Vibrant Journeys","pvj:siltstone_double_slab",5133,"false",,,"tile.null.name","true",""
"Project: Vibrant Journeys","pvj:siltstone_slab",5132,"false",13272,0,"Siltstone Slab","true",""
"Project: Vibrant Journeys","pvj:siltstone_stairs",5117,"false",13263,0,"Siltstone Stairs","true",""
"Project: Vibrant Journeys","pvj:silverleaf",4840,"false",12986,0,"Silverleaf","true",""
"Project: Vibrant Journeys","pvj:small_cactus",4855,"false",13001,0,"Small Cactus","true","cactus"
"Project: Vibrant Journeys","pvj:spruce_twigs",5065,"false",13211,0,"Spruce Twigs","true","twigs"
"Project: Vibrant Journeys","pvj:stone_rocks",5086,"false",13232,0,"Stone Rocks","true","rocks"
"Project: Vibrant Journeys","pvj:sundew",4854,"false",13000,0,"Sundew","true",""
"Project: Vibrant Journeys","pvj:umbran_bop_twigs",5173,"false",13310,0,"Umbran Twigs","true","twigs"
"Project: Vibrant Journeys","pvj:void_grass",4856,"false",13002,0,"Void Grass","true",""
"Project: Vibrant Journeys","pvj:waxcap",4848,"false",12994,0,"Waxcap","true",""
"Project: Vibrant Journeys","pvj:wet_adobe",5101,"false",13247,0,"Wet Adobe","true",""
"Project: Vibrant Journeys","pvj:white_cherry_blossom_twigs",5082,"false",13228,0,"White Cherry Blossom Twigs","true","twigs"
"Project: Vibrant Journeys","pvj:white_cherry_bop_twigs",5179,"false",13316,0,"White Cherry Twigs","true","twigs"
"Project: Vibrant Journeys","pvj:wild_beetroot",4860,"false",13006,0,"Wild Beetroot","true",""
"Project: Vibrant Journeys","pvj:wild_carrot",4859,"false",13005,0,"Wild Carrot","true",""
"Project: Vibrant Journeys","pvj:wild_potato",4858,"false",13004,0,"Wild Potato","true",""
"Project: Vibrant Journeys","pvj:wild_wheat",4857,"false",13003,0,"Wild Wheat","true",""
"Project: Vibrant Journeys","pvj:willow_bop_twigs",5188,"false",13325,0,"Willow Twigs","true","twigs"
"Project: Vibrant Journeys","pvj:willow_button",5013,"false",13159,0,"Willow Button","true",""
"Project: Vibrant Journeys","pvj:willow_door",4987,"false",13120,0,"tile.willow_door.name","true",""
"Project: Vibrant Journeys","pvj:willow_double_slab",4936,"false",,,"tile.null.name","true",""
"Project: Vibrant Journeys","pvj:willow_fence",4961,"false",13094,0,"Willow Fence","true","fenceWood"
"Project: Vibrant Journeys","pvj:willow_fence_gate",4974,"false",13107,0,"Willow Fence Gate","true","fenceGateWood"
"Project: Vibrant Journeys","pvj:willow_pressure_plate",5026,"false",13172,0,"Willow Pressure Plate","true",""
"Project: Vibrant Journeys","pvj:willow_slab",4935,"false",13081,0,"Willow Slab","true","slabWood"
"Project: Vibrant Journeys","pvj:willow_stairs",4922,"false",13068,0,"Willow Stairs","true","stairWood"
"Project: Vibrant Journeys","pvj:willow_trapdoor",5000,"false",13146,0,"Willow Trapdoor","true",""
"Project: Vibrant Journeys","pvj:willow_twigs",5069,"false",13215,0,"Willow Twigs","true","twigs"
"Project: Vibrant Journeys","pvj:witherweed",4863,"false",13009,0,"Witherweed","true",""
"Project: Vibrant Journeys","pvj:yellow_autumn_bop_twigs",5169,"false",13306,0,"Yellow Autumn Twigs","true","twigs"
"Project: Vibrant Journeys","pvj:yellow_autumn_traverse_twigs",5198,"false",13335,0,"Yellow Autumnal Twigs","true","twigs"
"Project: Vibrant Journeys","pvj:yellow_big_flower_bop_twigs",5194,"false",13331,0,"unused","true","twigs"
"Quality Tools","qualitytools:reforging_station",2328,"false",7301,0,"Reforging Station","true",""
"Quark","quark:acacia_button",906,"false",5347,0,"Acacia Button","true","buttonWood"
"Quark","quark:acacia_pressure_plate",901,"false",5342,0,"Acacia Pressure Plate","true","pressurePlateWood"
"Quark","quark:acacia_trapdoor",866,"false",5305,0,"Acacia Trapdoor","true","trapdoorWood"
"Quark","quark:andesite_speleothem",1228,"false",5613,0,"Andesite Speleothem","true",""
"Quark","quark:bark",1045,"false",5447,0,"Oak Bark","true",""
"Quark","quark:bark_acacia_slab",1064,"false",5462,0,"Acacia Bark Slab","true",""
"Quark","quark:bark_acacia_slab_double",1065,"false",,,"tile.bark_acacia_slab_double.name","true",""
"Quark","quark:bark_acacia_stairs",1063,"false",5461,0,"Acacia Bark Stairs","true",""
"Quark","quark:bark_acacia_wall",1062,"false",5460,0,"Acacia Bark Wall","true",""
"Quark","quark:bark_birch_slab",1056,"false",5456,0,"Birch Bark Slab","true",""
"Quark","quark:bark_birch_slab_double",1057,"false",,,"tile.bark_birch_slab_double.name","true",""
"Quark","quark:bark_birch_stairs",1055,"false",5455,0,"Birch Bark Stairs","true",""
"Quark","quark:bark_birch_wall",1054,"false",5454,0,"Birch Bark Wall","true",""
"Quark","quark:bark_dark_oak_slab",1068,"false",5465,0,"Dark Oak Bark Slab","true",""
"Quark","quark:bark_dark_oak_slab_double",1069,"false",,,"tile.bark_dark_oak_slab_double.name","true",""
"Quark","quark:bark_dark_oak_stairs",1067,"false",5464,0,"Dark Oak Bark Stairs","true",""
"Quark","quark:bark_dark_oak_wall",1066,"false",5463,0,"Dark Oak Bark Wall","true",""
"Quark","quark:bark_jungle_slab",1060,"false",5459,0,"Jungle Bark Slab","true",""
"Quark","quark:bark_jungle_slab_double",1061,"false",,,"tile.bark_jungle_slab_double.name","true",""
"Quark","quark:bark_jungle_stairs",1059,"false",5458,0,"Jungle Bark Stairs","true",""
"Quark","quark:bark_jungle_wall",1058,"false",5457,0,"Jungle Bark Wall","true",""
"Quark","quark:bark_oak_slab",1048,"false",5450,0,"Oak Bark Slab","true",""
"Quark","quark:bark_oak_slab_double",1049,"false",,,"tile.bark_oak_slab_double.name","true",""
"Quark","quark:bark_oak_stairs",1047,"false",5449,0,"Oak Bark Stairs","true",""
"Quark","quark:bark_oak_wall",1046,"false",5448,0,"Oak Bark Wall","true",""
"Quark","quark:bark_spruce_slab",1052,"false",5453,0,"Spruce Bark Slab","true",""
"Quark","quark:bark_spruce_slab_double",1053,"false",,,"tile.bark_spruce_slab_double.name","true",""
"Quark","quark:bark_spruce_stairs",1051,"false",5452,0,"Spruce Bark Stairs","true",""
"Quark","quark:bark_spruce_wall",1050,"false",5451,0,"Spruce Bark Wall","true",""
"Quark","quark:basalt",1242,"false",5627,0,"Basalt","true","stoneBasalt"
"Quark","quark:basalt_speleothem",1230,"false",5615,0,"Basalt Speleothem","true",""
"Quark","quark:basalt_wall",1246,"false",5630,0,"Basalt Wall","true",""
"Quark","quark:biome_brick",1268,"false",5655,0,"Brimstone Bricks","true","stoneBrimstonePolished"
"Quark","quark:biome_cobblestone",1267,"false",5654,0,"Brimstone","true","stoneBrimstone"
"Quark","quark:biotite_block",1236,"true",5621,0,"Block of Biotite","true",""
"Quark","quark:biotite_block",1236,"true",5621,1,"Chiseled Biotite Block","true",""
"Quark","quark:biotite_block",1236,"true",5621,2,"Pillar Biotite Block","true",""
"Quark","quark:biotite_ore",1235,"false",5620,0,"Ender Biotite Ore","true","oreEnderBiotite"
"Quark","quark:biotite_slab",1237,"false",5623,0,"Biotite Slab","true",""
"Quark","quark:biotite_slab_double",1238,"false",,,"tile.biotite_slab_double.name","true",""
"Quark","quark:biotite_stairs",1239,"false",5624,0,"Biotite Stairs","true",""
"Quark","quark:biotite_wall",1240,"false",5625,0,"Biotite Wall","true",""
"Quark","quark:birch_button",904,"false",5345,0,"Birch Button","true","buttonWood"
"Quark","quark:birch_pressure_plate",899,"false",5340,0,"Birch Pressure Plate","true","pressurePlateWood"
"Quark","quark:birch_trapdoor",864,"false",5303,0,"Birch Trapdoor","true","trapdoorWood"
"Quark","quark:black_ash",1214,"false",5587,0,"Wither Ash","true",""
"Quark","quark:blaze_lantern",895,"false",5336,0,"Blaze Lantern","true",""
"Quark","quark:blaze_rod",910,"?",,,"tile.blaze_rod.name","true",""
"Quark","quark:brick_wall",935,"false",5370,0,"Brick Wall","true",""
"Quark","quark:candle",893,"false",5333,0,"White Candle","true","blockCandle"
"Quark","quark:carved_wood",1182,"false",5551,0,"Carved Oak Wood","true",""
"Quark","quark:charcoal_block",909,"false",5350,0,"Block of Charcoal","true","blockCharcoal"
"Quark","quark:charred_nether_brick_slab",1117,"false",5500,0,"Charred Nether Brick Slab","true",""
"Quark","quark:charred_nether_brick_slab_double",1118,"false",,,"tile.charred_nether_brick_slab_double.name","true",""
"Quark","quark:charred_nether_brick_stairs",1116,"false",5499,0,"Charred Nether Brick Stairs","true",""
"Quark","quark:charred_nether_bricks",1115,"false",5498,0,"Charred Nether Brick","true",""
"Quark","quark:chute",1200,"false",5568,0,"Chute","true",""
"Quark","quark:cobbed_stone_slab",1283,"false",5666,0,"Cobbedstone Slab","true",""
"Quark","quark:cobbed_stone_slab_double",1284,"false",,,"tile.cobbed_stone_slab_double.name","true",""
"Quark","quark:cobbed_stone_stairs",1285,"false",5667,0,"Cobbedstone Stairs","true",""
"Quark","quark:cobbed_stone_wall",1297,"false",5676,0,"Cobbedstone Wall","true",""
"Quark","quark:cobblestone_mossy_slab",1106,"false",5492,0,"Moss Stone Slab","true",""
"Quark","quark:cobblestone_mossy_slab_double",1107,"false",,,"tile.cobblestone_mossy_slab_double.name","true",""
"Quark","quark:cobblestone_mossy_stairs",1105,"false",5491,0,"Moss Stone Stairs","true",""
"Quark","quark:color_slime",1207,"false",5575,0,"Red Slime Block","true","blockSlime,blockSlimeRed"
"Quark","quark:colored_flowerpot_black",888,"false",5327,0,"Black Flower Pot","true",""
"Quark","quark:colored_flowerpot_blue",884,"false",5323,0,"Blue Flower Pot","true",""
"Quark","quark:colored_flowerpot_brown",885,"false",5324,0,"Brown Flower Pot","true",""
"Quark","quark:colored_flowerpot_cyan",882,"false",5321,0,"Cyan Flower Pot","true",""
"Quark","quark:colored_flowerpot_gray",880,"false",5319,0,"Gray Flower Pot","true",""
"Quark","quark:colored_flowerpot_green",886,"false",5325,0,"Green Flower Pot","true",""
"Quark","quark:colored_flowerpot_light_blue",876,"false",5315,0,"Light Blue Flower Pot","true",""
"Quark","quark:colored_flowerpot_lime",878,"false",5317,0,"Lime Flower Pot","true",""
"Quark","quark:colored_flowerpot_magenta",875,"false",5314,0,"Magenta Flower Pot","true",""
"Quark","quark:colored_flowerpot_orange",874,"false",5313,0,"Orange Flower Pot","true",""
"Quark","quark:colored_flowerpot_pink",879,"false",5318,0,"Pink Flower Pot","true",""
"Quark","quark:colored_flowerpot_purple",883,"false",5322,0,"Purple Flower Pot","true",""
"Quark","quark:colored_flowerpot_red",887,"false",5326,0,"Red Flower Pot","true",""
"Quark","quark:colored_flowerpot_silver",881,"false",5320,0,"Light Gray Flower Pot","true",""
"Quark","quark:colored_flowerpot_white",873,"false",5312,0,"White Flower Pot","true",""
"Quark","quark:colored_flowerpot_yellow",877,"false",5316,0,"Yellow Flower Pot","true",""
"Quark","quark:crystal",1223,"false",5608,0,"White Cave Crystal","true",""
"Quark","quark:crystal_pane",1224,"false",5609,0,"White Cave Crystal Sheet","true",""
"Quark","quark:custom_bookshelf",889,"false",5328,0,"Spruce Bookshelf","true","bookshelf,bookshelfSpruce"
"Quark","quark:custom_chest",891,"false",5331,0,"Spruce Chest","true","chest,chestWood"
"Quark","quark:custom_chest_trap",892,"false",5332,0,"Spruce Trapped Chest","true","chest,chestTrapped"
"Quark","quark:dark_oak_button",907,"false",5348,0,"Dark Oak Button","true","buttonWood"
"Quark","quark:dark_oak_pressure_plate",902,"false",5343,0,"Dark Oak Pressure Plate","true","pressurePlateWood"
"Quark","quark:dark_oak_trapdoor",867,"false",5306,0,"Dark Oak Trapdoor","true","trapdoorWood"
"Quark","quark:dark_prismarine_wall",939,"false",5374,0,"Dark Prismarine Wall","true",""
"Quark","quark:diorite_speleothem",1227,"false",5612,0,"Diorite Speleothem","true",""
"Quark","quark:duskbound_block",1165,"false",5537,0,"Duskbound Block","true",""
"Quark","quark:duskbound_block_slab",1168,"false",5540,0,"Duskbound Slab","true",""
"Quark","quark:duskbound_block_slab_double",1169,"false",,,"tile.duskbound_block_slab_double.name","true",""
"Quark","quark:duskbound_block_stairs",1167,"false",5539,0,"Duskbound Stairs","true",""
"Quark","quark:duskbound_block_wall",1170,"false",5541,0,"Duskbound Wall","true",""
"Quark","quark:duskbound_lantern",1166,"false",5538,0,"Duskbound Lantern","true",""
"Quark","quark:elder_prismarine",1269,"false",5656,0,"Elder Prismarine","true","blockPrismarine,blockPrismarineElder"
"Quark","quark:elder_prismarine_bricks_slab",1289,"false",5670,0,"Elder Prismarine Brick Slab","true",""
"Quark","quark:elder_prismarine_bricks_slab_double",1290,"false",,,"tile.elder_prismarine_bricks_slab_double.name","true",""
"Quark","quark:elder_prismarine_bricks_stairs",1291,"false",5671,0,"Elder Prismarine Brick Stairs","true",""
"Quark","quark:elder_prismarine_bricks_wall",1301,"false",5680,0,"Elder Prismarine Brick Wall","true",""
"Quark","quark:elder_prismarine_dark_slab",1292,"false",5672,0,"Dark Elder Prismarine Slab","true",""
"Quark","quark:elder_prismarine_dark_slab_double",1293,"false",,,"tile.elder_prismarine_dark_slab_double.name","true",""
"Quark","quark:elder_prismarine_dark_stairs",1294,"false",5673,0,"Dark Elder Prismarine Stairs","true",""
"Quark","quark:elder_prismarine_dark_wall",1302,"false",5681,0,"Dark Elder Prismarine Wall","true",""
"Quark","quark:elder_prismarine_slab",1286,"false",5668,0,"Elder Prismarine Slab","true",""
"Quark","quark:elder_prismarine_slab_double",1287,"false",,,"tile.elder_prismarine_slab_double.name","true",""
"Quark","quark:elder_prismarine_stairs",1288,"false",5669,0,"Elder Prismarine Stairs","true",""
"Quark","quark:elder_prismarine_wall",1300,"false",5679,0,"Elder Prismarine Wall","true",""
"Quark","quark:elder_sea_lantern",1270,"false",5657,0,"Elder Sea Lantern","true",""
"Quark","quark:end_bricks_slab",1091,"false",5482,0,"End Brick Slab","true",""
"Quark","quark:end_bricks_slab_double",1092,"false",,,"tile.end_bricks_slab_double.name","true",""
"Quark","quark:end_bricks_stairs",1090,"false",5481,0,"End Brick Stairs","true",""
"Quark","quark:end_bricks_wall",941,"false",5376,0,"End Brick Wall","true",""
"Quark","quark:ender_watcher",1205,"false",5573,0,"Ender Watcher","true",""
"Quark","quark:fire_stone_brick_slab",1274,"false",5660,0,"Brimstone Bricks Slab","true",""
"Quark","quark:fire_stone_brick_slab_double",1275,"false",,,"tile.fire_stone_brick_slab_double.name","true",""
"Quark","quark:fire_stone_brick_stairs",1276,"false",5661,0,"Brimstone Bricks Stairs","true",""
"Quark","quark:fire_stone_brick_wall",1298,"false",5677,0,"Brimstone Bricks Wall","true",""
"Quark","quark:fire_stone_slab",1271,"false",5658,0,"Brimstone Slab","true",""
"Quark","quark:fire_stone_slab_double",1272,"false",,,"tile.fire_stone_slab_double.name","true",""
"Quark","quark:fire_stone_stairs",1273,"false",5659,0,"Brimstone Stairs","true",""
"Quark","quark:fire_stone_wall",1295,"false",5674,0,"Brimstone Wall","true",""
"Quark","quark:framed_glass",1192,"false",5559,0,"Framed Glass","true",""
"Quark","quark:framed_glass_pane",1193,"false",5560,0,"Framed Glass Pane","true",""
"Quark","quark:glowcelium",1303,"false",5682,0,"Glowcelium","true",""
"Quark","quark:glowshroom",1304,"false",5683,0,"Glowshroom","true","listAllmushroom,mushroomAny"
"Quark","quark:glowshroom_block",1305,"false",5684,0,"Glowshroom","true",""
"Quark","quark:glowstone_dust_block",1212,"?",,,"tile.glowstone_dust_block.name","true",""
"Quark","quark:gold_button",1204,"false",5572,0,"Gold Button","true",""
"Quark","quark:granite_speleothem",1226,"false",5611,0,"Granite Speleothem","true",""
"Quark","quark:grate",908,"false",5349,0,"Iron Grate","true",""
"Quark","quark:gravisand",1208,"false",5576,0,"Gravisand","true",""
"Quark","quark:gunpowder_block",1213,"?",,,"tile.gunpowder_block.name","true",""
"Quark","quark:hardened_clay_tiles",992,"false",5411,0,"Terracotta Shingles","true",""
"Quark","quark:hardened_clay_tiles_slab",994,"false",5413,0,"Terracotta Shingle Slab","true",""
"Quark","quark:hardened_clay_tiles_slab_double",995,"false",,,"tile.hardened_clay_tiles_slab_double.name","true",""
"Quark","quark:hardened_clay_tiles_stairs",993,"false",5412,0,"Terracotta Shingle Stairs","true",""
"Quark","quark:icy_stone_brick_slab",1280,"false",5664,0,"Permafrost Bricks Slab","true",""
"Quark","quark:icy_stone_brick_slab_double",1281,"false",,,"tile.icy_stone_brick_slab_double.name","true",""
"Quark","quark:icy_stone_brick_stairs",1282,"false",5665,0,"Permafrost Bricks Stairs","true",""
"Quark","quark:icy_stone_brick_wall",1299,"false",5678,0,"Permafrost Bricks Wall","true",""
"Quark","quark:icy_stone_slab",1277,"false",5662,0,"Permafrost Slab","true",""
"Quark","quark:icy_stone_slab_double",1278,"false",,,"tile.icy_stone_slab_double.name","true",""
"Quark","quark:icy_stone_stairs",1279,"false",5663,0,"Permafrost Stairs","true",""
"Quark","quark:icy_stone_wall",1296,"false",5675,0,"Permafrost Wall","true",""
"Quark","quark:iron_button",1203,"false",5571,0,"Iron Button","true",""
"Quark","quark:iron_ladder",871,"false",5310,0,"Iron Ladder","true",""
"Quark","quark:iron_plate",1071,"false",5467,0,"Iron Plate","true",""
"Quark","quark:iron_plate_slab",1073,"false",5469,0,"Iron Plate Slab","true",""
"Quark","quark:iron_plate_slab_double",1074,"false",,,"tile.iron_plate_slab_double.name","true",""
"Quark","quark:iron_plate_stairs",1072,"false",5468,0,"Iron Plate Stairs","true",""
"Quark","quark:iron_rod",1206,"false",5574,0,"Iron Rod","true",""
"Quark","quark:jasper",1257,"false",5646,0,"Jasper","true","stoneJasper"
"Quark","quark:jasper_speleothem",1233,"false",5618,0,"Jasper Speleothem","true",""
"Quark","quark:jasper_wall",1261,"false",5649,0,"Jasper Wall","true",""
"Quark","quark:jungle_button",905,"false",5346,0,"Jungle Button","true","buttonWood"
"Quark","quark:jungle_pressure_plate",900,"false",5341,0,"Jungle Pressure Plate","true","pressurePlateWood"
"Quark","quark:jungle_trapdoor",865,"false",5304,0,"Jungle Trapdoor","true","trapdoorWood"
"Quark","quark:leaf_carpet",897,"false",5338,0,"Oak Leaf Carpet","true",""
"Quark","quark:limestone",1252,"false",5642,0,"Limestone","true","stoneLimestone"
"Quark","quark:limestone_speleothem",1232,"false",5617,0,"Limestone Speleothem","true",""
"Quark","quark:limestone_wall",1256,"false",5645,0,"Limestone Wall","true",""
"Quark","quark:lit_lamp",890,"false",5330,0,"Lit Redstone Lamp","true",""
"Quark","quark:magma_bricks",1159,"false",5532,0,"Magma Bricks","true",""
"Quark","quark:magma_bricks_slab",1161,"false",5534,0,"Magma Brick Slab","true",""
"Quark","quark:magma_bricks_slab_double",1162,"false",,,"tile.magma_bricks_slab_double.name","true",""
"Quark","quark:magma_bricks_stairs",1160,"false",5533,0,"Magma Brick Stairs","true",""
"Quark","quark:marble",1247,"false",5638,0,"Marble","true","stoneMarble"
"Quark","quark:marble_speleothem",1231,"false",5616,0,"Marble Speleothem","true",""
"Quark","quark:marble_wall",1251,"false",5641,0,"Marble Wall","true",""
"Quark","quark:midori_block",1153,"false",5527,0,"Midori Block","true",""
"Quark","quark:midori_block_slab",1156,"false",5530,0,"Midori Slab","true",""
"Quark","quark:midori_block_slab_double",1157,"false",,,"tile.midori_block_slab_double.name","true",""
"Quark","quark:midori_block_stairs",1155,"false",5529,0,"Midori Stairs","true",""
"Quark","quark:midori_block_wall",1158,"false",5531,0,"Midori Wall","true",""
"Quark","quark:midori_pillar",1154,"false",5528,0,"Midori Pillar","true",""
"Quark","quark:monster_box",1241,"false",5626,0,"Monster Box","true",""
"Quark","quark:nether_brick_fence_gate",896,"false",5337,0,"Nether Brick Fence Gate","true",""
"Quark","quark:netherrack_speleothem",1229,"false",5614,0,"Netherrack Speleothem","true",""
"Quark","quark:obsidian_pressure_plate",1210,"false",5578,0,"Obsidian Pressure Plate","true",""
"Quark","quark:paper_lantern",872,"false",5311,0,"Paper Lamp","true",""
"Quark","quark:paper_wall",868,"false",5307,0,"Paper Wall","true",""
"Quark","quark:paper_wall_big",869,"false",5308,0,"Big Paper Wall","true",""
"Quark","quark:paper_wall_sakura",870,"false",5309,0,"Decorated Paper Wall","true",""
"Quark","quark:pipe",1215,"false",5594,0,"Item Pipe","true",""
"Quark","quark:polished_netherrack",1194,"false",5561,0,"Netherwrought Stone","true",""
"Quark","quark:polished_netherrack_bricks_slab",1196,"false",5563,0,"Netherwrought Brick Slab","true",""
"Quark","quark:polished_netherrack_bricks_slab_double",1197,"false",,,"tile.polished_netherrack_bricks_slab_double.name","true",""
"Quark","quark:polished_netherrack_bricks_stairs",1195,"false",5562,0,"Netherwrought Brick Stairs","true",""
"Quark","quark:polished_netherrack_bricks_wall",1198,"false",5564,0,"Netherwrought Brick Wall","true",""
"Quark","quark:polished_stone",927,"false",5362,0,"Polished Stone","true","stonePolished"
"Quark","quark:prismarine_bricks_slab",1097,"false",5486,0,"Prismarine Brick Slab","true",""
"Quark","quark:prismarine_bricks_slab_double",1098,"false",,,"tile.prismarine_bricks_slab_double.name","true",""
"Quark","quark:prismarine_bricks_stairs",1096,"false",5485,0,"Prismarine Brick Stairs","true",""
"Quark","quark:prismarine_bricks_wall",938,"false",5373,0,"Prismarine Brick Wall","true",""
"Quark","quark:prismarine_dark_slab",1100,"false",5488,0,"Dark Prismarine Slab","true",""
"Quark","quark:prismarine_dark_slab_double",1101,"false",,,"tile.prismarine_dark_slab_double.name","true",""
"Quark","quark:prismarine_dark_stairs",1099,"false",5487,0,"Dark Prismarine Stairs","true",""
"Quark","quark:prismarine_rough_wall",937,"false",5372,0,"Prismarine Wall","true",""
"Quark","quark:prismarine_slab",1094,"false",5484,0,"Prismarine Slab","true",""
"Quark","quark:prismarine_slab_double",1095,"false",,,"tile.prismarine_slab_double.name","true",""
"Quark","quark:prismarine_stairs",1093,"false",5483,0,"Prismarine Stairs","true",""
"Quark","quark:purpur_block_wall",940,"false",5375,0,"Purpur Wall","true",""
"Quark","quark:quartz_wall",936,"false",5371,0,"Quartz Wall","true",""
"Quark","quark:quilted_wool",1199,"false",5566,0,"White Quilted Wool","true",""
"Quark","quark:rain_detector",1211,"false",5579,0,"Weather Sensor","true",""
"Quark","quark:red_nether_brick_slab",1103,"false",5490,0,"Red Nether Brick Slab","true",""
"Quark","quark:red_nether_brick_slab_double",1104,"false",,,"tile.red_nether_brick_slab_double.name","true",""
"Quark","quark:red_nether_brick_stairs",1102,"false",5489,0,"Red Nether Brick Stairs","true",""
"Quark","quark:red_sandstone_bricks_slab",921,"false",5359,0,"Red Sandstone Brick Slab","true",""
"Quark","quark:red_sandstone_bricks_slab_double",922,"false",,,"tile.red_sandstone_bricks_slab_double.name","true",""
"Quark","quark:red_sandstone_bricks_stairs",913,"false",5354,0,"Red Sandstone Brick Stairs","true",""
"Quark","quark:red_sandstone_smooth_slab",919,"false",5358,0,"Polished Red Sandstone Slab","true",""
"Quark","quark:red_sandstone_smooth_slab_double",920,"false",,,"tile.red_sandstone_smooth_slab_double.name","true",""
"Quark","quark:red_sandstone_wall",933,"false",5368,0,"Red Sandstone Wall","true",""
"Quark","quark:redstone_inductor",1209,"false",5577,0,"Redstone Inductor","true",""
"Quark","quark:redstone_randomizer",1202,"false",5570,0,"Redstone Randomizer","true",""
"Quark","quark:reed_block",1172,"false",5543,0,"Sugar Cane Block","true",""
"Quark","quark:reed_block_slab",1174,"false",5545,0,"Sugar Cane Slab","true",""
"Quark","quark:reed_block_slab_double",1175,"false",,,"tile.reed_block_slab_double.name","true",""
"Quark","quark:reed_block_stairs",1173,"false",5544,0,"Sugar Cane Stairs","true",""
"Quark","quark:reed_block_wall",1176,"false",5546,0,"Sugar Cane Wall","true",""
"Quark","quark:roots",1217,"false",5597,0,"Cave Roots","true",""
"Quark","quark:roots_black_flower",1219,"false",5600,0,"Cave Roots","true",""
"Quark","quark:roots_blue_flower",1218,"false",5599,0,"Cave Roots","true",""
"Quark","quark:roots_white_flower",1220,"false",5601,0,"Cave Roots","true",""
"Quark","quark:rope",894,"false",5335,0,"Rope Coil","true",""
"Quark","quark:sandstone_bricks_slab",917,"false",5357,0,"Sandstone Brick Slab","true",""
"Quark","quark:sandstone_bricks_slab_double",918,"false",,,"tile.sandstone_bricks_slab_double.name","true",""
"Quark","quark:sandstone_bricks_stairs",912,"false",5353,0,"Sandstone Brick Stairs","true",""
"Quark","quark:sandstone_new",911,"false",5352,0,"Polished Sandstone","true",""
"Quark","quark:sandstone_smooth_slab",915,"false",5356,0,"Polished Sandstone Slab","true",""
"Quark","quark:sandstone_smooth_slab_double",916,"false",,,"tile.sandstone_smooth_slab_double.name","true",""
"Quark","quark:sandstone_wall",932,"false",5367,0,"Sandstone Wall","true",""
"Quark","quark:sandy_bricks",1075,"false",5470,0,"Sandy Bricks","true",""
"Quark","quark:sandy_bricks_slab",1077,"false",5472,0,"Sandy Brick Slab","true",""
"Quark","quark:sandy_bricks_slab_double",1078,"false",,,"tile.sandy_bricks_slab_double.name","true",""
"Quark","quark:sandy_bricks_stairs",1076,"false",5471,0,"Sandy Brick Stairs","true",""
"Quark","quark:sandy_bricks_wall",1079,"false",5473,0,"Sandy Brick Wall","true",""
"Quark","quark:slate",1262,"false",5650,0,"Slate","true","stoneSlate"
"Quark","quark:slate_speleothem",1234,"false",5619,0,"Slate Speleothem","true",""
"Quark","quark:slate_wall",1266,"false",5653,0,"Slate Wall","true",""
"Quark","quark:smoker",1306,"false",5686,0,"Nether Smoker","true",""
"Quark","quark:snow_bricks",1177,"false",5547,0,"Snow Bricks","true",""
"Quark","quark:snow_bricks_slab",1179,"false",5549,0,"Snow Brick Slab","true",""
"Quark","quark:snow_bricks_slab_double",1180,"false",,,"tile.snow_bricks_slab_double.name","true",""
"Quark","quark:snow_bricks_stairs",1178,"false",5548,0,"Snow Brick Stairs","true",""
"Quark","quark:snow_bricks_wall",1181,"false",5550,0,"Snow Brick Wall","true",""
"Quark","quark:soul_sandstone",1183,"false",5552,0,"Soul Sandstone","true",""
"Quark","quark:soul_sandstone_bricks_slab",925,"false",5361,0,"Soul Sandstone Brick Slab","true",""
"Quark","quark:soul_sandstone_bricks_slab_double",926,"false",,,"tile.soul_sandstone_bricks_slab_double.name","true",""
"Quark","quark:soul_sandstone_bricks_stairs",914,"false",5355,0,"Soul Sandstone Brick Stairs","true",""
"Quark","quark:soul_sandstone_slab",1184,"false",5553,0,"Soul Sandstone Slab","true",""
"Quark","quark:soul_sandstone_slab_double",1185,"false",,,"tile.soul_sandstone_slab_double.name","true",""
"Quark","quark:soul_sandstone_smooth_slab",923,"false",5360,0,"Polished Soul Sandstone Slab","true",""
"Quark","quark:soul_sandstone_smooth_slab_double",924,"false",,,"tile.soul_sandstone_smooth_slab_double.name","true",""
"Quark","quark:soul_sandstone_stairs",1186,"false",5554,0,"Soul Sandstone Stairs","true",""
"Quark","quark:soul_sandstone_wall",1187,"false",5555,0,"Soul Sandstone Wall","true",""
"Quark","quark:spruce_button",903,"false",5344,0,"Spruce Button","true","buttonWood"
"Quark","quark:spruce_pressure_plate",898,"false",5339,0,"Spruce Pressure Plate","true","pressurePlateWood"
"Quark","quark:spruce_trapdoor",863,"false",5302,0,"Spruce Trapdoor","true","trapdoorWood"
"Quark","quark:stained_clay_tiles",996,"false",5414,0,"White Terracotta Shingles","true",""
"Quark","quark:stained_clay_tiles_black_slab",1043,"false",5446,0,"Black Terracotta Shingle Slab","true",""
"Quark","quark:stained_clay_tiles_black_slab_double",1044,"false",,,"tile.stained_clay_tiles_black_slab_double.name","true",""
"Quark","quark:stained_clay_tiles_black_stairs",1012,"false",5430,0,"Black Terracotta Shingle Stairs","true",""
"Quark","quark:stained_clay_tiles_blue_slab",1035,"false",5442,0,"Blue Terracotta Shingle Slab","true",""
"Quark","quark:stained_clay_tiles_blue_slab_double",1036,"false",,,"tile.stained_clay_tiles_blue_slab_double.name","true",""
"Quark","quark:stained_clay_tiles_blue_stairs",1008,"false",5426,0,"Blue Terracotta Shingle Stairs","true",""
"Quark","quark:stained_clay_tiles_brown_slab",1037,"false",5443,0,"Brown Terracotta Shingle Slab","true",""
"Quark","quark:stained_clay_tiles_brown_slab_double",1038,"false",,,"tile.stained_clay_tiles_brown_slab_double.name","true",""
"Quark","quark:stained_clay_tiles_brown_stairs",1009,"false",5427,0,"Brown Terracotta Shingle Stairs","true",""
"Quark","quark:stained_clay_tiles_cyan_slab",1031,"false",5440,0,"Cyan Terracotta Shingle Slab","true",""
"Quark","quark:stained_clay_tiles_cyan_slab_double",1032,"false",,,"tile.stained_clay_tiles_cyan_slab_double.name","true",""
"Quark","quark:stained_clay_tiles_cyan_stairs",1006,"false",5424,0,"Cyan Terracotta Shingle Stairs","true",""
"Quark","quark:stained_clay_tiles_gray_slab",1027,"false",5438,0,"Gray Terracotta Shingle Slab","true",""
"Quark","quark:stained_clay_tiles_gray_slab_double",1028,"false",,,"tile.stained_clay_tiles_gray_slab_double.name","true",""
"Quark","quark:stained_clay_tiles_gray_stairs",1004,"false",5422,0,"Gray Terracotta Shingle Stairs","true",""
"Quark","quark:stained_clay_tiles_green_slab",1039,"false",5444,0,"Green Terracotta Shingle Slab","true",""
"Quark","quark:stained_clay_tiles_green_slab_double",1040,"false",,,"tile.stained_clay_tiles_green_slab_double.name","true",""
"Quark","quark:stained_clay_tiles_green_stairs",1010,"false",5428,0,"Green Terracotta Shingle Stairs","true",""
"Quark","quark:stained_clay_tiles_light_blue_slab",1019,"false",5434,0,"Light Blue Terracotta Shingle Slab","true",""
"Quark","quark:stained_clay_tiles_light_blue_slab_double",1020,"false",,,"tile.stained_clay_tiles_light_blue_slab_double.name","true",""
"Quark","quark:stained_clay_tiles_light_blue_stairs",1000,"false",5418,0,"Light Blue Terracotta Shingle Stairs","true",""
"Quark","quark:stained_clay_tiles_lime_slab",1023,"false",5436,0,"Lime Terracotta Shingle Slab","true",""
"Quark","quark:stained_clay_tiles_lime_slab_double",1024,"false",,,"tile.stained_clay_tiles_lime_slab_double.name","true",""
"Quark","quark:stained_clay_tiles_lime_stairs",1002,"false",5420,0,"Lime Terracotta Shingle Stairs","true",""
"Quark","quark:stained_clay_tiles_magenta_slab",1017,"false",5433,0,"Magenta Terracotta Shingle Slab","true",""
"Quark","quark:stained_clay_tiles_magenta_slab_double",1018,"false",,,"tile.stained_clay_tiles_magenta_slab_double.name","true",""
"Quark","quark:stained_clay_tiles_magenta_stairs",999,"false",5417,0,"Magenta Terracotta Shingle Stairs","true",""
"Quark","quark:stained_clay_tiles_orange_slab",1015,"false",5432,0,"Orange Terracotta Shingle Slab","true",""
"Quark","quark:stained_clay_tiles_orange_slab_double",1016,"false",,,"tile.stained_clay_tiles_orange_slab_double.name","true",""
"Quark","quark:stained_clay_tiles_orange_stairs",998,"false",5416,0,"Orange Terracotta Shingle Stairs","true",""
"Quark","quark:stained_clay_tiles_pink_slab",1025,"false",5437,0,"Pink Terracotta Shingle Slab","true",""
"Quark","quark:stained_clay_tiles_pink_slab_double",1026,"false",,,"tile.stained_clay_tiles_pink_slab_double.name","true",""
"Quark","quark:stained_clay_tiles_pink_stairs",1003,"false",5421,0,"Pink Terracotta Shingle Stairs","true",""
"Quark","quark:stained_clay_tiles_purple_slab",1033,"false",5441,0,"Purple Terracotta Shingle Slab","true",""
"Quark","quark:stained_clay_tiles_purple_slab_double",1034,"false",,,"tile.stained_clay_tiles_purple_slab_double.name","true",""
"Quark","quark:stained_clay_tiles_purple_stairs",1007,"false",5425,0,"Purple Terracotta Shingle Stairs","true",""
"Quark","quark:stained_clay_tiles_red_slab",1041,"false",5445,0,"Red Terracotta Shingle Slab","true",""
"Quark","quark:stained_clay_tiles_red_slab_double",1042,"false",,,"tile.stained_clay_tiles_red_slab_double.name","true",""
"Quark","quark:stained_clay_tiles_red_stairs",1011,"false",5429,0,"Red Terracotta Shingle Stairs","true",""
"Quark","quark:stained_clay_tiles_silver_slab",1029,"false",5439,0,"Light Gray Terracotta Shingle Slab","true",""
"Quark","quark:stained_clay_tiles_silver_slab_double",1030,"false",,,"tile.stained_clay_tiles_silver_slab_double.name","true",""
"Quark","quark:stained_clay_tiles_silver_stairs",1005,"false",5423,0,"Light Gray Terracotta Shingle Stairs","true",""
"Quark","quark:stained_clay_tiles_white_slab",1013,"false",5431,0,"White Terracotta Shingle Slab","true",""
"Quark","quark:stained_clay_tiles_white_slab_double",1014,"false",,,"tile.stained_clay_tiles_white_slab_double.name","true",""
"Quark","quark:stained_clay_tiles_white_stairs",997,"false",5415,0,"White Terracotta Shingle Stairs","true",""
"Quark","quark:stained_clay_tiles_yellow_slab",1021,"false",5435,0,"Yellow Terracotta Shingle Slab","true",""
"Quark","quark:stained_clay_tiles_yellow_slab_double",1022,"false",,,"tile.stained_clay_tiles_yellow_slab_double.name","true",""
"Quark","quark:stained_clay_tiles_yellow_stairs",1001,"false",5419,0,"Yellow Terracotta Shingle Stairs","true",""
"Quark","quark:stained_planks",943,"false",5378,0,"White Stained Planks","true","plankStained,plankWood"
"Quark","quark:stained_planks_black_slab",990,"false",5410,0,"Black Stained Wood Slab","true",""
"Quark","quark:stained_planks_black_slab_double",991,"false",,,"tile.stained_planks_black_slab_double.name","true",""
"Quark","quark:stained_planks_black_stairs",959,"false",5394,0,"Black Stained Wood Stairs","true",""
"Quark","quark:stained_planks_blue_slab",982,"false",5406,0,"Blue Stained Wood Slab","true",""
"Quark","quark:stained_planks_blue_slab_double",983,"false",,,"tile.stained_planks_blue_slab_double.name","true",""
"Quark","quark:stained_planks_blue_stairs",955,"false",5390,0,"Blue Stained Wood Stairs","true",""
"Quark","quark:stained_planks_brown_slab",984,"false",5407,0,"Brown Stained Wood Slab","true",""
"Quark","quark:stained_planks_brown_slab_double",985,"false",,,"tile.stained_planks_brown_slab_double.name","true",""
"Quark","quark:stained_planks_brown_stairs",956,"false",5391,0,"Brown Stained Wood Stairs","true",""
"Quark","quark:stained_planks_cyan_slab",978,"false",5404,0,"Cyan Stained Wood Slab","true",""
"Quark","quark:stained_planks_cyan_slab_double",979,"false",,,"tile.stained_planks_cyan_slab_double.name","true",""
"Quark","quark:stained_planks_cyan_stairs",953,"false",5388,0,"Cyan Stained Wood Stairs","true",""
"Quark","quark:stained_planks_gray_slab",974,"false",5402,0,"Gray Stained Wood Slab","true",""
"Quark","quark:stained_planks_gray_slab_double",975,"false",,,"tile.stained_planks_gray_slab_double.name","true",""
"Quark","quark:stained_planks_gray_stairs",951,"false",5386,0,"Gray Stained Wood Stairs","true",""
"Quark","quark:stained_planks_green_slab",986,"false",5408,0,"Green Stained Wood Slab","true",""
"Quark","quark:stained_planks_green_slab_double",987,"false",,,"tile.stained_planks_green_slab_double.name","true",""
"Quark","quark:stained_planks_green_stairs",957,"false",5392,0,"Green Stained Wood Stairs","true",""
"Quark","quark:stained_planks_light_blue_slab",966,"false",5398,0,"Light Blue Stained Wood Slab","true",""
"Quark","quark:stained_planks_light_blue_slab_double",967,"false",,,"tile.stained_planks_light_blue_slab_double.name","true",""
"Quark","quark:stained_planks_light_blue_stairs",947,"false",5382,0,"Light Blue Stained Wood Stairs","true",""
"Quark","quark:stained_planks_lime_slab",970,"false",5400,0,"Lime Stained Wood Slab","true",""
"Quark","quark:stained_planks_lime_slab_double",971,"false",,,"tile.stained_planks_lime_slab_double.name","true",""
"Quark","quark:stained_planks_lime_stairs",949,"false",5384,0,"Lime Stained Wood Stairs","true",""
"Quark","quark:stained_planks_magenta_slab",964,"false",5397,0,"Magenta Stained Wood Slab","true",""
"Quark","quark:stained_planks_magenta_slab_double",965,"false",,,"tile.stained_planks_magenta_slab_double.name","true",""
"Quark","quark:stained_planks_magenta_stairs",946,"false",5381,0,"Magenta Stained Wood Stairs","true",""
"Quark","quark:stained_planks_orange_slab",962,"false",5396,0,"Orange Stained Wood Slab","true",""
"Quark","quark:stained_planks_orange_slab_double",963,"false",,,"tile.stained_planks_orange_slab_double.name","true",""
"Quark","quark:stained_planks_orange_stairs",945,"false",5380,0,"Orange Stained Wood Stairs","true",""
"Quark","quark:stained_planks_pink_slab",972,"false",5401,0,"Pink Stained Wood Slab","true",""
"Quark","quark:stained_planks_pink_slab_double",973,"false",,,"tile.stained_planks_pink_slab_double.name","true",""
"Quark","quark:stained_planks_pink_stairs",950,"false",5385,0,"Pink Stained Wood Stairs","true",""
"Quark","quark:stained_planks_purple_slab",980,"false",5405,0,"Purple Stained Wood Slab","true",""
"Quark","quark:stained_planks_purple_slab_double",981,"false",,,"tile.stained_planks_purple_slab_double.name","true",""
"Quark","quark:stained_planks_purple_stairs",954,"false",5389,0,"Purple Stained Wood Stairs","true",""
"Quark","quark:stained_planks_red_slab",988,"false",5409,0,"Red Stained Wood Slab","true",""
"Quark","quark:stained_planks_red_slab_double",989,"false",,,"tile.stained_planks_red_slab_double.name","true",""
"Quark","quark:stained_planks_red_stairs",958,"false",5393,0,"Red Stained Wood Stairs","true",""
"Quark","quark:stained_planks_silver_slab",976,"false",5403,0,"Light Gray Stained Wood Slab","true",""
"Quark","quark:stained_planks_silver_slab_double",977,"false",,,"tile.stained_planks_silver_slab_double.name","true",""
"Quark","quark:stained_planks_silver_stairs",952,"false",5387,0,"Light Gray Stained Wood Stairs","true",""
"Quark","quark:stained_planks_white_slab",960,"false",5395,0,"White Stained Wood Slab","true",""
"Quark","quark:stained_planks_white_slab_double",961,"false",,,"tile.stained_planks_white_slab_double.name","true",""
"Quark","quark:stained_planks_white_stairs",944,"false",5379,0,"White Stained Wood Stairs","true",""
"Quark","quark:stained_planks_yellow_slab",968,"false",5399,0,"Yellow Stained Wood Slab","true",""
"Quark","quark:stained_planks_yellow_slab_double",969,"false",,,"tile.stained_planks_yellow_slab_double.name","true",""
"Quark","quark:stained_planks_yellow_stairs",948,"false",5383,0,"Yellow Stained Wood Stairs","true",""
"Quark","quark:stone_andesite_bricks_slab",1128,"false",5508,0,"Andesite Brick Slab","true",""
"Quark","quark:stone_andesite_bricks_slab_double",1129,"false",,,"tile.stone_andesite_bricks_slab_double.name","true",""
"Quark","quark:stone_andesite_bricks_stairs",1127,"false",5507,0,"Andesite Brick Stairs","true",""
"Quark","quark:stone_andesite_bricks_wall",1147,"false",5521,0,"Andesite Brick Wall","true",""
"Quark","quark:stone_andesite_slab",1088,"false",5480,0,"Andesite Slab","true",""
"Quark","quark:stone_andesite_slab_double",1089,"false",,,"tile.stone_andesite_slab_double.name","true",""
"Quark","quark:stone_andesite_stairs",1087,"false",5479,0,"Andesite Stairs","true",""
"Quark","quark:stone_andesite_wall",931,"false",5366,0,"Andesite Wall","true",""
"Quark","quark:stone_basalt_bricks_slab",1131,"false",5510,0,"Basalt Brick Slab","true",""
"Quark","quark:stone_basalt_bricks_slab_double",1132,"false",,,"tile.stone_basalt_bricks_slab_double.name","true",""
"Quark","quark:stone_basalt_bricks_stairs",1130,"false",5509,0,"Basalt Brick Stairs","true",""
"Quark","quark:stone_basalt_bricks_wall",1148,"false",5522,0,"Basalt Brick Wall","true",""
"Quark","quark:stone_basalt_slab",1243,"false",5628,0,"Basalt Slab","true",""
"Quark","quark:stone_basalt_slab_double",1244,"false",,,"tile.stone_basalt_slab_double.name","true",""
"Quark","quark:stone_basalt_stairs",1245,"false",5629,0,"Basalt Stairs","true",""
"Quark","quark:stone_diorite_bricks_slab",1125,"false",5506,0,"Diorite Brick Slab","true",""
"Quark","quark:stone_diorite_bricks_slab_double",1126,"false",,,"tile.stone_diorite_bricks_slab_double.name","true",""
"Quark","quark:stone_diorite_bricks_stairs",1124,"false",5505,0,"Diorite Brick Stairs","true",""
"Quark","quark:stone_diorite_bricks_wall",1146,"false",5520,0,"Diorite Brick Wall","true",""
"Quark","quark:stone_diorite_slab",1085,"false",5478,0,"Diorite Slab","true",""
"Quark","quark:stone_diorite_slab_double",1086,"false",,,"tile.stone_diorite_slab_double.name","true",""
"Quark","quark:stone_diorite_stairs",1084,"false",5477,0,"Diorite Stairs","true",""
"Quark","quark:stone_diorite_wall",930,"false",5365,0,"Diorite Wall","true",""
"Quark","quark:stone_granite_bricks_slab",1122,"false",5504,0,"Granite Brick Slab","true",""
"Quark","quark:stone_granite_bricks_slab_double",1123,"false",,,"tile.stone_granite_bricks_slab_double.name","true",""
"Quark","quark:stone_granite_bricks_stairs",1121,"false",5503,0,"Granite Brick Stairs","true",""
"Quark","quark:stone_granite_bricks_wall",1145,"false",5519,0,"Granite Brick Wall","true",""
"Quark","quark:stone_granite_slab",1082,"false",5476,0,"Granite Slab","true",""
"Quark","quark:stone_granite_slab_double",1083,"false",,,"tile.stone_granite_slab_double.name","true",""
"Quark","quark:stone_granite_stairs",1081,"false",5475,0,"Granite Stairs","true",""
"Quark","quark:stone_granite_wall",929,"false",5364,0,"Granite Wall","true",""
"Quark","quark:stone_jasper_bricks_slab",1140,"false",5516,0,"Jasper Brick Slab","true",""
"Quark","quark:stone_jasper_bricks_slab_double",1141,"false",,,"tile.stone_jasper_bricks_slab_double.name","true",""
"Quark","quark:stone_jasper_bricks_stairs",1139,"false",5515,0,"Jasper Brick Stairs","true",""
"Quark","quark:stone_jasper_bricks_wall",1151,"false",5525,0,"Jasper Brick Wall","true",""
"Quark","quark:stone_jasper_slab",1258,"false",5647,0,"Jasper Slab","true",""
"Quark","quark:stone_jasper_slab_double",1259,"false",,,"tile.stone_jasper_slab_double.name","true",""
"Quark","quark:stone_jasper_stairs",1260,"false",5648,0,"Jasper Stairs","true",""
"Quark","quark:stone_limestone_bricks_slab",1137,"false",5514,0,"Limestone Brick Slab","true",""
"Quark","quark:stone_limestone_bricks_slab_double",1138,"false",,,"tile.stone_limestone_bricks_slab_double.name","true",""
"Quark","quark:stone_limestone_bricks_stairs",1136,"false",5513,0,"Limestone Brick Stairs","true",""
"Quark","quark:stone_limestone_bricks_wall",1150,"false",5524,0,"Limestone Brick Wall","true",""
"Quark","quark:stone_limestone_slab",1253,"false",5643,0,"Limestone Slab","true",""
"Quark","quark:stone_limestone_slab_double",1254,"false",,,"tile.stone_limestone_slab_double.name","true",""
"Quark","quark:stone_limestone_stairs",1255,"false",5644,0,"Limestone Stairs","true",""
"Quark","quark:stone_marble_bricks_slab",1134,"false",5512,0,"Marble Brick Slab","true",""
"Quark","quark:stone_marble_bricks_slab_double",1135,"false",,,"tile.stone_marble_bricks_slab_double.name","true",""
"Quark","quark:stone_marble_bricks_stairs",1133,"false",5511,0,"Marble Brick Stairs","true",""
"Quark","quark:stone_marble_bricks_wall",1149,"false",5523,0,"Marble Brick Wall","true",""
"Quark","quark:stone_marble_slab",1248,"false",5639,0,"Marble Slab","true",""
"Quark","quark:stone_marble_slab_double",1249,"false",,,"tile.stone_marble_slab_double.name","true",""
"Quark","quark:stone_marble_stairs",1250,"false",5640,0,"Marble Stairs","true",""
"Quark","quark:stone_slate_bricks_slab",1143,"false",5518,0,"Slate Brick Slab","true",""
"Quark","quark:stone_slate_bricks_slab_double",1144,"false",,,"tile.stone_slate_bricks_slab_double.name","true",""
"Quark","quark:stone_slate_bricks_stairs",1142,"false",5517,0,"Slate Brick Stairs","true",""
"Quark","quark:stone_slate_bricks_wall",1152,"false",5526,0,"Slate Brick Wall","true",""
"Quark","quark:stone_slate_slab",1263,"false",5651,0,"Slate Slab","true",""
"Quark","quark:stone_slate_slab_double",1264,"false",,,"tile.stone_slate_slab_double.name","true",""
"Quark","quark:stone_slate_stairs",1265,"false",5652,0,"Slate Stairs","true",""
"Quark","quark:stone_speleothem",1225,"false",5610,0,"Stone Speleothem","true",""
"Quark","quark:stone_stairs",1080,"false",5474,0,"Stone Stairs","true",""
"Quark","quark:stone_wall",928,"false",5363,0,"Stone Wall","true",""
"Quark","quark:stonebrick_mossy_slab",1109,"false",5494,0,"Mossy Stone Brick Slab","true",""
"Quark","quark:stonebrick_mossy_slab_double",1110,"false",,,"tile.stonebrick_mossy_slab_double.name","true",""
"Quark","quark:stonebrick_mossy_stairs",1108,"false",5493,0,"Mossy Stone Brick Stairs","true",""
"Quark","quark:stonebrick_mossy_wall",942,"false",5377,0,"Mossy Stone Brick Wall","true",""
"Quark","quark:stonebrick_wall",934,"false",5369,0,"Stone Brick Wall","true",""
"Quark","quark:sturdy_stone",1070,"false",5466,0,"Sturdy Stone","true",""
"Quark","quark:sugar_block",1201,"false",5569,0,"Sugar Block","true",""
"Quark","quark:thatch",1111,"false",5495,0,"Thatch","true",""
"Quark","quark:thatch_slab",1113,"false",5497,0,"Thatch Slab","true",""
"Quark","quark:thatch_slab_double",1114,"false",,,"tile.thatch_slab_double.name","true",""
"Quark","quark:thatch_stairs",1112,"false",5496,0,"Thatch Stairs","true",""
"Quark","quark:tiny_potato",1216,"false",5596,0,"Tiny Potato","true",""
"Quark","quark:turf",1188,"false",5556,0,"Turf Block","true",""
"Quark","quark:turf_slab",1190,"false",5558,0,"Turf Slab","true",""
"Quark","quark:turf_slab_double",1191,"false",,,"tile.turf_slab_double.name","true",""
"Quark","quark:turf_stairs",1189,"false",5557,0,"Turf Stairs","true",""
"Quark","quark:variant_leaves",1221,"false",5606,0,"Swamp Oak Leaves","true","treeLeaves"
"Quark","quark:variant_sapling",1222,"false",5607,0,"Swamp Oak Sapling","true","treeSapling"
"Quark","quark:vertical_planks",1163,"false",5535,0,"Vertical Oak Wood Planks","true","plankWood"
"Quark","quark:vertical_stained_planks",1164,"false",5536,0,"Vertical White Stained Planks","true","plankStained,plankWood"
"Quark","quark:world_stone_bricks",1119,"false",5501,0,"Granite Bricks","true",""
"Quark","quark:world_stone_carved",1120,"false",5502,0,"Chiseled Granite Bricks","true",""
"Quark","quark:world_stone_pavement",1171,"false",5542,0,"Granite Pavement","true",""
"Rats: Rebirth of the Plague","rats:auto_curdler",4082,"false",10557,0,"Curdling Station","true",""
"Rats: Rebirth of the Plague","rats:block_of_cheese",4072,"false",10547,0,"Block of Cheese","true","blockCheese"
"Rats: Rebirth of the Plague","rats:brain_block",4122,"false",10597,0,"Brain Block","true",""
"Rats: Rebirth of the Plague","rats:cauldron_cheese",4074,"false",10549,0,"Cauldron of Cheese","true",""
"Rats: Rebirth of the Plague","rats:cauldron_milk",4073,"false",10548,0,"Cauldron of Milk","true",""
"Rats: Rebirth of the Plague","rats:compressed_rat",4121,"false",10596,0,"Block of Ratglove","true",""
"Rats: Rebirth of the Plague","rats:fish_barrel",4080,"false",10555,0,"Barrel of Fish","true",""
"Rats: Rebirth of the Plague","rats:garbage_pile",4099,"false",10574,0,"Garbage Pile","true",""
"Rats: Rebirth of the Plague","rats:jack_o_ratern",4123,"false",10598,0,"Jack O' Ratern","true",""
"Rats: Rebirth of the Plague","rats:marbled_cheese",4102,"false",10577,0,"Marbled Cheese","true",""
"Rats: Rebirth of the Plague","rats:marbled_cheese_brick",4109,"false",10584,0,"Marbled Cheese Brick","true",""
"Rats: Rebirth of the Plague","rats:marbled_cheese_brick_chiseled",4113,"false",10588,0,"Chiseled Marbled Cheese Brick","true",""
"Rats: Rebirth of the Plague","rats:marbled_cheese_brick_cracked",4114,"false",10589,0,"Cracked Marbled Cheese Brick","true",""
"Rats: Rebirth of the Plague","rats:marbled_cheese_brick_mossy",4115,"false",10590,0,"Mossy Marbled Cheese Brick","true",""
"Rats: Rebirth of the Plague","rats:marbled_cheese_brick_slab",4110,"false",10585,0,"Marbled Cheese Brick Slab","true",""
"Rats: Rebirth of the Plague","rats:marbled_cheese_brick_slab_double",4111,"false",10586,0,"Marbled Cheese Brick Slab","true",""
"Rats: Rebirth of the Plague","rats:marbled_cheese_brick_stairs",4112,"false",10587,0,"Marbled Cheese Brick Stairs","true",""
"Rats: Rebirth of the Plague","rats:marbled_cheese_chiseled",4107,"false",10582,0,"Chiseled Marbled Cheese","true",""
"Rats: Rebirth of the Plague","rats:marbled_cheese_dirt",4116,"false",10591,0,"Marbled Cheese Dirt","true",""
"Rats: Rebirth of the Plague","rats:marbled_cheese_golem_core",4119,"false",10594,0,"Ratlantean Automaton Core","true",""
"Rats: Rebirth of the Plague","rats:marbled_cheese_grass",4117,"false",10592,0,"Marbled Cheese Grass","true",""
"Rats: Rebirth of the Plague","rats:marbled_cheese_pillar",4108,"false",10583,0,"Marbled Cheese Pillar","true",""
"Rats: Rebirth of the Plague","rats:marbled_cheese_rat_head",4118,"false",10593,0,"Ratlantean Automaton Head","true",""
"Rats: Rebirth of the Plague","rats:marbled_cheese_raw",4101,"false",10576,0,"Raw Marbled Cheese","true",""
"Rats: Rebirth of the Plague","rats:marbled_cheese_slab",4103,"false",10578,0,"Marbled Cheese Slab","true",""
"Rats: Rebirth of the Plague","rats:marbled_cheese_slab_double",4104,"false",10579,0,"Marbled Cheese Slab","true",""
"Rats: Rebirth of the Plague","rats:marbled_cheese_stairs",4105,"false",10580,0,"Marbled Cheese Stairs","true",""
"Rats: Rebirth of the Plague","rats:marbled_cheese_tile",4106,"false",10581,0,"Marbled Cheese Tile","true",""
"Rats: Rebirth of the Plague","rats:rat_cage",4077,"false",10552,0,"Rat Cage","true",""
"Rats: Rebirth of the Plague","rats:rat_cage_breeding_lantern",4079,"false",10554,0,"tile.rats.rat_cage_breeding_lantern.name","true",""
"Rats: Rebirth of the Plague","rats:rat_cage_decorated",4078,"false",10553,0,"Rat Cage","true",""
"Rats: Rebirth of the Plague","rats:rat_crafting_table",4081,"false",10556,0,"Rat Crafting Table","true",""
"Rats: Rebirth of the Plague","rats:rat_hole",4075,"false",10550,0,"Rat Hole","true",""
"Rats: Rebirth of the Plague","rats:rat_lantern",4126,"false",10601,0,"Rat Lantern","true",""
"Rats: Rebirth of the Plague","rats:rat_tube_black",4098,"false",10573,0,"Black Rat Tube","true","ratTube"
"Rats: Rebirth of the Plague","rats:rat_tube_blue",4094,"false",10569,0,"Blue Rat Tube","true","ratTube"
"Rats: Rebirth of the Plague","rats:rat_tube_brown",4095,"false",10570,0,"Brown Rat Tube","true","ratTube"
"Rats: Rebirth of the Plague","rats:rat_tube_cyan",4092,"false",10567,0,"Cyan Rat Tube","true","ratTube"
"Rats: Rebirth of the Plague","rats:rat_tube_gray",4090,"false",10565,0,"Gray Rat Tube","true","ratTube"
"Rats: Rebirth of the Plague","rats:rat_tube_green",4096,"false",10571,0,"Green Rat Tube","true","ratTube"
"Rats: Rebirth of the Plague","rats:rat_tube_light_blue",4086,"false",10561,0,"Light Blue Rat Tube","true","ratTube"
"Rats: Rebirth of the Plague","rats:rat_tube_lime",4088,"false",10563,0,"Lime Rat Tube","true","ratTube"
"Rats: Rebirth of the Plague","rats:rat_tube_magenta",4085,"false",10560,0,"Magenta Rat Tube","true","ratTube"
"Rats: Rebirth of the Plague","rats:rat_tube_orange",4084,"false",10559,0,"Orange Rat Tube","true","ratTube"
"Rats: Rebirth of the Plague","rats:rat_tube_pink",4089,"false",10564,0,"Pink Rat Tube","true","ratTube"
"Rats: Rebirth of the Plague","rats:rat_tube_purple",4093,"false",10568,0,"Purple Rat Tube","true","ratTube"
"Rats: Rebirth of the Plague","rats:rat_tube_red",4097,"false",10572,0,"Red Rat Tube","true","ratTube"
"Rats: Rebirth of the Plague","rats:rat_tube_silver",4091,"false",10566,0,"Light Gray Rat Tube","true","ratTube"
"Rats: Rebirth of the Plague","rats:rat_tube_white",4083,"false",10558,0,"White Rat Tube","true","ratTube"
"Rats: Rebirth of the Plague","rats:rat_tube_yellow",4087,"false",10562,0,"Yellow Rat Tube","true","ratTube"
"Rats: Rebirth of the Plague","rats:ratglove_flower",4100,"false",10575,0,"Ratglove Flower","true",""
"Rats: Rebirth of the Plague","rats:ratlantis_portal",4120,"false",10595,0,"Ratlantis Portal","true",""
"Rats: Rebirth of the Plague","rats:rattrap",4076,"false",10551,0,"Rat Trap","true",""
"Rats: Rebirth of the Plague","rats:upgrade_combiner",4124,"false",10599,0,"Rat Upgrade Combiner","true",""
"Rats: Rebirth of the Plague","rats:upgrade_separator",4125,"false",10600,0,"Rat Upgrade Separator","true",""
"Reliquary","xreliquary:altar",4018,"false",10278,0,"Altar of Light","true",""
"Reliquary","xreliquary:apothecary_cauldron",4019,"false",10279,0,"Apothecary Cauldron","true",""
"Reliquary","xreliquary:apothecary_mortar",4020,"false",10280,0,"Apothecary Mortar","true",""
"Reliquary","xreliquary:fertile_lilypad",4021,"false",10281,0,"Lilypad of Fertility","true",""
"Reliquary","xreliquary:interdiction_torch",4022,"false",10282,0,"Interdiction Torch","true",""
"Reliquary","xreliquary:pedestal",4024,"true",10284,0,"Pedestal","true",""
"Reliquary","xreliquary:pedestal",4024,"true",10284,1,"Pedestal","true",""
"Reliquary","xreliquary:pedestal",4024,"true",10284,2,"Pedestal","true",""
"Reliquary","xreliquary:pedestal",4024,"true",10284,3,"Pedestal","true",""
"Reliquary","xreliquary:pedestal",4024,"true",10284,4,"Pedestal","true",""
"Reliquary","xreliquary:pedestal",4024,"true",10284,5,"Pedestal","true",""
"Reliquary","xreliquary:pedestal",4024,"true",10284,6,"Pedestal","true",""
"Reliquary","xreliquary:pedestal",4024,"true",10284,7,"Pedestal","true",""
"Reliquary","xreliquary:pedestal",4024,"true",10284,8,"Pedestal","true",""
"Reliquary","xreliquary:pedestal",4024,"true",10284,9,"Pedestal","true",""
"Reliquary","xreliquary:pedestal",4024,"true",10284,10,"Pedestal","true",""
"Reliquary","xreliquary:pedestal",4024,"true",10284,11,"Pedestal","true",""
"Reliquary","xreliquary:pedestal",4024,"true",10284,12,"Pedestal","true",""
"Reliquary","xreliquary:pedestal",4024,"true",10284,13,"Pedestal","true",""
"Reliquary","xreliquary:pedestal",4024,"true",10284,14,"Pedestal","true",""
"Reliquary","xreliquary:pedestal",4024,"true",10284,15,"Pedestal","true",""
"Reliquary","xreliquary:pedestal_passive",4025,"true",10285,0,"Pedestal (Display only)","true",""
"Reliquary","xreliquary:pedestal_passive",4025,"true",10285,1,"Pedestal (Display only)","true",""
"Reliquary","xreliquary:pedestal_passive",4025,"true",10285,2,"Pedestal (Display only)","true",""
"Reliquary","xreliquary:pedestal_passive",4025,"true",10285,3,"Pedestal (Display only)","true",""
"Reliquary","xreliquary:pedestal_passive",4025,"true",10285,4,"Pedestal (Display only)","true",""
"Reliquary","xreliquary:pedestal_passive",4025,"true",10285,5,"Pedestal (Display only)","true",""
"Reliquary","xreliquary:pedestal_passive",4025,"true",10285,6,"Pedestal (Display only)","true",""
"Reliquary","xreliquary:pedestal_passive",4025,"true",10285,7,"Pedestal (Display only)","true",""
"Reliquary","xreliquary:pedestal_passive",4025,"true",10285,8,"Pedestal (Display only)","true",""
"Reliquary","xreliquary:pedestal_passive",4025,"true",10285,9,"Pedestal (Display only)","true",""
"Reliquary","xreliquary:pedestal_passive",4025,"true",10285,10,"Pedestal (Display only)","true",""
"Reliquary","xreliquary:pedestal_passive",4025,"true",10285,11,"Pedestal (Display only)","true",""
"Reliquary","xreliquary:pedestal_passive",4025,"true",10285,12,"Pedestal (Display only)","true",""
"Reliquary","xreliquary:pedestal_passive",4025,"true",10285,13,"Pedestal (Display only)","true",""
"Reliquary","xreliquary:pedestal_passive",4025,"true",10285,14,"Pedestal (Display only)","true",""
"Reliquary","xreliquary:pedestal_passive",4025,"true",10285,15,"Pedestal (Display only)","true",""
"Reliquary","xreliquary:wraith_node",4023,"false",10283,0,"Wraith Node","true",""
"Rin's So Many Enchantments?","somanyenchantments:frostedicetemp",2329,"false",,,"tile.frostedIceTemp.name","true",""
"Rin's So Many Enchantments?","somanyenchantments:magmatemp",2330,"false",,,"tile.magmaTemp.name","true",""
"Rustic","rustic:ale_wort",511,"false",4457,0,"Ale Wort","true",""
"Rustic","rustic:aloe_vera",627,"false",4565,0,"Aloe Vera","true",""
"Rustic","rustic:andesite_pillar",515,"false",4461,0,"Andesite Pillar","true",""
"Rustic","rustic:apiary",535,"false",4481,0,"Apiary","true",""
"Rustic","rustic:apple_juice",510,"false",4456,0,"Apple Juice","true",""
"Rustic","rustic:apple_seeds",621,"false",4559,0,"Apple Seeds","true",""
"Rustic","rustic:barrel",567,"false",4511,0,"Barrel","true",""
"Rustic","rustic:beehive",534,"false",4480,0,"Beehive","true",""
"Rustic","rustic:blood_orchid",628,"false",4566,0,"Blood Orchid","true",""
"Rustic","rustic:brewing_barrel",620,"false",4558,0,"Brewing Barrel","true",""
"Rustic","rustic:cabinet",589,"false",4533,0,"Cabinet","true",""
"Rustic","rustic:candle",520,"false",4466,0,"Iron Candle","true",""
"Rustic","rustic:candle_double",521,"false",4467,0,"Iron Candelabra","true",""
"Rustic","rustic:candle_double_gold",526,"false",4472,0,"Golden Candelabra","true",""
"Rustic","rustic:candle_double_silver",531,"false",4477,0,"Silver Candelabra","true",""
"Rustic","rustic:candle_gold",525,"false",4471,0,"Golden Candle","true",""
"Rustic","rustic:candle_lever",522,"false",4468,0,"Iron Candle Lever","true",""
"Rustic","rustic:candle_lever_gold",527,"false",4473,0,"Golden Candle Lever","true",""
"Rustic","rustic:candle_lever_silver",532,"false",4478,0,"Silver Candle Lever","true",""
"Rustic","rustic:candle_silver",530,"false",4476,0,"Silver Candle","true",""
"Rustic","rustic:chain",519,"false",4465,0,"Iron Chain","true",""
"Rustic","rustic:chain_gold",524,"false",4470,0,"Golden Chain","true",""
"Rustic","rustic:chain_silver",529,"false",4475,0,"Silver Chain","true",""
"Rustic","rustic:chair_acacia",554,"false",4498,0,"Acacia Chair","true",""
"Rustic","rustic:chair_big_oak",551,"false",4495,0,"Dark Oak Chair","true",""
"Rustic","rustic:chair_birch",552,"false",4496,0,"Birch Chair","true",""
"Rustic","rustic:chair_ironwood",557,"false",4501,0,"Ironwood Chair","true",""
"Rustic","rustic:chair_jungle",555,"false",4499,0,"Jungle Chair","true",""
"Rustic","rustic:chair_oak",550,"false",4494,0,"Oak Chair","true",""
"Rustic","rustic:chair_olive",556,"false",4500,0,"Olive Wood Chair","true",""
"Rustic","rustic:chair_spruce",553,"false",4497,0,"Spruce Chair","true",""
"Rustic","rustic:chamomile",629,"false",4567,0,"Chamomile","true",""
"Rustic","rustic:chandelier",523,"false",4469,0,"Iron Chandelier Ring","true",""
"Rustic","rustic:chandelier_gold",528,"false",4474,0,"Golden Chandelier Ring","true",""
"Rustic","rustic:chandelier_silver",533,"false",4479,0,"Silver Chandelier Ring","true",""
"Rustic","rustic:chili_crop",614,"false",,,"Chili Crop","true",""
"Rustic","rustic:clay_wall",547,"false",4491,0,"Clay Wall","true",""
"Rustic","rustic:clay_wall_cross",548,"false",4492,0,"Crossed Clay Wall","true",""
"Rustic","rustic:clay_wall_diag",549,"false",4493,0,"Diagonal Clay Wall","true",""
"Rustic","rustic:cloudsbluff",630,"false",,,"Cloudsbluff","true",""
"Rustic","rustic:cohosh",631,"false",4568,0,"Cohosh","true",""
"Rustic","rustic:condenser",608,"false",4550,0,"Alchemic Condenser","true",""
"Rustic","rustic:condenser_advanced",610,"false",4552,0,"Advanced Alchemic Condenser","true",""
"Rustic","rustic:core_root",632,"false",,,"Core Root","true",""
"Rustic","rustic:crop_stake",612,"false",4554,0,"Wooden Stake","true",""
"Rustic","rustic:crushing_tub",596,"false",4540,0,"Crushing Tub","true",""
"Rustic","rustic:deathstalk_mushroom",633,"false",4569,0,"Deathstalk Mushroom","true",""
"Rustic","rustic:diorite_pillar",516,"false",4462,0,"Diorite Pillar","true",""
"Rustic","rustic:evaporating_basin",597,"false",4541,0,"Drying Basin","true",""
"Rustic","rustic:fence_gate_ironwood",601,"false",4545,0,"Ironwood Fence Gate","true",""
"Rustic","rustic:fence_gate_olive",600,"false",4544,0,"Olive Wood Fence Gate","true",""
"Rustic","rustic:fence_ironwood",599,"false",4543,0,"Ironwood Fence","true",""
"Rustic","rustic:fence_olive",598,"false",4542,0,"Olive Wood Fence","true",""
"Rustic","rustic:fertile_soil",591,"false",4535,0,"Fertile Soil","true",""
"Rustic","rustic:gargoyle",588,"false",4532,0,"Gargoyle","true",""
"Rustic","rustic:ginseng",634,"false",,,"Ginseng","true",""
"Rustic","rustic:golden_apple_juice",513,"false",4459,0,"Golden Apple Juice","true",""
"Rustic","rustic:golden_lantern",570,"false",4514,0,"Golden Lantern","true",""
"Rustic","rustic:granite_pillar",517,"false",4463,0,"Granite Pillar","true",""
"Rustic","rustic:grape_juice",509,"false",4455,0,"Grape Juice","true",""
"Rustic","rustic:grape_leaves",619,"false",,,"Grape Leaves","true",""
"Rustic","rustic:grape_stem",618,"false",4557,0,"Grape Seeds","true",""
"Rustic","rustic:honey",512,"false",4458,0,"Honey","true",""
"Rustic","rustic:horsetail",635,"false",4570,0,"Horsetail","true",""
"Rustic","rustic:iron_lantern",569,"false",4513,0,"Iron Lantern","true",""
"Rustic","rustic:iron_lattice",568,"false",4512,0,"Iron Lattice","true",""
"Rustic","rustic:ironberry_juice",507,"false",4453,0,"Ironberry Juice","true",""
"Rustic","rustic:ironwood_door",625,"false",,,"item.rustic.ironwood_door.name","true",""
"Rustic","rustic:ironwood_doubleslab",604,"false",,,"tile.rustic.ironwood_doubleslab.name","true",""
"Rustic","rustic:ironwood_slab",605,"false",4547,0,"Ironwood Slab","true","slabWood"
"Rustic","rustic:lantern_wood",626,"false",4564,0,"Wooden Lantern","true",""
"Rustic","rustic:leaves",594,"true",4538,0,"Olive Leaves","true","treeLeaves"
"Rustic","rustic:leaves",594,"true",4538,1,"Ironwood Leaves","true","treeLeaves"
"Rustic","rustic:leaves_apple",623,"false",4561,0,"Apple Leaves","true","treeLeaves"
"Rustic","rustic:liquid_barrel",590,"false",4534,0,"Liquid Barrel","true",""
"Rustic","rustic:log",593,"true",4537,0,"Olive Wood","true","logWood,treeWood"
"Rustic","rustic:log",593,"true",4537,1,"Ironwood","true","logWood,treeWood"
"Rustic","rustic:marsh_mallow",636,"false",,,"Marsh Mallow","true",""
"Rustic","rustic:mooncap_mushroom",637,"false",4571,0,"Mooncap Mushroom","true",""
"Rustic","rustic:olive_door",624,"false",,,"item.rustic.olive_door.name","true",""
"Rustic","rustic:olive_doubleslab",602,"false",,,"tile.rustic.olive_doubleslab.name","true",""
"Rustic","rustic:olive_oil",506,"false",4452,0,"Olive Oil","true",""
"Rustic","rustic:olive_slab",603,"false",4546,0,"Olive Wood Slab","true","slabWood"
"Rustic","rustic:painted_wood_black",587,"false",4531,0,"Black Painted Wood","true","plankWood"
"Rustic","rustic:painted_wood_blue",583,"false",4527,0,"Blue Painted Wood","true","plankWood"
"Rustic","rustic:painted_wood_brown",584,"false",4528,0,"Brown Painted Wood","true","plankWood"
"Rustic","rustic:painted_wood_cyan",581,"false",4525,0,"Cyan Painted Wood","true","plankWood"
"Rustic","rustic:painted_wood_gray",579,"false",4523,0,"Gray Painted Wood","true","plankWood"
"Rustic","rustic:painted_wood_green",585,"false",4529,0,"Green Painted Wood","true","plankWood"
"Rustic","rustic:painted_wood_light_blue",575,"false",4519,0,"Light Blue Painted Wood","true","plankWood"
"Rustic","rustic:painted_wood_lime",577,"false",4521,0,"Lime Painted Wood","true","plankWood"
"Rustic","rustic:painted_wood_magenta",574,"false",4518,0,"Magenta Painted Wood","true","plankWood"
"Rustic","rustic:painted_wood_orange",573,"false",4517,0,"Orange Painted Wood","true","plankWood"
"Rustic","rustic:painted_wood_pink",578,"false",4522,0,"Pink Painted Wood","true","plankWood"
"Rustic","rustic:painted_wood_purple",582,"false",4526,0,"Purple Painted Wood","true","plankWood"
"Rustic","rustic:painted_wood_red",586,"false",4530,0,"Red Painted Wood","true","plankWood"
"Rustic","rustic:painted_wood_silver",580,"false",4524,0,"Light Gray Painted Wood","true","plankWood"
"Rustic","rustic:painted_wood_white",572,"false",4516,0,"White Painted Wood","true","plankWood"
"Rustic","rustic:painted_wood_yellow",576,"false",4520,0,"Yellow Painted Wood","true","plankWood"
"Rustic","rustic:planks",592,"true",4536,0,"Olive Wood Planks","true","plankWood"
"Rustic","rustic:planks",592,"true",4536,1,"Ironwood Planks","true","plankWood"
"Rustic","rustic:retort",609,"false",4551,0,"Alchemic Retort","true",""
"Rustic","rustic:retort_advanced",611,"false",4553,0,"Advanced Alchemic Retort","true",""
"Rustic","rustic:rope",616,"false",4556,0,"Rope","true",""
"Rustic","rustic:sapling",595,"true",4539,0,"Olive Sapling","true","treeSapling"
"Rustic","rustic:sapling",595,"true",4539,1,"Ironwood Sapling","true","treeSapling"
"Rustic","rustic:sapling_apple",622,"false",4560,0,"Apple Sapling","true","treeSapling"
"Rustic","rustic:silver_lantern",571,"false",4515,0,"Silver Lantern","true",""
"Rustic","rustic:slate",536,"false",4482,0,"Slate","true","slate,stoneSlate"
"Rustic","rustic:slate_brick",539,"false",4485,0,"Slate Brick","true","slate"
"Rustic","rustic:slate_brick_doubleslab",545,"false",,,"tile.rustic.slate_brick_doubleslab.name","true",""
"Rustic","rustic:slate_brick_slab",546,"false",4490,0,"Slate Brick Slab","true",""
"Rustic","rustic:slate_chiseled",540,"false",4486,0,"Chiseled Slate","true","slate"
"Rustic","rustic:slate_pillar",518,"false",4464,0,"Slate Pillar","true","slate"
"Rustic","rustic:slate_roof",537,"false",4483,0,"Slate Roof","true","slate"
"Rustic","rustic:slate_roof_doubleslab",542,"false",,,"tile.rustic.slate_roof_doubleslab.name","true",""
"Rustic","rustic:slate_roof_slab",543,"false",4488,0,"Slate Roof Slab","true",""
"Rustic","rustic:slate_tile",538,"false",4484,0,"Slate Tile","true","slate"
"Rustic","rustic:stairs_ironwood",607,"false",4549,0,"Ironwood Stairs","true","stairWood"
"Rustic","rustic:stairs_olive",606,"false",4548,0,"Olive Wood Stairs","true","stairWood"
"Rustic","rustic:stairs_slate_brick",544,"false",4489,0,"Slate Brick Stairs","true",""
"Rustic","rustic:stairs_slate_roof",541,"false",4487,0,"Slate Roof Stairs","true",""
"Rustic","rustic:stake_tied",617,"false",,,"Stake With Rope","true",""
"Rustic","rustic:stone_pillar",514,"false",4460,0,"Stone Pillar","true",""
"Rustic","rustic:table_acacia",562,"false",4506,0,"Acacia Table","true",""
"Rustic","rustic:table_big_oak",559,"false",4503,0,"Dark Oak Table","true",""
"Rustic","rustic:table_birch",560,"false",4504,0,"Birch Table","true",""
"Rustic","rustic:table_ironwood",565,"false",4509,0,"Ironwood Table","true",""
"Rustic","rustic:table_jungle",563,"false",4507,0,"Jungle Table","true",""
"Rustic","rustic:table_oak",558,"false",4502,0,"Oak Table","true",""
"Rustic","rustic:table_olive",564,"false",4508,0,"Olive Wood Table","true",""
"Rustic","rustic:table_spruce",561,"false",4505,0,"Spruce Table","true",""
"Rustic","rustic:tomato_crop",613,"false",,,"Tomato Crop","true",""
"Rustic","rustic:vanta_lily",639,"false",4573,0,"Vanta Lily","true","dyeBlack"
"Rustic","rustic:vase",566,"false",4510,0,"Pot","true",""
"Rustic","rustic:wildberry_bush",615,"false",4555,0,"Wildberry Bush","true",""
"Rustic","rustic:wildberry_juice",508,"false",4454,0,"Wildberry Juice","true",""
"Rustic","rustic:wind_thistle",638,"false",4572,0,"Wind Thistle","true",""
"Rustic BOP Woods","rusticbopwoods:chair_cherry",641,"false",4597,0,"Cherry Chair","true",""
"Rustic BOP Woods","rusticbopwoods:chair_ebony",654,"false",4610,0,"Ebony Chair","true",""
"Rustic BOP Woods","rusticbopwoods:chair_ethereal",644,"false",4600,0,"Ethereal Chair","true",""
"Rustic BOP Woods","rusticbopwoods:chair_eucalyptus",655,"false",4611,0,"Eucalyptus Chair","true",""
"Rustic BOP Woods","rusticbopwoods:chair_fir",643,"false",4599,0,"Fir Chair","true",""
"Rustic BOP Woods","rusticbopwoods:chair_hellbark",651,"false",4607,0,"Hellbark Chair","true",""
"Rustic BOP Woods","rusticbopwoods:chair_jacaranda",652,"false",4608,0,"Jacaranda Chair","true",""
"Rustic BOP Woods","rusticbopwoods:chair_magic",645,"false",4601,0,"Magic Chair","true",""
"Rustic BOP Woods","rusticbopwoods:chair_mahogany",653,"false",4609,0,"Mahogany Chair","true",""
"Rustic BOP Woods","rusticbopwoods:chair_mangrove",646,"false",4602,0,"Mangrove Chair","true",""
"Rustic BOP Woods","rusticbopwoods:chair_palm",647,"false",4603,0,"Palm Chair","true",""
"Rustic BOP Woods","rusticbopwoods:chair_pine",650,"false",4606,0,"Pine Chair","true",""
"Rustic BOP Woods","rusticbopwoods:chair_redwood",648,"false",4604,0,"Redwood Chair","true",""
"Rustic BOP Woods","rusticbopwoods:chair_sacred_oak",640,"false",4596,0,"Sacred Oak Chair","true",""
"Rustic BOP Woods","rusticbopwoods:chair_umbran",642,"false",4598,0,"Umbran Chair","true",""
"Rustic BOP Woods","rusticbopwoods:chair_willow",649,"false",4605,0,"Willow Chair","true",""
"Rustic BOP Woods","rusticbopwoods:table_cherry",657,"false",4613,0,"Cherry Table","true",""
"Rustic BOP Woods","rusticbopwoods:table_ebony",670,"false",4626,0,"Ebony Table","true",""
"Rustic BOP Woods","rusticbopwoods:table_ethereal",660,"false",4616,0,"Ethereal Table","true",""
"Rustic BOP Woods","rusticbopwoods:table_eucalyptus",671,"false",4627,0,"Eucalyptus Table","true",""
"Rustic BOP Woods","rusticbopwoods:table_fir",659,"false",4615,0,"Fir Table","true",""
"Rustic BOP Woods","rusticbopwoods:table_hellbark",667,"false",4623,0,"Hellbark Table","true",""
"Rustic BOP Woods","rusticbopwoods:table_jacaranda",668,"false",4624,0,"Jacaranda Table","true",""
"Rustic BOP Woods","rusticbopwoods:table_magic",661,"false",4617,0,"Magic Table","true",""
"Rustic BOP Woods","rusticbopwoods:table_mahogany",669,"false",4625,0,"Mahogany Table","true",""
"Rustic BOP Woods","rusticbopwoods:table_mangrove",662,"false",4618,0,"Mangrove Table","true",""
"Rustic BOP Woods","rusticbopwoods:table_palm",663,"false",4619,0,"Palm Table","true",""
"Rustic BOP Woods","rusticbopwoods:table_pine",666,"false",4622,0,"Pine Table","true",""
"Rustic BOP Woods","rusticbopwoods:table_redwood",664,"false",4620,0,"Redwood Table","true",""
"Rustic BOP Woods","rusticbopwoods:table_sacred_oak",656,"false",4612,0,"Sacred Oak Table","true",""
"Rustic BOP Woods","rusticbopwoods:table_umbran",658,"false",4614,0,"Umbran Table","true",""
"Rustic BOP Woods","rusticbopwoods:table_willow",665,"false",4621,0,"Willow Table","true",""
"Rustic Furniture Compat","rusticcompat:chair_black_painted",678,"false",4634,0,"Painted Black Chair","true",""
"Rustic Furniture Compat","rusticcompat:chair_black_stained",718,"false",4674,0,"Stained Black Chair","true",""
"Rustic Furniture Compat","rusticcompat:chair_blue_painted",673,"false",4629,0,"Painted Blue Chair","true",""
"Rustic Furniture Compat","rusticcompat:chair_blue_stained",713,"false",4669,0,"Stained Blue Chair","true",""
"Rustic Furniture Compat","rusticcompat:chair_brown_painted",680,"false",4636,0,"Painted Brown Chair","true",""
"Rustic Furniture Compat","rusticcompat:chair_brown_stained",720,"false",4676,0,"Stained Brown Chair","true",""
"Rustic Furniture Compat","rusticcompat:chair_cyan_painted",685,"false",4641,0,"Painted Cyan Chair","true",""
"Rustic Furniture Compat","rusticcompat:chair_cyan_stained",725,"false",4681,0,"Stained Cyan Chair","true",""
"Rustic Furniture Compat","rusticcompat:chair_fir",704,"false",4660,0,"Fir Chair","true",""
"Rustic Furniture Compat","rusticcompat:chair_gray_painted",681,"false",4637,0,"Painted Gray Chair","true",""
"Rustic Furniture Compat","rusticcompat:chair_gray_stained",721,"false",4677,0,"Stained Gray Chair","true",""
"Rustic Furniture Compat","rusticcompat:chair_green_painted",677,"false",4633,0,"Painted Green Chair","true",""
"Rustic Furniture Compat","rusticcompat:chair_green_stained",717,"false",4673,0,"Stained Green Chair","true",""
"Rustic Furniture Compat","rusticcompat:chair_light_blue_painted",687,"false",4643,0,"Painted Light Blue Chair","true",""
"Rustic Furniture Compat","rusticcompat:chair_light_blue_stained",727,"false",4683,0,"Stained Light Blue Chair","true",""
"Rustic Furniture Compat","rusticcompat:chair_light_gray_stained",726,"false",4682,0,"Stained Light Gray Chair","true",""
"Rustic Furniture Compat","rusticcompat:chair_lime_painted",682,"false",4638,0,"Painted Lime Chair","true",""
"Rustic Furniture Compat","rusticcompat:chair_lime_stained",722,"false",4678,0,"Stained Lime Chair","true",""
"Rustic Furniture Compat","rusticcompat:chair_magenta_painted",683,"false",4639,0,"Painted Magenta Chair","true",""
"Rustic Furniture Compat","rusticcompat:chair_magenta_stained",723,"false",4679,0,"Stained Magenta Chair","true",""
"Rustic Furniture Compat","rusticcompat:chair_orange_painted",675,"false",4631,0,"Painted Orange Chair","true",""
"Rustic Furniture Compat","rusticcompat:chair_orange_stained",715,"false",4671,0,"Stained Orange Chair","true",""
"Rustic Furniture Compat","rusticcompat:chair_pink_painted",676,"false",4632,0,"Painted Pink Chair","true",""
"Rustic Furniture Compat","rusticcompat:chair_pink_stained",716,"false",4672,0,"Stained Pink Chair","true",""
"Rustic Furniture Compat","rusticcompat:chair_purple_painted",684,"false",4640,0,"Painted Purple Chair","true",""
"Rustic Furniture Compat","rusticcompat:chair_purple_stained",724,"false",4680,0,"Stained Purple Chair","true",""
"Rustic Furniture Compat","rusticcompat:chair_red_painted",672,"false",4628,0,"Painted Red Chair","true",""
"Rustic Furniture Compat","rusticcompat:chair_red_stained",712,"false",4668,0,"Stained Red Chair","true",""
"Rustic Furniture Compat","rusticcompat:chair_reed",709,"false",4665,0,"Reed Chair","true",""
"Rustic Furniture Compat","rusticcompat:chair_silver_painted",686,"false",4642,0,"Painted Light Gray Chair","true",""
"Rustic Furniture Compat","rusticcompat:chair_skyroot",744,"false",4700,0,"Skyroot Chair","true",""
"Rustic Furniture Compat","rusticcompat:chair_stalagnate",708,"false",4664,0,"Stalagnate Chair","true",""
"Rustic Furniture Compat","rusticcompat:chair_tenebra",706,"false",4662,0,"Tenebra Chair","true",""
"Rustic Furniture Compat","rusticcompat:chair_white_painted",679,"false",4635,0,"Painted White Chair","true",""
"Rustic Furniture Compat","rusticcompat:chair_white_stained",719,"false",4675,0,"Stained White Chair","true",""
"Rustic Furniture Compat","rusticcompat:chair_wyrmwood",746,"false",4702,0,"Wyrmwood Chair","true",""
"Rustic Furniture Compat","rusticcompat:chair_yellow_painted",674,"false",4630,0,"Painted Yellow Chair","true",""
"Rustic Furniture Compat","rusticcompat:chair_yellow_stained",714,"false",4670,0,"Stained Yellow Chair","true",""
"Rustic Furniture Compat","rusticcompat:table_black_painted",694,"false",4650,0,"Painted Black Table","true",""
"Rustic Furniture Compat","rusticcompat:table_black_stained",734,"false",4690,0,"Stained Black Table","true",""
"Rustic Furniture Compat","rusticcompat:table_blue_painted",689,"false",4645,0,"Painted Blue Table","true",""
"Rustic Furniture Compat","rusticcompat:table_blue_stained",729,"false",4685,0,"Stained Blue Table","true",""
"Rustic Furniture Compat","rusticcompat:table_brown_painted",696,"false",4652,0,"Painted Brown Table","true",""
"Rustic Furniture Compat","rusticcompat:table_brown_stained",736,"false",4692,0,"Stained Brown Table","true",""
"Rustic Furniture Compat","rusticcompat:table_cyan_painted",701,"false",4657,0,"Painted Cyan Table","true",""
"Rustic Furniture Compat","rusticcompat:table_cyan_stained",741,"false",4697,0,"Stained Cyan Table","true",""
"Rustic Furniture Compat","rusticcompat:table_fir",705,"false",4661,0,"Fir Table","true",""
"Rustic Furniture Compat","rusticcompat:table_gray_painted",697,"false",4653,0,"Painted Gray Table","true",""
"Rustic Furniture Compat","rusticcompat:table_gray_stained",737,"false",4693,0,"Stained Gray Table","true",""
"Rustic Furniture Compat","rusticcompat:table_green_painted",693,"false",4649,0,"Painted Green Table","true",""
"Rustic Furniture Compat","rusticcompat:table_green_stained",733,"false",4689,0,"Stained Green Table","true",""
"Rustic Furniture Compat","rusticcompat:table_light_blue_painted",703,"false",4659,0,"Painted Light Blue Table","true",""
"Rustic Furniture Compat","rusticcompat:table_light_blue_stained",743,"false",4699,0,"Stained Light Blue Table","true",""
"Rustic Furniture Compat","rusticcompat:table_light_gray_stained",742,"false",4698,0,"Stained Light Gray Table","true",""
"Rustic Furniture Compat","rusticcompat:table_lime_painted",698,"false",4654,0,"Painted Lime Table","true",""
"Rustic Furniture Compat","rusticcompat:table_lime_stained",738,"false",4694,0,"Stained Lime Table","true",""
"Rustic Furniture Compat","rusticcompat:table_magenta_painted",699,"false",4655,0,"Painted Magenta Table","true",""
"Rustic Furniture Compat","rusticcompat:table_magenta_stained",739,"false",4695,0,"Stained Magenta Table","true",""
"Rustic Furniture Compat","rusticcompat:table_orange_painted",691,"false",4647,0,"Painted Orange Table","true",""
"Rustic Furniture Compat","rusticcompat:table_orange_stained",731,"false",4687,0,"Stained Orange Table","true",""
"Rustic Furniture Compat","rusticcompat:table_pink_painted",692,"false",4648,0,"Painted Pink Table","true",""
"Rustic Furniture Compat","rusticcompat:table_pink_stained",732,"false",4688,0,"Stained Pink Table","true",""
"Rustic Furniture Compat","rusticcompat:table_purple_painted",700,"false",4656,0,"Painted Purple Table","true",""
"Rustic Furniture Compat","rusticcompat:table_purple_stained",740,"false",4696,0,"Stained Purple Table","true",""
"Rustic Furniture Compat","rusticcompat:table_red_painted",688,"false",4644,0,"Painted Red Table","true",""
"Rustic Furniture Compat","rusticcompat:table_red_stained",728,"false",4684,0,"Stained Red Table","true",""
"Rustic Furniture Compat","rusticcompat:table_reed",711,"false",4667,0,"Reed Table","true",""
"Rustic Furniture Compat","rusticcompat:table_silver_painted",702,"false",4658,0,"Painted Light Gray Table","true",""
"Rustic Furniture Compat","rusticcompat:table_skyroot",745,"false",4701,0,"Skyroot Table","true",""
"Rustic Furniture Compat","rusticcompat:table_stalagnate",710,"false",4666,0,"Stalagnate Table","true",""
"Rustic Furniture Compat","rusticcompat:table_tenebra",707,"false",4663,0,"Tenebra Table","true",""
"Rustic Furniture Compat","rusticcompat:table_white_painted",695,"false",4651,0,"Painted White Table","true",""
"Rustic Furniture Compat","rusticcompat:table_white_stained",735,"false",4691,0,"Stained White Table","true",""
"Rustic Furniture Compat","rusticcompat:table_wyrmwood",747,"false",4703,0,"Wyrmwood Table","true",""
"Rustic Furniture Compat","rusticcompat:table_yellow_painted",690,"false",4646,0,"Painted Yellow Table","true",""
"Rustic Furniture Compat","rusticcompat:table_yellow_stained",730,"false",4686,0,"Stained Yellow Table","true",""
"Scaling Health","scalinghealth:crystalore",4127,"false",4724,0,"Heart Crystal Ore","true",""
"Seeds For Electroblob's Wizardry","t3s4ebw:crystal_crop",4128,"false",10628,0,"Crystal Crop","true",""
"Simple Storage Network","storagenetwork:controller",5213,"false",13605,0,"Controller","true",""
"Simple Storage Network","storagenetwork:ex_kabel",5210,"false",13602,0,"Storage Export Cable","true",""
"Simple Storage Network","storagenetwork:im_kabel",5211,"false",13603,0,"Storage Import Cable","true",""
"Simple Storage Network","storagenetwork:inventory",5207,"false",13598,0,"Storage Inventory","true",""
"Simple Storage Network","storagenetwork:kabel",5208,"false",13599,0,"Storage Cable","true",""
"Simple Storage Network","storagenetwork:master",5205,"false",13596,0,"Storage Network Master","true",""
"Simple Storage Network","storagenetwork:process_kabel",5212,"false",13604,0,"Processing Cable","true",""
"Simple Storage Network","storagenetwork:request",5206,"false",13597,0,"Storage Request Table","true",""
"Simple Storage Network","storagenetwork:simple_kabel",5214,"false",13600,0,"Simple Cable","true",""
"Simple Storage Network","storagenetwork:storage_kabel",5209,"false",13601,0,"Storage Link Cable","true",""
"SpellBundle","spellbundle:conjured_bramble",4561,"false",,,"tile.null.name","true",""
"Spellcaster's Archives","spellarchives:spell_archive",4129,"false",10999,0,"Spellcaster's Archives","true",""
"Spooky Biomes","spookybiomes:bloodied_dirt",4607,"false",12477,0,"Bloodied Dirt","true",""
"Spooky Biomes","spookybiomes:bloodied_grass",4606,"false",12476,0,"Bloodied Grass","true",""
"Spooky Biomes","spookybiomes:bloodwood_door",4600,"false",,,"Blood Door","true",""
"Spooky Biomes","spookybiomes:bloodwood_double_slab",4605,"false",,,"tile.spookybiomes.bloodwood_double_slab.name","true",""
"Spooky Biomes","spookybiomes:bloodwood_fence",4603,"false",12474,0,"Blood Fence","true","fenceWood"
"Spooky Biomes","spookybiomes:bloodwood_gate",4599,"false",12471,0,"Blood Gate","true","fenceGateWood"
"Spooky Biomes","spookybiomes:bloodwood_leaves",4596,"false",12468,0,"Blood Leaves","true","treeLeaves"
"Spooky Biomes","spookybiomes:bloodwood_log",4595,"false",12467,0,"Blood Log","true","logWood"
"Spooky Biomes","spookybiomes:bloodwood_planks",4597,"false",12469,0,"Blood Planks","true","plankWood"
"Spooky Biomes","spookybiomes:bloodwood_sapling",4598,"false",12470,0,"Blood Sapling","true","treeSapling"
"Spooky Biomes","spookybiomes:bloodwood_slab",4604,"false",12475,0,"Blood Slab","true",""
"Spooky Biomes","spookybiomes:bloodwood_stairs",4602,"false",12473,0,"Blood Stairs","true","stairWood"
"Spooky Biomes","spookybiomes:bloodwood_trapdoor",4601,"false",12472,0,"Blood Trapdoor","true",""
"Spooky Biomes","spookybiomes:ghostly_door",4578,"false",,,"Ghostly Door","true",""
"Spooky Biomes","spookybiomes:ghostly_double_slab",4583,"false",,,"tile.spookybiomes.ghostly_double_slab.name","true",""
"Spooky Biomes","spookybiomes:ghostly_fence",4581,"false",12456,0,"Ghostly Fence","true","fenceWood"
"Spooky Biomes","spookybiomes:ghostly_gate",4577,"false",12453,0,"Ghostly Gate","true","fenceGateWood"
"Spooky Biomes","spookybiomes:ghostly_leaves",4574,"false",12450,0,"Ghostly Leaves","true","treeLeaves"
"Spooky Biomes","spookybiomes:ghostly_log",4573,"false",12449,0,"Ghostly Log","true","logWood"
"Spooky Biomes","spookybiomes:ghostly_planks",4575,"false",12451,0,"Ghostly Planks","true","plankWood"
"Spooky Biomes","spookybiomes:ghostly_sapling",4576,"false",12452,0,"Ghostly Sapling","true","treeSapling"
"Spooky Biomes","spookybiomes:ghostly_slab",4582,"false",12457,0,"Ghostly Slab","true",""
"Spooky Biomes","spookybiomes:ghostly_stairs",4580,"false",12455,0,"Ghostly Stairs","true","stairWood"
"Spooky Biomes","spookybiomes:ghostly_trapdoor",4579,"false",12454,0,"Ghostly Trapdoor","true",""
"Spooky Biomes","spookybiomes:seeping_door",4589,"false",,,"Seeping Door","true",""
"Spooky Biomes","spookybiomes:seeping_double_slab",4594,"false",,,"tile.spookybiomes.seeping_double_slab.name","true",""
"Spooky Biomes","spookybiomes:seeping_fence",4592,"false",12465,0,"Seeping Fence","true","fenceWood"
"Spooky Biomes","spookybiomes:seeping_gate",4588,"false",12462,0,"Seeping Gate","true","fenceGateWood"
"Spooky Biomes","spookybiomes:seeping_leaves",4585,"false",12459,0,"Seeping Leaves","true","treeLeaves"
"Spooky Biomes","spookybiomes:seeping_log",4584,"false",12458,0,"Seeping Log","true","logWood"
"Spooky Biomes","spookybiomes:seeping_planks",4586,"false",12460,0,"Seeping Planks","true","plankWood"
"Spooky Biomes","spookybiomes:seeping_sapling",4587,"false",12461,0,"Seeping Sapling","true","treeSapling"
"Spooky Biomes","spookybiomes:seeping_slab",4593,"false",12466,0,"Seeping Slab","true",""
"Spooky Biomes","spookybiomes:seeping_stairs",4591,"false",12464,0,"Seeping Stairs","true","stairWood"
"Spooky Biomes","spookybiomes:seeping_trapdoor",4590,"false",12463,0,"Seeping Trapdoor","true",""
"Spooky Biomes","spookybiomes:sorbus_door",4567,"false",,,"Sorbus Door","true",""
"Spooky Biomes","spookybiomes:sorbus_double_slab",4572,"false",,,"tile.spookybiomes.sorbus_double_slab.name","true",""
"Spooky Biomes","spookybiomes:sorbus_fence",4570,"false",12447,0,"Sorbus Fence","true","fenceWood"
"Spooky Biomes","spookybiomes:sorbus_gate",4566,"false",12444,0,"Sorbus Gate","true","fenceGateWood"
"Spooky Biomes","spookybiomes:sorbus_leaves",4563,"false",12441,0,"Sorbus Leaves","true","treeLeaves"
"Spooky Biomes","spookybiomes:sorbus_log",4562,"false",12440,0,"Sorbus Log","true","logWood"
"Spooky Biomes","spookybiomes:sorbus_planks",4564,"false",12442,0,"Sorbus Planks","true","plankWood"
"Spooky Biomes","spookybiomes:sorbus_sapling",4565,"false",12443,0,"Sorbus Sapling","true","treeSapling"
"Spooky Biomes","spookybiomes:sorbus_slab",4571,"false",12448,0,"Sorbus Slab","true",""
"Spooky Biomes","spookybiomes:sorbus_stairs",4569,"false",12446,0,"Sorbus Stairs","true","stairWood"
"Spooky Biomes","spookybiomes:sorbus_trapdoor",4568,"false",12445,0,"Sorbus Trapdoor","true",""
"Structurize","structurize:blockcactusdoor",4609,"false",,,"item.structurize.blockcactusdoor.name","true",""
"Structurize","structurize:blockcactusfence",4614,"false",12497,0,"Cactus Fence","true","fenceWood"
"Structurize","structurize:blockcactusfencegate",4615,"false",12498,0,"Cactus Fence Gate","true","fenceGateWood"
"Structurize","structurize:blockcactusplank",4608,"false",12493,0,"Cactus Plank","true","plankWood"
"Structurize","structurize:blockcactusslab_double",4612,"false",,,"tile.structurize.blockcactusslab_double.name","true",""
"Structurize","structurize:blockcactusslab_half",4611,"false",12496,0,"Cactus Slab","true","slabWood"
"Structurize","structurize:blockcactusstair",4613,"false",12495,0,"tile.structurize.blockcactusstair.name","true","stairWood"
"Structurize","structurize:blockcactustrapdoor",4610,"false",12494,0,"Cactus Trapdoor","true",""
"Structurize","structurize:blockpaperwall",4618,"true",12485,0,"Paper wall","true",""
"Structurize","structurize:blockpaperwall",4618,"true",12485,1,"Paper wall","true",""
"Structurize","structurize:blockpaperwall",4618,"true",12485,2,"Paper wall","true",""
"Structurize","structurize:blockpaperwall",4618,"true",12485,3,"Paper wall","true",""
"Structurize","structurize:blockshingle_acacia",4624,"false",12491,0,"Acacia Shingle","true",""
"Structurize","structurize:blockshingle_birch",4621,"false",12487,0,"Birch Shingle","true",""
"Structurize","structurize:blockshingle_dark_oak",4623,"false",12490,0,"Dark Oak Shingle","true",""
"Structurize","structurize:blockshingle_jungle",4620,"false",12488,0,"Jungle Shingle","true",""
"Structurize","structurize:blockshingle_oak",4619,"false",12486,0,"Oak Shingle","true",""
"Structurize","structurize:blockshingle_spruce",4622,"false",12489,0,"Spruce Shingle","true",""
"Structurize","structurize:blockshingleslab",4625,"false",12492,0,"Shingle slab","true",""
"Structurize","structurize:blocksolidsubstitution",4616,"false",12483,0,"tile.structurize.blockSolidSubstitution.name","true",""
"Structurize","structurize:blocksubstitution",4617,"false",12484,0,"Placeholderblock","true",""
"Structurize","structurize:blocktimberframe_acacia_doublecrossed",4667,"false",12540,0,"Acacia Crossed Timber Frame","true",""
"Structurize","structurize:blocktimberframe_acacia_downgated",4673,"false",12546,0,"Acacia Framed Timber Frame","true",""
"Structurize","structurize:blocktimberframe_acacia_framed",4668,"false",12541,0,"Acacia Framed Timber Frame","true",""
"Structurize","structurize:blocktimberframe_acacia_gateframed",4670,"false",12543,0,"Acacia Framed Timber Frame","true",""
"Structurize","structurize:blocktimberframe_acacia_horizontalnocap",4675,"false",12548,0,"Acacia Horizontal Timber Frame","true",""
"Structurize","structurize:blocktimberframe_acacia_horizontalplain",4674,"false",12547,0,"Acacia Horizontal Timber Frame","true",""
"Structurize","structurize:blocktimberframe_acacia_onecrossedlr",4671,"false",12544,0,"Acacia Right-Left Diagonal Timber Frame","true",""
"Structurize","structurize:blocktimberframe_acacia_onecrossedrl",4672,"false",12545,0,"Acacia Left-Right Diagonal Timber Frame","true",""
"Structurize","structurize:blocktimberframe_acacia_plain",4666,"false",12539,0,"Acacia Plain Timber Frame","true",""
"Structurize","structurize:blocktimberframe_acacia_sideframed",4669,"false",12542,0,"Acacia Framed Timber Frame","true",""
"Structurize","structurize:blocktimberframe_birch_doublecrossed",4647,"false",12520,0,"Birch Crossed Timber Frame","true",""
"Structurize","structurize:blocktimberframe_birch_downgated",4653,"false",12526,0,"Birch Framed Timber Frame","true",""
"Structurize","structurize:blocktimberframe_birch_framed",4648,"false",12521,0,"Birch Framed Timber Frame","true",""
"Structurize","structurize:blocktimberframe_birch_gateframed",4650,"false",12523,0,"Birch Framed Timber Frame","true",""
"Structurize","structurize:blocktimberframe_birch_horizontalnocap",4655,"false",12528,0,"Birch Horizontal Timber Frame","true",""
"Structurize","structurize:blocktimberframe_birch_horizontalplain",4654,"false",12527,0,"Birch Horizontal Timber Frame","true",""
"Structurize","structurize:blocktimberframe_birch_onecrossedlr",4651,"false",12524,0,"Birch Right-Left Diagonal Timber Frame","true",""
"Structurize","structurize:blocktimberframe_birch_onecrossedrl",4652,"false",12525,0,"Birch Left-Right Diagonal Timber Frame","true",""
"Structurize","structurize:blocktimberframe_birch_plain",4646,"false",12519,0,"Birch Plain Timber Frame","true",""
"Structurize","structurize:blocktimberframe_birch_sideframed",4649,"false",12522,0,"Birch Framed Timber Frame","true",""
"Structurize","structurize:blocktimberframe_dark_oak_doublecrossed",4677,"false",12550,0,"Dark Oak Crossed Timber Frame","true",""
"Structurize","structurize:blocktimberframe_dark_oak_downgated",4683,"false",12556,0,"Dark Oak Framed Timber Frame","true",""
"Structurize","structurize:blocktimberframe_dark_oak_framed",4678,"false",12551,0,"Dark Oak Framed Timber Frame","true",""
"Structurize","structurize:blocktimberframe_dark_oak_gateframed",4680,"false",12553,0,"Dark Oak Framed Timber Frame","true",""
"Structurize","structurize:blocktimberframe_dark_oak_horizontalnocap",4685,"false",12558,0,"Dark Oak Horizontal Timber Frame","true",""
"Structurize","structurize:blocktimberframe_dark_oak_horizontalplain",4684,"false",12557,0,"Dark Oak Horizontal Timber Frame","true",""
"Structurize","structurize:blocktimberframe_dark_oak_onecrossedlr",4681,"false",12554,0,"Dark Oak Right-Left Diagonal Timber Frame","true",""
"Structurize","structurize:blocktimberframe_dark_oak_onecrossedrl",4682,"false",12555,0,"Dark Oak Left-Right Diagonal Timber Frame","true",""
"Structurize","structurize:blocktimberframe_dark_oak_plain",4676,"false",12549,0,"Dark Oak Plain Timber Frame","true",""
"Structurize","structurize:blocktimberframe_dark_oak_sideframed",4679,"false",12552,0,"Dark Oak Framed Timber Frame","true",""
"Structurize","structurize:blocktimberframe_jungle_doublecrossed",4657,"false",12530,0,"Jungle Crossed Timber Frame","true",""
"Structurize","structurize:blocktimberframe_jungle_downgated",4663,"false",12536,0,"Jungle Framed Timber Frame","true",""
"Structurize","structurize:blocktimberframe_jungle_framed",4658,"false",12531,0,"Jungle Framed Timber Frame","true",""
"Structurize","structurize:blocktimberframe_jungle_gateframed",4660,"false",12533,0,"Jungle Framed Timber Frame","true",""
"Structurize","structurize:blocktimberframe_jungle_horizontalnocap",4665,"false",12538,0,"Jungle Horizontal Timber Frame","true",""
"Structurize","structurize:blocktimberframe_jungle_horizontalplain",4664,"false",12537,0,"Jungle Horizontal Timber Frame","true",""
"Structurize","structurize:blocktimberframe_jungle_onecrossedlr",4661,"false",12534,0,"Jungle Right-Left Diagonal Timber Frame","true",""
"Structurize","structurize:blocktimberframe_jungle_onecrossedrl",4662,"false",12535,0,"Jungle Left-Right Diagonal Timber Frame","true",""
"Structurize","structurize:blocktimberframe_jungle_plain",4656,"false",12529,0,"Jungle Plain Timber Frame","true",""
"Structurize","structurize:blocktimberframe_jungle_sideframed",4659,"false",12532,0,"Jungle Framed Timber Frame","true",""
"Structurize","structurize:blocktimberframe_oak_doublecrossed",4627,"false",12500,0,"Oak Crossed Timber Frame","true",""
"Structurize","structurize:blocktimberframe_oak_downgated",4633,"false",12506,0,"Oak Framed Timber Frame","true",""
"Structurize","structurize:blocktimberframe_oak_framed",4628,"false",12501,0,"Oak Framed Timber Frame","true",""
"Structurize","structurize:blocktimberframe_oak_gateframed",4630,"false",12503,0,"Oak Framed Timber Frame","true",""
"Structurize","structurize:blocktimberframe_oak_horizontalnocap",4635,"false",12508,0,"Oak Horizontal Timber Frame","true",""
"Structurize","structurize:blocktimberframe_oak_horizontalplain",4634,"false",12507,0,"Oak Horizontal Timber Frame","true",""
"Structurize","structurize:blocktimberframe_oak_onecrossedlr",4631,"false",12504,0,"Oak Left-Right Diagonal Timber Frame","true",""
"Structurize","structurize:blocktimberframe_oak_onecrossedrl",4632,"false",12505,0,"Oak Right-Left Diagonal Timber Frame","true",""
"Structurize","structurize:blocktimberframe_oak_plain",4626,"false",12499,0,"Oak Plain Timber Frame","true",""
"Structurize","structurize:blocktimberframe_oak_sideframed",4629,"false",12502,0,"Oak Framed Timber Frame","true",""
"Structurize","structurize:blocktimberframe_spruce_doublecrossed",4637,"false",12510,0,"Spruce Crossed Timber Frame","true",""
"Structurize","structurize:blocktimberframe_spruce_downgated",4643,"false",12516,0,"Spruce Framed Timber Frame","true",""
"Structurize","structurize:blocktimberframe_spruce_framed",4638,"false",12511,0,"Spruce Framed Timber Frame","true",""
"Structurize","structurize:blocktimberframe_spruce_gateframed",4640,"false",12513,0,"Spruce Framed Timber Frame","true",""
"Structurize","structurize:blocktimberframe_spruce_horizontalnocap",4645,"false",12518,0,"Spruce Horizontal Timber Frame","true",""
"Structurize","structurize:blocktimberframe_spruce_horizontalplain",4644,"false",12517,0,"Spruce Horizontal Timber Frame","true",""
"Structurize","structurize:blocktimberframe_spruce_onecrossedlr",4641,"false",12514,0,"Spruce Right-Left Diagonal Timber Frame","true",""
"Structurize","structurize:blocktimberframe_spruce_onecrossedrl",4642,"false",12515,0,"Spruce Left-Right Diagonal Timber Frame","true",""
"Structurize","structurize:blocktimberframe_spruce_plain",4636,"false",12509,0,"Spruce Plain Timber Frame","true",""
"Structurize","structurize:blocktimberframe_spruce_sideframed",4639,"false",12512,0,"Spruce Framed Timber Frame","true",""
"Structurize","structurize:multiblock",4686,"false",12559,0,"MultiBlock","true",""
"Stygian End Re-continuation","stygian:endacid",1602,"false",6146,0,"Stygian Acid","true",""
"Stygian End Re-continuation","stygian:endaciddeadbush",1579,"false",6123,0,"Acidic Rotten Bush","true",""
"Stygian End Re-continuation","stygian:endastrodoor",1554,"false",,,"item.stygian.endastrodoor.name","true",""
"Stygian End Re-continuation","stygian:endastrofence",1552,"false",6097,0,"Lunarglow Fence","true",""
"Stygian End Re-continuation","stygian:endastrofencegate",1553,"false",6098,0,"Lunarglow Fence Gate","true",""
"Stygian End Re-continuation","stygian:endastroleaves",1564,"false",6108,0,"Lunarglow Leaves","true","treeLeaves"
"Stygian End Re-continuation","stygian:endastrolog",1547,"false",6093,0,"Lunarglow Log","true","logWood"
"Stygian End Re-continuation","stygian:endastroplanks",1548,"false",6094,0,"Lunarglow Wood Planks","true","plankWood"
"Stygian End Re-continuation","stygian:endastroplanksslab",1550,"false",6096,0,"Lunarglow Wood Slab","true",""
"Stygian End Re-continuation","stygian:endastroplanksslab_double",1551,"false",,,"Double Lunarglow Wood Slab","true",""
"Stygian End Re-continuation","stygian:endastrosapling",1587,"false",6131,0,"Lunarglow Sapling","true",""
"Stygian End Re-continuation","stygian:endastrostairs",1549,"false",6095,0,"Lunarglow Wood Stairs","true",""
"Stygian End Re-continuation","stygian:endbluecactus",1601,"false",6145,0,"Blue Cactus","true",""
"Stygian End Re-continuation","stygian:endcactus",1600,"false",6144,0,"Hawthorn","true",""
"Stygian End Re-continuation","stygian:endcanopysapling",1585,"false",6129,0,"Wyrmwood Sapling","true",""
"Stygian End Re-continuation","stygian:endcell",1584,"false",6128,0,"Cells","true",""
"Stygian End Re-continuation","stygian:enddeadbush",1578,"false",6122,0,"Rotten Bush","true",""
"Stygian End Re-continuation","stygian:enddeadcoalore",1594,"false",6138,0,"Rotten Coal Ore","true",""
"Stygian End Re-continuation","stygian:enddeadcobblestone",1595,"false",6139,0,"Rotten Cobblestone","true","cobblestone"
"Stygian End Re-continuation","stygian:enddeaddirt",1592,"false",6136,0,"Rotten Dirt","true",""
"Stygian End Re-continuation","stygian:enddeadgrass",1577,"false",6121,0,"Algea Dried Grass","true",""
"Stygian End Re-continuation","stygian:enddeadhangingroot",1580,"false",6124,0,"Rotten Hanging Root","true",""
"Stygian End Re-continuation","stygian:enddeadstone",1593,"false",6137,0,"Rotten Stone","true",""
"Stygian End Re-continuation","stygian:enddeadstonebrick",1596,"false",6140,0,"Rotten Stone Bricks","true",""
"Stygian End Re-continuation","stygian:enddoor",1546,"false",,,"item.stygian.enddoor.name","true",""
"Stygian End Re-continuation","stygian:enddragonorchid",1572,"false",6116,0,"Dragon Orchid","true",""
"Stygian End Re-continuation","stygian:endfence",1544,"false",6090,0,"Wyrmwood Fence","true",""
"Stygian End Re-continuation","stygian:endfencegate",1545,"false",6091,0,"Wyrmwood Fence Gate","true",""
"Stygian End Re-continuation","stygian:endglow",1571,"false",6115,0,"Enbiotic","true",""
"Stygian End Re-continuation","stygian:endgrass",1566,"false",6110,0,"Stygian Grass","true",""
"Stygian End Re-continuation","stygian:endleaves",1563,"false",6107,0,"Wyrmwood Leaves","true","treeLeaves"
"Stygian End Re-continuation","stygian:endlightflower",1575,"false",6119,0,"Light Flower","true",""
"Stygian End Re-continuation","stygian:endlog",1539,"false",6086,0,"Wyrmwood Log","true","logWood"
"Stygian End Re-continuation","stygian:endlogstairs",1541,"false",6088,0,"Wyrmwood Wood Stairs","true",""
"Stygian End Re-continuation","stygian:endlunargrass",1567,"false",6111,0,"Lunar Grass","true",""
"Stygian End Re-continuation","stygian:endlunartallgrass",1574,"false",6118,0,"Lunar Tall Grass","true",""
"Stygian End Re-continuation","stygian:endmagma",1599,"false",6143,0,"Leachstone","true",""
"Stygian End Re-continuation","stygian:endmoonrock",1597,"false",6141,0,"Moonrock","true",""
"Stygian End Re-continuation","stygian:endmoonshine",1576,"false",6120,0,"Moonshine","true",""
"Stygian End Re-continuation","stygian:endobsidian",1590,"false",6134,0,"Porphyry","true",""
"Stygian End Re-continuation","stygian:endobsidianbrick",1591,"false",6135,0,"Porphyry Brick","true",""
"Stygian End Re-continuation","stygian:endplanks",1540,"false",6087,0,"Wyrmwood Wood Planks","true","plankWood"
"Stygian End Re-continuation","stygian:endplanksslab",1542,"false",6089,0,"Wyrmwood Wood Slab","true",""
"Stygian End Re-continuation","stygian:endplanksslab_double",1543,"false",,,"Double Wyrmwood Wood Slab","true",""
"Stygian End Re-continuation","stygian:endpolishedmoonrock",1598,"false",6142,0,"Polished Moonrock","true",""
"Stygian End Re-continuation","stygian:endsand",1569,"false",6113,0,"End Sand","true",""
"Stygian End Re-continuation","stygian:endshiren",1581,"false",6125,0,"Shiren","true",""
"Stygian End Re-continuation","stygian:endsmallcanopysapling",1586,"false",6130,0,"Small Wyrmwood Sapling","true",""
"Stygian End Re-continuation","stygian:endsnarebells",1583,"false",6127,0,"Snare Bells","true",""
"Stygian End Re-continuation","stygian:endsnaregrass",1568,"false",6112,0,"Snare Grass","true",""
"Stygian End Re-continuation","stygian:endsnaretallgrass",1582,"false",6126,0,"Snare Tall Grass","true",""
"Stygian End Re-continuation","stygian:endtallgrass",1570,"false",6114,0,"Stygian Tall Grass","true",""
"Stygian End Re-continuation","stygian:endvine",1589,"false",6133,0,"Wyrm Vine","true",""
"Stygian End Re-continuation","stygian:endviscousdoor",1562,"false",,,"item.stygian.endviscousdoor.name","true",""
"Stygian End Re-continuation","stygian:endviscousfence",1560,"false",6104,0,"Bacterial Fence","true",""
"Stygian End Re-continuation","stygian:endviscousfencegate",1561,"false",6105,0,"Bacterial Fence Gate","true",""
"Stygian End Re-continuation","stygian:endviscousleaves",1565,"false",6109,0,"Bacterial Leaves","true","treeLeaves"
"Stygian End Re-continuation","stygian:endviscouslog",1555,"false",6100,0,"Bacterial Log","true","logWood"
"Stygian End Re-continuation","stygian:endviscousplanks",1556,"false",6101,0,"Bacterial Wood Planks","true","plankWood"
"Stygian End Re-continuation","stygian:endviscousplanksslab",1558,"false",6103,0,"Bacterial Wood Slab","true",""
"Stygian End Re-continuation","stygian:endviscousplanksslab_double",1559,"false",,,"Double Bacterial Wood Slab","true",""
"Stygian End Re-continuation","stygian:endviscoussapling",1588,"false",6132,0,"Bacterial Sapling","true",""
"Stygian End Re-continuation","stygian:endviscousstairs",1557,"false",6102,0,"Bacterial Wood Stairs","true",""
"Stygian End Re-continuation","stygian:endwyrmroots",1573,"false",6117,0,"Wyrmroots","true",""
"Switch-Bow","switchbow:arrowdispenser",4131,"false",11000,0,"Arrow-Dispenser","true",""
"Switch-Bow","switchbow:minilight",4133,"false",,,"tile.MiniLight.name","true",""
"Switch-Bow","switchbow:podest",4132,"false",11001,0,"Pedestal","true",""
"Switch-Bow","switchbow:redstonepiece",4130,"false",,,"tile.RedstonePiece.name","true",""
"The Aether","aether_legacy:aercloud",4696,"true",12622,0,"Cold Aercloud","true",""
"The Aether","aether_legacy:aercloud",4696,"true",12622,1,"Blue Aercloud","true",""
"The Aether","aether_legacy:aercloud",4696,"true",12622,2,"Golden Aercloud","true",""
"The Aether","aether_legacy:aercloud",4696,"true",12622,3,"Pink Aercloud","true",""
"The Aether","aether_legacy:aerogel",4706,"false",12632,0,"Aerogel","true",""
"The Aether","aether_legacy:aerogel_double_slab",4754,"false",12680,0,"Aerogel Double Slab","true",""
"The Aether","aether_legacy:aerogel_slab",4762,"false",12688,0,"Aerogel Slab","true",""
"The Aether","aether_legacy:aerogel_stairs",4746,"false",12672,0,"Aerogel Stairs","true",""
"The Aether","aether_legacy:aerogel_wall",4738,"false",12664,0,"Aerogel Wall","true",""
"The Aether","aether_legacy:aether_dirt",4692,"false",12618,0,"Aether Dirt","true","dirt"
"The Aether","aether_legacy:aether_grass",4690,"false",12616,0,"Aether Grass","true","grass"
"The Aether","aether_legacy:aether_leaves",4702,"true",12628,0,"Skyroot Leaves","true","treeLeaves"
"The Aether","aether_legacy:aether_leaves",4702,"true",12628,1,"Golden Oak Leaves","true","treeLeaves"
"The Aether","aether_legacy:aether_lever",4775,"false",12815,0,"Holystone Lever","true",""
"The Aether","aether_legacy:aether_log",4703,"true",12629,0,"Skyroot Log","true","logWood"
"The Aether","aether_legacy:aether_log",4703,"true",12629,1,"Golden Oak Log","true","logWood"
"The Aether","aether_legacy:aether_portal",4717,"false",12643,0,"Aether Portal","true",""
"The Aether","aether_legacy:aetherion_chest",4768,"false",12810,0,"Aetherion Chest","true","chest,chestAetherion"
"The Aether","aether_legacy:ambrosium_block",4774,"false",12814,0,"Block of Ambrosium","true",""
"The Aether","aether_legacy:ambrosium_ore",4699,"false",12625,0,"Ambrosium Ore","true","oreAmbrosium"
"The Aether","aether_legacy:ambrosium_torch",4718,"false",12644,0,"Ambrosium Torch","true","torch"
"The Aether","aether_legacy:angelic_double_slab",4749,"false",12675,0,"Angelic Double Slab","true",""
"The Aether","aether_legacy:angelic_slab",4757,"false",12683,0,"Angelic Slab","true",""
"The Aether","aether_legacy:angelic_stairs",4740,"false",12666,0,"Angelic Stairs","true",""
"The Aether","aether_legacy:angelic_wall",4733,"false",12659,0,"Angelic Wall","true",""
"The Aether","aether_legacy:berry_bush",4709,"false",12635,0,"Berry Bush","true",""
"The Aether","aether_legacy:berry_bush_stem",4710,"false",12636,0,"Berry Bush Stem","true",""
"The Aether","aether_legacy:carved_double_slab",4748,"false",12674,0,"Carved Double Slab","true",""
"The Aether","aether_legacy:carved_slab",4756,"false",12682,0,"Carved Slab","true",""
"The Aether","aether_legacy:carved_stairs",4739,"false",12665,0,"Carved Stairs","true",""
"The Aether","aether_legacy:carved_wall",4732,"false",12658,0,"Carved Wall","true",""
"The Aether","aether_legacy:chest_mimic",4719,"false",12645,0,"Chest Mimic","true","chest,chestMimic,chestWood"
"The Aether","aether_legacy:crystal_leaves",4725,"true",12651,0,"Crystal Leaves","true","treeLeaves"
"The Aether","aether_legacy:crystal_leaves",4725,"true",12651,1,"Crystal Fruit Leaves","true","treeLeaves"
"The Aether","aether_legacy:dungeon_block",4714,"true",12640,0,"Carved Stone","true",""
"The Aether","aether_legacy:dungeon_block",4714,"true",12640,1,"Sentry Stone","true",""
"The Aether","aether_legacy:dungeon_block",4714,"true",12640,2,"Angelic Stone","true",""
"The Aether","aether_legacy:dungeon_block",4714,"true",12640,3,"Light Angelic Stone","true",""
"The Aether","aether_legacy:dungeon_block",4714,"true",12640,4,"Hellfire Stone","true",""
"The Aether","aether_legacy:dungeon_block",4714,"true",12640,5,"Light Hellfire Stone","true",""
"The Aether","aether_legacy:dungeon_trap",4716,"true",12642,0,"Carved Stone","true",""
"The Aether","aether_legacy:dungeon_trap",4716,"true",12642,1,"Sentry Stone","true",""
"The Aether","aether_legacy:dungeon_trap",4716,"true",12642,2,"Angelic Stone","true",""
"The Aether","aether_legacy:dungeon_trap",4716,"true",12642,3,"Light Angelic Stone","true",""
"The Aether","aether_legacy:dungeon_trap",4716,"true",12642,4,"Hellfire Stone","true",""
"The Aether","aether_legacy:dungeon_trap",4716,"true",12642,5,"Light Hellfire Stone","true",""
"The Aether","aether_legacy:enchanted_aether_grass",4691,"false",12617,0,"Enchanted Aether Grass","true",""
"The Aether","aether_legacy:enchanted_gravitite",4707,"false",12633,0,"Enchanted Gravitite","true","blockEnchantedGravitite"
"The Aether","aether_legacy:enchanter",4711,"false",12637,0,"Altar","true",""
"The Aether","aether_legacy:freezer",4712,"false",12638,0,"Freezer","true",""
"The Aether","aether_legacy:golden_oak_sapling",4724,"false",12650,0,"Golden Oak Sapling","true","treeSapling"
"The Aether","aether_legacy:gravitite_ore",4701,"false",12627,0,"Gravitite Ore","true","oreGravitite"
"The Aether","aether_legacy:hellfire_double_slab",4750,"false",12676,0,"Hellfire Double Slab","true",""
"The Aether","aether_legacy:hellfire_slab",4758,"false",12684,0,"Hellfire Slab","true",""
"The Aether","aether_legacy:hellfire_stairs",4741,"false",12667,0,"Hellfire Stairs","true",""
"The Aether","aether_legacy:hellfire_wall",4734,"false",12660,0,"Hellfire Wall","true",""
"The Aether","aether_legacy:holiday_leaves",4726,"true",12652,0,"Holiday Leaves","true","treeLeaves"
"The Aether","aether_legacy:holiday_leaves",4726,"true",12652,1,"Decorated Holiday Leaves","true","treeLeaves"
"The Aether","aether_legacy:holystone",4693,"false",12619,0,"Holystone","true","blockHolystone,holystone"
"The Aether","aether_legacy:holystone_brick",4695,"false",12621,0,"Holystone Brick","true",""
"The Aether","aether_legacy:holystone_brick_double_slab",4753,"false",12679,0,"Holystone Brick Double Slab","true",""
"The Aether","aether_legacy:holystone_brick_slab",4761,"false",12687,0,"Holystone Brick Slab","true",""
"The Aether","aether_legacy:holystone_brick_stairs",4745,"false",12671,0,"Holystone Brick Stairs","true",""
"The Aether","aether_legacy:holystone_brick_wall",4736,"false",12662,0,"Holystone Brick Wall","true",""
"The Aether","aether_legacy:holystone_button",4779,"false",12819,0,"Holystone Button","true",""
"The Aether","aether_legacy:holystone_double_slab",4751,"false",12677,0,"Holystone Double Slab","true",""
"The Aether","aether_legacy:holystone_pressure_plate",4776,"false",12816,0,"Holystone Pressure Plate","true",""
"The Aether","aether_legacy:holystone_slab",4759,"false",12685,0,"Holystone Slab","true",""
"The Aether","aether_legacy:holystone_stairs",4744,"false",12670,0,"Holystone Stairs","true",""
"The Aether","aether_legacy:holystone_wall",4735,"false",12661,0,"Holystone Wall","true",""
"The Aether","aether_legacy:icestone",4698,"false",12624,0,"Icestone","true",""
"The Aether","aether_legacy:incubator",4713,"false",12639,0,"Incubator","true",""
"The Aether","aether_legacy:locked_dungeon_block",4715,"true",12641,0,"Carved Stone","true",""
"The Aether","aether_legacy:locked_dungeon_block",4715,"true",12641,1,"Sentry Stone","true",""
"The Aether","aether_legacy:locked_dungeon_block",4715,"true",12641,2,"Angelic Stone","true",""
"The Aether","aether_legacy:locked_dungeon_block",4715,"true",12641,3,"Light Angelic Stone","true",""
"The Aether","aether_legacy:locked_dungeon_block",4715,"true",12641,4,"Hellfire Stone","true",""
"The Aether","aether_legacy:locked_dungeon_block",4715,"true",12641,5,"Light Hellfire Stone","true",""
"The Aether","aether_legacy:mossy_holystone",4694,"false",12620,0,"Mossy Holystone","true","blockMossy"
"The Aether","aether_legacy:mossy_holystone_double_slab",4752,"false",12678,0,"Mossy Holystone Double Slab","true",""
"The Aether","aether_legacy:mossy_holystone_slab",4760,"false",12686,0,"Mossy Holystone Slab","true",""
"The Aether","aether_legacy:mossy_holystone_stairs",4743,"false",12669,0,"Mossy Holystone Stairs","true",""
"The Aether","aether_legacy:mossy_holystone_wall",4737,"false",12663,0,"Mossy Holystone Wall","true",""
"The Aether","aether_legacy:pillar",4728,"false",12654,0,"Pillar","true",""
"The Aether","aether_legacy:pillar_top",4729,"false",12655,0,"Pillar Top","true",""
"The Aether","aether_legacy:present",4727,"false",12653,0,"Present","true",""
"The Aether","aether_legacy:purple_flower",4721,"false",12647,0,"Purple Flower","true",""
"The Aether","aether_legacy:quicksoil",4697,"false",12623,0,"Quicksoil","true",""
"The Aether","aether_legacy:quicksoil_glass",4705,"false",12631,0,"Quicksoil Glass","true","blockGlass"
"The Aether","aether_legacy:quicksoil_glass_pane",4772,"false",12812,0,"Quicksoil Glass Pane","true","paneGlass"
"The Aether","aether_legacy:skyroot_bed",4765,"false",,,"tile.null.name","true",""
"The Aether","aether_legacy:skyroot_bookshelf",4764,"false",12690,0,"Skyroot Bookshelf","true","bookshelf"
"The Aether","aether_legacy:skyroot_button",4780,"false",12820,0,"Skyroot Button","true","buttonWood"
"The Aether","aether_legacy:skyroot_chest",4767,"false",12809,0,"Skyroot Chest","true","chest,chestWood"
"The Aether","aether_legacy:skyroot_crafting_table",4766,"false",12808,0,"Skyroot Crafting Table","true","workbench"
"The Aether","aether_legacy:skyroot_door",4783,"false",,,"Skyroot Door","true",""
"The Aether","aether_legacy:skyroot_double_slab",4747,"false",12673,0,"Skyroot Double Slab","true",""
"The Aether","aether_legacy:skyroot_fence",4730,"false",12656,0,"Skyroot Fence","true","fenceWood"
"The Aether","aether_legacy:skyroot_fence_gate",4731,"false",12657,0,"Skyroot Fence Gate","true","fenceGateWood"
"The Aether","aether_legacy:skyroot_ladder",4769,"false",12811,0,"Skyroot Ladder","true",""
"The Aether","aether_legacy:skyroot_plank",4704,"false",12630,0,"Skyroot Plank","true","plankSkyroot"
"The Aether","aether_legacy:skyroot_pressure_plate",4777,"false",12817,0,"Skyroot Pressure Plate","true","pressurePlateWood"
"The Aether","aether_legacy:skyroot_sapling",4723,"false",12649,0,"Skyroot Sapling","true","treeSapling"
"The Aether","aether_legacy:skyroot_slab",4755,"false",12681,0,"Skyroot Slab","true","slabWood"
"The Aether","aether_legacy:skyroot_stairs",4742,"false",12668,0,"Skyroot Stairs","true","stairWood"
"The Aether","aether_legacy:skyroot_standing_sign",4770,"false",,,"tile.skyroot_standing_sign.name","true",""
"The Aether","aether_legacy:skyroot_trapdoor",4781,"false",12821,0,"Skyroot Trapdoor","true","trapdoorWood"
"The Aether","aether_legacy:skyroot_wall_sign",4771,"false",,,"tile.skyroot_wall_sign.name","true",""
"The Aether","aether_legacy:sun_altar",4763,"false",12689,0,"Sun Altar","true",""
"The Aether","aether_legacy:treasure_chest",4720,"false",12646,0,"Treasure Chest","true","chest,chestTreasure"
"The Aether","aether_legacy:white_flower",4722,"false",12648,0,"White Flower","true",""
"The Aether","aether_legacy:zanite_bars",4773,"false",12813,0,"Zanite Bars","true",""
"The Aether","aether_legacy:zanite_block",4708,"false",12634,0,"Zanite Block","true","blockZanite"
"The Aether","aether_legacy:zanite_door",4784,"false",,,"Zanite Door","true",""
"The Aether","aether_legacy:zanite_ore",4700,"false",12626,0,"Zanite Ore","true","oreZanite"
"The Aether","aether_legacy:zanite_pressure_plate",4778,"false",12818,0,"Zanite Pressure Plate","true",""
"The Aether","aether_legacy:zanite_trapdoor",4782,"false",12822,0,"Zanite Trapdoor","true",""
"The Farlanders","farlanders:endumium_block",5279,"false",12896,0,"Block of Endumium","true",""
"The Farlanders","farlanders:endumium_ore",5278,"false",12895,0,"Endumium Ore","true",""
"TorchMaster","torchmaster:dread_lamp",4152,"false",11066,0,"Dread Lamp","true",""
"TorchMaster","torchmaster:feral_flare_lantern",4153,"false",11067,0,"Feral Flare Lantern","true",""
"TorchMaster","torchmaster:invisible_light",4154,"false",,,"tile.torchmaster.invisible_light.name","true",""
"TorchMaster","torchmaster:mega_torch",4150,"true",11064,0,"Mega Torch","true",""
"TorchMaster","torchmaster:mega_torch",4150,"true",11064,1,"Unlit Mega Torch","true",""
"TorchMaster","torchmaster:terrain_lighter",4151,"false",11065,0,"Terrain Lighter","true",""
"ToroQuest Revampd","toroquest:royalblock",4155,"false",,,"tile.toroquest.royalblock.name","true",""
"ToroQuest Revampd","toroquest:torospawnerblock",4156,"false",,,"tile.toroSpawnerBlock.name","true",""
"Traces of the Fallen","totf:armillary",4168,"false",11136,0,"Armillary","true",""
"Traces of the Fallen","totf:bush_crate",4160,"false",11129,0,"Crate with Bush","true",""
"Traces of the Fallen","totf:grave_marker",4162,"false",11131,0,"Grave Marker","true",""
"Traces of the Fallen","totf:grave_rose",4164,"false",11108,0,"Grave Rose","true",""
"Traces of the Fallen","totf:lost_cargo",4157,"false",11126,0,"Lost Cargo","true",""
"Traces of the Fallen","totf:lost_crate_potions",4158,"false",11128,0,"Lost Cargo Potions","true",""
"Traces of the Fallen","totf:rose",4163,"false",11132,0,"Rose","true",""
"Traces of the Fallen","totf:skeleton_crate",4159,"false",11127,0,"Skeleton with crate","true",""
"Traces of the Fallen","totf:stone_circle",4161,"false",11130,0,"Stone Circle","true",""
"Traces of the Fallen","totf:tent",4165,"false",11133,0,"Tent","true",""
"Traces of the Fallen","totf:tent_abandoned",4166,"false",11134,0,"Abandoned Tent","true",""
"Traces of the Fallen","totf:tent_abandoned_idol",4167,"false",11135,0,"Abandoned Tent with Idol","true",""
"Traverse","traverse:blue_rock",4057,"false",10376,0,"Crag Rock","true","stone"
"Traverse","traverse:blue_rock_bricks",4058,"false",10377,0,"Crag Rock Bricks","true",""
"Traverse","traverse:blue_rock_bricks_chiseled",4062,"false",10380,0,"Chiseled Crag Rock Bricks","true",""
"Traverse","traverse:blue_rock_bricks_double_slab",4061,"false",,,"tile.traverse:blue_rock_bricks_double_slab.name","true",""
"Traverse","traverse:blue_rock_bricks_slab",4060,"false",10379,0,"Crag Rock Bricks Slab","true",""
"Traverse","traverse:blue_rock_bricks_stairs",4059,"false",10378,0,"Crag Rock Brick Stairs","true",""
"Traverse","traverse:blue_rock_cobblestone",4065,"false",10382,0,"Crag Rock Cobblestone","true","cobblestone"
"Traverse","traverse:blue_rock_cobblestone_double_slab",4068,"false",,,"tile.traverse:blue_rock_cobblestone_double_slab.name","true",""
"Traverse","traverse:blue_rock_cobblestone_slab",4067,"false",10384,0,"Crag Rock Cobblestone Slab","true",""
"Traverse","traverse:blue_rock_cobblestone_stairs",4066,"false",10383,0,"Crag Rock Cobblestone Stairs","true",""
"Traverse","traverse:blue_rock_cobblestone_wall",4069,"false",10385,0,"Crag Rock Cobblestone Wall","true",""
"Traverse","traverse:blue_rock_double_slab",4064,"false",,,"tile.traverse:blue_rock_double_slab.name","true",""
"Traverse","traverse:blue_rock_slab",4063,"false",10381,0,"Crag Rock Slab","true",""
"Traverse","traverse:brown_autumnal_leaves",4028,"false",10351,0,"Brown Autumnal Leaves","true","treeLeaves"
"Traverse","traverse:brown_autumnal_sapling",4029,"false",10352,0,"Brown Autumnal Sapling","true","treeSapling"
"Traverse","traverse:cold_grass",4071,"false",10387,0,"Cold Grass","true",""
"Traverse","traverse:dead_grass",4070,"false",10386,0,"Dead Grass","true",""
"Traverse","traverse:fir_door",4043,"false",10365,0,"Fir Door","true",""
"Traverse","traverse:fir_double_slab",4040,"false",,,"tile.traverse:fir_double_slab.name","true",""
"Traverse","traverse:fir_fence",4041,"false",10363,0,"Fir Fence","true","fenceGateWood"
"Traverse","traverse:fir_fence_gate",4042,"false",10364,0,"Fir Fence Gate","true",""
"Traverse","traverse:fir_leaves",4034,"false",10357,0,"Fir Leaves","true","treeLeaves"
"Traverse","traverse:fir_log",4036,"false",10359,0,"Fir Wood","true","logWood"
"Traverse","traverse:fir_planks",4037,"false",10360,0,"Fir Wood Planks","true","plankWood"
"Traverse","traverse:fir_sapling",4035,"false",10358,0,"Fir Sapling","true","treeSapling"
"Traverse","traverse:fir_slab",4039,"false",10362,0,"Fir Wood Slab","true","slabWood"
"Traverse","traverse:fir_stairs",4038,"false",10361,0,"Fir Wood Stairs","true","stairWood"
"Traverse","traverse:orange_autumnal_leaves",4030,"false",10353,0,"Orange Autumnal Leaves","true","treeLeaves"
"Traverse","traverse:orange_autumnal_sapling",4031,"false",10354,0,"Orange Autumnal Sapling","true","treeSapling"
"Traverse","traverse:red_autumnal_leaves",4026,"false",10349,0,"Red Autumnal Leaves","true","treeLeaves"
"Traverse","traverse:red_autumnal_sapling",4027,"false",10350,0,"Red Autumnal Sapling","true","treeSapling"
"Traverse","traverse:red_rock",4044,"false",10366,0,"Red Rock","true","stone"
"Traverse","traverse:red_rock_bricks",4045,"false",10367,0,"Red Rock Bricks","true",""
"Traverse","traverse:red_rock_bricks_chiseled",4049,"false",10370,0,"Chiseled Red Rock Bricks","true",""
"Traverse","traverse:red_rock_bricks_double_slab",4048,"false",,,"tile.traverse:red_rock_bricks_double_slab.name","true",""
"Traverse","traverse:red_rock_bricks_slab",4047,"false",10369,0,"Red Rock Bricks Slab","true",""
"Traverse","traverse:red_rock_bricks_stairs",4046,"false",10368,0,"Red Rock Brick Stairs","true",""
"Traverse","traverse:red_rock_cobblestone",4052,"false",10372,0,"Red Rock Cobblestone","true","cobblestone"
"Traverse","traverse:red_rock_cobblestone_double_slab",4055,"false",,,"tile.traverse:red_rock_cobblestone_double_slab.name","true",""
"Traverse","traverse:red_rock_cobblestone_slab",4054,"false",10374,0,"Red Rock Cobblestone Slab","true",""
"Traverse","traverse:red_rock_cobblestone_stairs",4053,"false",10373,0,"Red Rock Cobblestone Stairs","true",""
"Traverse","traverse:red_rock_cobblestone_wall",4056,"false",10375,0,"Red Rock Cobblestone Wall","true",""
"Traverse","traverse:red_rock_double_slab",4051,"false",,,"tile.traverse:red_rock_double_slab.name","true",""
"Traverse","traverse:red_rock_slab",4050,"false",10371,0,"Red Rock Slab","true",""
"Traverse","traverse:yellow_autumnal_leaves",4032,"false",10355,0,"Yellow Autumnal Leaves","true","treeLeaves"
"Traverse","traverse:yellow_autumnal_sapling",4033,"false",10356,0,"Yellow Autumnal Sapling","true","treeSapling"
"Trinkets and Baubles","xat:cooled_magma",2347,"false",,,"tile.xat:cooled_magma.name","true",""
"Trinkets and Baubles","xat:moon_rose",2331,"false",7302,0,"Moon Rose","true",""
"Trinkets and Baubles","xat:teddy_bear",2332,"false",,,"tile.xat:teddy_bear.name","true",""
"Trinkets and Baubles","xat:teddy_bear_artsy",2338,"false",,,"tile.xat:teddy_bear_artsy.name","true",""
"Trinkets and Baubles","xat:teddy_bear_bee",2336,"false",,,"tile.xat:teddy_bear_bee.name","true",""
"Trinkets and Baubles","xat:teddy_bear_boom",2344,"false",,,"tile.xat:teddy_bear_boom.name","true",""
"Trinkets and Baubles","xat:teddy_bear_ken",2341,"false",,,"tile.xat:teddy_bear_ken.name","true",""
"Trinkets and Baubles","xat:teddy_bear_nyan",2342,"false",,,"tile.xat:teddy_bear_nyan.name","true",""
"Trinkets and Baubles","xat:teddy_bear_nyan_old",2343,"false",,,"tile.xat:teddy_bear_nyan_old.name","true",""
"Trinkets and Baubles","xat:teddy_bear_panda",2337,"false",,,"tile.xat:teddy_bear_panda.name","true",""
"Trinkets and Baubles","xat:teddy_bear_rembo",2333,"false",,,"tile.xat:teddy_bear_rembo.name","true",""
"Trinkets and Baubles","xat:teddy_bear_rixxi",2345,"false",,,"tile.xat:teddy_bear_rixxi.name","true",""
"Trinkets and Baubles","xat:teddy_bear_ryu",2340,"false",,,"tile.xat:teddy_bear_ryu.name","true",""
"Trinkets and Baubles","xat:teddy_bear_scary",2334,"false",,,"tile.xat:teddy_bear_scary.name","true",""
"Trinkets and Baubles","xat:teddy_bear_shivaxi",2335,"false",,,"tile.xat:teddy_bear_shivaxi.name","true",""
"Trinkets and Baubles","xat:teddy_bear_snowie",2346,"false",,,"tile.xat:teddy_bear_snowie.name","true",""
"Trinkets and Baubles","xat:teddy_bear_twilight",2339,"false",,,"tile.xat:teddy_bear_twilight.name","true",""
"Unseen's Dungeon Additions","da:adventure_block",4195,"false",11209,0,"Block of Adventuric Metal","true",""
"Unseen's Dungeon Additions","da:aegyptia_block",4197,"false",11211,0,"Block of Aegyptian Metal","true",""
"Unseen's Dungeon Additions","da:aegyptian_spawner",4190,"false",11204,0,"Skull of the Past","true",""
"Unseen's Dungeon Additions","da:alfera_crate",4238,"false",11252,0,"Alfera Crate","true",""
"Unseen's Dungeon Additions","da:alfera_planks",4236,"false",11250,0,"Alfera Planks","true",""
"Unseen's Dungeon Additions","da:alfera_planks_rod",4237,"false",11251,0,"Studded Alfera Planks","true",""
"Unseen's Dungeon Additions","da:az_fence",4179,"false",11193,0,"Vine Wall","true",""
"Unseen's Dungeon Additions","da:aza_vines",4174,"false",11188,0,"Azalea Vines","true",""
"Unseen's Dungeon Additions","da:aza_vines_berries",4175,"false",11189,0,"Azalea Vines with Berries","true",""
"Unseen's Dungeon Additions","da:azaela_leaf",4176,"false",11190,0,"Azalea Leaves","true",""
"Unseen's Dungeon Additions","da:boss_resummon",4193,"false",11207,0,"Soul Altar","true",""
"Unseen's Dungeon Additions","da:cave_spawner",4344,"false",11340,0,"Boss Spawner","true",""
"Unseen's Dungeon Additions","da:change_block",4342,"false",11338,0,"Red Netherbrick Door","true",""
"Unseen's Dungeon Additions","da:chisled_fire_stone",4182,"false",11196,0,"Fiery Chiseled Stonebrick","true",""
"Unseen's Dungeon Additions","da:city_brick",4207,"false",11221,0,"Farum Bricks","true",""
"Unseen's Dungeon Additions","da:city_brick_alt",4209,"false",11223,0,"Farum Road Bricks","true",""
"Unseen's Dungeon Additions","da:city_brick_alt_double",4278,"false",,,"Double Farum Road Brick Slab","true",""
"Unseen's Dungeon Additions","da:city_brick_alt_half",4279,"false",11291,0,"Farum Road Brick Slab","true",""
"Unseen's Dungeon Additions","da:city_brick_double",4276,"false",,,"Double Farum Brick Slab","true",""
"Unseen's Dungeon Additions","da:city_brick_half",4277,"false",11290,0,"Farum Brick Slab","true",""
"Unseen's Dungeon Additions","da:city_brick_stairs",4265,"false",11279,0,"Farum Brick Stairs","true",""
"Unseen's Dungeon Additions","da:city_brick_stairs_alt",4266,"false",11280,0,"Farum Road Brick Stairs","true",""
"Unseen's Dungeon Additions","da:city_brick_wall",4318,"false",11314,0,"Farum Brick Wall","true",""
"Unseen's Dungeon Additions","da:city_brick_wall_alt",4319,"false",11315,0,"Farum Brick Road Wall","true",""
"Unseen's Dungeon Additions","da:city_chisled",4211,"false",11225,0,"Chiseled Farum Decorium","true",""
"Unseen's Dungeon Additions","da:city_decoration",4210,"false",11224,0,"Farum Decorium","true",""
"Unseen's Dungeon Additions","da:city_pillar",4214,"false",11228,0,"Farum Pillar","true",""
"Unseen's Dungeon Additions","da:city_pillar_chisled",4215,"false",11229,0,"Chiseled Farum Pillar","true",""
"Unseen's Dungeon Additions","da:city_smooth",4213,"false",11227,0,"Polished Farum Stone","true",""
"Unseen's Dungeon Additions","da:city_smooth_wall",4321,"false",11317,0,"Polished Farum Stone Wall","true",""
"Unseen's Dungeon Additions","da:city_tile",4212,"false",11226,0,"Farum Tiled Bricks","true",""
"Unseen's Dungeon Additions","da:city_tile_double",4280,"false",,,"Double Farum Tiled Brick Slab","true",""
"Unseen's Dungeon Additions","da:city_tile_half",4281,"false",11292,0,"Farum Tiled Brick Slab","true",""
"Unseen's Dungeon Additions","da:city_tile_stairs",4267,"false",11281,0,"Farum Tiled Brick Stairs","true",""
"Unseen's Dungeon Additions","da:city_tile_wall",4320,"false",11316,0,"Farum Tiled Wall","true",""
"Unseen's Dungeon Additions","da:cold_brick",4204,"false",11218,0,"Chilled Petrogloom Brick","true",""
"Unseen's Dungeon Additions","da:cold_brick_double",4296,"false",,,"Double Chilled Petrogloom Brick Slab","true",""
"Unseen's Dungeon Additions","da:cold_brick_half",4297,"false",11300,0,"Chilled Petrogloom Brick Slab","true",""
"Unseen's Dungeon Additions","da:cold_brick_lamp",4205,"false",11219,0,"Chilled Petrogloom Lamp","true",""
"Unseen's Dungeon Additions","da:cold_brick_stairs",4262,"false",11276,0,"Chilled Petrogloom Brick Stairs","true",""
"Unseen's Dungeon Additions","da:cold_brick_wall",4317,"false",11313,0,"Chilled Petrogloom Brick Wall","true",""
"Unseen's Dungeon Additions","da:cold_carved",4246,"false",11260,0,"Chilled Carved Petrogloom","true",""
"Unseen's Dungeon Additions","da:cold_pillar",4248,"false",11262,0,"Chilled Petrogloom Pillar","true",""
"Unseen's Dungeon Additions","da:cold_rough",4256,"false",11270,0,"Chilled Petrogloom","true",""
"Unseen's Dungeon Additions","da:cold_smooth",4244,"false",11258,0,"Smooth Chilled Petrogloom","true",""
"Unseen's Dungeon Additions","da:cold_smooth_double",4290,"false",,,"Double Smooth Chilled Petrogloom Slab","true",""
"Unseen's Dungeon Additions","da:cold_smooth_half",4291,"false",11297,0,"Smooth Chilled Petrogloom Slab","true",""
"Unseen's Dungeon Additions","da:cold_smooth_stairs",4264,"false",11278,0,"Smooth Chilled Petrogloom Stairs","true",""
"Unseen's Dungeon Additions","da:cold_smooth_wall",4315,"false",11311,0,"Smooth Chilled Petrogloom Wall","true",""
"Unseen's Dungeon Additions","da:cold_stone",4202,"false",11216,0,"Chilled Petrogloom Cobblestone","true",""
"Unseen's Dungeon Additions","da:cold_stone_double",4286,"false",,,"Double Chilled Petrogloom Cobblestone Slab","true",""
"Unseen's Dungeon Additions","da:cold_stone_half",4287,"false",11295,0,"Chilled Petrogloom Cobblestone Slab","true",""
"Unseen's Dungeon Additions","da:cold_stone_stairs",4260,"false",11274,0,"Chilled Petrogloom Cobblestone Stairs","true",""
"Unseen's Dungeon Additions","da:cold_stone_wall",4313,"false",11309,0,"Chilled Petrogloom Cobblestone Wall","true",""
"Unseen's Dungeon Additions","da:cold_triangle",4258,"false",11272,0,"Chilled Petrogloom Decoration Stone","true",""
"Unseen's Dungeon Additions","da:coralite",4218,"false",11232,0,"Coralite","true",""
"Unseen's Dungeon Additions","da:coralite_brick",4219,"false",11233,0,"Coralite Stonebricks","true",""
"Unseen's Dungeon Additions","da:coralite_brick_double",4306,"false",,,"Doubled Coralite Stonebrick Slab","true",""
"Unseen's Dungeon Additions","da:coralite_brick_half",4307,"false",11305,0,"Coralite Stonebrick Slab","true",""
"Unseen's Dungeon Additions","da:coralite_brick_stairs",4273,"false",11287,0,"Coralite Stonebrick Stairs","true",""
"Unseen's Dungeon Additions","da:coralite_brick_wall",4327,"false",11323,0,"Coralite Stonebrick Wall","true",""
"Unseen's Dungeon Additions","da:coralite_chain",4331,"false",11327,0,"Coralite Steel Chain","true",""
"Unseen's Dungeon Additions","da:coralite_decoration_brick",4220,"false",11234,0,"Coralite Decorative Stonebricks","true",""
"Unseen's Dungeon Additions","da:coralite_decoration_tile",4222,"false",11236,0,"Coralite Decorative Tiled Bricks","true",""
"Unseen's Dungeon Additions","da:coralite_lamp",4333,"false",11329,0,"Coralite Lantern","true",""
"Unseen's Dungeon Additions","da:coralite_pillar",4253,"false",11267,0,"Coralite Pillar","true",""
"Unseen's Dungeon Additions","da:coralite_tile",4221,"false",11235,0,"Coralite Tiled Bricks","true",""
"Unseen's Dungeon Additions","da:coralite_tile_double",4308,"false",,,"Doubled Coralite Tiled Slab","true",""
"Unseen's Dungeon Additions","da:coralite_tile_half",4309,"false",11306,0,"Coralite Tiled Slab","true",""
"Unseen's Dungeon Additions","da:coralite_tile_wall",4328,"false",11324,0,"Coralite Tiled Wall","true",""
"Unseen's Dungeon Additions","da:coralite_tiled_stairs",4274,"false",11288,0,"Coralite Tiled Stairs","true",""
"Unseen's Dungeon Additions","da:crypt_block",4198,"false",11212,0,"Block of Dark Metal","true",""
"Unseen's Dungeon Additions","da:dark_brick",4254,"false",11268,0,"Darglow Stone Brick","true",""
"Unseen's Dungeon Additions","da:dark_spawner",4350,"false",11346,0,"Disappearing Dark Dungeon Spawner","true",""
"Unseen's Dungeon Additions","da:darkglow_bars",4180,"false",11194,0,"Darkglow Bars","true",""
"Unseen's Dungeon Additions","da:darkglow_brick_double",4304,"false",,,"Doubled Darkglow Brick Slab","true",""
"Unseen's Dungeon Additions","da:darkglow_brick_half",4305,"false",11304,0,"Darkglow Brick Slab","true",""
"Unseen's Dungeon Additions","da:darkglow_brick_stairs",4272,"false",11286,0,"Darkglow Brick Stairs","true",""
"Unseen's Dungeon Additions","da:darkglow_brick_wall",4325,"false",11321,0,"Darkglow Brick Wall","true",""
"Unseen's Dungeon Additions","da:darkglow_bricks",4229,"false",11243,0,"Darkglow Bricks","true",""
"Unseen's Dungeon Additions","da:darkglow_decoration_bricks",4230,"false",11244,0,"Darkglow Decorium Bricks","true",""
"Unseen's Dungeon Additions","da:darkglow_lit_bricks",4232,"false",11246,0,"Lit Darkglow Bricks","true",""
"Unseen's Dungeon Additions","da:darkglow_lit_decoration_bricks",4233,"false",11247,0,"Lit Darkglow Decorium Bricks","true",""
"Unseen's Dungeon Additions","da:darkglow_pillar",4250,"false",11264,0,"Darkglow Pillar","true",""
"Unseen's Dungeon Additions","da:darkglow_pillar_eye",4252,"false",11266,0,"Darkglow Protector Eye","true",""
"Unseen's Dungeon Additions","da:darkglow_pillar_lit",4251,"false",11265,0,"Darkglow Light Pillar","true",""
"Unseen's Dungeon Additions","da:darkglow_stonebrick_double",4302,"false",,,"Doubled Darkglow Stone Brick Slab","true",""
"Unseen's Dungeon Additions","da:darkglow_stonebrick_half",4303,"false",11303,0,"Darkglow Stone Brick Slab","true",""
"Unseen's Dungeon Additions","da:darkglow_stonebrick_stairs",4271,"false",11285,0,"Darkglow Stone Brick Stairs","true",""
"Unseen's Dungeon Additions","da:darkglow_stonebrick_wall",4326,"false",11322,0,"Darkglow Stone Brick Wall","true",""
"Unseen's Dungeon Additions","da:darkglow_stonebricks",4228,"false",11242,0,"Darkglow Stone Bricks","true",""
"Unseen's Dungeon Additions","da:darkglow_tile",4231,"false",11245,0,"Darkglow Stone Tiles","true",""
"Unseen's Dungeon Additions","da:dungeon_brick",4171,"false",11185,0,"Dungeon Stone Bricks","true",""
"Unseen's Dungeon Additions","da:dungeon_brick_double",4300,"false",,,"Double Dungeon Stone Brick Slab","true",""
"Unseen's Dungeon Additions","da:dungeon_brick_half",4301,"false",11302,0,"Dungeon Stone Brick Slab","true",""
"Unseen's Dungeon Additions","da:dungeon_brick_stairs",4270,"false",11284,0,"Dungeon Stone Brick Stairs","true",""
"Unseen's Dungeon Additions","da:dungeon_brick_wall",4324,"false",11320,0,"Dungeon Stone Brick Wall","true",""
"Unseen's Dungeon Additions","da:end_spawner",4348,"false",11344,0,"End Disappearing Spawner","true",""
"Unseen's Dungeon Additions","da:fake_obsidian",4242,"false",11256,0,"Obsidilith Rune Point","true",""
"Unseen's Dungeon Additions","da:farum_lantern",4332,"false",11328,0,"Farum Lantern","true",""
"Unseen's Dungeon Additions","da:farum_rope",4330,"false",11326,0,"Farum Rope","true",""
"Unseen's Dungeon Additions","da:farum_stone",4208,"false",11222,0,"Farum Stone","true",""
"Unseen's Dungeon Additions","da:fire_stone",4181,"false",11195,0,"Fiery Stonebrick","true",""
"Unseen's Dungeon Additions","da:fire_stone_double",4294,"false",,,"Fiery Stonebrick Double Slab","true",""
"Unseen's Dungeon Additions","da:fire_stone_half",4295,"false",11299,0,"Fiery Stonebrick Slab","true",""
"Unseen's Dungeon Additions","da:fire_stone_lit",4183,"false",11197,0,"Fiery Lit Stonebrick","true",""
"Unseen's Dungeon Additions","da:fire_stone_stairs",4184,"false",11198,0,"Fiery Stonebrick Stairs","true",""
"Unseen's Dungeon Additions","da:fire_stone_wall",4185,"false",11199,0,"Fiery Stonebrick Wall","true",""
"Unseen's Dungeon Additions","da:frost_icicle",4334,"false",11330,0,"Frozen Icicle","true",""
"Unseen's Dungeon Additions","da:frost_key_block",4189,"false",11203,0,"Frozen Castle Key Block","true",""
"Unseen's Dungeon Additions","da:frostborn_block",4196,"false",11210,0,"Block of Frostborn Metal","true",""
"Unseen's Dungeon Additions","da:gaelon_chunk",4235,"false",11249,0,"Gaelon Cluster","true",""
"Unseen's Dungeon Additions","da:gaelon_crystal",4234,"false",11248,0,"Gaelon Crystal","true",""
"Unseen's Dungeon Additions","da:gaelon_spawner",4349,"false",11345,0,"Disappearing Gaelon Sanctuary Spawner","true",""
"Unseen's Dungeon Additions","da:gem_chisled_end_stone",4240,"false",11254,0,"Chiseled Jeweled End Stone","true",""
"Unseen's Dungeon Additions","da:gem_end_stone",4239,"false",11253,0,"Jeweled End Bricks","true",""
"Unseen's Dungeon Additions","da:gem_end_stone_double",4310,"false",,,"Doubled Jeweled End Brick Slab","true",""
"Unseen's Dungeon Additions","da:gem_end_stone_half",4311,"false",11307,0,"Jeweled End Brick Slab","true",""
"Unseen's Dungeon Additions","da:gem_end_stone_stairs",4275,"false",11289,0,"Jeweled End Brick Stairs","true",""
"Unseen's Dungeon Additions","da:gem_end_stone_wall",4329,"false",11325,0,"Jeweled End Brick Wall","true",""
"Unseen's Dungeon Additions","da:gloom_brick",4203,"false",11217,0,"Petrogloom Bricks","true",""
"Unseen's Dungeon Additions","da:gloom_brick_double",4292,"false",,,"Double Petrogloom Brick Slab","true",""
"Unseen's Dungeon Additions","da:gloom_brick_half",4293,"false",11298,0,"Petrogloom Brick Slab","true",""
"Unseen's Dungeon Additions","da:gloom_brick_stairs",4261,"false",11275,0,"Petrogloom Brick Stairs","true",""
"Unseen's Dungeon Additions","da:gloom_brick_wall",4316,"false",11312,0,"Petrogloom Brick Wall","true",""
"Unseen's Dungeon Additions","da:gloom_carved",4245,"false",11259,0,"Carved Petrogloom","true",""
"Unseen's Dungeon Additions","da:gloom_pillar",4247,"false",11261,0,"Petrogloom Pillar","true",""
"Unseen's Dungeon Additions","da:gloom_rough",4255,"false",11269,0,"Petrogloom","true",""
"Unseen's Dungeon Additions","da:gloom_smooth",4243,"false",11257,0,"Smooth Petrogloom","true",""
"Unseen's Dungeon Additions","da:gloom_smooth_double",4288,"false",,,"Double Smooth Petrogloom Slab","true",""
"Unseen's Dungeon Additions","da:gloom_smooth_half",4289,"false",11296,0,"Smooth Petrogloom Slab","true",""
"Unseen's Dungeon Additions","da:gloom_smooth_stairs",4263,"false",11277,0,"Smooth Petrogloom Stairs","true",""
"Unseen's Dungeon Additions","da:gloom_smooth_wall",4314,"false",11310,0,"Smooth Petrogloom Wall","true",""
"Unseen's Dungeon Additions","da:gloom_stone",4201,"false",11215,0,"Petrogloom Cobblestone","true",""
"Unseen's Dungeon Additions","da:gloom_stone_double",4284,"false",,,"Double Petrogloom Cobblestone Slab","true",""
"Unseen's Dungeon Additions","da:gloom_stone_half",4285,"false",11294,0,"Petrogloom Cobblestone Slab","true",""
"Unseen's Dungeon Additions","da:gloom_stone_stairs",4259,"false",11273,0,"Petrogloom Cobblestone Stairs","true",""
"Unseen's Dungeon Additions","da:gloom_stone_wall",4312,"false",11308,0,"Petrogloom Cobblestone Wall","true",""
"Unseen's Dungeon Additions","da:gloom_triangle",4257,"false",11271,0,"Petrogloom Decoration Stone","true",""
"Unseen's Dungeon Additions","da:gold_city_brick",4216,"false",11230,0,"Gilded Farum Bricks","true",""
"Unseen's Dungeon Additions","da:gold_city_brick_double",4282,"false",,,"Double Gilded Farum Brick Slab","true",""
"Unseen's Dungeon Additions","da:gold_city_brick_half",4283,"false",11293,0,"Gilded Farum Brick Slab","true",""
"Unseen's Dungeon Additions","da:gold_city_brick_stairs",4268,"false",11282,0,"Gilded Farum Brick Stairs","true",""
"Unseen's Dungeon Additions","da:gold_city_brick_wall",4322,"false",11318,0,"Gilded Farum Brick Wall","true",""
"Unseen's Dungeon Additions","da:grum_blocker",4340,"false",11336,0,"Grum Sealing Eye Pot","true",""
"Unseen's Dungeon Additions","da:grum_brick",4217,"false",11231,0,"Grum Bricks","true",""
"Unseen's Dungeon Additions","da:grum_brick_double",4298,"false",,,"Double Grum Brick Slab","true",""
"Unseen's Dungeon Additions","da:grum_brick_half",4299,"false",11301,0,"Grum Brick Slab","true",""
"Unseen's Dungeon Additions","da:grum_brick_stairs",4269,"false",11283,0,"Grum Brick Stairs","true",""
"Unseen's Dungeon Additions","da:grum_brick_wall",4323,"false",11319,0,"Grum Brick Wall","true",""
"Unseen's Dungeon Additions","da:grum_chisled",4223,"false",11237,0,"Chiseled Grum Stone","true",""
"Unseen's Dungeon Additions","da:grum_chisled_tile",4227,"false",11241,0,"Chiseled Tiled Grum Bricks","true",""
"Unseen's Dungeon Additions","da:grum_dispenser",4339,"false",11335,0,"Grum Feuler Dispenser","true",""
"Unseen's Dungeon Additions","da:grum_displacer",4338,"false",11334,0,"Grum Displacer Lens","true",""
"Unseen's Dungeon Additions","da:grum_pillar",4249,"false",11263,0,"Grum Pillar","true",""
"Unseen's Dungeon Additions","da:grum_smooth",4225,"false",11239,0,"Smooth Grum Stone","true",""
"Unseen's Dungeon Additions","da:grum_stone",4224,"false",11238,0,"Grum Stone","true",""
"Unseen's Dungeon Additions","da:grum_tile",4226,"false",11240,0,"Tiled Grum Bricks","true",""
"Unseen's Dungeon Additions","da:grum_tile_r",4341,"false",11337,0,"Grum Sealed Brick","true",""
"Unseen's Dungeon Additions","da:high_spawner",4346,"false",11342,0,"High Court City Disappearing Spawner","true",""
"Unseen's Dungeon Additions","da:knight_key_block",4188,"false",11202,0,"Rotten Hold Boss Key Block","true",""
"Unseen's Dungeon Additions","da:knight_stone",4187,"false",11201,0,"Stormvier Decoration Block","true",""
"Unseen's Dungeon Additions","da:levitation_block",4343,"false",11339,0,"Levitation Altar","true",""
"Unseen's Dungeon Additions","da:litic_block",4200,"false",11214,0,"Block of Lithic Metal","true",""
"Unseen's Dungeon Additions","da:mega_structure",4178,"false",11192,0,"Mega Structure Block","true",""
"Unseen's Dungeon Additions","da:moss_block",4170,"false",11184,0,"Moss Block","true",""
"Unseen's Dungeon Additions","da:moss_carpet",4173,"false",11187,0,"Moss Carpet","true",""
"Unseen's Dungeon Additions","da:moss_spawner",4345,"false",11341,0,"Mossy Disappearing Spawner Block","true",""
"Unseen's Dungeon Additions","da:mossy_dungeon_brick",4172,"false",11186,0,"Mossy Dungeon Stone Bricks","true",""
"Unseen's Dungeon Additions","da:mossy_spruce",4186,"false",11200,0,"Mossy Spruce Planks","true",""
"Unseen's Dungeon Additions","da:novik_block",4199,"false",11213,0,"Block of Novik Metal","true",""
"Unseen's Dungeon Additions","da:obsidian_end_frame",4191,"false",11205,0,"Obsidian End Frame","true",""
"Unseen's Dungeon Additions","da:obsidilith_rune",4241,"false",11255,0,"Obsidilith Rune","true",""
"Unseen's Dungeon Additions","da:puzzle_mirror",4337,"false",11333,0,"Grum Ritual Lens","true",""
"Unseen's Dungeon Additions","da:sky_key_block",4192,"false",11206,0,"High Court City Dungeon Block","true",""
"Unseen's Dungeon Additions","da:snow_cold_brick",4206,"false",11220,0,"Snowy Chilled Petrogloom Bricks","true",""
"Unseen's Dungeon Additions","da:soul_star_block",4335,"false",11331,0,"Chiseled Stone Altar Block","true",""
"Unseen's Dungeon Additions","da:spore_blossom",4169,"false",11183,0,"Void Blossom","true",""
"Unseen's Dungeon Additions","da:stormvier_block",4194,"false",11208,0,"Block of Stormvier Metal","true",""
"Unseen's Dungeon Additions","da:strong_block",4177,"false",11191,0,"Flower Spawning Block","true",""
"Unseen's Dungeon Additions","da:temple_spawner",4347,"false",11343,0,"Forgotten Temple Disappearing Spawner","true",""
"Unseen's Dungeon Additions","da:void_lily",4336,"false",11332,0,"Void Lily","true",""
"Unseens Nether Backport","nb:basalt",1603,"false",6162,0,"Basalt","true",""
"Unseens Nether Backport","nb:black_bricks_slab_double",1613,"false",,,"Double Blackstone Bricks Slab","true",""
"Unseens Nether Backport","nb:black_bricks_slab_half",1612,"false",6217,0,"Blackstone Bricks Slab","true",""
"Unseens Nether Backport","nb:black_stone",1606,"false",6165,0,"Blackstone","true","cobblestone"
"Unseens Nether Backport","nb:black_stone_brick_stairs",1614,"false",6169,0,"Polished Blackstone Brick Stairs","true",""
"Unseens Nether Backport","nb:black_stone_bricks",1611,"false",6168,0,"Polished Blackstone Bricks","true",""
"Unseens Nether Backport","nb:black_stone_slab_double",1608,"false",,,"Double Blackstone Slab","true",""
"Unseens Nether Backport","nb:black_stone_slab_half",1607,"false",6216,0,"Blackstone Slab","true",""
"Unseens Nether Backport","nb:black_stone_stairs",1609,"false",6166,0,"Blackstone Stairs","true",""
"Unseens Nether Backport","nb:black_stone_wall",1610,"false",6167,0,"Blackstone Wall","true",""
"Unseens Nether Backport","nb:bricks_stone_wall",1615,"false",6170,0,"Polished Blackstone Bricks Wall","true",""
"Unseens Nether Backport","nb:chain_block",1623,"false",6176,0,"Chain","true",""
"Unseens Nether Backport","nb:chisled_polished_black_stone",1622,"false",6175,0,"Chiseled Polished Blackstone","true",""
"Unseens Nether Backport","nb:cracked_stone_bricks",1616,"false",6171,0,"Cracked Polished Blackstone Bricks","true",""
"Unseens Nether Backport","nb:crimson_door",1627,"false",,,"Crimson Door","true",""
"Unseens Nether Backport","nb:crimson_fence",1628,"false",6181,0,"Crimson Fence","true",""
"Unseens Nether Backport","nb:crimson_fungus",1634,"false",6185,0,"Crimson Fungus","true",""
"Unseens Nether Backport","nb:crimson_gate",1629,"false",6182,0,"Crimson Fence Gate","true",""
"Unseens Nether Backport","nb:crimson_grass",1635,"false",6186,0,"Crimson Nylium","true",""
"Unseens Nether Backport","nb:crimson_hyphae",1625,"false",6178,0,"Crimson Hyphae","true",""
"Unseens Nether Backport","nb:crimson_planks",1626,"false",6179,0,"Crimson Planks","true","plankWood"
"Unseens Nether Backport","nb:crimson_roots",1636,"false",6187,0,"Crimson Roots","true",""
"Unseens Nether Backport","nb:crimson_slab_double",1631,"false",,,"Double Crimson Slab","true",""
"Unseens Nether Backport","nb:crimson_slab_half",1630,"false",6219,0,"Crimson Slab","true",""
"Unseens Nether Backport","nb:crimson_stairs",1632,"false",6183,0,"Crimson Stairs","true","stairWood"
"Unseens Nether Backport","nb:crimson_stem",1624,"false",6177,0,"Crimson Stem","true","logWood"
"Unseens Nether Backport","nb:crimson_trapdoor",1633,"false",6184,0,"Crimson Trapdoor","true",""
"Unseens Nether Backport","nb:crimson_vine",1637,"false",6188,0,"Weeping Vines","true",""
"Unseens Nether Backport","nb:crimson_wart",1638,"false",6189,0,"Crimson Wart Block","true",""
"Unseens Nether Backport","nb:cry_obi",1639,"false",6190,0,"Crying Obsidian","true",""
"Unseens Nether Backport","nb:gilded_blackstone",1640,"false",6191,0,"Gilded Blackstone","true",""
"Unseens Nether Backport","nb:lode_stone",1641,"false",6192,0,"Lodestone","true",""
"Unseens Nether Backport","nb:nether_gold_ore",1642,"false",6193,0,"Nether Gold Ore","true",""
"Unseens Nether Backport","nb:piglin_head",1643,"false",6194,0,"Piglin Head","true",""
"Unseens Nether Backport","nb:polished_basalt",1604,"false",6163,0,"Polished Basalt","true",""
"Unseens Nether Backport","nb:polished_black_stone",1617,"false",6172,0,"Polished Blackstone","true",""
"Unseens Nether Backport","nb:polished_black_stone_slab_double",1619,"false",,,"Double Polished Blackstone Slab","true",""
"Unseens Nether Backport","nb:polished_black_stone_slab_half",1618,"false",6218,0,"Polished Blackstone Slab","true",""
"Unseens Nether Backport","nb:polished_black_stone_stairs",1620,"false",6173,0,"Polished Blackstone Stairs","true",""
"Unseens Nether Backport","nb:polished_stone_wall",1621,"false",6174,0,"Polished Blackstone Wall","true",""
"Unseens Nether Backport","nb:quartz_bricks",1644,"false",6195,0,"Quartz Bricks","true",""
"Unseens Nether Backport","nb:respawn_anchor",1645,"false",6196,0,"Respawn Anchor","true",""
"Unseens Nether Backport","nb:shroom_light",1646,"false",6197,0,"Shroomlight","true",""
"Unseens Nether Backport","nb:smooth_basalt",1605,"false",6164,0,"Smooth Basalt","true",""
"Unseens Nether Backport","nb:soul_fire",1647,"false",6198,0,"Soul Fire","true",""
"Unseens Nether Backport","nb:soul_lantern",1648,"false",6199,0,"Soul Lantern","true",""
"Unseens Nether Backport","nb:soul_soil",1650,"false",6201,0,"Soul Soil","true",""
"Unseens Nether Backport","nb:soul_torch",1649,"false",6200,0,"Soul Torch","true",""
"Unseens Nether Backport","nb:warped_door",1654,"false",,,"Warped Door","true",""
"Unseens Nether Backport","nb:warped_fence",1655,"false",6206,0,"Warped Fence","true",""
"Unseens Nether Backport","nb:warped_fungus",1661,"false",6210,0,"Warped Fungus","true",""
"Unseens Nether Backport","nb:warped_gate",1656,"false",6207,0,"Warped Fence Gate","true",""
"Unseens Nether Backport","nb:warped_grass",1662,"false",6211,0,"Warped Nylium","true",""
"Unseens Nether Backport","nb:warped_hyphae",1652,"false",6203,0,"Warped Hyphae","true",""
"Unseens Nether Backport","nb:warped_planks",1653,"false",6204,0,"Warped Planks","true","plankWood"
"Unseens Nether Backport","nb:warped_roots",1664,"false",6213,0,"Warped Roots","true",""
"Unseens Nether Backport","nb:warped_slab_double",1658,"false",,,"Double Warped Slab","true",""
"Unseens Nether Backport","nb:warped_slab_half",1657,"false",6220,0,"Warped Slab","true",""
"Unseens Nether Backport","nb:warped_sprout",1665,"false",6214,0,"Nether Sprout","true",""
"Unseens Nether Backport","nb:warped_stairs",1659,"false",6208,0,"Warped Stairs","true","stairWood"
"Unseens Nether Backport","nb:warped_stem",1651,"false",6202,0,"Warped Stem","true","logWood"
"Unseens Nether Backport","nb:warped_trapdoor",1660,"false",6209,0,"Warped Trapdoor","true",""
"Unseens Nether Backport","nb:warped_vine",1666,"false",6215,0,"Twisting Vines","true",""
"Unseens Nether Backport","nb:warped_wart",1663,"false",6212,0,"Warped Wart Block","true",""
"Village Names","villagenames:lunaringoldbrick",748,"false",4722,0,"Lunarin Style Gold Brick","true",""
"Village Names","villagenames:lunarinironbrick",749,"false",4723,0,"Lunarin Style Iron Brick","true",""
"Waystones","waystones:waystone",4352,"false",11546,0,"Waystone","true",""
"Wizardry Golems by Dan","wizardrygolems:living_snow",4688,"false",,,"Living Snow","true",""
"Wizardry Golems by Dan","wizardrygolems:permafrost_custom",4687,"false",,,"Permafrost","true",""
"Wizardry Tales","wizardry_tales:blooming_flower",4353,"false",,,"tile.wizardry_tales:blooming_flower.name","true",""
"Wizardry Tales","wizardry_tales:conjured_air",4354,"false",,,"tile.wizardry_tales:conjured_air.name","true",""
"WizardryNecromancersDelight","necromancersdelight:temporary_glowshroom",4689,"false",,,"tile.necromancersdelight:temporary_glowshroom.name","true",""
"Zoo and Wild Animals Mod: Rebuilt","zawa:agavoid",4468,"false",11958,0,"Agavoid","true",""
"Zoo and Wild Animals Mod: Rebuilt","zawa:amazon_sword",4470,"false",11960,0,"Amazon Sword","true",""
"Zoo and Wild Animals Mod: Rebuilt","zawa:arctic_moss",4456,"false",11946,0,"Arctic Moss","true",""
"Zoo and Wild Animals Mod: Rebuilt","zawa:bald_eagle_plush",4394,"false",11884,0,"Eagle Plush","true",""
"Zoo and Wild Animals Mod: Rebuilt","zawa:bamboo",4441,"false",11931,0,"Bamboo","true",""
"Zoo and Wild Animals Mod: Rebuilt","zawa:bamboo_decortation",4413,"false",11903,0,"Bamboo Decoration","true",""
"Zoo and Wild Animals Mod: Rebuilt","zawa:bamboo_fence",4366,"false",11864,0,"Bamboo Fence","true",""
"Zoo and Wild Animals Mod: Rebuilt","zawa:bar_fence",4365,"false",11863,0,"Bar Fence","true",""
"Zoo and Wild Animals Mod: Rebuilt","zawa:bar_grate",4371,"false",11972,0,"Bar Grate","true",""
"Zoo and Wild Animals Mod: Rebuilt","zawa:bar_grate_double",4372,"false",,,"tile.bar_grate_double.name","true",""
"Zoo and Wild Animals Mod: Rebuilt","zawa:barfence_door",4356,"false",,,"item.barfence_door.name","true",""
"Zoo and Wild Animals Mod: Rebuilt","zawa:barrel",4415,"false",11905,0,"Food Barrel","true",""
"Zoo and Wild Animals Mod: Rebuilt","zawa:bassia",4472,"false",11962,0,"Bassia","true",""
"Zoo and Wild Animals Mod: Rebuilt","zawa:beeplant",4450,"false",11940,0,"Beeplant","true",""
"Zoo and Wild Animals Mod: Rebuilt","zawa:bellflowers",4452,"false",11942,0,"Bell Flower","true",""
"Zoo and Wild Animals Mod: Rebuilt","zawa:bench",4361,"false",11859,0,"Bench","true",""
"Zoo and Wild Animals Mod: Rebuilt","zawa:binoculars",4360,"false",11980,0,"Binoculars","true",""
"Zoo and Wild Animals Mod: Rebuilt","zawa:bird_perch",4364,"false",11862,0,"Bird Perch","true",""
"Zoo and Wild Animals Mod: Rebuilt","zawa:bladderwrack",4433,"false",11923,0,"Bladderwrack","true",""
"Zoo and Wild Animals Mod: Rebuilt","zawa:brain_coral",4421,"false",11911,0,"Brain Coral","true",""
"Zoo and Wild Animals Mod: Rebuilt","zawa:bromeliad",4444,"false",11934,0,"Bromeliad","true",""
"Zoo and Wild Animals Mod: Rebuilt","zawa:campfire",4363,"false",11861,0,"Campfire","true",""
"Zoo and Wild Animals Mod: Rebuilt","zawa:chiltepin",4480,"false",11970,0,"Chiltepin","true",""
"Zoo and Wild Animals Mod: Rebuilt","zawa:cinnamon_fern",4469,"false",11959,0,"Cinnamon Fern","true",""
"Zoo and Wild Animals Mod: Rebuilt","zawa:cockatoo_plush",4400,"false",11890,0,"Cockatoo Plush","true",""
"Zoo and Wild Animals Mod: Rebuilt","zawa:coralberry",4478,"false",11968,0,"Coralberry","true",""
"Zoo and Wild Animals Mod: Rebuilt","zawa:creeping_tick_trefoil",4476,"false",11966,0,"Creeping Tick Trefoil","true",""
"Zoo and Wild Animals Mod: Rebuilt","zawa:dolphin_plush",4401,"false",11891,0,"Dolphin Plush","true",""
"Zoo and Wild Animals Mod: Rebuilt","zawa:dried_bamboo",4442,"false",11932,0,"Dried Bamboo","true",""
"Zoo and Wild Animals Mod: Rebuilt","zawa:dried_bamboo_decortation",4414,"false",11904,0,"Dried Bamboo Decoration","true",""
"Zoo and Wild Animals Mod: Rebuilt","zawa:electric_fence",4379,"false",11869,0,"Electric Fence","true",""
"Zoo and Wild Animals Mod: Rebuilt","zawa:elegance_coral",4422,"false",11912,0,"Elegance Coral","true",""
"Zoo and Wild Animals Mod: Rebuilt","zawa:elephant_plush",4391,"false",11881,0,"Asian Elephant Plush","true",""
"Zoo and Wild Animals Mod: Rebuilt","zawa:enrichment_ball",4447,"false",11937,0,"Enrichment Ball","true",""
"Zoo and Wild Animals Mod: Rebuilt","zawa:eucalyptus_bottom",4463,"false",11953,0,"Eucalyptus","true",""
"Zoo and Wild Animals Mod: Rebuilt","zawa:eucalyptus_top",4462,"false",11952,0,"Eucalyptus","true",""
"Zoo and Wild Animals Mod: Rebuilt","zawa:eugenia_bottom",4465,"false",11955,0,"tile.eugenia_bottom.name","true",""
"Zoo and Wild Animals Mod: Rebuilt","zawa:eugenia_top",4464,"false",11954,0,"tile.eugenia_top.name","true",""
"Zoo and Wild Animals Mod: Rebuilt","zawa:exhibit_glass",4440,"false",11930,0,"Exhibit Glass","true",""
"Zoo and Wild Animals Mod: Rebuilt","zawa:exhibit_glass_pane",4370,"false",11868,0,"Exhibit Glass Pane","true",""
"Zoo and Wild Animals Mod: Rebuilt","zawa:fan_palm_bottom",4461,"false",11951,0,"Fan Palm","true",""
"Zoo and Wild Animals Mod: Rebuilt","zawa:fan_palm_top",4460,"false",11950,0,"Fan Palm","true",""
"Zoo and Wild Animals Mod: Rebuilt","zawa:fire_coral",4423,"false",11913,0,"Fire Coral","true",""
"Zoo and Wild Animals Mod: Rebuilt","zawa:giraffe_plush",4395,"false",11885,0,"Giraffe Plush","true",""
"Zoo and Wild Animals Mod: Rebuilt","zawa:gold_wall_lamp",4384,"false",11874,0,"Gold Wall Lamp","true",""
"Zoo and Wild Animals Mod: Rebuilt","zawa:golden_barrel_cactus",4446,"false",11936,0,"Golden Barrel Cactus","true",""
"Zoo and Wild Animals Mod: Rebuilt","zawa:golden_sparks",4455,"false",11945,0,"Golden Sparks","true",""
"Zoo and Wild Animals Mod: Rebuilt","zawa:gorilla_plush",4390,"false",11880,0,"Gorilla Plush","true",""
"Zoo and Wild Animals Mod: Rebuilt","zawa:gracilaria",4434,"false",11924,0,"Gracilaria","true",""
"Zoo and Wild Animals Mod: Rebuilt","zawa:grizzly_plush",4396,"false",11886,0,"Grizzly Plush","true",""
"Zoo and Wild Animals Mod: Rebuilt","zawa:hanging_ball",4448,"false",11938,0,"Hanging Ball","true",""
"Zoo and Wild Animals Mod: Rebuilt","zawa:heat_lamp",4449,"false",11939,0,"Heat Lamp","true",""
"Zoo and Wild Animals Mod: Rebuilt","zawa:iron_wall_lamp",4383,"false",11873,0,"Iron Wall Lamp","true",""
"Zoo and Wild Animals Mod: Rebuilt","zawa:jinns_tongue",4479,"false",11969,0,"Jinn's Tongue","true",""
"Zoo and Wild Animals Mod: Rebuilt","zawa:kangaroo_plush",4402,"false",11892,0,"Kangaroo Plush","true",""
"Zoo and Wild Animals Mod: Rebuilt","zawa:karvy_bottom",4467,"false",11957,0,"Karvy","true",""
"Zoo and Wild Animals Mod: Rebuilt","zawa:karvy_top",4466,"false",11956,0,"Karvy","true",""
"Zoo and Wild Animals Mod: Rebuilt","zawa:kelp",4412,"false",11902,0,"Kelp","true",""
"Zoo and Wild Animals Mod: Rebuilt","zawa:koala_plush",4410,"false",11900,0,"Koala Plush","true",""
"Zoo and Wild Animals Mod: Rebuilt","zawa:lamp_base",4381,"false",11871,0,"Lamp Base","true",""
"Zoo and Wild Animals Mod: Rebuilt","zawa:lamp_middle",4382,"false",11872,0,"Lamp Middle","true",""
"Zoo and Wild Animals Mod: Rebuilt","zawa:lamp_top",4380,"false",11870,0,"Lamp Top","true",""
"Zoo and Wild Animals Mod: Rebuilt","zawa:large_sea_anemone",4429,"false",11919,0,"Large Sea Anemone","true",""
"Zoo and Wild Animals Mod: Rebuilt","zawa:large_sea_urchin",4432,"false",11922,0,"Large Sea Urchin","true",""
"Zoo and Wild Animals Mod: Rebuilt","zawa:legume",4475,"false",11965,0,"Legume","true",""
"Zoo and Wild Animals Mod: Rebuilt","zawa:lettuce_coral",4425,"false",11915,0,"Lettuce Coral","true",""
"Zoo and Wild Animals Mod: Rebuilt","zawa:light",4362,"false",11860,0,"Light","true",""
"Zoo and Wild Animals Mod: Rebuilt","zawa:lion_plush",4386,"false",11876,0,"Lion Plush","true",""
"Zoo and Wild Animals Mod: Rebuilt","zawa:macaw_plush",4408,"false",11898,0,"Macaw Plush","true",""
"Zoo and Wild Animals Mod: Rebuilt","zawa:macaw_plush_red",4409,"false",11899,0,"Red Macaw Plush","true",""
"Zoo and Wild Animals Mod: Rebuilt","zawa:maireana",4473,"false",11963,0,"Maireana","true",""
"Zoo and Wild Animals Mod: Rebuilt","zawa:mimosa_pudica",4481,"false",11971,0,"Mimosa Pudica","true",""
"Zoo and Wild Animals Mod: Rebuilt","zawa:mixed_coral_plates",4426,"false",11916,0,"Mixed Coral Plate","true",""
"Zoo and Wild Animals Mod: Rebuilt","zawa:mixed_coral_rocks",4427,"false",11917,0,"Mixed Coral Rocks","true",""
"Zoo and Wild Animals Mod: Rebuilt","zawa:mixed_stone",4419,"false",11909,0,"Mixed Stone","true",""
"Zoo and Wild Animals Mod: Rebuilt","zawa:mixed_stone_mossy",4420,"false",11910,0,"Mixed Stone Mossy","true",""
"Zoo and Wild Animals Mod: Rebuilt","zawa:monkey_plush",4392,"false",11882,0,"Monkey Plush","true",""
"Zoo and Wild Animals Mod: Rebuilt","zawa:moose_plush",4397,"false",11887,0,"Moose Plush","true",""
"Zoo and Wild Animals Mod: Rebuilt","zawa:octopus_plush",4398,"false",11888,0,"Octopus Plush","true",""
"Zoo and Wild Animals Mod: Rebuilt","zawa:okapi_plush",4403,"false",11893,0,"Okapi Plush","true",""
"Zoo and Wild Animals Mod: Rebuilt","zawa:onion_grass",4477,"false",11967,0,"Onion Grass","true",""
"Zoo and Wild Animals Mod: Rebuilt","zawa:orca_plush",4387,"false",11877,0,"Orca Plush","true",""
"Zoo and Wild Animals Mod: Rebuilt","zawa:ostritch_fern",4451,"false",11941,0,"Ostritch Fern","true",""
"Zoo and Wild Animals Mod: Rebuilt","zawa:paving_stone",4418,"false",11908,0,"Paving Stone","true",""
"Zoo and Wild Animals Mod: Rebuilt","zawa:peach_flower",4453,"false",11943,0,"Peach Flower","true",""
"Zoo and Wild Animals Mod: Rebuilt","zawa:platypus_plush",4389,"false",11879,0,"Platypus Plush","true",""
"Zoo and Wild Animals Mod: Rebuilt","zawa:powder_fence",4367,"false",11865,0,"Powder Fence","true",""
"Zoo and Wild Animals Mod: Rebuilt","zawa:powder_fence_door",4358,"false",,,"item.powder_fence_door.name","true",""
"Zoo and Wild Animals Mod: Rebuilt","zawa:powder_grate",4377,"false",11975,0,"Powder Grate","true",""
"Zoo and Wild Animals Mod: Rebuilt","zawa:powder_grate_double",4378,"false",,,"tile.powder_grate_double.name","true",""
"Zoo and Wild Animals Mod: Rebuilt","zawa:pyropia",4435,"false",11925,0,"Pyropia","true",""
"Zoo and Wild Animals Mod: Rebuilt","zawa:recycle_bin",4458,"false",11948,0,"Recycle Bin","true",""
"Zoo and Wild Animals Mod: Rebuilt","zawa:red_panda_plush",4399,"false",11889,0,"Red Panda Plush","true",""
"Zoo and Wild Animals Mod: Rebuilt","zawa:rhino_plush",4404,"false",11894,0,"Rhino Plush","true",""
"Zoo and Wild Animals Mod: Rebuilt","zawa:river_stone",4417,"false",11907,0,"River Stones","true",""
"Zoo and Wild Animals Mod: Rebuilt","zawa:rope",4437,"false",11927,0,"Rope","true",""
"Zoo and Wild Animals Mod: Rebuilt","zawa:scratching_post",4459,"false",11949,0,"Scratching Post","true",""
"Zoo and Wild Animals Mod: Rebuilt","zawa:sea_grass",4424,"false",11914,0,"Sea Grass","true",""
"Zoo and Wild Animals Mod: Rebuilt","zawa:sea_urchin_tropical",4436,"false",11926,0,"Tropical Sea Urchin","true",""
"Zoo and Wild Animals Mod: Rebuilt","zawa:shark_plush",4405,"false",11895,0,"Shark Plush","true",""
"Zoo and Wild Animals Mod: Rebuilt","zawa:small_sea_anemone",4431,"false",11921,0,"Small Sea Anemone","true",""
"Zoo and Wild Animals Mod: Rebuilt","zawa:small_sea_urchin",4430,"false",11920,0,"Small Sea Urchin","true",""
"Zoo and Wild Animals Mod: Rebuilt","zawa:spleenwort",4471,"false",11961,0,"Spleenwort","true",""
"Zoo and Wild Animals Mod: Rebuilt","zawa:staghorn_coral",4428,"false",11918,0,"Staghorn Coral","true",""
"Zoo and Wild Animals Mod: Rebuilt","zawa:steel_bars",4368,"false",11866,0,"Steel Bars","true",""
"Zoo and Wild Animals Mod: Rebuilt","zawa:steel_grate",4373,"false",11973,0,"Steel Grate","true",""
"Zoo and Wild Animals Mod: Rebuilt","zawa:steel_grate_double",4374,"false",,,"tile.steel_grate_double.name","true",""
"Zoo and Wild Animals Mod: Rebuilt","zawa:steelbar_door",4357,"false",,,"item.steelbar_door.name","true",""
"Zoo and Wild Animals Mod: Rebuilt","zawa:stonecrop",4445,"false",11935,0,"Stonecrop","true",""
"Zoo and Wild Animals Mod: Rebuilt","zawa:swing_wheel",4439,"false",11929,0,"Tire Swing","true",""
"Zoo and Wild Animals Mod: Rebuilt","zawa:temple_bells",4454,"false",11944,0,"Temple Bells","true",""
"Zoo and Wild Animals Mod: Rebuilt","zawa:thin_rope",4438,"false",11928,0,"Thin Rope","true",""
"Zoo and Wild Animals Mod: Rebuilt","zawa:tiger_plush",4393,"false",11883,0,"Bengal Tiger Plush","true",""
"Zoo and Wild Animals Mod: Rebuilt","zawa:turtle_plush",4388,"false",11878,0,"Hawksbill Sea Turtle Plush","true",""
"Zoo and Wild Animals Mod: Rebuilt","zawa:underwater_feeder",4416,"false",11906,0,"Underwater Feeder","true",""
"Zoo and Wild Animals Mod: Rebuilt","zawa:vine",4411,"false",11901,0,"Vines","true",""
"Zoo and Wild Animals Mod: Rebuilt","zawa:violet",4474,"false",11964,0,"Violet","true",""
"Zoo and Wild Animals Mod: Rebuilt","zawa:wall_lamp",4385,"false",11875,0,"Wall Lamp","true",""
"Zoo and Wild Animals Mod: Rebuilt","zawa:waste_bin",4457,"false",11947,0,"Waste Bin","true",""
"Zoo and Wild Animals Mod: Rebuilt","zawa:water_bowl",4359,"false",11858,0,"Water Bowl","true",""
"Zoo and Wild Animals Mod: Rebuilt","zawa:wild_celery",4443,"false",11933,0,"Wild Celery","true",""
"Zoo and Wild Animals Mod: Rebuilt","zawa:wired_fence",4369,"false",11867,0,"Wired Fence","true",""
"Zoo and Wild Animals Mod: Rebuilt","zawa:wired_grate",4375,"false",11974,0,"Wired Grate","true",""
"Zoo and Wild Animals Mod: Rebuilt","zawa:wired_grate_double",4376,"false",,,"tile.wired_grate_double.name","true",""
"Zoo and Wild Animals Mod: Rebuilt","zawa:wirefence_door",4355,"false",,,"item.wirefence_door.name","true",""
"Zoo and Wild Animals Mod: Rebuilt","zawa:zebra_plush",4406,"false",11896,0,"Zebra Plush","true",""
"Zoo and Wild Animals Mod: Rebuilt","zawa:zebra_rainbow_plush",4407,"false",11897,0,"Rainbow Zebra Plush","true",""
"iChunUtil","ichunutil:compact_porkchop",4819,"false",12925,0,"Compact Raw Porkchop","true","blockCompactRawPorkchop"
"uppers","uppers:upper",4351,"false",11525,0,"Upper","true",""
