0,"minecraft:air"
1,"minecraft:stone"
2,"minecraft:grass"
3,"minecraft:dirt"
4,"minecraft:cobblestone"
5,"minecraft:planks"
6,"minecraft:sapling"
7,"minecraft:bedrock"
8,"minecraft:flowing_water"
9,"minecraft:water"
10,"minecraft:flowing_lava"
11,"minecraft:lava"
12,"minecraft:sand"
13,"minecraft:gravel"
14,"minecraft:gold_ore"
15,"minecraft:iron_ore"
16,"minecraft:coal_ore"
17,"minecraft:log"
18,"minecraft:leaves"
19,"minecraft:sponge"
20,"minecraft:glass"
21,"minecraft:lapis_ore"
22,"minecraft:lapis_block"
23,"minecraft:dispenser"
24,"minecraft:sandstone"
25,"minecraft:noteblock"
26,"minecraft:bed"
27,"minecraft:golden_rail"
28,"minecraft:detector_rail"
29,"minecraft:sticky_piston"
30,"minecraft:web"
31,"minecraft:tallgrass"
32,"minecraft:deadbush"
33,"minecraft:piston"
34,"minecraft:piston_head"
35,"minecraft:wool"
36,"minecraft:piston_extension"
37,"minecraft:yellow_flower"
38,"minecraft:red_flower"
39,"minecraft:brown_mushroom"
40,"minecraft:red_mushroom"
41,"minecraft:gold_block"
42,"minecraft:iron_block"
43,"minecraft:double_stone_slab"
44,"minecraft:stone_slab"
45,"minecraft:brick_block"
46,"minecraft:tnt"
47,"minecraft:bookshelf"
48,"minecraft:mossy_cobblestone"
49,"minecraft:obsidian"
50,"minecraft:torch"
51,"minecraft:fire"
52,"minecraft:mob_spawner"
53,"minecraft:oak_stairs"
54,"minecraft:chest"
55,"minecraft:redstone_wire"
56,"minecraft:diamond_ore"
57,"minecraft:diamond_block"
58,"minecraft:crafting_table"
59,"minecraft:wheat"
60,"minecraft:farmland"
61,"minecraft:furnace"
62,"minecraft:lit_furnace"
63,"minecraft:standing_sign"
64,"minecraft:wooden_door"
65,"minecraft:ladder"
66,"minecraft:rail"
67,"minecraft:stone_stairs"
68,"minecraft:wall_sign"
69,"minecraft:lever"
70,"minecraft:stone_pressure_plate"
71,"minecraft:iron_door"
72,"minecraft:wooden_pressure_plate"
73,"minecraft:redstone_ore"
74,"minecraft:lit_redstone_ore"
75,"minecraft:unlit_redstone_torch"
76,"minecraft:redstone_torch"
77,"minecraft:stone_button"
78,"minecraft:snow_layer"
79,"minecraft:ice"
80,"minecraft:snow"
81,"minecraft:cactus"
82,"minecraft:clay"
83,"minecraft:reeds"
84,"minecraft:jukebox"
85,"minecraft:fence"
86,"minecraft:pumpkin"
87,"minecraft:netherrack"
88,"minecraft:soul_sand"
89,"minecraft:glowstone"
90,"minecraft:portal"
91,"minecraft:lit_pumpkin"
92,"minecraft:cake"
93,"minecraft:unpowered_repeater"
94,"minecraft:powered_repeater"
95,"minecraft:stained_glass"
96,"minecraft:trapdoor"
97,"minecraft:monster_egg"
98,"minecraft:stonebrick"
99,"minecraft:brown_mushroom_block"
100,"minecraft:red_mushroom_block"
101,"minecraft:iron_bars"
102,"minecraft:glass_pane"
103,"minecraft:melon_block"
104,"minecraft:pumpkin_stem"
105,"minecraft:melon_stem"
106,"minecraft:vine"
107,"minecraft:fence_gate"
108,"minecraft:brick_stairs"
109,"minecraft:stone_brick_stairs"
110,"minecraft:mycelium"
111,"minecraft:waterlily"
112,"minecraft:nether_brick"
113,"minecraft:nether_brick_fence"
114,"minecraft:nether_brick_stairs"
115,"minecraft:nether_wart"
116,"minecraft:enchanting_table"
117,"minecraft:brewing_stand"
118,"minecraft:cauldron"
119,"minecraft:end_portal"
120,"minecraft:end_portal_frame"
121,"minecraft:end_stone"
122,"minecraft:dragon_egg"
123,"minecraft:redstone_lamp"
124,"minecraft:lit_redstone_lamp"
125,"minecraft:double_wooden_slab"
126,"minecraft:wooden_slab"
127,"minecraft:cocoa"
128,"minecraft:sandstone_stairs"
129,"minecraft:emerald_ore"
130,"minecraft:ender_chest"
131,"minecraft:tripwire_hook"
132,"minecraft:tripwire"
133,"minecraft:emerald_block"
134,"minecraft:spruce_stairs"
135,"minecraft:birch_stairs"
136,"minecraft:jungle_stairs"
137,"minecraft:command_block"
138,"minecraft:beacon"
139,"minecraft:cobblestone_wall"
140,"minecraft:flower_pot"
141,"minecraft:carrots"
142,"minecraft:potatoes"
143,"minecraft:wooden_button"
144,"minecraft:skull"
145,"minecraft:anvil"
146,"minecraft:trapped_chest"
147,"minecraft:light_weighted_pressure_plate"
148,"minecraft:heavy_weighted_pressure_plate"
149,"minecraft:unpowered_comparator"
150,"minecraft:powered_comparator"
151,"minecraft:daylight_detector"
152,"minecraft:redstone_block"
153,"minecraft:quartz_ore"
154,"minecraft:hopper"
155,"minecraft:quartz_block"
156,"minecraft:quartz_stairs"
157,"minecraft:activator_rail"
158,"minecraft:dropper"
159,"minecraft:stained_hardened_clay"
160,"minecraft:stained_glass_pane"
161,"minecraft:leaves2"
162,"minecraft:log2"
163,"minecraft:acacia_stairs"
164,"minecraft:dark_oak_stairs"
165,"minecraft:slime"
166,"minecraft:barrier"
167,"minecraft:iron_trapdoor"
168,"minecraft:prismarine"
169,"minecraft:sea_lantern"
170,"minecraft:hay_block"
171,"minecraft:carpet"
172,"minecraft:hardened_clay"
173,"minecraft:coal_block"
174,"minecraft:packed_ice"
175,"minecraft:double_plant"
176,"minecraft:standing_banner"
177,"minecraft:wall_banner"
178,"minecraft:daylight_detector_inverted"
179,"minecraft:red_sandstone"
180,"minecraft:red_sandstone_stairs"
181,"minecraft:double_stone_slab2"
182,"minecraft:stone_slab2"
183,"minecraft:spruce_fence_gate"
184,"minecraft:birch_fence_gate"
185,"minecraft:jungle_fence_gate"
186,"minecraft:dark_oak_fence_gate"
187,"minecraft:acacia_fence_gate"
188,"minecraft:spruce_fence"
189,"minecraft:birch_fence"
190,"minecraft:jungle_fence"
191,"minecraft:dark_oak_fence"
192,"minecraft:acacia_fence"
193,"minecraft:spruce_door"
194,"minecraft:birch_door"
195,"minecraft:jungle_door"
196,"minecraft:acacia_door"
197,"minecraft:dark_oak_door"
198,"minecraft:end_rod"
199,"minecraft:chorus_plant"
200,"minecraft:chorus_flower"
201,"minecraft:purpur_block"
202,"minecraft:purpur_pillar"
203,"minecraft:purpur_stairs"
204,"minecraft:purpur_double_slab"
205,"minecraft:purpur_slab"
206,"minecraft:end_bricks"
207,"minecraft:beetroots"
208,"minecraft:grass_path"
209,"minecraft:end_gateway"
210,"minecraft:repeating_command_block"
211,"minecraft:chain_command_block"
212,"minecraft:frosted_ice"
213,"minecraft:magma"
214,"minecraft:nether_wart_block"
215,"minecraft:red_nether_brick"
216,"minecraft:bone_block"
217,"minecraft:structure_void"
218,"minecraft:observer"
219,"minecraft:white_shulker_box"
220,"minecraft:orange_shulker_box"
221,"minecraft:magenta_shulker_box"
222,"minecraft:light_blue_shulker_box"
223,"minecraft:yellow_shulker_box"
224,"minecraft:lime_shulker_box"
225,"minecraft:pink_shulker_box"
226,"minecraft:gray_shulker_box"
227,"minecraft:silver_shulker_box"
228,"minecraft:cyan_shulker_box"
229,"minecraft:purple_shulker_box"
230,"minecraft:blue_shulker_box"
231,"minecraft:brown_shulker_box"
232,"minecraft:green_shulker_box"
233,"minecraft:red_shulker_box"
234,"minecraft:black_shulker_box"
235,"minecraft:white_glazed_terracotta"
236,"minecraft:orange_glazed_terracotta"
237,"minecraft:magenta_glazed_terracotta"
238,"minecraft:light_blue_glazed_terracotta"
239,"minecraft:yellow_glazed_terracotta"
240,"minecraft:lime_glazed_terracotta"
241,"minecraft:pink_glazed_terracotta"
242,"minecraft:gray_glazed_terracotta"
243,"minecraft:silver_glazed_terracotta"
244,"minecraft:cyan_glazed_terracotta"
245,"minecraft:purple_glazed_terracotta"
246,"minecraft:blue_glazed_terracotta"
247,"minecraft:brown_glazed_terracotta"
248,"minecraft:green_glazed_terracotta"
249,"minecraft:red_glazed_terracotta"
250,"minecraft:black_glazed_terracotta"
251,"minecraft:concrete"
252,"minecraft:concrete_powder"
253,"betternether:block_eyeball"
254,"betternether:block_eyeball_small"
255,"minecraft:structure_block"
256,"betternether:eye_vine"
257,"betternether:eye_seed"
258,"betternether:netherrack_moss"
259,"betternether:nether_grass"
260,"betternether:nether_reed"
261,"betternether:stalagnate_stem"
262,"betternether:stalagnate_bottom"
263,"betternether:stalagnate_middle"
264,"betternether:stalagnate_top"
265,"betternether:stalagnate_seed"
266,"betternether:stalagnate_seed_bottom"
267,"betternether:stalagnate_bark"
268,"betternether:stalagnate_planks"
269,"betternether:stalagnate_planks_stairs"
270,"betternether:stalagnate_planks_slab_half"
271,"betternether:stalagnate_planks_slab_double"
272,"betternether:stalagnate_planks_fence"
273,"betternether:stalagnate_planks_gate"
274,"betternether:stalagnate_planks_button"
275,"betternether:stalagnate_planks_plate"
276,"betternether:reeds_block"
277,"betternether:reeds_stairs"
278,"betternether:reeds_slab_half"
279,"betternether:reeds_slab_double"
280,"betternether:reeds_fence"
281,"betternether:reeds_gate"
282,"betternether:reeds_button"
283,"betternether:reeds_plate"
284,"betternether:lucis_mushroom"
285,"betternether:lucis_spore"
286,"betternether:nether_cactus"
287,"betternether:wart_seed"
288,"betternether:barrel_cactus"
289,"betternether:agave"
290,"betternether:black_bush"
291,"betternether:ink_bush"
292,"betternether:ink_bush_seed"
293,"betternether:smoker"
294,"betternether:egg_plant"
295,"betternether:black_apple"
296,"betternether:black_apple_seed"
297,"betternether:magma_flower"
298,"betternether:nether_mycelium"
299,"betternether:red_large_mushroom"
300,"betternether:brown_large_mushroom"
301,"betternether:orange_mushroom"
302,"betternether:red_mold"
303,"betternether:gray_mold"
304,"betternether:cincinnasite_ore"
305,"betternether:cincinnasite_block"
306,"betternether:cincinnasite_forged"
307,"betternether:cincinnasite_pillar"
308,"betternether:cincinnasite_bricks"
309,"betternether:cincinnasite_brick_plate"
310,"betternether:cincinnasite_stairs"
311,"betternether:cincinnasite_slab_half"
312,"betternether:cincinnasite_slab_double"
313,"betternether:cincinnasite_button"
314,"betternether:cincinnasite_plate"
315,"betternether:cincinnasite_lantern"
316,"betternether:cincinnasite_tile_large"
317,"betternether:cincinnasite_tile_small"
318,"betternether:cincinnasite_carved"
319,"betternether:nether_brick_tile_large"
320,"betternether:nether_brick_tile_small"
321,"betternether:cincinnasite_wall"
322,"betternether:bone_block"
323,"betternether:bone_stairs"
324,"betternether:bone_slab_half"
325,"betternether:bone_slab_double"
326,"betternether:bone_button"
327,"betternether:bone_plate"
328,"betternether:cincinnasite_fire_bowl"
329,"betternether:bone_wall"
330,"betternether:nether_brick_wall"
331,"betternether:nether_brick_tile_slab_half"
332,"betternether:nether_brick_tile_slab_double"
333,"betternether:nether_brick_tile_stairs"
334,"betternether:bone_mushroom"
335,"betternether:reeds_ladder"
336,"betternether:cincinnasite_bricks_pillar"
337,"betternether:bone_tile"
338,"betternether:cincinnasite_pedestal"
339,"betternether:pig_statue_01"
340,"betternether:cincinnasite_pot"
341,"betternether:potted_plant_1"
342,"betternether:cincinnasite_frame"
343,"betternether:quartz_glass"
344,"betternether:quartz_glass_framed"
345,"betternether:quartz_stained_glass"
346,"betternether:cincinnasite_bars"
347,"betternether:quartz_glass_pane"
348,"betternether:quartz_glass_framed_pane"
349,"betternether:cincinnasite_forge"
350,"betternether:netherrack_furnace"
351,"betternether:bone_reed_door"
352,"betternether:bone_cincinnasite_door"
353,"betternether:quartz_stained_glass_framed"
354,"betternether:quartz_stained_glass_pane"
355,"betternether:stalagnate_bowl_placed"
356,"betternether:chest_of_drawers"
357,"biomesoplenty:grass"
358,"biomesoplenty:dirt"
359,"biomesoplenty:grass_path"
360,"biomesoplenty:farmland_0"
361,"biomesoplenty:farmland_1"
362,"biomesoplenty:white_sand"
363,"biomesoplenty:white_sandstone"
364,"biomesoplenty:white_sandstone_stairs"
365,"biomesoplenty:dried_sand"
366,"biomesoplenty:hard_ice"
367,"biomesoplenty:ash_block"
368,"biomesoplenty:mud"
369,"biomesoplenty:flesh"
370,"biomesoplenty:crystal"
371,"biomesoplenty:biome_block"
372,"biomesoplenty:gem_ore"
373,"biomesoplenty:gem_block"
374,"biomesoplenty:hive"
375,"biomesoplenty:honey_block"
376,"biomesoplenty:blue_fire"
377,"biomesoplenty:bamboo_thatching"
378,"biomesoplenty:mud_brick_block"
379,"biomesoplenty:mud_brick_stairs"
380,"biomesoplenty:other_slab"
381,"biomesoplenty:double_other_slab"
382,"biomesoplenty:log_0"
383,"biomesoplenty:log_1"
384,"biomesoplenty:log_2"
385,"biomesoplenty:log_3"
386,"biomesoplenty:log_4"
387,"biomesoplenty:leaves_0"
388,"biomesoplenty:leaves_1"
389,"biomesoplenty:leaves_2"
390,"biomesoplenty:leaves_3"
391,"biomesoplenty:leaves_4"
392,"biomesoplenty:leaves_5"
393,"biomesoplenty:leaves_6"
394,"biomesoplenty:planks_0"
395,"biomesoplenty:sacred_oak_stairs"
396,"biomesoplenty:cherry_stairs"
397,"biomesoplenty:umbran_stairs"
398,"biomesoplenty:fir_stairs"
399,"biomesoplenty:ethereal_stairs"
400,"biomesoplenty:magic_stairs"
401,"biomesoplenty:mangrove_stairs"
402,"biomesoplenty:palm_stairs"
403,"biomesoplenty:redwood_stairs"
404,"biomesoplenty:willow_stairs"
405,"biomesoplenty:pine_stairs"
406,"biomesoplenty:hellbark_stairs"
407,"biomesoplenty:jacaranda_stairs"
408,"biomesoplenty:mahogany_stairs"
409,"biomesoplenty:ebony_stairs"
410,"biomesoplenty:eucalyptus_stairs"
411,"biomesoplenty:wood_slab_0"
412,"biomesoplenty:double_wood_slab_0"
413,"biomesoplenty:wood_slab_1"
414,"biomesoplenty:double_wood_slab_1"
415,"biomesoplenty:sacred_oak_fence"
416,"biomesoplenty:cherry_fence"
417,"biomesoplenty:umbran_fence"
418,"biomesoplenty:fir_fence"
419,"biomesoplenty:ethereal_fence"
420,"biomesoplenty:magic_fence"
421,"biomesoplenty:mangrove_fence"
422,"biomesoplenty:palm_fence"
423,"biomesoplenty:redwood_fence"
424,"biomesoplenty:willow_fence"
425,"biomesoplenty:pine_fence"
426,"biomesoplenty:hellbark_fence"
427,"biomesoplenty:jacaranda_fence"
428,"biomesoplenty:mahogany_fence"
429,"biomesoplenty:ebony_fence"
430,"biomesoplenty:eucalyptus_fence"
431,"biomesoplenty:sacred_oak_fence_gate"
432,"biomesoplenty:cherry_fence_gate"
433,"biomesoplenty:umbran_fence_gate"
434,"biomesoplenty:fir_fence_gate"
435,"biomesoplenty:ethereal_fence_gate"
436,"biomesoplenty:magic_fence_gate"
437,"biomesoplenty:mangrove_fence_gate"
438,"biomesoplenty:palm_fence_gate"
439,"biomesoplenty:redwood_fence_gate"
440,"biomesoplenty:willow_fence_gate"
441,"biomesoplenty:pine_fence_gate"
442,"biomesoplenty:hellbark_fence_gate"
443,"biomesoplenty:jacaranda_fence_gate"
444,"biomesoplenty:mahogany_fence_gate"
445,"biomesoplenty:ebony_fence_gate"
446,"biomesoplenty:eucalyptus_fence_gate"
447,"biomesoplenty:sacred_oak_door_block"
448,"biomesoplenty:cherry_door_block"
449,"biomesoplenty:umbran_door_block"
450,"biomesoplenty:fir_door_block"
451,"biomesoplenty:ethereal_door_block"
452,"biomesoplenty:magic_door_block"
453,"biomesoplenty:mangrove_door_block"
454,"biomesoplenty:palm_door_block"
455,"biomesoplenty:redwood_door_block"
456,"biomesoplenty:willow_door_block"
457,"biomesoplenty:pine_door_block"
458,"biomesoplenty:hellbark_door_block"
459,"biomesoplenty:jacaranda_door_block"
460,"biomesoplenty:mahogany_door_block"
461,"biomesoplenty:ebony_door_block"
462,"biomesoplenty:eucalyptus_door_block"
463,"biomesoplenty:coral"
464,"biomesoplenty:seaweed"
465,"biomesoplenty:waterlily"
466,"biomesoplenty:bamboo"
467,"biomesoplenty:sapling_0"
468,"biomesoplenty:sapling_1"
469,"biomesoplenty:sapling_2"
470,"biomesoplenty:plant_0"
471,"biomesoplenty:plant_1"
472,"biomesoplenty:double_plant"
473,"biomesoplenty:mushroom"
474,"biomesoplenty:bramble_plant"
475,"biomesoplenty:flower_0"
476,"biomesoplenty:flower_1"
477,"biomesoplenty:ivy"
478,"biomesoplenty:willow_vine"
479,"biomesoplenty:terrarium"
480,"biomesoplenty:sand"
481,"biomesoplenty:honey"
482,"biomesoplenty:blood"
483,"biomesoplenty:poison"
484,"biomesoplenty:hot_spring_water"
485,"chococraftplus:gysahlstemblock"
486,"chococraftplus:gysahlgardenblock"
487,"chococraftplus:strawblock"
488,"moglowstone:black_gsblock"
489,"moglowstone:blue_gsblock"
490,"moglowstone:brick_gsblock"
491,"moglowstone:brown_gsblock"
492,"moglowstone:cyan_gsblock"
493,"moglowstone:gray_gsblock"
494,"moglowstone:green_gsblock"
495,"moglowstone:lamp_gsblock"
496,"moglowstone:lblue_gsblock"
497,"moglowstone:lgray_gsblock"
498,"moglowstone:lime_gsblock"
499,"moglowstone:magenta_gsblock"
500,"moglowstone:orange_gsblock"
501,"moglowstone:pink_gsblock"
502,"moglowstone:purple_gsblock"
503,"moglowstone:red_gsblock"
504,"moglowstone:white_gsblock"
505,"moglowstone:glowstone_ore"
506,"rustic:olive_oil"
507,"rustic:ironberry_juice"
508,"rustic:wildberry_juice"
509,"rustic:grape_juice"
510,"rustic:apple_juice"
511,"rustic:ale_wort"
512,"rustic:honey"
513,"rustic:golden_apple_juice"
514,"rustic:stone_pillar"
515,"rustic:andesite_pillar"
516,"rustic:diorite_pillar"
517,"rustic:granite_pillar"
518,"rustic:slate_pillar"
519,"rustic:chain"
520,"rustic:candle"
521,"rustic:candle_double"
522,"rustic:candle_lever"
523,"rustic:chandelier"
524,"rustic:chain_gold"
525,"rustic:candle_gold"
526,"rustic:candle_double_gold"
527,"rustic:candle_lever_gold"
528,"rustic:chandelier_gold"
529,"rustic:chain_silver"
530,"rustic:candle_silver"
531,"rustic:candle_double_silver"
532,"rustic:candle_lever_silver"
533,"rustic:chandelier_silver"
534,"rustic:beehive"
535,"rustic:apiary"
536,"rustic:slate"
537,"rustic:slate_roof"
538,"rustic:slate_tile"
539,"rustic:slate_brick"
540,"rustic:slate_chiseled"
541,"rustic:stairs_slate_roof"
542,"rustic:slate_roof_doubleslab"
543,"rustic:slate_roof_slab"
544,"rustic:stairs_slate_brick"
545,"rustic:slate_brick_doubleslab"
546,"rustic:slate_brick_slab"
547,"rustic:clay_wall"
548,"rustic:clay_wall_cross"
549,"rustic:clay_wall_diag"
550,"rustic:chair_oak"
551,"rustic:chair_big_oak"
552,"rustic:chair_birch"
553,"rustic:chair_spruce"
554,"rustic:chair_acacia"
555,"rustic:chair_jungle"
556,"rustic:chair_olive"
557,"rustic:chair_ironwood"
558,"rustic:table_oak"
559,"rustic:table_big_oak"
560,"rustic:table_birch"
561,"rustic:table_spruce"
562,"rustic:table_acacia"
563,"rustic:table_jungle"
564,"rustic:table_olive"
565,"rustic:table_ironwood"
566,"rustic:vase"
567,"rustic:barrel"
568,"rustic:iron_lattice"
569,"rustic:iron_lantern"
570,"rustic:golden_lantern"
571,"rustic:silver_lantern"
572,"rustic:painted_wood_white"
573,"rustic:painted_wood_orange"
574,"rustic:painted_wood_magenta"
575,"rustic:painted_wood_light_blue"
576,"rustic:painted_wood_yellow"
577,"rustic:painted_wood_lime"
578,"rustic:painted_wood_pink"
579,"rustic:painted_wood_gray"
580,"rustic:painted_wood_silver"
581,"rustic:painted_wood_cyan"
582,"rustic:painted_wood_purple"
583,"rustic:painted_wood_blue"
584,"rustic:painted_wood_brown"
585,"rustic:painted_wood_green"
586,"rustic:painted_wood_red"
587,"rustic:painted_wood_black"
588,"rustic:gargoyle"
589,"rustic:cabinet"
590,"rustic:liquid_barrel"
591,"rustic:fertile_soil"
592,"rustic:planks"
593,"rustic:log"
594,"rustic:leaves"
595,"rustic:sapling"
596,"rustic:crushing_tub"
597,"rustic:evaporating_basin"
598,"rustic:fence_olive"
599,"rustic:fence_ironwood"
600,"rustic:fence_gate_olive"
601,"rustic:fence_gate_ironwood"
602,"rustic:olive_doubleslab"
603,"rustic:olive_slab"
604,"rustic:ironwood_doubleslab"
605,"rustic:ironwood_slab"
606,"rustic:stairs_olive"
607,"rustic:stairs_ironwood"
608,"rustic:condenser"
609,"rustic:retort"
610,"rustic:condenser_advanced"
611,"rustic:retort_advanced"
612,"rustic:crop_stake"
613,"rustic:tomato_crop"
614,"rustic:chili_crop"
615,"rustic:wildberry_bush"
616,"rustic:rope"
617,"rustic:stake_tied"
618,"rustic:grape_stem"
619,"rustic:grape_leaves"
620,"rustic:brewing_barrel"
621,"rustic:apple_seeds"
622,"rustic:sapling_apple"
623,"rustic:leaves_apple"
624,"rustic:olive_door"
625,"rustic:ironwood_door"
626,"rustic:lantern_wood"
627,"rustic:aloe_vera"
628,"rustic:blood_orchid"
629,"rustic:chamomile"
630,"rustic:cloudsbluff"
631,"rustic:cohosh"
632,"rustic:core_root"
633,"rustic:deathstalk_mushroom"
634,"rustic:ginseng"
635,"rustic:horsetail"
636,"rustic:marsh_mallow"
637,"rustic:mooncap_mushroom"
638,"rustic:wind_thistle"
639,"rustic:vanta_lily"
640,"reccomplex:generic_space"
641,"reccomplex:generic_solid"
642,"reccomplex:structure_generator"
643,"reccomplex:maze_generator"
644,"reccomplex:weighted_command_block"
645,"reccomplex:spawn_script"
646,"rusticbopwoods:chair_sacred_oak"
647,"rusticbopwoods:chair_cherry"
648,"rusticbopwoods:chair_umbran"
649,"rusticbopwoods:chair_fir"
650,"rusticbopwoods:chair_ethereal"
651,"rusticbopwoods:chair_magic"
652,"rusticbopwoods:chair_mangrove"
653,"rusticbopwoods:chair_palm"
654,"rusticbopwoods:chair_redwood"
655,"rusticbopwoods:chair_willow"
656,"rusticbopwoods:chair_pine"
657,"rusticbopwoods:chair_hellbark"
658,"rusticbopwoods:chair_jacaranda"
659,"rusticbopwoods:chair_mahogany"
660,"rusticbopwoods:chair_ebony"
661,"rusticbopwoods:chair_eucalyptus"
662,"rusticbopwoods:table_sacred_oak"
663,"rusticbopwoods:table_cherry"
664,"rusticbopwoods:table_umbran"
665,"rusticbopwoods:table_fir"
666,"rusticbopwoods:table_ethereal"
667,"rusticbopwoods:table_magic"
668,"rusticbopwoods:table_mangrove"
669,"rusticbopwoods:table_palm"
670,"rusticbopwoods:table_redwood"
671,"rusticbopwoods:table_willow"
672,"rusticbopwoods:table_pine"
673,"rusticbopwoods:table_hellbark"
674,"rusticbopwoods:table_jacaranda"
675,"rusticbopwoods:table_mahogany"
676,"rusticbopwoods:table_ebony"
677,"rusticbopwoods:table_eucalyptus"
678,"rusticcompat:chair_red_painted"
679,"rusticcompat:chair_blue_painted"
680,"rusticcompat:chair_yellow_painted"
681,"rusticcompat:chair_orange_painted"
682,"rusticcompat:chair_pink_painted"
683,"rusticcompat:chair_green_painted"
684,"rusticcompat:chair_black_painted"
685,"rusticcompat:chair_white_painted"
686,"rusticcompat:chair_brown_painted"
687,"rusticcompat:chair_gray_painted"
688,"rusticcompat:chair_lime_painted"
689,"rusticcompat:chair_magenta_painted"
690,"rusticcompat:chair_purple_painted"
691,"rusticcompat:chair_cyan_painted"
692,"rusticcompat:chair_silver_painted"
693,"rusticcompat:chair_light_blue_painted"
694,"rusticcompat:table_red_painted"
695,"rusticcompat:table_blue_painted"
696,"rusticcompat:table_yellow_painted"
697,"rusticcompat:table_orange_painted"
698,"rusticcompat:table_pink_painted"
699,"rusticcompat:table_green_painted"
700,"rusticcompat:table_black_painted"
701,"rusticcompat:table_white_painted"
702,"rusticcompat:table_brown_painted"
703,"rusticcompat:table_gray_painted"
704,"rusticcompat:table_lime_painted"
705,"rusticcompat:table_magenta_painted"
706,"rusticcompat:table_purple_painted"
707,"rusticcompat:table_cyan_painted"
708,"rusticcompat:table_silver_painted"
709,"rusticcompat:table_light_blue_painted"
710,"rusticcompat:chair_fir"
711,"rusticcompat:table_fir"
712,"rusticcompat:chair_tenebra"
713,"rusticcompat:table_tenebra"
714,"rusticcompat:chair_stalagnate"
715,"rusticcompat:chair_reed"
716,"rusticcompat:table_stalagnate"
717,"rusticcompat:table_reed"
718,"rusticcompat:chair_red_stained"
719,"rusticcompat:chair_blue_stained"
720,"rusticcompat:chair_yellow_stained"
721,"rusticcompat:chair_orange_stained"
722,"rusticcompat:chair_pink_stained"
723,"rusticcompat:chair_green_stained"
724,"rusticcompat:chair_black_stained"
725,"rusticcompat:chair_white_stained"
726,"rusticcompat:chair_brown_stained"
727,"rusticcompat:chair_gray_stained"
728,"rusticcompat:chair_lime_stained"
729,"rusticcompat:chair_magenta_stained"
730,"rusticcompat:chair_purple_stained"
731,"rusticcompat:chair_cyan_stained"
732,"rusticcompat:chair_light_gray_stained"
733,"rusticcompat:chair_light_blue_stained"
734,"rusticcompat:table_red_stained"
735,"rusticcompat:table_blue_stained"
736,"rusticcompat:table_yellow_stained"
737,"rusticcompat:table_orange_stained"
738,"rusticcompat:table_pink_stained"
739,"rusticcompat:table_green_stained"
740,"rusticcompat:table_black_stained"
741,"rusticcompat:table_white_stained"
742,"rusticcompat:table_brown_stained"
743,"rusticcompat:table_gray_stained"
744,"rusticcompat:table_lime_stained"
745,"rusticcompat:table_magenta_stained"
746,"rusticcompat:table_purple_stained"
747,"rusticcompat:table_cyan_stained"
748,"rusticcompat:table_light_gray_stained"
749,"rusticcompat:table_light_blue_stained"
750,"rusticcompat:chair_skyroot"
751,"rusticcompat:table_skyroot"
752,"villagenames:lunaringoldbrick"
753,"villagenames:lunarinironbrick"
754,"abyssaldepths:seaweed"
755,"ancientwarfare:engineering_station"
756,"ancientwarfare:research_station"
757,"ancientwarfareautomation:quarry"
758,"ancientwarfareautomation:tree_farm"
759,"ancientwarfareautomation:crop_farm"
760,"ancientwarfareautomation:fruit_farm"
761,"ancientwarfareautomation:animal_farm"
762,"ancientwarfareautomation:fish_farm"
763,"ancientwarfareautomation:warehouse_control"
764,"ancientwarfareautomation:warehouse_storage"
765,"ancientwarfareautomation:warehouse_interface"
766,"ancientwarfareautomation:warehouse_crafting"
767,"ancientwarfareautomation:warehouse_stock_viewer"
768,"ancientwarfareautomation:warehouse_stock_linker"
769,"ancientwarfareautomation:auto_crafting"
770,"ancientwarfareautomation:mailbox"
771,"ancientwarfareautomation:flywheel_controller"
772,"ancientwarfareautomation:flywheel_storage"
773,"ancientwarfareautomation:torque_junction"
774,"ancientwarfareautomation:torque_shaft"
775,"ancientwarfareautomation:torque_distributor"
776,"ancientwarfareautomation:stirling_generator"
777,"ancientwarfareautomation:waterwheel_generator"
778,"ancientwarfareautomation:hand_cranked_generator"
779,"ancientwarfareautomation:windmill_blade"
780,"ancientwarfareautomation:windmill_generator"
781,"ancientwarfareautomation:chunk_loader_simple"
782,"ancientwarfareautomation:chunk_loader_deluxe"
783,"ancientwarfarenpc:town_hall"
784,"ancientwarfarestructure:advanced_spawner"
785,"ancientwarfarestructure:gate_proxy"
786,"ancientwarfarestructure:drafting_station"
787,"ancientwarfarestructure:structure_builder_ticked"
788,"ancientwarfarestructure:sound_block"
789,"ancientwarfarestructure:structure_scanner_block"
790,"ancientwarfarestructure:advanced_loot_chest"
791,"ancientwarfarestructure:totem_part"
792,"ancientwarfarestructure:fire_pit"
793,"ancientwarfarestructure:brazier_flame"
794,"ancientwarfarestructure:brazier_ember"
795,"ancientwarfarestructure:altar_short_cloth"
796,"ancientwarfarestructure:altar_long_cloth"
797,"ancientwarfarestructure:altar_candle"
798,"ancientwarfarestructure:altar_lectern"
799,"ancientwarfarestructure:altar_sun"
800,"ancientwarfarestructure:protection_flag"
801,"ancientwarfarestructure:decorative_flag"
802,"ancientwarfarestructure:golden_idol"
803,"ancientwarfarestructure:goblin_totem_1"
804,"ancientwarfarestructure:goblin_totem_2"
805,"ancientwarfarestructure:goblin_totem_2_lit"
806,"ancientwarfarestructure:orc_totem_1"
807,"ancientwarfarestructure:orc_totem_2"
808,"ancientwarfarestructure:orc_totem_2_lit"
809,"ancientwarfarestructure:loot_basket"
810,"ancientwarfarestructure:wooden_coffin"
811,"ancientwarfarestructure:stone_coffin"
812,"ancientwarfarestructure:stool"
813,"ancientwarfarestructure:urn"
814,"ancientwarfarestructure:table"
815,"ancientwarfarestructure:chair"
816,"ancientwarfarestructure:tribal_stool"
817,"ancientwarfarestructure:wooden_throne"
818,"ancientwarfarestructure:golden_throne"
819,"ancientwarfarestructure:wooden_post"
820,"ancientwarfarestructure:iron_cage"
821,"ancientwarfarestructure:gibbet"
822,"ancientwarfarestructure:stretching_rack"
823,"ancientwarfarestructure:stake"
824,"ancientwarfarestructure:bench"
825,"ancientwarfarestructure:tribal_chair"
826,"ancientwarfarestructure:scissor_seat"
827,"ancientwarfarestructure:statue"
828,"ancientwarfarestructure:coin_stack_copper"
829,"ancientwarfarestructure:coin_stack_silver"
830,"ancientwarfarestructure:coin_stack_gold"
831,"ancientwarfarestructure:coin_stack_ancient"
832,"ancientwarfarestructure:gravestone"
833,"ebwizardry:arcane_workbench"
834,"ebwizardry:crystal_ore"
835,"ebwizardry:crystal_flower"
836,"ebwizardry:transportation_stone"
837,"ebwizardry:crystal_block"
838,"ebwizardry:petrified_stone"
839,"ebwizardry:ice_statue"
840,"ebwizardry:magic_light"
841,"ebwizardry:snare"
842,"ebwizardry:spectral_block"
843,"ebwizardry:meteor"
844,"ebwizardry:vanishing_cobweb"
845,"ebwizardry:thorns"
846,"ebwizardry:obsidian_crust"
847,"ebwizardry:dry_frosted_ice"
848,"ebwizardry:crystal_flower_pot"
849,"ebwizardry:permafrost"
850,"ebwizardry:runestone"
851,"ebwizardry:runestone_pedestal"
852,"ebwizardry:gilded_wood"
853,"ebwizardry:oak_bookshelf"
854,"ebwizardry:spruce_bookshelf"
855,"ebwizardry:birch_bookshelf"
856,"ebwizardry:jungle_bookshelf"
857,"ebwizardry:acacia_bookshelf"
858,"ebwizardry:dark_oak_bookshelf"
859,"ebwizardry:oak_lectern"
860,"ebwizardry:birch_lectern"
861,"ebwizardry:spruce_lectern"
862,"ebwizardry:jungle_lectern"
863,"ebwizardry:acacia_lectern"
864,"ebwizardry:dark_oak_lectern"
865,"ebwizardry:receptacle"
866,"ebwizardry:imbuement_altar"
867,"quark:roots"
868,"quark:roots_blue_flower"
869,"quark:roots_black_flower"
870,"quark:roots_white_flower"
871,"quark:variant_leaves"
872,"quark:variant_sapling"
873,"quark:crystal"
874,"quark:crystal_pane"
875,"quark:stone_speleothem"
876,"quark:granite_speleothem"
877,"quark:diorite_speleothem"
878,"quark:andesite_speleothem"
879,"quark:netherrack_speleothem"
880,"quark:basalt_speleothem"
881,"quark:marble_speleothem"
882,"quark:limestone_speleothem"
883,"quark:jasper_speleothem"
884,"quark:slate_speleothem"
885,"quark:biotite_ore"
886,"quark:biotite_block"
887,"quark:biotite_slab"
888,"quark:biotite_slab_double"
889,"quark:biotite_stairs"
890,"quark:biotite_wall"
891,"quark:monster_box"
892,"quark:basalt"
893,"quark:stone_basalt_slab"
894,"quark:stone_basalt_slab_double"
895,"quark:stone_basalt_stairs"
896,"quark:basalt_wall"
897,"quark:marble"
898,"quark:stone_marble_slab"
899,"quark:stone_marble_slab_double"
900,"quark:stone_marble_stairs"
901,"quark:marble_wall"
902,"quark:limestone"
903,"quark:stone_limestone_slab"
904,"quark:stone_limestone_slab_double"
905,"quark:stone_limestone_stairs"
906,"quark:limestone_wall"
907,"quark:jasper"
908,"quark:stone_jasper_slab"
909,"quark:stone_jasper_slab_double"
910,"quark:stone_jasper_stairs"
911,"quark:jasper_wall"
912,"quark:slate"
913,"quark:stone_slate_slab"
914,"quark:stone_slate_slab_double"
915,"quark:stone_slate_stairs"
916,"quark:slate_wall"
917,"quark:biome_cobblestone"
918,"quark:biome_brick"
919,"quark:elder_prismarine"
920,"quark:elder_sea_lantern"
921,"quark:fire_stone_slab"
922,"quark:fire_stone_slab_double"
923,"quark:fire_stone_stairs"
924,"quark:fire_stone_brick_slab"
925,"quark:fire_stone_brick_slab_double"
926,"quark:fire_stone_brick_stairs"
927,"quark:icy_stone_slab"
928,"quark:icy_stone_slab_double"
929,"quark:icy_stone_stairs"
930,"quark:icy_stone_brick_slab"
931,"quark:icy_stone_brick_slab_double"
932,"quark:icy_stone_brick_stairs"
933,"quark:cobbed_stone_slab"
934,"quark:cobbed_stone_slab_double"
935,"quark:cobbed_stone_stairs"
936,"quark:elder_prismarine_slab"
937,"quark:elder_prismarine_slab_double"
938,"quark:elder_prismarine_stairs"
939,"quark:elder_prismarine_bricks_slab"
940,"quark:elder_prismarine_bricks_slab_double"
941,"quark:elder_prismarine_bricks_stairs"
942,"quark:elder_prismarine_dark_slab"
943,"quark:elder_prismarine_dark_slab_double"
944,"quark:elder_prismarine_dark_stairs"
945,"quark:fire_stone_wall"
946,"quark:icy_stone_wall"
947,"quark:cobbed_stone_wall"
948,"quark:fire_stone_brick_wall"
949,"quark:icy_stone_brick_wall"
950,"quark:elder_prismarine_wall"
951,"quark:elder_prismarine_bricks_wall"
952,"quark:elder_prismarine_dark_wall"
953,"quark:glowcelium"
954,"quark:glowshroom"
955,"quark:glowshroom_block"
956,"quark:smoker"
957,"quark:pipe"
958,"quark:tiny_potato"
959,"quark:spruce_trapdoor"
960,"quark:birch_trapdoor"
961,"quark:jungle_trapdoor"
962,"quark:acacia_trapdoor"
963,"quark:dark_oak_trapdoor"
964,"quark:paper_wall"
965,"quark:paper_wall_big"
966,"quark:paper_wall_sakura"
967,"quark:iron_ladder"
968,"quark:paper_lantern"
969,"quark:colored_flowerpot_white"
970,"quark:colored_flowerpot_orange"
971,"quark:colored_flowerpot_magenta"
972,"quark:colored_flowerpot_light_blue"
973,"quark:colored_flowerpot_yellow"
974,"quark:colored_flowerpot_lime"
975,"quark:colored_flowerpot_pink"
976,"quark:colored_flowerpot_gray"
977,"quark:colored_flowerpot_silver"
978,"quark:colored_flowerpot_cyan"
979,"quark:colored_flowerpot_purple"
980,"quark:colored_flowerpot_blue"
981,"quark:colored_flowerpot_brown"
982,"quark:colored_flowerpot_green"
983,"quark:colored_flowerpot_red"
984,"quark:colored_flowerpot_black"
985,"quark:custom_bookshelf"
986,"quark:lit_lamp"
987,"quark:custom_chest"
988,"quark:custom_chest_trap"
989,"quark:candle"
990,"quark:rope"
991,"quark:blaze_lantern"
992,"quark:nether_brick_fence_gate"
993,"quark:leaf_carpet"
994,"quark:spruce_pressure_plate"
995,"quark:birch_pressure_plate"
996,"quark:jungle_pressure_plate"
997,"quark:acacia_pressure_plate"
998,"quark:dark_oak_pressure_plate"
999,"quark:spruce_button"
1000,"quark:birch_button"
1001,"quark:jungle_button"
1002,"quark:acacia_button"
1003,"quark:dark_oak_button"
1004,"quark:grate"
1005,"quark:charcoal_block"
1006,"quark:blaze_rod"
1007,"quark:sandstone_new"
1008,"quark:sandstone_bricks_stairs"
1009,"quark:red_sandstone_bricks_stairs"
1010,"quark:soul_sandstone_bricks_stairs"
1011,"quark:sandstone_smooth_slab"
1012,"quark:sandstone_smooth_slab_double"
1013,"quark:sandstone_bricks_slab"
1014,"quark:sandstone_bricks_slab_double"
1015,"quark:red_sandstone_smooth_slab"
1016,"quark:red_sandstone_smooth_slab_double"
1017,"quark:red_sandstone_bricks_slab"
1018,"quark:red_sandstone_bricks_slab_double"
1019,"quark:soul_sandstone_smooth_slab"
1020,"quark:soul_sandstone_smooth_slab_double"
1021,"quark:soul_sandstone_bricks_slab"
1022,"quark:soul_sandstone_bricks_slab_double"
1023,"quark:polished_stone"
1024,"quark:stone_wall"
1025,"quark:stone_granite_wall"
1026,"quark:stone_diorite_wall"
1027,"quark:stone_andesite_wall"
1028,"quark:sandstone_wall"
1029,"quark:red_sandstone_wall"
1030,"quark:stonebrick_wall"
1031,"quark:brick_wall"
1032,"quark:quartz_wall"
1033,"quark:prismarine_rough_wall"
1034,"quark:prismarine_bricks_wall"
1035,"quark:dark_prismarine_wall"
1036,"quark:purpur_block_wall"
1037,"quark:end_bricks_wall"
1038,"quark:stonebrick_mossy_wall"
1039,"quark:stained_planks"
1040,"quark:stained_planks_white_stairs"
1041,"quark:stained_planks_orange_stairs"
1042,"quark:stained_planks_magenta_stairs"
1043,"quark:stained_planks_light_blue_stairs"
1044,"quark:stained_planks_yellow_stairs"
1045,"quark:stained_planks_lime_stairs"
1046,"quark:stained_planks_pink_stairs"
1047,"quark:stained_planks_gray_stairs"
1048,"quark:stained_planks_silver_stairs"
1049,"quark:stained_planks_cyan_stairs"
1050,"quark:stained_planks_purple_stairs"
1051,"quark:stained_planks_blue_stairs"
1052,"quark:stained_planks_brown_stairs"
1053,"quark:stained_planks_green_stairs"
1054,"quark:stained_planks_red_stairs"
1055,"quark:stained_planks_black_stairs"
1056,"quark:stained_planks_white_slab"
1057,"quark:stained_planks_white_slab_double"
1058,"quark:stained_planks_orange_slab"
1059,"quark:stained_planks_orange_slab_double"
1060,"quark:stained_planks_magenta_slab"
1061,"quark:stained_planks_magenta_slab_double"
1062,"quark:stained_planks_light_blue_slab"
1063,"quark:stained_planks_light_blue_slab_double"
1064,"quark:stained_planks_yellow_slab"
1065,"quark:stained_planks_yellow_slab_double"
1066,"quark:stained_planks_lime_slab"
1067,"quark:stained_planks_lime_slab_double"
1068,"quark:stained_planks_pink_slab"
1069,"quark:stained_planks_pink_slab_double"
1070,"quark:stained_planks_gray_slab"
1071,"quark:stained_planks_gray_slab_double"
1072,"quark:stained_planks_silver_slab"
1073,"quark:stained_planks_silver_slab_double"
1074,"quark:stained_planks_cyan_slab"
1075,"quark:stained_planks_cyan_slab_double"
1076,"quark:stained_planks_purple_slab"
1077,"quark:stained_planks_purple_slab_double"
1078,"quark:stained_planks_blue_slab"
1079,"quark:stained_planks_blue_slab_double"
1080,"quark:stained_planks_brown_slab"
1081,"quark:stained_planks_brown_slab_double"
1082,"quark:stained_planks_green_slab"
1083,"quark:stained_planks_green_slab_double"
1084,"quark:stained_planks_red_slab"
1085,"quark:stained_planks_red_slab_double"
1086,"quark:stained_planks_black_slab"
1087,"quark:stained_planks_black_slab_double"
1088,"quark:hardened_clay_tiles"
1089,"quark:hardened_clay_tiles_stairs"
1090,"quark:hardened_clay_tiles_slab"
1091,"quark:hardened_clay_tiles_slab_double"
1092,"quark:stained_clay_tiles"
1093,"quark:stained_clay_tiles_white_stairs"
1094,"quark:stained_clay_tiles_orange_stairs"
1095,"quark:stained_clay_tiles_magenta_stairs"
1096,"quark:stained_clay_tiles_light_blue_stairs"
1097,"quark:stained_clay_tiles_yellow_stairs"
1098,"quark:stained_clay_tiles_lime_stairs"
1099,"quark:stained_clay_tiles_pink_stairs"
1100,"quark:stained_clay_tiles_gray_stairs"
1101,"quark:stained_clay_tiles_silver_stairs"
1102,"quark:stained_clay_tiles_cyan_stairs"
1103,"quark:stained_clay_tiles_purple_stairs"
1104,"quark:stained_clay_tiles_blue_stairs"
1105,"quark:stained_clay_tiles_brown_stairs"
1106,"quark:stained_clay_tiles_green_stairs"
1107,"quark:stained_clay_tiles_red_stairs"
1108,"quark:stained_clay_tiles_black_stairs"
1109,"quark:stained_clay_tiles_white_slab"
1110,"quark:stained_clay_tiles_white_slab_double"
1111,"quark:stained_clay_tiles_orange_slab"
1112,"quark:stained_clay_tiles_orange_slab_double"
1113,"quark:stained_clay_tiles_magenta_slab"
1114,"quark:stained_clay_tiles_magenta_slab_double"
1115,"quark:stained_clay_tiles_light_blue_slab"
1116,"quark:stained_clay_tiles_light_blue_slab_double"
1117,"quark:stained_clay_tiles_yellow_slab"
1118,"quark:stained_clay_tiles_yellow_slab_double"
1119,"quark:stained_clay_tiles_lime_slab"
1120,"quark:stained_clay_tiles_lime_slab_double"
1121,"quark:stained_clay_tiles_pink_slab"
1122,"quark:stained_clay_tiles_pink_slab_double"
1123,"quark:stained_clay_tiles_gray_slab"
1124,"quark:stained_clay_tiles_gray_slab_double"
1125,"quark:stained_clay_tiles_silver_slab"
1126,"quark:stained_clay_tiles_silver_slab_double"
1127,"quark:stained_clay_tiles_cyan_slab"
1128,"quark:stained_clay_tiles_cyan_slab_double"
1129,"quark:stained_clay_tiles_purple_slab"
1130,"quark:stained_clay_tiles_purple_slab_double"
1131,"quark:stained_clay_tiles_blue_slab"
1132,"quark:stained_clay_tiles_blue_slab_double"
1133,"quark:stained_clay_tiles_brown_slab"
1134,"quark:stained_clay_tiles_brown_slab_double"
1135,"quark:stained_clay_tiles_green_slab"
1136,"quark:stained_clay_tiles_green_slab_double"
1137,"quark:stained_clay_tiles_red_slab"
1138,"quark:stained_clay_tiles_red_slab_double"
1139,"quark:stained_clay_tiles_black_slab"
1140,"quark:stained_clay_tiles_black_slab_double"
1141,"quark:bark"
1142,"quark:bark_oak_wall"
1143,"quark:bark_oak_stairs"
1144,"quark:bark_oak_slab"
1145,"quark:bark_oak_slab_double"
1146,"quark:bark_spruce_wall"
1147,"quark:bark_spruce_stairs"
1148,"quark:bark_spruce_slab"
1149,"quark:bark_spruce_slab_double"
1150,"quark:bark_birch_wall"
1151,"quark:bark_birch_stairs"
1152,"quark:bark_birch_slab"
1153,"quark:bark_birch_slab_double"
1154,"quark:bark_jungle_wall"
1155,"quark:bark_jungle_stairs"
1156,"quark:bark_jungle_slab"
1157,"quark:bark_jungle_slab_double"
1158,"quark:bark_acacia_wall"
1159,"quark:bark_acacia_stairs"
1160,"quark:bark_acacia_slab"
1161,"quark:bark_acacia_slab_double"
1162,"quark:bark_dark_oak_wall"
1163,"quark:bark_dark_oak_stairs"
1164,"quark:bark_dark_oak_slab"
1165,"quark:bark_dark_oak_slab_double"
1166,"quark:sturdy_stone"
1167,"quark:iron_plate"
1168,"quark:iron_plate_stairs"
1169,"quark:iron_plate_slab"
1170,"quark:iron_plate_slab_double"
1171,"quark:sandy_bricks"
1172,"quark:sandy_bricks_stairs"
1173,"quark:sandy_bricks_slab"
1174,"quark:sandy_bricks_slab_double"
1175,"quark:sandy_bricks_wall"
1176,"quark:stone_stairs"
1177,"quark:stone_granite_stairs"
1178,"quark:stone_granite_slab"
1179,"quark:stone_granite_slab_double"
1180,"quark:stone_diorite_stairs"
1181,"quark:stone_diorite_slab"
1182,"quark:stone_diorite_slab_double"
1183,"quark:stone_andesite_stairs"
1184,"quark:stone_andesite_slab"
1185,"quark:stone_andesite_slab_double"
1186,"quark:end_bricks_stairs"
1187,"quark:end_bricks_slab"
1188,"quark:end_bricks_slab_double"
1189,"quark:prismarine_stairs"
1190,"quark:prismarine_slab"
1191,"quark:prismarine_slab_double"
1192,"quark:prismarine_bricks_stairs"
1193,"quark:prismarine_bricks_slab"
1194,"quark:prismarine_bricks_slab_double"
1195,"quark:prismarine_dark_stairs"
1196,"quark:prismarine_dark_slab"
1197,"quark:prismarine_dark_slab_double"
1198,"quark:red_nether_brick_stairs"
1199,"quark:red_nether_brick_slab"
1200,"quark:red_nether_brick_slab_double"
1201,"quark:cobblestone_mossy_stairs"
1202,"quark:cobblestone_mossy_slab"
1203,"quark:cobblestone_mossy_slab_double"
1204,"quark:stonebrick_mossy_stairs"
1205,"quark:stonebrick_mossy_slab"
1206,"quark:stonebrick_mossy_slab_double"
1207,"quark:thatch"
1208,"quark:thatch_stairs"
1209,"quark:thatch_slab"
1210,"quark:thatch_slab_double"
1211,"quark:charred_nether_bricks"
1212,"quark:charred_nether_brick_stairs"
1213,"quark:charred_nether_brick_slab"
1214,"quark:charred_nether_brick_slab_double"
1215,"quark:world_stone_bricks"
1216,"quark:world_stone_carved"
1217,"quark:stone_granite_bricks_stairs"
1218,"quark:stone_granite_bricks_slab"
1219,"quark:stone_granite_bricks_slab_double"
1220,"quark:stone_diorite_bricks_stairs"
1221,"quark:stone_diorite_bricks_slab"
1222,"quark:stone_diorite_bricks_slab_double"
1223,"quark:stone_andesite_bricks_stairs"
1224,"quark:stone_andesite_bricks_slab"
1225,"quark:stone_andesite_bricks_slab_double"
1226,"quark:stone_basalt_bricks_stairs"
1227,"quark:stone_basalt_bricks_slab"
1228,"quark:stone_basalt_bricks_slab_double"
1229,"quark:stone_marble_bricks_stairs"
1230,"quark:stone_marble_bricks_slab"
1231,"quark:stone_marble_bricks_slab_double"
1232,"quark:stone_limestone_bricks_stairs"
1233,"quark:stone_limestone_bricks_slab"
1234,"quark:stone_limestone_bricks_slab_double"
1235,"quark:stone_jasper_bricks_stairs"
1236,"quark:stone_jasper_bricks_slab"
1237,"quark:stone_jasper_bricks_slab_double"
1238,"quark:stone_slate_bricks_stairs"
1239,"quark:stone_slate_bricks_slab"
1240,"quark:stone_slate_bricks_slab_double"
1241,"quark:stone_granite_bricks_wall"
1242,"quark:stone_diorite_bricks_wall"
1243,"quark:stone_andesite_bricks_wall"
1244,"quark:stone_basalt_bricks_wall"
1245,"quark:stone_marble_bricks_wall"
1246,"quark:stone_limestone_bricks_wall"
1247,"quark:stone_jasper_bricks_wall"
1248,"quark:stone_slate_bricks_wall"
1249,"quark:midori_block"
1250,"quark:midori_pillar"
1251,"quark:midori_block_stairs"
1252,"quark:midori_block_slab"
1253,"quark:midori_block_slab_double"
1254,"quark:midori_block_wall"
1255,"quark:magma_bricks"
1256,"quark:magma_bricks_stairs"
1257,"quark:magma_bricks_slab"
1258,"quark:magma_bricks_slab_double"
1259,"quark:vertical_planks"
1260,"quark:vertical_stained_planks"
1261,"quark:duskbound_block"
1262,"quark:duskbound_lantern"
1263,"quark:duskbound_block_stairs"
1264,"quark:duskbound_block_slab"
1265,"quark:duskbound_block_slab_double"
1266,"quark:duskbound_block_wall"
1267,"quark:world_stone_pavement"
1268,"quark:reed_block"
1269,"quark:reed_block_stairs"
1270,"quark:reed_block_slab"
1271,"quark:reed_block_slab_double"
1272,"quark:reed_block_wall"
1273,"quark:snow_bricks"
1274,"quark:snow_bricks_stairs"
1275,"quark:snow_bricks_slab"
1276,"quark:snow_bricks_slab_double"
1277,"quark:snow_bricks_wall"
1278,"quark:carved_wood"
1279,"quark:soul_sandstone"
1280,"quark:soul_sandstone_slab"
1281,"quark:soul_sandstone_slab_double"
1282,"quark:soul_sandstone_stairs"
1283,"quark:soul_sandstone_wall"
1284,"quark:turf"
1285,"quark:turf_stairs"
1286,"quark:turf_slab"
1287,"quark:turf_slab_double"
1288,"quark:framed_glass"
1289,"quark:framed_glass_pane"
1290,"quark:polished_netherrack"
1291,"quark:polished_netherrack_bricks_stairs"
1292,"quark:polished_netherrack_bricks_slab"
1293,"quark:polished_netherrack_bricks_slab_double"
1294,"quark:polished_netherrack_bricks_wall"
1295,"quark:quilted_wool"
1296,"quark:chute"
1297,"quark:sugar_block"
1298,"quark:redstone_randomizer"
1299,"quark:iron_button"
1300,"quark:gold_button"
1301,"quark:ender_watcher"
1302,"quark:iron_rod"
1303,"quark:color_slime"
1304,"quark:gravisand"
1305,"quark:redstone_inductor"
1306,"quark:obsidian_pressure_plate"
1307,"quark:rain_detector"
1308,"quark:glowstone_dust_block"
1309,"quark:gunpowder_block"
1310,"quark:black_ash"
1311,"ancientbeasts:pokey"
1312,"ancientbeasts:skewer"
1313,"ancientbeasts:spiky"
1314,"ancientbeasts:moving_light_source"
1315,"ancientbeasts:stick_wall"
1316,"ancientbeasts:thatch"
1317,"ancientbeasts:cursed_log"
1318,"ancientbeasts:cursed_plank"
1319,"ancientbeasts:cursed_stairs"
1320,"ancientbeasts:cursed_slab_double"
1321,"ancientbeasts:cursed_slab_half"
1322,"ancientbeasts:cursed_fence"
1323,"ancientbeasts:cursed_gate"
1324,"ancientbeasts:cursed_door"
1325,"ancientbeasts:cursed_leaves"
1326,"ancientbeasts:hanging_leaves"
1327,"ancientbeasts:cursed_sapling"
1328,"ancientbeasts:green_torch"
1329,"betteranimalsplus:trillium"
1330,"betteranimalsplus:handoffate"
1331,"betteranimalsplus:turkey_raw"
1332,"betteranimalsplus:turkey_cooked"
1333,"betteranimalsplus:turkey_eaten_raw"
1334,"betteranimalsplus:turkey_eaten_cooked"
1335,"betteranimalsplus:wolfhead"
1336,"betteranimalsplus:wolfhead_1"
1337,"betteranimalsplus:wolfhead_2"
1338,"betteranimalsplus:wolfhead_3"
1339,"betteranimalsplus:wolfhead_4"
1340,"betteranimalsplus:wolfhead_5"
1341,"betteranimalsplus:wolfhead_6"
1342,"betteranimalsplus:coyotehead"
1343,"betteranimalsplus:coyotehead_1"
1344,"betteranimalsplus:foxhead"
1345,"betteranimalsplus:foxhead_1"
1346,"betteranimalsplus:foxhead_2"
1347,"betteranimalsplus:foxhead_3"
1348,"betteranimalsplus:foxhead_4"
1349,"betteranimalsplus:boarhead"
1350,"betteranimalsplus:boarhead_1"
1351,"betteranimalsplus:boarhead_2"
1352,"betteranimalsplus:boarhead_3"
1353,"betteranimalsplus:boarhead_4"
1354,"betteranimalsplus:bearhead"
1355,"betteranimalsplus:bearhead_1"
1356,"betteranimalsplus:bearhead_2"
1357,"betteranimalsplus:bearhead_3"
1358,"betteranimalsplus:deerhead"
1359,"betteranimalsplus:deerhead_1"
1360,"betteranimalsplus:deerhead_2"
1361,"betteranimalsplus:deerhead_3"
1362,"betteranimalsplus:deerhead_4"
1363,"betteranimalsplus:reindeerhead"
1364,"betteranimalsplus:reindeerhead_1"
1365,"betteranimalsplus:reindeerhead_2"
1366,"betteranimalsplus:reindeerhead_3"
1367,"betteranimalsplus:reindeerhead_4"
1368,"betteranimalsplus:moosehead"
1369,"betteranimalsplus:moosehead_1"
1370,"betteranimalsplus:moosehead_2"
1371,"betteranimalsplus:moosehead_3"
1372,"betteranimalsplus:moosehead_4"
1373,"betteranimalsplus:hirschgeistskull"
1374,"betteranimalsplus:hirschgeistskull_1"
1375,"natura:clouds"
1376,"natura:colored_grass"
1377,"natura:colored_grass_slab"
1378,"natura:colored_grass_stairs_topiary"
1379,"natura:colored_grass_stairs_bluegrass"
1380,"natura:colored_grass_stairs_autumnal"
1381,"natura:overworld_logs"
1382,"natura:overworld_logs2"
1383,"natura:redwood_logs"
1384,"natura:apple_log"
1385,"natura:overworld_leaves"
1386,"natura:overworld_leaves2"
1387,"natura:redwood_leaves"
1388,"natura:apple_leaves"
1389,"natura:overworld_sapling"
1390,"natura:overworld_sapling2"
1391,"natura:redwood_sapling"
1392,"natura:apple_sapling"
1393,"natura:bluebells_flower"
1394,"natura:overworld_planks"
1395,"natura:overworld_slab"
1396,"natura:overworld_slab2"
1397,"natura:overworld_stairs_maple"
1398,"natura:overworld_stairs_silverbell"
1399,"natura:overworld_stairs_amaranth"
1400,"natura:overworld_stairs_tiger"
1401,"natura:overworld_stairs_willow"
1402,"natura:overworld_stairs_eucalyptus"
1403,"natura:overworld_stairs_hopseed"
1404,"natura:overworld_stairs_sakura"
1405,"natura:overworld_stairs_redwood"
1406,"natura:overworld_stairs_apple"
1407,"natura:overworld_berrybush_raspberry"
1408,"natura:overworld_berrybush_blueberry"
1409,"natura:overworld_berrybush_blackberry"
1410,"natura:overworld_berrybush_maloberry"
1411,"natura:barley_crop"
1412,"natura:cotton_crop"
1413,"natura:overworld_door_eucalyptus"
1414,"natura:overworld_door_hopseed"
1415,"natura:overworld_door_sakura"
1416,"natura:overworld_door_redwood"
1417,"natura:overworld_door_redwood_bark"
1418,"natura:overworld_door_tiger"
1419,"natura:overworld_door_maple"
1420,"natura:overworld_door_silverbell"
1421,"natura:overworld_door_amaranth"
1422,"natura:overworld_door_willow"
1423,"natura:overworld_door_apple"
1424,"natura:saguaro"
1425,"natura:saguaro_baby"
1426,"natura:saguaro_fruit"
1427,"natura:nether_logs"
1428,"natura:nether_logs2"
1429,"natura:nether_leaves"
1430,"natura:nether_leaves2"
1431,"natura:nether_sapling"
1432,"natura:nether_sapling2"
1433,"natura:nether_planks"
1434,"natura:nether_slab"
1435,"natura:nether_heat_sand"
1436,"natura:nether_tainted_soil"
1437,"natura:nether_thorn_vines"
1438,"natura:nether_glass"
1439,"natura:smooth_netherrack"
1440,"natura:netherrack_bricks"
1441,"natura:charred_netherrack_bricks"
1442,"natura:nether_stairs_ghostwood"
1443,"natura:nether_stairs_bloodwood"
1444,"natura:nether_stairs_darkwood"
1445,"natura:nether_stairs_fusewood"
1446,"natura:nether_berrybush_blightberry"
1447,"natura:nether_berrybush_duskberry"
1448,"natura:nether_berrybush_skyberry"
1449,"natura:nether_berrybush_stingberry"
1450,"natura:respawn_obelisk"
1451,"natura:nether_glowshroom"
1452,"natura:nether_green_large_glowshroom"
1453,"natura:nether_blue_large_glowshroom"
1454,"natura:nether_purple_large_glowshroom"
1455,"natura:nether_door_ghostwood"
1456,"natura:nether_door_bloodwood"
1457,"natura:nether_door_darkwood"
1458,"natura:nether_door_fusewood"
1459,"natura:blaze_hopper"
1460,"natura:nether_lever"
1461,"natura:nether_button"
1462,"natura:nether_pressure_plate"
1463,"natura:blaze_rail"
1464,"natura:blaze_rail_golden"
1465,"natura:blaze_rail_activator"
1466,"natura:blaze_rail_detector"
1467,"natura:netherrack_furnace"
1468,"natura:lit_netherrack_furnace"
1469,"natura:maple_button"
1470,"natura:maple_pressure_plate"
1471,"natura:maple_trap_door"
1472,"natura:maple_fence"
1473,"natura:maple_fence_gate"
1474,"natura:silverbell_button"
1475,"natura:silverbell_pressure_plate"
1476,"natura:silverbell_trap_door"
1477,"natura:silverbell_fence"
1478,"natura:silverbell_fence_gate"
1479,"natura:amaranth_button"
1480,"natura:amaranth_pressure_plate"
1481,"natura:amaranth_trap_door"
1482,"natura:amaranth_fence"
1483,"natura:amaranth_fence_gate"
1484,"natura:tiger_button"
1485,"natura:tiger_pressure_plate"
1486,"natura:tiger_trap_door"
1487,"natura:tiger_fence"
1488,"natura:tiger_fence_gate"
1489,"natura:willow_button"
1490,"natura:willow_pressure_plate"
1491,"natura:willow_trap_door"
1492,"natura:willow_fence"
1493,"natura:willow_fence_gate"
1494,"natura:eucalyptus_button"
1495,"natura:eucalyptus_pressure_plate"
1496,"natura:eucalyptus_trap_door"
1497,"natura:eucalyptus_fence"
1498,"natura:eucalyptus_fence_gate"
1499,"natura:hopseed_button"
1500,"natura:hopseed_pressure_plate"
1501,"natura:hopseed_trap_door"
1502,"natura:hopseed_fence"
1503,"natura:hopseed_fence_gate"
1504,"natura:sakura_button"
1505,"natura:sakura_pressure_plate"
1506,"natura:sakura_trap_door"
1507,"natura:sakura_fence"
1508,"natura:sakura_fence_gate"
1509,"natura:redwood_button"
1510,"natura:redwood_pressure_plate"
1511,"natura:redwood_trap_door"
1512,"natura:redwood_fence"
1513,"natura:redwood_fence_gate"
1514,"natura:apple_button"
1515,"natura:apple_pressure_plate"
1516,"natura:apple_trap_door"
1517,"natura:apple_fence"
1518,"natura:apple_fence_gate"
1519,"natura:overworld_bookshelves"
1520,"natura:overworld_workbenches"
1521,"natura:ghostwood_button"
1522,"natura:ghostwood_pressure_plate"
1523,"natura:ghostwood_trap_door"
1524,"natura:ghostwood_fence"
1525,"natura:ghostwood_fence_gate"
1526,"natura:bloodwood_button"
1527,"natura:bloodwood_pressure_plate"
1528,"natura:bloodwood_trap_door"
1529,"natura:bloodwood_fence"
1530,"natura:bloodwood_fence_gate"
1531,"natura:fusewood_button"
1532,"natura:fusewood_pressure_plate"
1533,"natura:fusewood_trap_door"
1534,"natura:fusewood_fence"
1535,"natura:fusewood_fence_gate"
1536,"natura:darkwood_button"
1537,"natura:darkwood_pressure_plate"
1538,"natura:darkwood_trap_door"
1539,"natura:darkwood_fence"
1540,"natura:darkwood_fence_gate"
1541,"natura:nether_bookshelves"
1542,"natura:nether_workbenches"
1543,"nb:basalt"
1544,"nb:polished_basalt"
1545,"nb:smooth_basalt"
1546,"nb:black_stone"
1547,"nb:black_stone_slab_half"
1548,"nb:black_stone_slab_double"
1549,"nb:black_stone_stairs"
1550,"nb:black_stone_wall"
1551,"nb:black_stone_bricks"
1552,"nb:black_bricks_slab_half"
1553,"nb:black_bricks_slab_double"
1554,"nb:black_stone_brick_stairs"
1555,"nb:bricks_stone_wall"
1556,"nb:cracked_stone_bricks"
1557,"nb:polished_black_stone"
1558,"nb:polished_black_stone_slab_half"
1559,"nb:polished_black_stone_slab_double"
1560,"nb:polished_black_stone_stairs"
1561,"nb:polished_stone_wall"
1562,"nb:chisled_polished_black_stone"
1563,"nb:chain_block"
1564,"nb:crimson_stem"
1565,"nb:crimson_hyphae"
1566,"nb:crimson_planks"
1567,"nb:crimson_door"
1568,"nb:crimson_fence"
1569,"nb:crimson_gate"
1570,"nb:crimson_slab_half"
1571,"nb:crimson_slab_double"
1572,"nb:crimson_stairs"
1573,"nb:crimson_trapdoor"
1574,"nb:crimson_fungus"
1575,"nb:crimson_grass"
1576,"nb:crimson_roots"
1577,"nb:crimson_vine"
1578,"nb:crimson_wart"
1579,"nb:cry_obi"
1580,"nb:gilded_blackstone"
1581,"nb:lode_stone"
1582,"nb:nether_gold_ore"
1583,"nb:piglin_head"
1584,"nb:quartz_bricks"
1585,"nb:respawn_anchor"
1586,"nb:shroom_light"
1587,"nb:soul_fire"
1588,"nb:soul_lantern"
1589,"nb:soul_torch"
1590,"nb:soul_soil"
1591,"nb:warped_stem"
1592,"nb:warped_hyphae"
1593,"nb:warped_planks"
1594,"nb:warped_door"
1595,"nb:warped_fence"
1596,"nb:warped_gate"
1597,"nb:warped_slab_half"
1598,"nb:warped_slab_double"
1599,"nb:warped_stairs"
1600,"nb:warped_trapdoor"
1601,"nb:warped_fungus"
1602,"nb:warped_grass"
1603,"nb:warped_wart"
1604,"nb:warped_roots"
1605,"nb:warped_sprout"
1606,"nb:warped_vine"
1607,"betterendforge:crystal_moss"
1608,"betterendforge:end_mycelium"
1609,"betterendforge:end_moss"
1610,"betterendforge:chorus_nylium"
1611,"betterendforge:cave_moss"
1612,"betterendforge:shadow_grass"
1613,"betterendforge:pink_moss"
1614,"betterendforge:amber_moss"
1615,"betterendforge:jungle_moss"
1616,"betterendforge:sangnum"
1617,"betterendforge:rutiscus"
1618,"betterendforge:pallidium_full"
1619,"betterendforge:pallidium_heavy"
1620,"betterendforge:pallidium_thin"
1621,"betterendforge:pallidium_tiny"
1622,"betterendforge:flammalix"
1623,"betterendforge:endstone_dust"
1624,"betterendforge:silk_moth_nest"
1625,"betterendforge:crystal_moss_path"
1626,"betterendforge:end_mycelium_path"
1627,"betterendforge:end_moss_path"
1628,"betterendforge:chorus_nylium_path"
1629,"betterendforge:cave_moss_path"
1630,"betterendforge:shadow_grass_path"
1631,"betterendforge:pink_moss_path"
1632,"betterendforge:amber_moss_path"
1633,"betterendforge:jungle_moss_path"
1634,"betterendforge:sangnum_path"
1635,"betterendforge:rutiscus_path"
1636,"betterendforge:mossy_obsidian"
1637,"betterendforge:dragon_bone_block"
1638,"betterendforge:dragon_bone_stairs"
1639,"betterendforge:dragon_bone_slab"
1640,"betterendforge:mossy_dragon_bone"
1641,"betterendforge:aeternium_block"
1642,"betterendforge:ender_block"
1643,"betterendforge:aurora_crystal"
1644,"betterendforge:amber_block"
1645,"betterendforge:smaragdant_crystal"
1646,"betterendforge:smaragdant_crystal_shard"
1647,"betterendforge:andesite_lantern"
1648,"betterendforge:diorite_lantern"
1649,"betterendforge:granite_lantern"
1650,"betterendforge:quartz_lantern"
1651,"betterendforge:purpur_lantern"
1652,"betterendforge:end_stone_lantern"
1653,"betterendforge:blackstone_lantern"
1654,"betterendforge:iron_bulb_lantern"
1655,"betterendforge:iron_chandelier"
1656,"betterendforge:gold_chandelier"
1657,"betterendforge:ender_ore"
1658,"betterendforge:amber_ore"
1659,"betterendforge:brimstone"
1660,"betterendforge:sulphur_crystal"
1661,"betterendforge:hydrothermal_vent"
1662,"betterendforge:flavolite_runed"
1663,"betterendforge:flavolite_runed_eternal"
1664,"betterendforge:quartz_pedestal"
1665,"betterendforge:purpur_pedestal"
1666,"betterendforge:andesite_pedestal"
1667,"betterendforge:diorite_pedestal"
1668,"betterendforge:granite_pedestal"
1669,"betterendforge:end_stone_stalactite"
1670,"betterendforge:end_stone_stalactite_cavemoss"
1671,"betterendforge:umbrella_moss"
1672,"betterendforge:umbrella_moss_tall"
1673,"betterendforge:creeping_moss"
1674,"betterendforge:chorus_grass"
1675,"betterendforge:charcoal_block"
1676,"betterendforge:cave_grass"
1677,"betterendforge:crystal_grass"
1678,"betterendforge:amber_grass"
1679,"betterendforge:shadow_plant"
1680,"betterendforge:bushy_grass"
1681,"betterendforge:jungle_grass"
1682,"betterendforge:blooming_cooksonia"
1683,"betterendforge:salteago"
1684,"betterendforge:vaiolush_fern"
1685,"betterendforge:fracturn"
1686,"betterendforge:globulagus"
1687,"betterendforge:inflexia"
1688,"betterendforge:clawfern"
1689,"betterendforge:aeridium"
1690,"betterendforge:orango"
1691,"betterendforge:lutebus"
1692,"betterendforge:lamellarium"
1693,"betterendforge:bolux_mushroom"
1694,"betterendforge:blue_vine_seed"
1695,"betterendforge:blue_vine"
1696,"betterendforge:blue_vine_lantern"
1697,"betterendforge:blue_vine_fur"
1698,"betterendforge:cave_bush"
1699,"betterendforge:end_lily_seed"
1700,"betterendforge:end_lily"
1701,"betterendforge:end_lotus_seed"
1702,"betterendforge:end_lotus_stem"
1703,"betterendforge:end_lotus_leaf"
1704,"betterendforge:end_lotus_flower"
1705,"betterendforge:bubble_coral"
1706,"betterendforge:murkweed"
1707,"betterendforge:needlegrass"
1708,"betterendforge:menger_sponge"
1709,"betterendforge:menger_sponge_wet"
1710,"betterendforge:charnia_red"
1711,"betterendforge:charnia_purple"
1712,"betterendforge:charnia_orange"
1713,"betterendforge:charnia_light_blue"
1714,"betterendforge:charnia_cyan"
1715,"betterendforge:charnia_green"
1716,"betterendforge:flamaea"
1717,"betterendforge:hydralux_sapling"
1718,"betterendforge:hydralux"
1719,"betterendforge:hydralux_petal_block"
1720,"betterendforge:lanceleaf_seed"
1721,"betterendforge:lanceleaf"
1722,"betterendforge:lumecorn_seed"
1723,"betterendforge:lumecorn"
1724,"betterendforge:glowing_pillar_seed"
1725,"betterendforge:glowing_pillar_roots"
1726,"betterendforge:glowing_pillar_luminophor"
1727,"betterendforge:glowing_pillar_leaves"
1728,"betterendforge:twisted_umbrella_moss"
1729,"betterendforge:twisted_umbrella_moss_tall"
1730,"betterendforge:small_jellyshroom"
1731,"betterendforge:neon_cactus"
1732,"betterendforge:neon_cactus_block"
1733,"betterendforge:neon_cactus_stairs"
1734,"betterendforge:neon_cactus_slab"
1735,"betterendforge:shadow_berry"
1736,"betterendforge:blossom_berry_seed"
1737,"betterendforge:amber_root_seed"
1738,"betterendforge:chorus_mushroom_seed"
1739,"betterendforge:purple_polypore"
1740,"betterendforge:aurant_polypore"
1741,"betterendforge:tail_moss"
1742,"betterendforge:cyan_moss"
1743,"betterendforge:twisted_moss"
1744,"betterendforge:bulb_moss"
1745,"betterendforge:tube_worm"
1746,"betterendforge:jungle_fern"
1747,"betterendforge:ruscus"
1748,"betterendforge:pond_anemone"
1749,"betterendforge:dense_vine"
1750,"betterendforge:twisted_vine"
1751,"betterendforge:bulb_vine"
1752,"betterendforge:bulb_vine_seed"
1753,"betterendforge:jungle_vine"
1754,"betterendforge:rubinea"
1755,"betterendforge:mossy_glowshroom_sapling"
1756,"betterendforge:mossy_glowshroom_cap"
1757,"betterendforge:mossy_glowshroom_hymenophore"
1758,"betterendforge:mossy_glowshroom_fur"
1759,"betterendforge:lacugrove_sapling"
1760,"betterendforge:lacugrove_leaves"
1761,"betterendforge:pythadendron_sapling"
1762,"betterendforge:pythadendron_leaves"
1763,"betterendforge:dragon_tree_sapling"
1764,"betterendforge:dragon_tree_leaves"
1765,"betterendforge:tenanea_sapling"
1766,"betterendforge:tenanea_leaves"
1767,"betterendforge:tenanea_flowers"
1768,"betterendforge:tenanea_outer_leaves"
1769,"betterendforge:helix_tree_sapling"
1770,"betterendforge:helix_tree_leaves"
1771,"betterendforge:umbrella_tree_sapling"
1772,"betterendforge:umbrella_tree_membrane"
1773,"betterendforge:umbrella_tree_cluster"
1774,"betterendforge:umbrella_tree_cluster_empty"
1775,"betterendforge:small_amaranita_mushroom"
1776,"betterendforge:large_amaranita_mushroom"
1777,"betterendforge:amaranita_stem"
1778,"betterendforge:amaranita_hyphae"
1779,"betterendforge:amaranita_hymenophore"
1780,"betterendforge:amaranita_lantern"
1781,"betterendforge:amaranita_fur"
1782,"betterendforge:amaranita_cap"
1783,"betterendforge:jellyshroom_cap_purple"
1784,"betterendforge:eternal_pedestal"
1785,"betterendforge:infusion_pedestal"
1786,"betterendforge:end_stone_smelter"
1787,"betterendforge:end_stone_furnace"
1788,"betterendforge:end_stone_furnace_lit"
1789,"betterendforge:dense_snow"
1790,"betterendforge:emerald_ice"
1791,"betterendforge:dense_emerald_ice"
1792,"betterendforge:ancient_emerald_ice"
1793,"betterendforge:end_portal_block"
1794,"betterendforge:respawn_obelisk"
1795,"betterendforge:vent_bubble_column"
1796,"betterendforge:missing_tile"
1797,"betterendforge:mossy_glowshroom_stripped_log"
1798,"betterendforge:mossy_glowshroom_stripped_bark"
1799,"betterendforge:mossy_glowshroom_log"
1800,"betterendforge:mossy_glowshroom_bark"
1801,"betterendforge:mossy_glowshroom_planks"
1802,"betterendforge:mossy_glowshroom_stairs"
1803,"betterendforge:mossy_glowshroom_slab"
1804,"betterendforge:mossy_glowshroom_fence"
1805,"betterendforge:mossy_glowshroom_pressure_plate"
1806,"betterendforge:mossy_glowshroom_trapdoor"
1807,"betterendforge:mossy_glowshroom_door"
1808,"betterendforge:mossy_glowshroom_crafting_table"
1809,"betterendforge:mossy_glowshroom_ladder"
1810,"betterendforge:mossy_glowshroom_chest"
1811,"betterendforge:mossy_glowshroom_sign_standing"
1812,"betterendforge:mossy_glowshroom_sign_wall"
1813,"betterendforge:mossy_glowshroom_bookshelf"
1814,"betterendforge:lacugrove_stripped_log"
1815,"betterendforge:lacugrove_stripped_bark"
1816,"betterendforge:lacugrove_log"
1817,"betterendforge:lacugrove_bark"
1818,"betterendforge:lacugrove_planks"
1819,"betterendforge:lacugrove_stairs"
1820,"betterendforge:lacugrove_slab"
1821,"betterendforge:lacugrove_fence"
1822,"betterendforge:lacugrove_pressure_plate"
1823,"betterendforge:lacugrove_trapdoor"
1824,"betterendforge:lacugrove_door"
1825,"betterendforge:lacugrove_crafting_table"
1826,"betterendforge:lacugrove_ladder"
1827,"betterendforge:lacugrove_chest"
1828,"betterendforge:lacugrove_sign_standing"
1829,"betterendforge:lacugrove_sign_wall"
1830,"betterendforge:lacugrove_bookshelf"
1831,"betterendforge:end_lotus_stripped_log"
1832,"betterendforge:end_lotus_stripped_bark"
1833,"betterendforge:end_lotus_log"
1834,"betterendforge:end_lotus_bark"
1835,"betterendforge:end_lotus_planks"
1836,"betterendforge:end_lotus_stairs"
1837,"betterendforge:end_lotus_slab"
1838,"betterendforge:end_lotus_fence"
1839,"betterendforge:end_lotus_pressure_plate"
1840,"betterendforge:end_lotus_trapdoor"
1841,"betterendforge:end_lotus_door"
1842,"betterendforge:end_lotus_crafting_table"
1843,"betterendforge:end_lotus_ladder"
1844,"betterendforge:end_lotus_chest"
1845,"betterendforge:end_lotus_sign_standing"
1846,"betterendforge:end_lotus_sign_wall"
1847,"betterendforge:end_lotus_bookshelf"
1848,"betterendforge:pythadendron_stripped_log"
1849,"betterendforge:pythadendron_stripped_bark"
1850,"betterendforge:pythadendron_log"
1851,"betterendforge:pythadendron_bark"
1852,"betterendforge:pythadendron_planks"
1853,"betterendforge:pythadendron_stairs"
1854,"betterendforge:pythadendron_slab"
1855,"betterendforge:pythadendron_fence"
1856,"betterendforge:pythadendron_pressure_plate"
1857,"betterendforge:pythadendron_trapdoor"
1858,"betterendforge:pythadendron_door"
1859,"betterendforge:pythadendron_crafting_table"
1860,"betterendforge:pythadendron_ladder"
1861,"betterendforge:pythadendron_chest"
1862,"betterendforge:pythadendron_sign_standing"
1863,"betterendforge:pythadendron_sign_wall"
1864,"betterendforge:pythadendron_bookshelf"
1865,"betterendforge:dragon_tree_stripped_log"
1866,"betterendforge:dragon_tree_stripped_bark"
1867,"betterendforge:dragon_tree_log"
1868,"betterendforge:dragon_tree_bark"
1869,"betterendforge:dragon_tree_planks"
1870,"betterendforge:dragon_tree_stairs"
1871,"betterendforge:dragon_tree_slab"
1872,"betterendforge:dragon_tree_fence"
1873,"betterendforge:dragon_tree_pressure_plate"
1874,"betterendforge:dragon_tree_trapdoor"
1875,"betterendforge:dragon_tree_door"
1876,"betterendforge:dragon_tree_crafting_table"
1877,"betterendforge:dragon_tree_ladder"
1878,"betterendforge:dragon_tree_chest"
1879,"betterendforge:dragon_tree_sign_standing"
1880,"betterendforge:dragon_tree_sign_wall"
1881,"betterendforge:dragon_tree_bookshelf"
1882,"betterendforge:tenanea_stripped_log"
1883,"betterendforge:tenanea_stripped_bark"
1884,"betterendforge:tenanea_log"
1885,"betterendforge:tenanea_bark"
1886,"betterendforge:tenanea_planks"
1887,"betterendforge:tenanea_stairs"
1888,"betterendforge:tenanea_slab"
1889,"betterendforge:tenanea_fence"
1890,"betterendforge:tenanea_pressure_plate"
1891,"betterendforge:tenanea_trapdoor"
1892,"betterendforge:tenanea_door"
1893,"betterendforge:tenanea_crafting_table"
1894,"betterendforge:tenanea_ladder"
1895,"betterendforge:tenanea_chest"
1896,"betterendforge:tenanea_sign_standing"
1897,"betterendforge:tenanea_sign_wall"
1898,"betterendforge:tenanea_bookshelf"
1899,"betterendforge:helix_tree_stripped_log"
1900,"betterendforge:helix_tree_stripped_bark"
1901,"betterendforge:helix_tree_log"
1902,"betterendforge:helix_tree_bark"
1903,"betterendforge:helix_tree_planks"
1904,"betterendforge:helix_tree_stairs"
1905,"betterendforge:helix_tree_slab"
1906,"betterendforge:helix_tree_fence"
1907,"betterendforge:helix_tree_pressure_plate"
1908,"betterendforge:helix_tree_trapdoor"
1909,"betterendforge:helix_tree_door"
1910,"betterendforge:helix_tree_crafting_table"
1911,"betterendforge:helix_tree_ladder"
1912,"betterendforge:helix_tree_chest"
1913,"betterendforge:helix_tree_sign_standing"
1914,"betterendforge:helix_tree_sign_wall"
1915,"betterendforge:helix_tree_bookshelf"
1916,"betterendforge:umbrella_tree_stripped_log"
1917,"betterendforge:umbrella_tree_stripped_bark"
1918,"betterendforge:umbrella_tree_log"
1919,"betterendforge:umbrella_tree_bark"
1920,"betterendforge:umbrella_tree_planks"
1921,"betterendforge:umbrella_tree_stairs"
1922,"betterendforge:umbrella_tree_slab"
1923,"betterendforge:umbrella_tree_fence"
1924,"betterendforge:umbrella_tree_pressure_plate"
1925,"betterendforge:umbrella_tree_trapdoor"
1926,"betterendforge:umbrella_tree_door"
1927,"betterendforge:umbrella_tree_crafting_table"
1928,"betterendforge:umbrella_tree_ladder"
1929,"betterendforge:umbrella_tree_chest"
1930,"betterendforge:umbrella_tree_sign_standing"
1931,"betterendforge:umbrella_tree_sign_wall"
1932,"betterendforge:umbrella_tree_bookshelf"
1933,"betterendforge:jellyshroom_stripped_log"
1934,"betterendforge:jellyshroom_stripped_bark"
1935,"betterendforge:jellyshroom_log"
1936,"betterendforge:jellyshroom_bark"
1937,"betterendforge:jellyshroom_planks"
1938,"betterendforge:jellyshroom_stairs"
1939,"betterendforge:jellyshroom_slab"
1940,"betterendforge:jellyshroom_fence"
1941,"betterendforge:jellyshroom_pressure_plate"
1942,"betterendforge:jellyshroom_trapdoor"
1943,"betterendforge:jellyshroom_door"
1944,"betterendforge:jellyshroom_crafting_table"
1945,"betterendforge:jellyshroom_ladder"
1946,"betterendforge:jellyshroom_chest"
1947,"betterendforge:jellyshroom_sign_standing"
1948,"betterendforge:jellyshroom_sign_wall"
1949,"betterendforge:jellyshroom_bookshelf"
1950,"betterendforge:lucernia_stripped_log"
1951,"betterendforge:lucernia_stripped_bark"
1952,"betterendforge:lucernia_log"
1953,"betterendforge:lucernia_bark"
1954,"betterendforge:lucernia_planks"
1955,"betterendforge:lucernia_stairs"
1956,"betterendforge:lucernia_slab"
1957,"betterendforge:lucernia_fence"
1958,"betterendforge:lucernia_pressure_plate"
1959,"betterendforge:lucernia_trapdoor"
1960,"betterendforge:lucernia_door"
1961,"betterendforge:lucernia_crafting_table"
1962,"betterendforge:lucernia_ladder"
1963,"betterendforge:lucernia_chest"
1964,"betterendforge:lucernia_sign_standing"
1965,"betterendforge:lucernia_sign_wall"
1966,"betterendforge:lucernia_bookshelf"
1967,"betterendforge:lucernia_sapling"
1968,"betterendforge:lucernia_leaves"
1969,"betterendforge:lucernia_outer_leaves"
1970,"betterendforge:filalux"
1971,"betterendforge:filalux_wings"
1972,"betterendforge:filalux_lantern"
1973,"betterendforge:flavolite"
1974,"betterendforge:flavolite_polished"
1975,"betterendforge:flavolite_tiles"
1976,"betterendforge:flavolite_pillar"
1977,"betterendforge:flavolite_stairs"
1978,"betterendforge:flavolite_slab"
1979,"betterendforge:flavolite_wall"
1980,"betterendforge:flavolite_pressure_plate"
1981,"betterendforge:flavolite_pedestal"
1982,"betterendforge:flavolite_lantern"
1983,"betterendforge:flavolite_bricks"
1984,"betterendforge:flavolite_bricks_stairs"
1985,"betterendforge:flavolite_bricks_slab"
1986,"betterendforge:flavolite_bricks_wall"
1987,"betterendforge:flavolite_furnace"
1988,"betterendforge:violecite"
1989,"betterendforge:violecite_polished"
1990,"betterendforge:violecite_tiles"
1991,"betterendforge:violecite_pillar"
1992,"betterendforge:violecite_stairs"
1993,"betterendforge:violecite_slab"
1994,"betterendforge:violecite_wall"
1995,"betterendforge:violecite_pressure_plate"
1996,"betterendforge:violecite_pedestal"
1997,"betterendforge:violecite_lantern"
1998,"betterendforge:violecite_bricks"
1999,"betterendforge:violecite_bricks_stairs"
2000,"betterendforge:violecite_bricks_slab"
2001,"betterendforge:violecite_bricks_wall"
2002,"betterendforge:violecite_furnace"
2003,"betterendforge:sulphuric_rock"
2004,"betterendforge:sulphuric_rock_polished"
2005,"betterendforge:sulphuric_rock_tiles"
2006,"betterendforge:sulphuric_rock_pillar"
2007,"betterendforge:sulphuric_rock_stairs"
2008,"betterendforge:sulphuric_rock_slab"
2009,"betterendforge:sulphuric_rock_wall"
2010,"betterendforge:sulphuric_rock_pressure_plate"
2011,"betterendforge:sulphuric_rock_pedestal"
2012,"betterendforge:sulphuric_rock_lantern"
2013,"betterendforge:sulphuric_rock_bricks"
2014,"betterendforge:sulphuric_rock_bricks_stairs"
2015,"betterendforge:sulphuric_rock_bricks_slab"
2016,"betterendforge:sulphuric_rock_bricks_wall"
2017,"betterendforge:sulphuric_rock_furnace"
2018,"betterendforge:virid_jadestone"
2019,"betterendforge:virid_jadestone_polished"
2020,"betterendforge:virid_jadestone_tiles"
2021,"betterendforge:virid_jadestone_pillar"
2022,"betterendforge:virid_jadestone_stairs"
2023,"betterendforge:virid_jadestone_slab"
2024,"betterendforge:virid_jadestone_wall"
2025,"betterendforge:virid_jadestone_pressure_plate"
2026,"betterendforge:virid_jadestone_pedestal"
2027,"betterendforge:virid_jadestone_lantern"
2028,"betterendforge:virid_jadestone_bricks"
2029,"betterendforge:virid_jadestone_bricks_stairs"
2030,"betterendforge:virid_jadestone_bricks_slab"
2031,"betterendforge:virid_jadestone_bricks_wall"
2032,"betterendforge:virid_jadestone_furnace"
2033,"betterendforge:azure_jadestone"
2034,"betterendforge:azure_jadestone_polished"
2035,"betterendforge:azure_jadestone_tiles"
2036,"betterendforge:azure_jadestone_pillar"
2037,"betterendforge:azure_jadestone_stairs"
2038,"betterendforge:azure_jadestone_slab"
2039,"betterendforge:azure_jadestone_wall"
2040,"betterendforge:azure_jadestone_pressure_plate"
2041,"betterendforge:azure_jadestone_pedestal"
2042,"betterendforge:azure_jadestone_lantern"
2043,"betterendforge:azure_jadestone_bricks"
2044,"betterendforge:azure_jadestone_bricks_stairs"
2045,"betterendforge:azure_jadestone_bricks_slab"
2046,"betterendforge:azure_jadestone_bricks_wall"
2047,"betterendforge:azure_jadestone_furnace"
2048,"betterendforge:sandy_jadestone"
2049,"betterendforge:sandy_jadestone_polished"
2050,"betterendforge:sandy_jadestone_tiles"
2051,"betterendforge:sandy_jadestone_pillar"
2052,"betterendforge:sandy_jadestone_stairs"
2053,"betterendforge:sandy_jadestone_slab"
2054,"betterendforge:sandy_jadestone_wall"
2055,"betterendforge:sandy_jadestone_pressure_plate"
2056,"betterendforge:sandy_jadestone_pedestal"
2057,"betterendforge:sandy_jadestone_lantern"
2058,"betterendforge:sandy_jadestone_bricks"
2059,"betterendforge:sandy_jadestone_bricks_stairs"
2060,"betterendforge:sandy_jadestone_bricks_slab"
2061,"betterendforge:sandy_jadestone_bricks_wall"
2062,"betterendforge:sandy_jadestone_furnace"
2063,"betterendforge:umbralith"
2064,"betterendforge:umbralith_polished"
2065,"betterendforge:umbralith_tiles"
2066,"betterendforge:umbralith_pillar"
2067,"betterendforge:umbralith_stairs"
2068,"betterendforge:umbralith_slab"
2069,"betterendforge:umbralith_wall"
2070,"betterendforge:umbralith_pressure_plate"
2071,"betterendforge:umbralith_pedestal"
2072,"betterendforge:umbralith_lantern"
2073,"betterendforge:umbralith_bricks"
2074,"betterendforge:umbralith_bricks_stairs"
2075,"betterendforge:umbralith_bricks_slab"
2076,"betterendforge:umbralith_bricks_wall"
2077,"betterendforge:umbralith_furnace"
2078,"betterendforge:thallasium_bulb_lantern_white"
2079,"betterendforge:thallasium_bulb_lantern_orange"
2080,"betterendforge:thallasium_bulb_lantern_magenta"
2081,"betterendforge:thallasium_bulb_lantern_light_blue"
2082,"betterendforge:thallasium_bulb_lantern_yellow"
2083,"betterendforge:thallasium_bulb_lantern_lime"
2084,"betterendforge:thallasium_bulb_lantern_pink"
2085,"betterendforge:thallasium_bulb_lantern_gray"
2086,"betterendforge:thallasium_bulb_lantern_silver"
2087,"betterendforge:thallasium_bulb_lantern_cyan"
2088,"betterendforge:thallasium_bulb_lantern_purple"
2089,"betterendforge:thallasium_bulb_lantern_blue"
2090,"betterendforge:thallasium_bulb_lantern_brown"
2091,"betterendforge:thallasium_bulb_lantern_green"
2092,"betterendforge:thallasium_bulb_lantern_red"
2093,"betterendforge:thallasium_bulb_lantern_black"
2094,"betterendforge:thallasium_ore"
2095,"betterendforge:thallasium_block"
2096,"betterendforge:thallasium_tile"
2097,"betterendforge:thallasium_stairs"
2098,"betterendforge:thallasium_trapdoor"
2099,"betterendforge:thallasium_bars"
2100,"betterendforge:thallasium_chain"
2101,"betterendforge:thallasium_pressure_plate"
2102,"betterendforge:thallasium_chandelier"
2103,"betterendforge:thallasium_bulb_lantern"
2104,"betterendforge:terminite_bulb_lantern_white"
2105,"betterendforge:terminite_bulb_lantern_orange"
2106,"betterendforge:terminite_bulb_lantern_magenta"
2107,"betterendforge:terminite_bulb_lantern_light_blue"
2108,"betterendforge:terminite_bulb_lantern_yellow"
2109,"betterendforge:terminite_bulb_lantern_lime"
2110,"betterendforge:terminite_bulb_lantern_pink"
2111,"betterendforge:terminite_bulb_lantern_gray"
2112,"betterendforge:terminite_bulb_lantern_silver"
2113,"betterendforge:terminite_bulb_lantern_cyan"
2114,"betterendforge:terminite_bulb_lantern_purple"
2115,"betterendforge:terminite_bulb_lantern_blue"
2116,"betterendforge:terminite_bulb_lantern_brown"
2117,"betterendforge:terminite_bulb_lantern_green"
2118,"betterendforge:terminite_bulb_lantern_red"
2119,"betterendforge:terminite_bulb_lantern_black"
2120,"betterendforge:terminite_block"
2121,"betterendforge:terminite_tile"
2122,"betterendforge:terminite_stairs"
2123,"betterendforge:terminite_trapdoor"
2124,"betterendforge:terminite_bars"
2125,"betterendforge:terminite_chain"
2126,"betterendforge:terminite_pressure_plate"
2127,"betterendforge:terminite_chandelier"
2128,"betterendforge:terminite_bulb_lantern"
2129,"betterendforge:hydralux_petal_block_white"
2130,"betterendforge:hydralux_petal_block_orange"
2131,"betterendforge:hydralux_petal_block_magenta"
2132,"betterendforge:hydralux_petal_block_light_blue"
2133,"betterendforge:hydralux_petal_block_yellow"
2134,"betterendforge:hydralux_petal_block_lime"
2135,"betterendforge:hydralux_petal_block_pink"
2136,"betterendforge:hydralux_petal_block_gray"
2137,"betterendforge:hydralux_petal_block_silver"
2138,"betterendforge:hydralux_petal_block_cyan"
2139,"betterendforge:hydralux_petal_block_purple"
2140,"betterendforge:hydralux_petal_block_blue"
2141,"betterendforge:hydralux_petal_block_brown"
2142,"betterendforge:hydralux_petal_block_green"
2143,"betterendforge:hydralux_petal_block_red"
2144,"betterendforge:hydralux_petal_block_black"
2145,"betterendforge:iron_bulb_lantern_white"
2146,"betterendforge:iron_bulb_lantern_orange"
2147,"betterendforge:iron_bulb_lantern_magenta"
2148,"betterendforge:iron_bulb_lantern_light_blue"
2149,"betterendforge:iron_bulb_lantern_yellow"
2150,"betterendforge:iron_bulb_lantern_lime"
2151,"betterendforge:iron_bulb_lantern_pink"
2152,"betterendforge:iron_bulb_lantern_gray"
2153,"betterendforge:iron_bulb_lantern_silver"
2154,"betterendforge:iron_bulb_lantern_cyan"
2155,"betterendforge:iron_bulb_lantern_purple"
2156,"betterendforge:iron_bulb_lantern_blue"
2157,"betterendforge:iron_bulb_lantern_brown"
2158,"betterendforge:iron_bulb_lantern_green"
2159,"betterendforge:iron_bulb_lantern_red"
2160,"betterendforge:iron_bulb_lantern_black"
2161,"iceandfire:lectern"
2162,"iceandfire:podium"
2163,"iceandfire:fire_lily"
2164,"iceandfire:frost_lily"
2165,"iceandfire:goldpile"
2166,"iceandfire:silverpile"
2167,"iceandfire:silver_ore"
2168,"iceandfire:sapphire_ore"
2169,"iceandfire:silver_block"
2170,"iceandfire:sapphire_block"
2171,"iceandfire:chared_dirt"
2172,"iceandfire:chared_grass"
2173,"iceandfire:chared_stone"
2174,"iceandfire:chared_cobblestone"
2175,"iceandfire:chared_gravel"
2176,"iceandfire:chared_grass_path"
2177,"iceandfire:ash"
2178,"iceandfire:frozen_dirt"
2179,"iceandfire:frozen_grass"
2180,"iceandfire:frozen_stone"
2181,"iceandfire:frozen_cobblestone"
2182,"iceandfire:frozen_gravel"
2183,"iceandfire:frozen_grass_path"
2184,"iceandfire:frozen_splinters"
2185,"iceandfire:dragon_ice"
2186,"iceandfire:dragon_ice_spikes"
2187,"iceandfire:nest"
2188,"iceandfire:dragonscale_red"
2189,"iceandfire:dragonscale_green"
2190,"iceandfire:dragonscale_bronze"
2191,"iceandfire:dragonscale_gray"
2192,"iceandfire:dragonscale_blue"
2193,"iceandfire:dragonscale_white"
2194,"iceandfire:dragonscale_sapphire"
2195,"iceandfire:dragonscale_silver"
2196,"iceandfire:dragon_bone_block"
2197,"iceandfire:dragon_bone_wall"
2198,"iceandfire:dragonforge_fire_brick"
2199,"iceandfire:dragonforge_ice_brick"
2200,"iceandfire:dragonforge_fire_input"
2201,"iceandfire:dragonforge_ice_input"
2202,"iceandfire:dragonforge_fire_core"
2203,"iceandfire:dragonforge_ice_core"
2204,"iceandfire:dragonforge_ice_core_disabled"
2205,"iceandfire:dragonforge_fire_core_disabled"
2206,"iceandfire:egginice"
2207,"iceandfire:pixie_house"
2208,"iceandfire:venerable_stump"
2209,"iceandfire:jar_empty"
2210,"iceandfire:jar_pixie"
2211,"iceandfire:myrmex_resin"
2212,"iceandfire:myrmex_resin_sticky"
2213,"iceandfire:desert_myrmex_cocoon"
2214,"iceandfire:jungle_myrmex_cocoon"
2215,"iceandfire:myrmex_desert_biolight"
2216,"iceandfire:myrmex_jungle_biolight"
2217,"iceandfire:myrmex_desert_resin_block"
2218,"iceandfire:myrmex_jungle_resin_block"
2219,"iceandfire:myrmex_desert_resin_glass"
2220,"iceandfire:myrmex_jungle_resin_glass"
2221,"iceandfire:dragonsteel_fire_block"
2222,"iceandfire:dragonsteel_ice_block"
2223,"iceandfire:dread_stone"
2224,"iceandfire:dread_stone_bricks"
2225,"iceandfire:dread_stone_bricks_chiseled"
2226,"iceandfire:dread_stone_bricks_cracked"
2227,"iceandfire:dread_stone_bricks_mossy"
2228,"iceandfire:dread_stone_tile"
2229,"iceandfire:dread_stone_face"
2230,"iceandfire:dread_torch"
2231,"iceandfire:dread_stone_stairs"
2232,"iceandfire:dread_stone_slab_double"
2233,"iceandfire:dread_stone_slab"
2234,"iceandfire:dreadwood_log"
2235,"iceandfire:dreadwood_planks"
2236,"iceandfire:dreadwood_planks_lock"
2237,"iceandfire:dread_portal"
2238,"iceandfire:dread_spawner"
2239,"iceandfire:burnt_torch"
2240,"iceandfire:crackled_dirt"
2241,"iceandfire:crackled_grass"
2242,"iceandfire:crackled_stone"
2243,"iceandfire:crackled_cobblestone"
2244,"iceandfire:crackled_gravel"
2245,"iceandfire:crackled_grass_path"
2246,"iceandfire:dragonforge_lightning_brick"
2247,"iceandfire:dragonforge_lightning_input"
2248,"iceandfire:dragonforge_lightning_core"
2249,"iceandfire:dragonforge_lightning_core_disabled"
2250,"iceandfire:copperpile"
2251,"iceandfire:lightning_lily"
2252,"iceandfire:dragonscale_electric"
2253,"iceandfire:dragonscale_amythest"
2254,"iceandfire:dragonscale_copper"
2255,"iceandfire:dragonscale_black"
2256,"iceandfire:copper_ore"
2257,"iceandfire:amythest_ore"
2258,"iceandfire:copper_block"
2259,"iceandfire:amythest_block"
2260,"iceandfire:dragonsteel_lightning_block"
2261,"iceandfire:sea_serpent_scale_block_blue"
2262,"iceandfire:sea_serpent_scale_block_bronze"
2263,"iceandfire:sea_serpent_scale_block_deepblue"
2264,"iceandfire:sea_serpent_scale_block_green"
2265,"iceandfire:sea_serpent_scale_block_purple"
2266,"iceandfire:sea_serpent_scale_block_red"
2267,"iceandfire:sea_serpent_scale_block_teal"
2268,"qualitytools:reforging_station"
2269,"somanyenchantments:frostedicetemp"
2270,"somanyenchantments:magmatemp"
2271,"xat:moon_rose"
2272,"xat:teddy_bear"
2273,"xat:teddy_bear_rembo"
2274,"xat:teddy_bear_scary"
2275,"xat:teddy_bear_shivaxi"
2276,"xat:teddy_bear_bee"
2277,"xat:teddy_bear_panda"
2278,"xat:teddy_bear_artsy"
2279,"xat:teddy_bear_twilight"
2280,"xat:teddy_bear_ryu"
2281,"xat:teddy_bear_ken"
2282,"xat:teddy_bear_nyan"
2283,"xat:teddy_bear_nyan_old"
2284,"xat:teddy_bear_boom"
2285,"xat:teddy_bear_rixxi"
2286,"xat:teddy_bear_snowie"
2287,"xat:cooled_magma"
2288,"classyhats:hat_stand"
2289,"bibliocraft:bookcase"
2290,"bibliocraft:bookcasecreative"
2291,"bibliocraft:shelf"
2292,"bibliocraft:markerpole"
2293,"bibliocraft:clipboard"
2294,"bibliocraft:lanterngold"
2295,"bibliocraft:lanterniron"
2296,"bibliocraft:lampgold"
2297,"bibliocraft:lampiron"
2298,"bibliocraft:furniturepaneler"
2299,"bibliocraft:framedchest"
2300,"bibliocraft:fancysign"
2301,"bibliocraft:fancyworkbench"
2302,"bibliocraft:potionshelf"
2303,"bibliocraft:toolrack"
2304,"bibliocraft:label"
2305,"bibliocraft:desk"
2306,"bibliocraft:table"
2307,"bibliocraft:seat"
2308,"bibliocraft:clock"
2309,"bibliocraft:case"
2310,"bibliocraft:mapframe"
2311,"bibliocraft:paintingframeflat"
2312,"bibliocraft:paintingframesimple"
2313,"bibliocraft:paintingframemiddle"
2314,"bibliocraft:paintingframefancy"
2315,"bibliocraft:paintingframeborderless"
2316,"bibliocraft:paintingpress"
2317,"bibliocraft:typewriter"
2318,"bibliocraft:swordpedestal"
2319,"bibliocraft:armorstand"
2320,"bibliocraft:bell"
2321,"bibliocraft:typesettingtable"
2322,"bibliocraft:printingpress"
2323,"bibliocraft:cookiejar"
2324,"bibliocraft:dinnerplate"
2325,"bibliocraft:discrack"
2326,"bonsaitrees:bonsaipot"
2327,"bountifulbaubles:reforger"
2328,"campfire:brazier"
2329,"campfire:campfire"
2330,"campfire:campfire_ash"
2331,"cqrepoured:andesite_carved"
2332,"cqrepoured:andesite_pillar"
2333,"cqrepoured:andesite_cube"
2334,"cqrepoured:andesite_scale"
2335,"cqrepoured:andesite_square"
2336,"cqrepoured:andesite_small"
2337,"cqrepoured:andesite_large"
2338,"cqrepoured:diorite_carved"
2339,"cqrepoured:diorite_pillar"
2340,"cqrepoured:diorite_cube"
2341,"cqrepoured:diorite_scale"
2342,"cqrepoured:diorite_square"
2343,"cqrepoured:diorite_small"
2344,"cqrepoured:diorite_large"
2345,"cqrepoured:granite_carved"
2346,"cqrepoured:granite_pillar"
2347,"cqrepoured:granite_cube"
2348,"cqrepoured:granite_scale"
2349,"cqrepoured:granite_square"
2350,"cqrepoured:granite_small"
2351,"cqrepoured:granite_large"
2352,"cqrepoured:prismarine_carved"
2353,"cqrepoured:prismarine_pillar"
2354,"cqrepoured:prismarine_cube"
2355,"cqrepoured:prismarine_square"
2356,"cqrepoured:prismarine_small"
2357,"cqrepoured:prismarine_large"
2358,"cqrepoured:endstone_carved"
2359,"cqrepoured:endstone_pillar"
2360,"cqrepoured:endstone_cube"
2361,"cqrepoured:endstone_scale"
2362,"cqrepoured:endstone_square"
2363,"cqrepoured:endstone_small"
2364,"cqrepoured:purpur_carved"
2365,"cqrepoured:purpur_cube"
2366,"cqrepoured:purpur_scale"
2367,"cqrepoured:purpur_small"
2368,"cqrepoured:purpur_large"
2369,"cqrepoured:red_netherbrick_carved"
2370,"cqrepoured:red_netherbrick_pillar"
2371,"cqrepoured:red_netherbrick_cube"
2372,"cqrepoured:red_netherbrick_scale"
2373,"cqrepoured:red_netherbrick_square"
2374,"cqrepoured:red_netherbrick_large"
2375,"cqrepoured:stone_pillar"
2376,"cqrepoured:stone_cube"
2377,"cqrepoured:stone_scale"
2378,"cqrepoured:stone_square"
2379,"cqrepoured:stone_small"
2380,"cqrepoured:table_oak"
2381,"cqrepoured:table_spruce"
2382,"cqrepoured:table_birch"
2383,"cqrepoured:table_jungle"
2384,"cqrepoured:table_acacia"
2385,"cqrepoured:table_dark"
2386,"cqrepoured:unlit_torch"
2387,"cqrepoured:exporter"
2388,"cqrepoured:null_block"
2389,"cqrepoured:spawner"
2390,"cqrepoured:boss_block"
2391,"cqrepoured:force_field_nexus"
2392,"cqrepoured:map_placeholder"
2393,"cqrepoured:tnt"
2394,"cqrepoured:exporter_chest_valuable"
2395,"cqrepoured:exporter_chest_food"
2396,"cqrepoured:exporter_chest_equipment"
2397,"cqrepoured:exporter_chest_utility"
2398,"cqrepoured:exporter_chest_clutter"
2399,"cqrepoured:exporter_chest_custom"
2400,"cqrepoured:exporter_chest_vanilla_blacksmith"
2401,"cqrepoured:exporter_chest_vanilla_bonus"
2402,"cqrepoured:exporter_chest_vanilla_dungeon"
2403,"cqrepoured:exporter_chest_vanilla_end_city"
2404,"cqrepoured:exporter_chest_vanilla_igloo"
2405,"cqrepoured:exporter_chest_vanilla_jungle"
2406,"cqrepoured:exporter_chest_vanilla_jungle_dispenser"
2407,"cqrepoured:exporter_chest_vanilla_mansion"
2408,"cqrepoured:exporter_chest_vanilla_mineshaft"
2409,"cqrepoured:exporter_chest_vanilla_nether"
2410,"cqrepoured:exporter_chest_vanilla_pyramid"
2411,"cqrepoured:exporter_chest_vanilla_stronghold"
2412,"cqrepoured:exporter_chest_vanilla_stronghold_library"
2413,"cqrepoured:exporter_chest_vanilla_stronghold_storeroom"
2414,"cqrepoured:phylactery"
2415,"cqrepoured:temporary_web"
2416,"comforts:rope"
2417,"comforts:sleeping_bag_white"
2418,"comforts:sleeping_bag_orange"
2419,"comforts:sleeping_bag_magenta"
2420,"comforts:sleeping_bag_light_blue"
2421,"comforts:sleeping_bag_yellow"
2422,"comforts:sleeping_bag_lime"
2423,"comforts:sleeping_bag_pink"
2424,"comforts:sleeping_bag_gray"
2425,"comforts:sleeping_bag_silver"
2426,"comforts:sleeping_bag_cyan"
2427,"comforts:sleeping_bag_purple"
2428,"comforts:sleeping_bag_blue"
2429,"comforts:sleeping_bag_brown"
2430,"comforts:sleeping_bag_green"
2431,"comforts:sleeping_bag_red"
2432,"comforts:sleeping_bag_black"
2433,"comforts:hammock_white"
2434,"comforts:hammock_orange"
2435,"comforts:hammock_magenta"
2436,"comforts:hammock_light_blue"
2437,"comforts:hammock_yellow"
2438,"comforts:hammock_lime"
2439,"comforts:hammock_pink"
2440,"comforts:hammock_gray"
2441,"comforts:hammock_silver"
2442,"comforts:hammock_cyan"
2443,"comforts:hammock_purple"
2444,"comforts:hammock_blue"
2445,"comforts:hammock_brown"
2446,"comforts:hammock_green"
2447,"comforts:hammock_red"
2448,"comforts:hammock_black"
2449,"coralreef:coral"
2450,"coralreef:reef"
2451,"deeperdepths:deepslate"
2452,"deeperdepths:stone"
2453,"deeperdepths:stone_slab"
2454,"deeperdepths:double_stone_slab"
2455,"deeperdepths:tuff_stairs"
2456,"deeperdepths:polished_tuff_stairs"
2457,"deeperdepths:tuff_brick_stairs"
2458,"deeperdepths:cobbled_deepslate_stairs"
2459,"deeperdepths:polished_deepslate_stairs"
2460,"deeperdepths:deepslate_brick_stairs"
2461,"deeperdepths:deepslate_tile_stairs"
2462,"deeperdepths:stone_wall"
2463,"deeperdepths:reinforced_deepslate"
2464,"deeperdepths:copper_ore"
2465,"deeperdepths:copper_block"
2466,"deeperdepths:cut_copper"
2467,"deeperdepths:cut_copper_slab"
2468,"deeperdepths:double_cut_copper_slab"
2469,"deeperdepths:chiseled_copper"
2470,"deeperdepths:copper_grate"
2471,"deeperdepths:copper_bulb"
2472,"deeperdepths:waxed_copper_bulb"
2473,"deeperdepths:cut_copper_stairs"
2474,"deeperdepths:exposed_cut_copper_stairs"
2475,"deeperdepths:weathered_cut_copper_stairs"
2476,"deeperdepths:oxidized_cut_copper_stairs"
2477,"deeperdepths:waxed_cut_copper_stairs"
2478,"deeperdepths:waxed_exposed_cut_copper_stairs"
2479,"deeperdepths:waxed_weathered_cut_copper_stairs"
2480,"deeperdepths:waxed_oxidized_cut_copper_stairs"
2481,"deeperdepths:copper_trapdoor"
2482,"deeperdepths:exposed_copper_trapdoor"
2483,"deeperdepths:weathered_copper_trapdoor"
2484,"deeperdepths:oxidized_copper_trapdoor"
2485,"deeperdepths:waxed_copper_trapdoor"
2486,"deeperdepths:waxed_exposed_copper_trapdoor"
2487,"deeperdepths:waxed_weathered_copper_trapdoor"
2488,"deeperdepths:waxed_oxidized_copper_trapdoor"
2489,"deeperdepths:copper_door"
2490,"deeperdepths:exposed_copper_door"
2491,"deeperdepths:weathered_copper_door"
2492,"deeperdepths:oxidized_copper_door"
2493,"deeperdepths:waxed_copper_door"
2494,"deeperdepths:waxed_exposed_copper_door"
2495,"deeperdepths:waxed_weathered_copper_door"
2496,"deeperdepths:waxed_oxidized_copper_door"
2497,"deeperdepths:lightning_rod"
2498,"deeperdepths:exposed_lightning_rod"
2499,"deeperdepths:weathered_lightning_rod"
2500,"deeperdepths:oxidized_lightning_rod"
2501,"deeperdepths:waxed_lightning_rod"
2502,"deeperdepths:waxed_exposed_lightning_rod"
2503,"deeperdepths:waxed_weathered_lightning_rod"
2504,"deeperdepths:waxed_oxidized_lightning_rod"
2505,"deeperdepths:copper_bars"
2506,"deeperdepths:exposed_copper_bars"
2507,"deeperdepths:weathered_copper_bars"
2508,"deeperdepths:oxidized_copper_bars"
2509,"deeperdepths:waxed_copper_bars"
2510,"deeperdepths:waxed_exposed_copper_bars"
2511,"deeperdepths:waxed_weathered_copper_bars"
2512,"deeperdepths:waxed_oxidized_copper_bars"
2513,"deeperdepths:copper_chest"
2514,"deeperdepths:waxed_copper_chest"
2515,"deeperdepths:copper_chain"
2516,"deeperdepths:waxed_copper_chain"
2517,"deeperdepths:copper_lantern"
2518,"deeperdepths:amethyst_block"
2519,"deeperdepths:budding_amethyst"
2520,"deeperdepths:small_amethyst_bud"
2521,"deeperdepths:medium_amethyst_bud"
2522,"deeperdepths:large_amethyst_bud"
2523,"deeperdepths:amethyst_cluster"
2524,"deeperdepths:tinted_glass"
2525,"deeperdepths:candle"
2526,"deeperdepths:white_candle"
2527,"deeperdepths:orange_candle"
2528,"deeperdepths:magenta_candle"
2529,"deeperdepths:light_blue_candle"
2530,"deeperdepths:yellow_candle"
2531,"deeperdepths:lime_candle"
2532,"deeperdepths:pink_candle"
2533,"deeperdepths:gray_candle"
2534,"deeperdepths:light_gray_candle"
2535,"deeperdepths:cyan_candle"
2536,"deeperdepths:purple_candle"
2537,"deeperdepths:blue_candle"
2538,"deeperdepths:brown_candle"
2539,"deeperdepths:green_candle"
2540,"deeperdepths:red_candle"
2541,"deeperdepths:black_candle"
2542,"deeperdepths:trial_spawner"
2543,"deeperdepths:vault"
2544,"deeperdepths:trial_pot"
2545,"deeperdepths:heavy_core"
2546,"deeperdepths:copper_torch"
2547,"defiledlands:stone_defiled"
2548,"defiledlands:sand_defiled"
2549,"defiledlands:sandstone_defiled"
2550,"defiledlands:dirt_defiled"
2551,"defiledlands:grass_defiled"
2552,"defiledlands:gravel_defiled"
2553,"defiledlands:tenebra_log"
2554,"defiledlands:tenebra_leaves"
2555,"defiledlands:tenebra_sapling"
2556,"defiledlands:tenebra_planks"
2557,"defiledlands:stone_defiled_decoration"
2558,"defiledlands:tenebra_door"
2559,"defiledlands:stone_defiled_slab_double"
2560,"defiledlands:stone_defiled_slab"
2561,"defiledlands:wood_defiled_slab_double"
2562,"defiledlands:wood_defiled_slab"
2563,"defiledlands:stone_defiled_stairs"
2564,"defiledlands:sandstone_defiled_stairs"
2565,"defiledlands:stone_defiled_bricks_stairs"
2566,"defiledlands:tenebra_stairs"
2567,"defiledlands:ravaging_decoration"
2568,"defiledlands:glass_obscure"
2569,"defiledlands:hephaestite_ore"
2570,"defiledlands:hephaestite_block"
2571,"defiledlands:umbrium_ore"
2572,"defiledlands:umbrium_block"
2573,"defiledlands:scarlite_ore"
2574,"defiledlands:scarlite_block"
2575,"defiledlands:vilespine"
2576,"defiledlands:blastem"
2577,"defiledlands:scuronotte"
2578,"defiledlands:healing_pad"
2579,"defiledlands:conjuring_altar"
2580,"disenchanter:disenchantmenttable"
2581,"doggytalents:dog_bed"
2582,"doggytalents:dog_bath"
2583,"doggytalents:food_bowl"
2584,"dungeonmobs:lavarock"
2585,"dungeonmobs:bladetrap"
2586,"dungeons2:basic_facade_stone"
2587,"dungeons2:basic_facade_cobblestone"
2588,"dungeons2:basic_facade_cobblestone_mossy"
2589,"dungeons2:basic_facade_stonebrick"
2590,"dungeons2:basic_facade_stonebrick_mossy"
2591,"dungeons2:basic_facade_stonebrick_cracked"
2592,"dungeons2:basic_facade_stonebrick_chiseled"
2593,"dungeons2:basic_facade_obsidianbrick"
2594,"dungeons2:basic_facade_smooth_sandstone"
2595,"dungeons2:basic_facade_sandstone"
2596,"dungeons2:quarter_facade_stone"
2597,"dungeons2:quarter_facade_cobblestone"
2598,"dungeons2:quarter_facade_cobblestone_mossy"
2599,"dungeons2:quarter_facade_stonebrick"
2600,"dungeons2:quarter_facade_stonebrick_mossy"
2601,"dungeons2:quarter_facade_stonebrick_cracked"
2602,"dungeons2:quarter_facade_stonebrick_chiseled"
2603,"dungeons2:quarter_facade_obsidianbrick"
2604,"dungeons2:quarter_facade_sandstone"
2605,"dungeons2:quarter_facade_smooth_sandstone"
2606,"dungeons2:tee_pillar_stone"
2607,"dungeons2:tee_pillar_cobblestone"
2608,"dungeons2:tee_pillar_cobblestone_mossy"
2609,"dungeons2:tee_pillar_stonebrick"
2610,"dungeons2:tee_pillar_stonebrick_mossy"
2611,"dungeons2:tee_pillar_stonebrick_cracked"
2612,"dungeons2:tee_pillar_obsidianbrick"
2613,"dungeons2:tee_pillar_smooth_sandstone"
2614,"dungeons2:tee_pillar_sandstone"
2615,"dungeons2:tee_thin_pillar_stone"
2616,"dungeons2:tee_thin_pillar_cobblestone"
2617,"dungeons2:tee_thin_pillar_cobblestone_mossy"
2618,"dungeons2:tee_thin_pillar_stonebrick"
2619,"dungeons2:tee_thin_pillar_stonebrick_mossy"
2620,"dungeons2:tee_thin_pillar_stonebrick_cracked"
2621,"dungeons2:tee_thin_pillar_obsidianbrick"
2622,"dungeons2:tee_thin_pillar_smooth_sandstone"
2623,"dungeons2:tee_thin_pillar_sandstone"
2624,"dungeons2:flute_pillar_stone"
2625,"dungeons2:flute_pillar_cobblestone"
2626,"dungeons2:flute_pillar_cobblestone_mossy"
2627,"dungeons2:flute_pillar_stonebrick"
2628,"dungeons2:flute_pillar_stonebrick_mossy"
2629,"dungeons2:flute_pillar_stonebrick_cracked"
2630,"dungeons2:flute_pillar_obsidianbrick"
2631,"dungeons2:flute_pillar_sandstone"
2632,"dungeons2:flute_pillar_smooth_sandstone"
2633,"dungeons2:flute_thin_pillar_stone"
2634,"dungeons2:flute_thin_pillar_cobblestone"
2635,"dungeons2:flute_thin_pillar_cobblestone_mossy"
2636,"dungeons2:flute_thin_pillar_stonebrick"
2637,"dungeons2:flute_thin_pillar_stonebrick_mossy"
2638,"dungeons2:flute_thin_pillar_stonebrick_cracked"
2639,"dungeons2:flute_thin_pillar_obsidianbrick"
2640,"dungeons2:flute_thin_pillar_sandstone"
2641,"dungeons2:flute_thin_pillar_smooth_sandstone"
2642,"dungeons2:cornice_stone"
2643,"dungeons2:cornice_cobblestone"
2644,"dungeons2:cornice_cobblestone_mossy"
2645,"dungeons2:cornice_stonebrick"
2646,"dungeons2:cornice_stonebrick_mossy"
2647,"dungeons2:cornice_stonebrick_cracked"
2648,"dungeons2:cornice_obsidianbrick"
2649,"dungeons2:cornice_sandstone"
2650,"dungeons2:cornice_smooth_sandstone"
2651,"dungeons2:crown_molding_stone"
2652,"dungeons2:crown_molding_cobblestone"
2653,"dungeons2:crown_molding_cobblestone_mossy"
2654,"dungeons2:crown_molding_stonebrick"
2655,"dungeons2:crown_molding_stonebrick_mossy"
2656,"dungeons2:crown_molding_stonebrick_cracked"
2657,"dungeons2:crown_molding_obsidianbrick"
2658,"dungeons2:crown_molding_sandstone"
2659,"dungeons2:crown_molding_smooth_sandstone"
2660,"dungeons2:seven_eights_pillar_stone"
2661,"dungeons2:seven_eights_pillar_cobblestone"
2662,"dungeons2:seven_eights_pillar_cobblestone_mossy"
2663,"dungeons2:seven_eights_pillar_stonebrick"
2664,"dungeons2:seven_eights_pillar_stonebrick_mossy"
2665,"dungeons2:seven_eights_pillar_stonebrick_cracked"
2666,"dungeons2:seven_eights_pillar_obsidianbrick"
2667,"dungeons2:seven_eights_pillar_sandstone"
2668,"dungeons2:seven_eights_pillar_smooth_sandstone"
2669,"dungeons2:sill_stone"
2670,"dungeons2:sill_cobblestone"
2671,"dungeons2:sill_cobblestone_mossy"
2672,"dungeons2:sill_stonebrick"
2673,"dungeons2:sill_stonebrick_mossy"
2674,"dungeons2:sill_stonebrick_cracked"
2675,"dungeons2:sill_obsidianbrick"
2676,"dungeons2:sill_sandstone"
2677,"dungeons2:sill_smooth_sandstone"
2678,"dungeons2:double_sill_stone"
2679,"dungeons2:double_sill_cobblestone"
2680,"dungeons2:double_sill_cobblestone_mossy"
2681,"dungeons2:double_sill_stonebrick"
2682,"dungeons2:double_sill_stonebrick_mossy"
2683,"dungeons2:double_sill_stonebrick_cracked"
2684,"dungeons2:double_sill_obsidianbrick"
2685,"dungeons2:double_sill_sandstone"
2686,"dungeons2:double_sill_smooth_sandstone"
2687,"dungeons2:half_pillar_base_stone"
2688,"dungeons2:half_pillar_base_cobblestone"
2689,"dungeons2:half_pillar_base_cobblestone_mossy"
2690,"dungeons2:half_pillar_base_stonebrick"
2691,"dungeons2:half_pillar_base_stonebrick_mossy"
2692,"dungeons2:half_pillar_base_stonebrick_cracked"
2693,"dungeons2:half_pillar_base_obsidianbrick"
2694,"dungeons2:half_pillar_base_sandstone"
2695,"dungeons2:half_pillar_base_smooth_sandstone"
2696,"dungeons2:half_pillar_stone"
2697,"dungeons2:half_pillar_cobblestone"
2698,"dungeons2:half_pillar_cobblestone_mossy"
2699,"dungeons2:half_pillar_stonebrick"
2700,"dungeons2:half_pillar_stonebrick_mossy"
2701,"dungeons2:half_pillar_stonebrick_cracked"
2702,"dungeons2:half_pillar_obsidianbrick"
2703,"dungeons2:half_pillar_sandstone"
2704,"dungeons2:half_pillar_smooth_sandstone"
2705,"dungeons2:coffer_middle_stone"
2706,"dungeons2:coffer_middle_cobblestone"
2707,"dungeons2:coffer_middle_cobblestone_mossy"
2708,"dungeons2:coffer_middle_stonebrick"
2709,"dungeons2:coffer_middle_stonebrick_mossy"
2710,"dungeons2:coffer_middle_stonebrick_cracked"
2711,"dungeons2:coffer_middle_obsidianbrick"
2712,"dungeons2:coffer_middle_sandstone"
2713,"dungeons2:coffer_middle_smooth_sandstone"
2714,"dungeons2:coffer_stone"
2715,"dungeons2:coffer_cobblestone"
2716,"dungeons2:coffer_cobblestone_mossy"
2717,"dungeons2:coffer_stonebrick"
2718,"dungeons2:coffer_stonebrick_mossy"
2719,"dungeons2:coffer_stonebrick_cracked"
2720,"dungeons2:coffer_obsidianbrick"
2721,"dungeons2:coffer_sandstone"
2722,"dungeons2:coffer_smooth_sandstone"
2723,"dungeons2:wall_sconce_stone"
2724,"dungeons2:wall_sconce_cobblestone"
2725,"dungeons2:wall_sconce_cobblestone_mossy"
2726,"dungeons2:wall_sconce_stonebrick"
2727,"dungeons2:wall_sconce_stonebrick_mossy"
2728,"dungeons2:wall_sconce_stonebrick_cracked"
2729,"dungeons2:wall_sconce_obsidianbrick"
2730,"dungeons2:wall_sconce_sandstone"
2731,"dungeons2:wall_sconce_smooth_sandstone"
2732,"dungeons2:grate"
2733,"dungeons2:sandstone_gravel"
2734,"dungeons2:deferred_dungeon_generator"
2735,"eerieentities:pumpkin_creeper"
2736,"eerieentities:pumpkin_lit_creeper"
2737,"eerieentities:pumpkin_owo"
2738,"eerieentities:pumpkin_lit_owo"
2739,"eerieentities:pumpkin_rawr"
2740,"eerieentities:pumpkin_lit_rawr"
2741,"eerieentities:pumpkin_cyclops"
2742,"eerieentities:pumpkin_lit_cyclops"
2743,"eerieentities:pumpkin_surprised"
2744,"eerieentities:pumpkin_lit_surprised"
2745,"environs:cypress_leaves"
2746,"environs:pine_leaves"
2747,"environs:frozen_leaves"
2748,"environs:eucalyptus_leaves"
2749,"environs:end_leaves"
2750,"environs:cypress_log"
2751,"environs:pine_log"
2752,"environs:frozen_log"
2753,"environs:eucalyptus_log"
2754,"environs:end_log"
2755,"environs:cypress_bark"
2756,"environs:pine_bark"
2757,"environs:frozen_bark"
2758,"environs:eucalyptus_bark"
2759,"environs:end_bark"
2760,"environs:cypress_sapling"
2761,"environs:pine_sapling"
2762,"environs:eucalyptus_sapling"
2763,"environs:frozen_sapling"
2764,"environs:end_sapling"
2765,"environs:dried_stone"
2766,"environs:dried_cobblestone"
2767,"environs:dried_dirt"
2768,"environs:coarse_dried_dirt"
2769,"environs:ranges_dirt"
2770,"environs:meteorite"
2771,"environs:dried_meteorite"
2772,"environs:end_grass"
2773,"environs:end_dirt"
2774,"environs:coarse_end_dirt"
2775,"environs:frozen_grass"
2776,"environs:frozen_dirt"
2777,"environs:coarse_frozen_dirt"
2778,"environs:purple_mushroom_block"
2779,"environs:purple_mushroom_stem"
2780,"environs:purple_mushroom"
2781,"environs:cyan_mushroom_block"
2782,"environs:cyan_mushroom_stem"
2783,"environs:cyan_mushroom"
2784,"environs:end_farmland"
2785,"environs:frozen_farmland"
2786,"environs:ranges_farmland"
2787,"environs:end_grass_path"
2788,"environs:frozen_grass_path"
2789,"environs:cypress_planks"
2790,"environs:end_planks"
2791,"environs:eucalyptus_planks"
2792,"environs:frozen_planks"
2793,"environs:pine_planks"
2794,"environs:cypress_slab"
2795,"environs:cypress_slab_double"
2796,"environs:end_slab"
2797,"environs:end_slab_double"
2798,"environs:eucalyptus_slab"
2799,"environs:eucalyptus_slab_double"
2800,"environs:frozen_slab"
2801,"environs:frozen_slab_double"
2802,"environs:pine_slab"
2803,"environs:pine_slab_double"
2804,"environs:dried_cobblestone_slab"
2805,"environs:dried_cobblestone_slab_double"
2806,"environs:dried_stone_slab"
2807,"environs:dried_stone_slab_double"
2808,"environs:cypress_stairs"
2809,"environs:end_stairs"
2810,"environs:eucalyptus_stairs"
2811,"environs:frozen_stairs"
2812,"environs:pine_stairs"
2813,"environs:dried_cobblestone_stairs"
2814,"environs:dried_stone_stairs"
2815,"environs:cypress_fence"
2816,"environs:end_fence"
2817,"environs:eucalyptus_fence"
2818,"environs:frozen_fence"
2819,"environs:pine_fence"
2820,"environs:cypress_fence_gate"
2821,"environs:end_fence_gate"
2822,"environs:eucalyptus_fence_gate"
2823,"environs:frozen_fence_gate"
2824,"environs:pine_fence_gate"
2825,"environs:cypress_door"
2826,"environs:end_door"
2827,"environs:eucalyptus_door"
2828,"environs:frozen_door"
2829,"environs:pine_door"
2830,"exoticbirds:egg_sorter"
2831,"exoticbirds:egg_incubator"
2832,"exoticbirds:nest"
2833,"exoticbirds:phoenix_egg"
2834,"exoticbirds:lit_egg_sorter"
2835,"exoticbirds:lit_egg_incubator"
2836,"exoticbirds:birdcage_iron"
2837,"exoticbirds:birdcage_gold"
2838,"exoticbirds:birdcage_oak"
2839,"exoticbirds:birdcage_spruce"
2840,"exoticbirds:birdcage_birch"
2841,"exoticbirds:birdcage_jungle"
2842,"exoticbirds:birdcage_acacia"
2843,"exoticbirds:birdcage_dark_oak"
2844,"explorercraft:ruby_ore"
2845,"explorercraft:amethyst_ore"
2846,"explorercraft:jade_ore"
2847,"explorercraft:ruby_block"
2848,"explorercraft:amethyst_block"
2849,"explorercraft:jade_block"
2850,"explorercraft:basalt"
2851,"explorercraft:basalt_cobblestone"
2852,"explorercraft:basalt_polished"
2853,"explorercraft:basalt_bricks"
2854,"explorercraft:basalt_mossy"
2855,"explorercraft:basalt_cracked"
2856,"explorercraft:basalt_chiseled"
2857,"explorercraft:basalt_pillar"
2858,"explorercraft:marble"
2859,"explorercraft:marble_polished"
2860,"explorercraft:marble_bricks"
2861,"explorercraft:marble_mossy"
2862,"explorercraft:marble_cracked"
2863,"explorercraft:marble_chiseled"
2864,"explorercraft:marble_pillar"
2865,"explorercraft:slate"
2866,"explorercraft:slate_polished"
2867,"explorercraft:slate_bricks"
2868,"explorercraft:slate_mossy"
2869,"explorercraft:slate_tile"
2870,"explorercraft:slate_chiseled"
2871,"explorercraft:slate_welsh"
2872,"explorercraft:slate_pillar"
2873,"explorercraft:ash_leaves"
2874,"explorercraft:bamboo_leaves"
2875,"explorercraft:cherry_leaves"
2876,"explorercraft:maple_leaves"
2877,"explorercraft:ash_log"
2878,"explorercraft:bamboo_log"
2879,"explorercraft:cherry_log"
2880,"explorercraft:maple_log"
2881,"explorercraft:ash_planks"
2882,"explorercraft:bamboo_planks"
2883,"explorercraft:bamboo_planks_vertical"
2884,"explorercraft:cherry_planks"
2885,"explorercraft:maple_planks"
2886,"explorercraft:ash_sapling"
2887,"explorercraft:bamboo_sapling"
2888,"explorercraft:cherry_sapling"
2889,"explorercraft:maple_sapling"
2890,"explorercraft:basalt_brick_slab"
2891,"explorercraft:basalt_brick_double_slab"
2892,"explorercraft:marble_brick_slab"
2893,"explorercraft:marble_brick_double_slab"
2894,"explorercraft:slate_brick_slab"
2895,"explorercraft:slate_brick_double_slab"
2896,"explorercraft:bamboo_slab"
2897,"explorercraft:bamboo_double_slab"
2898,"explorercraft:cherry_slab"
2899,"explorercraft:cherry_double_slab"
2900,"explorercraft:maple_slab"
2901,"explorercraft:maple_double_slab"
2902,"explorercraft:ash_slab"
2903,"explorercraft:ash_double_slab"
2904,"explorercraft:ash_fence"
2905,"explorercraft:bamboo_fence"
2906,"explorercraft:cherry_fence"
2907,"explorercraft:maple_fence"
2908,"explorercraft:ash_fence_gate"
2909,"explorercraft:bamboo_fence_gate"
2910,"explorercraft:cherry_fence_gate"
2911,"explorercraft:maple_fence_gate"
2912,"explorercraft:ash_door"
2913,"explorercraft:bamboo_door"
2914,"explorercraft:cherry_door"
2915,"explorercraft:maple_door"
2916,"explorercraft:basalt_brick_wall"
2917,"explorercraft:marble_brick_wall"
2918,"explorercraft:slate_brick_wall"
2919,"explorercraft:tatami"
2920,"explorercraft:tatami_half"
2921,"explorercraft:rice_base"
2922,"explorercraft:rice_top"
2923,"explorercraft:leek_crop"
2924,"explorercraft:leek_wild"
2925,"explorercraft:daffodil"
2926,"explorercraft:water_grass"
2927,"explorercraft:noctiluca_plant"
2928,"explorercraft:dragon_heart"
2929,"extraalchemy:encasing_ice"
2930,"golems:golem_head"
2931,"golems:light_provider_full"
2932,"golems:water_light_provider_full"
2933,"golems:power_provider_all"
2934,"fairylights:fastener"
2935,"oe:blue_ice"
2936,"oe:coconut"
2937,"oe:conduit"
2938,"oe:coquina"
2939,"oe:coquina_brick"
2940,"oe:coquina_brick_slab"
2941,"oe:coquina_brick_slab_double"
2942,"oe:coquina_brick_stairs"
2943,"oe:coquina_brick_wall"
2944,"oe:stagnant"
2945,"oe:dulse"
2946,"oe:dried_dulse_block"
2947,"oe:guardian_spike"
2948,"oe:blue_coral_block"
2949,"oe:pink_coral_block"
2950,"oe:purple_coral_block"
2951,"oe:red_coral_block"
2952,"oe:yellow_coral_block"
2953,"oe:blue_coral_block_dead"
2954,"oe:pink_coral_block_dead"
2955,"oe:purple_coral_block_dead"
2956,"oe:red_coral_block_dead"
2957,"oe:yellow_coral_block_dead"
2958,"oe:blue_coral_fan"
2959,"oe:pink_coral_fan"
2960,"oe:purple_coral_fan"
2961,"oe:red_coral_fan"
2962,"oe:yellow_coral_fan"
2963,"oe:blue_coral_fan_dead"
2964,"oe:pink_coral_fan_dead"
2965,"oe:purple_coral_fan_dead"
2966,"oe:red_coral_fan_dead"
2967,"oe:yellow_coral_fan_dead"
2968,"oe:blue_coral"
2969,"oe:pink_coral"
2970,"oe:purple_coral"
2971,"oe:red_coral"
2972,"oe:yellow_coral"
2973,"oe:blue_coral_dead"
2974,"oe:pink_coral_dead"
2975,"oe:purple_coral_dead"
2976,"oe:red_coral_dead"
2977,"oe:yellow_coral_dead"
2978,"oe:kelp"
2979,"oe:dried_kelp_block"
2980,"oe:palm_sapling"
2981,"oe:palm_leaves"
2982,"oe:palm_leaves_flowering"
2983,"oe:palm_log"
2984,"oe:palm_wood"
2985,"oe:palm_log_stripped"
2986,"oe:palm_wood_stripped"
2987,"oe:palm_planks"
2988,"oe:palm_slab"
2989,"oe:palm_slab_double"
2990,"oe:palm_stairs"
2991,"oe:palm_fence"
2992,"oe:palm_fence_gate"
2993,"oe:palm_door"
2994,"oe:pickled_head"
2995,"oe:prismarine_pot"
2996,"oe:nacre_block"
2997,"oe:nacre_smooth"
2998,"oe:blue_slime_block"
2999,"oe:seagrass"
3000,"oe:sea_pickle"
3001,"oe:sea_oats"
3002,"oe:seastar"
3003,"oe:shell_sand"
3004,"oe:tube_sponge"
3005,"oe:turtle_egg"
3006,"oe:underwater_tnt"
3007,"oe:underwater_torch"
3008,"farmersdelight:tomatoes"
3009,"farmersdelight:rice"
3010,"farmersdelight:cabbages"
3011,"farmersdelight:onions"
3012,"farmersdelight:budding_tomatoes"
3013,"farmersdelight:rice_panicles"
3014,"farmersdelight:cooking_pot"
3015,"farmersdelight:cutting_board"
3016,"farmersdelight:basket"
3017,"farmersdelight:carrot_crate"
3018,"farmersdelight:potato_crate"
3019,"farmersdelight:beetroot_crate"
3020,"farmersdelight:cabbage_crate"
3021,"farmersdelight:tomato_crate"
3022,"farmersdelight:onion_crate"
3023,"farmersdelight:rice_bale"
3024,"farmersdelight:rice_bag"
3025,"farmersdelight:straw_bale"
3026,"farmersdelight:safety_net"
3027,"farmersdelight:acacia_cabinet"
3028,"farmersdelight:bamboo_cabinet"
3029,"farmersdelight:birch_cabinet"
3030,"farmersdelight:cherry_cabinet"
3031,"farmersdelight:crimson_cabinet"
3032,"farmersdelight:dark_oak_cabinet"
3033,"farmersdelight:jungle_cabinet"
3034,"farmersdelight:mangrove_cabinet"
3035,"farmersdelight:oak_cabinet"
3036,"farmersdelight:spruce_cabinet"
3037,"farmersdelight:warped_cabinet"
3038,"farmersdelight:stove"
3039,"farmersdelight:skillet"
3040,"farmersdelight:roast_chicken_block"
3041,"farmersdelight:honey_glazed_ham_block"
3042,"farmersdelight:shepherds_pie_block"
3043,"farmersdelight:stuffed_pumpkin_block"
3044,"farmersdelight:rice_roll_medley_block"
3045,"farmersdelight:organic_compost"
3046,"farmersdelight:rich_soil"
3047,"farmersdelight:rich_soil_farmland"
3048,"farmersdelight:apple_pie"
3049,"farmersdelight:sweet_berry_cheesecake"
3050,"farmersdelight:chocolate_pie"
3051,"farmersdelight:sandy_shrub"
3052,"farmersdelight:wild_cabbages"
3053,"farmersdelight:wild_onions"
3054,"farmersdelight:wild_tomatoes"
3055,"farmersdelight:wild_carrots"
3056,"farmersdelight:wild_potatoes"
3057,"farmersdelight:wild_beetroots"
3058,"farmersdelight:wild_rice"
3059,"farmersdelight:brown_mushroom_colony"
3060,"farmersdelight:red_mushroom_colony"
3061,"farmersdelight:rope"
3062,"farmersdelight:canvas_rug"
3063,"farmersdelight:tatami"
3064,"farmersdelight:full_tatami_mat"
3065,"farmersdelight:half_tatami_mat"
3066,"farmersdelight:canvas_wall_sign"
3067,"farmersdelight:canvas_sign"
3068,"farmersdelight:wall_hanging_canvas_sign"
3069,"farmersdelight:hanging_canvas_sign"
3070,"farmersdelight:white_canvas_wall_sign"
3071,"farmersdelight:white_canvas_sign"
3072,"farmersdelight:white_wall_hanging_canvas_sign"
3073,"farmersdelight:white_hanging_canvas_sign"
3074,"farmersdelight:orange_canvas_wall_sign"
3075,"farmersdelight:orange_canvas_sign"
3076,"farmersdelight:orange_wall_hanging_canvas_sign"
3077,"farmersdelight:orange_hanging_canvas_sign"
3078,"farmersdelight:magenta_canvas_wall_sign"
3079,"farmersdelight:magenta_canvas_sign"
3080,"farmersdelight:magenta_wall_hanging_canvas_sign"
3081,"farmersdelight:magenta_hanging_canvas_sign"
3082,"farmersdelight:light_blue_canvas_wall_sign"
3083,"farmersdelight:light_blue_canvas_sign"
3084,"farmersdelight:light_blue_wall_hanging_canvas_sign"
3085,"farmersdelight:light_blue_hanging_canvas_sign"
3086,"farmersdelight:yellow_canvas_wall_sign"
3087,"farmersdelight:yellow_canvas_sign"
3088,"farmersdelight:yellow_wall_hanging_canvas_sign"
3089,"farmersdelight:yellow_hanging_canvas_sign"
3090,"farmersdelight:lime_canvas_wall_sign"
3091,"farmersdelight:lime_canvas_sign"
3092,"farmersdelight:lime_wall_hanging_canvas_sign"
3093,"farmersdelight:lime_hanging_canvas_sign"
3094,"farmersdelight:pink_canvas_wall_sign"
3095,"farmersdelight:pink_canvas_sign"
3096,"farmersdelight:pink_wall_hanging_canvas_sign"
3097,"farmersdelight:pink_hanging_canvas_sign"
3098,"farmersdelight:gray_canvas_wall_sign"
3099,"farmersdelight:gray_canvas_sign"
3100,"farmersdelight:gray_wall_hanging_canvas_sign"
3101,"farmersdelight:gray_hanging_canvas_sign"
3102,"farmersdelight:light_gray_canvas_wall_sign"
3103,"farmersdelight:light_gray_canvas_sign"
3104,"farmersdelight:light_gray_wall_hanging_canvas_sign"
3105,"farmersdelight:light_gray_hanging_canvas_sign"
3106,"farmersdelight:cyan_canvas_wall_sign"
3107,"farmersdelight:cyan_canvas_sign"
3108,"farmersdelight:cyan_wall_hanging_canvas_sign"
3109,"farmersdelight:cyan_hanging_canvas_sign"
3110,"farmersdelight:purple_canvas_wall_sign"
3111,"farmersdelight:purple_canvas_sign"
3112,"farmersdelight:purple_wall_hanging_canvas_sign"
3113,"farmersdelight:purple_hanging_canvas_sign"
3114,"farmersdelight:blue_canvas_wall_sign"
3115,"farmersdelight:blue_canvas_sign"
3116,"farmersdelight:blue_wall_hanging_canvas_sign"
3117,"farmersdelight:blue_hanging_canvas_sign"
3118,"farmersdelight:brown_canvas_wall_sign"
3119,"farmersdelight:brown_canvas_sign"
3120,"farmersdelight:brown_wall_hanging_canvas_sign"
3121,"farmersdelight:brown_hanging_canvas_sign"
3122,"farmersdelight:green_canvas_wall_sign"
3123,"farmersdelight:green_canvas_sign"
3124,"farmersdelight:green_wall_hanging_canvas_sign"
3125,"farmersdelight:green_hanging_canvas_sign"
3126,"farmersdelight:red_canvas_wall_sign"
3127,"farmersdelight:red_canvas_sign"
3128,"farmersdelight:red_wall_hanging_canvas_sign"
3129,"farmersdelight:red_hanging_canvas_sign"
3130,"farmersdelight:black_canvas_wall_sign"
3131,"farmersdelight:black_canvas_sign"
3132,"farmersdelight:black_wall_hanging_canvas_sign"
3133,"farmersdelight:black_hanging_canvas_sign"
3134,"mod_lavacow:glowshroom"
3135,"mod_lavacow:pileofsludge"
3136,"mod_lavacow:glowshroom_block_stem"
3137,"mod_lavacow:glowshroom_block_cap"
3138,"mod_lavacow:bloodtooth_shroom"
3139,"mod_lavacow:cordy_shroom"
3140,"mod_lavacow:veil_shroom"
3141,"mod_lavacow:scarecrowhead_common"
3142,"mod_lavacow:scarecrowhead_straw"
3143,"mod_lavacow:scarecrowhead_plague"
3144,"mod_lavacow:tombstone"
3145,"mod_lavacow:cactoid_sprout"
3146,"mod_lavacow:diseased_hay_block"
3147,"mod_lavacow:ectoplasm_block"
3148,"mod_lavacow:molten_alloy_block"
3149,"mod_lavacow:scythe_claw_block"
3150,"mod_lavacow:vespa_carapace_block"
3151,"mod_lavacow:molten_meat_block"
3152,"fishingmadebetter:baitbox"
3153,"futuremc:lantern"
3154,"futuremc:stonecutter"
3155,"futuremc:barrel"
3156,"futuremc:smoker"
3157,"futuremc:blast_furnace"
3158,"futuremc:loom"
3159,"futuremc:fletching_table"
3160,"futuremc:smithing_table"
3161,"futuremc:cartography_table"
3162,"futuremc:composter"
3163,"futuremc:bell"
3164,"futuremc:scaffolding"
3165,"futuremc:honey_block"
3166,"futuremc:honeycomb_block"
3167,"futuremc:lily_of_the_valley"
3168,"futuremc:cornflower"
3169,"futuremc:wither_rose"
3170,"futuremc:campfire"
3171,"futuremc:bamboo"
3172,"futuremc:bee_nest"
3173,"futuremc:beehive"
3174,"futuremc:brick_wall"
3175,"futuremc:granite_wall"
3176,"futuremc:andesite_wall"
3177,"futuremc:diorite_wall"
3178,"futuremc:sandstone_wall"
3179,"futuremc:red_sandstone_wall"
3180,"futuremc:stone_brick_wall"
3181,"futuremc:mossy_stone_brick_wall"
3182,"futuremc:nether_brick_wall"
3183,"futuremc:red_nether_brick_wall"
3184,"futuremc:end_stone_brick_wall"
3185,"futuremc:prismarine_wall"
3186,"futuremc:smooth_stone"
3187,"futuremc:smooth_sandstone"
3188,"futuremc:smooth_quartz"
3189,"futuremc:smooth_red_sandstone"
3190,"futuremc:acacia_trapdoor"
3191,"futuremc:jungle_trapdoor"
3192,"futuremc:birch_trapdoor"
3193,"futuremc:spruce_trapdoor"
3194,"futuremc:dark_oak_trapdoor"
3195,"futuremc:soul_fire_lantern"
3196,"futuremc:soul_fire_torch"
3197,"futuremc:soul_soil"
3198,"futuremc:chain"
3199,"futuremc:netherite_block"
3200,"futuremc:ancient_debris"
3201,"futuremc:acacia_standing_sign"
3202,"futuremc:acacia_wall_sign"
3203,"futuremc:birch_standing_sign"
3204,"futuremc:birch_wall_sign"
3205,"futuremc:dark_oak_standing_sign"
3206,"futuremc:dark_oak_wall_sign"
3207,"futuremc:jungle_standing_sign"
3208,"futuremc:jungle_wall_sign"
3209,"futuremc:spruce_standing_sign"
3210,"futuremc:spruce_wall_sign"
3211,"grimoireofgaia:block_pearl"
3212,"grimoireofgaia:bust_gorgon"
3213,"grimoireofgaia:bust_sphinx"
3214,"grimoireofgaia:bust_valkyrie"
3215,"grimoireofgaia:bust_vampire"
3216,"grimoireofgaia:doll_creeper_girl"
3217,"grimoireofgaia:doll_ender_girl"
3218,"grimoireofgaia:doll_slime_girl"
3219,"grimoireofgaia:doll_maid"
3220,"grimoireofgaia:doll_dullahan"
3221,"grimoireofgaia:doll_mermaid"
3222,"grimoireofgaia:doll_nine_tails"
3223,"grimoireofgaia:doll_dryad"
3224,"grimoireofgaia:deco_garden_gnome"
3225,"grimoireofgaia:deco_mandragora_pot"
3226,"grimoireofgaia:deco_bust_minotaur"
3227,"grimoireofgaia:deco_nest_harpy"
3228,"grimoireofgaia:spawn_guard"
3229,"grimoireofgaia:web_temp"
3230,"grimoireofgaia:fire_camp"
3231,"suikehappyghast:dried_ghast"
3232,"inspirations:bookshelf"
3233,"inspirations:rope"
3234,"inspirations:glass_door"
3235,"inspirations:glass_trapdoor"
3236,"inspirations:mulch"
3237,"inspirations:path"
3238,"inspirations:flower"
3239,"inspirations:enlightened_bush"
3240,"inspirations:torch_lever"
3241,"inspirations:bricks_button"
3242,"inspirations:redstone_barrel"
3243,"inspirations:redstone_torch_lever"
3244,"inspirations:redstone_torch_lever_powered"
3245,"inspirations:carpeted_trapdoor_white"
3246,"inspirations:carpeted_trapdoor_orange"
3247,"inspirations:carpeted_trapdoor_magenta"
3248,"inspirations:carpeted_trapdoor_light_blue"
3249,"inspirations:carpeted_trapdoor_yellow"
3250,"inspirations:carpeted_trapdoor_lime"
3251,"inspirations:carpeted_trapdoor_pink"
3252,"inspirations:carpeted_trapdoor_gray"
3253,"inspirations:carpeted_trapdoor_silver"
3254,"inspirations:carpeted_trapdoor_cyan"
3255,"inspirations:carpeted_trapdoor_purple"
3256,"inspirations:carpeted_trapdoor_blue"
3257,"inspirations:carpeted_trapdoor_brown"
3258,"inspirations:carpeted_trapdoor_green"
3259,"inspirations:carpeted_trapdoor_red"
3260,"inspirations:carpeted_trapdoor_black"
3261,"inspirations:carpeted_pressure_plate_1"
3262,"inspirations:carpeted_pressure_plate_2"
3263,"inspirations:collector"
3264,"inspirations:pipe"
3265,"inspirations:redstone_charge"
3266,"inspirations:cactus_crop"
3267,"inspirations:sugar_cane_crop"
3268,"ee:lamented_end_stone"
3269,"ee:key_block"
3270,"ee:ash_key_block"
3271,"ee:purple_crystal"
3272,"ee:purple_crystal_top"
3273,"ee:green_crystal"
3274,"ee:green_crystal_top"
3275,"ee:red_crystal"
3276,"ee:red_crystal_top"
3277,"ee:end_ash"
3278,"ee:ash_brick"
3279,"ee:ash_brick_stairs"
3280,"ee:end_stone_stairs"
3281,"ee:ash_brick_double"
3282,"ee:ash_brick_half"
3283,"ee:end_brick_double"
3284,"ee:end_brick_half"
3285,"ee:ash_brick_wall"
3286,"ee:stone_brick_wall"
3287,"ee:end_stone_wall"
3288,"ee:ash_brick_pillar"
3289,"ee:ash_chisle"
3290,"ee:ash_skull"
3291,"ee:red_lamp"
3292,"ee:ash_trap_floor"
3293,"ee:end_door"
3294,"ee:ash_door"
3295,"ee:reverse_off"
3296,"ee:reverse_on"
3297,"ee:source_off"
3298,"ee:source_on"
3299,"ee:brown_stone"
3300,"ee:amber_ore"
3301,"ee:amber_torch"
3302,"ee:eyed_obi"
3303,"ee:smooth_obi"
3304,"ee:obi_health"
3305,"ee:brown_brick"
3306,"ee:brown_smooth"
3307,"ee:sprout_plant"
3308,"ee:sprout_vine"
3309,"ee:bare_vine"
3310,"ee:sprout_stone"
3311,"ee:mini_nuke"
3312,"ee:end_pillar"
3313,"ee:compulsor"
3314,"ee:ash_chute"
3315,"ee:end_h_plant"
3316,"ee:end_barrier"
3317,"ee:bare_sand"
3318,"ee:bare_stone"
3319,"ee:bare_stone_cobble"
3320,"ee:bare_stairs"
3321,"ee:eye_stone"
3322,"ee:eye_stone_lit"
3323,"ee:bare_planks"
3324,"ee:bare_planks_stairs"
3325,"ee:bare_planks_double"
3326,"ee:bare_planks_half"
3327,"ee:unending_arena"
3328,"ee:bare_stone_smooth"
3329,"ee:bare_stone_wall"
3330,"ee:bare_bricks"
3331,"ee:bare_bricks_hole"
3332,"ee:bare_bricks_crack"
3333,"ee:bare_small_pot"
3334,"ee:bare_door"
3335,"ee:bare_door_connect"
3336,"ee:bare_stone_double"
3337,"ee:bare_stone_half"
3338,"ee:bare_plant"
3339,"ee:bare_grass"
3340,"ee:bare_acid"
3341,"ee:bare_leaves"
3342,"ee:bare_bark"
3343,"ee:bare_bark_hole"
3344,"ee:bark_hole_filled"
3345,"ee:mega_structure_block"
3346,"ee:door_on"
3347,"ee:lighting_updater"
3348,"ee:disappearing_spawner"
3349,"ee:ash_spawner"
3350,"ironchest:iron_chest"
3351,"ironchest:iron_shulker_box_white"
3352,"ironchest:iron_shulker_box_orange"
3353,"ironchest:iron_shulker_box_magenta"
3354,"ironchest:iron_shulker_box_light_blue"
3355,"ironchest:iron_shulker_box_yellow"
3356,"ironchest:iron_shulker_box_lime"
3357,"ironchest:iron_shulker_box_pink"
3358,"ironchest:iron_shulker_box_gray"
3359,"ironchest:iron_shulker_box_silver"
3360,"ironchest:iron_shulker_box_cyan"
3361,"ironchest:iron_shulker_box_purple"
3362,"ironchest:iron_shulker_box_blue"
3363,"ironchest:iron_shulker_box_brown"
3364,"ironchest:iron_shulker_box_green"
3365,"ironchest:iron_shulker_box_red"
3366,"ironchest:iron_shulker_box_black"
3367,"mcwbridges:most1"
3368,"mcwbridges:most2"
3369,"mcwbridges:oak_log_bridge_middle"
3370,"mcwbridges:oak_log_bridge_end"
3371,"mcwbridges:birch_log_bridge_end"
3372,"mcwbridges:birch_log_bridge_middle"
3373,"mcwbridges:acacia_log_bridge_end"
3374,"mcwbridges:acacia_log_bridge_middle"
3375,"mcwbridges:spruce_log_bridge_end"
3376,"mcwbridges:spruce_log_bridge_middle"
3377,"mcwbridges:jungle_log_bridge_end"
3378,"mcwbridges:jungle_log_bridge_middle"
3379,"mcwbridges:dark_oak_log_bridge_end"
3380,"mcwbridges:dark_oak_log_bridge_middle"
3381,"mcwbridges:rope_oak_bridge"
3382,"mcwbridges:rope_oak_bridge_end"
3383,"mcwbridges:rope_birch_bridge"
3384,"mcwbridges:rope_birch_bridge_end"
3385,"mcwbridges:rope_spruce_bridge"
3386,"mcwbridges:rope_spruce_bridge_end"
3387,"mcwbridges:rope_jungle_bridge"
3388,"mcwbridges:rope_jungle_bridge_end"
3389,"mcwbridges:rope_acacia_bridge"
3390,"mcwbridges:rope_acacia_bridge_end"
3391,"mcwbridges:rope_dark_oak_bridge"
3392,"mcwbridges:rope_dark_oak_bridge_end"
3393,"mcwbridges:stone_brick_bridge"
3394,"mcwbridges:stone_brick_bridge_end"
3395,"mcwbridges:brick_bridge"
3396,"mcwbridges:brick_bridge_end"
3397,"mcwbridges:sandstone_bridge"
3398,"mcwbridges:sandstone_bridge_end"
3399,"mcwbridges:orange_sandstone_bridge"
3400,"mcwbridges:orange_sandstone_bridge_end"
3401,"mcwbridges:mossy_stone_brick_bridge"
3402,"mcwbridges:mossy_stone_brick_bridge_end"
3403,"mcwbridges:oak_rail_bridge"
3404,"mcwbridges:oak_rail_bridge_end"
3405,"mcwbridges:spruce_rail_bridge"
3406,"mcwbridges:spruce_rail_bridge_end"
3407,"mcwbridges:birch_rail_bridge"
3408,"mcwbridges:birch_rail_bridge_end"
3409,"mcwbridges:jungle_rail_bridge"
3410,"mcwbridges:jungle_rail_bridge_end"
3411,"mcwbridges:acacia_rail_bridge"
3412,"mcwbridges:acacia_rail_bridge_end"
3413,"mcwbridges:dark_oak_rail_bridge"
3414,"mcwbridges:dark_oak_rail_bridge_end"
3415,"mcwbridges:bamboo_bridge"
3416,"mcwbridges:bamboo_bridge_end"
3417,"mcwbridges:dry_bamboo_bridge"
3418,"mcwbridges:dry_bamboo_bridge_end"
3419,"mcwdoors:oak_japanese_door"
3420,"mcwdoors:spruce_japanese_door"
3421,"mcwdoors:birch_japanese_door"
3422,"mcwdoors:jungle_japanese_door"
3423,"mcwdoors:acacia_japanese_door"
3424,"mcwdoors:dark_oak_japanese_door"
3425,"mcwdoors:oak_japanese2_door"
3426,"mcwdoors:spruce_japanese2_door"
3427,"mcwdoors:birch_japanese2_door"
3428,"mcwdoors:jungle_japanese2_door"
3429,"mcwdoors:acacia_japanese2_door"
3430,"mcwdoors:dark_oak_japanese2_door"
3431,"mcwdoors:oak_barn_door"
3432,"mcwdoors:spruce_barn_door"
3433,"mcwdoors:birch_barn_door"
3434,"mcwdoors:jungle_barn_door"
3435,"mcwdoors:acacia_barn_door"
3436,"mcwdoors:dark_oak_barn_door"
3437,"mcwdoors:oak_barn_glass_door"
3438,"mcwdoors:spruce_barn_glass_door"
3439,"mcwdoors:birch_barn_glass_door"
3440,"mcwdoors:jungle_barn_glass_door"
3441,"mcwdoors:acacia_barn_glass_door"
3442,"mcwdoors:dark_oak_barn_glass_door"
3443,"mcwdoors:oak_modern_door"
3444,"mcwdoors:spruce_modern_door"
3445,"mcwdoors:birch_modern_door"
3446,"mcwdoors:jungle_modern_door"
3447,"mcwdoors:acacia_modern_door"
3448,"mcwdoors:dark_oak_modern_door"
3449,"mcwdoors:oak_cottage_door"
3450,"mcwdoors:birch_cottage_door"
3451,"mcwdoors:jungle_cottage_door"
3452,"mcwdoors:acacia_cottage_door"
3453,"mcwdoors:dark_oak_cottage_door"
3454,"mcwdoors:spruce_classic_door"
3455,"mcwdoors:birch_classic_door"
3456,"mcwdoors:jungle_classic_door"
3457,"mcwdoors:acacia_classic_door"
3458,"mcwdoors:dark_oak_classic_door"
3459,"mcwdoors:oak_beach_door"
3460,"mcwdoors:spruce_beach_door"
3461,"mcwdoors:birch_beach_door"
3462,"mcwdoors:acacia_beach_door"
3463,"mcwdoors:dark_oak_beach_door"
3464,"mcwdoors:oak_paper_door"
3465,"mcwdoors:spruce_paper_door"
3466,"mcwdoors:jungle_paper_door"
3467,"mcwdoors:acacia_paper_door"
3468,"mcwdoors:dark_oak_paper_door"
3469,"mcwdoors:oak_four_panel_door"
3470,"mcwdoors:spruce_four_panel_door"
3471,"mcwdoors:birch_four_panel_door"
3472,"mcwdoors:jungle_four_panel_door"
3473,"mcwdoors:acacia_four_panel_door"
3474,"mcwdoors:oak_tropical_door"
3475,"mcwdoors:spruce_tropical_door"
3476,"mcwdoors:birch_tropical_door"
3477,"mcwdoors:jungle_tropical_door"
3478,"mcwdoors:dark_oak_tropical_door"
3479,"mcwdoors:metal_door"
3480,"mcwdoors:metal_warning_door"
3481,"mcwdoors:metal_hospital_door"
3482,"mcwdoors:metal_reinforced_door"
3483,"mcwdoors:metal_windowed_door"
3484,"mcwdoors:jail_door"
3485,"mcwdoors:oak_glass_door"
3486,"mcwdoors:spruce_glass_door"
3487,"mcwdoors:birch_glass_door"
3488,"mcwdoors:jungle_glass_door"
3489,"mcwdoors:acacia_glass_door"
3490,"mcwdoors:dark_oak_glass_door"
3491,"mcwdoors:oak_stable_door"
3492,"mcwdoors:spruce_stable_door"
3493,"mcwdoors:birch_stable_door"
3494,"mcwdoors:jungle_stable_door"
3495,"mcwdoors:acacia_stable_door"
3496,"mcwdoors:dark_oak_stable_door"
3497,"mcwdoors:oak_stable_head_door"
3498,"mcwdoors:spruce_stable_head_door"
3499,"mcwdoors:birch_stable_head_door"
3500,"mcwdoors:jungle_stable_head_door"
3501,"mcwdoors:acacia_stable_head_door"
3502,"mcwdoors:dark_oak_stable_head_door"
3503,"mcwdoors:oak_western_door"
3504,"mcwdoors:spruce_western_door"
3505,"mcwdoors:birch_western_door"
3506,"mcwdoors:jungle_western_door"
3507,"mcwdoors:acacia_western_door"
3508,"mcwdoors:dark_oak_western_door"
3509,"mcwdoors:oak_bark_glass_door"
3510,"mcwdoors:spruce_bark_glass_door"
3511,"mcwdoors:birch_bark_glass_door"
3512,"mcwdoors:jungle_bark_glass_door"
3513,"mcwdoors:acacia_bark_glass_door"
3514,"mcwdoors:dark_oak_bark_glass_door"
3515,"mcwlights:oak_tiki_torch"
3516,"mcwlights:spruce_tiki_torch"
3517,"mcwlights:birch_tiki_torch"
3518,"mcwlights:jungle_tiki_torch"
3519,"mcwlights:acacia_tiki_torch"
3520,"mcwlights:dark_oak_tiki_torch"
3521,"mcwlights:white_paper_lamp"
3522,"mcwlights:orange_paper_lamp"
3523,"mcwlights:magenta_paper_lamp"
3524,"mcwlights:light_blue_paper_lamp"
3525,"mcwlights:yellow_paper_lamp"
3526,"mcwlights:lime_paper_lamp"
3527,"mcwlights:pink_paper_lamp"
3528,"mcwlights:gray_paper_lamp"
3529,"mcwlights:light_gray_paper_lamp"
3530,"mcwlights:cyan_paper_lamp"
3531,"mcwlights:purple_paper_lamp"
3532,"mcwlights:blue_paper_lamp"
3533,"mcwlights:brown_paper_lamp"
3534,"mcwlights:green_paper_lamp"
3535,"mcwlights:red_paper_lamp"
3536,"mcwlights:black_paper_lamp"
3537,"mcwlights:white_lamp"
3538,"mcwlights:orange_lamp"
3539,"mcwlights:magenta_lamp"
3540,"mcwlights:light_blue_lamp"
3541,"mcwlights:yellow_lamp"
3542,"mcwlights:lime_lamp"
3543,"mcwlights:pink_lamp"
3544,"mcwlights:gray_lamp"
3545,"mcwlights:light_gray_lamp"
3546,"mcwlights:cyan_lamp"
3547,"mcwlights:purple_lamp"
3548,"mcwlights:blue_lamp"
3549,"mcwlights:brown_lamp"
3550,"mcwlights:green_lamp"
3551,"mcwlights:red_lamp"
3552,"mcwlights:black_lamp"
3553,"mcwlights:white_ceiling_light"
3554,"mcwlights:orange_ceiling_light"
3555,"mcwlights:magenta_ceiling_light"
3556,"mcwlights:light_blue_ceiling_light"
3557,"mcwlights:yellow_ceiling_light"
3558,"mcwlights:lime_ceiling_light"
3559,"mcwlights:pink_ceiling_light"
3560,"mcwlights:gray_ceiling_light"
3561,"mcwlights:light_gray_ceiling_light"
3562,"mcwlights:cyan_ceiling_light"
3563,"mcwlights:purple_ceiling_light"
3564,"mcwlights:blue_ceiling_light"
3565,"mcwlights:brown_ceiling_light"
3566,"mcwlights:green_ceiling_light"
3567,"mcwlights:red_ceiling_light"
3568,"mcwlights:black_ceiling_light"
3569,"mcwlights:lava_lamp"
3570,"mcwlights:garden_light"
3571,"mcwlights:striped_lantern"
3572,"mcwlights:covered_lantern"
3573,"mcwlights:chain_lantern"
3574,"mcwlights:tavern_lantern"
3575,"mcwlights:festive_lantern"
3576,"mcwlights:cross_lantern"
3577,"mcwlights:bell_lantern"
3578,"mcwlights:striped_wall_lantern"
3579,"mcwlights:covered_wall_lantern"
3580,"mcwlights:chain_wall_lantern"
3581,"mcwlights:tavern_wall_lantern"
3582,"mcwlights:festive_wall_lantern"
3583,"mcwlights:cross_wall_lantern"
3584,"mcwlights:bell_wall_lantern"
3585,"mcwlights:classic_street_lamp"
3586,"mcwlights:double_street_lamp"
3587,"mcwlights:redstone_lamp_slab"
3588,"mcwlights:glowstone_slab"
3589,"mcwlights:sea_lantern_slab"
3590,"mcwlights:framed_torch"
3591,"mcwlights:iron_framed_torch"
3592,"mcwlights:reinforced_torch"
3593,"mcwlights:rustic_torch"
3594,"mcwlights:upgraded_torch"
3595,"mcwlights:white_wall_lamp"
3596,"mcwlights:orange_wall_lamp"
3597,"mcwlights:magenta_wall_lamp"
3598,"mcwlights:light_blue_wall_lamp"
3599,"mcwlights:yellow_wall_lamp"
3600,"mcwlights:lime_wall_lamp"
3601,"mcwlights:pink_wall_lamp"
3602,"mcwlights:gray_wall_lamp"
3603,"mcwlights:light_gray_wall_lamp"
3604,"mcwlights:cyan_wall_lamp"
3605,"mcwlights:purple_wall_lamp"
3606,"mcwlights:blue_wall_lamp"
3607,"mcwlights:brown_wall_lamp"
3608,"mcwlights:green_wall_lamp"
3609,"mcwlights:red_wall_lamp"
3610,"mcwlights:black_wall_lamp"
3611,"mcwlights:white_square_wall_lamp"
3612,"mcwlights:orange_square_wall_lamp"
3613,"mcwlights:magenta_square_wall_lamp"
3614,"mcwlights:light_blue_square_wall_lamp"
3615,"mcwlights:yellow_square_wall_lamp"
3616,"mcwlights:lime_square_wall_lamp"
3617,"mcwlights:pink_square_wall_lamp"
3618,"mcwlights:gray_square_wall_lamp"
3619,"mcwlights:light_gray_square_wall_lamp"
3620,"mcwlights:cyan_square_wall_lamp"
3621,"mcwlights:purple_square_wall_lamp"
3622,"mcwlights:blue_square_wall_lamp"
3623,"mcwlights:brown_square_wall_lamp"
3624,"mcwlights:green_square_wall_lamp"
3625,"mcwlights:red_square_wall_lamp"
3626,"mcwlights:black_square_wall_lamp"
3627,"mcwwindows:oak_window"
3628,"mcwwindows:spruce_window"
3629,"mcwwindows:birch_window"
3630,"mcwwindows:jungle_window"
3631,"mcwwindows:acacia_window"
3632,"mcwwindows:dark_oak_window"
3633,"mcwwindows:oak_plank_window"
3634,"mcwwindows:spruce_plank_window"
3635,"mcwwindows:birch_plank_window"
3636,"mcwwindows:jungle_plank_window"
3637,"mcwwindows:acacia_plank_window"
3638,"mcwwindows:dark_oak_plank_window"
3639,"mcwwindows:oak_planks_win_2tall"
3640,"mcwwindows:oak_win_2tall"
3641,"mcwwindows:spruce_planks_win_2tall"
3642,"mcwwindows:spruce_win_2tall"
3643,"mcwwindows:birch_planks_win_2tall"
3644,"mcwwindows:birch_win_2tall"
3645,"mcwwindows:jungle_planks_win_2tall"
3646,"mcwwindows:jungle_win_2tall"
3647,"mcwwindows:acacia_planks_win_2tall"
3648,"mcwwindows:acacia_win_2tall"
3649,"mcwwindows:dark_oak_planks_win_2tall"
3650,"mcwwindows:dark_oak_win_2tall"
3651,"mcwwindows:oak_window2"
3652,"mcwwindows:oak_plank_window2"
3653,"mcwwindows:spruce_window2"
3654,"mcwwindows:spruce_plank_window2"
3655,"mcwwindows:birch_window2"
3656,"mcwwindows:birch_plank_window2"
3657,"mcwwindows:jungle_window2"
3658,"mcwwindows:jungle_plank_window2"
3659,"mcwwindows:acacia_window2"
3660,"mcwwindows:acacia_plank_window2"
3661,"mcwwindows:dark_oak_window2"
3662,"mcwwindows:dark_oak_plank_window2"
3663,"mcwwindows:oak_window2_2tall"
3664,"mcwwindows:oak_plank_window2_2tall"
3665,"mcwwindows:spruce_window2_2tall"
3666,"mcwwindows:spruce_plank_window2_2tall"
3667,"mcwwindows:birch_window2_2tall"
3668,"mcwwindows:birch_plank_window2_2tall"
3669,"mcwwindows:jungle_window2_2tall"
3670,"mcwwindows:jungle_plank_window2_2tall"
3671,"mcwwindows:acacia_window2_2tall"
3672,"mcwwindows:acacia_plank_window2_2tall"
3673,"mcwwindows:dark_oak_window2_2tall"
3674,"mcwwindows:dark_oak_plank_window2_2tall"
3675,"mowziesmobs:painted_acacia"
3676,"mowziesmobs:painted_acacia_slab"
3677,"mowziesmobs:painted_acacia_double_slab"
3678,"mowziesmobs:campfire"
3679,"mowziesmobs:grottol"
3680,"nt:olive_leaves_green"
3681,"nt:conifer_leaves_yellow"
3682,"nt:conifer_leaves_orange"
3683,"nt:cherry_leaves_purple"
3684,"nt:cherry_leaves_white"
3685,"nt:cherry_leaves_pink"
3686,"nt:maple_leaves"
3687,"nt:jacaranda_leaves"
3688,"nt:spruce_leaves_red"
3689,"nt:spruce_leaves_blue"
3690,"nt:oak_leaves_red"
3691,"nt:brownautumn_leaves"
3692,"nt:orangeautumn_leaves"
3693,"nt:redautumn_leaves"
3694,"nt:yellowautumn_leaves"
3695,"nt:paulownia_leaves"
3696,"nt:orchard_leaves"
3697,"nt:whitemyrtle_leaves"
3698,"nt:flower_primevere"
3699,"nt:flower_allium"
3700,"nt:flower_aspalathus"
3701,"nt:flower_abelia_top"
3702,"nt:flower_abeliophyllum"
3703,"nt:flower_abroma"
3704,"nt:flower_abronia_bot"
3705,"nt:flower_abronia_top"
3706,"nt:flower_abutilon"
3707,"nt:flower_acaena"
3708,"nt:flower_acalypha_r"
3709,"nt:flower_acantholimon"
3710,"nt:flower_acanthus_bot"
3711,"nt:flower_acanthus_top"
3712,"nt:flower_achillea"
3713,"nt:flower_achimenes"
3714,"nt:flower_acinos"
3715,"nt:flower_aciphylla"
3716,"nt:flower_adenocarpus_bot"
3717,"nt:flower_adenocarpus_top"
3718,"nt:flower_adenophora"
3719,"nt:flower_adonis"
3720,"nt:flower_aechmea"
3721,"nt:flower_aeschynanthus"
3722,"nt:flower_aethionema"
3723,"nt:flower_agapanthus"
3724,"nt:flower_ageratum"
3725,"nt:flower_agonis_bot"
3726,"nt:flower_agonis_top"
3727,"nt:flower_agrostemma"
3728,"nt:flower_aira"
3729,"nt:flower_ajuga"
3730,"nt:flower_albuca"
3731,"nt:flower_alcea"
3732,"nt:flower_alkanna"
3733,"nt:flower_alliaria"
3734,"nt:flower_aloe"
3735,"nt:flower_alonsoa_bot"
3736,"nt:flower_alonsoa_top"
3737,"nt:flower_alopecurus"
3738,"nt:flower_alsobia"
3739,"nt:flower_alstroemeria"
3740,"nt:flower_alyogyne"
3741,"nt:flower_amaryllis"
3742,"nt:flower_ambrosia"
3743,"nt:flower_amesiella"
3744,"nt:flower_ammobium"
3745,"nt:flower_amphipappus"
3746,"nt:flower_anacyclus"
3747,"nt:flower_anagallis"
3748,"nt:flower_anchusa"
3749,"nt:flower_apache_plume"
3750,"nt:flower_argocoffeeopsis"
3751,"nt:flower_arizona_poppy"
3752,"nt:flower_asclepias"
3753,"nt:flower_asclepias_t"
3754,"nt:flower_asian_mustard"
3755,"nt:flower_barbarea"
3756,"nt:flower_barren_strawberry"
3757,"nt:flower_beardtongue"
3758,"nt:flower_begonia"
3759,"nt:flower_bigelows_monkey_flower"
3760,"nt:flower_blacktack_phacelia"
3761,"nt:flower_blazing_star"
3762,"nt:flower_blue_flax"
3763,"nt:flower_brachystelma"
3764,"nt:flower_bristly_fiddleneck"
3765,"nt:flower_brown_eyes"
3766,"nt:flower_buckbrush"
3767,"nt:flower_bulbil_buglelily_bot"
3768,"nt:flower_bulbil_buglelily_top"
3769,"nt:flower_button_brittlebush"
3770,"nt:flower_cambridge_blue"
3771,"nt:flower_canaigre"
3772,"nt:flower_cardamine"
3773,"nt:flower_cephalophyllum"
3774,"nt:flower_chocolate_drops"
3775,"nt:flower_chrysanthemum"
3776,"nt:flower_chuparosa"
3777,"nt:flower_clove"
3778,"nt:flower_clustered_broomrape"
3779,"nt:flower_corydalis"
3780,"nt:flower_coulters_jewelflower"
3781,"nt:flower_crassula"
3782,"nt:flower_disa"
3783,"nt:flower_distant_scorpionweed"
3784,"nt:flower_epipogium"
3785,"nt:flower_fabaceae"
3786,"nt:flower_fairy_lily"
3787,"nt:flower_flower_abelia_bot"
3788,"nt:flower_fruit_bot"
3789,"nt:flower_fruit_top"
3790,"nt:flower_galanthus"
3791,"nt:flower_heliotropium"
3792,"nt:flower_hellebore"
3793,"nt:flower_hesperis"
3794,"nt:flower_impatiens"
3795,"nt:flower_isolepis"
3796,"nt:flower_narthecium"
3797,"nt:flower_neglected_scorpionweed"
3798,"nt:flower_nemesia"
3799,"nt:flower_none_bot"
3800,"nt:flower_none_top"
3801,"nt:flower_pink_corydalis"
3802,"nt:flower_pluchea_glutinosa"
3803,"nt:flower_psoralea_cataracta"
3804,"nt:flower_psoralea_macrophylla"
3805,"nt:flower_pueraria"
3806,"nt:flower_rhanterium"
3807,"nt:flower_rorippa"
3808,"nt:flower_royal_bluebell"
3809,"nt:flower_rudbeckia_h"
3810,"nt:flower_sagebrush"
3811,"nt:flower_san_angelo_yucca"
3812,"nt:flower_sandbog_death_camas"
3813,"nt:flower_snowy_river_westringia"
3814,"nt:flower_streblorrhiza"
3815,"nt:flower_sumatra"
3816,"nt:flower_thismia"
3817,"nt:flower_trillium"
3818,"nt:flower_veratrum"
3819,"nt:flower_veronica"
3820,"nt:flower_viola"
3821,"nt:flower_weldenia_candida"
3822,"nt:flower_wild_rice"
3823,"nt:flower_yellowroot"
3824,"nt:flower_zenobia"
3825,"nt:flower_olive"
3826,"nt:conifer_sapling_yellow"
3827,"nt:conifer_sapling_orange"
3828,"nt:cherry_sapling_purple"
3829,"nt:cherry_sapling_white"
3830,"nt:cherry_sapling_pink"
3831,"nt:maple_sapling"
3832,"nt:jacaranda_sapling"
3833,"nt:spruce_sapling_red"
3834,"nt:spruce_sapling_blue"
3835,"nt:oak_sapling_red"
3836,"nt:brownautumn_sapling"
3837,"nt:orangeautumn_sapling"
3838,"nt:redautumn_sapling"
3839,"nt:yellowautumn_sapling"
3840,"nt:paulownia_sapling"
3841,"nt:orchard_sapling"
3842,"nt:whitemyrtle_sapling"
3843,"nt:shrub_sapling_acacia"
3844,"nt:shrub_sapling_birch"
3845,"nt:shrub_sapling_bluespruce"
3846,"nt:shrub_sapling_cherrypink"
3847,"nt:shrub_sapling_cherrypurple"
3848,"nt:shrub_sapling_cherrywhite"
3849,"nt:shrub_sapling_coniferorange"
3850,"nt:shrub_sapling_coniferyellow"
3851,"nt:shrub_sapling_darkoak"
3852,"nt:shrub_sapling_jacaranda"
3853,"nt:shrub_sapling_jungle"
3854,"nt:shrub_sapling_maple"
3855,"nt:shrub_sapling_oak"
3856,"nt:shrub_sapling_redoak"
3857,"nt:shrub_sapling_redspruce"
3858,"nt:shrub_sapling_spruce"
3859,"nt:sapling_poplar"
3860,"nt:sapling_tallspruce"
3861,"nt:white_sand"
3862,"nt:white_sandstone"
3863,"nt:white_sandstone_smooth"
3864,"nt:white_sandstone_carved"
3865,"nt:white_sandstone_face"
3866,"nt:white_sandstone_glyph"
3867,"nt:cold_sand"
3868,"nt:cold_sandstone"
3869,"nt:cold_sandstone_smooth"
3870,"nt:cold_sandstone_carved"
3871,"nt:cold_sandstone_face"
3872,"nt:cold_sandstone_glyph"
3873,"nt:black_sand"
3874,"nt:black_sandstone"
3875,"nt:black_sandstone_smooth"
3876,"nt:black_sandstone_carved"
3877,"nt:black_sandstone_face"
3878,"nt:black_sandstone_glyph"
3879,"nt:olivine_sand"
3880,"nt:olivine_sandstone"
3881,"nt:olivine_sandstone_smooth"
3882,"nt:olivine_sandstone_carved"
3883,"nt:olivine_sandstone_face"
3884,"nt:olivine_sandstone_glyph"
3885,"nt:pink_sand"
3886,"nt:pink_sandstone"
3887,"nt:pink_sandstone_smooth"
3888,"nt:pink_sandstone_carved"
3889,"nt:pink_sandstone_face"
3890,"nt:pink_sandstone_glyph"
3891,"nt:purple_sand"
3892,"nt:purple_sandstone"
3893,"nt:purple_sandstone_smooth"
3894,"nt:purple_sandstone_carved"
3895,"nt:purple_sandstone_face"
3896,"nt:purple_sandstone_glyph"
3897,"nt:continental_sand"
3898,"nt:continental_sandstone"
3899,"nt:continental_sandstone_smooth"
3900,"nt:continental_sandstone_carved"
3901,"nt:continental_sandstone_face"
3902,"nt:continental_sandstone_glyph"
3903,"nt:iron_sand"
3904,"nt:iron_sandstone"
3905,"nt:iron_sandstone_smooth"
3906,"nt:iron_sandstone_carved"
3907,"nt:iron_sandstone_face"
3908,"nt:iron_sandstone_glyph"
3909,"nt:orange_sand"
3910,"nt:orange_sandstone"
3911,"nt:orange_sandstone_smooth"
3912,"nt:orange_sandstone_carved"
3913,"nt:orange_sandstone_face"
3914,"nt:orange_sandstone_glyph"
3915,"nt:red_podzol"
3916,"nt:blue_podzol"
3917,"pirates:rail"
3918,"pirates:cannon"
3919,"pirates:cell"
3920,"pirates:ratlines"
3921,"pirates:boat_sling"
3922,"pirates:ship_bell"
3923,"pirates:barrel"
3924,"pirates:ghastly_planks"
3925,"pirates:ghastly_rail"
3926,"pirates:ghastly_log"
3927,"pirates:ghastly_stairs"
3928,"pirates:ghastly_bell"
3929,"pirates:pirate_chest"
3930,"pirates:forge"
3931,"pirates:cannonball"
3932,"pirates:square_sail"
3933,"pirates:jib_sheet"
3934,"pirates:cleat"
3935,"pirates:capstan"
3936,"pirates:ship_wheel"
3937,"pirates:liquor_rack"
3938,"pirates:light_te"
3939,"xreliquary:altar"
3940,"xreliquary:apothecary_cauldron"
3941,"xreliquary:apothecary_mortar"
3942,"xreliquary:fertile_lilypad"
3943,"xreliquary:interdiction_torch"
3944,"xreliquary:wraith_node"
3945,"xreliquary:pedestal"
3946,"xreliquary:pedestal_passive"
3947,"traverse:red_autumnal_leaves"
3948,"traverse:red_autumnal_sapling"
3949,"traverse:brown_autumnal_leaves"
3950,"traverse:brown_autumnal_sapling"
3951,"traverse:orange_autumnal_leaves"
3952,"traverse:orange_autumnal_sapling"
3953,"traverse:yellow_autumnal_leaves"
3954,"traverse:yellow_autumnal_sapling"
3955,"traverse:fir_leaves"
3956,"traverse:fir_sapling"
3957,"traverse:fir_log"
3958,"traverse:fir_planks"
3959,"traverse:fir_stairs"
3960,"traverse:fir_slab"
3961,"traverse:fir_double_slab"
3962,"traverse:fir_fence"
3963,"traverse:fir_fence_gate"
3964,"traverse:fir_door"
3965,"traverse:red_rock"
3966,"traverse:red_rock_bricks"
3967,"traverse:red_rock_bricks_stairs"
3968,"traverse:red_rock_bricks_slab"
3969,"traverse:red_rock_bricks_double_slab"
3970,"traverse:red_rock_bricks_chiseled"
3971,"traverse:red_rock_slab"
3972,"traverse:red_rock_double_slab"
3973,"traverse:red_rock_cobblestone"
3974,"traverse:red_rock_cobblestone_stairs"
3975,"traverse:red_rock_cobblestone_slab"
3976,"traverse:red_rock_cobblestone_double_slab"
3977,"traverse:red_rock_cobblestone_wall"
3978,"traverse:blue_rock"
3979,"traverse:blue_rock_bricks"
3980,"traverse:blue_rock_bricks_stairs"
3981,"traverse:blue_rock_bricks_slab"
3982,"traverse:blue_rock_bricks_double_slab"
3983,"traverse:blue_rock_bricks_chiseled"
3984,"traverse:blue_rock_slab"
3985,"traverse:blue_rock_double_slab"
3986,"traverse:blue_rock_cobblestone"
3987,"traverse:blue_rock_cobblestone_stairs"
3988,"traverse:blue_rock_cobblestone_slab"
3989,"traverse:blue_rock_cobblestone_double_slab"
3990,"traverse:blue_rock_cobblestone_wall"
3991,"traverse:dead_grass"
3992,"traverse:cold_grass"
3993,"rats:block_of_cheese"
3994,"rats:cauldron_milk"
3995,"rats:cauldron_cheese"
3996,"rats:rat_hole"
3997,"rats:rattrap"
3998,"rats:rat_cage"
3999,"rats:rat_cage_decorated"
4000,"rats:rat_cage_breeding_lantern"
4001,"rats:fish_barrel"
4002,"rats:rat_crafting_table"
4003,"rats:auto_curdler"
4004,"rats:rat_tube_white"
4005,"rats:rat_tube_orange"
4006,"rats:rat_tube_magenta"
4007,"rats:rat_tube_light_blue"
4008,"rats:rat_tube_yellow"
4009,"rats:rat_tube_lime"
4010,"rats:rat_tube_pink"
4011,"rats:rat_tube_gray"
4012,"rats:rat_tube_silver"
4013,"rats:rat_tube_cyan"
4014,"rats:rat_tube_purple"
4015,"rats:rat_tube_blue"
4016,"rats:rat_tube_brown"
4017,"rats:rat_tube_green"
4018,"rats:rat_tube_red"
4019,"rats:rat_tube_black"
4020,"rats:garbage_pile"
4021,"rats:ratglove_flower"
4022,"rats:marbled_cheese_raw"
4023,"rats:marbled_cheese"
4024,"rats:marbled_cheese_slab"
4025,"rats:marbled_cheese_slab_double"
4026,"rats:marbled_cheese_stairs"
4027,"rats:marbled_cheese_tile"
4028,"rats:marbled_cheese_chiseled"
4029,"rats:marbled_cheese_pillar"
4030,"rats:marbled_cheese_brick"
4031,"rats:marbled_cheese_brick_slab"
4032,"rats:marbled_cheese_brick_slab_double"
4033,"rats:marbled_cheese_brick_stairs"
4034,"rats:marbled_cheese_brick_chiseled"
4035,"rats:marbled_cheese_brick_cracked"
4036,"rats:marbled_cheese_brick_mossy"
4037,"rats:marbled_cheese_dirt"
4038,"rats:marbled_cheese_grass"
4039,"rats:marbled_cheese_rat_head"
4040,"rats:marbled_cheese_golem_core"
4041,"rats:ratlantis_portal"
4042,"rats:compressed_rat"
4043,"rats:brain_block"
4044,"rats:jack_o_ratern"
4045,"rats:upgrade_combiner"
4046,"rats:upgrade_separator"
4047,"rats:rat_lantern"
4048,"scalinghealth:crystalore"
4049,"t3s4ebw:crystal_crop"
4050,"spellarchives:spell_archive"
4051,"switchbow:redstonepiece"
4052,"switchbow:arrowdispenser"
4053,"switchbow:podest"
4054,"switchbow:minilight"
4055,"db:disappearing_spawner"
4056,"db:mega_structure_block"
4057,"db:lighting_updater"
4058,"db:temple_brick"
4059,"db:temple_polish"
4060,"db:temple_cobble"
4061,"db:temple_chisle_brick"
4062,"db:gold_chisle_brick"
4063,"db:temple_gold_brick"
4064,"db:temple_lamp"
4065,"db:temple_brick_stairs"
4066,"db:temple_brick_slab_double"
4067,"db:temple_brick_slab_half"
4068,"db:temple_pillar"
4069,"db:temple_cobble_slab_double"
4070,"db:temple_cobble_slab_half"
4071,"torchmaster:mega_torch"
4072,"torchmaster:terrain_lighter"
4073,"torchmaster:dread_lamp"
4074,"torchmaster:feral_flare_lantern"
4075,"torchmaster:invisible_light"
4076,"toroquest:torospawnerblock"
4077,"toroquest:royalblock"
4078,"totf:lost_cargo"
4079,"totf:lost_crate_potions"
4080,"totf:skeleton_crate"
4081,"totf:bush_crate"
4082,"totf:stone_circle"
4083,"totf:grave_marker"
4084,"totf:rose"
4085,"totf:grave_rose"
4086,"totf:tent"
4087,"totf:tent_abandoned"
4088,"totf:tent_abandoned_idol"
4089,"totf:armillary"
4090,"da:spore_blossom"
4091,"da:moss_block"
4092,"da:dungeon_brick"
4093,"da:mossy_dungeon_brick"
4094,"da:moss_carpet"
4095,"da:aza_vines"
4096,"da:aza_vines_berries"
4097,"da:azaela_leaf"
4098,"da:strong_block"
4099,"da:mega_structure"
4100,"da:az_fence"
4101,"da:darkglow_bars"
4102,"da:fire_stone"
4103,"da:chisled_fire_stone"
4104,"da:fire_stone_lit"
4105,"da:fire_stone_stairs"
4106,"da:fire_stone_wall"
4107,"da:mossy_spruce"
4108,"da:knight_stone"
4109,"da:knight_key_block"
4110,"da:frost_key_block"
4111,"da:aegyptian_spawner"
4112,"da:obsidian_end_frame"
4113,"da:sky_key_block"
4114,"da:boss_resummon"
4115,"da:stormvier_block"
4116,"da:adventure_block"
4117,"da:frostborn_block"
4118,"da:aegyptia_block"
4119,"da:crypt_block"
4120,"da:novik_block"
4121,"da:litic_block"
4122,"da:gloom_stone"
4123,"da:cold_stone"
4124,"da:gloom_brick"
4125,"da:cold_brick"
4126,"da:cold_brick_lamp"
4127,"da:snow_cold_brick"
4128,"da:city_brick"
4129,"da:farum_stone"
4130,"da:city_brick_alt"
4131,"da:city_decoration"
4132,"da:city_chisled"
4133,"da:city_tile"
4134,"da:city_smooth"
4135,"da:city_pillar"
4136,"da:city_pillar_chisled"
4137,"da:gold_city_brick"
4138,"da:grum_brick"
4139,"da:coralite"
4140,"da:coralite_brick"
4141,"da:coralite_decoration_brick"
4142,"da:coralite_tile"
4143,"da:coralite_decoration_tile"
4144,"da:grum_chisled"
4145,"da:grum_stone"
4146,"da:grum_smooth"
4147,"da:grum_tile"
4148,"da:grum_chisled_tile"
4149,"da:darkglow_stonebricks"
4150,"da:darkglow_bricks"
4151,"da:darkglow_decoration_bricks"
4152,"da:darkglow_tile"
4153,"da:darkglow_lit_bricks"
4154,"da:darkglow_lit_decoration_bricks"
4155,"da:gaelon_crystal"
4156,"da:gaelon_chunk"
4157,"da:alfera_planks"
4158,"da:alfera_planks_rod"
4159,"da:alfera_crate"
4160,"da:gem_end_stone"
4161,"da:gem_chisled_end_stone"
4162,"da:obsidilith_rune"
4163,"da:fake_obsidian"
4164,"da:gloom_smooth"
4165,"da:cold_smooth"
4166,"da:gloom_carved"
4167,"da:cold_carved"
4168,"da:gloom_pillar"
4169,"da:cold_pillar"
4170,"da:grum_pillar"
4171,"da:darkglow_pillar"
4172,"da:darkglow_pillar_lit"
4173,"da:darkglow_pillar_eye"
4174,"da:coralite_pillar"
4175,"da:dark_brick"
4176,"da:gloom_rough"
4177,"da:cold_rough"
4178,"da:gloom_triangle"
4179,"da:cold_triangle"
4180,"da:gloom_stone_stairs"
4181,"da:cold_stone_stairs"
4182,"da:gloom_brick_stairs"
4183,"da:cold_brick_stairs"
4184,"da:gloom_smooth_stairs"
4185,"da:cold_smooth_stairs"
4186,"da:city_brick_stairs"
4187,"da:city_brick_stairs_alt"
4188,"da:city_tile_stairs"
4189,"da:gold_city_brick_stairs"
4190,"da:grum_brick_stairs"
4191,"da:dungeon_brick_stairs"
4192,"da:darkglow_stonebrick_stairs"
4193,"da:darkglow_brick_stairs"
4194,"da:coralite_brick_stairs"
4195,"da:coralite_tiled_stairs"
4196,"da:gem_end_stone_stairs"
4197,"da:city_brick_double"
4198,"da:city_brick_half"
4199,"da:city_brick_alt_double"
4200,"da:city_brick_alt_half"
4201,"da:city_tile_double"
4202,"da:city_tile_half"
4203,"da:gold_city_brick_double"
4204,"da:gold_city_brick_half"
4205,"da:gloom_stone_double"
4206,"da:gloom_stone_half"
4207,"da:cold_stone_double"
4208,"da:cold_stone_half"
4209,"da:gloom_smooth_double"
4210,"da:gloom_smooth_half"
4211,"da:cold_smooth_double"
4212,"da:cold_smooth_half"
4213,"da:gloom_brick_double"
4214,"da:gloom_brick_half"
4215,"da:fire_stone_double"
4216,"da:fire_stone_half"
4217,"da:cold_brick_double"
4218,"da:cold_brick_half"
4219,"da:grum_brick_double"
4220,"da:grum_brick_half"
4221,"da:dungeon_brick_double"
4222,"da:dungeon_brick_half"
4223,"da:darkglow_stonebrick_double"
4224,"da:darkglow_stonebrick_half"
4225,"da:darkglow_brick_double"
4226,"da:darkglow_brick_half"
4227,"da:coralite_brick_double"
4228,"da:coralite_brick_half"
4229,"da:coralite_tile_double"
4230,"da:coralite_tile_half"
4231,"da:gem_end_stone_double"
4232,"da:gem_end_stone_half"
4233,"da:gloom_stone_wall"
4234,"da:cold_stone_wall"
4235,"da:gloom_smooth_wall"
4236,"da:cold_smooth_wall"
4237,"da:gloom_brick_wall"
4238,"da:cold_brick_wall"
4239,"da:city_brick_wall"
4240,"da:city_brick_wall_alt"
4241,"da:city_tile_wall"
4242,"da:city_smooth_wall"
4243,"da:gold_city_brick_wall"
4244,"da:grum_brick_wall"
4245,"da:dungeon_brick_wall"
4246,"da:darkglow_brick_wall"
4247,"da:darkglow_stonebrick_wall"
4248,"da:coralite_brick_wall"
4249,"da:coralite_tile_wall"
4250,"da:gem_end_stone_wall"
4251,"da:farum_rope"
4252,"da:coralite_chain"
4253,"da:farum_lantern"
4254,"da:coralite_lamp"
4255,"da:frost_icicle"
4256,"da:soul_star_block"
4257,"da:void_lily"
4258,"da:puzzle_mirror"
4259,"da:grum_displacer"
4260,"da:grum_dispenser"
4261,"da:grum_blocker"
4262,"da:grum_tile_r"
4263,"da:change_block"
4264,"da:levitation_block"
4265,"da:cave_spawner"
4266,"da:moss_spawner"
4267,"da:high_spawner"
4268,"da:temple_spawner"
4269,"da:end_spawner"
4270,"da:gaelon_spawner"
4271,"da:dark_spawner"
4272,"uppers:upper"
4273,"waystones:waystone"
4274,"wizardry_tales:blooming_flower"
4275,"wizardry_tales:conjured_air"
4276,"zawa:wirefence_door"
4277,"zawa:barfence_door"
4278,"zawa:steelbar_door"
4279,"zawa:powder_fence_door"
4280,"zawa:water_bowl"
4281,"zawa:binoculars"
4282,"zawa:bench"
4283,"zawa:light"
4284,"zawa:campfire"
4285,"zawa:bird_perch"
4286,"zawa:bar_fence"
4287,"zawa:bamboo_fence"
4288,"zawa:powder_fence"
4289,"zawa:steel_bars"
4290,"zawa:wired_fence"
4291,"zawa:exhibit_glass_pane"
4292,"zawa:bar_grate"
4293,"zawa:bar_grate_double"
4294,"zawa:steel_grate"
4295,"zawa:steel_grate_double"
4296,"zawa:wired_grate"
4297,"zawa:wired_grate_double"
4298,"zawa:powder_grate"
4299,"zawa:powder_grate_double"
4300,"zawa:electric_fence"
4301,"zawa:lamp_top"
4302,"zawa:lamp_base"
4303,"zawa:lamp_middle"
4304,"zawa:iron_wall_lamp"
4305,"zawa:gold_wall_lamp"
4306,"zawa:wall_lamp"
4307,"zawa:lion_plush"
4308,"zawa:orca_plush"
4309,"zawa:turtle_plush"
4310,"zawa:platypus_plush"
4311,"zawa:gorilla_plush"
4312,"zawa:elephant_plush"
4313,"zawa:monkey_plush"
4314,"zawa:tiger_plush"
4315,"zawa:bald_eagle_plush"
4316,"zawa:giraffe_plush"
4317,"zawa:grizzly_plush"
4318,"zawa:moose_plush"
4319,"zawa:octopus_plush"
4320,"zawa:red_panda_plush"
4321,"zawa:cockatoo_plush"
4322,"zawa:dolphin_plush"
4323,"zawa:kangaroo_plush"
4324,"zawa:okapi_plush"
4325,"zawa:rhino_plush"
4326,"zawa:shark_plush"
4327,"zawa:zebra_plush"
4328,"zawa:zebra_rainbow_plush"
4329,"zawa:macaw_plush"
4330,"zawa:macaw_plush_red"
4331,"zawa:koala_plush"
4332,"zawa:vine"
4333,"zawa:kelp"
4334,"zawa:bamboo_decortation"
4335,"zawa:dried_bamboo_decortation"
4336,"zawa:barrel"
4337,"zawa:underwater_feeder"
4338,"zawa:river_stone"
4339,"zawa:paving_stone"
4340,"zawa:mixed_stone"
4341,"zawa:mixed_stone_mossy"
4342,"zawa:brain_coral"
4343,"zawa:elegance_coral"
4344,"zawa:fire_coral"
4345,"zawa:sea_grass"
4346,"zawa:lettuce_coral"
4347,"zawa:mixed_coral_plates"
4348,"zawa:mixed_coral_rocks"
4349,"zawa:staghorn_coral"
4350,"zawa:large_sea_anemone"
4351,"zawa:small_sea_urchin"
4352,"zawa:small_sea_anemone"
4353,"zawa:large_sea_urchin"
4354,"zawa:bladderwrack"
4355,"zawa:gracilaria"
4356,"zawa:pyropia"
4357,"zawa:sea_urchin_tropical"
4358,"zawa:rope"
4359,"zawa:thin_rope"
4360,"zawa:swing_wheel"
4361,"zawa:exhibit_glass"
4362,"zawa:bamboo"
4363,"zawa:dried_bamboo"
4364,"zawa:wild_celery"
4365,"zawa:bromeliad"
4366,"zawa:stonecrop"
4367,"zawa:golden_barrel_cactus"
4368,"zawa:enrichment_ball"
4369,"zawa:hanging_ball"
4370,"zawa:heat_lamp"
4371,"zawa:beeplant"
4372,"zawa:ostritch_fern"
4373,"zawa:bellflowers"
4374,"zawa:peach_flower"
4375,"zawa:temple_bells"
4376,"zawa:golden_sparks"
4377,"zawa:arctic_moss"
4378,"zawa:waste_bin"
4379,"zawa:recycle_bin"
4380,"zawa:scratching_post"
4381,"zawa:fan_palm_top"
4382,"zawa:fan_palm_bottom"
4383,"zawa:eucalyptus_top"
4384,"zawa:eucalyptus_bottom"
4385,"zawa:eugenia_top"
4386,"zawa:eugenia_bottom"
4387,"zawa:karvy_top"
4388,"zawa:karvy_bottom"
4389,"zawa:agavoid"
4390,"zawa:cinnamon_fern"
4391,"zawa:amazon_sword"
4392,"zawa:spleenwort"
4393,"zawa:bassia"
4394,"zawa:maireana"
4395,"zawa:violet"
4396,"zawa:legume"
4397,"zawa:creeping_tick_trefoil"
4398,"zawa:onion_grass"
4399,"zawa:coralberry"
4400,"zawa:jinns_tongue"
4401,"zawa:chiltepin"
4402,"zawa:mimosa_pudica"
4403,"ancientspellcraft:nether_fire"
4404,"ancientspellcraft:snow_double_slab"
4405,"ancientspellcraft:snow_slab"
4406,"ancientspellcraft:ice_door"
4407,"ancientspellcraft:ice_crafting_table"
4408,"ancientspellcraft:hard_frosted_ice"
4409,"ancientspellcraft:artefact_pensive"
4410,"ancientspellcraft:sphere_cognizance"
4411,"ancientspellcraft:sentinel_block_iron"
4412,"ancientspellcraft:sentinel_block_gold"
4413,"ancientspellcraft:sentinel_block_diamond"
4414,"ancientspellcraft:sentinel_block_large_iron"
4415,"ancientspellcraft:sentinel_block_large_gold"
4416,"ancientspellcraft:sentinel_block_large_diamond"
4417,"ancientspellcraft:skull_watch"
4418,"ancientspellcraft:magelight"
4419,"ancientspellcraft:candlelight"
4420,"ancientspellcraft:dimension_boundary"
4421,"ancientspellcraft:dimension_boundary_magic"
4422,"ancientspellcraft:dimension_boundary_fire"
4423,"ancientspellcraft:dimension_boundary_ice"
4424,"ancientspellcraft:dimension_boundary_lightning"
4425,"ancientspellcraft:dimension_boundary_necromancy"
4426,"ancientspellcraft:dimension_boundary_earth"
4427,"ancientspellcraft:dimension_boundary_sorcery"
4428,"ancientspellcraft:dimension_boundary_healing"
4429,"ancientspellcraft:dimension_focus"
4430,"ancientspellcraft:dimension_focus_gold"
4431,"ancientspellcraft:scribing_desk"
4432,"ancientspellcraft:crystal_ore_fire"
4433,"ancientspellcraft:crystal_ore_earth"
4434,"ancientspellcraft:crystal_ore_healing"
4435,"ancientspellcraft:crystal_ore_ice"
4436,"ancientspellcraft:crystal_ore_lightning"
4437,"ancientspellcraft:crystal_ore_necromancy"
4438,"ancientspellcraft:crystal_ore_sorcery"
4439,"ancientspellcraft:crystal_silver_ore"
4440,"ancientspellcraft:astral_diamond_ore"
4441,"ancientspellcraft:devoritium_block"
4442,"ancientspellcraft:devoritium_gilded_stone"
4443,"ancientspellcraft:devoritium_door"
4444,"ancientspellcraft:devoritium_ore"
4445,"ancientspellcraft:devoritium_bars"
4446,"ancientspellcraft:crystal_mine"
4447,"ancientspellcraft:log_crystal_tree"
4448,"ancientspellcraft:leaves_crystal_tree"
4449,"ancientspellcraft:imbuement_altar_ruined"
4450,"ancientspellcraft:placed_rune"
4451,"ancientspellcraft:rune_used"
4452,"ancientspellcraft:mushroom_fire"
4453,"ancientspellcraft:mushroom_poison"
4454,"ancientspellcraft:mushroom_ice"
4455,"ancientspellcraft:mushroom_wither"
4456,"ancientspellcraft:mushroom_force"
4457,"ancientspellcraft:mushroom_healing"
4458,"ancientspellcraft:mushroom_shocking"
4459,"ancientspellcraft:mushroom_mind"
4460,"ancientspellcraft:mushroom_cleansing"
4461,"ancientspellcraft:mushroom_explosive"
4462,"ancientspellcraft:mushroom_empowering"
4463,"ancientspellcraft:arcane_anvil"
4464,"ancientspellcraft:sage_lectern"
4465,"ancientspellcraft:sage_flax_day"
4466,"ancientspellcraft:sage_flax"
4467,"ancientspellcraft:quicksand"
4468,"ancientspellcraft:conjured_magma"
4469,"ancientspellcraft:conjured_dirt"
4470,"ancientspellcraft:conjured_snow"
4471,"ancientspellcraft:master_bolt"
4472,"ancientspellcraft:lightning_block"
4473,"ancientspellcraft:concealed_block"
4474,"ancientspellcraft:arcane_wall"
4475,"ancientspellcraft:sealed_stone"
4476,"ancientspellcraft:unsealed_stone"
4477,"ancientspellcraft:unseal_button"
4478,"ancientspellcraft:arcane_flame"
4479,"ancientspellcraft:teleportation_flame"
4480,"ancientspellcraft:wildfire_flame"
4481,"cyclopstek:beacon_eye"
4482,"spookybiomes:sorbus_log"
4483,"spookybiomes:sorbus_leaves"
4484,"spookybiomes:sorbus_planks"
4485,"spookybiomes:sorbus_sapling"
4486,"spookybiomes:sorbus_gate"
4487,"spookybiomes:sorbus_door"
4488,"spookybiomes:sorbus_trapdoor"
4489,"spookybiomes:sorbus_stairs"
4490,"spookybiomes:sorbus_fence"
4491,"spookybiomes:sorbus_slab"
4492,"spookybiomes:sorbus_double_slab"
4493,"spookybiomes:ghostly_log"
4494,"spookybiomes:ghostly_leaves"
4495,"spookybiomes:ghostly_planks"
4496,"spookybiomes:ghostly_sapling"
4497,"spookybiomes:ghostly_gate"
4498,"spookybiomes:ghostly_door"
4499,"spookybiomes:ghostly_trapdoor"
4500,"spookybiomes:ghostly_stairs"
4501,"spookybiomes:ghostly_fence"
4502,"spookybiomes:ghostly_slab"
4503,"spookybiomes:ghostly_double_slab"
4504,"spookybiomes:seeping_log"
4505,"spookybiomes:seeping_leaves"
4506,"spookybiomes:seeping_planks"
4507,"spookybiomes:seeping_sapling"
4508,"spookybiomes:seeping_gate"
4509,"spookybiomes:seeping_door"
4510,"spookybiomes:seeping_trapdoor"
4511,"spookybiomes:seeping_stairs"
4512,"spookybiomes:seeping_fence"
4513,"spookybiomes:seeping_slab"
4514,"spookybiomes:seeping_double_slab"
4515,"spookybiomes:bloodwood_log"
4516,"spookybiomes:bloodwood_leaves"
4517,"spookybiomes:bloodwood_planks"
4518,"spookybiomes:bloodwood_sapling"
4519,"spookybiomes:bloodwood_gate"
4520,"spookybiomes:bloodwood_door"
4521,"spookybiomes:bloodwood_trapdoor"
4522,"spookybiomes:bloodwood_stairs"
4523,"spookybiomes:bloodwood_fence"
4524,"spookybiomes:bloodwood_slab"
4525,"spookybiomes:bloodwood_double_slab"
4526,"spookybiomes:bloodied_grass"
4527,"spookybiomes:bloodied_dirt"
4528,"structurize:blockcactusplank"
4529,"structurize:blockcactusdoor"
4530,"structurize:blockcactustrapdoor"
4531,"structurize:blockcactusslab_half"
4532,"structurize:blockcactusslab_double"
4533,"structurize:blockcactusstair"
4534,"structurize:blockcactusfence"
4535,"structurize:blockcactusfencegate"
4536,"structurize:blocksolidsubstitution"
4537,"structurize:blocksubstitution"
4538,"structurize:blockpaperwall"
4539,"structurize:blockshingle_oak"
4540,"structurize:blockshingle_jungle"
4541,"structurize:blockshingle_birch"
4542,"structurize:blockshingle_spruce"
4543,"structurize:blockshingle_dark_oak"
4544,"structurize:blockshingle_acacia"
4545,"structurize:blockshingleslab"
4546,"structurize:blocktimberframe_oak_plain"
4547,"structurize:blocktimberframe_oak_doublecrossed"
4548,"structurize:blocktimberframe_oak_framed"
4549,"structurize:blocktimberframe_oak_sideframed"
4550,"structurize:blocktimberframe_oak_gateframed"
4551,"structurize:blocktimberframe_oak_onecrossedlr"
4552,"structurize:blocktimberframe_oak_onecrossedrl"
4553,"structurize:blocktimberframe_oak_downgated"
4554,"structurize:blocktimberframe_oak_horizontalplain"
4555,"structurize:blocktimberframe_oak_horizontalnocap"
4556,"structurize:blocktimberframe_spruce_plain"
4557,"structurize:blocktimberframe_spruce_doublecrossed"
4558,"structurize:blocktimberframe_spruce_framed"
4559,"structurize:blocktimberframe_spruce_sideframed"
4560,"structurize:blocktimberframe_spruce_gateframed"
4561,"structurize:blocktimberframe_spruce_onecrossedlr"
4562,"structurize:blocktimberframe_spruce_onecrossedrl"
4563,"structurize:blocktimberframe_spruce_downgated"
4564,"structurize:blocktimberframe_spruce_horizontalplain"
4565,"structurize:blocktimberframe_spruce_horizontalnocap"
4566,"structurize:blocktimberframe_birch_plain"
4567,"structurize:blocktimberframe_birch_doublecrossed"
4568,"structurize:blocktimberframe_birch_framed"
4569,"structurize:blocktimberframe_birch_sideframed"
4570,"structurize:blocktimberframe_birch_gateframed"
4571,"structurize:blocktimberframe_birch_onecrossedlr"
4572,"structurize:blocktimberframe_birch_onecrossedrl"
4573,"structurize:blocktimberframe_birch_downgated"
4574,"structurize:blocktimberframe_birch_horizontalplain"
4575,"structurize:blocktimberframe_birch_horizontalnocap"
4576,"structurize:blocktimberframe_jungle_plain"
4577,"structurize:blocktimberframe_jungle_doublecrossed"
4578,"structurize:blocktimberframe_jungle_framed"
4579,"structurize:blocktimberframe_jungle_sideframed"
4580,"structurize:blocktimberframe_jungle_gateframed"
4581,"structurize:blocktimberframe_jungle_onecrossedlr"
4582,"structurize:blocktimberframe_jungle_onecrossedrl"
4583,"structurize:blocktimberframe_jungle_downgated"
4584,"structurize:blocktimberframe_jungle_horizontalplain"
4585,"structurize:blocktimberframe_jungle_horizontalnocap"
4586,"structurize:blocktimberframe_acacia_plain"
4587,"structurize:blocktimberframe_acacia_doublecrossed"
4588,"structurize:blocktimberframe_acacia_framed"
4589,"structurize:blocktimberframe_acacia_sideframed"
4590,"structurize:blocktimberframe_acacia_gateframed"
4591,"structurize:blocktimberframe_acacia_onecrossedlr"
4592,"structurize:blocktimberframe_acacia_onecrossedrl"
4593,"structurize:blocktimberframe_acacia_downgated"
4594,"structurize:blocktimberframe_acacia_horizontalplain"
4595,"structurize:blocktimberframe_acacia_horizontalnocap"
4596,"structurize:blocktimberframe_dark_oak_plain"
4597,"structurize:blocktimberframe_dark_oak_doublecrossed"
4598,"structurize:blocktimberframe_dark_oak_framed"
4599,"structurize:blocktimberframe_dark_oak_sideframed"
4600,"structurize:blocktimberframe_dark_oak_gateframed"
4601,"structurize:blocktimberframe_dark_oak_onecrossedlr"
4602,"structurize:blocktimberframe_dark_oak_onecrossedrl"
4603,"structurize:blocktimberframe_dark_oak_downgated"
4604,"structurize:blocktimberframe_dark_oak_horizontalplain"
4605,"structurize:blocktimberframe_dark_oak_horizontalnocap"
4606,"structurize:multiblock"
4607,"wizardrygolems:permafrost_custom"
4608,"wizardrygolems:living_snow"
4609,"necromancersdelight:temporary_glowshroom"
4610,"aether_legacy:aether_grass"
4611,"aether_legacy:enchanted_aether_grass"
4612,"aether_legacy:aether_dirt"
4613,"aether_legacy:holystone"
4614,"aether_legacy:mossy_holystone"
4615,"aether_legacy:holystone_brick"
4616,"aether_legacy:aercloud"
4617,"aether_legacy:quicksoil"
4618,"aether_legacy:icestone"
4619,"aether_legacy:ambrosium_ore"
4620,"aether_legacy:zanite_ore"
4621,"aether_legacy:gravitite_ore"
4622,"aether_legacy:aether_leaves"
4623,"aether_legacy:aether_log"
4624,"aether_legacy:skyroot_plank"
4625,"aether_legacy:quicksoil_glass"
4626,"aether_legacy:aerogel"
4627,"aether_legacy:enchanted_gravitite"
4628,"aether_legacy:zanite_block"
4629,"aether_legacy:berry_bush"
4630,"aether_legacy:berry_bush_stem"
4631,"aether_legacy:enchanter"
4632,"aether_legacy:freezer"
4633,"aether_legacy:incubator"
4634,"aether_legacy:dungeon_block"
4635,"aether_legacy:locked_dungeon_block"
4636,"aether_legacy:dungeon_trap"
4637,"aether_legacy:aether_portal"
4638,"aether_legacy:ambrosium_torch"
4639,"aether_legacy:chest_mimic"
4640,"aether_legacy:treasure_chest"
4641,"aether_legacy:purple_flower"
4642,"aether_legacy:white_flower"
4643,"aether_legacy:skyroot_sapling"
4644,"aether_legacy:golden_oak_sapling"
4645,"aether_legacy:crystal_leaves"
4646,"aether_legacy:holiday_leaves"
4647,"aether_legacy:present"
4648,"aether_legacy:pillar"
4649,"aether_legacy:pillar_top"
4650,"aether_legacy:skyroot_fence"
4651,"aether_legacy:skyroot_fence_gate"
4652,"aether_legacy:carved_wall"
4653,"aether_legacy:angelic_wall"
4654,"aether_legacy:hellfire_wall"
4655,"aether_legacy:holystone_wall"
4656,"aether_legacy:holystone_brick_wall"
4657,"aether_legacy:mossy_holystone_wall"
4658,"aether_legacy:aerogel_wall"
4659,"aether_legacy:carved_stairs"
4660,"aether_legacy:angelic_stairs"
4661,"aether_legacy:hellfire_stairs"
4662,"aether_legacy:skyroot_stairs"
4663,"aether_legacy:mossy_holystone_stairs"
4664,"aether_legacy:holystone_stairs"
4665,"aether_legacy:holystone_brick_stairs"
4666,"aether_legacy:aerogel_stairs"
4667,"aether_legacy:skyroot_double_slab"
4668,"aether_legacy:carved_double_slab"
4669,"aether_legacy:angelic_double_slab"
4670,"aether_legacy:hellfire_double_slab"
4671,"aether_legacy:holystone_double_slab"
4672,"aether_legacy:mossy_holystone_double_slab"
4673,"aether_legacy:holystone_brick_double_slab"
4674,"aether_legacy:aerogel_double_slab"
4675,"aether_legacy:skyroot_slab"
4676,"aether_legacy:carved_slab"
4677,"aether_legacy:angelic_slab"
4678,"aether_legacy:hellfire_slab"
4679,"aether_legacy:holystone_slab"
4680,"aether_legacy:mossy_holystone_slab"
4681,"aether_legacy:holystone_brick_slab"
4682,"aether_legacy:aerogel_slab"
4683,"aether_legacy:sun_altar"
4684,"aether_legacy:skyroot_bookshelf"
4685,"aether_legacy:skyroot_bed"
4686,"aether_legacy:skyroot_crafting_table"
4687,"aether_legacy:skyroot_chest"
4688,"aether_legacy:aetherion_chest"
4689,"aether_legacy:skyroot_ladder"
4690,"aether_legacy:skyroot_standing_sign"
4691,"aether_legacy:skyroot_wall_sign"
4692,"aether_legacy:quicksoil_glass_pane"
4693,"aether_legacy:zanite_bars"
4694,"aether_legacy:ambrosium_block"
4695,"aether_legacy:aether_lever"
4696,"aether_legacy:holystone_pressure_plate"
4697,"aether_legacy:skyroot_pressure_plate"
4698,"aether_legacy:zanite_pressure_plate"
4699,"aether_legacy:holystone_button"
4700,"aether_legacy:skyroot_button"
4701,"aether_legacy:skyroot_trapdoor"
4702,"aether_legacy:zanite_trapdoor"
4703,"aether_legacy:skyroot_door"
4704,"aether_legacy:zanite_door"
4705,"charm:gunpowder_block"
4706,"charm:redstone_sand"
4707,"charm:variable_redstone_lamp"
4708,"charm:cake_swiftness"
4709,"charm:cake_strength"
4710,"charm:cake_leaping"
4711,"charm:cake_regeneration"
4712,"charm:cake_fire_resistance"
4713,"charm:cake_water_breathing"
4714,"charm:cake_invisibility"
4715,"charm:cake_night_vision"
4716,"charm:cake_danger_sight"
4717,"charm:cake_haste"
4718,"charm:cake_resistance"
4719,"charm:cake_resilience"
4720,"charm:crate"
4721,"charm:crate_sealed"
4722,"charm:ender_pearl_block"
4723,"charm:gold_lantern"
4724,"charm:rotten_flesh_block"
4725,"charm:smooth_glowstone"
4726,"charm:rune_portal"
4727,"charm:rune_portal_frame"
4728,"davincisvessels:marker"
4729,"davincisvessels:floater"
4730,"davincisvessels:balloon"
4731,"davincisvessels:gauge"
4732,"davincisvessels:seat"
4733,"davincisvessels:buffer"
4734,"davincisvessels:stickybuffer"
4735,"davincisvessels:engine"
4736,"davincisvessels:crate_wood"
4737,"davincisvessels:anchorpoint"
4738,"davincisvessels:securedbed"
4739,"ichunutil:compact_porkchop"
4740,"iron_barrels:obsidian_barrel"
4741,"iron_barrels:barrel"
4742,"iron_barrels:iron_barrel"
4743,"iron_barrels:gold_barrel"
4744,"iron_barrels:diamond_barrel"
4745,"iron_barrels:netherite_barrel"
4746,"mia:armored_glass"
4747,"mia:packed_paper"
4748,"mia:torch_gold"
4749,"mia:flower_dead"
4750,"mia:door_stone"
4751,"mia:redstone_lantern"
4752,"mia:pixie_dust_extractor"
4753,"mia:white_sandstone_new"
4754,"mia:white_sandstone_new_slab"
4755,"mia:white_sandstone_new_slab_double"
4756,"mia:white_sandstone_stairs_brick"
4757,"mia:white_sandstone_futuremc_wall"
4758,"pvj:short_grass"
4759,"pvj:frost_lotus"
4760,"pvj:silverleaf"
4761,"pvj:chickweed"
4762,"pvj:clovers"
4763,"pvj:crabgrass"
4764,"pvj:bracket_fungus"
4765,"pvj:flouropore"
4766,"pvj:frogbit"
4767,"pvj:duckweed"
4768,"pvj:waxcap"
4769,"pvj:orange_mushroom"
4770,"pvj:deathcap"
4771,"pvj:cattail"
4772,"pvj:beach_grass"
4773,"pvj:sea_oats"
4774,"pvj:sundew"
4775,"pvj:small_cactus"
4776,"pvj:void_grass"
4777,"pvj:wild_wheat"
4778,"pvj:wild_potato"
4779,"pvj:wild_carrot"
4780,"pvj:wild_beetroot"
4781,"pvj:bloodnettle"
4782,"pvj:glowcap"
4783,"pvj:witherweed"
4784,"pvj:log_willow"
4785,"pvj:log_mangrove"
4786,"pvj:log_palm"
4787,"pvj:log_redwood"
4788,"pvj:log_fir"
4789,"pvj:log_pine"
4790,"pvj:log_aspen"
4791,"pvj:log_maple"
4792,"pvj:log_baobab"
4793,"pvj:log_cottonwood"
4794,"pvj:log_juniper"
4795,"pvj:log_cherry_blossom"
4796,"pvj:log_jacaranda"
4797,"pvj:leaves_willow"
4798,"pvj:leaves_mangrove"
4799,"pvj:leaves_palm"
4800,"pvj:leaves_redwood"
4801,"pvj:leaves_fir"
4802,"pvj:leaves_pine"
4803,"pvj:leaves_aspen"
4804,"pvj:leaves_red_maple"
4805,"pvj:leaves_orange_maple"
4806,"pvj:leaves_baobab"
4807,"pvj:leaves_cottonwood"
4808,"pvj:leaves_juniper"
4809,"pvj:leaves_juniper_berried"
4810,"pvj:leaves_white_cherry_blossom"
4811,"pvj:leaves_pink_cherry_blossom"
4812,"pvj:leaves_jacaranda"
4813,"pvj:sapling_willow"
4814,"pvj:sapling_mangrove"
4815,"pvj:sapling_palm"
4816,"pvj:sapling_redwood"
4817,"pvj:sapling_fir"
4818,"pvj:sapling_pine"
4819,"pvj:sapling_aspen"
4820,"pvj:sapling_red_maple"
4821,"pvj:sapling_orange_maple"
4822,"pvj:sapling_baobab"
4823,"pvj:sapling_cottonwood"
4824,"pvj:sapling_juniper"
4825,"pvj:sapling_juniper_berried"
4826,"pvj:sapling_white_cherry_blossom"
4827,"pvj:sapling_pink_cherry_blossom"
4828,"pvj:sapling_jacaranda"
4829,"pvj:planks_willow"
4830,"pvj:planks_mangrove"
4831,"pvj:planks_palm"
4832,"pvj:planks_redwood"
4833,"pvj:planks_fir"
4834,"pvj:planks_pine"
4835,"pvj:planks_aspen"
4836,"pvj:planks_maple"
4837,"pvj:planks_baobab"
4838,"pvj:planks_cottonwood"
4839,"pvj:planks_juniper"
4840,"pvj:planks_cherry_blossom"
4841,"pvj:planks_jacaranda"
4842,"pvj:willow_stairs"
4843,"pvj:mangrove_stairs"
4844,"pvj:palm_stairs"
4845,"pvj:redwood_stairs"
4846,"pvj:fir_stairs"
4847,"pvj:pine_stairs"
4848,"pvj:aspen_stairs"
4849,"pvj:maple_stairs"
4850,"pvj:baobab_stairs"
4851,"pvj:cottonwood_stairs"
4852,"pvj:juniper_stairs"
4853,"pvj:cherry_blossom_stairs"
4854,"pvj:jacaranda_stairs"
4855,"pvj:willow_slab"
4856,"pvj:willow_double_slab"
4857,"pvj:mangrove_slab"
4858,"pvj:mangrove_double_slab"
4859,"pvj:palm_slab"
4860,"pvj:palm_double_slab"
4861,"pvj:redwood_slab"
4862,"pvj:redwood_double_slab"
4863,"pvj:fir_slab"
4864,"pvj:fir_double_slab"
4865,"pvj:pine_slab"
4866,"pvj:pine_double_slab"
4867,"pvj:aspen_slab"
4868,"pvj:aspen_double_slab"
4869,"pvj:maple_slab"
4870,"pvj:maple_double_slab"
4871,"pvj:baobab_slab"
4872,"pvj:baobab_double_slab"
4873,"pvj:cottonwood_slab"
4874,"pvj:cottonwood_double_slab"
4875,"pvj:juniper_slab"
4876,"pvj:juniper_double_slab"
4877,"pvj:cherry_blossom_slab"
4878,"pvj:cherry_blossom_double_slab"
4879,"pvj:jacaranda_slab"
4880,"pvj:jacaranda_double_slab"
4881,"pvj:willow_fence"
4882,"pvj:mangrove_fence"
4883,"pvj:palm_fence"
4884,"pvj:redwood_fence"
4885,"pvj:fir_fence"
4886,"pvj:pine_fence"
4887,"pvj:aspen_fence"
4888,"pvj:maple_fence"
4889,"pvj:baobab_fence"
4890,"pvj:cottonwood_fence"
4891,"pvj:juniper_fence"
4892,"pvj:cherry_blossom_fence"
4893,"pvj:jacaranda_fence"
4894,"pvj:willow_fence_gate"
4895,"pvj:mangrove_fence_gate"
4896,"pvj:palm_fence_gate"
4897,"pvj:redwood_fence_gate"
4898,"pvj:fir_fence_gate"
4899,"pvj:pine_fence_gate"
4900,"pvj:aspen_fence_gate"
4901,"pvj:maple_fence_gate"
4902,"pvj:baobab_fence_gate"
4903,"pvj:cottonwood_fence_gate"
4904,"pvj:juniper_fence_gate"
4905,"pvj:cherry_blossom_fence_gate"
4906,"pvj:jacaranda_fence_gate"
4907,"pvj:willow_door"
4908,"pvj:mangrove_door"
4909,"pvj:palm_door"
4910,"pvj:redwood_door"
4911,"pvj:fir_door"
4912,"pvj:pine_door"
4913,"pvj:aspen_door"
4914,"pvj:maple_door"
4915,"pvj:baobab_door"
4916,"pvj:cottonwood_door"
4917,"pvj:juniper_door"
4918,"pvj:cherry_blossom_door"
4919,"pvj:jacaranda_door"
4920,"pvj:willow_trapdoor"
4921,"pvj:mangrove_trapdoor"
4922,"pvj:palm_trapdoor"
4923,"pvj:redwood_trapdoor"
4924,"pvj:fir_trapdoor"
4925,"pvj:pine_trapdoor"
4926,"pvj:aspen_trapdoor"
4927,"pvj:maple_trapdoor"
4928,"pvj:baobab_trapdoor"
4929,"pvj:cottonwood_trapdoor"
4930,"pvj:juniper_trapdoor"
4931,"pvj:cherry_blossom_trapdoor"
4932,"pvj:jacaranda_trapdoor"
4933,"pvj:willow_button"
4934,"pvj:mangrove_button"
4935,"pvj:palm_button"
4936,"pvj:redwood_button"
4937,"pvj:fir_button"
4938,"pvj:pine_button"
4939,"pvj:aspen_button"
4940,"pvj:maple_button"
4941,"pvj:baobab_button"
4942,"pvj:cottonwood_button"
4943,"pvj:juniper_button"
4944,"pvj:cherry_blossom_button"
4945,"pvj:jacaranda_button"
4946,"pvj:willow_pressure_plate"
4947,"pvj:mangrove_pressure_plate"
4948,"pvj:palm_pressure_plate"
4949,"pvj:redwood_pressure_plate"
4950,"pvj:fir_pressure_plate"
4951,"pvj:pine_pressure_plate"
4952,"pvj:aspen_pressure_plate"
4953,"pvj:maple_pressure_plate"
4954,"pvj:baobab_pressure_plate"
4955,"pvj:cottonwood_pressure_plate"
4956,"pvj:juniper_pressure_plate"
4957,"pvj:cherry_blossom_pressure_plate"
4958,"pvj:jacaranda_pressure_plate"
4959,"pvj:redwood_bark"
4960,"pvj:fallenleaves_oak"
4961,"pvj:fallenleaves_birch"
4962,"pvj:fallenleaves_spruce"
4963,"pvj:fallenleaves_jungle"
4964,"pvj:fallenleaves_darkoak"
4965,"pvj:fallenleaves_acacia"
4966,"pvj:fallenleaves_dead"
4967,"pvj:fallenleaves_willow"
4968,"pvj:fallenleaves_mangrove"
4969,"pvj:fallenleaves_palm"
4970,"pvj:fallenleaves_redwood"
4971,"pvj:fallenleaves_fir"
4972,"pvj:fallenleaves_pine"
4973,"pvj:fallenleaves_aspen"
4974,"pvj:fallenleaves_red_maple"
4975,"pvj:fallenleaves_orange_maple"
4976,"pvj:fallenleaves_baobab"
4977,"pvj:fallenleaves_cottonwood"
4978,"pvj:fallenleaves_juniper"
4979,"pvj:fallenleaves_juniper_berried"
4980,"pvj:fallenleaves_white_cherry_blossom"
4981,"pvj:fallenleaves_pink_cherry_blossom"
4982,"pvj:fallenleaves_jacaranda"
4983,"pvj:oak_twigs"
4984,"pvj:birch_twigs"
4985,"pvj:spruce_twigs"
4986,"pvj:jungle_twigs"
4987,"pvj:acacia_twigs"
4988,"pvj:dark_oak_twigs"
4989,"pvj:willow_twigs"
4990,"pvj:mangrove_twigs"
4991,"pvj:palm_twigs"
4992,"pvj:redwood_twigs"
4993,"pvj:fir_twigs"
4994,"pvj:pine_twigs"
4995,"pvj:aspen_twigs"
4996,"pvj:red_maple_twigs"
4997,"pvj:orange_maple_twigs"
4998,"pvj:baobab_twigs"
4999,"pvj:cottonwood_twigs"
5000,"pvj:juniper_twigs"
5001,"pvj:juniper_berried_twigs"
5002,"pvj:white_cherry_blossom_twigs"
5003,"pvj:pink_cherry_blossom_twigs"
5004,"pvj:jacaranda_twigs"
5005,"pvj:coconut"
5006,"pvj:stone_rocks"
5007,"pvj:cobblestone_rocks"
5008,"pvj:mossy_cobblestone_rocks"
5009,"pvj:andesite_rocks"
5010,"pvj:granite_rocks"
5011,"pvj:diorite_rocks"
5012,"pvj:sandstone_rocks"
5013,"pvj:red_sandstone_rocks"
5014,"pvj:bones"
5015,"pvj:seashells"
5016,"pvj:pinecones"
5017,"pvj:flower_patch"
5018,"pvj:cracked_sand"
5019,"pvj:red_cracked_sand"
5020,"pvj:mud"
5021,"pvj:wet_adobe"
5022,"pvj:cobblestone_brick"
5023,"pvj:basalt"
5024,"pvj:basalt_brick"
5025,"pvj:limestone"
5026,"pvj:marble"
5027,"pvj:marble_brick"
5028,"pvj:siltstone"
5029,"pvj:adobe"
5030,"pvj:adobe_brick"
5031,"pvj:cobblestone_brick_stairs"
5032,"pvj:basalt_stairs"
5033,"pvj:basalt_brick_stairs"
5034,"pvj:limestone_stairs"
5035,"pvj:marble_stairs"
5036,"pvj:marble_brick_stairs"
5037,"pvj:siltstone_stairs"
5038,"pvj:adobe_stairs"
5039,"pvj:adobe_brick_stairs"
5040,"pvj:cobblestone_brick_slab"
5041,"pvj:cobblestone_brick_double_slab"
5042,"pvj:basalt_slab"
5043,"pvj:basalt_double_slab"
5044,"pvj:basalt_brick_slab"
5045,"pvj:basalt_brick_double_slab"
5046,"pvj:limestone_slab"
5047,"pvj:limestone_double_slab"
5048,"pvj:marble_slab"
5049,"pvj:marble_double_slab"
5050,"pvj:marble_brick_slab"
5051,"pvj:marble_brick_double_slab"
5052,"pvj:siltstone_slab"
5053,"pvj:siltstone_double_slab"
5054,"pvj:adobe_slab"
5055,"pvj:adobe_double_slab"
5056,"pvj:adobe_brick_slab"
5057,"pvj:adobe_brick_double_slab"
5058,"pvj:cobblestone_brick_wall"
5059,"pvj:mystical_grill"
5060,"pvj:rock_formation"
5061,"pvj:ice_formation"
5062,"pvj:pvj_cobweb"
5063,"pvj:fallenleaves_bop_yellow_autumn"
5064,"pvj:fallenleaves_bop_orange_autumn"
5065,"pvj:fallenleaves_bop_bamboo"
5066,"pvj:fallenleaves_bop_magic"
5067,"pvj:fallenleaves_bop_umbran"
5068,"pvj:fallenleaves_bop_dead"
5069,"pvj:fallenleaves_bop_fir"
5070,"pvj:fallenleaves_bop_ethereal"
5071,"pvj:fallenleaves_bop_origin"
5072,"pvj:fallenleaves_bop_pink_cherry"
5073,"pvj:fallenleaves_bop_white_cherry"
5074,"pvj:fallenleaves_bop_maple"
5075,"pvj:fallenleaves_bop_hellbark"
5076,"pvj:fallenleaves_bop_flowering"
5077,"pvj:fallenleaves_bop_jacaranda"
5078,"pvj:fallenleaves_bop_sacred_oak"
5079,"pvj:fallenleaves_bop_mangrove"
5080,"pvj:fallenleaves_bop_palm"
5081,"pvj:fallenleaves_bop_redwood"
5082,"pvj:fallenleaves_bop_willow"
5083,"pvj:fallenleaves_bop_pine"
5084,"pvj:fallenleaves_bop_mahogany"
5085,"pvj:fallenleaves_bop_ebony"
5086,"pvj:fallenleaves_bop_eucalyptus"
5087,"pvj:fallenleaves_bop_red_big_flower"
5088,"pvj:fallenleaves_bop_yellow_big_flower"
5089,"pvj:yellow_autumn_bop_twigs"
5090,"pvj:orange_autumn_bop_twigs"
5091,"pvj:bamboo_bop_twigs"
5092,"pvj:magic_bop_twigs"
5093,"pvj:umbran_bop_twigs"
5094,"pvj:dead_bop_twigs"
5095,"pvj:fir_bop_twigs"
5096,"pvj:ethereal_bop_twigs"
5097,"pvj:origin_bop_twigs"
5098,"pvj:pink_cherry_bop_twigs"
5099,"pvj:white_cherry_bop_twigs"
5100,"pvj:maple_bop_twigs"
5101,"pvj:hellbark_bop_twigs"
5102,"pvj:flowering_bop_twigs"
5103,"pvj:jacaranda_bop_twigs"
5104,"pvj:sacred_oak_bop_twigs"
5105,"pvj:mangrove_bop_twigs"
5106,"pvj:palm_bop_twigs"
5107,"pvj:redwood_bop_twigs"
5108,"pvj:willow_bop_twigs"
5109,"pvj:pine_bop_twigs"
5110,"pvj:mahogany_bop_twigs"
5111,"pvj:ebony_bop_twigs"
5112,"pvj:eucalyptus_bop_twigs"
5113,"pvj:red_big_flower_bop_twigs"
5114,"pvj:yellow_big_flower_bop_twigs"
5115,"pvj:red_autumn_traverse_twigs"
5116,"pvj:brown_autumn_traverse_twigs"
5117,"pvj:orange_autumn_traverse_twigs"
5118,"pvj:yellow_autumn_traverse_twigs"
5119,"pvj:fir_traverse_twigs"
5120,"pvj:fallenleaves_traverse_red_autumn"
5121,"pvj:fallenleaves_traverse_brown_autumn"
5122,"pvj:fallenleaves_traverse_orange_autumn"
5123,"pvj:fallenleaves_traverse_yellow_autumn"
5124,"pvj:fallenleaves_traverse_fir"
5125,"storagenetwork:master"
5126,"storagenetwork:request"
5127,"storagenetwork:inventory"
5128,"storagenetwork:kabel"
5129,"storagenetwork:storage_kabel"
5130,"storagenetwork:ex_kabel"
5131,"storagenetwork:im_kabel"
5132,"storagenetwork:process_kabel"
5133,"storagenetwork:controller"
5134,"storagenetwork:simple_kabel"
5135,"mysticalworld:thatch"
5136,"mysticalworld:thatch_slab"
5137,"mysticalworld:thatch_double_slab"
5138,"mysticalworld:thatch_stairs"
5139,"mysticalworld:thatch_wall"
5140,"mysticalworld:aubergine_crop"
5141,"mysticalworld:gall_apple_crop"
5142,"mysticalworld:charred_log"
5143,"mysticalworld:charred_planks"
5144,"mysticalworld:charred_slab"
5145,"mysticalworld:charred_double_slab"
5146,"mysticalworld:charred_stairs"
5147,"mysticalworld:charred_wall"
5148,"mysticalworld:charred_button"
5149,"mysticalworld:charred_pressure_plate"
5150,"mysticalworld:charred_fence"
5151,"mysticalworld:charred_fence_gate"
5152,"mysticalworld:mud_block"
5153,"mysticalworld:mud_brick"
5154,"mysticalworld:wet_mud_block"
5155,"mysticalworld:wet_mud_brick"
5156,"mysticalworld:mud_block_slab"
5157,"mysticalworld:mud_block_double_slab"
5158,"mysticalworld:mud_block_stairs"
5159,"mysticalworld:mud_block_wall"
5160,"mysticalworld:mud_block_button"
5161,"mysticalworld:mud_block_pressure_plate"
5162,"mysticalworld:mud_block_fence"
5163,"mysticalworld:mud_block_fence_gate"
5164,"mysticalworld:mud_brick_slab"
5165,"mysticalworld:mud_brick_double_slab"
5166,"mysticalworld:mud_brick_stairs"
5167,"mysticalworld:mud_brick_wall"
5168,"mysticalworld:mud_brick_button"
5169,"mysticalworld:mud_brick_pressure_plate"
5170,"mysticalworld:mud_brick_fence"
5171,"mysticalworld:mud_brick_fence_gate"
5172,"mysticalworld:pearl_block"
5173,"mysticalworld:pearl_slab"
5174,"mysticalworld:pearl_double_slab"
5175,"mysticalworld:pearl_stairs"
5176,"mysticalworld:pearl_wall"
5177,"mysticalworld:pearl_button"
5178,"mysticalworld:pearl_pressure_plate"
5179,"mysticalworld:pearl_fence"
5180,"mysticalworld:pearl_fence_gate"
5181,"mysticalworld:slime_eggs"
5182,"mysticalworld:copper_block"
5183,"mysticalworld:copper_ore"
5184,"mysticalworld:silver_block"
5185,"mysticalworld:silver_ore"
5186,"mysticalworld:amethyst_block"
5187,"mysticalworld:amethyst_ore"
5188,"mysticalworld:quartz_ore"
5189,"mysticalworld:granite_quartz_ore"
5190,"explorercraft:basalt_brick_stairs"
5191,"explorercraft:marble_brick_stairs"
5192,"explorercraft:slate_brick_stairs"
5193,"explorercraft:slate_tile_stairs"
5194,"explorercraft:ash_stairs"
5195,"explorercraft:bamboo_stairs"
5196,"explorercraft:cherry_stairs"
5197,"explorercraft:maple_stairs"
5198,"farlanders:endumium_ore"
5199,"farlanders:endumium_block"
5200,"lost_aether:crystal_sapling"
5201,"lost_aether:songstone"
5202,"lost_aether:gale_stone"
5203,"lost_aether:light_gale_stone"
5204,"lost_aether:locked_gale_stone"
5205,"lost_aether:locked_light_gale_stone"
5206,"lost_aether:gale_double_slab"
5207,"lost_aether:gale_slab"
5208,"lost_aether:gale_stairs"
5209,"lost_aether:gale_wall"
